mode_index,m,n,q,q2,branch_id,root_id,kind_id,source_id_0lambda_1trace,curve_id,raw_n_points,raw_K_min,raw_K_max,raw_K_span,raw_F_min,raw_F_max,raw_F_span,raw_contour_length,raw_touch_Kmin,raw_touch_Kmax,raw_touch_Fmin,raw_touch_Fmax,raw_edge_fraction,valid_n_points,valid_K_min,valid_K_max,valid_K_span,valid_F_min,valid_F_max,valid_F_span,valid_contour_length,valid_touch_Kmin,valid_touch_Kmax,valid_touch_Fmin,valid_touch_Fmax,valid_edge_fraction,complex_fraction,det_min,det_max,mean_abs_imag_lambda,min_abs_imag_lambda,rad_real_max
280,18,3,0.2871410380238234,0.082449975717398788,1,1,1,0,1,2627,0.0065140551665505333,0.062386669273050491,0.055872614106499956,0,0.10000000000000001,0.10000000000000001,0.13264067112944572,0,0,1,1,0.00076132470498667686,892,0.030420280186791195,0.059437614669421615,0.029017334482630421,0.006224492653753539,0.039026017344896594,0.032801524691143058,0.045771382634200664,0,0,0,0,0,0.34183479253901788,-1.9815830114854052e-05,0.00016555921660708282,0.0026976256171084407,0,0.0042968369739355573
280,18,3,0.2871410380238234,0.082449975717398788,1,1,3,1,1,2594,0.019588225070963465,0.077854559507672075,0.05826633443670861,0,0.10000000000000001,0.10000000000000001,0.12243274831088738,0,0,1,1,0.00077101002313030066,647,0.036397598398932619,0.055344417920896095,0.018946819521963476,0.0090468963348044849,0.028418945963975983,0.019372049629171498,0.027382854002169846,0,0,0,0,0,0.7659984579799537,-0.0086746893315974155,0.00016555921660708282,0.034039811988284506,0,0.028070482542106784
280,18,3,0.2871410380238234,0.082449975717398788,1,-1,1,0,1,1165,0.037484732151138803,0.054599247713742811,0.017114515562604009,0.0097344513336084758,0.027138372243328615,0.017403920909720139,0.050010520624042945,0,0,0,0,0,970,0.037484732151138803,0.054599247713742811,0.017114515562604009,0.0097344513336084758,0.027138372243328615,0.017403920909720139,0.049731146752916677,0,0,0,0,0,0.83261802575107291,-4.4697040003958082e-06,0.00016555921660708282,0.0060034555801605893,0,2.5860923637285131e-05
280,18,3,0.2871410380238234,0.082449975717398788,1,-1,1,0,2,11,0.054604246307572442,0.054705524014710488,0.00010127770713804635,0.027146886357564893,0.027315837192311586,0.00016895083474669295,0.00042594847738544616,0,0,0,0,0,11,0.054604246307572442,0.054705524014710488,0.00010127770713804635,0.027146886357564893,0.027315837192311586,0.00016895083474669295,0.00042594847738544616,0,0,0,0,0,1,3.4457639237366245e-06,4.3939661881096739e-05,0.0047513841539551134,0.0018399881739853434,-1.3542225921623672e-05
280,18,3,0.2871410380238234,0.082449975717398788,1,-1,3,1,1,2594,0.019588225070963465,0.077854559507672075,0.05826633443670861,0,0.10000000000000001,0.10000000000000001,0.12243274831088738,0,0,1,1,0.00077101002313030066,647,0.036397598398932619,0.055344417920896095,0.018946819521963476,0.0090468963348044849,0.028418945963975983,0.019372049629171498,0.027382854002169846,0,0,0,0,0,0.7659984579799537,-0.0086746893315974155,0.00016555921660708282,0.01313669214679122,0,0.028070482542106784
280,18,3,0.2871410380238234,0.082449975717398788,-1,1,1,0,1,224,0,0.0065959980573919033,0.0065959980573919033,0,0.0066256820427704937,0.0066256820427704937,0.0093886168746117812,1,0,1,0,0.0089285714285714281,0,nan,nan,nan,nan,nan,nan,0,0,0,0,0,nan,0.017857142857142856,-1.5630940015107838e-07,1.0194588277622542e-06,1.1077214390105519e-06,0,0.00039332755290894721
280,18,3,0.2871410380238234,0.082449975717398788,-1,1,3,1,1,3676,0.019588225070963465,0.077854559507672075,0.05826633443670861,0,0.10000000000000001,0.10000000000000001,0.18706251052509282,0,0,1,1,0.00054406964091403701,0,nan,nan,nan,nan,nan,nan,0,0,0,0,0,nan,0.3601741022850925,-0.0086746893315974155,-0.00017402876149247103,0.02226092603073036,0,0.028070482542106784
280,18,3,0.2871410380238234,0.082449975717398788,-1,-1,3,1,1,3676,0.019588225070963465,0.077854559507672075,0.05826633443670861,0,0.10000000000000001,0.10000000000000001,0.18706251052509282,0,0,1,1,0.00054406964091403701,0,nan,nan,nan,nan,nan,nan,0,0,0,0,0,nan,0.3601741022850925,-0.0086746893315974155,-0.00017402876149247103,0.0075130212614441475,0,0.028070482542106784
281,9,16,0.28916564249902038,0.083616768801871258,1,1,1,0,1,2627,0.0066060020403695581,0.062384484585192052,0.055778482544822497,0,0.10000000000000001,0.10000000000000001,0.13255007508843109,0,0,1,1,0.00076132470498667686,873,0.031380920613742494,0.059220698757656898,0.027839778143914404,0.0066364586440985328,0.038292194796531016,0.031655736152432487,0.044028337153198788,0,0,0,0,0,0.33498287019413781,-1.9497913357655844e-05,0.00014291258259349214,0.0023851215680730908,0,0.004340700497248124
281,9,16,0.28916564249902038,0.083616768801871258,1,1,3,1,1,2592,0.019862857877940412,0.077955436901063796,0.058092579023123384,0,0.10000000000000001,0.10000000000000001,0.122268312270429,0,0,1,1,0.0007716049382716049,601,0.03725443025862471,0.054877627543298321,0.017623197284673611,0.0095396931287525018,0.02755170113408939,0.018012008005336887,0.025429551414593216,0,0,0,0,0,0.75424382716049387,-0.0087293175899485504,0.00014291258259349214,0.033922391984172892,0,0.028268221817692771
281,9,16,0.28916564249902038,0.083616768801871258,1,-1,1,0,1,1055,0.038266952604237597,0.053860365987293012,0.015593413383055414,0.010203291969645999,0.025881929907202714,0.015678637937556715,0.045262107555079402,0,0,0,0,0,921,0.038266952604237597,0.053860365987293012,0.015593413383055414,0.010203291969645999,0.025881929907202714,0.015678637937556715,0.045010652591372408,0,0,0,0,0,0.87298578199052135,-3.9662685719642649e-06,0.00014291258259349214,0.0057864554779163456,0,2.1888059981496005e-05
281,9,16,0.28916564249902038,0.083616768801871258,1,-1,1,0,2,15,0.053850509273850718,0.054013578186367206,0.00016306891251648831,0.025867324029948655,0.026132402275016158,0.00026507824506750294,0.00065237962672700202,0,0,0,0,0,15,0.053850509273850718,0.054013578186367206,0.00016306891251648831,0.025867324029948655,0.026132402275016158,0.00026507824506750294,0.00065237962672700202,0,0,0,0,0,1,4.0651501751321183e-06,5.1678812819585485e-05,0.005157239901026409,0.0019953084421936739,-1.5925023117957385e-05
281,9,16,0.28916564249902038,0.083616768801871258,1,-1,1,0,3,11,0.05406331412902695,0.054171952733456888,0.00010863860442993784,0.026213313995022507,0.026386169336080696,0.00017285534105818817,0.00044457837335990641,0,0,0,0,0,11,0.05406331412902695,0.054171952733456888,0.00010863860442993784,0.026213313995022507,0.026386169336080696,0.00017285534105818817,0.00044457837335990641,0,0,0,0,0,1,1.4952266431113949e-06,4.2640949739164725e-05,0.0044325849672497497,0.0011955904783856745,-5.7177463680259429e-06
281,9,16,0.28916564249902038,0.083616768801871258,1,-1,3,1,1,2592,0.019862857877940412,0.077955436901063796,0.058092579023123384,0,0.10000000000000001,0.10000000000000001,0.122268312270429,0,0,1,1,0.0007716049382716049,601,0.03725443025862471,0.054877627543298321,0.017623197284673611,0.0095396931287525018,0.02755170113408939,0.018012008005336887,0.025429551414593216,0,0,0,0,0,0.75424382716049387,-0.0087293175899485504,0.00014291258259349214,0.012854839953046385,0,0.028268221817692771
281,9,16,0.28916564249902038,0.083616768801871258,-1,1,1,0,1,227,0,0.0066893415041497008,0.0066893415041497008,0,0.0067198816267511289,0.0067198816267511289,0.0095252502014164693,1,0,1,0,0.0088105726872246704,0,nan,nan,nan,nan,nan,nan,0,0,0,0,0,nan,0.017621145374449341,-1.1053926346090944e-07,0,1.0691046900935501e-06,0,0.00040456496468753021
281,9,16,0.28916564249902038,0.083616768801871258,-1,1,3,1,1,3682,0.019862857877940412,0.077955436901063796,0.058092579023123384,0,0.10000000000000001,0.10000000000000001,0.18703859298971226,0,0,1,1,0.00054318305268875606,0,nan,nan,nan,nan,nan,nan,0,0,0,0,0,nan,0.36447582835415537,-0.0087293175899485504,-0.0001789891590365591,0.022358086486812392,0,0.028268221817692771
281,9,16,0.28916564249902038,0.083616768801871258,-1,-1,3,1,1,3682,0.019862857877940412,0.077955436901063796,0.058092579023123384,0,0.10000000000000001,0.10000000000000001,0.18703859298971226,0,0,1,1,0.00054318305268875606,0,nan,nan,nan,nan,nan,nan,0,0,0,0,0,nan,0.36447582835415537,-0.0087293175899485504,-0.0001789891590365591,0.0075300893920263526,0,0.028268221817692771
282,16,9,0.28916564249902038,0.083616768801871258,1,1,1,0,1,2627,0.0066060020403695581,0.062384484585192052,0.055778482544822497,0,0.10000000000000001,0.10000000000000001,0.13255007508843109,0,0,1,1,0.00076132470498667686,873,0.031380920613742494,0.059220698757656898,0.027839778143914404,0.0066364586440985328,0.038292194796531016,0.031655736152432487,0.044028337153198788,0,0,0,0,0,0.33498287019413781,-1.9497913357655844e-05,0.00014291258259349214,0.0023851215680730908,0,0.004340700497248124
282,16,9,0.28916564249902038,0.083616768801871258,1,1,3,1,1,2592,0.019862857877940412,0.077955436901063796,0.058092579023123384,0,0.10000000000000001,0.10000000000000001,0.122268312270429,0,0,1,1,0.0007716049382716049,601,0.03725443025862471,0.054877627543298321,0.017623197284673611,0.0095396931287525018,0.02755170113408939,0.018012008005336887,0.025429551414593216,0,0,0,0,0,0.75424382716049387,-0.0087293175899485504,0.00014291258259349214,0.033922391984172892,0,0.028268221817692771
282,16,9,0.28916564249902038,0.083616768801871258,1,-1,1,0,1,1055,0.038266952604237597,0.053860365987293012,0.015593413383055414,0.010203291969645999,0.025881929907202714,0.015678637937556715,0.045262107555079402,0,0,0,0,0,921,0.038266952604237597,0.053860365987293012,0.015593413383055414,0.010203291969645999,0.025881929907202714,0.015678637937556715,0.045010652591372408,0,0,0,0,0,0.87298578199052135,-3.9662685719642649e-06,0.00014291258259349214,0.0057864554779163456,0,2.1888059981496005e-05
282,16,9,0.28916564249902038,0.083616768801871258,1,-1,1,0,2,15,0.053850509273850718,0.054013578186367206,0.00016306891251648831,0.025867324029948655,0.026132402275016158,0.00026507824506750294,0.00065237962672700202,0,0,0,0,0,15,0.053850509273850718,0.054013578186367206,0.00016306891251648831,0.025867324029948655,0.026132402275016158,0.00026507824506750294,0.00065237962672700202,0,0,0,0,0,1,4.0651501751321183e-06,5.1678812819585485e-05,0.005157239901026409,0.0019953084421936739,-1.5925023117957385e-05
282,16,9,0.28916564249902038,0.083616768801871258,1,-1,1,0,3,11,0.05406331412902695,0.054171952733456888,0.00010863860442993784,0.026213313995022507,0.026386169336080696,0.00017285534105818817,0.00044457837335990641,0,0,0,0,0,11,0.05406331412902695,0.054171952733456888,0.00010863860442993784,0.026213313995022507,0.026386169336080696,0.00017285534105818817,0.00044457837335990641,0,0,0,0,0,1,1.4952266431113949e-06,4.2640949739164725e-05,0.0044325849672497497,0.0011955904783856745,-5.7177463680259429e-06
282,16,9,0.28916564249902038,0.083616768801871258,1,-1,3,1,1,2592,0.019862857877940412,0.077955436901063796,0.058092579023123384,0,0.10000000000000001,0.10000000000000001,0.122268312270429,0,0,1,1,0.0007716049382716049,601,0.03725443025862471,0.054877627543298321,0.017623197284673611,0.0095396931287525018,0.02755170113408939,0.018012008005336887,0.025429551414593216,0,0,0,0,0,0.75424382716049387,-0.0087293175899485504,0.00014291258259349214,0.012854839953046385,0,0.028268221817692771
282,16,9,0.28916564249902038,0.083616768801871258,-1,1,1,0,1,227,0,0.0066893415041497008,0.0066893415041497008,0,0.0067198816267511289,0.0067198816267511289,0.0095252502014164693,1,0,1,0,0.0088105726872246704,0,nan,nan,nan,nan,nan,nan,0,0,0,0,0,nan,0.017621145374449341,-1.1053926346090944e-07,0,1.0691046900935501e-06,0,0.00040456496468753021
282,16,9,0.28916564249902038,0.083616768801871258,-1,1,3,1,1,3682,0.019862857877940412,0.077955436901063796,0.058092579023123384,0,0.10000000000000001,0.10000000000000001,0.18703859298971226,0,0,1,1,0.00054318305268875606,0,nan,nan,nan,nan,nan,nan,0,0,0,0,0,nan,0.36447582835415537,-0.0087293175899485504,-0.0001789891590365591,0.022358086486812392,0,0.028268221817692771
282,16,9,0.28916564249902038,0.083616768801871258,-1,-1,3,1,1,3682,0.019862857877940412,0.077955436901063796,0.058092579023123384,0,0.10000000000000001,0.10000000000000001,0.18703859298971226,0,0,1,1,0.00054318305268875606,0,nan,nan,nan,nan,nan,nan,0,0,0,0,0,nan,0.36447582835415537,-0.0087293175899485504,-0.0001789891590365591,0.0075300893920263526,0,0.028268221817692771
283,7,17,0.28947319914458575,0.083794733023000986,1,1,1,0,1,2625,0.0066200301672236376,0.062384137346980589,0.055764107179756953,0,0.10000000000000002,0.10000000000000002,0.13254111078465144,0,0,1,1,0.00076190476190476193,867,0.031647765176784512,0.059219952291498748,0.027572187114714236,0.0067548288452319175,0.038292194796531016,0.0315373659512991,0.043739133245420461,0,0,0,0,0,0.3321904761904762,-1.9415836972764048e-05,0.00013946647925496263,0.0023454352319500888,0,0.0043474244899697062
283,7,17,0.28947319914458575,0.083794733023000986,1,1,3,1,1,2592,0.019904764346486144,0.077970829713370632,0.058066065366884488,0,0.10000000000000001,0.10000000000000001,0.12224581646187392,0,0,1,1,0.0007716049382716049,594,0.037411607738492329,0.054809873248832554,0.017398265510340225,0.0096336941679310145,0.027427994466776295,0.017794300298845281,0.025108288117058876,0,0,0,0,0,0.75154320987654322,-0.008737653658271274,0.00013946647925496263,0.033887076971277602,0,0.028298404982138457
283,7,17,0.28947319914458575,0.083794733023000986,1,-1,1,0,1,1049,0.038377473553898034,0.053855250798414356,0.015477777244516322,0.010270138513367914,0.025873022747686977,0.015602884234319063,0.045007603321307613,0,0,0,0,0,907,0.038377473553898034,0.053855250798414356,0.015477777244516322,0.010270138513367914,0.025873022747686977,0.015602884234319063,0.044743890930268468,0,0,0,0,0,0.86463298379408959,-3.6343659346372735e-06,0.00013946647925496263,0.0057148967785864997,0,1.9976603502401722e-05
283,7,17,0.28947319914458575,0.083794733023000986,1,-1,1,0,2,15,0.053856214857420988,0.054012226122001836,0.00015601126458084785,0.02587447891737419,0.0261234856307219,0.0002490067133477103,0.00061855178705165536,0,0,0,0,0,15,0.053856214857420988,0.054012226122001836,0.00015601126458084785,0.02587447891737419,0.0261234856307219,0.0002490067133477103,0.00061855178705165536,0,0,0,0,0,1,3.1824335283759699e-06,4.7446213779204008e-05,0.004983544627634613,0.0017638163664679143,-1.2444192698480302e-05
283,7,17,0.28947319914458575,0.083794733023000986,1,-1,1,0,3,11,0.05406889680816019,0.054171695171681432,0.00010279836352124205,0.026213919794068119,0.026377250982762331,0.00016333118869421223,0.00041886079581811883,0,0,0,0,0,11,0.05406889680816019,0.054171695171681432,0.00010279836352124205,0.026213919794068119,0.026377250982762331,0.00016333118869421223,0.00041886079581811883,0,0,0,0,0,1,5.9326672762426667e-07,3.8373441959790562e-05,0.0041538029066235391,0.00073379140008283852,-2.1537992753421298e-06
283,7,17,0.28947319914458575,0.083794733023000986,1,-1,3,1,1,2592,0.019904764346486144,0.077970829713370632,0.058066065366884488,0,0.10000000000000001,0.10000000000000001,0.12224581646187392,0,0,1,1,0.0007716049382716049,594,0.037411607738492329,0.054809873248832554,0.017398265510340225,0.0096336941679310145,0.027427994466776295,0.017794300298845281,0.025108288117058876,0,0,0,0,0,0.75154320987654322,-0.008737653658271274,0.00013946647925496263,0.01280671252745816,0,0.028298404982138457
283,7,17,0.28947319914458575,0.083794733023000986,-1,1,1,0,1,227,0,0.0067035786418400793,0.0067035786418400793,0,0.0067342498016216504,0.0067342498016216504,0.0095465881205138714,1,0,1,0,0.0088105726872246704,0,nan,nan,nan,nan,nan,nan,0,0,0,0,0,nan,0.013215859030837005,-1.5429606159345283e-07,0,8.8118733997676859e-07,0,0.00040629286832664051
283,7,17,0.28947319914458575,0.083794733023000986,-1,1,3,1,1,3678,0.019904764346486144,0.077970829713370632,0.058066065366884488,0,0.10000000000000001,0.10000000000000001,0.18687497262262087,0,0,1,1,0.00054377379010331697,0,nan,nan,nan,nan,nan,nan,0,0,0,0,0,nan,0.36378466557911909,-0.008737653658271274,-0.00017975186642933786,0.02239097025246219,0,0.028298404982138457
283,7,17,0.28947319914458575,0.083794733023000986,-1,-1,3,1,1,3678,0.019904764346486144,0.077970829713370632,0.058066065366884488,0,0.10000000000000001,0.10000000000000001,0.18687497262262087,0,0,1,1,0.00054377379010331697,0,nan,nan,nan,nan,nan,nan,0,0,0,0,0,nan,0.36378466557911909,-0.008737653658271274,-0.00017975186642933786,0.0075388482243455837,0,0.028298404982138457
284,17,7,0.28947319914458575,0.083794733023000986,1,1,1,0,1,2625,0.0066200301672236376,0.062384137346980589,0.055764107179756953,0,0.10000000000000002,0.10000000000000002,0.13254111078465144,0,0,1,1,0.00076190476190476193,867,0.031647765176784512,0.059219952291498748,0.027572187114714236,0.0067548288452319175,0.038292194796531016,0.0315373659512991,0.043739133245420461,0,0,0,0,0,0.3321904761904762,-1.9415836972764048e-05,0.00013946647925496263,0.0023454352319500888,0,0.0043474244899697062
284,17,7,0.28947319914458575,0.083794733023000986,1,1,3,1,1,2592,0.019904764346486144,0.077970829713370632,0.058066065366884488,0,0.10000000000000001,0.10000000000000001,0.12224581646187392,0,0,1,1,0.0007716049382716049,594,0.037411607738492329,0.054809873248832554,0.017398265510340225,0.0096336941679310145,0.027427994466776295,0.017794300298845281,0.025108288117058876,0,0,0,0,0,0.75154320987654322,-0.008737653658271274,0.00013946647925496263,0.033887076971277602,0,0.028298404982138457
284,17,7,0.28947319914458575,0.083794733023000986,1,-1,1,0,1,1049,0.038377473553898034,0.053855250798414356,0.015477777244516322,0.010270138513367914,0.025873022747686977,0.015602884234319063,0.045007603321307613,0,0,0,0,0,907,0.038377473553898034,0.053855250798414356,0.015477777244516322,0.010270138513367914,0.025873022747686977,0.015602884234319063,0.044743890930268468,0,0,0,0,0,0.86463298379408959,-3.6343659346372735e-06,0.00013946647925496263,0.0057148967785864997,0,1.9976603502401722e-05
284,17,7,0.28947319914458575,0.083794733023000986,1,-1,1,0,2,15,0.053856214857420988,0.054012226122001836,0.00015601126458084785,0.02587447891737419,0.0261234856307219,0.0002490067133477103,0.00061855178705165536,0,0,0,0,0,15,0.053856214857420988,0.054012226122001836,0.00015601126458084785,0.02587447891737419,0.0261234856307219,0.0002490067133477103,0.00061855178705165536,0,0,0,0,0,1,3.1824335283759699e-06,4.7446213779204008e-05,0.004983544627634613,0.0017638163664679143,-1.2444192698480302e-05
284,17,7,0.28947319914458575,0.083794733023000986,1,-1,1,0,3,11,0.05406889680816019,0.054171695171681432,0.00010279836352124205,0.026213919794068119,0.026377250982762331,0.00016333118869421223,0.00041886079581811883,0,0,0,0,0,11,0.05406889680816019,0.054171695171681432,0.00010279836352124205,0.026213919794068119,0.026377250982762331,0.00016333118869421223,0.00041886079581811883,0,0,0,0,0,1,5.9326672762426667e-07,3.8373441959790562e-05,0.0041538029066235391,0.00073379140008283852,-2.1537992753421298e-06
284,17,7,0.28947319914458575,0.083794733023000986,1,-1,3,1,1,2592,0.019904764346486144,0.077970829713370632,0.058066065366884488,0,0.10000000000000001,0.10000000000000001,0.12224581646187392,0,0,1,1,0.0007716049382716049,594,0.037411607738492329,0.054809873248832554,0.017398265510340225,0.0096336941679310145,0.027427994466776295,0.017794300298845281,0.025108288117058876,0,0,0,0,0,0.75154320987654322,-0.008737653658271274,0.00013946647925496263,0.01280671252745816,0,0.028298404982138457
284,17,7,0.28947319914458575,0.083794733023000986,-1,1,1,0,1,227,0,0.0067035786418400793,0.0067035786418400793,0,0.0067342498016216504,0.0067342498016216504,0.0095465881205138714,1,0,1,0,0.0088105726872246704,0,nan,nan,nan,nan,nan,nan,0,0,0,0,0,nan,0.013215859030837005,-1.5429606159345283e-07,0,8.8118733997676859e-07,0,0.00040629286832664051
284,17,7,0.28947319914458575,0.083794733023000986,-1,1,3,1,1,3678,0.019904764346486144,0.077970829713370632,0.058066065366884488,0,0.10000000000000001,0.10000000000000001,0.18687497262262087,0,0,1,1,0.00054377379010331697,0,nan,nan,nan,nan,nan,nan,0,0,0,0,0,nan,0.36378466557911909,-0.008737653658271274,-0.00017975186642933786,0.02239097025246219,0,0.028298404982138457
284,17,7,0.28947319914458575,0.083794733023000986,-1,-1,3,1,1,3678,0.019904764346486144,0.077970829713370632,0.058066065366884488,0,0.10000000000000001,0.10000000000000001,0.18687497262262087,0,0,1,1,0.00054377379010331697,0,nan,nan,nan,nan,nan,nan,0,0,0,0,0,nan,0.36378466557911909,-0.008737653658271274,-0.00017975186642933786,0.0075388482243455837,0,0.028298404982138457
285,13,13,0.28972949274994758,0.083943178969141927,1,1,1,0,1,2625,0.0066317341767780334,0.062383845272347645,0.055752111095569615,0,0.10000000000000001,0.10000000000000001,0.13254498106506152,0,0,1,1,0.00076190476190476193,865,0.031487658438959308,0.059059464202363271,0.027571805763403963,0.0066855811714947987,0.037758505670446967,0.031072924498952166,0.043376347089270462,0,0,0,0,0,0.33180952380952383,-1.9414626450559315e-05,0.00013659205692337253,0.0023044212798629363,0,0.0043530399630813989
285,13,13,0.28972949274994758,0.083943178969141927,1,1,3,1,1,2592,0.019939724844260681,0.077983676102345439,0.058043951258084758,0,0.10000000000000001,0.10000000000000001,0.12222432115099308,0,0,1,1,0.0007716049382716049,589,0.037518345563709136,0.054768750463855598,0.017250404900146461,0.0096966721883618712,0.02735156771180787,0.017654895523445999,0.024900022955461218,0,0,0,0,0,0.75077160493827155,-0.0087446099180117972,0.00013659205692337253,0.033899897103981926,0,0.028323593621929866
285,13,13,0.28972949274994758,0.083943178969141927,1,-1,1,0,1,1043,0.038485596484102623,0.053853448097023089,0.015367851612920466,0.010336904452236444,0.025865592986168907,0.015528688533932463,0.044742069179967578,0,0,0,0,0,906,0.038485596484102623,0.053853448097023089,0.015367851612920466,0.010336904452236444,0.025865592986168907,0.015528688533932463,0.044465020369219108,0,0,0,0,0,0.86864813039309685,-3.7815815357732004e-06,0.00013659205692337253,0.0056647707776394532,0,2.055726673017879e-05
285,13,13,0.28972949274994758,0.083943178969141927,1,-1,1,0,2,11,0.053903884488339063,0.054011834494907519,0.0001079500065684566,0.025946480348071354,0.02611604795763087,0.00016956760955951639,0.00043748937027732752,0,0,0,0,0,11,0.053903884488339063,0.054011834494907519,0.0001079500065684566,0.025946480348071354,0.02611604795763087,0.00016956760955951639,0.00043748937027732752,0,0,0,0,0,1,2.4412973526327094e-06,4.2068605370978109e-05,0.0045005636936253082,0.0015425810153095766,-9.5182247551740982e-06
285,13,13,0.28972949274994758,0.083943178969141927,1,-1,1,0,3,11,0.054073553508707503,0.054171487667055519,9.7934158348016165e-05,0.026214381328759324,0.026369811884116776,0.00015543055535745254,0.00039745860617082664,0,0,0,0,0,9,0.054073553508707503,0.054170365703246411,9.6812194538907492e-05,0.026214381328759324,0.026369811884116776,0.00015543055535745254,0.0003885478042753792,0,0,0,0,0,0.81818181818181823,-1.6285715133389515e-07,3.4805755508591631e-05,0.0038343983621644683,0,8.3719490564276073e-07
285,13,13,0.28972949274994758,0.083943178969141927,1,-1,3,1,1,2592,0.019939724844260681,0.077983676102345439,0.058043951258084758,0,0.10000000000000001,0.10000000000000001,0.12222432115099308,0,0,1,1,0.0007716049382716049,589,0.037518345563709136,0.054768750463855598,0.017250404900146461,0.0096966721883618712,0.02735156771180787,0.017654895523445999,0.024900022955461218,0,0,0,0,0,0.75077160493827155,-0.0087446099180117972,0.00013659205692337253,0.012777547311524556,0,0.028323593621929866
285,13,13,0.28972949274994758,0.083943178969141927,-1,1,1,0,1,228,0,0.0067154543175313545,0.0067154543175313545,0,0.0067462358143328743,0.0067462358143328743,0.0095646937898337531,1,0,1,0,0.008771929824561403,0,nan,nan,nan,nan,nan,nan,0,0,0,0,0,nan,0.013157894736842105,-1.6231621337688346e-07,-1.3552527156068805e-20,9.2134024994155501e-07,0,0.0004077370663391491
285,13,13,0.28972949274994758,0.083943178969141927,-1,1,3,1,1,3676,0.019939724844260681,0.077983676102345439,0.058043951258084758,0,0.10000000000000001,0.10000000000000001,0.18673982208924306,0,0,1,1,0.00054406964091403701,0,nan,nan,nan,nan,nan,nan,0,0,0,0,0,nan,0.36398258977149073,-0.0087446099180117972,-0.00018038930676340199,0.022440322195894064,0,0.028323593621929866
285,13,13,0.28972949274994758,0.083943178969141927,-1,-1,3,1,1,3676,0.019939724844260681,0.077983676102345439,0.058043951258084758,0,0.10000000000000001,0.10000000000000001,0.18673982208924306,0,0,1,1,0.00054406964091403701,0,nan,nan,nan,nan,nan,nan,0,0,0,0,0,nan,0.36398258977149073,-0.0087446099180117972,-0.00018038930676340199,0.0075511984067258425,0,0.028323593621929866
286,4,18,0.29016142580174104,0.084193653023299272,1,1,1,0,1,2626,0.006651483057796977,0.062383347700059925,0.05573186464226295,0,0.10000000000000001,0.10000000000000001,0.1325389127621619,0,0,1,1,0.00076161462300076163,861,0.031487658438959308,0.059058469015506661,0.027570810576547353,0.0066888891968390849,0.037758505670446967,0.031069616473607883,0.043387980987099131,0,0,0,0,0,0.33054074638233055,-1.8568738695913848e-05,0.00013174529001095737,0.0022335659718756688,0,0.0043625288931448064
286,4,18,0.29016142580174104,0.084193653023299272,1,1,3,1,1,2591,0.019998720112230448,0.078005353037325226,0.058006632925094781,0,0.10000000000000001,0.10000000000000001,0.12218833140015765,0,0,1,1,0.00077190274025472794,578,0.037731821214142758,0.054656592748484903,0.016924771534342145,0.0098255364160582479,0.027151434289526349,0.017325897873468103,0.024425268302011457,0,0,0,0,0,0.74835970667695872,-0.0087563482929347066,0.00013174529001095737,0.033863358851099416,0,0.028366102121982449
286,4,18,0.29016142580174104,0.084193653023299272,1,-1,1,0,1,1017,0.038697452792413121,0.053693196403707247,0.014995743611294125,0.010470305520125052,0.025605802559005776,0.015135497038880725,0.043602983571267656,0,0,0,0,0,895,0.038697452792413121,0.053693196403707247,0.014995743611294125,0.010470305520125052,0.025605802559005776,0.015135497038880725,0.043333176515030797,0,0,0,0,0,0.88003933136676504,-3.6967504370148023e-06,0.00013174529001095737,0.0056004351832507713,0,1.9387033794917652e-05
286,4,18,0.29016142580174104,0.084193653023299272,1,-1,1,0,2,15,0.053696443328682945,0.053851850507092403,0.00015540717840945711,0.025610701252392027,0.025853056689036983,0.00024235543664495596,0.00060801816669927905,0,0,0,0,0,15,0.053696443328682945,0.053851850507092403,0.00015540717840945711,0.025610701252392027,0.025853056689036983,0.00024235543664495596,0.00060801816669927905,0,0,0,0,0,1,2.3217059171124236e-06,4.4891008398935113e-05,0.0048032869595283191,0.0015016626394007649,-9.0199627302882861e-06
286,4,18,0.29016142580174104,0.084193653023299272,1,-1,1,0,3,11,0.053911841818989212,0.05401146409742285,9.9622278433637856e-05,0.025947336631824167,0.026103498311237434,0.00015616167941326711,0.00040113060698892508,0,0,0,0,0,11,0.053911841818989212,0.05401146409742285,9.9622278433637856e-05,0.025947336631824167,0.026103498311237434,0.00015616167941326711,0.00040113060698892508,0,0,0,0,0,1,1.1818288591143198e-06,3.6093762669180043e-05,0.0041350819523032108,0.0010652441101852634,-4.5389800571375743e-06
286,4,18,0.29016142580174104,0.084193653023299272,1,-1,3,1,1,2591,0.019998720112230448,0.078005353037325226,0.058006632925094781,0,0.10000000000000001,0.10000000000000001,0.12218833140015765,0,0,1,1,0.00077190274025472794,578,0.037731821214142758,0.054656592748484903,0.016924771534342145,0.0098255364160582479,0.027151434289526349,0.017325897873468103,0.024425268302011457,0,0,0,0,0,0.74835970667695872,-0.0087563482929347066,0.00013174529001095737,0.012714611402533636,0,0.028366102121982449
286,4,18,0.29016142580174104,0.084193653023299272,-1,1,1,0,1,229,0,0.0067354922418639412,0.0067354922418639412,0,0.0067664605233029983,0.0067664605233029983,0.009595465390761072,1,0,1,0,0.0087336244541484712,0,nan,nan,nan,nan,nan,nan,0,0,0,0,0,nan,0.017467248908296942,-1.1731823943808323e-07,1.3552527156068805e-20,1.013550768964516e-06,0,0.00041017972253295625
286,4,18,0.29016142580174104,0.084193653023299272,-1,1,3,1,1,3671,0.019998720112230448,0.078005353037325226,0.058006632925094781,0,0.10000000000000001,0.10000000000000001,0.18651632364045953,0,0,1,1,0.00054481067828929448,0,nan,nan,nan,nan,nan,nan,0,0,0,0,0,nan,0.36502315445382727,-0.0087563482929347066,-0.00018146742296083735,0.022486659232064936,0,0.028366102121982449
286,4,18,0.29016142580174104,0.084193653023299272,-1,-1,3,1,1,3671,0.019998720112230448,0.078005353037325226,0.058006632925094781,0,0.10000000000000001,0.10000000000000001,0.18651632364045953,0,0,1,1,0.00054481067828929448,0,nan,nan,nan,nan,nan,nan,0,0,0,0,0,nan,0.36502315445382727,-0.0087563482929347066,-0.00018146742296083735,0.0075644388199966406,0,0.028366102121982449
287,18,4,0.29016142580174104,0.084193653023299272,1,1,1,0,1,2626,0.006651483057796977,0.062383347700059925,0.05573186464226295,0,0.10000000000000001,0.10000000000000001,0.1325389127621619,0,0,1,1,0.00076161462300076163,861,0.031487658438959308,0.059058469015506661,0.027570810576547353,0.0066888891968390849,0.037758505670446967,0.031069616473607883,0.043387980987099131,0,0,0,0,0,0.33054074638233055,-1.8568738695913848e-05,0.00013174529001095737,0.0022335659718756688,0,0.0043625288931448064
287,18,4,0.29016142580174104,0.084193653023299272,1,1,3,1,1,2591,0.019998720112230448,0.078005353037325226,0.058006632925094781,0,0.10000000000000001,0.10000000000000001,0.12218833140015765,0,0,1,1,0.00077190274025472794,578,0.037731821214142758,0.054656592748484903,0.016924771534342145,0.0098255364160582479,0.027151434289526349,0.017325897873468103,0.024425268302011457,0,0,0,0,0,0.74835970667695872,-0.0087563482929347066,0.00013174529001095737,0.033863358851099416,0,0.028366102121982449
287,18,4,0.29016142580174104,0.084193653023299272,1,-1,1,0,1,1017,0.038697452792413121,0.053693196403707247,0.014995743611294125,0.010470305520125052,0.025605802559005776,0.015135497038880725,0.043602983571267656,0,0,0,0,0,895,0.038697452792413121,0.053693196403707247,0.014995743611294125,0.010470305520125052,0.025605802559005776,0.015135497038880725,0.043333176515030797,0,0,0,0,0,0.88003933136676504,-3.6967504370148023e-06,0.00013174529001095737,0.0056004351832507713,0,1.9387033794917652e-05
287,18,4,0.29016142580174104,0.084193653023299272,1,-1,1,0,2,15,0.053696443328682945,0.053851850507092403,0.00015540717840945711,0.025610701252392027,0.025853056689036983,0.00024235543664495596,0.00060801816669927905,0,0,0,0,0,15,0.053696443328682945,0.053851850507092403,0.00015540717840945711,0.025610701252392027,0.025853056689036983,0.00024235543664495596,0.00060801816669927905,0,0,0,0,0,1,2.3217059171124236e-06,4.4891008398935113e-05,0.0048032869595283191,0.0015016626394007649,-9.0199627302882861e-06
287,18,4,0.29016142580174104,0.084193653023299272,1,-1,1,0,3,11,0.053911841818989212,0.05401146409742285,9.9622278433637856e-05,0.025947336631824167,0.026103498311237434,0.00015616167941326711,0.00040113060698892508,0,0,0,0,0,11,0.053911841818989212,0.05401146409742285,9.9622278433637856e-05,0.025947336631824167,0.026103498311237434,0.00015616167941326711,0.00040113060698892508,0,0,0,0,0,1,1.1818288591143198e-06,3.6093762669180043e-05,0.0041350819523032108,0.0010652441101852634,-4.5389800571375743e-06
287,18,4,0.29016142580174104,0.084193653023299272,1,-1,3,1,1,2591,0.019998720112230448,0.078005353037325226,0.058006632925094781,0,0.10000000000000001,0.10000000000000001,0.12218833140015765,0,0,1,1,0.00077190274025472794,578,0.037731821214142758,0.054656592748484903,0.016924771534342145,0.0098255364160582479,0.027151434289526349,0.017325897873468103,0.024425268302011457,0,0,0,0,0,0.74835970667695872,-0.0087563482929347066,0.00013174529001095737,0.012714611402533636,0,0.028366102121982449
287,18,4,0.29016142580174104,0.084193653023299272,-1,1,1,0,1,229,0,0.0067354922418639412,0.0067354922418639412,0,0.0067664605233029983,0.0067664605233029983,0.009595465390761072,1,0,1,0,0.0087336244541484712,0,nan,nan,nan,nan,nan,nan,0,0,0,0,0,nan,0.017467248908296942,-1.1731823943808323e-07,1.3552527156068805e-20,1.013550768964516e-06,0,0.00041017972253295625
287,18,4,0.29016142580174104,0.084193653023299272,-1,1,3,1,1,3671,0.019998720112230448,0.078005353037325226,0.058006632925094781,0,0.10000000000000001,0.10000000000000001,0.18651632364045953,0,0,1,1,0.00054481067828929448,0,nan,nan,nan,nan,nan,nan,0,0,0,0,0,nan,0.36502315445382727,-0.0087563482929347066,-0.00018146742296083735,0.022486659232064936,0,0.028366102121982449
287,18,4,0.29016142580174104,0.084193653023299272,-1,-1,3,1,1,3671,0.019998720112230448,0.078005353037325226,0.058006632925094781,0,0.10000000000000001,0.10000000000000001,0.18651632364045953,0,0,1,1,0.00054481067828929448,0,nan,nan,nan,nan,nan,nan,0,0,0,0,0,nan,0.36502315445382727,-0.0087563482929347066,-0.00018146742296083735,0.0075644388199966406,0,0.028366102121982449
288,12,14,0.29057040575132914,0.084431160698492047,1,1,1,0,1,2626,0.0066702102971605889,0.062382870680939062,0.055712660383778471,0,0.10000000000000001,0.10000000000000001,0.13256237881931002,0,0,1,1,0.00076161462300076163,845,0.031647765176784519,0.05905763909335611,0.027409873916571591,0.0067613132098057784,0.037758505670446967,0.030997192460641188,0.043213375895609862,0,0,0,0,0,0.32444782939832445,-1.8275890198163038e-05,0.00012715084334664783,0.0021564446584423904,0,0.0043715426584650351
288,12,14,0.29057040575132914,0.084431160698492047,1,1,3,1,1,2591,0.020054670155801247,0.078025908135418098,0.057971237979616855,0,0.10000000000000001,0.10000000000000001,0.12215468418642875,0,0,1,1,0.00077190274025472794,568,0.03792087283440175,0.054543028685790529,0.016622155851388778,0.0099399599733155427,0.026951409380521138,0.017011449407205594,0.023978027660068554,0,0,0,0,0,0.74527209571593978,-0.0087674798133012335,0.00012715084334664783,0.033858611639928919,0,0.028406417471968017
288,12,14,0.29057040575132914,0.084431160698492047,1,-1,1,0,1,991,0.038906677558408063,0.053532778175061801,0.014626100616653738,0.010603658701459169,0.025349771112837361,0.014746112411378192,0.042499560979121193,0,0,0,0,0,866,0.038906677558408063,0.053532778175061801,0.014626100616653738,0.010604561024629318,0.025349771112837361,0.014745210088208043,0.042206956560853603,0,0,0,0,0,0.87386478304742687,-3.4086702838526377e-06,0.00012715084334664783,0.0055487712159369646,0,1.8259025774178455e-05
288,12,14,0.29057040575132914,0.084431160698492047,1,-1,1,0,2,15,0.053529323265131892,0.053691899186206385,0.00016257592107449259,0.02534459458776878,0.02559393760419755,0.00024934301642877063,0.0006323079138839475,0,0,0,0,0,15,0.053529323265131892,0.053691899186206385,0.00016257592107449259,0.02534459458776878,0.02559393760419755,0.00024934301642877063,0.0006323079138839475,0,0,0,0,0,1,8.7843373774388277e-07,4.5967489656472841e-05,0.0046592629184241717,0.00089513881276486113,-3.2050939764723405e-06
288,12,14,0.29057040575132914,0.084431160698492047,1,-1,1,0,3,11,0.05374756951010827,0.053851492414072603,0.00010392290396433329,0.025680283129698871,0.025841169362833295,0.00016088623313442393,0.0004161192283078267,0,0,0,0,0,11,0.05374756951010827,0.053851492414072603,0.00010392290396433329,0.025680283129698871,0.025841169362833295,0.00016088623313442393,0.0004161192283078267,0,0,0,0,0,1,1.1356750128025523e-06,3.7482332403462507e-05,0.004159113332267721,0.0010409118977950267,-4.3339903158849767e-06
288,12,14,0.29057040575132914,0.084431160698492047,1,-1,3,1,1,2591,0.020054670155801247,0.078025908135418098,0.057971237979616855,0,0.10000000000000001,0.10000000000000001,0.12215468418642875,0,0,1,1,0.00077190274025472794,568,0.03792087283440175,0.054543028685790529,0.016622155851388778,0.0099399599733155427,0.026951409380521138,0.017011449407205594,0.023978027660068554,0,0,0,0,0,0.74527209571593978,-0.0087674798133012335,0.00012715084334664783,0.012661146261728743,0,0.028406417471968017
288,12,14,0.29057040575132914,0.084431160698492047,-1,1,1,0,1,231,0,0.006754492855879363,0.006754492855879363,0,0.006785638021914015,0.006785638021914015,0.0096251231831143771,1,0,1,0,0.008658008658008658,0,nan,nan,nan,nan,nan,nan,0,0,0,0,0,nan,0.021645021645021644,-1.4765465127753396e-07,0,1.4437128424377835e-06,0,0.00041250263768958671
288,12,14,0.29057040575132914,0.084431160698492047,-1,1,3,1,1,3677,0.020054670155801247,0.078025908135418098,0.057971237979616855,0,0.10000000000000001,0.10000000000000001,0.18680821400934958,0,0,1,1,0.00054392167527875983,0,nan,nan,nan,nan,nan,nan,0,0,0,0,0,nan,0.36741909165080228,-0.0087674798133012335,-0.00018249269496050142,0.02249971350534332,0,0.028406417471968017
288,12,14,0.29057040575132914,0.084431160698492047,-1,-1,3,1,1,3677,0.020054670155801247,0.078025908135418098,0.057971237979616855,0,0.10000000000000001,0.10000000000000001,0.18680821400934958,0,0,1,1,0.00054392167527875983,0,nan,nan,nan,nan,nan,nan,0,0,0,0,0,nan,0.36741909165080228,-0.0087674798133012335,-0.00018249269496050142,0.0075653661749970225,0,0.028406417471968017
289,14,12,0.29057040575132914,0.084431160698492047,1,1,1,0,1,2626,0.0066702102971605889,0.062382870680939062,0.055712660383778471,0,0.10000000000000001,0.10000000000000001,0.13256237881931002,0,0,1,1,0.00076161462300076163,845,0.031647765176784519,0.05905763909335611,0.027409873916571591,0.0067613132098057784,0.037758505670446967,0.030997192460641188,0.043213375895609862,0,0,0,0,0,0.32444782939832445,-1.8275890198163038e-05,0.00012715084334664783,0.0021564446584423904,0,0.0043715426584650351
289,14,12,0.29057040575132914,0.084431160698492047,1,1,3,1,1,2591,0.020054670155801247,0.078025908135418098,0.057971237979616855,0,0.10000000000000001,0.10000000000000001,0.12215468418642875,0,0,1,1,0.00077190274025472794,568,0.03792087283440175,0.054543028685790529,0.016622155851388778,0.0099399599733155427,0.026951409380521138,0.017011449407205594,0.023978027660068554,0,0,0,0,0,0.74527209571593978,-0.0087674798133012335,0.00012715084334664783,0.033858611639928919,0,0.028406417471968017
289,14,12,0.29057040575132914,0.084431160698492047,1,-1,1,0,1,991,0.038906677558408063,0.053532778175061801,0.014626100616653738,0.010603658701459169,0.025349771112837361,0.014746112411378192,0.042499560979121193,0,0,0,0,0,866,0.038906677558408063,0.053532778175061801,0.014626100616653738,0.010604561024629318,0.025349771112837361,0.014745210088208043,0.042206956560853603,0,0,0,0,0,0.87386478304742687,-3.4086702838526377e-06,0.00012715084334664783,0.0055487712159369646,0,1.8259025774178455e-05
289,14,12,0.29057040575132914,0.084431160698492047,1,-1,1,0,2,15,0.053529323265131892,0.053691899186206385,0.00016257592107449259,0.02534459458776878,0.02559393760419755,0.00024934301642877063,0.0006323079138839475,0,0,0,0,0,15,0.053529323265131892,0.053691899186206385,0.00016257592107449259,0.02534459458776878,0.02559393760419755,0.00024934301642877063,0.0006323079138839475,0,0,0,0,0,1,8.7843373774388277e-07,4.5967489656472841e-05,0.0046592629184241717,0.00089513881276486113,-3.2050939764723405e-06
289,14,12,0.29057040575132914,0.084431160698492047,1,-1,1,0,3,11,0.05374756951010827,0.053851492414072603,0.00010392290396433329,0.025680283129698871,0.025841169362833295,0.00016088623313442393,0.0004161192283078267,0,0,0,0,0,11,0.05374756951010827,0.053851492414072603,0.00010392290396433329,0.025680283129698871,0.025841169362833295,0.00016088623313442393,0.0004161192283078267,0,0,0,0,0,1,1.1356750128025523e-06,3.7482332403462507e-05,0.004159113332267721,0.0010409118977950267,-4.3339903158849767e-06
289,14,12,0.29057040575132914,0.084431160698492047,1,-1,3,1,1,2591,0.020054670155801247,0.078025908135418098,0.057971237979616855,0,0.10000000000000001,0.10000000000000001,0.12215468418642875,0,0,1,1,0.00077190274025472794,568,0.03792087283440175,0.054543028685790529,0.016622155851388778,0.0099399599733155427,0.026951409380521138,0.017011449407205594,0.023978027660068554,0,0,0,0,0,0.74527209571593978,-0.0087674798133012335,0.00012715084334664783,0.012661146261728743,0,0.028406417471968017
289,14,12,0.29057040575132914,0.084431160698492047,-1,1,1,0,1,231,0,0.006754492855879363,0.006754492855879363,0,0.006785638021914015,0.006785638021914015,0.0096251231831143771,1,0,1,0,0.008658008658008658,0,nan,nan,nan,nan,nan,nan,0,0,0,0,0,nan,0.021645021645021644,-1.4765465127753396e-07,0,1.4437128424377835e-06,0,0.00041250263768958671
289,14,12,0.29057040575132914,0.084431160698492047,-1,1,3,1,1,3677,0.020054670155801247,0.078025908135418098,0.057971237979616855,0,0.10000000000000001,0.10000000000000001,0.18680821400934958,0,0,1,1,0.00054392167527875983,0,nan,nan,nan,nan,nan,nan,0,0,0,0,0,nan,0.36741909165080228,-0.0087674798133012335,-0.00018249269496050142,0.02249971350534332,0,0.028406417471968017
289,14,12,0.29057040575132914,0.084431160698492047,-1,-1,3,1,1,3677,0.020054670155801247,0.078025908135418098,0.057971237979616855,0,0.10000000000000001,0.10000000000000001,0.18680821400934958,0,0,1,1,0.00054392167527875983,0,nan,nan,nan,nan,nan,nan,0,0,0,0,0,nan,0.36741909165080228,-0.0087674798133012335,-0.00018249269496050142,0.0075653661749970225,0,0.028406417471968017
290,11,15,0.29307846094734608,0.085894984271265074,1,1,1,0,1,2622,0.0067856886454273901,0.062379835567475714,0.055594146922048324,0,0.10000000000000001,0.10000000000000001,0.13247528404874509,0,0,1,1,0.00076277650648360034,787,0.032661774516344229,0.058628540267253615,0.025966765750909386,0.007228177143240643,0.036424282855236821,0.029196105711996177,0.040681713471337921,0,0,0,0,0,0.30205949656750575,-1.845511193281962e-05,9.8931325397635898e-05,0.0017552459962533083,0,0.0044274375089209212
290,11,15,0.29307846094734608,0.085894984271265074,1,1,3,1,1,2586,0.020398266087480039,0.078152719951422783,0.057754453863942748,0,0.10000000000000001,0.10000000000000001,0.1219422603010335,0,0,1,1,0.00077339520494972935,502,0.03917278185456971,0.053849232821881254,0.014676450967311544,0.0107270250755241,0.025768636170302055,0.015041611094777954,0.02114962459911289,0,0,0,0,0,0.72699149265274554,-0.0088361491192115171,9.8931325397635898e-05,0.03371846064124015,0,0.028655207986285881
290,11,15,0.29307846094734608,0.085894984271265074,1,-1,1,0,1,17,0.040401593295591023,0.040675134832539116,0.0002735415369480923,0.011604105872165649,0.011804300684432016,0.00020019481226636777,0.0007330641685676148,0,0,0,0,0,15,0.040401593295591023,0.040675134832539116,0.0002735415369480923,0.011604105872165649,0.011804300684432016,0.00020019481226636777,0.00071973126593830809,0,0,0,0,0,0.88235294117647056,-7.407642693792112e-07,2.5006444218464541e-05,0.0032454406166873787,0,3.2150267009811394e-06
290,11,15,0.29307846094734608,0.085894984271265074,1,-1,1,0,2,809,0.040671910538243872,0.052582200430552867,0.011910289892308995,0.011801736527045475,0.023873637936856242,0.012071901409810766,0.03462606166130057,0,0,0,0,0,712,0.040671910538243872,0.052582200430552867,0.011910289892308995,0.011801736527045475,0.023873637936856242,0.012071901409810766,0.034390875698197196,0,0,0,0,0,0.88009888751545118,-3.0323518546593076e-06,9.8931325397635898e-05,0.0051830275838570666,0,1.5004689802275693e-05
290,11,15,0.29307846094734608,0.085894984271265074,1,-1,1,0,3,19,0.052622012044129515,0.052838634426241017,0.00021662238211150181,0.023943543004094181,0.02425334268599607,0.00030979968190188861,0.00079149376443865018,0,0,0,0,0,19,0.052622012044129515,0.052838634426241017,0.00021662238211150181,0.023943543004094181,0.02425334268599607,0.00030979968190188861,0.00079149376443865018,0,0,0,0,0,1,1.2708953341492745e-06,4.3620508474926368e-05,0.0046125795061150625,0.0010963001368872341,-4.8074959605558737e-06
290,11,15,0.29307846094734608,0.085894984271265074,1,-1,1,0,4,11,0.052948163173958084,0.05305085135778944,0.00010268818383135647,0.024413103157647942,0.024562495315795147,0.00014939215814720533,0.00039358056231848299,0,0,0,0,0,11,0.052948163173958084,0.05305085135778944,0.00010268818383135647,0.024413103157647942,0.024562495315795147,0.00014939215814720533,0.00039358056231848299,0,0,0,0,0,1,2.6687661742711718e-06,3.3699356593837416e-05,0.0041025671960981547,0.001621200046851778,-1.0513158367648828e-05
290,11,15,0.29307846094734608,0.085894984271265074,1,-1,3,1,1,2586,0.020398266087480039,0.078152719951422783,0.057754453863942748,0,0.10000000000000001,0.10000000000000001,0.1219422603010335,0,0,1,1,0.00077339520494972935,502,0.03917278185456971,0.053849232821881254,0.014676450967311544,0.0107270250755241,0.025768636170302055,0.015041611094777954,0.02114962459911289,0,0,0,0,0,0.72699149265274554,-0.0088361491192115171,9.8931325397635898e-05,0.012310115481337005,0,0.028655207986285881
290,11,15,0.29307846094734608,0.085894984271265074,-1,1,1,0,1,235,0,0.0068715987417012061,0.0068715987417012061,0,0.0069038468837400845,0.0069038468837400845,0.0098389623580848132,1,0,1,0,0.0085106382978723406,0,nan,nan,nan,nan,nan,nan,0,0,0,0,0,nan,0.01276595744680851,-2.2887530046744045e-07,1.1178691516768415e-07,8.8734172503620421e-07,0,0.00042696499291961795
290,11,15,0.29307846094734608,0.085894984271265074,-1,1,3,1,1,3668,0.020398266087480039,0.078152719951422783,0.057754453863942748,0,0.10000000000000001,0.10000000000000001,0.18619322245592806,0,0,1,1,0.00054525627044711017,0,nan,nan,nan,nan,nan,nan,0,0,0,0,0,nan,0.3718647764449291,-0.0088361491192115171,-0.00018887547706779838,0.022706769425931465,0,0.028655207986285881
290,11,15,0.29307846094734608,0.085894984271265074,-1,-1,3,1,1,3668,0.020398266087480039,0.078152719951422783,0.057754453863942748,0,0.10000000000000001,0.10000000000000001,0.18619322245592806,0,0,1,1,0.00054525627044711017,0,nan,nan,nan,nan,nan,nan,0,0,0,0,0,nan,0.3718647764449291,-0.0088361491192115171,-0.00018887547706779838,0.0076163366998062637,0,0.028655207986285881
291,15,11,0.29307846094734608,0.085894984271265074,1,1,1,0,1,2622,0.0067856886454273901,0.062379835567475714,0.055594146922048324,0,0.10000000000000001,0.10000000000000001,0.13247528404874509,0,0,1,1,0.00076277650648360034,787,0.032661774516344229,0.058628540267253615,0.025966765750909386,0.007228177143240643,0.036424282855236821,0.029196105711996177,0.040681713471337921,0,0,0,0,0,0.30205949656750575,-1.845511193281962e-05,9.8931325397635898e-05,0.0017552459962533083,0,0.0044274375089209212
291,15,11,0.29307846094734608,0.085894984271265074,1,1,3,1,1,2586,0.020398266087480039,0.078152719951422783,0.057754453863942748,0,0.10000000000000001,0.10000000000000001,0.1219422603010335,0,0,1,1,0.00077339520494972935,502,0.03917278185456971,0.053849232821881254,0.014676450967311544,0.0107270250755241,0.025768636170302055,0.015041611094777954,0.02114962459911289,0,0,0,0,0,0.72699149265274554,-0.0088361491192115171,9.8931325397635898e-05,0.03371846064124015,0,0.028655207986285881
291,15,11,0.29307846094734608,0.085894984271265074,1,-1,1,0,1,17,0.040401593295591023,0.040675134832539116,0.0002735415369480923,0.011604105872165649,0.011804300684432016,0.00020019481226636777,0.0007330641685676148,0,0,0,0,0,15,0.040401593295591023,0.040675134832539116,0.0002735415369480923,0.011604105872165649,0.011804300684432016,0.00020019481226636777,0.00071973126593830809,0,0,0,0,0,0.88235294117647056,-7.407642693792112e-07,2.5006444218464541e-05,0.0032454406166873787,0,3.2150267009811394e-06
291,15,11,0.29307846094734608,0.085894984271265074,1,-1,1,0,2,809,0.040671910538243872,0.052582200430552867,0.011910289892308995,0.011801736527045475,0.023873637936856242,0.012071901409810766,0.03462606166130057,0,0,0,0,0,712,0.040671910538243872,0.052582200430552867,0.011910289892308995,0.011801736527045475,0.023873637936856242,0.012071901409810766,0.034390875698197196,0,0,0,0,0,0.88009888751545118,-3.0323518546593076e-06,9.8931325397635898e-05,0.0051830275838570666,0,1.5004689802275693e-05
291,15,11,0.29307846094734608,0.085894984271265074,1,-1,1,0,3,19,0.052622012044129515,0.052838634426241017,0.00021662238211150181,0.023943543004094181,0.02425334268599607,0.00030979968190188861,0.00079149376443865018,0,0,0,0,0,19,0.052622012044129515,0.052838634426241017,0.00021662238211150181,0.023943543004094181,0.02425334268599607,0.00030979968190188861,0.00079149376443865018,0,0,0,0,0,1,1.2708953341492745e-06,4.3620508474926368e-05,0.0046125795061150625,0.0010963001368872341,-4.8074959605558737e-06
291,15,11,0.29307846094734608,0.085894984271265074,1,-1,1,0,4,11,0.052948163173958084,0.05305085135778944,0.00010268818383135647,0.024413103157647942,0.024562495315795147,0.00014939215814720533,0.00039358056231848299,0,0,0,0,0,11,0.052948163173958084,0.05305085135778944,0.00010268818383135647,0.024413103157647942,0.024562495315795147,0.00014939215814720533,0.00039358056231848299,0,0,0,0,0,1,2.6687661742711718e-06,3.3699356593837416e-05,0.0041025671960981547,0.001621200046851778,-1.0513158367648828e-05
291,15,11,0.29307846094734608,0.085894984271265074,1,-1,3,1,1,2586,0.020398266087480039,0.078152719951422783,0.057754453863942748,0,0.10000000000000001,0.10000000000000001,0.1219422603010335,0,0,1,1,0.00077339520494972935,502,0.03917278185456971,0.053849232821881254,0.014676450967311544,0.0107270250755241,0.025768636170302055,0.015041611094777954,0.02114962459911289,0,0,0,0,0,0.72699149265274554,-0.0088361491192115171,9.8931325397635898e-05,0.012310115481337005,0,0.028655207986285881
291,15,11,0.29307846094734608,0.085894984271265074,-1,1,1,0,1,235,0,0.0068715987417012061,0.0068715987417012061,0,0.0069038468837400845,0.0069038468837400845,0.0098389623580848132,1,0,1,0,0.0085106382978723406,0,nan,nan,nan,nan,nan,nan,0,0,0,0,0,nan,0.01276595744680851,-2.2887530046744045e-07,1.1178691516768415e-07,8.8734172503620421e-07,0,0.00042696499291961795
291,15,11,0.29307846094734608,0.085894984271265074,-1,1,3,1,1,3668,0.020398266087480039,0.078152719951422783,0.057754453863942748,0,0.10000000000000001,0.10000000000000001,0.18619322245592806,0,0,1,1,0.00054525627044711017,0,nan,nan,nan,nan,nan,nan,0,0,0,0,0,nan,0.3718647764449291,-0.0088361491192115171,-0.00018887547706779838,0.022706769425931465,0,0.028655207986285881
291,15,11,0.29307846094734608,0.085894984271265074,-1,-1,3,1,1,3668,0.020398266087480039,0.078152719951422783,0.057754453863942748,0,0.10000000000000001,0.10000000000000001,0.18619322245592806,0,0,1,1,0.00054525627044711017,0,nan,nan,nan,nan,nan,nan,0,0,0,0,0,nan,0.3718647764449291,-0.0088361491192115171,-0.00018887547706779838,0.0076163366998062637,0,0.028655207986285881
292,5,18,0.2939979231060989,0.086434778790699635,1,1,1,0,1,2623,0.0068282916262125473,0.062378681810091416,0.055550390183878869,0,0.10000000000000001,0.10000000000000001,0.13244119563559609,0,0,1,1,0.00076248570339306138,780,0.032928619079386254,0.058580533891423342,0.025651914812037088,0.0073547755533137325,0.036290860573715812,0.02893608502040208,0.040281984307011652,0,0,0,0,0,0.30003812428516963,-1.7210184147244158e-05,8.8561317766623136e-05,0.0016084125876145983,0,0.0044481948998200899
292,5,18,0.2939979231060989,0.086434778790699635,1,1,3,1,1,2585,0.020524806776470533,0.078199524398685355,0.057674717622214822,0,0.10000000000000001,0.10000000000000001,0.12186480465365385,0,0,1,1,0.00077369439071566729,475,0.039653102068045364,0.053550747132479322,0.013897645064433958,0.011041709390183955,0.025283522348232154,0.014241812958048199,0.020013130815035723,0,0,0,0,0,0.71992263056092842,-0.0088614937912759647,8.8561317766623136e-05,0.033667960273628464,0,0.02874707164053034
292,5,18,0.2939979231060989,0.086434778790699635,1,-1,1,0,1,11,0.040882927802436575,0.041047030305820451,0.00016410250338387555,0.011937807101907729,0.012060269555297629,0.00012246245338990054,0.00044754057987113588,0,0,0,0,0,9,0.040882927802436575,0.041047030305820451,0.00016410250338387555,0.01193861331235826,0.012060269555297629,0.00012165624293936951,0.00043404034735755853,0,0,0,0,0,0.81818181818181823,-3.327699206708744e-07,2.2357791433137196e-05,0.0031547924382787779,0,1.5213921631969466e-06
292,5,18,0.2939979231060989,0.086434778790699635,1,-1,1,0,2,755,0.041147751622271203,0.052258714337998377,0.011110962715727174,0.012137436242163336,0.023400785461093837,0.011263349218930501,0.032267256764476532,0,0,0,0,0,686,0.041147751622271203,0.052258714337998377,0.011110962715727174,0.012137436242163336,0.023400785461093837,0.011263349218930501,0.03213813737291378,0,0,0,0,0,0.90860927152317883,-2.4947369321418625e-06,8.8561317766623136e-05,0.0050979777444468549,0,1.2195911717326199e-05
292,5,18,0.2939979231060989,0.086434778790699635,1,-1,1,0,3,19,0.052355466453642086,0.05257095352188746,0.00021548706824537495,0.023544737029283787,0.023846831648109905,0.0003020946188261181,0.00077812491100173688,0,0,0,0,0,17,0.052355466453642086,0.052570741258975186,0.00021527480533310023,0.023544737029283787,0.023846831648109905,0.0003020946188261181,0.00076960460831382261,0,0,0,0,0,0.89473684210526316,-2.2623887974583935e-07,3.9274342795260863e-05,0.0041689799212375868,0,1.1493263183972922e-06
292,5,18,0.2939979231060989,0.086434778790699635,1,-1,3,1,1,2585,0.020524806776470533,0.078199524398685355,0.057674717622214822,0,0.10000000000000001,0.10000000000000001,0.12186480465365385,0,0,1,1,0.00077369439071566729,475,0.039653102068045364,0.053550747132479322,0.013897645064433958,0.011041709390183955,0.025283522348232154,0.014241812958048199,0.020013130815035723,0,0,0,0,0,0.71992263056092842,-0.0088614937912759647,8.8561317766623136e-05,0.012179574878196877,0,0.02874707164053034
292,5,18,0.2939979231060989,0.086434778790699635,-1,1,1,0,1,239,0,0.0069147823032559719,0.0069147823032559719,0,0.0069474414842835199,0.0069474414842835199,0.0099562668607877363,1,0,1,0,0.008368200836820083,0,nan,nan,nan,nan,nan,nan,0,0,0,0,0,nan,0.029288702928870293,-6.2957085924283517e-07,0,2.2435181349417131e-06,0,0.00043236122008934289
292,5,18,0.2939979231060989,0.086434778790699635,-1,1,3,1,1,3669,0.020524806776470533,0.078199524398685355,0.057674717622214822,0,0.10000000000000001,0.10000000000000001,0.18619407611386821,0,0,1,1,0.00054510765876260563,0,nan,nan,nan,nan,nan,nan,0,0,0,0,0,nan,0.37394385391114743,-0.0088614937912759647,-0.00019125685720568773,0.02276632744009793,0,0.02874707164053034
292,5,18,0.2939979231060989,0.086434778790699635,-1,-1,3,1,1,3669,0.020524806776470533,0.078199524398685355,0.057674717622214822,0,0.10000000000000001,0.10000000000000001,0.18619407611386821,0,0,1,1,0.00054510765876260563,0,nan,nan,nan,nan,nan,nan,0,0,0,0,0,nan,0.37394385391114743,-0.0088614937912759647,-0.00019125685720568773,0.0076291169339085798,0,0.02874707164053034
293,18,5,0.2939979231060989,0.086434778790699635,1,1,1,0,1,2623,0.0068282916262125473,0.062378681810091416,0.055550390183878869,0,0.10000000000000001,0.10000000000000001,0.13244119563559609,0,0,1,1,0.00076248570339306138,780,0.032928619079386254,0.058580533891423342,0.025651914812037088,0.0073547755533137325,0.036290860573715812,0.02893608502040208,0.040281984307011652,0,0,0,0,0,0.30003812428516963,-1.7210184147244158e-05,8.8561317766623136e-05,0.0016084125876145983,0,0.0044481948998200899
293,18,5,0.2939979231060989,0.086434778790699635,1,1,3,1,1,2585,0.020524806776470533,0.078199524398685355,0.057674717622214822,0,0.10000000000000001,0.10000000000000001,0.12186480465365385,0,0,1,1,0.00077369439071566729,475,0.039653102068045364,0.053550747132479322,0.013897645064433958,0.011041709390183955,0.025283522348232154,0.014241812958048199,0.020013130815035723,0,0,0,0,0,0.71992263056092842,-0.0088614937912759647,8.8561317766623136e-05,0.033667960273628464,0,0.02874707164053034
293,18,5,0.2939979231060989,0.086434778790699635,1,-1,1,0,1,11,0.040882927802436575,0.041047030305820451,0.00016410250338387555,0.011937807101907729,0.012060269555297629,0.00012246245338990054,0.00044754057987113588,0,0,0,0,0,9,0.040882927802436575,0.041047030305820451,0.00016410250338387555,0.01193861331235826,0.012060269555297629,0.00012165624293936951,0.00043404034735755853,0,0,0,0,0,0.81818181818181823,-3.327699206708744e-07,2.2357791433137196e-05,0.0031547924382787779,0,1.5213921631969466e-06
293,18,5,0.2939979231060989,0.086434778790699635,1,-1,1,0,2,755,0.041147751622271203,0.052258714337998377,0.011110962715727174,0.012137436242163336,0.023400785461093837,0.011263349218930501,0.032267256764476532,0,0,0,0,0,686,0.041147751622271203,0.052258714337998377,0.011110962715727174,0.012137436242163336,0.023400785461093837,0.011263349218930501,0.03213813737291378,0,0,0,0,0,0.90860927152317883,-2.4947369321418625e-06,8.8561317766623136e-05,0.0050979777444468549,0,1.2195911717326199e-05
293,18,5,0.2939979231060989,0.086434778790699635,1,-1,1,0,3,19,0.052355466453642086,0.05257095352188746,0.00021548706824537495,0.023544737029283787,0.023846831648109905,0.0003020946188261181,0.00077812491100173688,0,0,0,0,0,17,0.052355466453642086,0.052570741258975186,0.00021527480533310023,0.023544737029283787,0.023846831648109905,0.0003020946188261181,0.00076960460831382261,0,0,0,0,0,0.89473684210526316,-2.2623887974583935e-07,3.9274342795260863e-05,0.0041689799212375868,0,1.1493263183972922e-06
293,18,5,0.2939979231060989,0.086434778790699635,1,-1,3,1,1,2585,0.020524806776470533,0.078199524398685355,0.057674717622214822,0,0.10000000000000001,0.10000000000000001,0.12186480465365385,0,0,1,1,0.00077369439071566729,475,0.039653102068045364,0.053550747132479322,0.013897645064433958,0.011041709390183955,0.025283522348232154,0.014241812958048199,0.020013130815035723,0,0,0,0,0,0.71992263056092842,-0.0088614937912759647,8.8561317766623136e-05,0.012179574878196877,0,0.02874707164053034
293,18,5,0.2939979231060989,0.086434778790699635,-1,1,1,0,1,239,0,0.0069147823032559719,0.0069147823032559719,0,0.0069474414842835199,0.0069474414842835199,0.0099562668607877363,1,0,1,0,0.008368200836820083,0,nan,nan,nan,nan,nan,nan,0,0,0,0,0,nan,0.029288702928870293,-6.2957085924283517e-07,0,2.2435181349417131e-06,0,0.00043236122008934289
293,18,5,0.2939979231060989,0.086434778790699635,-1,1,3,1,1,3669,0.020524806776470533,0.078199524398685355,0.057674717622214822,0,0.10000000000000001,0.10000000000000001,0.18619407611386821,0,0,1,1,0.00054510765876260563,0,nan,nan,nan,nan,nan,nan,0,0,0,0,0,nan,0.37394385391114743,-0.0088614937912759647,-0.00019125685720568773,0.02276632744009793,0,0.02874707164053034
293,18,5,0.2939979231060989,0.086434778790699635,-1,-1,3,1,1,3669,0.020524806776470533,0.078199524398685355,0.057674717622214822,0,0.10000000000000001,0.10000000000000001,0.18619407611386821,0,0,1,1,0.00054510765876260563,0,nan,nan,nan,nan,nan,nan,0,0,0,0,0,nan,0.37394385391114743,-0.0088614937912759647,-0.00019125685720568773,0.0076291169339085798,0,0.02874707164053034
294,8,17,0.29584515847020543,0.087524357790260965,1,1,1,0,1,2621,0.00691404062486012,0.062376308208366094,0.055462267583505975,0,0.10000000000000002,0.10000000000000002,0.13235235720874419,0,0,1,1,0.00076306753147653572,742,0.033622414943295528,0.058256564635071159,0.024634149691775631,0.0076942295965713378,0.035356904603068715,0.027662675006497377,0.038512455901398943,0,0,0,0,0,0.28615032430370085,-1.7036498118756506e-05,6.7673606607513895e-05,0.0013298070618855073,0,0.0044903285157513158
294,8,17,0.29584515847020543,0.087524357790260965,1,1,3,1,1,2582,0.020780388670529663,0.078294070182677616,0.057513681512147953,0,0.10000000000000001,0.10000000000000001,0.12170822138183429,0,0,1,1,0.00077459333849728897,415,0.040720480320213477,0.052865216508813796,0.012144736188600319,0.011770612517436179,0.024216144096064041,0.012445531578627862,0.017465493507807572,0,0,0,0,0,0.70294345468628971,-0.0089126898012451394,6.7673606607513895e-05,0.033577418669498239,0,0.02893269968573851
294,8,17,0.29584515847020543,0.087524357790260965,1,-1,1,0,1,11,0.042071826164709433,0.042220027168772011,0.00014820100406257725,0.012805345082825338,0.012922099105778261,0.00011675402295292271,0.00041112002870737318,0,0,0,0,0,11,0.042071826164709433,0.042220027168772011,0.00014820100406257725,0.012805345082825338,0.012922099105778261,0.00011675402295292271,0.00041112002870737318,0,0,0,0,0,1,9.074302305026418e-07,2.1833116922106212e-05,0.0034010957005667602,0.00093240337127348466,-3.477504187048639e-06
294,8,17,0.29584515847020543,0.087524357790260965,1,-1,1,0,2,11,0.042323266235371061,0.042487606447224213,0.00016434021185315201,0.013004921641333374,0.013135943843950016,0.00013102220261664195,0.00046172030168719009,0,0,0,0,0,11,0.042323266235371061,0.042487606447224213,0.00016434021185315201,0.013004921641333374,0.013135943843950016,0.00013102220261664195,0.00046172030168719009,0,0,0,0,0,1,6.406847392334341e-07,2.5390201370171134e-05,0.0035227230084961727,0.00076647531802045575,-2.3499376525382352e-06
294,8,17,0.29584515847020543,0.087524357790260965,1,-1,1,0,3,603,0.042489286420286314,0.051346428546969344,0.0088571421266830305,0.01313735958179625,0.022135882928534318,0.0089985233467380684,0.025737767474230164,0,0,0,0,0,565,0.042489286420286314,0.051346428546969344,0.0088571421266830305,0.01313735958179625,0.022135882928534318,0.0089985233467380684,0.025572586190408447,0,0,0,0,0,0.93698175787728022,-2.2581547474327137e-06,6.7673606607513895e-05,0.0048333919406952754,0,1.0365470006267968e-05
294,8,17,0.29584515847020543,0.087524357790260965,1,-1,1,0,4,23,0.051555048498121141,0.051823580594502053,0.00026853209638091208,0.022411317607524343,0.022767594471707203,0.00035627686418285981,0.00092661191019735123,0,0,0,0,0,21,0.051555048498121141,0.051823283971541664,0.00026823547342052362,0.022411317607524343,0.022767594471707203,0.00035627686418285981,0.00091806380614155054,0,0,0,0,0,0.91304347826086951,-8.1475469902112787e-08,3.4732706529761473e-05,0.003890081087513932,0,5.1606162216879443e-07
294,8,17,0.29584515847020543,0.087524357790260965,1,-1,3,1,1,2582,0.020780388670529663,0.078294070182677616,0.057513681512147953,0,0.10000000000000001,0.10000000000000001,0.12170822138183429,0,0,1,1,0.00077459333849728897,415,0.040720480320213477,0.052865216508813796,0.012144736188600319,0.011770612517436179,0.024216144096064041,0.012445531578627862,0.017465493507807572,0,0,0,0,0,0.70294345468628971,-0.0089126898012451394,6.7673606607513895e-05,0.011919619109921273,0,0.02893269968573851
294,8,17,0.29584515847020543,0.087524357790260965,-1,1,1,0,1,240,0,0.0070019486232208777,0.0070019486232208777,0,0.0070354473683568557,0.0070354473683568557,0.010067488109389343,1,0,1,0,0.0083333333333333332,0,nan,nan,nan,nan,nan,nan,0,0,0,0,0,nan,0.025000000000000001,-4.972149584317161e-07,0,1.8023470692315295e-06,0,0.00044335743401071226
294,8,17,0.29584515847020543,0.087524357790260965,-1,1,3,1,1,3666,0.020780388670529663,0.078294070182677616,0.057513681512147953,0,0.10000000000000001,0.10000000000000001,0.18590080533528841,0,0,1,1,0.0005455537370430987,0,nan,nan,nan,nan,nan,nan,0,0,0,0,0,nan,0.37697763229678122,-0.0089126898012451394,-0.00019610913808889899,0.022913412862349762,0,0.02893269968573851
294,8,17,0.29584515847020543,0.087524357790260965,-1,-1,3,1,1,3666,0.020780388670529663,0.078294070182677616,0.057513681512147953,0,0.10000000000000001,0.10000000000000001,0.18590080533528841,0,0,1,1,0.0005455537370430987,0,nan,nan,nan,nan,nan,nan,0,0,0,0,0,nan,0.37697763229678122,-0.0089126898012451394,-0.00019610913808889899,0.0076630483944176942,0,0.02893269968573851
295,17,8,0.29584515847020543,0.087524357790260965,1,1,1,0,1,2621,0.00691404062486012,0.062376308208366094,0.055462267583505975,0,0.10000000000000002,0.10000000000000002,0.13235235720874419,0,0,1,1,0.00076306753147653572,742,0.033622414943295528,0.058256564635071159,0.024634149691775631,0.0076942295965713378,0.035356904603068715,0.027662675006497377,0.038512455901398943,0,0,0,0,0,0.28615032430370085,-1.7036498118756506e-05,6.7673606607513895e-05,0.0013298070618855073,0,0.0044903285157513158
295,17,8,0.29584515847020543,0.087524357790260965,1,1,3,1,1,2582,0.020780388670529663,0.078294070182677616,0.057513681512147953,0,0.10000000000000001,0.10000000000000001,0.12170822138183429,0,0,1,1,0.00077459333849728897,415,0.040720480320213477,0.052865216508813796,0.012144736188600319,0.011770612517436179,0.024216144096064041,0.012445531578627862,0.017465493507807572,0,0,0,0,0,0.70294345468628971,-0.0089126898012451394,6.7673606607513895e-05,0.033577418669498239,0,0.02893269968573851
295,17,8,0.29584515847020543,0.087524357790260965,1,-1,1,0,1,11,0.042071826164709433,0.042220027168772011,0.00014820100406257725,0.012805345082825338,0.012922099105778261,0.00011675402295292271,0.00041112002870737318,0,0,0,0,0,11,0.042071826164709433,0.042220027168772011,0.00014820100406257725,0.012805345082825338,0.012922099105778261,0.00011675402295292271,0.00041112002870737318,0,0,0,0,0,1,9.074302305026418e-07,2.1833116922106212e-05,0.0034010957005667602,0.00093240337127348466,-3.477504187048639e-06
295,17,8,0.29584515847020543,0.087524357790260965,1,-1,1,0,2,11,0.042323266235371061,0.042487606447224213,0.00016434021185315201,0.013004921641333374,0.013135943843950016,0.00013102220261664195,0.00046172030168719009,0,0,0,0,0,11,0.042323266235371061,0.042487606447224213,0.00016434021185315201,0.013004921641333374,0.013135943843950016,0.00013102220261664195,0.00046172030168719009,0,0,0,0,0,1,6.406847392334341e-07,2.5390201370171134e-05,0.0035227230084961727,0.00076647531802045575,-2.3499376525382352e-06
295,17,8,0.29584515847020543,0.087524357790260965,1,-1,1,0,3,603,0.042489286420286314,0.051346428546969344,0.0088571421266830305,0.01313735958179625,0.022135882928534318,0.0089985233467380684,0.025737767474230164,0,0,0,0,0,565,0.042489286420286314,0.051346428546969344,0.0088571421266830305,0.01313735958179625,0.022135882928534318,0.0089985233467380684,0.025572586190408447,0,0,0,0,0,0.93698175787728022,-2.2581547474327137e-06,6.7673606607513895e-05,0.0048333919406952754,0,1.0365470006267968e-05
295,17,8,0.29584515847020543,0.087524357790260965,1,-1,1,0,4,23,0.051555048498121141,0.051823580594502053,0.00026853209638091208,0.022411317607524343,0.022767594471707203,0.00035627686418285981,0.00092661191019735123,0,0,0,0,0,21,0.051555048498121141,0.051823283971541664,0.00026823547342052362,0.022411317607524343,0.022767594471707203,0.00035627686418285981,0.00091806380614155054,0,0,0,0,0,0.91304347826086951,-8.1475469902112787e-08,3.4732706529761473e-05,0.003890081087513932,0,5.1606162216879443e-07
295,17,8,0.29584515847020543,0.087524357790260965,1,-1,3,1,1,2582,0.020780388670529663,0.078294070182677616,0.057513681512147953,0,0.10000000000000001,0.10000000000000001,0.12170822138183429,0,0,1,1,0.00077459333849728897,415,0.040720480320213477,0.052865216508813796,0.012144736188600319,0.011770612517436179,0.024216144096064041,0.012445531578627862,0.017465493507807572,0,0,0,0,0,0.70294345468628971,-0.0089126898012451394,6.7673606607513895e-05,0.011919619109921273,0,0.02893269968573851
295,17,8,0.29584515847020543,0.087524357790260965,-1,1,1,0,1,240,0,0.0070019486232208777,0.0070019486232208777,0,0.0070354473683568557,0.0070354473683568557,0.010067488109389343,1,0,1,0,0.0083333333333333332,0,nan,nan,nan,nan,nan,nan,0,0,0,0,0,nan,0.025000000000000001,-4.972149584317161e-07,0,1.8023470692315295e-06,0,0.00044335743401071226
295,17,8,0.29584515847020543,0.087524357790260965,-1,1,3,1,1,3666,0.020780388670529663,0.078294070182677616,0.057513681512147953,0,0.10000000000000001,0.10000000000000001,0.18590080533528841,0,0,1,1,0.0005455537370430987,0,nan,nan,nan,nan,nan,nan,0,0,0,0,0,nan,0.37697763229678122,-0.0089126898012451394,-0.00019610913808889899,0.022913412862349762,0,0.02893269968573851
295,17,8,0.29584515847020543,0.087524357790260965,-1,-1,3,1,1,3666,0.020780388670529663,0.078294070182677616,0.057513681512147953,0,0.10000000000000001,0.10000000000000001,0.18590080533528841,0,0,1,1,0.0005455537370430987,0,nan,nan,nan,nan,nan,nan,0,0,0,0,0,nan,0.37697763229678122,-0.0089126898012451394,-0.00019610913808889899,0.0076630483944176942,0,0.02893269968573851
296,10,16,0.29721084245353185,0.088334284871938118,1,1,1,0,1,2620,0.0069757489336990412,0.062374511334744712,0.055398762401045673,0,0.10000000000000001,0.10000000000000001,0.13238264718052245,0,0,1,1,0.00076335877862595419,709,0.03388925950633756,0.05815797412899644,0.02426871462265888,0.0078304529160252261,0.035090060040026683,0.027259607124001457,0.037969984498604975,0,0,0,0,0,0.2736641221374046,-1.5452818767461803e-05,6.1484327814705837e-05,0.0011068685376163204,0,0.0045218483913225969
296,10,16,0.29721084245353185,0.088334284871938118,1,1,3,1,1,2581,0.020970505564211823,0.078364416855255317,0.057393911291043494,0,0.10000000000000001,0.10000000000000001,0.12159486713642717,0,0,1,1,0.00077489345215032935,365,0.041607806801031808,0.052278355742807363,0.010670548941775555,0.012408272181454304,0.023348899266177454,0.01094062708472315,0.015334447623951718,0,0,0,0,0,0.68694304533126693,-0.0089507806397345607,5.2207931682762932e-05,0.033473486995653362,0,0.029070865901739958
296,10,16,0.29721084245353185,0.088334284871938118,1,-1,1,0,1,11,0.043345904980337281,0.043499886246637781,0.00015398126630049996,0.013805719359137223,0.013935232772220895,0.00012951341308367267,0.00044266180706284614,0,0,0,0,0,11,0.043345904980337281,0.043499886246637781,0.00015398126630049996,0.013805719359137223,0.013935232772220895,0.00012951341308367267,0.00044266180706284614,0,0,0,0,0,1,2.409362601161455e-07,2.4353366452376502e-05,0.0034143815273737152,0.00043906645154889951,-7.7111739550296849e-07
296,10,16,0.29721084245353185,0.088334284871938118,1,-1,1,0,2,11,0.043504425459340891,0.043660796867614822,0.00015637140827393092,0.013938935785507903,0.014070936951065051,0.0001320011655571475,0.00045006109906942153,0,0,0,0,0,11,0.043504425459340891,0.043660796867614822,0.00015637140827393092,0.013938935785507903,0.014070936951065051,0.0001320011655571475,0.00045006109906942153,0,0,0,0,0,1,1.3889745863464336e-06,2.6142570117973781e-05,0.0036808981757021995,0.0011569387200470718,-5.3540288077766266e-06
296,10,16,0.29721084245353185,0.088334284871938118,1,-1,1,0,3,11,0.043661783679432652,0.043821808129740333,0.0001600244503076817,0.014071804445935133,0.014207660063122934,0.00013585561718780156,0.00046132433794064253,0,0,0,0,0,11,0.043661783679432652,0.043821808129740333,0.0001600244503076817,0.014071804445935133,0.014207660063122934,0.00013585561718780156,0.00046132433794064253,0,0,0,0,0,1,2.1981080340043041e-06,2.7887091500208559e-05,0.0038520734236738461,0.0014642505539865884,-8.5761187394001251e-06
296,10,16,0.29721084245353185,0.088334284871938118,1,-1,1,0,4,509,0.043817993108816511,0.051182927611530503,0.007364934502713992,0.014204269429123532,0.02188987964714622,0.0076856102180226874,0.021666414785504851,0,0,0,0,0,483,0.043817993108816511,0.05118213261219428,0.0073641395033777687,0.014204269429123532,0.02188987964714622,0.0076856102180226874,0.021547514522405442,0,0,0,0,0,0.94891944990176813,-1.5614055480606901e-06,5.2207931682762932e-05,0.0044786591876492168,0,6.9300158739578427e-06
296,10,16,0.29721084245353185,0.088334284871938118,1,-1,3,1,1,2581,0.020970505564211823,0.078364416855255317,0.057393911291043494,0,0.10000000000000001,0.10000000000000001,0.12159486713642717,0,0,1,1,0.00077489345215032935,365,0.041607806801031808,0.052278355742807363,0.010670548941775555,0.012408272181454304,0.023348899266177454,0.01094062708472315,0.015334447623951718,0,0,0,0,0,0.68694304533126693,-0.0089507806397345607,5.2207931682762932e-05,0.011714899111889625,0,0.029070865901739958
296,10,16,0.29721084245353185,0.088334284871938118,-1,1,1,0,1,244,0,0.0070667427897550487,0.0070667427897550487,0,0.007100872253885589,0.007100872253885589,0.010151387675965677,1,0,1,0,0.0081967213114754103,0,nan,nan,nan,nan,nan,nan,0,0,0,0,0,nan,0.032786885245901641,-3.6646109798714704e-07,7.811281835513027e-08,2.6093367652647838e-06,0,0.00045162123712835068
296,10,16,0.29721084245353185,0.088334284871938118,-1,1,3,1,1,3669,0.020970505564211823,0.078364416855255317,0.057393911291043494,0,0.10000000000000001,0.10000000000000001,0.18590790632187093,0,0,1,1,0.00054510765876260563,0,nan,nan,nan,nan,nan,nan,0,0,0,0,0,nan,0.38075769964568001,-0.0089507806397345607,-0.00019975541462621994,0.022977854363476557,0,0.029070865901739958
296,10,16,0.29721084245353185,0.088334284871938118,-1,-1,3,1,1,3669,0.020970505564211823,0.078364416855255317,0.057393911291043494,0,0.10000000000000001,0.10000000000000001,0.18590790632187093,0,0,1,1,0.00054510765876260563,0,nan,nan,nan,nan,nan,nan,0,0,0,0,0,nan,0.38075769964568001,-0.0089507806397345607,-0.00019975541462621994,0.007674660215277955,0,0.029070865901739958
297,16,10,0.29721084245353185,0.088334284871938118,1,1,1,0,1,2620,0.0069757489336990412,0.062374511334744712,0.055398762401045673,0,0.10000000000000001,0.10000000000000001,0.13238264718052245,0,0,1,1,0.00076335877862595419,709,0.03388925950633756,0.05815797412899644,0.02426871462265888,0.0078304529160252261,0.035090060040026683,0.027259607124001457,0.037969984498604975,0,0,0,0,0,0.2736641221374046,-1.5452818767461803e-05,6.1484327814705837e-05,0.0011068685376163204,0,0.0045218483913225969
297,16,10,0.29721084245353185,0.088334284871938118,1,1,3,1,1,2581,0.020970505564211823,0.078364416855255317,0.057393911291043494,0,0.10000000000000001,0.10000000000000001,0.12159486713642717,0,0,1,1,0.00077489345215032935,365,0.041607806801031808,0.052278355742807363,0.010670548941775555,0.012408272181454304,0.023348899266177454,0.01094062708472315,0.015334447623951718,0,0,0,0,0,0.68694304533126693,-0.0089507806397345607,5.2207931682762932e-05,0.033473486995653362,0,0.029070865901739958
297,16,10,0.29721084245353185,0.088334284871938118,1,-1,1,0,1,11,0.043345904980337281,0.043499886246637781,0.00015398126630049996,0.013805719359137223,0.013935232772220895,0.00012951341308367267,0.00044266180706284614,0,0,0,0,0,11,0.043345904980337281,0.043499886246637781,0.00015398126630049996,0.013805719359137223,0.013935232772220895,0.00012951341308367267,0.00044266180706284614,0,0,0,0,0,1,2.409362601161455e-07,2.4353366452376502e-05,0.0034143815273737152,0.00043906645154889951,-7.7111739550296849e-07
297,16,10,0.29721084245353185,0.088334284871938118,1,-1,1,0,2,11,0.043504425459340891,0.043660796867614822,0.00015637140827393092,0.013938935785507903,0.014070936951065051,0.0001320011655571475,0.00045006109906942153,0,0,0,0,0,11,0.043504425459340891,0.043660796867614822,0.00015637140827393092,0.013938935785507903,0.014070936951065051,0.0001320011655571475,0.00045006109906942153,0,0,0,0,0,1,1.3889745863464336e-06,2.6142570117973781e-05,0.0036808981757021995,0.0011569387200470718,-5.3540288077766266e-06
297,16,10,0.29721084245353185,0.088334284871938118,1,-1,1,0,3,11,0.043661783679432652,0.043821808129740333,0.0001600244503076817,0.014071804445935133,0.014207660063122934,0.00013585561718780156,0.00046132433794064253,0,0,0,0,0,11,0.043661783679432652,0.043821808129740333,0.0001600244503076817,0.014071804445935133,0.014207660063122934,0.00013585561718780156,0.00046132433794064253,0,0,0,0,0,1,2.1981080340043041e-06,2.7887091500208559e-05,0.0038520734236738461,0.0014642505539865884,-8.5761187394001251e-06
297,16,10,0.29721084245353185,0.088334284871938118,1,-1,1,0,4,509,0.043817993108816511,0.051182927611530503,0.007364934502713992,0.014204269429123532,0.02188987964714622,0.0076856102180226874,0.021666414785504851,0,0,0,0,0,483,0.043817993108816511,0.05118213261219428,0.0073641395033777687,0.014204269429123532,0.02188987964714622,0.0076856102180226874,0.021547514522405442,0,0,0,0,0,0.94891944990176813,-1.5614055480606901e-06,5.2207931682762932e-05,0.0044786591876492168,0,6.9300158739578427e-06
297,16,10,0.29721084245353185,0.088334284871938118,1,-1,3,1,1,2581,0.020970505564211823,0.078364416855255317,0.057393911291043494,0,0.10000000000000001,0.10000000000000001,0.12159486713642717,0,0,1,1,0.00077489345215032935,365,0.041607806801031808,0.052278355742807363,0.010670548941775555,0.012408272181454304,0.023348899266177454,0.01094062708472315,0.015334447623951718,0,0,0,0,0,0.68694304533126693,-0.0089507806397345607,5.2207931682762932e-05,0.011714899111889625,0,0.029070865901739958
297,16,10,0.29721084245353185,0.088334284871938118,-1,1,1,0,1,244,0,0.0070667427897550487,0.0070667427897550487,0,0.007100872253885589,0.007100872253885589,0.010151387675965677,1,0,1,0,0.0081967213114754103,0,nan,nan,nan,nan,nan,nan,0,0,0,0,0,nan,0.032786885245901641,-3.6646109798714704e-07,7.811281835513027e-08,2.6093367652647838e-06,0,0.00045162123712835068
297,16,10,0.29721084245353185,0.088334284871938118,-1,1,3,1,1,3669,0.020970505564211823,0.078364416855255317,0.057393911291043494,0,0.10000000000000001,0.10000000000000001,0.18590790632187093,0,0,1,1,0.00054510765876260563,0,nan,nan,nan,nan,nan,nan,0,0,0,0,0,nan,0.38075769964568001,-0.0089507806397345607,-0.00019975541462621994,0.022977854363476557,0,0.029070865901739958
297,16,10,0.29721084245353185,0.088334284871938118,-1,-1,3,1,1,3669,0.020970505564211823,0.078364416855255317,0.057393911291043494,0,0.10000000000000001,0.10000000000000001,0.18590790632187093,0,0,1,1,0.00054510765876260563,0,nan,nan,nan,nan,nan,nan,0,0,0,0,0,nan,0.38075769964568001,-0.0089507806397345607,-0.00019975541462621994,0.007674660215277955,0,0.029070865901739958
298,6,18,0.29861814158566147,0.089172794484074155,1,1,1,0,1,2619,0.0070397143862184321,0.062372627091417152,0.055332912705198717,0,0.10000000000000001,0.10000000000000001,0.13232927026110414,0,0,1,1,0.00076365024818633069,667,0.034529686457638424,0.057885694105742451,0.023356007648104027,0.0081546158753353117,0.034356237491661105,0.026201621616325794,0.036414584917838493,0,0,0,0,0,0.25811378388697975,-1.6416377451806234e-05,5.9387515730488215e-05,0.00088922972264211374,0,0.0045546575557316431
298,6,18,0.29861814158566147,0.089172794484074155,1,1,3,1,1,2578,0.021167448688969158,0.078437298580957382,0.057269849891988224,0,0.10000000000000001,0.10000000000000001,0.12147623485497384,0,0,1,1,0.00077579519006982156,304,0.042641761174116076,0.051514836448459528,0.0088730752743434518,0.013189808182160638,0.022281521014009337,0.0090917128318486994,0.012733777712012435,0,0,0,0,0,0.66679596586501166,-0.008990244028107967,3.6247639599433103e-05,0.033386562659629755,0,0.02921406080553153
298,6,18,0.29861814158566147,0.089172794484074155,1,-1,1,0,1,11,0.044701071926312591,0.044833365931400589,0.00013229400508799755,0.014940257505003905,0.01505879811796164,0.00011854061295773523,0.00038762593829445743,0,0,0,0,0,11,0.044701071926312591,0.044833365931400589,0.00013229400508799755,0.014940257505003905,0.01505879811796164,0.00011854061295773523,0.00038762593829445743,0,0,0,0,0,1,2.5715964567494962e-06,2.3136062733702243e-05,0.0037036951893292258,0.0015933497930495303,-1.0155054252043925e-05
298,6,18,0.29861814158566147,0.089172794484074155,1,-1,1,0,2,11,0.044849814387547454,0.044993431724188161,0.00014361733664070703,0.015073401050223088,0.015203329539176524,0.00012992848895343641,0.00042607061193340002,0,0,0,0,0,11,0.044849814387547454,0.044993431724188161,0.00014361733664070703,0.015073401050223088,0.015203329539176524,0.00012992848895343641,0.00042607061193340002,0,0,0,0,0,1,6.858989758645181e-07,2.4440953009965583e-05,0.0035193848163527332,0.00080129641053806248,-2.5683037501647325e-06
298,6,18,0.29861814158566147,0.089172794484074155,1,-1,1,0,3,11,0.045070924962669637,0.045207875036298382,0.00013695007362874573,0.015270371912006878,0.015397856852403143,0.00012748494039626496,0.0004050612644426734,0,0,0,0,0,11,0.045070924962669637,0.045207875036298382,0.00013695007362874573,0.015270371912006878,0.015397856852403143,0.00012748494039626496,0.0004050612644426734,0,0,0,0,0,1,4.0368313720742923e-06,2.6105354302001279e-05,0.0039675447627197996,0.0019998641464367803,-1.5997826416813247e-05
298,6,18,0.29861814158566147,0.089172794484074155,1,-1,1,0,4,15,0.045217027469950127,0.045425125720113382,0.00020809825016325501,0.015406472178601324,0.015594428799393718,0.00018795662079239446,0.00059647279996861123,0,0,0,0,0,15,0.045217027469950127,0.045425125720113382,0.00020809825016325501,0.015406472178601324,0.015594428799393718,0.00018795662079239446,0.00059647279996861123,0,0,0,0,0,1,1.2241215089129443e-06,2.7660562602056308e-05,0.0038812476110150302,0.0010826161443186937,-4.6882308637578981e-06
298,6,18,0.29861814158566147,0.089172794484074155,1,-1,1,0,5,11,0.045434207955457696,0.045581523479814395,0.00014731552435669898,0.015603298980825468,0.015743173970667761,0.0001398749898422931,0.0004428261905621288,0,0,0,0,0,11,0.045434207955457696,0.045581523479814395,0.00014731552435669898,0.015603298980825468,0.015743173970667761,0.0001398749898422931,0.0004428261905621288,0,0,0,0,0,1,3.3313643558123253e-06,2.8738896647980861e-05,0.0040138438901037004,0.0018117081836700626,-1.3129146171108311e-05
298,6,18,0.29861814158566147,0.089172794484074155,1,-1,1,0,6,15,0.045577753824541677,0.045795647481245622,0.00021789365670394495,0.015739580481117125,0.01594341664928518,0.00020383616816805478,0.00064173567218100502,0,0,0,0,0,13,0.045577753824541677,0.045795647481245622,0.00021789365670394495,0.015739580481117125,0.01594341664928518,0.00020383616816805478,0.0006288855612606091,0,0,0,0,0,0.8666666666666667,-4.5653696112086856e-07,3.0092927492120022e-05,0.0037275884120744019,0,2.1033009935882008e-06
298,6,18,0.29861814158566147,0.089172794484074155,1,-1,1,0,7,47,0.045791106112748267,0.046497122152677012,0.00070601603992874462,0.015939030614400173,0.016609306425173546,0.00067027581077337348,0.0020210018287853534,0,0,0,0,0,45,0.045791106112748267,0.046497122152677012,0.00070601603992874462,0.015939030614400173,0.016609306425173546,0.00067027581077337348,0.0020085987403651996,0,0,0,0,0,0.95744680851063835,-3.5577416606116482e-07,3.3639121193917025e-05,0.0039671095149211733,0,1.7559884408519841e-06
298,6,18,0.29861814158566147,0.089172794484074155,1,-1,1,0,8,121,0.046486132461559235,0.048252058620277795,0.0017659261587185601,0.016597960674773302,0.018412084650515026,0.0018141239757417243,0.0051785423877641953,0,0,0,0,0,115,0.046486132461559235,0.048252058620277795,0.0017659261587185601,0.016597960674773302,0.018412084650515026,0.0018141239757417243,0.0051435456666100244,0,0,0,0,0,0.95041322314049592,-3.9961250937306286e-07,3.6247639599433103e-05,0.0042162432556300741,0,1.9757859889898721e-06
298,6,18,0.29861814158566147,0.089172794484074155,1,-1,1,0,9,31,0.04824567415357655,0.048677392459898959,0.00043171830632240948,0.018405108739806501,0.01887578182700907,0.0004706730872025694,0.0013198486063744346,0,0,0,0,0,29,0.04824567415357655,0.048677392459898959,0.00043171830632240948,0.018405108739806501,0.01887578182700907,0.0004706730872025694,0.0013083131718366419,0,0,0,0,0,0.93548387096774188,-8.4149900775308832e-07,3.5637954833080059e-05,0.0041556771940216737,0,3.7208807213649773e-06
298,6,18,0.29861814158566147,0.089172794484074155,1,-1,1,0,10,31,0.048736153042526487,0.049156102648546564,0.00041994960602007719,0.018937714950377733,0.019411021214681211,0.00047330626430347814,0.0013045090208936259,0,0,0,0,0,29,0.048736153042526487,0.049156102648546564,0.00041994960602007719,0.018937714950377733,0.019411021214681211,0.00047330626430347814,0.0012936418858087726,0,0,0,0,0,0.93548387096774188,-3.7854140035605379e-07,3.4061881239191819e-05,0.0039778575496097392,0,1.8188636956905427e-06
298,6,18,0.29861814158566147,0.089172794484074155,1,-1,1,0,11,31,0.049447069610478858,0.049848885482133787,0.0004018158716549286,0.019737663994970043,0.020211136427270293,0.00047347243230025024,0.0012749493271345641,0,0,0,0,0,29,0.049447069610478858,0.049848885482133787,0.0004018158716549286,0.019737663994970043,0.020211136427270293,0.00047347243230025024,0.0012646540244190517,0,0,0,0,0,0.93548387096774188,-3.9644817624171142e-07,2.9774243562697032e-05,0.0034811974121589399,0,1.8072497819591228e-06
298,6,18,0.29861814158566147,0.089172794484074155,1,-1,3,1,1,2578,0.021167448688969158,0.078437298580957382,0.057269849891988224,0,0.10000000000000001,0.10000000000000001,0.12147623485497384,0,0,1,1,0.00077579519006982156,304,0.042641761174116076,0.051514836448459528,0.0088730752743434518,0.013189808182160638,0.022281521014009337,0.0090917128318486994,0.012733777712012435,0,0,0,0,0,0.66679596586501166,-0.008990244028107967,3.6247639599433103e-05,0.011509115683251005,0,0.02921406080553153
298,6,18,0.29861814158566147,0.089172794484074155,-1,1,1,0,1,246,0,0.0071338235587259319,0.0071338235587259319,0,0.0071686123715564275,0.0071686123715564275,0.010238655805721295,1,0,1,0,0.008130081300813009,0,nan,nan,nan,nan,nan,nan,0,0,0,0,0,nan,0.032520325203252036,-2.4996807279395569e-07,2.9207520883073009e-07,2.8016086470338294e-06,0,0.00046025747375311751
298,6,18,0.29861814158566147,0.089172794484074155,-1,1,3,1,1,3662,0.021167448688969158,0.078437298580957382,0.057269849891988224,0,0.10000000000000001,0.10000000000000001,0.18560133708557322,0,0,1,1,0.0005461496450027307,0,nan,nan,nan,nan,nan,nan,0,0,0,0,0,nan,0.38230475150191151,-0.008990244028107967,-0.00020356575426813255,0.023102123450588978,0,0.02921406080553153
298,6,18,0.29861814158566147,0.089172794484074155,-1,-1,3,1,1,3662,0.021167448688969158,0.078437298580957382,0.057269849891988224,0,0.10000000000000001,0.10000000000000001,0.18560133708557322,0,0,1,1,0.0005461496450027307,0,nan,nan,nan,nan,nan,nan,0,0,0,0,0,nan,0.38230475150191151,-0.008990244028107967,-0.00020356575426813255,0.0077050116194297804,0,0.02921406080553153
299,18,6,0.29861814158566147,0.089172794484074155,1,1,1,0,1,2619,0.0070397143862184321,0.062372627091417152,0.055332912705198717,0,0.10000000000000001,0.10000000000000001,0.13232927026110414,0,0,1,1,0.00076365024818633069,667,0.034529686457638424,0.057885694105742451,0.023356007648104027,0.0081546158753353117,0.034356237491661105,0.026201621616325794,0.036414584917838493,0,0,0,0,0,0.25811378388697975,-1.6416377451806234e-05,5.9387515730488215e-05,0.00088922972264211374,0,0.0045546575557316431
299,18,6,0.29861814158566147,0.089172794484074155,1,1,3,1,1,2578,0.021167448688969158,0.078437298580957382,0.057269849891988224,0,0.10000000000000001,0.10000000000000001,0.12147623485497384,0,0,1,1,0.00077579519006982156,304,0.042641761174116076,0.051514836448459528,0.0088730752743434518,0.013189808182160638,0.022281521014009337,0.0090917128318486994,0.012733777712012435,0,0,0,0,0,0.66679596586501166,-0.008990244028107967,3.6247639599433103e-05,0.033386562659629755,0,0.02921406080553153
299,18,6,0.29861814158566147,0.089172794484074155,1,-1,1,0,1,11,0.044701071926312591,0.044833365931400589,0.00013229400508799755,0.014940257505003905,0.01505879811796164,0.00011854061295773523,0.00038762593829445743,0,0,0,0,0,11,0.044701071926312591,0.044833365931400589,0.00013229400508799755,0.014940257505003905,0.01505879811796164,0.00011854061295773523,0.00038762593829445743,0,0,0,0,0,1,2.5715964567494962e-06,2.3136062733702243e-05,0.0037036951893292258,0.0015933497930495303,-1.0155054252043925e-05
299,18,6,0.29861814158566147,0.089172794484074155,1,-1,1,0,2,11,0.044849814387547454,0.044993431724188161,0.00014361733664070703,0.015073401050223088,0.015203329539176524,0.00012992848895343641,0.00042607061193340002,0,0,0,0,0,11,0.044849814387547454,0.044993431724188161,0.00014361733664070703,0.015073401050223088,0.015203329539176524,0.00012992848895343641,0.00042607061193340002,0,0,0,0,0,1,6.858989758645181e-07,2.4440953009965583e-05,0.0035193848163527332,0.00080129641053806248,-2.5683037501647325e-06
299,18,6,0.29861814158566147,0.089172794484074155,1,-1,1,0,3,11,0.045070924962669637,0.045207875036298382,0.00013695007362874573,0.015270371912006878,0.015397856852403143,0.00012748494039626496,0.0004050612644426734,0,0,0,0,0,11,0.045070924962669637,0.045207875036298382,0.00013695007362874573,0.015270371912006878,0.015397856852403143,0.00012748494039626496,0.0004050612644426734,0,0,0,0,0,1,4.0368313720742923e-06,2.6105354302001279e-05,0.0039675447627197996,0.0019998641464367803,-1.5997826416813247e-05
299,18,6,0.29861814158566147,0.089172794484074155,1,-1,1,0,4,15,0.045217027469950127,0.045425125720113382,0.00020809825016325501,0.015406472178601324,0.015594428799393718,0.00018795662079239446,0.00059647279996861123,0,0,0,0,0,15,0.045217027469950127,0.045425125720113382,0.00020809825016325501,0.015406472178601324,0.015594428799393718,0.00018795662079239446,0.00059647279996861123,0,0,0,0,0,1,1.2241215089129443e-06,2.7660562602056308e-05,0.0038812476110150302,0.0010826161443186937,-4.6882308637578981e-06
299,18,6,0.29861814158566147,0.089172794484074155,1,-1,1,0,5,11,0.045434207955457696,0.045581523479814395,0.00014731552435669898,0.015603298980825468,0.015743173970667761,0.0001398749898422931,0.0004428261905621288,0,0,0,0,0,11,0.045434207955457696,0.045581523479814395,0.00014731552435669898,0.015603298980825468,0.015743173970667761,0.0001398749898422931,0.0004428261905621288,0,0,0,0,0,1,3.3313643558123253e-06,2.8738896647980861e-05,0.0040138438901037004,0.0018117081836700626,-1.3129146171108311e-05
299,18,6,0.29861814158566147,0.089172794484074155,1,-1,1,0,6,15,0.045577753824541677,0.045795647481245622,0.00021789365670394495,0.015739580481117125,0.01594341664928518,0.00020383616816805478,0.00064173567218100502,0,0,0,0,0,13,0.045577753824541677,0.045795647481245622,0.00021789365670394495,0.015739580481117125,0.01594341664928518,0.00020383616816805478,0.0006288855612606091,0,0,0,0,0,0.8666666666666667,-4.5653696112086856e-07,3.0092927492120022e-05,0.0037275884120744019,0,2.1033009935882008e-06
299,18,6,0.29861814158566147,0.089172794484074155,1,-1,1,0,7,47,0.045791106112748267,0.046497122152677012,0.00070601603992874462,0.015939030614400173,0.016609306425173546,0.00067027581077337348,0.0020210018287853534,0,0,0,0,0,45,0.045791106112748267,0.046497122152677012,0.00070601603992874462,0.015939030614400173,0.016609306425173546,0.00067027581077337348,0.0020085987403651996,0,0,0,0,0,0.95744680851063835,-3.5577416606116482e-07,3.3639121193917025e-05,0.0039671095149211733,0,1.7559884408519841e-06
299,18,6,0.29861814158566147,0.089172794484074155,1,-1,1,0,8,121,0.046486132461559235,0.048252058620277795,0.0017659261587185601,0.016597960674773302,0.018412084650515026,0.0018141239757417243,0.0051785423877641953,0,0,0,0,0,115,0.046486132461559235,0.048252058620277795,0.0017659261587185601,0.016597960674773302,0.018412084650515026,0.0018141239757417243,0.0051435456666100244,0,0,0,0,0,0.95041322314049592,-3.9961250937306286e-07,3.6247639599433103e-05,0.0042162432556300741,0,1.9757859889898721e-06
299,18,6,0.29861814158566147,0.089172794484074155,1,-1,1,0,9,31,0.04824567415357655,0.048677392459898959,0.00043171830632240948,0.018405108739806501,0.01887578182700907,0.0004706730872025694,0.0013198486063744346,0,0,0,0,0,29,0.04824567415357655,0.048677392459898959,0.00043171830632240948,0.018405108739806501,0.01887578182700907,0.0004706730872025694,0.0013083131718366419,0,0,0,0,0,0.93548387096774188,-8.4149900775308832e-07,3.5637954833080059e-05,0.0041556771940216737,0,3.7208807213649773e-06
299,18,6,0.29861814158566147,0.089172794484074155,1,-1,1,0,10,31,0.048736153042526487,0.049156102648546564,0.00041994960602007719,0.018937714950377733,0.019411021214681211,0.00047330626430347814,0.0013045090208936259,0,0,0,0,0,29,0.048736153042526487,0.049156102648546564,0.00041994960602007719,0.018937714950377733,0.019411021214681211,0.00047330626430347814,0.0012936418858087726,0,0,0,0,0,0.93548387096774188,-3.7854140035605379e-07,3.4061881239191819e-05,0.0039778575496097392,0,1.8188636956905427e-06
299,18,6,0.29861814158566147,0.089172794484074155,1,-1,1,0,11,31,0.049447069610478858,0.049848885482133787,0.0004018158716549286,0.019737663994970043,0.020211136427270293,0.00047347243230025024,0.0012749493271345641,0,0,0,0,0,29,0.049447069610478858,0.049848885482133787,0.0004018158716549286,0.019737663994970043,0.020211136427270293,0.00047347243230025024,0.0012646540244190517,0,0,0,0,0,0.93548387096774188,-3.9644817624171142e-07,2.9774243562697032e-05,0.0034811974121589399,0,1.8072497819591228e-06
299,18,6,0.29861814158566147,0.089172794484074155,1,-1,3,1,1,2578,0.021167448688969158,0.078437298580957382,0.057269849891988224,0,0.10000000000000001,0.10000000000000001,0.12147623485497384,0,0,1,1,0.00077579519006982156,304,0.042641761174116076,0.051514836448459528,0.0088730752743434518,0.013189808182160638,0.022281521014009337,0.0090917128318486994,0.012733777712012435,0,0,0,0,0,0.66679596586501166,-0.008990244028107967,3.6247639599433103e-05,0.011509115683251005,0,0.02921406080553153
299,18,6,0.29861814158566147,0.089172794484074155,-1,1,1,0,1,246,0,0.0071338235587259319,0.0071338235587259319,0,0.0071686123715564275,0.0071686123715564275,0.010238655805721295,1,0,1,0,0.008130081300813009,0,nan,nan,nan,nan,nan,nan,0,0,0,0,0,nan,0.032520325203252036,-2.4996807279395569e-07,2.9207520883073009e-07,2.8016086470338294e-06,0,0.00046025747375311751
299,18,6,0.29861814158566147,0.089172794484074155,-1,1,3,1,1,3662,0.021167448688969158,0.078437298580957382,0.057269849891988224,0,0.10000000000000001,0.10000000000000001,0.18560133708557322,0,0,1,1,0.0005461496450027307,0,nan,nan,nan,nan,nan,nan,0,0,0,0,0,nan,0.38230475150191151,-0.008990244028107967,-0.00020356575426813255,0.023102123450588978,0,0.02921406080553153
299,18,6,0.29861814158566147,0.089172794484074155,-1,-1,3,1,1,3662,0.021167448688969158,0.078437298580957382,0.057269849891988224,0,0.10000000000000001,0.10000000000000001,0.18560133708557322,0,0,1,1,0.0005461496450027307,0,nan,nan,nan,nan,nan,nan,0,0,0,0,0,nan,0.38230475150191151,-0.008990244028107967,-0.00020356575426813255,0.0077050116194297804,0,0.02921406080553153
300,0,19,0.29882787180852188,0.089298096969610385,1,1,1,0,1,2617,0.0070492801516502486,0.062372343678873378,0.055323063527223132,0,0.10000000000000001,0.10000000000000001,0.13232952231201478,0,0,1,1,0.00076423385555980129,663,0.034529686457638424,0.057885085871808642,0.023355399414170218,0.0081563465425075615,0.034356237491661105,0.026199890949153544,0.036423606937387172,0,0,0,0,0,0.25601834161253345,-1.6050661126887323e-05,5.9073429602437535e-05,0.00085652740797310738,0,0.0045595756791022863
300,0,19,0.29882787180852188,0.089298096969610385,1,1,3,1,1,2576,0.021196888196766878,0.078448192597828953,0.057251304401062075,0,0.10000000000000001,0.10000000000000001,0.12146080903224692,0,0,1,1,0.00077639751552795026,295,0.042801867911941294,0.051417257912718478,0.0086153900007771844,0.013314447205414194,0.022148098732488325,0.0088336515270741305,0.012366640303478272,0,0,0,0,0,0.66381987577639756,-0.0089961430769147262,3.3863894607703263e-05,0.033387000025337683,0,0.029235470266380608
300,0,19,0.29882787180852188,0.089298096969610385,1,-1,1,0,1,11,0.044856344245256564,0.044992965324070711,0.00013662107881414615,0.015073695793642483,0.015197455460290627,0.000123759666648144,0.00040430027123242651,0,0,0,0,0,11,0.044856344245256564,0.044992965324070711,0.00013662107881414615,0.015073695793642483,0.015197455460290627,0.000123759666648144,0.00040430027123242651,0,0,0,0,0,1,2.3651606037355466e-07,2.2236384679364394e-05,0.0033316758730853944,0.00044615814074708905,-7.9622834621959733e-07
300,0,19,0.29882787180852188,0.089298096969610385,1,-1,1,0,2,11,0.045223460321016998,0.045366974542751522,0.00014351422173452394,0.015406912285916683,0.015539148526414958,0.00013223624049827493,0.00042975294676131956,0,0,0,0,0,11,0.045223460321016998,0.045366974542751522,0.00014351422173452394,0.015406912285916683,0.015539148526414958,0.00013223624049827493,0.00042975294676131956,0,0,0,0,0,1,7.7106727624289559e-07,2.504110914184444e-05,0.0035626619638762652,0.0008520409820687773,-2.9038953404989061e-06
300,0,19,0.29882787180852188,0.089298096969610385,1,-1,1,0,3,11,0.045440589568987597,0.045580888683799656,0.00014029911481205914,0.01560593390448551,0.015737269102786451,0.00013133519830094142,0.0004206742155182371,0,0,0,0,0,11,0.045440589568987597,0.045580888683799656,0.00014029911481205914,0.01560593390448551,0.015737269102786451,0.00013133519830094142,0.0004206742155182371,0,0,0,0,0,1,2.8825644479750175e-06,2.6499167752179963e-05,0.0038865289179424028,0.0016853115915450839,-1.1361100642384895e-05
300,0,19,0.29882787180852188,0.089298096969610385,1,-1,1,0,4,15,0.045584084115394892,0.045794845834170525,0.00021076171877563304,0.015740093156126019,0.015937499551438375,0.00019740639531235643,0.00061995258677245745,0,0,0,0,0,13,0.045584084115394892,0.045794845834170525,0.00021076171877563304,0.015740311350313729,0.015937499551438375,0.00019718820112464563,0.00060685768539892482,0,0,0,0,0,0.8666666666666667,-9.1997363098648499e-07,2.783987565922356e-05,0.0036018778567532455,0,3.9247894837179775e-06
300,0,19,0.29882787180852188,0.089298096969610385,1,-1,1,0,5,15,0.045797381950544086,0.046008631580147778,0.00021124962960369226,0.015939944533149175,0.016139878041772793,0.00019993350862361828,0.00062440476640113912,0,0,0,0,0,13,0.045797381950544086,0.046008631580147778,0.00021124962960369226,0.015939944533149175,0.016139878041772793,0.00019993350862361828,0.00061152078350763686,0,0,0,0,0,0.8666666666666667,-1.130917746792093e-07,2.905817889098226e-05,0.003703433417286294,0,7.0284165923586511e-07
300,0,19,0.29882787180852188,0.089298096969610385,1,-1,1,0,6,33,0.046008428508419477,0.046492484473552143,0.00048405596513266536,0.016139680152674384,0.016603350355520945,0.00046367020284656182,0.0013982323020532718,0,0,0,0,0,30,0.046008428508419477,0.046492484473552143,0.00048405596513266536,0.016139680152674384,0.016603350355520945,0.00046367020284656182,0.0013839271210798413,0,0,0,0,0,0.90909090909090906,-8.2918554523367946e-07,3.1341974794502384e-05,0.0038362055672588502,0,3.6141557944051592e-06
300,0,19,0.29882787180852188,0.089298096969610385,1,-1,1,0,7,73,0.046492229901507212,0.047558475944535737,0.001066246043028525,0.016603091917246238,0.017675536937728487,0.0010724450204822496,0.0031127724359209176,0,0,0,0,0,68,0.046492229901507212,0.047558475944535737,0.001066246043028525,0.016603091917246238,0.017675536937728487,0.0010724450204822496,0.0030864541591080112,0,0,0,0,0,0.93150684931506844,-8.9114663628242366e-07,3.3815974273386387e-05,0.0040410800637585382,0,3.9040839461156425e-06
300,0,19,0.29882787180852188,0.089298096969610385,1,-1,1,0,8,23,0.047554522142789213,0.047877682294667857,0.0003231601518786445,0.017671354713934592,0.018009253758526272,0.00033789904459168019,0.00097607206571023763,0,0,0,0,0,23,0.047554522142789213,0.047877682294667857,0.0003231601518786445,0.017671354713934592,0.018009253758526272,0.00033789904459168019,0.00097607206571023763,0,0,0,0,0,1,2.3472265472723524e-07,3.3863894607703263e-05,0.0041493277264432046,0.00039443771388499347,-6.2232444053927982e-07
300,0,19,0.29882787180852188,0.089298096969610385,1,-1,1,0,9,27,0.047874533639202674,0.048250736536949758,0.0003762028977470841,0.018005882227506719,0.018406051230447019,0.00040016900294029961,0.0011403544136798849,0,0,0,0,0,25,0.047874533639202674,0.048250736536949758,0.0003762028977470841,0.018005882227506719,0.018406051230447019,0.00040016900294029961,0.001128374642849306,0,0,0,0,0,0.92592592592592593,-7.6788992888512887e-07,3.3775154598471768e-05,0.0040868270290777822,0,3.39854619575338e-06
300,0,19,0.29882787180852188,0.089298096969610385,1,-1,1,0,10,27,0.048251293803815321,0.048622777135856075,0.00037148333204075484,0.018406658810722721,0.018811128127864306,0.00040446931714158488,0.0011351133852014958,0,0,0,0,0,27,0.048251293803815321,0.048622777135856075,0.00037148333204075484,0.018406658810722721,0.018811128127864306,0.00040446931714158488,0.0011351133852014958,0,0,0,0,0,1,1.2495488734582815e-06,3.3214302168099784e-05,0.0041570003835232749,0.0010873932661384399,-4.7296964609728953e-06
300,0,19,0.29882787180852188,0.089298096969610385,1,-1,1,0,11,27,0.048741645356680685,0.049102327603428197,0.00036068224674751237,0.018940231233717044,0.019344726188197579,0.00040449495448053457,0.0011243609662356514,0,0,0,0,0,25,0.048741645356680685,0.049102327603428197,0.00036068224674751237,0.018940231233717044,0.019344726188197579,0.00040449495448053457,0.0011123979612076506,0,0,0,0,0,0.92592592592592593,-9.0132969298529824e-07,3.1589943700649416e-05,0.0037544111415663169,0,3.8761915614443201e-06
300,0,19,0.29882787180852188,0.089298096969610385,1,-1,1,0,12,23,0.049452375916416866,0.049742074776010198,0.00028969885959333197,0.019742173984633932,0.020079769210320779,0.00033759522568684724,0.00092663352564086726,0,0,0,0,0,21,0.049452375916416866,0.049742074776010198,0.00028969885959333197,0.019742173984633932,0.020079769210320779,0.00033759522568684724,0.00091427231134603602,0,0,0,0,0,0.91304347826086951,-9.3609595601368929e-07,2.7228106357418929e-05,0.0032209441389716418,0,3.9372113617316393e-06
300,0,19,0.29882787180852188,0.089298096969610385,1,-1,3,1,1,2576,0.021196888196766878,0.078448192597828953,0.057251304401062075,0,0.10000000000000001,0.10000000000000001,0.12146080903224692,0,0,1,1,0.00077639751552795026,295,0.042801867911941294,0.051417257912718478,0.0086153900007771844,0.013314447205414194,0.022148098732488325,0.0088336515270741305,0.012366640303478272,0,0,0,0,0,0.66381987577639756,-0.0089961430769147262,3.3863894607703263e-05,0.011483493807347723,0,0.029235470266380608
300,0,19,0.29882787180852188,0.089298096969610385,-1,1,1,0,1,244,0,0.0071438477575688298,0.0071438477575688298,0,0.0071787356089043752,0.0071787356089043752,0.010251733676188802,1,0,1,0,0.0081967213114754103,0,nan,nan,nan,nan,nan,nan,0,0,0,0,0,nan,0.024590163934426229,-2.4307812570889585e-07,5.6060646686569449e-07,2.0181555481985235e-06,0,0.00046155508415340012
300,0,19,0.29882787180852188,0.089298096969610385,-1,1,3,1,1,3664,0.021196888196766878,0.078448192597828953,0.057251304401062075,0,0.10000000000000001,0.10000000000000001,0.18569608544002408,0,0,1,1,0.00054585152838427945,0,nan,nan,nan,nan,nan,nan,0,0,0,0,0,nan,0.38373362445414849,-0.0089961430769147262,-0.00020413824313328491,0.023102667708758049,0,0.029235470266380608
300,0,19,0.29882787180852188,0.089298096969610385,-1,-1,3,1,1,3664,0.021196888196766878,0.078448192597828953,0.057251304401062075,0,0.10000000000000001,0.10000000000000001,0.18569608544002408,0,0,1,1,0.00054585152838427945,0,nan,nan,nan,nan,nan,nan,0,0,0,0,0,nan,0.38373362445414849,-0.0089961430769147262,-0.00020413824313328491,0.0077052822270739906,0,0.029235470266380608
301,19,0,0.29882787180852188,0.089298096969610385,1,1,1,0,1,2617,0.0070492801516502486,0.062372343678873378,0.055323063527223132,0,0.10000000000000001,0.10000000000000001,0.13232952231201478,0,0,1,1,0.00076423385555980129,663,0.034529686457638424,0.057885085871808642,0.023355399414170218,0.0081563465425075615,0.034356237491661105,0.026199890949153544,0.036423606937387172,0,0,0,0,0,0.25601834161253345,-1.6050661126887323e-05,5.9073429602437535e-05,0.00085652740797310738,0,0.0045595756791022863
301,19,0,0.29882787180852188,0.089298096969610385,1,1,3,1,1,2576,0.021196888196766878,0.078448192597828953,0.057251304401062075,0,0.10000000000000001,0.10000000000000001,0.12146080903224692,0,0,1,1,0.00077639751552795026,295,0.042801867911941294,0.051417257912718478,0.0086153900007771844,0.013314447205414194,0.022148098732488325,0.0088336515270741305,0.012366640303478272,0,0,0,0,0,0.66381987577639756,-0.0089961430769147262,3.3863894607703263e-05,0.033387000025337683,0,0.029235470266380608
301,19,0,0.29882787180852188,0.089298096969610385,1,-1,1,0,1,11,0.044856344245256564,0.044992965324070711,0.00013662107881414615,0.015073695793642483,0.015197455460290627,0.000123759666648144,0.00040430027123242651,0,0,0,0,0,11,0.044856344245256564,0.044992965324070711,0.00013662107881414615,0.015073695793642483,0.015197455460290627,0.000123759666648144,0.00040430027123242651,0,0,0,0,0,1,2.3651606037355466e-07,2.2236384679364394e-05,0.0033316758730853944,0.00044615814074708905,-7.9622834621959733e-07
301,19,0,0.29882787180852188,0.089298096969610385,1,-1,1,0,2,11,0.045223460321016998,0.045366974542751522,0.00014351422173452394,0.015406912285916683,0.015539148526414958,0.00013223624049827493,0.00042975294676131956,0,0,0,0,0,11,0.045223460321016998,0.045366974542751522,0.00014351422173452394,0.015406912285916683,0.015539148526414958,0.00013223624049827493,0.00042975294676131956,0,0,0,0,0,1,7.7106727624289559e-07,2.504110914184444e-05,0.0035626619638762652,0.0008520409820687773,-2.9038953404989061e-06
301,19,0,0.29882787180852188,0.089298096969610385,1,-1,1,0,3,11,0.045440589568987597,0.045580888683799656,0.00014029911481205914,0.01560593390448551,0.015737269102786451,0.00013133519830094142,0.0004206742155182371,0,0,0,0,0,11,0.045440589568987597,0.045580888683799656,0.00014029911481205914,0.01560593390448551,0.015737269102786451,0.00013133519830094142,0.0004206742155182371,0,0,0,0,0,1,2.8825644479750175e-06,2.6499167752179963e-05,0.0038865289179424028,0.0016853115915450839,-1.1361100642384895e-05
301,19,0,0.29882787180852188,0.089298096969610385,1,-1,1,0,4,15,0.045584084115394892,0.045794845834170525,0.00021076171877563304,0.015740093156126019,0.015937499551438375,0.00019740639531235643,0.00061995258677245745,0,0,0,0,0,13,0.045584084115394892,0.045794845834170525,0.00021076171877563304,0.015740311350313729,0.015937499551438375,0.00019718820112464563,0.00060685768539892482,0,0,0,0,0,0.8666666666666667,-9.1997363098648499e-07,2.783987565922356e-05,0.0036018778567532455,0,3.9247894837179775e-06
301,19,0,0.29882787180852188,0.089298096969610385,1,-1,1,0,5,15,0.045797381950544086,0.046008631580147778,0.00021124962960369226,0.015939944533149175,0.016139878041772793,0.00019993350862361828,0.00062440476640113912,0,0,0,0,0,13,0.045797381950544086,0.046008631580147778,0.00021124962960369226,0.015939944533149175,0.016139878041772793,0.00019993350862361828,0.00061152078350763686,0,0,0,0,0,0.8666666666666667,-1.130917746792093e-07,2.905817889098226e-05,0.003703433417286294,0,7.0284165923586511e-07
301,19,0,0.29882787180852188,0.089298096969610385,1,-1,1,0,6,33,0.046008428508419477,0.046492484473552143,0.00048405596513266536,0.016139680152674384,0.016603350355520945,0.00046367020284656182,0.0013982323020532718,0,0,0,0,0,30,0.046008428508419477,0.046492484473552143,0.00048405596513266536,0.016139680152674384,0.016603350355520945,0.00046367020284656182,0.0013839271210798413,0,0,0,0,0,0.90909090909090906,-8.2918554523367946e-07,3.1341974794502384e-05,0.0038362055672588502,0,3.6141557944051592e-06
301,19,0,0.29882787180852188,0.089298096969610385,1,-1,1,0,7,73,0.046492229901507212,0.047558475944535737,0.001066246043028525,0.016603091917246238,0.017675536937728487,0.0010724450204822496,0.0031127724359209176,0,0,0,0,0,68,0.046492229901507212,0.047558475944535737,0.001066246043028525,0.016603091917246238,0.017675536937728487,0.0010724450204822496,0.0030864541591080112,0,0,0,0,0,0.93150684931506844,-8.9114663628242366e-07,3.3815974273386387e-05,0.0040410800637585382,0,3.9040839461156425e-06
301,19,0,0.29882787180852188,0.089298096969610385,1,-1,1,0,8,23,0.047554522142789213,0.047877682294667857,0.0003231601518786445,0.017671354713934592,0.018009253758526272,0.00033789904459168019,0.00097607206571023763,0,0,0,0,0,23,0.047554522142789213,0.047877682294667857,0.0003231601518786445,0.017671354713934592,0.018009253758526272,0.00033789904459168019,0.00097607206571023763,0,0,0,0,0,1,2.3472265472723524e-07,3.3863894607703263e-05,0.0041493277264432046,0.00039443771388499347,-6.2232444053927982e-07
301,19,0,0.29882787180852188,0.089298096969610385,1,-1,1,0,9,27,0.047874533639202674,0.048250736536949758,0.0003762028977470841,0.018005882227506719,0.018406051230447019,0.00040016900294029961,0.0011403544136798849,0,0,0,0,0,25,0.047874533639202674,0.048250736536949758,0.0003762028977470841,0.018005882227506719,0.018406051230447019,0.00040016900294029961,0.001128374642849306,0,0,0,0,0,0.92592592592592593,-7.6788992888512887e-07,3.3775154598471768e-05,0.0040868270290777822,0,3.39854619575338e-06
301,19,0,0.29882787180852188,0.089298096969610385,1,-1,1,0,10,27,0.048251293803815321,0.048622777135856075,0.00037148333204075484,0.018406658810722721,0.018811128127864306,0.00040446931714158488,0.0011351133852014958,0,0,0,0,0,27,0.048251293803815321,0.048622777135856075,0.00037148333204075484,0.018406658810722721,0.018811128127864306,0.00040446931714158488,0.0011351133852014958,0,0,0,0,0,1,1.2495488734582815e-06,3.3214302168099784e-05,0.0041570003835232749,0.0010873932661384399,-4.7296964609728953e-06
301,19,0,0.29882787180852188,0.089298096969610385,1,-1,1,0,11,27,0.048741645356680685,0.049102327603428197,0.00036068224674751237,0.018940231233717044,0.019344726188197579,0.00040449495448053457,0.0011243609662356514,0,0,0,0,0,25,0.048741645356680685,0.049102327603428197,0.00036068224674751237,0.018940231233717044,0.019344726188197579,0.00040449495448053457,0.0011123979612076506,0,0,0,0,0,0.92592592592592593,-9.0132969298529824e-07,3.1589943700649416e-05,0.0037544111415663169,0,3.8761915614443201e-06
301,19,0,0.29882787180852188,0.089298096969610385,1,-1,1,0,12,23,0.049452375916416866,0.049742074776010198,0.00028969885959333197,0.019742173984633932,0.020079769210320779,0.00033759522568684724,0.00092663352564086726,0,0,0,0,0,21,0.049452375916416866,0.049742074776010198,0.00028969885959333197,0.019742173984633932,0.020079769210320779,0.00033759522568684724,0.00091427231134603602,0,0,0,0,0,0.91304347826086951,-9.3609595601368929e-07,2.7228106357418929e-05,0.0032209441389716418,0,3.9372113617316393e-06
301,19,0,0.29882787180852188,0.089298096969610385,1,-1,3,1,1,2576,0.021196888196766878,0.078448192597828953,0.057251304401062075,0,0.10000000000000001,0.10000000000000001,0.12146080903224692,0,0,1,1,0.00077639751552795026,295,0.042801867911941294,0.051417257912718478,0.0086153900007771844,0.013314447205414194,0.022148098732488325,0.0088336515270741305,0.012366640303478272,0,0,0,0,0,0.66381987577639756,-0.0089961430769147262,3.3863894607703263e-05,0.011483493807347723,0,0.029235470266380608
301,19,0,0.29882787180852188,0.089298096969610385,-1,1,1,0,1,244,0,0.0071438477575688298,0.0071438477575688298,0,0.0071787356089043752,0.0071787356089043752,0.010251733676188802,1,0,1,0,0.0081967213114754103,0,nan,nan,nan,nan,nan,nan,0,0,0,0,0,nan,0.024590163934426229,-2.4307812570889585e-07,5.6060646686569449e-07,2.0181555481985235e-06,0,0.00046155508415340012
301,19,0,0.29882787180852188,0.089298096969610385,-1,1,3,1,1,3664,0.021196888196766878,0.078448192597828953,0.057251304401062075,0,0.10000000000000001,0.10000000000000001,0.18569608544002408,0,0,1,1,0.00054585152838427945,0,nan,nan,nan,nan,nan,nan,0,0,0,0,0,nan,0.38373362445414849,-0.0089961430769147262,-0.00020413824313328491,0.023102667708758049,0,0.029235470266380608
301,19,0,0.29882787180852188,0.089298096969610385,-1,-1,3,1,1,3664,0.021196888196766878,0.078448192597828953,0.057251304401062075,0,0.10000000000000001,0.10000000000000001,0.18569608544002408,0,0,1,1,0.00054585152838427945,0,nan,nan,nan,nan,nan,nan,0,0,0,0,0,nan,0.38373362445414849,-0.0089961430769147262,-0.00020413824313328491,0.0077052822270739906,0,0.029235470266380608
302,1,19,0.29924457878848165,0.089547317934295809,1,1,1,0,1,2618,0.0070683144293110173,0.062371778681118532,0.055303464251807516,0,0.10000000000000001,0.10000000000000001,0.13228590739572915,0,0,1,1,0.00076394194041252863,652,0.034796531020680449,0.057833756861977434,0.023037225841296985,0.0082949765465271247,0.03422281521014009,0.025927838663612965,0.03599517524935926,0,0,0,0,0,0.2524828113063407,-1.634031918876225e-05,5.844815824679965e-05,0.00079338996269738072,0,0.0045686854071752938
302,1,19,0.29924457878848165,0.089547317934295809,1,1,3,1,1,2576,0.021255450481707919,0.078469870351665222,0.057214419869957303,0,0.10000000000000001,0.10000000000000001,0.12142516017833391,0,0,1,1,0.00077639751552795026,273,0.043173287618576563,0.051127418278852567,0.0079541306602760042,0.013609072715143429,0.021762464212769683,0.0081533914976262539,0.011412113389143223,0,0,0,0,0,0.65760869565217395,-0.0090078804258714208,2.9130321311078778e-05,0.033380869769034385,0,0.029278071706943506
302,1,19,0.29924457878848165,0.089547317934295809,1,-1,1,0,1,11,0.045236254970234868,0.045366132555065282,0.00012987758483041373,0.01540749097866612,0.015527431906854456,0.00011994092818833589,0.00038680611467921676,0,0,0,0,0,9,0.045236254970234868,0.045366132555065282,0.00012987758483041373,0.015408693211751577,0.015527431906854456,0.00011873869510287821,0.00037313337508341034,0,0,0,0,0,0.81818181818181823,-1.3733797265259276e-07,2.0609995650334713e-05,0.0031403848418463873,0,6.8033452406385565e-07
302,1,19,0.29924457878848165,0.089547317934295809,1,-1,1,0,2,15,0.046020798732285761,0.046220853551006101,0.00020005481872033964,0.016141216879004494,0.016332636287695507,0.00019141940869101329,0.00058883219914927115,0,0,0,0,0,15,0.046020798732285761,0.046220853551006101,0.00020005481872033964,0.016141216879004494,0.016332636287695507,0.00019141940869101329,0.00058883219914927115,0,0,0,0,0,1,3.5643365966421959e-06,2.5612586648530886e-05,0.0037901038477614096,0.0018786733005440055,-1.4117653480707627e-05
302,1,19,0.29924457878848165,0.089547317934295809,1,-1,1,0,3,11,0.046298573887681382,0.046434314682152693,0.00013574079447131043,0.016405117924712879,0.016539410615750261,0.00013429269103738123,0.00041626491026805485,0,0,0,0,0,11,0.046298573887681382,0.046434314682152693,0.00013574079447131043,0.016405117924712879,0.016539410615750261,0.00013429269103738123,0.00041626491026805485,0,0,0,0,0,1,2.8846675235919114e-06,2.6543948087260331e-05,0.0038874864000008908,0.0016862976146896642,-1.1374398581232206e-05
302,1,19,0.29924457878848165,0.089547317934295809,1,-1,1,0,4,15,0.046504357433211338,0.046701534471364485,0.00019717703815314708,0.016607036594137804,0.016801134742340962,0.00019409814820315827,0.00059096182128902657,0,0,0,0,0,15,0.046504357433211338,0.046701534471364485,0.00019717703815314708,0.016607036594137804,0.016801134742340962,0.00019409814820315827,0.00059096182128902657,0,0,0,0,0,1,1.1104050776501284e-06,2.7528993971724858e-05,0.0038414855289547337,0.001029675245749701,-4.2409244468388297e-06
302,1,19,0.29924457878848165,0.089547317934295809,1,-1,1,0,5,15,0.0467753754191172,0.046968643020274342,0.00019326760115714187,0.016868597566831876,0.017066496509976804,0.00019789894314492865,0.00058304655825978696,0,0,0,0,0,15,0.0467753754191172,0.046968643020274342,0.00019326760115714187,0.016868597566831876,0.017066496509976804,0.00019789894314492865,0.00058304655825978696,0,0,0,0,0,1,2.7070484773647951e-06,2.8286588583044994e-05,0.0040211175312630408,0.0016310626888055388,-1.0641461979254217e-05
302,1,19,0.29924457878848165,0.089547317934295809,1,-1,1,0,6,19,0.04697618089587987,0.047235345093365036,0.00025916419748516634,0.01707418449320872,0.017335588385131183,0.0002614038919224633,0.00077727214482520984,0,0,0,0,0,17,0.04697618089587987,0.047235345093365036,0.00025916419748516634,0.01707418449320872,0.017335588385131183,0.0002614038919224633,0.00076437819280454752,0,0,0,0,0,0.89473684210526316,-1.0039635128437192e-06,2.8805500620177358e-05,0.0037373106448967334,0,4.2673651497863986e-06
302,1,19,0.29924457878848165,0.089547317934295809,1,-1,1,0,7,15,0.04730616856616604,0.047501835275580148,0.00019566670941410791,0.017404095650982616,0.017608501025836779,0.00020440537485416285,0.00060108926708512449,0,0,0,0,0,15,0.04730616856616604,0.047501835275580148,0.00019566670941410791,0.017404095650982616,0.017608501025836779,0.00020440537485416285,0.00060108926708512449,0,0,0,0,0,1,1.8330655388867033e-06,2.9072146248060071e-05,0.0039547788058095449,0.0013344307639914269,-7.1228218555469724e-06
302,1,19,0.29924457878848165,0.089547317934295809,1,-1,1,0,8,19,0.047566075960208939,0.047821906565467719,0.00025583060525877915,0.017674228708671264,0.017941232525390118,0.00026700381671885404,0.00078108635268231321,0,0,0,0,0,17,0.047566075960208939,0.047821906565467719,0.00025583060525877915,0.017674228708671264,0.017941232525390118,0.00026700381671885404,0.00076838938016080861,0,0,0,0,0,0.89473684210526316,-7.5638936811381883e-07,2.9130321311078778e-05,0.0037183512292487844,0,3.2753838735367723e-06
302,1,19,0.29924457878848165,0.089547317934295809,1,-1,1,0,9,19,0.047949202962919685,0.04819528378492214,0.0002460808220024549,0.018071093547718922,0.018336842485218507,0.00026574893749958459,0.00075757031000952386,0,0,0,0,0,19,0.047949202962919685,0.04819528378492214,0.0002460808220024549,0.018071093547718922,0.018336842485218507,0.00026574893749958459,0.00075757031000952386,0,0,0,0,0,1,1.2601791311185465e-06,2.8952738823333815e-05,0.003924424176661126,0.0010990912810168482,-4.8320065760290251e-06
302,1,19,0.29924457878848165,0.089547317934295809,1,-1,1,0,10,19,0.048324467490115305,0.048568472989450683,0.00024400549933537713,0.01847398993543212,0.018740692822403062,0.00026670288697094174,0.00075990160230804784,0,0,0,0,0,19,0.048324467490115305,0.048568472989450683,0.00024400549933537713,0.01847398993543212,0.018740692822403062,0.00026670288697094174,0.00075990160230804784,0,0,0,0,0,1,2.3326484019009822e-07,2.8227433653573553e-05,0.0036982303709975936,0.00042594956390845369,-7.257321239752074e-07
302,1,19,0.29924457878848165,0.089547317934295809,1,-1,1,0,11,15,0.048812894425252912,0.048995107369643701,0.00018221294439078883,0.019008319580157494,0.019212781934537439,0.00020446235437994453,0.00058409536403293419,0,0,0,0,0,15,0.048812894425252912,0.048995107369643701,0.00018221294439078883,0.019008319580157494,0.019212781934537439,0.00020446235437994453,0.00058409536403293419,0,0,0,0,0,1,8.7826982948308518e-08,2.6375045525671887e-05,0.0034360569524505714,0.00020921214560112847,-1.7507888746811111e-07
302,1,19,0.29924457878848165,0.089547317934295809,1,-1,3,1,1,2576,0.021255450481707919,0.078469870351665222,0.057214419869957303,0,0.10000000000000001,0.10000000000000001,0.12142516017833391,0,0,1,1,0.00077639751552795026,273,0.043173287618576563,0.051127418278852567,0.0079541306602760042,0.013609072715143429,0.021762464212769683,0.0081533914976262539,0.011412113389143223,0,0,0,0,0,0.65760869565217395,-0.0090078804258714208,2.9130321311078778e-05,0.011426554157762619,0,0.029278071706943506
302,1,19,0.29924457878848165,0.089547317934295809,-1,1,1,0,1,245,0,0.0071637854347436645,0.0071637854347436645,0,0.00719887008306116,0.00719887008306116,0.010277758562675036,1,0,1,0,0.0081632653061224497,0,nan,nan,nan,nan,nan,nan,0,0,0,0,0,nan,0.024489795918367346,-1.9771044830455453e-07,5.251216629017846e-08,1.9279861149801021e-06,0,0.00046414137679170125
302,1,19,0.29924457878848165,0.089547317934295809,-1,1,3,1,1,3658,0.021255450481707919,0.078469870351665222,0.057214419869957303,0,0.10000000000000001,0.10000000000000001,0.18545262356239803,0,0,1,1,0.00054674685620557679,0,nan,nan,nan,nan,nan,nan,0,0,0,0,0,nan,0.38408966648441772,-0.0090078804258714208,-0.0002052792870201819,0.023185887012282622,0,0.029278071706943506
302,1,19,0.29924457878848165,0.089547317934295809,-1,-1,3,1,1,3658,0.021255450481707919,0.078469870351665222,0.057214419869957303,0,0.10000000000000001,0.10000000000000001,0.18545262356239803,0,0,1,1,0.00054674685620557679,0,nan,nan,nan,nan,nan,nan,0,0,0,0,0,nan,0.38408966648441772,-0.0090078804258714208,-0.0002052792870201819,0.0077281260055866866,0,0.029278071706943506
303,19,1,0.29924457878848165,0.089547317934295809,1,1,1,0,1,2618,0.0070683144293110173,0.062371778681118532,0.055303464251807516,0,0.10000000000000001,0.10000000000000001,0.13228590739572915,0,0,1,1,0.00076394194041252863,652,0.034796531020680449,0.057833756861977434,0.023037225841296985,0.0082949765465271247,0.03422281521014009,0.025927838663612965,0.03599517524935926,0,0,0,0,0,0.2524828113063407,-1.634031918876225e-05,5.844815824679965e-05,0.00079338996269738072,0,0.0045686854071752938
303,19,1,0.29924457878848165,0.089547317934295809,1,1,3,1,1,2576,0.021255450481707919,0.078469870351665222,0.057214419869957303,0,0.10000000000000001,0.10000000000000001,0.12142516017833391,0,0,1,1,0.00077639751552795026,273,0.043173287618576563,0.051127418278852567,0.0079541306602760042,0.013609072715143429,0.021762464212769683,0.0081533914976262539,0.011412113389143223,0,0,0,0,0,0.65760869565217395,-0.0090078804258714208,2.9130321311078778e-05,0.033380869769034385,0,0.029278071706943506
303,19,1,0.29924457878848165,0.089547317934295809,1,-1,1,0,1,11,0.045236254970234868,0.045366132555065282,0.00012987758483041373,0.01540749097866612,0.015527431906854456,0.00011994092818833589,0.00038680611467921676,0,0,0,0,0,9,0.045236254970234868,0.045366132555065282,0.00012987758483041373,0.015408693211751577,0.015527431906854456,0.00011873869510287821,0.00037313337508341034,0,0,0,0,0,0.81818181818181823,-1.3733797265259276e-07,2.0609995650334713e-05,0.0031403848418463873,0,6.8033452406385565e-07
303,19,1,0.29924457878848165,0.089547317934295809,1,-1,1,0,2,15,0.046020798732285761,0.046220853551006101,0.00020005481872033964,0.016141216879004494,0.016332636287695507,0.00019141940869101329,0.00058883219914927115,0,0,0,0,0,15,0.046020798732285761,0.046220853551006101,0.00020005481872033964,0.016141216879004494,0.016332636287695507,0.00019141940869101329,0.00058883219914927115,0,0,0,0,0,1,3.5643365966421959e-06,2.5612586648530886e-05,0.0037901038477614096,0.0018786733005440055,-1.4117653480707627e-05
303,19,1,0.29924457878848165,0.089547317934295809,1,-1,1,0,3,11,0.046298573887681382,0.046434314682152693,0.00013574079447131043,0.016405117924712879,0.016539410615750261,0.00013429269103738123,0.00041626491026805485,0,0,0,0,0,11,0.046298573887681382,0.046434314682152693,0.00013574079447131043,0.016405117924712879,0.016539410615750261,0.00013429269103738123,0.00041626491026805485,0,0,0,0,0,1,2.8846675235919114e-06,2.6543948087260331e-05,0.0038874864000008908,0.0016862976146896642,-1.1374398581232206e-05
303,19,1,0.29924457878848165,0.089547317934295809,1,-1,1,0,4,15,0.046504357433211338,0.046701534471364485,0.00019717703815314708,0.016607036594137804,0.016801134742340962,0.00019409814820315827,0.00059096182128902657,0,0,0,0,0,15,0.046504357433211338,0.046701534471364485,0.00019717703815314708,0.016607036594137804,0.016801134742340962,0.00019409814820315827,0.00059096182128902657,0,0,0,0,0,1,1.1104050776501284e-06,2.7528993971724858e-05,0.0038414855289547337,0.001029675245749701,-4.2409244468388297e-06
303,19,1,0.29924457878848165,0.089547317934295809,1,-1,1,0,5,15,0.0467753754191172,0.046968643020274342,0.00019326760115714187,0.016868597566831876,0.017066496509976804,0.00019789894314492865,0.00058304655825978696,0,0,0,0,0,15,0.0467753754191172,0.046968643020274342,0.00019326760115714187,0.016868597566831876,0.017066496509976804,0.00019789894314492865,0.00058304655825978696,0,0,0,0,0,1,2.7070484773647951e-06,2.8286588583044994e-05,0.0040211175312630408,0.0016310626888055388,-1.0641461979254217e-05
303,19,1,0.29924457878848165,0.089547317934295809,1,-1,1,0,6,19,0.04697618089587987,0.047235345093365036,0.00025916419748516634,0.01707418449320872,0.017335588385131183,0.0002614038919224633,0.00077727214482520984,0,0,0,0,0,17,0.04697618089587987,0.047235345093365036,0.00025916419748516634,0.01707418449320872,0.017335588385131183,0.0002614038919224633,0.00076437819280454752,0,0,0,0,0,0.89473684210526316,-1.0039635128437192e-06,2.8805500620177358e-05,0.0037373106448967334,0,4.2673651497863986e-06
303,19,1,0.29924457878848165,0.089547317934295809,1,-1,1,0,7,15,0.04730616856616604,0.047501835275580148,0.00019566670941410791,0.017404095650982616,0.017608501025836779,0.00020440537485416285,0.00060108926708512449,0,0,0,0,0,15,0.04730616856616604,0.047501835275580148,0.00019566670941410791,0.017404095650982616,0.017608501025836779,0.00020440537485416285,0.00060108926708512449,0,0,0,0,0,1,1.8330655388867033e-06,2.9072146248060071e-05,0.0039547788058095449,0.0013344307639914269,-7.1228218555469724e-06
303,19,1,0.29924457878848165,0.089547317934295809,1,-1,1,0,8,19,0.047566075960208939,0.047821906565467719,0.00025583060525877915,0.017674228708671264,0.017941232525390118,0.00026700381671885404,0.00078108635268231321,0,0,0,0,0,17,0.047566075960208939,0.047821906565467719,0.00025583060525877915,0.017674228708671264,0.017941232525390118,0.00026700381671885404,0.00076838938016080861,0,0,0,0,0,0.89473684210526316,-7.5638936811381883e-07,2.9130321311078778e-05,0.0037183512292487844,0,3.2753838735367723e-06
303,19,1,0.29924457878848165,0.089547317934295809,1,-1,1,0,9,19,0.047949202962919685,0.04819528378492214,0.0002460808220024549,0.018071093547718922,0.018336842485218507,0.00026574893749958459,0.00075757031000952386,0,0,0,0,0,19,0.047949202962919685,0.04819528378492214,0.0002460808220024549,0.018071093547718922,0.018336842485218507,0.00026574893749958459,0.00075757031000952386,0,0,0,0,0,1,1.2601791311185465e-06,2.8952738823333815e-05,0.003924424176661126,0.0010990912810168482,-4.8320065760290251e-06
303,19,1,0.29924457878848165,0.089547317934295809,1,-1,1,0,10,19,0.048324467490115305,0.048568472989450683,0.00024400549933537713,0.01847398993543212,0.018740692822403062,0.00026670288697094174,0.00075990160230804784,0,0,0,0,0,19,0.048324467490115305,0.048568472989450683,0.00024400549933537713,0.01847398993543212,0.018740692822403062,0.00026670288697094174,0.00075990160230804784,0,0,0,0,0,1,2.3326484019009822e-07,2.8227433653573553e-05,0.0036982303709975936,0.00042594956390845369,-7.257321239752074e-07
303,19,1,0.29924457878848165,0.089547317934295809,1,-1,1,0,11,15,0.048812894425252912,0.048995107369643701,0.00018221294439078883,0.019008319580157494,0.019212781934537439,0.00020446235437994453,0.00058409536403293419,0,0,0,0,0,15,0.048812894425252912,0.048995107369643701,0.00018221294439078883,0.019008319580157494,0.019212781934537439,0.00020446235437994453,0.00058409536403293419,0,0,0,0,0,1,8.7826982948308518e-08,2.6375045525671887e-05,0.0034360569524505714,0.00020921214560112847,-1.7507888746811111e-07
303,19,1,0.29924457878848165,0.089547317934295809,1,-1,3,1,1,2576,0.021255450481707919,0.078469870351665222,0.057214419869957303,0,0.10000000000000001,0.10000000000000001,0.12142516017833391,0,0,1,1,0.00077639751552795026,273,0.043173287618576563,0.051127418278852567,0.0079541306602760042,0.013609072715143429,0.021762464212769683,0.0081533914976262539,0.011412113389143223,0,0,0,0,0,0.65760869565217395,-0.0090078804258714208,2.9130321311078778e-05,0.011426554157762619,0,0.029278071706943506
303,19,1,0.29924457878848165,0.089547317934295809,-1,1,1,0,1,245,0,0.0071637854347436645,0.0071637854347436645,0,0.00719887008306116,0.00719887008306116,0.010277758562675036,1,0,1,0,0.0081632653061224497,0,nan,nan,nan,nan,nan,nan,0,0,0,0,0,nan,0.024489795918367346,-1.9771044830455453e-07,5.251216629017846e-08,1.9279861149801021e-06,0,0.00046414137679170125
303,19,1,0.29924457878848165,0.089547317934295809,-1,1,3,1,1,3658,0.021255450481707919,0.078469870351665222,0.057214419869957303,0,0.10000000000000001,0.10000000000000001,0.18545262356239803,0,0,1,1,0.00054674685620557679,0,nan,nan,nan,nan,nan,nan,0,0,0,0,0,nan,0.38408966648441772,-0.0090078804258714208,-0.0002052792870201819,0.023185887012282622,0,0.029278071706943506
303,19,1,0.29924457878848165,0.089547317934295809,-1,-1,3,1,1,3658,0.021255450481707919,0.078469870351665222,0.057214419869957303,0,0.10000000000000001,0.10000000000000001,0.18545262356239803,0,0,1,1,0.00054674685620557679,0,nan,nan,nan,nan,nan,nan,0,0,0,0,0,nan,0.38408966648441772,-0.0090078804258714208,-0.0002052792870201819,0.0077281260055866866,0,0.029278071706943506
304,2,19,0.30049112918231519,0.090294918717262848,1,1,1,0,1,2617,0.0071254450329771611,0.062370077887976064,0.0552446328549989,0,0.10000000000000001,0.10000000000000001,0.13227774173384033,0,0,1,1,0.00076423385555980129,637,0.035170113408939288,0.057094645139701895,0.021924531730762607,0.0084944226202113872,0.032354903268845894,0.023860480648634507,0.033669925186116917,0,0,0,0,0,0.24684753534581583,-1.5577823452591762e-05,5.6568042926528398e-05,0.00062942990974498565,0,0.0045957611914389414
304,2,19,0.30049112918231519,0.090294918717262848,1,1,3,1,1,2575,0.0214311810648967,0.078534921983281603,0.057103740918384903,0,0.10000000000000001,0.10000000000000001,0.12131787755044839,0,0,1,1,0.00077669902912621365,195,0.044456304202801868,0.050119165990839605,0.0056628617880377374,0.01467348094260513,0.02048032021347565,0.0058068392708705199,0.0081187168607878887,0,0,0,0,0,0.63029126213592235,-0.0090431030729001688,1.4949183347336291e-05,0.033288480557560896,0,0.02940594169455045
304,2,19,0.30049112918231519,0.090294918717262848,1,-1,3,1,1,2575,0.0214311810648967,0.078534921983281603,0.057103740918384903,0,0.10000000000000001,0.10000000000000001,0.12131787755044839,0,0,1,1,0.00077669902912621365,195,0.044456304202801868,0.050119165990839605,0.0056628617880377374,0.01467348094260513,0.02048032021347565,0.0058068392708705199,0.0081187168607878887,0,0,0,0,0,0.63029126213592235,-0.0090431030729001688,1.4949183347336291e-05,0.011237354586055442,0,0.02940594169455045
304,2,19,0.30049112918231519,0.090294918717262848,-1,1,1,0,1,247,0,0.0072235934973810274,0.0072235934973810274,0,0.0072592743471313493,0.0072592743471313493,0.010356041629204789,1,0,1,0,0.0080971659919028341,0,nan,nan,nan,nan,nan,nan,0,0,0,0,0,nan,0.024291497975708502,-1.3168852282778457e-07,2.387404831731034e-07,1.9897091534850024e-06,0,0.00047194339204737314
304,2,19,0.30049112918231519,0.090294918717262848,-1,1,3,1,1,3657,0.0214311810648967,0.078534921983281603,0.057103740918384903,0,0.10000000000000001,0.10000000000000001,0.18521968555657153,0,0,1,1,0.00054689636313918512,0,nan,nan,nan,nan,nan,nan,0,0,0,0,0,nan,0.3866557287394039,-0.0090431030729001688,-0.00020872121206162188,0.023269251258898147,0,0.02940594169455045
304,2,19,0.30049112918231519,0.090294918717262848,-1,-1,3,1,1,3657,0.0214311810648967,0.078534921983281603,0.057103740918384903,0,0.10000000000000001,0.10000000000000001,0.18521968555657153,0,0,1,1,0.00054689636313918512,0,nan,nan,nan,nan,nan,nan,0,0,0,0,0,nan,0.3866557287394039,-0.0090431030729001688,-0.00020872121206162188,0.0077460605143369349,0,0.02940594169455045
305,19,2,0.30049112918231519,0.090294918717262848,1,1,1,0,1,2617,0.0071254450329771611,0.062370077887976064,0.0552446328549989,0,0.10000000000000001,0.10000000000000001,0.13227774173384033,0,0,1,1,0.00076423385555980129,637,0.035170113408939288,0.057094645139701895,0.021924531730762607,0.0084944226202113872,0.032354903268845894,0.023860480648634507,0.033669925186116917,0,0,0,0,0,0.24684753534581583,-1.5577823452591762e-05,5.6568042926528398e-05,0.00062942990974498565,0,0.0045957611914389414
305,19,2,0.30049112918231519,0.090294918717262848,1,1,3,1,1,2575,0.0214311810648967,0.078534921983281603,0.057103740918384903,0,0.10000000000000001,0.10000000000000001,0.12131787755044839,0,0,1,1,0.00077669902912621365,195,0.044456304202801868,0.050119165990839605,0.0056628617880377374,0.01467348094260513,0.02048032021347565,0.0058068392708705199,0.0081187168607878887,0,0,0,0,0,0.63029126213592235,-0.0090431030729001688,1.4949183347336291e-05,0.033288480557560896,0,0.02940594169455045
305,19,2,0.30049112918231519,0.090294918717262848,1,-1,3,1,1,2575,0.0214311810648967,0.078534921983281603,0.057103740918384903,0,0.10000000000000001,0.10000000000000001,0.12131787755044839,0,0,1,1,0.00077669902912621365,195,0.044456304202801868,0.050119165990839605,0.0056628617880377374,0.01467348094260513,0.02048032021347565,0.0058068392708705199,0.0081187168607878887,0,0,0,0,0,0.63029126213592235,-0.0090431030729001688,1.4949183347336291e-05,0.011237354586055442,0,0.02940594169455045
305,19,2,0.30049112918231519,0.090294918717262848,-1,1,1,0,1,247,0,0.0072235934973810274,0.0072235934973810274,0,0.0072592743471313493,0.0072592743471313493,0.010356041629204789,1,0,1,0,0.0080971659919028341,0,nan,nan,nan,nan,nan,nan,0,0,0,0,0,nan,0.024291497975708502,-1.3168852282778457e-07,2.387404831731034e-07,1.9897091534850024e-06,0,0.00047194339204737314
305,19,2,0.30049112918231519,0.090294918717262848,-1,1,3,1,1,3657,0.0214311810648967,0.078534921983281603,0.057103740918384903,0,0.10000000000000001,0.10000000000000001,0.18521968555657153,0,0,1,1,0.00054689636313918512,0,nan,nan,nan,nan,nan,nan,0,0,0,0,0,nan,0.3866557287394039,-0.0090431030729001688,-0.00020872121206162188,0.023269251258898147,0,0.02940594169455045
305,19,2,0.30049112918231519,0.090294918717262848,-1,-1,3,1,1,3657,0.0214311810648967,0.078534921983281603,0.057103740918384903,0,0.10000000000000001,0.10000000000000001,0.18521968555657153,0,0,1,1,0.00054689636313918512,0,nan,nan,nan,nan,nan,nan,0,0,0,0,0,nan,0.3866557287394039,-0.0090431030729001688,-0.00020872121206162188,0.0077460605143369349,0,0.02940594169455045
306,13,14,0.30103386854808173,0.090621390013023759,1,1,1,0,1,2617,0.0071504087463199507,0.062369331278086901,0.055218922531766954,0,0.10000000000000001,0.10000000000000001,0.13231139844401132,0,0,1,1,0.00076423385555980129,607,0.035543695797198141,0.05714713219579716,0.021603436398599019,0.0086938392876450728,0.03248832555036691,0.023794486262721837,0.033386850064787379,0,0,0,0,0,0.2353840275124188,-1.4784902654697163e-05,5.5744958359237523e-05,0.00057826558106755519,0,0.0046076356346742391
306,13,14,0.30103386854808173,0.090621390013023759,1,1,3,1,1,2573,0.021507947353259654,0.078563340909530099,0.057055393556270442,0,0.10000000000000002,0.10000000000000002,0.12127233383008093,0,0,1,1,0.00077730275942479595,151,0.045145498045899853,0.049526350900600397,0.004380852854700544,0.015276851234156104,0.019767711998919697,0.0044908607647635938,0.0062773311994586273,0,0,0,0,0,0.61484648270501363,-0.0090584909668372411,8.7674247053093791e-06,0.033291931068019205,0,0.029461817665466218
306,13,14,0.30103386854808173,0.090621390013023759,1,-1,3,1,1,2573,0.021507947353259654,0.078563340909530099,0.057055393556270442,0,0.10000000000000002,0.10000000000000002,0.12127233383008093,0,0,1,1,0.00077730275942479595,151,0.045145498045899853,0.049526350900600397,0.004380852854700544,0.015276851234156104,0.019767711998919697,0.0044908607647635938,0.0062773311994586273,0,0,0,0,0,0.61484648270501363,-0.0090584909668372411,8.7674247053093791e-06,0.011167286585536599,0,0.029461817665466218
306,13,14,0.30103386854808173,0.090621390013023759,-1,1,1,0,1,250,0,0.0072497112010419008,0.0072497112010419008,0,0.0072856539648282967,0.0072856539648282967,0.010390325548334346,1,0,1,0,0.0080000000000000002,0,nan,nan,nan,nan,nan,nan,0,0,0,0,0,nan,0.032000000000000001,-1.5100029100897623e-07,2.6092259391612756e-07,3.2272683430814016e-06,0,0.0004753709695229982
306,13,14,0.30103386854808173,0.090621390013023759,-1,1,3,1,1,3659,0.021507947353259654,0.078563340909530099,0.057055393556270442,0,0.10000000000000002,0.10000000000000002,0.18539352960291974,0,0,1,1,0.00054659743099207429,0,nan,nan,nan,nan,nan,nan,0,0,0,0,0,nan,0.38808417600437278,-0.0090584909668372411,-0.00021023324999404962,0.023310264114046568,0,0.029461817665466218
306,13,14,0.30103386854808173,0.090621390013023759,-1,-1,3,1,1,3659,0.021507947353259654,0.078563340909530099,0.057055393556270442,0,0.10000000000000002,0.10000000000000002,0.18539352960291974,0,0,1,1,0.00054659743099207429,0,nan,nan,nan,nan,nan,nan,0,0,0,0,0,nan,0.38808417600437278,-0.0090584909668372411,-0.00021023324999404962,0.0077547569022223687,0,0.029461817665466218
307,14,13,0.30103386854808173,0.090621390013023759,1,1,1,0,1,2617,0.0071504087463199507,0.062369331278086901,0.055218922531766954,0,0.10000000000000001,0.10000000000000001,0.13231139844401132,0,0,1,1,0.00076423385555980129,607,0.035543695797198141,0.05714713219579716,0.021603436398599019,0.0086938392876450728,0.03248832555036691,0.023794486262721837,0.033386850064787379,0,0,0,0,0,0.2353840275124188,-1.4784902654697163e-05,5.5744958359237523e-05,0.00057826558106755519,0,0.0046076356346742391
307,14,13,0.30103386854808173,0.090621390013023759,1,1,3,1,1,2573,0.021507947353259654,0.078563340909530099,0.057055393556270442,0,0.10000000000000002,0.10000000000000002,0.12127233383008093,0,0,1,1,0.00077730275942479595,151,0.045145498045899853,0.049526350900600397,0.004380852854700544,0.015276851234156104,0.019767711998919697,0.0044908607647635938,0.0062773311994586273,0,0,0,0,0,0.61484648270501363,-0.0090584909668372411,8.7674247053093791e-06,0.033291931068019205,0,0.029461817665466218
307,14,13,0.30103386854808173,0.090621390013023759,1,-1,3,1,1,2573,0.021507947353259654,0.078563340909530099,0.057055393556270442,0,0.10000000000000002,0.10000000000000002,0.12127233383008093,0,0,1,1,0.00077730275942479595,151,0.045145498045899853,0.049526350900600397,0.004380852854700544,0.015276851234156104,0.019767711998919697,0.0044908607647635938,0.0062773311994586273,0,0,0,0,0,0.61484648270501363,-0.0090584909668372411,8.7674247053093791e-06,0.011167286585536599,0,0.029461817665466218
307,14,13,0.30103386854808173,0.090621390013023759,-1,1,1,0,1,250,0,0.0072497112010419008,0.0072497112010419008,0,0.0072856539648282967,0.0072856539648282967,0.010390325548334346,1,0,1,0,0.0080000000000000002,0,nan,nan,nan,nan,nan,nan,0,0,0,0,0,nan,0.032000000000000001,-1.5100029100897623e-07,2.6092259391612756e-07,3.2272683430814016e-06,0,0.0004753709695229982
307,14,13,0.30103386854808173,0.090621390013023759,-1,1,3,1,1,3659,0.021507947353259654,0.078563340909530099,0.057055393556270442,0,0.10000000000000002,0.10000000000000002,0.18539352960291974,0,0,1,1,0.00054659743099207429,0,nan,nan,nan,nan,nan,nan,0,0,0,0,0,nan,0.38808417600437278,-0.0090584909668372411,-0.00021023324999404962,0.023310264114046568,0,0.029461817665466218
307,14,13,0.30103386854808173,0.090621390013023759,-1,-1,3,1,1,3659,0.021507947353259654,0.078563340909530099,0.057055393556270442,0,0.10000000000000002,0.10000000000000002,0.18539352960291974,0,0,1,1,0.00054659743099207429,0,nan,nan,nan,nan,nan,nan,0,0,0,0,0,nan,0.38808417600437278,-0.0090584909668372411,-0.00021023324999404962,0.0077547569022223687,0,0.029461817665466218
308,3,19,0.30255695827517037,0.091540713000723181,1,1,1,0,1,2615,0.0072207797222227166,0.062367217417506886,0.05514643769528417,0,0.10000000000000001,0.10000000000000001,0.13218097215679628,0,0,1,1,0.00076481835564053537,572,0.036024016010673773,0.057248649912602423,0.02122463390192865,0.0089603352679974765,0.032755170113408935,0.023794834845411457,0.033008777786235649,0,0,0,0,0,0.22217973231357552,-1.4564601072908411e-05,5.3420710103471616e-05,0.00051529922296147653,0,0.0046412368810338058
308,3,19,0.30255695827517037,0.091540713000723181,1,1,3,1,1,2570,0.021723559637003002,0.078643423369011187,0.056919863732008184,0,0.10000000000000001,0.10000000000000001,0.12114438744342987,0,0,1,1,0.00077821011673151756,0,nan,nan,nan,nan,nan,nan,0,0,0,0,0,nan,0.56186770428015564,-0.0091018507848929283,-8.6040016670122323e-06,0.033325687734187127,0,0.02961930484133081
308,3,19,0.30255695827517037,0.091540713000723181,1,-1,3,1,1,2570,0.021723559637003002,0.078643423369011187,0.056919863732008184,0,0.10000000000000001,0.10000000000000001,0.12114438744342987,0,0,1,1,0.00077821011673151756,0,nan,nan,nan,nan,nan,nan,0,0,0,0,0,nan,0.56186770428015564,-0.0091018507848929283,-8.6040016670122323e-06,0.011072758133113897,0,0.02961930484133081
308,3,19,0.30255695827517037,0.091540713000723181,-1,1,1,0,1,251,0,0.0073232570400578552,0.0073232570400578552,0,0.0073599426327784229,0.0073599426327784229,0.01048724269915087,1,0,1,0,0.0079681274900398405,0,nan,nan,nan,nan,nan,nan,0,0,0,0,0,nan,0.027888446215139442,-1.2804976339821864e-07,7.1195586099002364e-07,2.3060993196437937e-06,0,0.00048508979620465827
308,3,19,0.30255695827517037,0.091540713000723181,-1,1,3,1,1,3660,0.021723559637003002,0.078643423369011187,0.056919863732008184,0,0.10000000000000001,0.10000000000000001,0.18519272430781869,0,0,1,1,0.00054644808743169399,0,nan,nan,nan,nan,nan,nan,0,0,0,0,0,nan,0.39071038251366119,-0.0091018507848929283,-0.00021452037469902766,0.023393199748927698,0,0.02961930484133081
308,3,19,0.30255695827517037,0.091540713000723181,-1,-1,3,1,1,3660,0.021723559637003002,0.078643423369011187,0.056919863732008184,0,0.10000000000000001,0.10000000000000001,0.18519272430781869,0,0,1,1,0.00054644808743169399,0,nan,nan,nan,nan,nan,nan,0,0,0,0,0,nan,0.39071038251366119,-0.0091018507848929283,-0.00021452037469902766,0.0077710090727359619,0,0.02961930484133081
309,19,3,0.30255695827517037,0.091540713000723181,1,1,1,0,1,2615,0.0072207797222227166,0.062367217417506886,0.05514643769528417,0,0.10000000000000001,0.10000000000000001,0.13218097215679628,0,0,1,1,0.00076481835564053537,572,0.036024016010673773,0.057248649912602423,0.02122463390192865,0.0089603352679974765,0.032755170113408935,0.023794834845411457,0.033008777786235649,0,0,0,0,0,0.22217973231357552,-1.4564601072908411e-05,5.3420710103471616e-05,0.00051529922296147653,0,0.0046412368810338058
309,19,3,0.30255695827517037,0.091540713000723181,1,1,3,1,1,2570,0.021723559637003002,0.078643423369011187,0.056919863732008184,0,0.10000000000000001,0.10000000000000001,0.12114438744342987,0,0,1,1,0.00077821011673151756,0,nan,nan,nan,nan,nan,nan,0,0,0,0,0,nan,0.56186770428015564,-0.0091018507848929283,-8.6040016670122323e-06,0.033325687734187127,0,0.02961930484133081
309,19,3,0.30255695827517037,0.091540713000723181,1,-1,3,1,1,2570,0.021723559637003002,0.078643423369011187,0.056919863732008184,0,0.10000000000000001,0.10000000000000001,0.12114438744342987,0,0,1,1,0.00077821011673151756,0,nan,nan,nan,nan,nan,nan,0,0,0,0,0,nan,0.56186770428015564,-0.0091018507848929283,-8.6040016670122323e-06,0.011072758133113897,0,0.02961930484133081
309,19,3,0.30255695827517037,0.091540713000723181,-1,1,1,0,1,251,0,0.0073232570400578552,0.0073232570400578552,0,0.0073599426327784229,0.0073599426327784229,0.01048724269915087,1,0,1,0,0.0079681274900398405,0,nan,nan,nan,nan,nan,nan,0,0,0,0,0,nan,0.027888446215139442,-1.2804976339821864e-07,7.1195586099002364e-07,2.3060993196437937e-06,0,0.00048508979620465827
309,19,3,0.30255695827517037,0.091540713000723181,-1,1,3,1,1,3660,0.021723559637003002,0.078643423369011187,0.056919863732008184,0,0.10000000000000001,0.10000000000000001,0.18519272430781869,0,0,1,1,0.00054644808743169399,0,nan,nan,nan,nan,nan,nan,0,0,0,0,0,nan,0.39071038251366119,-0.0091018507848929283,-0.00021452037469902766,0.023393199748927698,0,0.02961930484133081
309,19,3,0.30255695827517037,0.091540713000723181,-1,-1,3,1,1,3660,0.021723559637003002,0.078643423369011187,0.056919863732008184,0,0.10000000000000001,0.10000000000000001,0.18519272430781869,0,0,1,1,0.00054644808743169399,0,nan,nan,nan,nan,nan,nan,0,0,0,0,0,nan,0.39071038251366119,-0.0091018507848929283,-0.00021452037469902766,0.0077710090727359619,0,0.02961930484133081
310,12,15,0.30264779715293694,0.09159568912152527,1,1,1,0,1,2615,0.0072249909673132388,0.062367090522659256,0.055142099555346019,0,0.10000000000000001,0.10000000000000001,0.13218051591631452,0,0,1,1,0.00076481835564053537,559,0.03602401601067378,0.057248255428026959,0.021224239417353179,0.0089608917871879124,0.032755170113408935,0.023794278326221024,0.032986218001688092,0,0,0,0,0,0.21720841300191204,-1.4855649137164952e-05,5.3281421269506658e-05,0.00050653009742803172,0,0.0046432538486364701
310,12,15,0.30264779715293694,0.09159568912152527,1,1,3,1,1,2570,0.021736422707688316,0.078648214028880642,0.056911791321192326,0,0.10000000000000001,0.10000000000000001,0.12113591416570917,0,0,1,1,0.00077821011673151756,0,nan,nan,nan,nan,nan,nan,0,0,0,0,0,nan,0.5622568093385214,-0.0091044446900787369,-9.6393562951641422e-06,0.033330916700035941,0,0.029628728114033432
310,12,15,0.30264779715293694,0.09159568912152527,1,-1,3,1,1,2570,0.021736422707688316,0.078648214028880642,0.056911791321192326,0,0.10000000000000001,0.10000000000000001,0.12113591416570917,0,0,1,1,0.00077821011673151756,0,nan,nan,nan,nan,nan,nan,0,0,0,0,0,nan,0.5622568093385214,-0.0091044446900787369,-9.6393562951641422e-06,0.011073735579255129,0,0.029628728114033432
310,12,15,0.30264779715293694,0.09159568912152527,-1,1,1,0,1,251,0,0.0073276551297220219,0.0073276551297220219,0,0.007364385461530204,0.007364385461530204,0.010493056197971765,1,0,1,0,0.0079681274900398405,0,nan,nan,nan,nan,nan,nan,0,0,0,0,0,nan,0.027888446215139442,-1.3444091271686866e-07,8.462664945714987e-07,2.2858548095774243e-06,0,0.00048567412736581344
310,12,15,0.30264779715293694,0.09159568912152527,-1,1,3,1,1,3658,0.021736422707688316,0.078648214028880642,0.056911791321192326,0,0.10000000000000001,0.10000000000000001,0.18513747587432638,0,0,1,1,0.00054674685620557679,0,nan,nan,nan,nan,nan,nan,0,0,0,0,0,nan,0.39065062875888462,-0.0091044446900787369,-0.00021477811880056573,0.023408571438815851,0,0.029628728114033432
310,12,15,0.30264779715293694,0.09159568912152527,-1,-1,3,1,1,3658,0.021736422707688316,0.078648214028880642,0.056911791321192326,0,0.10000000000000001,0.10000000000000001,0.18513747587432638,0,0,1,1,0.00054674685620557679,0,nan,nan,nan,nan,nan,nan,0,0,0,0,0,nan,0.39065062875888462,-0.0091044446900787369,-0.00021477811880056573,0.0077753669515272161,0,0.029628728114033432
311,15,12,0.30264779715293694,0.09159568912152527,1,1,1,0,1,2615,0.0072249909673132388,0.062367090522659256,0.055142099555346019,0,0.10000000000000001,0.10000000000000001,0.13218051591631452,0,0,1,1,0.00076481835564053537,559,0.03602401601067378,0.057248255428026959,0.021224239417353179,0.0089608917871879124,0.032755170113408935,0.023794278326221024,0.032986218001688092,0,0,0,0,0,0.21720841300191204,-1.4855649137164952e-05,5.3281421269506658e-05,0.00050653009742803172,0,0.0046432538486364701
311,15,12,0.30264779715293694,0.09159568912152527,1,1,3,1,1,2570,0.021736422707688316,0.078648214028880642,0.056911791321192326,0,0.10000000000000001,0.10000000000000001,0.12113591416570917,0,0,1,1,0.00077821011673151756,0,nan,nan,nan,nan,nan,nan,0,0,0,0,0,nan,0.5622568093385214,-0.0091044446900787369,-9.6393562951641422e-06,0.033330916700035941,0,0.029628728114033432
311,15,12,0.30264779715293694,0.09159568912152527,1,-1,3,1,1,2570,0.021736422707688316,0.078648214028880642,0.056911791321192326,0,0.10000000000000001,0.10000000000000001,0.12113591416570917,0,0,1,1,0.00077821011673151756,0,nan,nan,nan,nan,nan,nan,0,0,0,0,0,nan,0.5622568093385214,-0.0091044446900787369,-9.6393562951641422e-06,0.011073735579255129,0,0.029628728114033432
311,15,12,0.30264779715293694,0.09159568912152527,-1,1,1,0,1,251,0,0.0073276551297220219,0.0073276551297220219,0,0.007364385461530204,0.007364385461530204,0.010493056197971765,1,0,1,0,0.0079681274900398405,0,nan,nan,nan,nan,nan,nan,0,0,0,0,0,nan,0.027888446215139442,-1.3444091271686866e-07,8.462664945714987e-07,2.2858548095774243e-06,0,0.00048567412736581344
311,15,12,0.30264779715293694,0.09159568912152527,-1,1,3,1,1,3658,0.021736422707688316,0.078648214028880642,0.056911791321192326,0,0.10000000000000001,0.10000000000000001,0.18513747587432638,0,0,1,1,0.00054674685620557679,0,nan,nan,nan,nan,nan,nan,0,0,0,0,0,nan,0.39065062875888462,-0.0091044446900787369,-0.00021477811880056573,0.023408571438815851,0,0.029628728114033432
311,15,12,0.30264779715293694,0.09159568912152527,-1,-1,3,1,1,3658,0.021736422707688316,0.078648214028880642,0.056911791321192326,0,0.10000000000000001,0.10000000000000001,0.18513747587432638,0,0,1,1,0.00054674685620557679,0,nan,nan,nan,nan,nan,nan,0,0,0,0,0,nan,0.39065062875888462,-0.0091044446900787369,-0.00021477811880056573,0.0077753669515272161,0,0.029628728114033432
312,9,17,0.30290007358147386,0.091748454575662275,1,1,1,0,1,2615,0.0072366935947198244,0.062366737649806915,0.055130044055087091,0,0.10000000000000001,0.10000000000000001,0.13211664976933374,0,0,1,1,0.00076481835564053537,553,0.03602401601067378,0.057247242866860476,0.021223226856186696,0.0089622883926658778,0.032755170113408935,0.023792881720743057,0.032944890004404301,0,0,0,0,0,0.21491395793499043,-1.4609139784534732e-05,5.2894198143835458e-05,0.00049939805436527527,0,0.0046488629859692092
312,9,17,0.30290007358147386,0.091748454575662275,1,1,3,1,1,2571,0.021772166096020725,0.078661526123657372,0.056889360027636643,0,0.10000000000000001,0.10000000000000001,0.12111559598447044,0,0,1,1,0.00077790742901594711,0,nan,nan,nan,nan,nan,nan,0,0,0,0,0,nan,0.56281602489303773,-0.0091116527173978352,-1.2515932609091161e-05,0.033332464141724062,0,0.02965491501988754
312,9,17,0.30290007358147386,0.091748454575662275,1,-1,3,1,1,2571,0.021772166096020725,0.078661526123657372,0.056889360027636643,0,0.10000000000000001,0.10000000000000001,0.12111559598447044,0,0,1,1,0.00077790742901594711,0,nan,nan,nan,nan,nan,nan,0,0,0,0,0,nan,0.56281602489303773,-0.0091116527173978352,-1.2515932609091161e-05,0.011072157457623074,0,0.02965491501988754
312,9,17,0.30290007358147386,0.091748454575662275,-1,1,1,0,1,251,0,0.0073398763660529817,0.0073398763660529817,0,0.0073767309536146497,0.0073767309536146497,0.010509216780600636,1,0,1,0,0.0079681274900398405,0,nan,nan,nan,nan,nan,nan,0,0,0,0,0,nan,0.023904382470119521,-1.2672413116474491e-07,7.8309831596949707e-07,2.0757522514415098e-06,0,0.00048729968134510963
312,9,17,0.30290007358147386,0.091748454575662275,-1,1,3,1,1,3659,0.021772166096020725,0.078661526123657372,0.056889360027636643,0,0.10000000000000001,0.10000000000000001,0.18498481658861249,0,0,1,1,0.00054659743099207429,0,nan,nan,nan,nan,nan,nan,0,0,0,0,0,nan,0.39109046187482921,-0.0091116527173978352,-0.00021549514027577253,0.023412330570896044,0,0.02965491501988754
312,9,17,0.30290007358147386,0.091748454575662275,-1,-1,3,1,1,3659,0.021772166096020725,0.078661526123657372,0.056889360027636643,0,0.10000000000000001,0.10000000000000001,0.18498481658861249,0,0,1,1,0.00054659743099207429,0,nan,nan,nan,nan,nan,nan,0,0,0,0,0,nan,0.39109046187482921,-0.0091116527173978352,-0.00021549514027577253,0.007775217914087632,0,0.02965491501988754
313,17,9,0.30290007358147386,0.091748454575662275,1,1,1,0,1,2615,0.0072366935947198244,0.062366737649806915,0.055130044055087091,0,0.10000000000000001,0.10000000000000001,0.13211664976933374,0,0,1,1,0.00076481835564053537,553,0.03602401601067378,0.057247242866860476,0.021223226856186696,0.0089622883926658778,0.032755170113408935,0.023792881720743057,0.032944890004404301,0,0,0,0,0,0.21491395793499043,-1.4609139784534732e-05,5.2894198143835458e-05,0.00049939805436527527,0,0.0046488629859692092
313,17,9,0.30290007358147386,0.091748454575662275,1,1,3,1,1,2571,0.021772166096020725,0.078661526123657372,0.056889360027636643,0,0.10000000000000001,0.10000000000000001,0.12111559598447044,0,0,1,1,0.00077790742901594711,0,nan,nan,nan,nan,nan,nan,0,0,0,0,0,nan,0.56281602489303773,-0.0091116527173978352,-1.2515932609091161e-05,0.033332464141724062,0,0.02965491501988754
313,17,9,0.30290007358147386,0.091748454575662275,1,-1,3,1,1,2571,0.021772166096020725,0.078661526123657372,0.056889360027636643,0,0.10000000000000001,0.10000000000000001,0.12111559598447044,0,0,1,1,0.00077790742901594711,0,nan,nan,nan,nan,nan,nan,0,0,0,0,0,nan,0.56281602489303773,-0.0091116527173978352,-1.2515932609091161e-05,0.011072157457623074,0,0.02965491501988754
313,17,9,0.30290007358147386,0.091748454575662275,-1,1,1,0,1,251,0,0.0073398763660529817,0.0073398763660529817,0,0.0073767309536146497,0.0073767309536146497,0.010509216780600636,1,0,1,0,0.0079681274900398405,0,nan,nan,nan,nan,nan,nan,0,0,0,0,0,nan,0.023904382470119521,-1.2672413116474491e-07,7.8309831596949707e-07,2.0757522514415098e-06,0,0.00048729968134510963
313,17,9,0.30290007358147386,0.091748454575662275,-1,1,3,1,1,3659,0.021772166096020725,0.078661526123657372,0.056889360027636643,0,0.10000000000000001,0.10000000000000001,0.18498481658861249,0,0,1,1,0.00054659743099207429,0,nan,nan,nan,nan,nan,nan,0,0,0,0,0,nan,0.39109046187482921,-0.0091116527173978352,-0.00021549514027577253,0.023412330570896044,0,0.02965491501988754
313,17,9,0.30290007358147386,0.091748454575662275,-1,-1,3,1,1,3659,0.021772166096020725,0.078661526123657372,0.056889360027636643,0,0.10000000000000001,0.10000000000000001,0.18498481658861249,0,0,1,1,0.00054659743099207429,0,nan,nan,nan,nan,nan,nan,0,0,0,0,0,nan,0.39109046187482921,-0.0091116527173978352,-0.00021549514027577253,0.007775217914087632,0,0.02965491501988754
314,7,18,0.30398522617474422,0.092407017732510394,1,1,1,0,1,2614,0.0072871698113081496,0.062365212310851202,0.055078042499543053,0,0.10000000000000001,0.10000000000000001,0.1319359608606395,0,0,1,1,0.00076511094108645751,526,0.036504336224149433,0.056824834705334969,0.020320498481185535,0.0092324656195657221,0.031754503002001333,0.022522037382435613,0.031231545171761126,0,0,0,0,0,0.2046671767406274,-1.3183838415572441e-05,5.1222032607610844e-05,0.0004455402327257991,0,0.0046731185076038222
314,7,18,0.30398522617474422,0.092407017732510394,1,1,3,1,1,2569,0.021926306485893311,0.078718944136370414,0.056792637650477103,0,0.10000000000000001,0.10000000000000001,0.1210267321939249,0,0,1,1,0.00077851304009342152,0,nan,nan,nan,nan,nan,nan,0,0,0,0,0,nan,0.56675749318801094,-0.0091427409125595226,-2.4901727887243735e-05,0.0334634323427263,0,0.029767877701259843
314,7,18,0.30398522617474422,0.092407017732510394,1,-1,3,1,1,2569,0.021926306485893311,0.078718944136370414,0.056792637650477103,0,0.10000000000000001,0.10000000000000001,0.1210267321939249,0,0,1,1,0.00077851304009342152,0,nan,nan,nan,nan,nan,nan,0,0,0,0,0,nan,0.56675749318801094,-0.0091427409125595226,-2.4901727887243735e-05,0.011103495864681777,0,0.029767877701259843
314,7,18,0.30398522617474422,0.092407017732510394,-1,1,1,0,1,253,0,0.0073925614186008317,0.0073925614186008317,0,0.0074299539772251268,0.0074299539772251268,0.010579094321707304,1,0,1,0,0.0079051383399209481,0,nan,nan,nan,nan,nan,nan,0,0,0,0,0,nan,0.02766798418972332,-1.3185828131692429e-07,1.0921016231566356e-06,2.304211288507212e-06,0,0.00049433859188796245
314,7,18,0.30398522617474422,0.092407017732510394,-1,1,3,1,1,3653,0.021926306485893311,0.078718944136370414,0.056792637650477103,0,0.10000000000000001,0.10000000000000001,0.18481656208870645,0,0,1,1,0.00054749520941691757,0,nan,nan,nan,nan,nan,nan,0,0,0,0,0,nan,0.39282781275663836,-0.0091427409125595226,-0.00021859985731114215,0.02352341882411749,0,0.029767877701259843
314,7,18,0.30398522617474422,0.092407017732510394,-1,-1,3,1,1,3653,0.021926306485893311,0.078718944136370414,0.056792637650477103,0,0.10000000000000001,0.10000000000000001,0.18481656208870645,0,0,1,1,0.00054749520941691757,0,nan,nan,nan,nan,nan,nan,0,0,0,0,0,nan,0.39282781275663836,-0.0091427409125595226,-0.00021859985731114215,0.0078032794010065793,0,0.029767877701259843
315,18,7,0.30398522617474422,0.092407017732510394,1,1,1,0,1,2614,0.0072871698113081496,0.062365212310851202,0.055078042499543053,0,0.10000000000000001,0.10000000000000001,0.1319359608606395,0,0,1,1,0.00076511094108645751,526,0.036504336224149433,0.056824834705334969,0.020320498481185535,0.0092324656195657221,0.031754503002001333,0.022522037382435613,0.031231545171761126,0,0,0,0,0,0.2046671767406274,-1.3183838415572441e-05,5.1222032607610844e-05,0.0004455402327257991,0,0.0046731185076038222
315,18,7,0.30398522617474422,0.092407017732510394,1,1,3,1,1,2569,0.021926306485893311,0.078718944136370414,0.056792637650477103,0,0.10000000000000001,0.10000000000000001,0.1210267321939249,0,0,1,1,0.00077851304009342152,0,nan,nan,nan,nan,nan,nan,0,0,0,0,0,nan,0.56675749318801094,-0.0091427409125595226,-2.4901727887243735e-05,0.0334634323427263,0,0.029767877701259843
315,18,7,0.30398522617474422,0.092407017732510394,1,-1,3,1,1,2569,0.021926306485893311,0.078718944136370414,0.056792637650477103,0,0.10000000000000001,0.10000000000000001,0.1210267321939249,0,0,1,1,0.00077851304009342152,0,nan,nan,nan,nan,nan,nan,0,0,0,0,0,nan,0.56675749318801094,-0.0091427409125595226,-2.4901727887243735e-05,0.011103495864681777,0,0.029767877701259843
315,18,7,0.30398522617474422,0.092407017732510394,-1,1,1,0,1,253,0,0.0073925614186008317,0.0073925614186008317,0,0.0074299539772251268,0.0074299539772251268,0.010579094321707304,1,0,1,0,0.0079051383399209481,0,nan,nan,nan,nan,nan,nan,0,0,0,0,0,nan,0.02766798418972332,-1.3185828131692429e-07,1.0921016231566356e-06,2.304211288507212e-06,0,0.00049433859188796245
315,18,7,0.30398522617474422,0.092407017732510394,-1,1,3,1,1,3653,0.021926306485893311,0.078718944136370414,0.056792637650477103,0,0.10000000000000001,0.10000000000000001,0.18481656208870645,0,0,1,1,0.00054749520941691757,0,nan,nan,nan,nan,nan,nan,0,0,0,0,0,nan,0.39282781275663836,-0.0091427409125595226,-0.00021859985731114215,0.02352341882411749,0,0.029767877701259843
315,18,7,0.30398522617474422,0.092407017732510394,-1,-1,3,1,1,3653,0.021926306485893311,0.078718944136370414,0.056792637650477103,0,0.10000000000000001,0.10000000000000001,0.18481656208870645,0,0,1,1,0.00054749520941691757,0,nan,nan,nan,nan,nan,nan,0,0,0,0,0,nan,0.39282781275663836,-0.0091427409125595226,-0.00021859985731114215,0.0078032794010065793,0,0.029767877701259843
316,4,19,0.30542493399626636,0.093284390306623666,1,1,1,0,1,2613,0.0073544824066949753,0.06236317112581722,0.055008688719122248,0,0.10000000000000001,0.10000000000000001,0.13179541197094463,0,0,1,1,0.00076540375047837736,472,0.037198132088058701,0.056555147515795712,0.019357015427737011,0.0096340969739172125,0.031154102735156768,0.021520005761239556,0.029675067360702946,0,0,0,0,0,0.18446230386528895,-1.3967205805744798e-05,4.8987252529150135e-05,0.00037451011497747821,0,0.0047056199500234994
316,4,19,0.30542493399626636,0.093284390306623666,1,1,3,1,1,2567,0.022131780864809283,0.078795499295179622,0.056663718430370338,0,0.10000000000000001,0.10000000000000001,0.12090772175114738,0,0,1,1,0.00077911959485781068,0,nan,nan,nan,nan,nan,nan,0,0,0,0,0,nan,0.5714842228282041,-0.0091841891810407056,-4.1357580826509207e-05,0.033658943290535238,0,0.02991853292642347
316,4,19,0.30542493399626636,0.093284390306623666,1,-1,3,1,1,2567,0.022131780864809283,0.078795499295179622,0.056663718430370338,0,0.10000000000000001,0.10000000000000001,0.12090772175114738,0,0,1,1,0.00077911959485781068,0,nan,nan,nan,nan,nan,nan,0,0,0,0,0,nan,0.5714842228282041,-0.0091841891810407056,-4.1357580826509207e-05,0.011149942045355171,0,0.02991853292642347
316,4,19,0.30542493399626636,0.093284390306623666,-1,1,1,0,1,255,0,0.0074627512245298922,0.0074627512245298922,0,0.0075008668263185328,0.0075008668263185328,0.01067273527478366,1,0,1,0,0.0078431372549019607,0,nan,nan,nan,nan,nan,nan,0,0,0,0,0,nan,0.023529411764705882,-1.4644740632331523e-07,6.6897832433880514e-07,2.2473105055449763e-06,0,0.00050379504205323765
316,4,19,0.30542493399626636,0.093284390306623666,-1,1,3,1,1,3659,0.022131780864809283,0.078795499295179622,0.056663718430370338,0,0.10000000000000001,0.10000000000000001,0.18491406231312291,0,0,1,1,0.00054659743099207429,0,nan,nan,nan,nan,nan,nan,0,0,0,0,0,nan,0.39710303361574201,-0.0091841891810407056,-0.00022277062335688969,0.023606749692040713,0,0.02991853292642347
316,4,19,0.30542493399626636,0.093284390306623666,-1,-1,3,1,1,3659,0.022131780864809283,0.078795499295179622,0.056663718430370338,0,0.10000000000000001,0.10000000000000001,0.18491406231312291,0,0,1,1,0.00054659743099207429,0,nan,nan,nan,nan,nan,nan,0,0,0,0,0,nan,0.39710303361574201,-0.0091841891810407056,-0.00022277062335688969,0.0078185988166106658,0,0.02991853292642347
317,19,4,0.30542493399626636,0.093284390306623666,1,1,1,0,1,2613,0.0073544824066949753,0.06236317112581722,0.055008688719122248,0,0.10000000000000001,0.10000000000000001,0.13179541197094463,0,0,1,1,0.00076540375047837736,472,0.037198132088058701,0.056555147515795712,0.019357015427737011,0.0096340969739172125,0.031154102735156768,0.021520005761239556,0.029675067360702946,0,0,0,0,0,0.18446230386528895,-1.3967205805744798e-05,4.8987252529150135e-05,0.00037451011497747821,0,0.0047056199500234994
317,19,4,0.30542493399626636,0.093284390306623666,1,1,3,1,1,2567,0.022131780864809283,0.078795499295179622,0.056663718430370338,0,0.10000000000000001,0.10000000000000001,0.12090772175114738,0,0,1,1,0.00077911959485781068,0,nan,nan,nan,nan,nan,nan,0,0,0,0,0,nan,0.5714842228282041,-0.0091841891810407056,-4.1357580826509207e-05,0.033658943290535238,0,0.02991853292642347
317,19,4,0.30542493399626636,0.093284390306623666,1,-1,3,1,1,2567,0.022131780864809283,0.078795499295179622,0.056663718430370338,0,0.10000000000000001,0.10000000000000001,0.12090772175114738,0,0,1,1,0.00077911959485781068,0,nan,nan,nan,nan,nan,nan,0,0,0,0,0,nan,0.5714842228282041,-0.0091841891810407056,-4.1357580826509207e-05,0.011149942045355171,0,0.02991853292642347
317,19,4,0.30542493399626636,0.093284390306623666,-1,1,1,0,1,255,0,0.0074627512245298922,0.0074627512245298922,0,0.0075008668263185328,0.0075008668263185328,0.01067273527478366,1,0,1,0,0.0078431372549019607,0,nan,nan,nan,nan,nan,nan,0,0,0,0,0,nan,0.023529411764705882,-1.4644740632331523e-07,6.6897832433880514e-07,2.2473105055449763e-06,0,0.00050379504205323765
317,19,4,0.30542493399626636,0.093284390306623666,-1,1,3,1,1,3659,0.022131780864809283,0.078795499295179622,0.056663718430370338,0,0.10000000000000001,0.10000000000000001,0.18491406231312291,0,0,1,1,0.00054659743099207429,0,nan,nan,nan,nan,nan,nan,0,0,0,0,0,nan,0.39710303361574201,-0.0091841891810407056,-0.00022277062335688969,0.023606749692040713,0,0.02991853292642347
317,19,4,0.30542493399626636,0.093284390306623666,-1,-1,3,1,1,3659,0.022131780864809283,0.078795499295179622,0.056663718430370338,0,0.10000000000000001,0.10000000000000001,0.18491406231312291,0,0,1,1,0.00054659743099207429,0,nan,nan,nan,nan,nan,nan,0,0,0,0,0,nan,0.39710303361574201,-0.0091841891810407056,-0.00022277062335688969,0.0078185988166106658,0,0.02991853292642347
318,11,16,0.30584970904476044,0.093544044522764616,1,1,1,0,1,2612,0.0073744178322272501,0.062362565356391654,0.054988147524164407,0,0.10000000000000001,0.10000000000000001,0.13177448244918072,0,0,1,1,0.00076569678407350692,446,0.037304869913275515,0.056553206044210269,0.019248336130934754,0.0096988497616226528,0.031154102735156768,0.021455252973534115,0.029503904396237776,0,0,0,0,0,0.17419601837672283,-1.3465480166828194e-05,4.8324385754047527e-05,0.00034511868070050388,0,0.0047152791368154428
318,11,16,0.30584970904476044,0.093544044522764616,1,1,3,1,1,2566,0.022192615396994429,0.078818164500892157,0.056625549103897728,0,0.10000000000000001,0.10000000000000001,0.12087110831113632,0,0,1,1,0.00077942322681215901,0,nan,nan,nan,nan,nan,nan,0,0,0,0,0,nan,0.57248636009353082,-0.0091964608223033349,-4.6217876992684482e-05,0.033695790375158234,0,0.029963148338782424
318,11,16,0.30584970904476044,0.093544044522764616,1,-1,3,1,1,2566,0.022192615396994429,0.078818164500892157,0.056625549103897728,0,0.10000000000000001,0.10000000000000001,0.12087110831113632,0,0,1,1,0.00077942322681215901,0,nan,nan,nan,nan,nan,nan,0,0,0,0,0,nan,0.57248636009353082,-0.0091964608223033349,-4.6217876992684482e-05,0.011158415971234474,0,0.029963148338782424
318,11,16,0.30584970904476044,0.093544044522764616,-1,1,1,0,1,256,0,0.0074835235618211692,0.0074835235618211692,0,0.0075218542216902561,0.0075218542216902561,0.010700590307076978,1,0,1,0,0.0078125,0,nan,nan,nan,nan,nan,nan,0,0,0,0,0,nan,0.02734375,-1.237927368807223e-07,3.1087499567942958e-07,2.5132739779362972e-06,0,0.00050661088026914415
318,11,16,0.30584970904476044,0.093544044522764616,-1,1,3,1,1,3650,0.022192615396994429,0.078818164500892157,0.056625549103897728,0,0.10000000000000001,0.10000000000000001,0.18464194732653805,0,0,1,1,0.00054794520547945202,0,nan,nan,nan,nan,nan,nan,0,0,0,0,0,nan,0.39753424657534248,-0.0091964608223033349,-0.00022401249960133038,0.023677664434585896,0,0.029963148338782424
318,11,16,0.30584970904476044,0.093544044522764616,-1,-1,3,1,1,3650,0.022192615396994429,0.078818164500892157,0.056625549103897728,0,0.10000000000000001,0.10000000000000001,0.18464194732653805,0,0,1,1,0.00054794520547945202,0,nan,nan,nan,nan,nan,nan,0,0,0,0,0,nan,0.39753424657534248,-0.0091964608223033349,-0.00022401249960133038,0.0078385948670462533,0,0.029963148338782424
319,16,11,0.30584970904476044,0.093544044522764616,1,1,1,0,1,2612,0.0073744178322272501,0.062362565356391654,0.054988147524164407,0,0.10000000000000001,0.10000000000000001,0.13177448244918072,0,0,1,1,0.00076569678407350692,446,0.037304869913275515,0.056553206044210269,0.019248336130934754,0.0096988497616226528,0.031154102735156768,0.021455252973534115,0.029503904396237776,0,0,0,0,0,0.17419601837672283,-1.3465480166828194e-05,4.8324385754047527e-05,0.00034511868070050388,0,0.0047152791368154428
319,16,11,0.30584970904476044,0.093544044522764616,1,1,3,1,1,2566,0.022192615396994429,0.078818164500892157,0.056625549103897728,0,0.10000000000000001,0.10000000000000001,0.12087110831113632,0,0,1,1,0.00077942322681215901,0,nan,nan,nan,nan,nan,nan,0,0,0,0,0,nan,0.57248636009353082,-0.0091964608223033349,-4.6217876992684482e-05,0.033695790375158234,0,0.029963148338782424
319,16,11,0.30584970904476044,0.093544044522764616,1,-1,3,1,1,2566,0.022192615396994429,0.078818164500892157,0.056625549103897728,0,0.10000000000000001,0.10000000000000001,0.12087110831113632,0,0,1,1,0.00077942322681215901,0,nan,nan,nan,nan,nan,nan,0,0,0,0,0,nan,0.57248636009353082,-0.0091964608223033349,-4.6217876992684482e-05,0.011158415971234474,0,0.029963148338782424
319,16,11,0.30584970904476044,0.093544044522764616,-1,1,1,0,1,256,0,0.0074835235618211692,0.0074835235618211692,0,0.0075218542216902561,0.0075218542216902561,0.010700590307076978,1,0,1,0,0.0078125,0,nan,nan,nan,nan,nan,nan,0,0,0,0,0,nan,0.02734375,-1.237927368807223e-07,3.1087499567942958e-07,2.5132739779362972e-06,0,0.00050661088026914415
319,16,11,0.30584970904476044,0.093544044522764616,-1,1,3,1,1,3650,0.022192615396994429,0.078818164500892157,0.056625549103897728,0,0.10000000000000001,0.10000000000000001,0.18464194732653805,0,0,1,1,0.00054794520547945202,0,nan,nan,nan,nan,nan,nan,0,0,0,0,0,nan,0.39753424657534248,-0.0091964608223033349,-0.00022401249960133038,0.023677664434585896,0,0.029963148338782424
319,16,11,0.30584970904476044,0.093544044522764616,-1,-1,3,1,1,3650,0.022192615396994429,0.078818164500892157,0.056625549103897728,0,0.10000000000000001,0.10000000000000001,0.18464194732653805,0,0,1,1,0.00054794520547945202,0,nan,nan,nan,nan,nan,nan,0,0,0,0,0,nan,0.39753424657534248,-0.0091964608223033349,-0.00022401249960133038,0.0078385948670462533,0,0.029963148338782424
320,5,19,0.30907202408827628,0.095525516074024028,1,1,1,0,1,2609,0.007526756217971233,0.062357923789864496,0.054831167571893262,0,0.10000000000000001,0.10000000000000001,0.1313957810258238,0,0,1,1,0.00076657723265619016,362,0.039226150767178114,0.055595964529750103,0.016369813762571989,0.010890260276186572,0.029152768512341561,0.018262508236154988,0.024907249649517956,0,0,0,0,0,0.14220007665772327,-1.292578424936257e-05,4.3244628786207937e-05,0.000253389751039656,0,0.0047895894037964801
320,5,19,0.30907202408827628,0.095525516074024028,1,1,3,1,1,2561,0.022657231361477112,0.078991321384858149,0.056334090023381037,0,0.10000000000000001,0.10000000000000001,0.12059146145766372,0,0,1,1,0.00078094494338149163,0,nan,nan,nan,nan,nan,nan,0,0,0,0,0,nan,0.58336587270597418,-0.0092902089104810927,-8.3152730687906373e-05,0.034123544205089021,0,0.030304141596186461
320,5,19,0.30907202408827628,0.095525516074024028,1,-1,3,1,1,2561,0.022657231361477112,0.078991321384858149,0.056334090023381037,0,0.10000000000000001,0.10000000000000001,0.12059146145766372,0,0,1,1,0.00078094494338149163,0,nan,nan,nan,nan,nan,nan,0,0,0,0,0,nan,0.58336587270597418,-0.0092902089104810927,-8.3152730687906373e-05,0.011259599033964826,0,0.030304141596186461
320,5,19,0.30907202408827628,0.095525516074024028,-1,1,1,0,1,260,0,0.0076420412859219229,0.0076420412859219229,0,0.0076820354295049128,0.0076820354295049128,0.010916335576902341,1,0,1,0,0.0076923076923076927,0,nan,nan,nan,nan,nan,nan,0,0,0,0,0,nan,0.019230769230769232,-1.272999775573687e-07,1.8631183007696581e-07,1.4575475582513373e-06,0,0.00052835910019693013
320,5,19,0.30907202408827628,0.095525516074024028,-1,1,3,1,1,3655,0.022657231361477112,0.078991321384858149,0.056334090023381037,0,0.10000000000000001,0.10000000000000001,0.184485114399695,0,0,1,1,0.00054719562243502051,0,nan,nan,nan,nan,nan,nan,0,0,0,0,0,nan,0.40519835841313268,-0.0092902089104810927,-0.00023360318006294072,0.023904808793191141,0,0.030304141596186461
320,5,19,0.30907202408827628,0.095525516074024028,-1,-1,3,1,1,3655,0.022657231361477112,0.078991321384858149,0.056334090023381037,0,0.10000000000000001,0.10000000000000001,0.184485114399695,0,0,1,1,0.00054719562243502051,0,nan,nan,nan,nan,nan,nan,0,0,0,0,0,nan,0.40519835841313268,-0.0092902089104810927,-0.00023360318006294072,0.0078869086171785893,0,0.030304141596186461
321,19,5,0.30907202408827628,0.095525516074024028,1,1,1,0,1,2609,0.007526756217971233,0.062357923789864496,0.054831167571893262,0,0.10000000000000001,0.10000000000000001,0.1313957810258238,0,0,1,1,0.00076657723265619016,362,0.039226150767178114,0.055595964529750103,0.016369813762571989,0.010890260276186572,0.029152768512341561,0.018262508236154988,0.024907249649517956,0,0,0,0,0,0.14220007665772327,-1.292578424936257e-05,4.3244628786207937e-05,0.000253389751039656,0,0.0047895894037964801
321,19,5,0.30907202408827628,0.095525516074024028,1,1,3,1,1,2561,0.022657231361477112,0.078991321384858149,0.056334090023381037,0,0.10000000000000001,0.10000000000000001,0.12059146145766372,0,0,1,1,0.00078094494338149163,0,nan,nan,nan,nan,nan,nan,0,0,0,0,0,nan,0.58336587270597418,-0.0092902089104810927,-8.3152730687906373e-05,0.034123544205089021,0,0.030304141596186461
321,19,5,0.30907202408827628,0.095525516074024028,1,-1,3,1,1,2561,0.022657231361477112,0.078991321384858149,0.056334090023381037,0,0.10000000000000001,0.10000000000000001,0.12059146145766372,0,0,1,1,0.00078094494338149163,0,nan,nan,nan,nan,nan,nan,0,0,0,0,0,nan,0.58336587270597418,-0.0092902089104810927,-8.3152730687906373e-05,0.011259599033964826,0,0.030304141596186461
321,19,5,0.30907202408827628,0.095525516074024028,-1,1,1,0,1,260,0,0.0076420412859219229,0.0076420412859219229,0,0.0076820354295049128,0.0076820354295049128,0.010916335576902341,1,0,1,0,0.0076923076923076927,0,nan,nan,nan,nan,nan,nan,0,0,0,0,0,nan,0.019230769230769232,-1.272999775573687e-07,1.8631183007696581e-07,1.4575475582513373e-06,0,0.00052835910019693013
321,19,5,0.30907202408827628,0.095525516074024028,-1,1,3,1,1,3655,0.022657231361477112,0.078991321384858149,0.056334090023381037,0,0.10000000000000001,0.10000000000000001,0.184485114399695,0,0,1,1,0.00054719562243502051,0,nan,nan,nan,nan,nan,nan,0,0,0,0,0,nan,0.40519835841313268,-0.0092902089104810927,-0.00023360318006294072,0.023904808793191141,0,0.030304141596186461
321,19,5,0.30907202408827628,0.095525516074024028,-1,-1,3,1,1,3655,0.022657231361477112,0.078991321384858149,0.056334090023381037,0,0.10000000000000001,0.10000000000000001,0.184485114399695,0,0,1,1,0.00054719562243502051,0,nan,nan,nan,nan,nan,nan,0,0,0,0,0,nan,0.40519835841313268,-0.0092902089104810927,-0.00023360318006294072,0.0078869086171785893,0,0.030304141596186461
322,8,18,0.31005909517343688,0.096136642499770386,1,1,1,0,1,2610,0.0075738130724381817,0.06235648817040651,0.054782675097968331,0,0.10000000000000001,0.10000000000000001,0.13134455466852549,0,0,1,1,0.00076628352490421458,321,0.039439626417611742,0.055321500169257257,0.015881873751645514,0.011034758082071652,0.028619079386257504,0.01758432130418585,0.024027015126682247,0,0,0,0,0,0.12681992337164752,-1.2037322078712123e-05,4.1670707557605116e-05,0.00021276013223168243,0,0.0048127186024204795
322,8,18,0.31005909517343688,0.096136642499770386,1,1,3,1,1,2559,0.022800656242364818,0.079044791235224829,0.056244134992860011,0,0.10000000000000001,0.10000000000000001,0.12050198668406162,0,0,1,1,0.00078155529503712393,0,nan,nan,nan,nan,nan,nan,0,0,0,0,0,nan,0.58772958186791713,-0.0093191569415158101,-9.4486462011991886e-05,0.034254219899953961,0,0.030409491792862703
322,8,18,0.31005909517343688,0.096136642499770386,1,-1,3,1,1,2559,0.022800656242364818,0.079044791235224829,0.056244134992860011,0,0.10000000000000001,0.10000000000000001,0.12050198668406162,0,0,1,1,0.00078155529503712393,0,nan,nan,nan,nan,nan,nan,0,0,0,0,0,nan,0.58772958186791713,-0.0093191569415158101,-9.4486462011991886e-05,0.011291518055226364,0,0.030409491792862703
322,8,18,0.31005909517343688,0.096136642499770386,-1,1,1,0,1,263,0,0.007690931399981631,0.007690931399981631,0,0.0077314458411780586,0.0077314458411780586,0.010984748084324002,1,0,1,0,0.0076045627376425855,0,nan,nan,nan,nan,nan,nan,0,0,0,0,0,nan,0.026615969581749048,-1.3472574968481838e-07,1.9179356004521626e-07,2.403721882132168e-06,0,0.00053515941709672977
322,8,18,0.31005909517343688,0.096136642499770386,-1,1,3,1,1,3655,0.022800656242364818,0.079044791235224829,0.056244134992860011,0,0.10000000000000001,0.10000000000000001,0.18432530191258875,0,0,1,1,0.00054719562243502051,0,nan,nan,nan,nan,nan,nan,0,0,0,0,0,nan,0.40683994528043776,-0.0093191569415158101,-0.00023660170319689364,0.023975884946148024,0,0.030409491792862703
322,8,18,0.31005909517343688,0.096136642499770386,-1,-1,3,1,1,3655,0.022800656242364818,0.079044791235224829,0.056244134992860011,0,0.10000000000000001,0.10000000000000001,0.18432530191258875,0,0,1,1,0.00054719562243502051,0,nan,nan,nan,nan,nan,nan,0,0,0,0,0,nan,0.40683994528043776,-0.0093191569415158101,-0.00023660170319689364,0.0079021348079608457,0,0.030409491792862703
323,18,8,0.31005909517343688,0.096136642499770386,1,1,1,0,1,2610,0.0075738130724381817,0.06235648817040651,0.054782675097968331,0,0.10000000000000001,0.10000000000000001,0.13134455466852549,0,0,1,1,0.00076628352490421458,321,0.039439626417611742,0.055321500169257257,0.015881873751645514,0.011034758082071652,0.028619079386257504,0.01758432130418585,0.024027015126682247,0,0,0,0,0,0.12681992337164752,-1.2037322078712123e-05,4.1670707557605116e-05,0.00021276013223168243,0,0.0048127186024204795
323,18,8,0.31005909517343688,0.096136642499770386,1,1,3,1,1,2559,0.022800656242364818,0.079044791235224829,0.056244134992860011,0,0.10000000000000001,0.10000000000000001,0.12050198668406162,0,0,1,1,0.00078155529503712393,0,nan,nan,nan,nan,nan,nan,0,0,0,0,0,nan,0.58772958186791713,-0.0093191569415158101,-9.4486462011991886e-05,0.034254219899953961,0,0.030409491792862703
323,18,8,0.31005909517343688,0.096136642499770386,1,-1,3,1,1,2559,0.022800656242364818,0.079044791235224829,0.056244134992860011,0,0.10000000000000001,0.10000000000000001,0.12050198668406162,0,0,1,1,0.00078155529503712393,0,nan,nan,nan,nan,nan,nan,0,0,0,0,0,nan,0.58772958186791713,-0.0093191569415158101,-9.4486462011991886e-05,0.011291518055226364,0,0.030409491792862703
323,18,8,0.31005909517343688,0.096136642499770386,-1,1,1,0,1,263,0,0.007690931399981631,0.007690931399981631,0,0.0077314458411780586,0.0077314458411780586,0.010984748084324002,1,0,1,0,0.0076045627376425855,0,nan,nan,nan,nan,nan,nan,0,0,0,0,0,nan,0.026615969581749048,-1.3472574968481838e-07,1.9179356004521626e-07,2.403721882132168e-06,0,0.00053515941709672977
323,18,8,0.31005909517343688,0.096136642499770386,-1,1,3,1,1,3655,0.022800656242364818,0.079044791235224829,0.056244134992860011,0,0.10000000000000001,0.10000000000000001,0.18432530191258875,0,0,1,1,0.00054719562243502051,0,nan,nan,nan,nan,nan,nan,0,0,0,0,0,nan,0.40683994528043776,-0.0093191569415158101,-0.00023660170319689364,0.023975884946148024,0,0.030409491792862703
323,18,8,0.31005909517343688,0.096136642499770386,-1,-1,3,1,1,3655,0.022800656242364818,0.079044791235224829,0.056244134992860011,0,0.10000000000000001,0.10000000000000001,0.18432530191258875,0,0,1,1,0.00054719562243502051,0,nan,nan,nan,nan,nan,nan,0,0,0,0,0,nan,0.40683994528043776,-0.0093191569415158101,-0.00023660170319689364,0.0079021348079608457,0,0.030409491792862703
324,10,17,0.31058971432700266,0.096465970645729135,1,1,1,0,1,2608,0.0075991866203594435,0.062355715477963765,0.05475652885760432,0,0.10000000000000001,0.10000000000000001,0.13127871156406618,0,0,1,1,0.0007668711656441718,298,0.040026684456304203,0.055110540696988161,0.015083856240683959,0.011424708926861262,0.028218812541694463,0.016794103614833203,0.022860962027589235,0,0,0,0,0,0.11771472392638037,-1.1883992225990289e-05,4.0821204206354823e-05,0.00019039521001656032,0,0.0048252230948079523
324,10,17,0.31058971432700266,0.096465970645729135,1,1,3,1,1,2558,0.022877970538110005,0.079073620160272973,0.056195649622162967,0,0.10000000000000001,0.10000000000000001,0.12045852673542257,0,0,1,1,0.00078186082877247849,0,nan,nan,nan,nan,nan,nan,0,0,0,0,0,nan,0.59108678655199376,-0.0093347641405269535,-0.00010058289041085408,0.034300128175766928,0,0.030466301778167924
324,10,17,0.31058971432700266,0.096465970645729135,1,-1,3,1,1,2558,0.022877970538110005,0.079073620160272973,0.056195649622162967,0,0.10000000000000001,0.10000000000000001,0.12045852673542257,0,0,1,1,0.00078186082877247849,0,nan,nan,nan,nan,nan,nan,0,0,0,0,0,nan,0.59108678655199376,-0.0093347641405269535,-0.00010058289041085408,0.011302262399935694,0,0.030466301778167924
324,10,17,0.31058971432700266,0.096465970645729135,-1,1,1,0,1,264,0,0.0077172776516583321,0.0077172776516583321,0,0.0077580745052104518,0.0077580745052104518,0.0110223458947148,1,0,1,0,0.007575757575757576,0,nan,nan,nan,nan,nan,nan,0,0,0,0,0,nan,0.026515151515151516,-1.2628043762634618e-07,6.135100663083251e-07,2.6595244971378668e-06,0,0.00053884220475659047
324,10,17,0.31058971432700266,0.096465970645729135,-1,1,3,1,1,3656,0.022877970538110005,0.079073620160272973,0.056195649622162967,0,0.10000000000000001,0.10000000000000001,0.18445922094127978,0,0,1,1,0.00054704595185995622,0,nan,nan,nan,nan,nan,nan,0,0,0,0,0,nan,0.4086433260393873,-0.0093347641405269535,-0.00023822549741114049,0.023992433624254659,0,0.030466301778167924
324,10,17,0.31058971432700266,0.096465970645729135,-1,-1,3,1,1,3656,0.022877970538110005,0.079073620160272973,0.056195649622162967,0,0.10000000000000001,0.10000000000000001,0.18445922094127978,0,0,1,1,0.00054704595185995622,0,nan,nan,nan,nan,nan,nan,0,0,0,0,0,nan,0.4086433260393873,-0.0093347641405269535,-0.00023822549741114049,0.0079045275492701222,0,0.030466301778167924
325,17,10,0.31058971432700266,0.096465970645729135,1,1,1,0,1,2608,0.0075991866203594435,0.062355715477963765,0.05475652885760432,0,0.10000000000000001,0.10000000000000001,0.13127871156406618,0,0,1,1,0.0007668711656441718,298,0.040026684456304203,0.055110540696988161,0.015083856240683959,0.011424708926861262,0.028218812541694463,0.016794103614833203,0.022860962027589235,0,0,0,0,0,0.11771472392638037,-1.1883992225990289e-05,4.0821204206354823e-05,0.00019039521001656032,0,0.0048252230948079523
325,17,10,0.31058971432700266,0.096465970645729135,1,1,3,1,1,2558,0.022877970538110005,0.079073620160272973,0.056195649622162967,0,0.10000000000000001,0.10000000000000001,0.12045852673542257,0,0,1,1,0.00078186082877247849,0,nan,nan,nan,nan,nan,nan,0,0,0,0,0,nan,0.59108678655199376,-0.0093347641405269535,-0.00010058289041085408,0.034300128175766928,0,0.030466301778167924
325,17,10,0.31058971432700266,0.096465970645729135,1,-1,3,1,1,2558,0.022877970538110005,0.079073620160272973,0.056195649622162967,0,0.10000000000000001,0.10000000000000001,0.12045852673542257,0,0,1,1,0.00078186082877247849,0,nan,nan,nan,nan,nan,nan,0,0,0,0,0,nan,0.59108678655199376,-0.0093347641405269535,-0.00010058289041085408,0.011302262399935694,0,0.030466301778167924
325,17,10,0.31058971432700266,0.096465970645729135,-1,1,1,0,1,264,0,0.0077172776516583321,0.0077172776516583321,0,0.0077580745052104518,0.0077580745052104518,0.0110223458947148,1,0,1,0,0.007575757575757576,0,nan,nan,nan,nan,nan,nan,0,0,0,0,0,nan,0.026515151515151516,-1.2628043762634618e-07,6.135100663083251e-07,2.6595244971378668e-06,0,0.00053884220475659047
325,17,10,0.31058971432700266,0.096465970645729135,-1,1,3,1,1,3656,0.022877970538110005,0.079073620160272973,0.056195649622162967,0,0.10000000000000001,0.10000000000000001,0.18445922094127978,0,0,1,1,0.00054704595185995622,0,nan,nan,nan,nan,nan,nan,0,0,0,0,0,nan,0.4086433260393873,-0.0093347641405269535,-0.00023822549741114049,0.023992433624254659,0,0.030466301778167924
325,17,10,0.31058971432700266,0.096465970645729135,-1,-1,3,1,1,3656,0.022877970538110005,0.079073620160272973,0.056195649622162967,0,0.10000000000000001,0.10000000000000001,0.18445922094127978,0,0,1,1,0.00054704595185995622,0,nan,nan,nan,nan,nan,nan,0,0,0,0,0,nan,0.4086433260393873,-0.0093347641405269535,-0.00023822549741114049,0.0079045275492701222,0,0.030466301778167924
326,14,14,0.31192883973256719,0.097299601056905591,1,1,1,0,1,2607,0.007663450671356477,0.062353758232710423,0.054690307561353943,0,0.10000000000000001,0.10000000000000001,0.13110842803691686,0,0,1,1,0.00076716532412734941,244,0.040507004669779842,0.054526620013387747,0.014019615343607905,0.01175954203608065,0.027151434289526349,0.015391892253445699,0.0210378743847408,0,0,0,0,0,0.097046413502109699,-1.1829730552857234e-05,3.8666801300236259e-05,0.00013234732232156887,0,0.004857001237642153
326,14,14,0.31192883973256719,0.097299601056905591,1,1,3,1,1,2556,0.023073112701323978,0.079146625894821937,0.056073513193497959,0,0.10000000000000001,0.10000000000000001,0.12034248679251418,0,0,1,1,0.00078247261345852897,0,nan,nan,nan,nan,nan,nan,0,0,0,0,0,nan,0.59507042253521125,-0.0093742883182821347,-0.00011597824777663849,0.0344969569920512,0,0.030610204190778763
326,14,14,0.31192883973256719,0.097299601056905591,1,-1,3,1,1,2556,0.023073112701323978,0.079146625894821937,0.056073513193497959,0,0.10000000000000001,0.10000000000000001,0.12034248679251418,0,0,1,1,0.00078247261345852897,0,nan,nan,nan,nan,nan,nan,0,0,0,0,0,nan,0.59507042253521125,-0.0093742883182821347,-0.00011597824777663849,0.011349648372382313,0,0.030610204190778763
326,14,14,0.31192883973256719,0.097299601056905591,-1,1,1,0,1,266,0,0.0077839680845524463,0.0077839680845524463,0,0.0078254830283469717,0.0078254830283469717,0.011120446775454165,1,0,1,0,0.0075187969924812026,0,nan,nan,nan,nan,nan,nan,0,0,0,0,0,nan,0.022556390977443608,-1.4036552435945987e-07,2.0122672755584498e-07,2.2354386128289417e-06,0,0.00054822110597953894
326,14,14,0.31192883973256719,0.097299601056905591,-1,1,3,1,1,3656,0.023073112701323978,0.079146625894821937,0.056073513193497959,0,0.10000000000000001,0.10000000000000001,0.18425856141963487,0,0,1,1,0.00054704595185995622,0,nan,nan,nan,nan,nan,nan,0,0,0,0,0,nan,0.41165207877461707,-0.0093742883182821347,-0.00024236063656532438,0.024110667741441355,0,0.030610204190778763
326,14,14,0.31192883973256719,0.097299601056905591,-1,-1,3,1,1,3656,0.023073112701323978,0.079146625894821937,0.056073513193497959,0,0.10000000000000001,0.10000000000000001,0.18425856141963487,0,0,1,1,0.00054704595185995622,0,nan,nan,nan,nan,nan,nan,0,0,0,0,0,nan,0.41165207877461707,-0.0093742883182821347,-0.00024236063656532438,0.0079313105791240807,0,0.030610204190778763
327,13,15,0.31270740067362812,0.097785918436056996,1,1,1,0,1,2606,0.0077009668454987891,0.062352615868840583,0.054651649023341797,0,0.10000000000000001,0.10000000000000001,0.13106868506383551,0,0,1,1,0.00076745970836531081,198,0.040987324883255502,0.05425889219238153,0.013271567309126028,0.012099314463701178,0.026684456304202797,0.014585141840501619,0.019906330706243633,0,0,0,0,0,0.079048349961627018,-1.0971096782159029e-05,3.7407382698754241e-05,0.00010486863385777309,0,0.0048756220622188633
327,13,15,0.31270740067362812,0.097785918436056996,1,1,3,1,1,2554,0.023186763164070291,0.07918924579583729,0.056002482631766999,0,0.10000000000000001,0.10000000000000001,0.12027507227415328,0,0,1,1,0.00078308535630383712,0,nan,nan,nan,nan,nan,nan,0,0,0,0,0,nan,0.59749412685982772,-0.0093973610915835046,-0.00012493588054205226,0.034571142741037092,0,0.030694231742880267
327,13,15,0.31270740067362812,0.097785918436056996,1,-1,3,1,1,2554,0.023186763164070291,0.07918924579583729,0.056002482631766999,0,0.10000000000000001,0.10000000000000001,0.12027507227415328,0,0,1,1,0.00078308535630383712,0,nan,nan,nan,nan,nan,nan,0,0,0,0,0,nan,0.59749412685982772,-0.0093973610915835046,-0.00012493588054205226,0.011367370428138559,0,0.030694231742880267
327,13,15,0.31270740067362812,0.097785918436056996,-1,1,1,0,1,267,0,0.0078228734748845598,0.0078228734748845598,0,0.0078648097700362175,0.0078648097700362175,0.011181529881808559,1,0,1,0,0.0074906367041198503,0,nan,nan,nan,nan,nan,nan,0,0,0,0,0,nan,0.026217228464419477,-1.681931917788882e-07,2.7675908272355339e-07,2.7300563526125543e-06,0,0.00055373003459938477
327,13,15,0.31270740067362812,0.097785918436056996,-1,1,3,1,1,3650,0.023186763164070291,0.07918924579583729,0.056002482631766999,0,0.10000000000000001,0.10000000000000001,0.18399877136032999,0,0,1,1,0.00054794520547945202,0,nan,nan,nan,nan,nan,nan,0,0,0,0,0,nan,0.4126027397260274,-0.0093973610915835046,-0.00024478939761620968,0.024179626802682045,0,0.030694231742880267
327,13,15,0.31270740067362812,0.097785918436056996,-1,-1,3,1,1,3650,0.023186763164070291,0.07918924579583729,0.056002482631766999,0,0.10000000000000001,0.10000000000000001,0.18399877136032999,0,0,1,1,0.00054794520547945202,0,nan,nan,nan,nan,nan,nan,0,0,0,0,0,nan,0.4126027397260274,-0.0093973610915835046,-0.00024478939761620968,0.0079483635493508079,0,0.030694231742880267
328,15,13,0.31270740067362812,0.097785918436056996,1,1,1,0,1,2606,0.0077009668454987891,0.062352615868840583,0.054651649023341797,0,0.10000000000000001,0.10000000000000001,0.13106868506383551,0,0,1,1,0.00076745970836531081,198,0.040987324883255502,0.05425889219238153,0.013271567309126028,0.012099314463701178,0.026684456304202797,0.014585141840501619,0.019906330706243633,0,0,0,0,0,0.079048349961627018,-1.0971096782159029e-05,3.7407382698754241e-05,0.00010486863385777309,0,0.0048756220622188633
328,15,13,0.31270740067362812,0.097785918436056996,1,1,3,1,1,2554,0.023186763164070291,0.07918924579583729,0.056002482631766999,0,0.10000000000000001,0.10000000000000001,0.12027507227415328,0,0,1,1,0.00078308535630383712,0,nan,nan,nan,nan,nan,nan,0,0,0,0,0,nan,0.59749412685982772,-0.0093973610915835046,-0.00012493588054205226,0.034571142741037092,0,0.030694231742880267
328,15,13,0.31270740067362812,0.097785918436056996,1,-1,3,1,1,2554,0.023186763164070291,0.07918924579583729,0.056002482631766999,0,0.10000000000000001,0.10000000000000001,0.12027507227415328,0,0,1,1,0.00078308535630383712,0,nan,nan,nan,nan,nan,nan,0,0,0,0,0,nan,0.59749412685982772,-0.0093973610915835046,-0.00012493588054205226,0.011367370428138559,0,0.030694231742880267
328,15,13,0.31270740067362812,0.097785918436056996,-1,1,1,0,1,267,0,0.0078228734748845598,0.0078228734748845598,0,0.0078648097700362175,0.0078648097700362175,0.011181529881808559,1,0,1,0,0.0074906367041198503,0,nan,nan,nan,nan,nan,nan,0,0,0,0,0,nan,0.026217228464419477,-1.681931917788882e-07,2.7675908272355339e-07,2.7300563526125543e-06,0,0.00055373003459938477
328,15,13,0.31270740067362812,0.097785918436056996,-1,1,3,1,1,3650,0.023186763164070291,0.07918924579583729,0.056002482631766999,0,0.10000000000000001,0.10000000000000001,0.18399877136032999,0,0,1,1,0.00054794520547945202,0,nan,nan,nan,nan,nan,nan,0,0,0,0,0,nan,0.4126027397260274,-0.0093973610915835046,-0.00024478939761620968,0.024179626802682045,0,0.030694231742880267
328,15,13,0.31270740067362812,0.097785918436056996,-1,-1,3,1,1,3650,0.023186763164070291,0.07918924579583729,0.056002482631766999,0,0.10000000000000001,0.10000000000000001,0.18399877136032999,0,0,1,1,0.00054794520547945202,0,nan,nan,nan,nan,nan,nan,0,0,0,0,0,nan,0.4126027397260274,-0.0093973610915835046,-0.00024478939761620968,0.0079483635493508079,0,0.030694231742880267
329,6,19,0.31347014493791675,0.098263531767398549,1,1,1,0,1,2607,0.0077378282821135343,0.062351493779973441,0.054613665497859905,0,0.10000000000000001,0.10000000000000001,0.13102343709541775,0,0,1,1,0.00076716532412734941,167,0.041627751834556366,0.053826955814706812,0.012199203980150446,0.012563879964232234,0.02595063375583722,0.013386753791604986,0.018250954425572289,0,0,0,0,0,0.067510548523206745,-1.1237320709766484e-05,3.6168705476044902e-05,8.408976756274569e-05,0,0.0048939680822705257
329,6,19,0.31347014493791675,0.098263531767398549,1,1,3,1,1,2553,0.023298420771898726,0.079231120837690933,0.055932700065792207,0,0.10000000000000001,0.10000000000000001,0.12021292498312289,0,0,1,1,0.0007833920877399138,0,nan,nan,nan,nan,nan,nan,0,0,0,0,0,nan,0.60125342734038389,-0.0094200305185189997,-0.00013371506198425924,0.034675702111438077,0,0.030776806755194893
329,6,19,0.31347014493791675,0.098263531767398549,1,-1,3,1,1,2553,0.023298420771898726,0.079231120837690933,0.055932700065792207,0,0.10000000000000001,0.10000000000000001,0.12021292498312289,0,0,1,1,0.0007833920877399138,0,nan,nan,nan,nan,nan,nan,0,0,0,0,0,nan,0.60125342734038389,-0.0094200305185189997,-0.00013371506198425924,0.011392045609515808,0,0.030776806755194893
329,6,19,0.31347014493791675,0.098263531767398549,-1,1,1,0,1,269,0,0.0078610825413918846,0.0078610825413918846,0,0.0079034359946824721,0.0079034359946824721,0.011247051977235488,1,0,1,0,0.0074349442379182153,0,nan,nan,nan,nan,nan,nan,0,0,0,0,0,nan,0.026022304832713755,-2.0408140962116408e-07,0,2.4509059220806809e-06,0,0.00055916743610864123
329,6,19,0.31347014493791675,0.098263531767398549,-1,1,3,1,1,3651,0.023298420771898726,0.079231120837690933,0.055932700065792207,0,0.10000000000000001,0.10000000000000001,0.18395360804411548,0,0,1,1,0.00054779512462339083,0,nan,nan,nan,nan,nan,nan,0,0,0,0,0,nan,0.41468090933990687,-0.0094200305185189997,-0.00024718647489030507,0.024236132277641202,0,0.030776806755194893
329,6,19,0.31347014493791675,0.098263531767398549,-1,-1,3,1,1,3651,0.023298420771898726,0.079231120837690933,0.055932700065792207,0,0.10000000000000001,0.10000000000000001,0.18395360804411548,0,0,1,1,0.00054779512462339083,0,nan,nan,nan,nan,nan,nan,0,0,0,0,0,nan,0.41468090933990687,-0.0094200305185189997,-0.00024718647489030507,0.0079600071573156916,0,0.030776806755194893
