mode_index,m,n,q,q2,branch_id,root_id,kind_id,source_id_0lambda_1trace,curve_id,hopf_branch_id,is_success,n_points,K_min,K_max,K_span,F_intersection_min,F_intersection_max,F_intersection_span,mean_DeltaF,std_DeltaF,mean_abs_DeltaF,median_abs_DeltaF,p95_abs_DeltaF,rms_DeltaF,max_abs_DeltaF,K_at_max_abs_DeltaF,F_intersection_at_max_abs_DeltaF,F_Hopf_at_max_abs_DeltaF,DeltaF_at_max_abs_DeltaF,touch_Kmin,touch_Kmax,touch_Fmin,touch_Fmax,edge_fraction,complex_fraction,det_min,det_max,mean_abs_imag_lambda,min_abs_imag_lambda,rad_real_max
280,18,3,0.2871410380238234,0.082449975717398788,1,1,1,0,1,-1,1,892,0.030420280186791195,0.059437614669421615,0.029017334482630421,0.006224492653753539,0.039026017344896594,0.032801524691143058,0.004381091644994374,0.00066270919199004109,0.004381091644994374,0.0044810748387517536,0.005232058661716197,0.0044309307684715186,0.0052944014786308682,0.055343594731032085,0.028418945963975983,0.033713347442606852,0.0052944014786308682,0,0,0,0,0,0.34183479253901788,-1.9815830114854052e-05,0.00016555921660708282,0.0026976256171084407,0,0.0042968369739355573
280,18,3,0.2871410380238234,0.082449975717398788,1,1,3,1,1,-1,1,647,0.036397598398932619,0.055344417920896095,0.018946819521963476,0.0090468963348044849,0.028418945963975983,0.019372049629171498,0.004432299272957076,0.00052650207851903913,0.004432299272957076,0.0044405903703641121,0.0052287688307345974,0.0044634606846863448,0.0052959353023311201,0.055344417920896095,0.028418945963975983,0.033714881266307103,0.0052959353023311201,0,0,0,0,0,0.7659984579799537,-0.0086746893315974155,0.00016555921660708282,0.034039811988284506,0,0.028070482542106784
280,18,3,0.2871410380238234,0.082449975717398788,1,-1,1,0,1,-1,1,970,0.037484732151138803,0.054599247713742811,0.017114515562604009,0.0097344513336084758,0.027138372243328615,0.017403920909720139,0.0045768618966445943,0.00055019805349229654,0.0045768618966445943,0.0045940569984095504,0.0053559848523164677,0.0046098137401660664,0.0053853039728589611,0.053216663875123749,0.024683122081387586,0.030068426054246547,0.0053853039728589611,0,0,0,0,0,0.83261802575107291,-4.4697040003958082e-06,0.00016555921660708282,0.0060034555801605893,0,2.5860923637285131e-05
280,18,3,0.2871410380238234,0.082449975717398788,1,-1,1,0,2,-1,0,11,0.054604246307572442,0.054705524014710488,0.00010127770713804635,0.027146886357564893,0.027315837192311586,0.00016895083474669295,0.0052755602537471885,4.390560240428531e-05,0.0052755602537471885,0.0052697277619644933,0.0053373162644345142,0.0052757429517405023,0.0053375463228433097,0.054705524014710488,0.027218145430286857,0.032555691753130167,0.0053375463228433097,0,0,0,0,0,1,3.4457639237366245e-06,4.3939661881096739e-05,0.0047513841539551134,0.0018399881739853434,-1.3542225921623672e-05
280,18,3,0.2871410380238234,0.082449975717398788,1,-1,3,1,1,-1,1,647,0.036397598398932619,0.055344417920896095,0.018946819521963476,0.0090468963348044849,0.028418945963975983,0.019372049629171498,0.004432299272957076,0.00052650207851903913,0.004432299272957076,0.0044405903703641121,0.0052287688307345974,0.0044634606846863448,0.0052959353023311201,0.055344417920896095,0.028418945963975983,0.033714881266307103,0.0052959353023311201,0,0,0,0,0,0.7659984579799537,-0.0086746893315974155,0.00016555921660708282,0.01313669214679122,0,0.028070482542106784
281,9,16,0.28916564249902038,0.083616768801871258,1,1,1,0,1,-1,1,873,0.031380920613742494,0.059220698757656898,0.027839778143914404,0.0066364586440985328,0.038292194796531016,0.031655736152432487,0.00443991037103193,0.00064595405955149255,0.00443991037103193,0.0045568142294160237,0.005246434333906853,0.0044866536249021875,0.0053135610323360345,0.054916625249972824,0.027618412274849898,0.032931973307185933,0.0053135610323360345,0,0,0,0,0,0.33498287019413781,-1.9497913357655844e-05,0.00014291258259349214,0.0023851215680730908,0,0.004340700497248124
281,9,16,0.28916564249902038,0.083616768801871258,1,1,3,1,1,-1,1,601,0.03725443025862471,0.054877627543298321,0.017623197284673611,0.0095396931287525018,0.02755170113408939,0.018012008005336887,0.0044957670900623364,0.00049394321886906724,0.0044957670900623364,0.004503760112175046,0.0052435930384142071,0.0045228200971909448,0.005310274065518511,0.054877627543298321,0.02755170113408939,0.032861975199607901,0.005310274065518511,0,0,0,0,0,0.75424382716049387,-0.0087293175899485504,0.00014291258259349214,0.033922391984172892,0,0.028268221817692771
281,9,16,0.28916564249902038,0.083616768801871258,1,-1,1,0,1,-1,1,921,0.038266952604237597,0.053860365987293012,0.015593413383055414,0.010203291969645999,0.025881929907202714,0.015678637937556715,0.0046225079170254396,0.00050207078338464814,0.0046225079170254396,0.0046455751547948461,0.0053328886749407015,0.0046496940237494497,0.0053687644846958649,0.053374066027164629,0.024949966644429618,0.030318731129125483,0.0053687644846958649,0,0,0,0,0,0.87298578199052135,-3.9662685719642649e-06,0.00014291258259349214,0.0057864554779163456,0,2.1888059981496005e-05
281,9,16,0.28916564249902038,0.083616768801871258,1,-1,1,0,2,-1,0,15,0.053850509273850718,0.054013578186367206,0.00016306891251648831,0.025867324029948655,0.026132402275016158,0.00026507824506750294,0.0052716004716214333,5.2370501100484608e-05,0.0052716004716214333,0.0052812353463901271,0.0053455773757998771,0.0052718606015129824,0.0053458908034106287,0.054012351026236478,0.026017344896597731,0.03136323570000836,0.0053458908034106287,0,0,0,0,0,1,4.0651501751321183e-06,5.1678812819585485e-05,0.005157239901026409,0.0019953084421936739,-1.5925023117957385e-05
281,9,16,0.28916564249902038,0.083616768801871258,1,-1,1,0,3,-1,0,11,0.05406331412902695,0.054171952733456888,0.00010863860442993784,0.026213313995022507,0.026386169336080696,0.00017285534105818817,0.0052848487920064465,4.6901653663245897e-05,0.0052848487920064465,0.0052804130221381744,0.0053477607407885451,0.0052850569078760484,0.0053480025585948207,0.054171952733456888,0.026284189459639763,0.031632192018234584,0.0053480025585948207,0,0,0,0,0,1,1.4952266431113949e-06,4.2640949739164725e-05,0.0044325849672497497,0.0011955904783856745,-5.7177463680259429e-06
281,9,16,0.28916564249902038,0.083616768801871258,1,-1,3,1,1,-1,1,601,0.03725443025862471,0.054877627543298321,0.017623197284673611,0.0095396931287525018,0.02755170113408939,0.018012008005336887,0.0044957670900623364,0.00049394321886906724,0.0044957670900623364,0.004503760112175046,0.0052435930384142071,0.0045228200971909448,0.005310274065518511,0.054877627543298321,0.02755170113408939,0.032861975199607901,0.005310274065518511,0,0,0,0,0,0.75424382716049387,-0.0087293175899485504,0.00014291258259349214,0.012854839953046385,0,0.028268221817692771
282,16,9,0.28916564249902038,0.083616768801871258,1,1,1,0,1,-1,1,873,0.031380920613742494,0.059220698757656898,0.027839778143914404,0.0066364586440985328,0.038292194796531016,0.031655736152432487,0.00443991037103193,0.00064595405955149255,0.00443991037103193,0.0045568142294160237,0.005246434333906853,0.0044866536249021875,0.0053135610323360345,0.054916625249972824,0.027618412274849898,0.032931973307185933,0.0053135610323360345,0,0,0,0,0,0.33498287019413781,-1.9497913357655844e-05,0.00014291258259349214,0.0023851215680730908,0,0.004340700497248124
282,16,9,0.28916564249902038,0.083616768801871258,1,1,3,1,1,-1,1,601,0.03725443025862471,0.054877627543298321,0.017623197284673611,0.0095396931287525018,0.02755170113408939,0.018012008005336887,0.0044957670900623364,0.00049394321886906724,0.0044957670900623364,0.004503760112175046,0.0052435930384142071,0.0045228200971909448,0.005310274065518511,0.054877627543298321,0.02755170113408939,0.032861975199607901,0.005310274065518511,0,0,0,0,0,0.75424382716049387,-0.0087293175899485504,0.00014291258259349214,0.033922391984172892,0,0.028268221817692771
282,16,9,0.28916564249902038,0.083616768801871258,1,-1,1,0,1,-1,1,921,0.038266952604237597,0.053860365987293012,0.015593413383055414,0.010203291969645999,0.025881929907202714,0.015678637937556715,0.0046225079170254396,0.00050207078338464814,0.0046225079170254396,0.0046455751547948461,0.0053328886749407015,0.0046496940237494497,0.0053687644846958649,0.053374066027164629,0.024949966644429618,0.030318731129125483,0.0053687644846958649,0,0,0,0,0,0.87298578199052135,-3.9662685719642649e-06,0.00014291258259349214,0.0057864554779163456,0,2.1888059981496005e-05
282,16,9,0.28916564249902038,0.083616768801871258,1,-1,1,0,2,-1,0,15,0.053850509273850718,0.054013578186367206,0.00016306891251648831,0.025867324029948655,0.026132402275016158,0.00026507824506750294,0.0052716004716214333,5.2370501100484608e-05,0.0052716004716214333,0.0052812353463901271,0.0053455773757998771,0.0052718606015129824,0.0053458908034106287,0.054012351026236478,0.026017344896597731,0.03136323570000836,0.0053458908034106287,0,0,0,0,0,1,4.0651501751321183e-06,5.1678812819585485e-05,0.005157239901026409,0.0019953084421936739,-1.5925023117957385e-05
282,16,9,0.28916564249902038,0.083616768801871258,1,-1,1,0,3,-1,0,11,0.05406331412902695,0.054171952733456888,0.00010863860442993784,0.026213313995022507,0.026386169336080696,0.00017285534105818817,0.0052848487920064465,4.6901653663245897e-05,0.0052848487920064465,0.0052804130221381744,0.0053477607407885451,0.0052850569078760484,0.0053480025585948207,0.054171952733456888,0.026284189459639763,0.031632192018234584,0.0053480025585948207,0,0,0,0,0,1,1.4952266431113949e-06,4.2640949739164725e-05,0.0044325849672497497,0.0011955904783856745,-5.7177463680259429e-06
282,16,9,0.28916564249902038,0.083616768801871258,1,-1,3,1,1,-1,1,601,0.03725443025862471,0.054877627543298321,0.017623197284673611,0.0095396931287525018,0.02755170113408939,0.018012008005336887,0.0044957670900623364,0.00049394321886906724,0.0044957670900623364,0.004503760112175046,0.0052435930384142071,0.0045228200971909448,0.005310274065518511,0.054877627543298321,0.02755170113408939,0.032861975199607901,0.005310274065518511,0,0,0,0,0,0.75424382716049387,-0.0087293175899485504,0.00014291258259349214,0.012854839953046385,0,0.028268221817692771
283,7,17,0.28947319914458575,0.083794733023000986,1,1,1,0,1,-1,1,867,0.031647765176784512,0.059219952291498748,0.027572187114714236,0.0067548288452319175,0.038292194796531016,0.0315373659512991,0.0044515099167463119,0.00064362071890782294,0.0044515099167463119,0.0045721351400346034,0.0052480106808259798,0.0044977981467267045,0.0052976787048379173,0.054649766511007336,0.027159689229992311,0.032457367934830228,0.0052976787048379173,0,0,0,0,0,0.3321904761904762,-1.9415836972764048e-05,0.00013946647925496263,0.0023454352319500888,0,0.0043474244899697062
283,7,17,0.28947319914458575,0.083794733023000986,1,1,3,1,1,-1,1,594,0.037411607738492329,0.054809873248832554,0.017398265510340225,0.0096336941679310145,0.027427994466776295,0.017794300298845281,0.0045064015817689517,0.00048885740380195735,0.0045064015817689517,0.0045131089889089617,0.0052466672987035784,0.0045328398137835946,0.0053128935751157458,0.054809873248832554,0.027427994466776295,0.032740888041892041,0.0053128935751157458,0,0,0,0,0,0.75154320987654322,-0.008737653658271274,0.00013946647925496263,0.033887076971277602,0,0.028298404982138457
283,7,17,0.28947319914458575,0.083794733023000986,1,-1,1,0,1,-1,1,907,0.038377473553898034,0.053855250798414356,0.015477777244516322,0.010270138513367914,0.025873022747686977,0.015602884234319063,0.0046311085850800522,0.00049767149955791065,0.0046311085850800522,0.0046536977405552786,0.005329401783646711,0.0046577723912053044,0.0053648733075680535,0.052948160425763877,0.024282855236824545,0.029647728544392599,0.0053648733075680535,0,0,0,0,0,0.86463298379408959,-3.6343659346372735e-06,0.00013946647925496263,0.0057148967785864997,0,1.9976603502401722e-05
283,7,17,0.28947319914458575,0.083794733023000986,1,-1,1,0,2,-1,0,15,0.053856214857420988,0.054012226122001836,0.00015601126458084785,0.02587447891737419,0.0261234856307219,0.0002490067133477103,0.0052746070955937089,4.7025255764848067e-05,0.0052746070955937089,0.0052789704392514729,0.0053450992203646353,0.0052748167160165151,0.005345410586944245,0.054012064340169391,0.026017344896597731,0.031362755483541976,0.005345410586944245,0,0,0,0,0,1,3.1824335283759699e-06,4.7446213779204008e-05,0.004983544627634613,0.0017638163664679143,-1.2444192698480302e-05
283,7,17,0.28947319914458575,0.083794733023000986,1,-1,1,0,3,-1,0,11,0.05406889680816019,0.054171695171681432,0.00010279836352124205,0.026213919794068119,0.026377250982762331,0.00016333118869421223,0.0052887286306646485,4.2401245869041146e-05,0.0052887286306646485,0.0052793534107162358,0.0053473358559719807,0.0052888985993742787,0.0053475659039198507,0.054171695171681432,0.02628418945963976,0.03163175536355961,0.0053475659039198507,0,0,0,0,0,1,5.9326672762426667e-07,3.8373441959790562e-05,0.0041538029066235391,0.00073379140008283852,-2.1537992753421298e-06
283,7,17,0.28947319914458575,0.083794733023000986,1,-1,3,1,1,-1,1,594,0.037411607738492329,0.054809873248832554,0.017398265510340225,0.0096336941679310145,0.027427994466776295,0.017794300298845281,0.0045064015817689517,0.00048885740380195735,0.0045064015817689517,0.0045131089889089617,0.0052466672987035784,0.0045328398137835946,0.0053128935751157458,0.054809873248832554,0.027427994466776295,0.032740888041892041,0.0053128935751157458,0,0,0,0,0,0.75154320987654322,-0.008737653658271274,0.00013946647925496263,0.01280671252745816,0,0.028298404982138457
284,17,7,0.28947319914458575,0.083794733023000986,1,1,1,0,1,-1,1,867,0.031647765176784512,0.059219952291498748,0.027572187114714236,0.0067548288452319175,0.038292194796531016,0.0315373659512991,0.0044515099167463119,0.00064362071890782294,0.0044515099167463119,0.0045721351400346034,0.0052480106808259798,0.0044977981467267045,0.0052976787048379173,0.054649766511007336,0.027159689229992311,0.032457367934830228,0.0052976787048379173,0,0,0,0,0,0.3321904761904762,-1.9415836972764048e-05,0.00013946647925496263,0.0023454352319500888,0,0.0043474244899697062
284,17,7,0.28947319914458575,0.083794733023000986,1,1,3,1,1,-1,1,594,0.037411607738492329,0.054809873248832554,0.017398265510340225,0.0096336941679310145,0.027427994466776295,0.017794300298845281,0.0045064015817689517,0.00048885740380195735,0.0045064015817689517,0.0045131089889089617,0.0052466672987035784,0.0045328398137835946,0.0053128935751157458,0.054809873248832554,0.027427994466776295,0.032740888041892041,0.0053128935751157458,0,0,0,0,0,0.75154320987654322,-0.008737653658271274,0.00013946647925496263,0.033887076971277602,0,0.028298404982138457
284,17,7,0.28947319914458575,0.083794733023000986,1,-1,1,0,1,-1,1,907,0.038377473553898034,0.053855250798414356,0.015477777244516322,0.010270138513367914,0.025873022747686977,0.015602884234319063,0.0046311085850800522,0.00049767149955791065,0.0046311085850800522,0.0046536977405552786,0.005329401783646711,0.0046577723912053044,0.0053648733075680535,0.052948160425763877,0.024282855236824545,0.029647728544392599,0.0053648733075680535,0,0,0,0,0,0.86463298379408959,-3.6343659346372735e-06,0.00013946647925496263,0.0057148967785864997,0,1.9976603502401722e-05
284,17,7,0.28947319914458575,0.083794733023000986,1,-1,1,0,2,-1,0,15,0.053856214857420988,0.054012226122001836,0.00015601126458084785,0.02587447891737419,0.0261234856307219,0.0002490067133477103,0.0052746070955937089,4.7025255764848067e-05,0.0052746070955937089,0.0052789704392514729,0.0053450992203646353,0.0052748167160165151,0.005345410586944245,0.054012064340169391,0.026017344896597731,0.031362755483541976,0.005345410586944245,0,0,0,0,0,1,3.1824335283759699e-06,4.7446213779204008e-05,0.004983544627634613,0.0017638163664679143,-1.2444192698480302e-05
284,17,7,0.28947319914458575,0.083794733023000986,1,-1,1,0,3,-1,0,11,0.05406889680816019,0.054171695171681432,0.00010279836352124205,0.026213919794068119,0.026377250982762331,0.00016333118869421223,0.0052887286306646485,4.2401245869041146e-05,0.0052887286306646485,0.0052793534107162358,0.0053473358559719807,0.0052888985993742787,0.0053475659039198507,0.054171695171681432,0.02628418945963976,0.03163175536355961,0.0053475659039198507,0,0,0,0,0,1,5.9326672762426667e-07,3.8373441959790562e-05,0.0041538029066235391,0.00073379140008283852,-2.1537992753421298e-06
284,17,7,0.28947319914458575,0.083794733023000986,1,-1,3,1,1,-1,1,594,0.037411607738492329,0.054809873248832554,0.017398265510340225,0.0096336941679310145,0.027427994466776295,0.017794300298845281,0.0045064015817689517,0.00048885740380195735,0.0045064015817689517,0.0045131089889089617,0.0052466672987035784,0.0045328398137835946,0.0053128935751157458,0.054809873248832554,0.027427994466776295,0.032740888041892041,0.0053128935751157458,0,0,0,0,0,0.75154320987654322,-0.008737653658271274,0.00013946647925496263,0.01280671252745816,0,0.028298404982138457
285,13,13,0.28972949274994758,0.083943178969141927,1,1,1,0,1,-1,1,865,0.031487658438959308,0.059059464202363271,0.027571805763403963,0.0066855811714947987,0.037758505670446967,0.031072924498952166,0.0044628676517334395,0.00064261952208652579,0.0044628676517334395,0.0045866311057368506,0.005252666212687389,0.0045088964866201418,0.0053050774185786978,0.054649766511007343,0.027152290516251572,0.03245736793483027,0.0053050774185786978,0,0,0,0,0,0.33180952380952383,-1.9414626450559315e-05,0.00013659205692337253,0.0023044212798629363,0,0.0043530399630813989
285,13,13,0.28972949274994758,0.083943178969141927,1,1,3,1,1,-1,1,589,0.037518345563709136,0.054768750463855598,0.017250404900146461,0.0096966721883618712,0.02735156771180787,0.017654895523445999,0.0045154725773453369,0.0004852418267629377,0.0045154725773453369,0.0045217260473375924,0.0052511358605762792,0.0045414702715307932,0.0053161509466673612,0.054768750463855598,0.02735156771180787,0.032667718658475231,0.0053161509466673612,0,0,0,0,0,0.75077160493827155,-0.0087446099180117972,0.00013659205692337253,0.033899897103981926,0,0.028323593621929866
285,13,13,0.28972949274994758,0.083943178969141927,1,-1,1,0,1,-1,1,906,0.038485596484102623,0.053853448097023089,0.015367851612920466,0.010336904452236444,0.025865592986168907,0.015528688533932463,0.0046414535483727277,0.0004909696255782697,0.0046414535483727277,0.004671483447480751,0.0053249793582534882,0.0046673485208351701,0.0053636813442037544,0.053160698944697896,0.024616410940627085,0.029980092284830839,0.0053636813442037544,0,0,0,0,0,0.86864813039309685,-3.7815815357732004e-06,0.00013659205692337253,0.0056647707776394532,0,2.055726673017879e-05
285,13,13,0.28972949274994758,0.083943178969141927,1,-1,1,0,2,-1,0,11,0.053903884488339063,0.054011834494907519,0.0001079500065684566,0.025946480348071354,0.02611604795763087,0.00016956760955951639,0.005283745563349063,4.5590157339150073e-05,0.005283745563349063,0.0052776351754599306,0.0053448081837656029,0.0052839422442582697,0.0053450255896987098,0.054011834494907519,0.026017344896597731,0.031362370486296441,0.0053450255896987098,0,0,0,0,0,1,2.4412973526327094e-06,4.2068605370978109e-05,0.0045005636936253082,0.0015425810153095766,-9.5182247551740982e-06
285,13,13,0.28972949274994758,0.083943178969141927,1,-1,1,0,3,-1,0,9,0.054073553508707503,0.054170365703246411,9.6812194538907492e-05,0.026214381328759324,0.026369811884116776,0.00015543055535745254,0.0052797668756670545,3.1809897272636697e-05,0.0052797668756670545,0.0052581312369207843,0.0053233647683559983,0.0052798627000098736,0.0053234196455196961,0.054117993010110839,0.026217478318879252,0.031540897964398948,0.0053234196455196961,0,0,0,0,0,0.81818181818181823,-1.6285715133389515e-07,3.4805755508591631e-05,0.0038343983621644683,0,8.3719490564276073e-07
285,13,13,0.28972949274994758,0.083943178969141927,1,-1,3,1,1,-1,1,589,0.037518345563709136,0.054768750463855598,0.017250404900146461,0.0096966721883618712,0.02735156771180787,0.017654895523445999,0.0045154725773453369,0.0004852418267629377,0.0045154725773453369,0.0045217260473375924,0.0052511358605762792,0.0045414702715307932,0.0053161509466673612,0.054768750463855598,0.02735156771180787,0.032667718658475231,0.0053161509466673612,0,0,0,0,0,0.75077160493827155,-0.0087446099180117972,0.00013659205692337253,0.012777547311524556,0,0.028323593621929866
286,4,18,0.29016142580174104,0.084193653023299272,1,1,1,0,1,-1,1,861,0.031487658438959308,0.059058469015506661,0.027570810576547353,0.0066888891968390849,0.037758505670446967,0.031069616473607883,0.004472919490600356,0.00064090753102382769,0.004472919490600356,0.0045938332005099163,0.0052564432585885841,0.0045186027965196957,0.0053071458301537124,0.054543028685790529,0.026963209085055614,0.032270354915209326,0.0053071458301537124,0,0,0,0,0,0.33054074638233055,-1.8568738695913848e-05,0.00013174529001095737,0.0022335659718756688,0,0.0043625288931448064
286,4,18,0.29016142580174104,0.084193653023299272,1,1,3,1,1,-1,1,578,0.037731821214142758,0.054656592748484903,0.016924771534342145,0.0098255364160582479,0.027151434289526349,0.017325897873468103,0.0045299066950177432,0.00047716247209978873,0.0045299066950177432,0.0045363930005364993,0.0052535702375997098,0.0045549685718286742,0.0053179476894585354,0.054656592748484903,0.027151434289526349,0.032469381978984885,0.0053179476894585354,0,0,0,0,0,0.74835970667695872,-0.0087563482929347066,0.00013174529001095737,0.033863358851099416,0,0.028366102121982449
286,4,18,0.29016142580174104,0.084193653023299272,1,-1,1,0,1,-1,1,895,0.038697452792413121,0.053693196403707247,0.014995743611294125,0.010470305520125052,0.025605802559005776,0.015135497038880725,0.0046534390872485917,0.000477316828894498,0.0046534390872485917,0.0046880996998143395,0.0053252830911711549,0.0046778549244155592,0.0053570098449433438,0.053532692777198666,0.025216811207471646,0.03057382105241499,0.0053570098449433438,0,0,0,0,0,0.88003933136676504,-3.6967504370148023e-06,0.00013174529001095737,0.0056004351832507713,0,1.9387033794917652e-05
286,4,18,0.29016142580174104,0.084193653023299272,1,-1,1,0,2,-1,0,15,0.053696443328682945,0.053851850507092403,0.00015540717840945711,0.025610701252392027,0.025853056689036983,0.00024235543664495596,0.005276594814062883,4.5355732050702441e-05,0.005276594814062883,0.0052785252420665084,0.0053451769697963744,0.0052767897413318601,0.0053454849152311489,0.053851850507092403,0.025750500333555706,0.031095985248786855,0.0053454849152311489,0,0,0,0,0,1,2.3217059171124236e-06,4.4891008398935113e-05,0.0048032869595283191,0.0015016626394007649,-9.0199627302882861e-06
286,4,18,0.29016142580174104,0.084193653023299272,1,-1,1,0,3,-1,0,11,0.053911841818989212,0.05401146409742285,9.9622278433637856e-05,0.025947336631824167,0.026103498311237434,0.00015616167941326711,0.0052891897867747223,3.9319388066035612e-05,0.0052891897867747223,0.0052759668717862543,0.0053442023470434176,0.0052893359332528605,0.0053444051774814011,0.05401146409742285,0.026017344896597731,0.031361750074079132,0.0053444051774814011,0,0,0,0,0,1,1.1818288591143198e-06,3.6093762669180043e-05,0.0041350819523032108,0.0010652441101852634,-4.5389800571375743e-06
286,4,18,0.29016142580174104,0.084193653023299272,1,-1,3,1,1,-1,1,578,0.037731821214142758,0.054656592748484903,0.016924771534342145,0.0098255364160582479,0.027151434289526349,0.017325897873468103,0.0045299066950177432,0.00047716247209978873,0.0045299066950177432,0.0045363930005364993,0.0052535702375997098,0.0045549685718286742,0.0053179476894585354,0.054656592748484903,0.027151434289526349,0.032469381978984885,0.0053179476894585354,0,0,0,0,0,0.74835970667695872,-0.0087563482929347066,0.00013174529001095737,0.012714611402533636,0,0.028366102121982449
287,18,4,0.29016142580174104,0.084193653023299272,1,1,1,0,1,-1,1,861,0.031487658438959308,0.059058469015506661,0.027570810576547353,0.0066888891968390849,0.037758505670446967,0.031069616473607883,0.004472919490600356,0.00064090753102382769,0.004472919490600356,0.0045938332005099163,0.0052564432585885841,0.0045186027965196957,0.0053071458301537124,0.054543028685790529,0.026963209085055614,0.032270354915209326,0.0053071458301537124,0,0,0,0,0,0.33054074638233055,-1.8568738695913848e-05,0.00013174529001095737,0.0022335659718756688,0,0.0043625288931448064
287,18,4,0.29016142580174104,0.084193653023299272,1,1,3,1,1,-1,1,578,0.037731821214142758,0.054656592748484903,0.016924771534342145,0.0098255364160582479,0.027151434289526349,0.017325897873468103,0.0045299066950177432,0.00047716247209978873,0.0045299066950177432,0.0045363930005364993,0.0052535702375997098,0.0045549685718286742,0.0053179476894585354,0.054656592748484903,0.027151434289526349,0.032469381978984885,0.0053179476894585354,0,0,0,0,0,0.74835970667695872,-0.0087563482929347066,0.00013174529001095737,0.033863358851099416,0,0.028366102121982449
287,18,4,0.29016142580174104,0.084193653023299272,1,-1,1,0,1,-1,1,895,0.038697452792413121,0.053693196403707247,0.014995743611294125,0.010470305520125052,0.025605802559005776,0.015135497038880725,0.0046534390872485917,0.000477316828894498,0.0046534390872485917,0.0046880996998143395,0.0053252830911711549,0.0046778549244155592,0.0053570098449433438,0.053532692777198666,0.025216811207471646,0.03057382105241499,0.0053570098449433438,0,0,0,0,0,0.88003933136676504,-3.6967504370148023e-06,0.00013174529001095737,0.0056004351832507713,0,1.9387033794917652e-05
287,18,4,0.29016142580174104,0.084193653023299272,1,-1,1,0,2,-1,0,15,0.053696443328682945,0.053851850507092403,0.00015540717840945711,0.025610701252392027,0.025853056689036983,0.00024235543664495596,0.005276594814062883,4.5355732050702441e-05,0.005276594814062883,0.0052785252420665084,0.0053451769697963744,0.0052767897413318601,0.0053454849152311489,0.053851850507092403,0.025750500333555706,0.031095985248786855,0.0053454849152311489,0,0,0,0,0,1,2.3217059171124236e-06,4.4891008398935113e-05,0.0048032869595283191,0.0015016626394007649,-9.0199627302882861e-06
287,18,4,0.29016142580174104,0.084193653023299272,1,-1,1,0,3,-1,0,11,0.053911841818989212,0.05401146409742285,9.9622278433637856e-05,0.025947336631824167,0.026103498311237434,0.00015616167941326711,0.0052891897867747223,3.9319388066035612e-05,0.0052891897867747223,0.0052759668717862543,0.0053442023470434176,0.0052893359332528605,0.0053444051774814011,0.05401146409742285,0.026017344896597731,0.031361750074079132,0.0053444051774814011,0,0,0,0,0,1,1.1818288591143198e-06,3.6093762669180043e-05,0.0041350819523032108,0.0010652441101852634,-4.5389800571375743e-06
287,18,4,0.29016142580174104,0.084193653023299272,1,-1,3,1,1,-1,1,578,0.037731821214142758,0.054656592748484903,0.016924771534342145,0.0098255364160582479,0.027151434289526349,0.017325897873468103,0.0045299066950177432,0.00047716247209978873,0.0045299066950177432,0.0045363930005364993,0.0052535702375997098,0.0045549685718286742,0.0053179476894585354,0.054656592748484903,0.027151434289526349,0.032469381978984885,0.0053179476894585354,0,0,0,0,0,0.74835970667695872,-0.0087563482929347066,0.00013174529001095737,0.012714611402533636,0,0.028366102121982449
288,12,14,0.29057040575132914,0.084431160698492047,1,1,1,0,1,-1,1,845,0.031647765176784519,0.05905763909335611,0.027409873916571591,0.0067613132098057784,0.037758505670446967,0.030997192460641188,0.0044751524650758646,0.00063858790972000845,0.0044751524650758646,0.0045938234124142871,0.005261349837028413,0.0045204849412552144,0.0053189455346881881,0.054543028685790529,0.026951409380521138,0.032270354915209326,0.0053189455346881881,0,0,0,0,0,0.32444782939832445,-1.8275890198163038e-05,0.00012715084334664783,0.0021564446584423904,0,0.0043715426584650351
288,12,14,0.29057040575132914,0.084431160698492047,1,1,3,1,1,-1,1,568,0.03792087283440175,0.054543028685790529,0.016622155851388778,0.0099399599733155427,0.026951409380521138,0.017011449407205594,0.0045422439780037115,0.00046984913452082362,0.0045422439780037115,0.0045486928547439718,0.0052548810050720846,0.0045664798877166814,0.0053189455346881881,0.054543028685790529,0.026951409380521138,0.032270354915209326,0.0053189455346881881,0,0,0,0,0,0.74527209571593978,-0.0087674798133012335,0.00012715084334664783,0.033858611639928919,0,0.028406417471968017
288,12,14,0.29057040575132914,0.084431160698492047,1,-1,1,0,1,-1,1,866,0.038906677558408063,0.053532778175061801,0.014626100616653738,0.010604561024629318,0.025349771112837361,0.014745210088208043,0.0046548112552251336,0.00046224155323579269,0.0046548112552251336,0.0046793555451943823,0.0053139160195789332,0.0046777061766755321,0.0053532746608225892,0.052675116744496327,0.023874491523089764,0.029227766183912353,0.0053532746608225892,0,0,0,0,0,0.87386478304742687,-3.4086702838526377e-06,0.00012715084334664783,0.0055487712159369646,0,1.8259025774178455e-05
288,12,14,0.29057040575132914,0.084431160698492047,1,-1,1,0,2,-1,0,15,0.053529323265131892,0.053691899186206385,0.00016257592107449259,0.02534459458776878,0.02559393760419755,0.00024934301642877063,0.0052767531535336731,4.9602940714832363e-05,0.0052767531535336731,0.0052822867780708237,0.0053487820059220084,0.0052769862890721187,0.0053491229141792752,0.053691899186206385,0.025483655770513678,0.030832778684692953,0.0053491229141792752,0,0,0,0,0,1,8.7843373774388277e-07,4.5967489656472841e-05,0.0046592629184241717,0.00089513881276486113,-3.2050939764723405e-06
288,12,14,0.29057040575132914,0.084431160698492047,1,-1,1,0,3,-1,0,11,0.05374756951010827,0.053851492414072603,0.00010392290396433329,0.025680283129698871,0.025841169362833295,0.00016088623313442393,0.0052877538925195896,4.1801495695828102e-05,0.0052877538925195896,0.0052767790744796504,0.0053446854253981473,0.0052879191174694121,0.005344892199585654,0.053851492414072603,0.0257505003335557,0.031095392533141353,0.005344892199585654,0,0,0,0,0,1,1.1356750128025523e-06,3.7482332403462507e-05,0.004159113332267721,0.0010409118977950267,-4.3339903158849767e-06
288,12,14,0.29057040575132914,0.084431160698492047,1,-1,3,1,1,-1,1,568,0.03792087283440175,0.054543028685790529,0.016622155851388778,0.0099399599733155427,0.026951409380521138,0.017011449407205594,0.0045422439780037115,0.00046984913452082362,0.0045422439780037115,0.0045486928547439718,0.0052548810050720846,0.0045664798877166814,0.0053189455346881881,0.054543028685790529,0.026951409380521138,0.032270354915209326,0.0053189455346881881,0,0,0,0,0,0.74527209571593978,-0.0087674798133012335,0.00012715084334664783,0.012661146261728743,0,0.028406417471968017
289,14,12,0.29057040575132914,0.084431160698492047,1,1,1,0,1,-1,1,845,0.031647765176784519,0.05905763909335611,0.027409873916571591,0.0067613132098057784,0.037758505670446967,0.030997192460641188,0.0044751524650758646,0.00063858790972000845,0.0044751524650758646,0.0045938234124142871,0.005261349837028413,0.0045204849412552144,0.0053189455346881881,0.054543028685790529,0.026951409380521138,0.032270354915209326,0.0053189455346881881,0,0,0,0,0,0.32444782939832445,-1.8275890198163038e-05,0.00012715084334664783,0.0021564446584423904,0,0.0043715426584650351
289,14,12,0.29057040575132914,0.084431160698492047,1,1,3,1,1,-1,1,568,0.03792087283440175,0.054543028685790529,0.016622155851388778,0.0099399599733155427,0.026951409380521138,0.017011449407205594,0.0045422439780037115,0.00046984913452082362,0.0045422439780037115,0.0045486928547439718,0.0052548810050720846,0.0045664798877166814,0.0053189455346881881,0.054543028685790529,0.026951409380521138,0.032270354915209326,0.0053189455346881881,0,0,0,0,0,0.74527209571593978,-0.0087674798133012335,0.00012715084334664783,0.033858611639928919,0,0.028406417471968017
289,14,12,0.29057040575132914,0.084431160698492047,1,-1,1,0,1,-1,1,866,0.038906677558408063,0.053532778175061801,0.014626100616653738,0.010604561024629318,0.025349771112837361,0.014745210088208043,0.0046548112552251336,0.00046224155323579269,0.0046548112552251336,0.0046793555451943823,0.0053139160195789332,0.0046777061766755321,0.0053532746608225892,0.052675116744496327,0.023874491523089764,0.029227766183912353,0.0053532746608225892,0,0,0,0,0,0.87386478304742687,-3.4086702838526377e-06,0.00012715084334664783,0.0055487712159369646,0,1.8259025774178455e-05
289,14,12,0.29057040575132914,0.084431160698492047,1,-1,1,0,2,-1,0,15,0.053529323265131892,0.053691899186206385,0.00016257592107449259,0.02534459458776878,0.02559393760419755,0.00024934301642877063,0.0052767531535336731,4.9602940714832363e-05,0.0052767531535336731,0.0052822867780708237,0.0053487820059220084,0.0052769862890721187,0.0053491229141792752,0.053691899186206385,0.025483655770513678,0.030832778684692953,0.0053491229141792752,0,0,0,0,0,1,8.7843373774388277e-07,4.5967489656472841e-05,0.0046592629184241717,0.00089513881276486113,-3.2050939764723405e-06
289,14,12,0.29057040575132914,0.084431160698492047,1,-1,1,0,3,-1,0,11,0.05374756951010827,0.053851492414072603,0.00010392290396433329,0.025680283129698871,0.025841169362833295,0.00016088623313442393,0.0052877538925195896,4.1801495695828102e-05,0.0052877538925195896,0.0052767790744796504,0.0053446854253981473,0.0052879191174694121,0.005344892199585654,0.053851492414072603,0.0257505003335557,0.031095392533141353,0.005344892199585654,0,0,0,0,0,1,1.1356750128025523e-06,3.7482332403462507e-05,0.004159113332267721,0.0010409118977950267,-4.3339903158849767e-06
289,14,12,0.29057040575132914,0.084431160698492047,1,-1,3,1,1,-1,1,568,0.03792087283440175,0.054543028685790529,0.016622155851388778,0.0099399599733155427,0.026951409380521138,0.017011449407205594,0.0045422439780037115,0.00046984913452082362,0.0045422439780037115,0.0045486928547439718,0.0052548810050720846,0.0045664798877166814,0.0053189455346881881,0.054543028685790529,0.026951409380521138,0.032270354915209326,0.0053189455346881881,0,0,0,0,0,0.74527209571593978,-0.0087674798133012335,0.00012715084334664783,0.012661146261728743,0,0.028406417471968017
290,11,15,0.29307846094734608,0.085894984271265074,1,1,1,0,1,-1,1,787,0.032661774516344229,0.058628540267253615,0.025966765750909386,0.007228177143240643,0.036424282855236821,0.029196105711996177,0.0045532880108847974,0.00060685675734375273,0.0045532880108847974,0.0046795553266545178,0.0052712394769201107,0.0045935505694398322,0.0053189374187492915,0.0539563173952054,0.025950633755837223,0.031269571174586515,0.0053189374187492915,0,0,0,0,0,0.30205949656750575,-1.845511193281962e-05,9.8931325397635898e-05,0.0017552459962533083,0,0.0044274375089209212
290,11,15,0.29307846094734608,0.085894984271265074,1,1,3,1,1,-1,1,502,0.03917278185456971,0.053849232821881254,0.014676450967311544,0.0107270250755241,0.025768636170302055,0.015041611094777954,0.0046238349048301017,0.0004201105383109239,0.0046238349048301017,0.0046294325299903166,0.0052635808779870003,0.0046428807966094809,0.0053230166463666614,0.053849232821881254,0.025768636170302055,0.031091652816668716,0.0053230166463666614,0,0,0,0,0,0.72699149265274554,-0.0088361491192115171,9.8931325397635898e-05,0.03371846064124015,0,0.028655207986285881
290,11,15,0.29307846094734608,0.085894984271265074,1,-1,1,0,1,-1,0,15,0.040401593295591023,0.040675134832539116,0.0002735415369480923,0.011604105872165649,0.011804300684432016,0.00020019481226636777,0.004039521645542379,3.4730467870500373e-05,0.004039521645542379,0.0040215472419024897,0.0040897294915923053,0.0040396709433076251,0.0040913610038896576,0.040675134832539116,0.011741160773849232,0.015832521777738889,0.0040913610038896576,0,0,0,0,0,0.88235294117647056,-7.407642693792112e-07,2.5006444218464541e-05,0.0032454406166873787,0,3.2150267009811394e-06
290,11,15,0.29307846094734608,0.085894984271265074,1,-1,1,0,2,-1,1,712,0.040671910538243872,0.052582200430552867,0.011910289892308995,0.011801736527045475,0.023873637936856242,0.012071901409810766,0.0047157170598106533,0.00037444882471419477,0.0047157170598106533,0.0047376170743341408,0.0052707355859151483,0.0047305601476483813,0.005322747720043975,0.052305709412400328,0.023348899266177451,0.028671646986221426,0.005322747720043975,0,0,0,0,0,0.88009888751545118,-3.0323518546593076e-06,9.8931325397635898e-05,0.0051830275838570666,0,1.5004689802275693e-05
290,11,15,0.29307846094734608,0.085894984271265074,1,-1,1,0,3,-1,0,19,0.052622012044129515,0.052838634426241017,0.00021662238211150181,0.023943543004094181,0.02425334268599607,0.00030979968190188861,0.0052564539185025929,4.7422316159808404e-05,0.0052564539185025929,0.0052621917835687301,0.0053275894269040509,0.0052566678298529776,0.0053279326718959456,0.052838004724561898,0.024149432955303533,0.029477365627199478,0.0053279326718959456,0,0,0,0,0,1,1.2708953341492745e-06,4.3620508474926368e-05,0.0046125795061150625,0.0010963001368872341,-4.8074959605558737e-06
290,11,15,0.29307846094734608,0.085894984271265074,1,-1,1,0,4,-1,0,11,0.052948163173958084,0.05305085135778944,0.00010268818383135647,0.024413103157647942,0.024562495315795147,0.00014939215814720533,0.0052742580317453542,3.7729311517072369e-05,0.0052742580317453542,0.0052567720084618977,0.0053245718675597829,0.0052743929780002105,0.005324717877221604,0.05305085135778944,0.024482988659106069,0.029807706536327673,0.005324717877221604,0,0,0,0,0,1,2.6687661742711718e-06,3.3699356593837416e-05,0.0041025671960981547,0.001621200046851778,-1.0513158367648828e-05
290,11,15,0.29307846094734608,0.085894984271265074,1,-1,3,1,1,-1,1,502,0.03917278185456971,0.053849232821881254,0.014676450967311544,0.0107270250755241,0.025768636170302055,0.015041611094777954,0.0046238349048301017,0.0004201105383109239,0.0046238349048301017,0.0046294325299903166,0.0052635808779870003,0.0046428807966094809,0.0053230166463666614,0.053849232821881254,0.025768636170302055,0.031091652816668716,0.0053230166463666614,0,0,0,0,0,0.72699149265274554,-0.0088361491192115171,9.8931325397635898e-05,0.012310115481337005,0,0.028655207986285881
291,15,11,0.29307846094734608,0.085894984271265074,1,1,1,0,1,-1,1,787,0.032661774516344229,0.058628540267253615,0.025966765750909386,0.007228177143240643,0.036424282855236821,0.029196105711996177,0.0045532880108847974,0.00060685675734375273,0.0045532880108847974,0.0046795553266545178,0.0052712394769201107,0.0045935505694398322,0.0053189374187492915,0.0539563173952054,0.025950633755837223,0.031269571174586515,0.0053189374187492915,0,0,0,0,0,0.30205949656750575,-1.845511193281962e-05,9.8931325397635898e-05,0.0017552459962533083,0,0.0044274375089209212
291,15,11,0.29307846094734608,0.085894984271265074,1,1,3,1,1,-1,1,502,0.03917278185456971,0.053849232821881254,0.014676450967311544,0.0107270250755241,0.025768636170302055,0.015041611094777954,0.0046238349048301017,0.0004201105383109239,0.0046238349048301017,0.0046294325299903166,0.0052635808779870003,0.0046428807966094809,0.0053230166463666614,0.053849232821881254,0.025768636170302055,0.031091652816668716,0.0053230166463666614,0,0,0,0,0,0.72699149265274554,-0.0088361491192115171,9.8931325397635898e-05,0.03371846064124015,0,0.028655207986285881
291,15,11,0.29307846094734608,0.085894984271265074,1,-1,1,0,1,-1,0,15,0.040401593295591023,0.040675134832539116,0.0002735415369480923,0.011604105872165649,0.011804300684432016,0.00020019481226636777,0.004039521645542379,3.4730467870500373e-05,0.004039521645542379,0.0040215472419024897,0.0040897294915923053,0.0040396709433076251,0.0040913610038896576,0.040675134832539116,0.011741160773849232,0.015832521777738889,0.0040913610038896576,0,0,0,0,0,0.88235294117647056,-7.407642693792112e-07,2.5006444218464541e-05,0.0032454406166873787,0,3.2150267009811394e-06
291,15,11,0.29307846094734608,0.085894984271265074,1,-1,1,0,2,-1,1,712,0.040671910538243872,0.052582200430552867,0.011910289892308995,0.011801736527045475,0.023873637936856242,0.012071901409810766,0.0047157170598106533,0.00037444882471419477,0.0047157170598106533,0.0047376170743341408,0.0052707355859151483,0.0047305601476483813,0.005322747720043975,0.052305709412400328,0.023348899266177451,0.028671646986221426,0.005322747720043975,0,0,0,0,0,0.88009888751545118,-3.0323518546593076e-06,9.8931325397635898e-05,0.0051830275838570666,0,1.5004689802275693e-05
291,15,11,0.29307846094734608,0.085894984271265074,1,-1,1,0,3,-1,0,19,0.052622012044129515,0.052838634426241017,0.00021662238211150181,0.023943543004094181,0.02425334268599607,0.00030979968190188861,0.0052564539185025929,4.7422316159808404e-05,0.0052564539185025929,0.0052621917835687301,0.0053275894269040509,0.0052566678298529776,0.0053279326718959456,0.052838004724561898,0.024149432955303533,0.029477365627199478,0.0053279326718959456,0,0,0,0,0,1,1.2708953341492745e-06,4.3620508474926368e-05,0.0046125795061150625,0.0010963001368872341,-4.8074959605558737e-06
291,15,11,0.29307846094734608,0.085894984271265074,1,-1,1,0,4,-1,0,11,0.052948163173958084,0.05305085135778944,0.00010268818383135647,0.024413103157647942,0.024562495315795147,0.00014939215814720533,0.0052742580317453542,3.7729311517072369e-05,0.0052742580317453542,0.0052567720084618977,0.0053245718675597829,0.0052743929780002105,0.005324717877221604,0.05305085135778944,0.024482988659106069,0.029807706536327673,0.005324717877221604,0,0,0,0,0,1,2.6687661742711718e-06,3.3699356593837416e-05,0.0041025671960981547,0.001621200046851778,-1.0513158367648828e-05
291,15,11,0.29307846094734608,0.085894984271265074,1,-1,3,1,1,-1,1,502,0.03917278185456971,0.053849232821881254,0.014676450967311544,0.0107270250755241,0.025768636170302055,0.015041611094777954,0.0046238349048301017,0.0004201105383109239,0.0046238349048301017,0.0046294325299903166,0.0052635808779870003,0.0046428807966094809,0.0053230166463666614,0.053849232821881254,0.025768636170302055,0.031091652816668716,0.0053230166463666614,0,0,0,0,0,0.72699149265274554,-0.0088361491192115171,9.8931325397635898e-05,0.012310115481337005,0,0.028655207986285881
292,5,18,0.2939979231060989,0.086434778790699635,1,1,1,0,1,-1,1,780,0.032928619079386254,0.058580533891423342,0.025651914812037088,0.0073547755533137325,0.036290860573715812,0.02893608502040208,0.0045785414527178018,0.00059942363957522858,0.0045785414527178018,0.004713575055002809,0.0052685900766613388,0.004617613077547409,0.0053067504563492074,0.053422281521014005,0.025089212178880362,0.030395962635229569,0.0053067504563492074,0,0,0,0,0,0.30003812428516963,-1.7210184147244158e-05,8.8561317766623136e-05,0.0016084125876145983,0,0.0044481948998200899
292,5,18,0.2939979231060989,0.086434778790699635,1,1,3,1,1,-1,1,475,0.039653102068045364,0.053550747132479322,0.013897645064433958,0.011041709390183955,0.025283522348232154,0.014241812958048199,0.0046532285432798063,0.00039922075930682568,0.0046532285432798063,0.0046581107582856357,0.0052609226809786228,0.0046703225895708142,0.0053195158553994704,0.053550747132479322,0.025283522348232154,0.030603038203631625,0.0053195158553994704,0,0,0,0,0,0.71992263056092842,-0.0088614937912759647,8.8561317766623136e-05,0.033667960273628464,0,0.02874707164053034
292,5,18,0.2939979231060989,0.086434778790699635,1,-1,1,0,1,-1,0,9,0.040882927802436575,0.041047030305820451,0.00016410250338387555,0.01193861331235826,0.012060269555297629,0.00012165624293936951,0.0040945264191034883,2.6851591240496809e-05,0.0040945264191034883,0.0040787033175682628,0.0041354520716716265,0.0040946144634981911,0.0041363208757713502,0.041047030305820451,0.01200800533689126,0.01614432621266261,0.0041363208757713502,0,0,0,0,0,0.81818181818181823,-3.327699206708744e-07,2.2357791433137196e-05,0.0031547924382787779,0,1.5213921631969466e-06
292,5,18,0.2939979231060989,0.086434778790699635,1,-1,1,0,2,-1,1,686,0.041147751622271203,0.052258714337998377,0.011110962715727174,0.012137436242163336,0.023400785461093837,0.011263349218930501,0.0047298850303921433,0.00034411473504556138,0.0047298850303921433,0.0047442332689096303,0.0052511971769496285,0.0047423862507816857,0.0053089700900629637,0.052251493846667663,0.023282188125416946,0.02859115821547991,0.0053089700900629637,0,0,0,0,0,0.90860927152317883,-2.4947369321418625e-06,8.8561317766623136e-05,0.0050979777444468549,0,1.2195911717326199e-05
292,5,18,0.2939979231060989,0.086434778790699635,1,-1,1,0,3,-1,0,17,0.052355466453642086,0.052570741258975186,0.00021527480533310023,0.023544737029283787,0.023846831648109905,0.0003020946188261181,0.0052451209985012659,4.0855541061266917e-05,0.0052451209985012659,0.0052188485668523757,0.0053063167638867934,0.005245280113030602,0.0053065337201966857,0.052517610200518337,0.023682454969979987,0.028988988690176673,0.0053065337201966857,0,0,0,0,0,0.89473684210526316,-2.2623887974583935e-07,3.9274342795260863e-05,0.0041689799212375868,0,1.1493263183972922e-06
292,5,18,0.2939979231060989,0.086434778790699635,1,-1,3,1,1,-1,1,475,0.039653102068045364,0.053550747132479322,0.013897645064433958,0.011041709390183955,0.025283522348232154,0.014241812958048199,0.0046532285432798063,0.00039922075930682568,0.0046532285432798063,0.0046581107582856357,0.0052609226809786228,0.0046703225895708142,0.0053195158553994704,0.053550747132479322,0.025283522348232154,0.030603038203631625,0.0053195158553994704,0,0,0,0,0,0.71992263056092842,-0.0088614937912759647,8.8561317766623136e-05,0.012179574878196877,0,0.02874707164053034
293,18,5,0.2939979231060989,0.086434778790699635,1,1,1,0,1,-1,1,780,0.032928619079386254,0.058580533891423342,0.025651914812037088,0.0073547755533137325,0.036290860573715812,0.02893608502040208,0.0045785414527178018,0.00059942363957522858,0.0045785414527178018,0.004713575055002809,0.0052685900766613388,0.004617613077547409,0.0053067504563492074,0.053422281521014005,0.025089212178880362,0.030395962635229569,0.0053067504563492074,0,0,0,0,0,0.30003812428516963,-1.7210184147244158e-05,8.8561317766623136e-05,0.0016084125876145983,0,0.0044481948998200899
293,18,5,0.2939979231060989,0.086434778790699635,1,1,3,1,1,-1,1,475,0.039653102068045364,0.053550747132479322,0.013897645064433958,0.011041709390183955,0.025283522348232154,0.014241812958048199,0.0046532285432798063,0.00039922075930682568,0.0046532285432798063,0.0046581107582856357,0.0052609226809786228,0.0046703225895708142,0.0053195158553994704,0.053550747132479322,0.025283522348232154,0.030603038203631625,0.0053195158553994704,0,0,0,0,0,0.71992263056092842,-0.0088614937912759647,8.8561317766623136e-05,0.033667960273628464,0,0.02874707164053034
293,18,5,0.2939979231060989,0.086434778790699635,1,-1,1,0,1,-1,0,9,0.040882927802436575,0.041047030305820451,0.00016410250338387555,0.01193861331235826,0.012060269555297629,0.00012165624293936951,0.0040945264191034883,2.6851591240496809e-05,0.0040945264191034883,0.0040787033175682628,0.0041354520716716265,0.0040946144634981911,0.0041363208757713502,0.041047030305820451,0.01200800533689126,0.01614432621266261,0.0041363208757713502,0,0,0,0,0,0.81818181818181823,-3.327699206708744e-07,2.2357791433137196e-05,0.0031547924382787779,0,1.5213921631969466e-06
293,18,5,0.2939979231060989,0.086434778790699635,1,-1,1,0,2,-1,1,686,0.041147751622271203,0.052258714337998377,0.011110962715727174,0.012137436242163336,0.023400785461093837,0.011263349218930501,0.0047298850303921433,0.00034411473504556138,0.0047298850303921433,0.0047442332689096303,0.0052511971769496285,0.0047423862507816857,0.0053089700900629637,0.052251493846667663,0.023282188125416946,0.02859115821547991,0.0053089700900629637,0,0,0,0,0,0.90860927152317883,-2.4947369321418625e-06,8.8561317766623136e-05,0.0050979777444468549,0,1.2195911717326199e-05
293,18,5,0.2939979231060989,0.086434778790699635,1,-1,1,0,3,-1,0,17,0.052355466453642086,0.052570741258975186,0.00021527480533310023,0.023544737029283787,0.023846831648109905,0.0003020946188261181,0.0052451209985012659,4.0855541061266917e-05,0.0052451209985012659,0.0052188485668523757,0.0053063167638867934,0.005245280113030602,0.0053065337201966857,0.052517610200518337,0.023682454969979987,0.028988988690176673,0.0053065337201966857,0,0,0,0,0,0.89473684210526316,-2.2623887974583935e-07,3.9274342795260863e-05,0.0041689799212375868,0,1.1493263183972922e-06
293,18,5,0.2939979231060989,0.086434778790699635,1,-1,3,1,1,-1,1,475,0.039653102068045364,0.053550747132479322,0.013897645064433958,0.011041709390183955,0.025283522348232154,0.014241812958048199,0.0046532285432798063,0.00039922075930682568,0.0046532285432798063,0.0046581107582856357,0.0052609226809786228,0.0046703225895708142,0.0053195158553994704,0.053550747132479322,0.025283522348232154,0.030603038203631625,0.0053195158553994704,0,0,0,0,0,0.71992263056092842,-0.0088614937912759647,8.8561317766623136e-05,0.012179574878196877,0,0.02874707164053034
294,8,17,0.29584515847020543,0.087524357790260965,1,1,1,0,1,-1,1,742,0.033622414943295528,0.058256564635071159,0.024634149691775631,0.0076942295965713378,0.035356904603068715,0.027662675006497377,0.0046142162229908003,0.00058624214730945365,0.0046142162229908003,0.0047571925793723092,0.0052637655587418628,0.0046513085479027811,0.0053051927137468709,0.052995330220146762,0.024415879677421353,0.029721072391168224,0.0053051927137468709,0,0,0,0,0,0.28615032430370085,-1.7036498118756506e-05,6.7673606607513895e-05,0.0013298070618855073,0,0.0044903285157513158
294,8,17,0.29584515847020543,0.087524357790260965,1,1,3,1,1,-1,1,415,0.040720480320213477,0.052865216508813796,0.012144736188600319,0.011770612517436179,0.024216144096064041,0.012445531578627862,0.0047124987258798968,0.00035179159545921086,0.0047124987258798968,0.0047165081926664708,0.0052498384685130909,0.0047256112375073118,0.0053031876319023716,0.052865216508813796,0.024216144096064041,0.029519331727966412,0.0053031876319023716,0,0,0,0,0,0.70294345468628971,-0.0089126898012451394,6.7673606607513895e-05,0.033577418669498239,0,0.02893269968573851
294,8,17,0.29584515847020543,0.087524357790260965,1,-1,1,0,1,-1,0,11,0.042071826164709433,0.042220027168772011,0.00014820100406257725,0.012805345082825338,0.012922099105778261,0.00011675402295292271,0.0042563555730784491,3.0595119432433637e-05,0.0042563555730784491,0.0042549626667008345,0.0043030048872509446,0.0042564655320828171,0.0043030927008582704,0.042161440960640423,0.012805345082825338,0.017108437783683608,0.0043030927008582704,0,0,0,0,0,1,9.074302305026418e-07,2.1833116922106212e-05,0.0034010957005667602,0.00093240337127348466,-3.477504187048639e-06
294,8,17,0.29584515847020543,0.087524357790260965,1,-1,1,0,2,-1,0,11,0.042323266235371061,0.042487606447224213,0.00016434021185315201,0.013004921641333374,0.013135943843950016,0.00013102220261664195,0.0042880829730043233,3.714588488964366e-05,0.0042880829730043233,0.0042930114165799262,0.0043411366086819093,0.0042882438596859012,0.0043412405552365647,0.042428285523682455,0.013004921641333374,0.017346162196569939,0.0043412405552365647,0,0,0,0,0,1,6.406847392334341e-07,2.5390201370171134e-05,0.0035227230084961727,0.00076647531802045575,-2.3499376525382352e-06
294,8,17,0.29584515847020543,0.087524357790260965,1,-1,1,0,3,-1,1,565,0.042489286420286314,0.051346428546969344,0.0088571421266830305,0.01313735958179625,0.022135882928534318,0.0089985233467380684,0.0047902997006236221,0.00027755960294946361,0.0047902997006236221,0.0048059040272077358,0.0051884864508531846,0.0047983341437403274,0.0052622194569095573,0.051290948965153453,0.021947965310206805,0.027210184767116362,0.0052622194569095573,0,0,0,0,0,0.93698175787728022,-2.2581547474327137e-06,6.7673606607513895e-05,0.0048333919406952754,0,1.0365470006267968e-05
294,8,17,0.29584515847020543,0.087524357790260965,1,-1,1,0,4,-1,0,21,0.051555048498121141,0.051823283971541664,0.00026823547342052362,0.022411317607524343,0.022767594471707203,0.00035627686418285981,0.0052158566257767217,3.8200486930763397e-05,0.0052158566257767217,0.0051946279726337516,0.0052735422728574927,0.0052159965124471347,0.0052737707616685482,0.051770240316439405,0.022615076717811874,0.027888847479480422,0.0052737707616685482,0,0,0,0,0,0.91304347826086951,-8.1475469902112787e-08,3.4732706529761473e-05,0.003890081087513932,0,5.1606162216879443e-07
294,8,17,0.29584515847020543,0.087524357790260965,1,-1,3,1,1,-1,1,415,0.040720480320213477,0.052865216508813796,0.012144736188600319,0.011770612517436179,0.024216144096064041,0.012445531578627862,0.0047124987258798968,0.00035179159545921086,0.0047124987258798968,0.0047165081926664708,0.0052498384685130909,0.0047256112375073118,0.0053031876319023716,0.052865216508813796,0.024216144096064041,0.029519331727966412,0.0053031876319023716,0,0,0,0,0,0.70294345468628971,-0.0089126898012451394,6.7673606607513895e-05,0.011919619109921273,0,0.02893269968573851
295,17,8,0.29584515847020543,0.087524357790260965,1,1,1,0,1,-1,1,742,0.033622414943295528,0.058256564635071159,0.024634149691775631,0.0076942295965713378,0.035356904603068715,0.027662675006497377,0.0046142162229908003,0.00058624214730945365,0.0046142162229908003,0.0047571925793723092,0.0052637655587418628,0.0046513085479027811,0.0053051927137468709,0.052995330220146762,0.024415879677421353,0.029721072391168224,0.0053051927137468709,0,0,0,0,0,0.28615032430370085,-1.7036498118756506e-05,6.7673606607513895e-05,0.0013298070618855073,0,0.0044903285157513158
295,17,8,0.29584515847020543,0.087524357790260965,1,1,3,1,1,-1,1,415,0.040720480320213477,0.052865216508813796,0.012144736188600319,0.011770612517436179,0.024216144096064041,0.012445531578627862,0.0047124987258798968,0.00035179159545921086,0.0047124987258798968,0.0047165081926664708,0.0052498384685130909,0.0047256112375073118,0.0053031876319023716,0.052865216508813796,0.024216144096064041,0.029519331727966412,0.0053031876319023716,0,0,0,0,0,0.70294345468628971,-0.0089126898012451394,6.7673606607513895e-05,0.033577418669498239,0,0.02893269968573851
295,17,8,0.29584515847020543,0.087524357790260965,1,-1,1,0,1,-1,0,11,0.042071826164709433,0.042220027168772011,0.00014820100406257725,0.012805345082825338,0.012922099105778261,0.00011675402295292271,0.0042563555730784491,3.0595119432433637e-05,0.0042563555730784491,0.0042549626667008345,0.0043030048872509446,0.0042564655320828171,0.0043030927008582704,0.042161440960640423,0.012805345082825338,0.017108437783683608,0.0043030927008582704,0,0,0,0,0,1,9.074302305026418e-07,2.1833116922106212e-05,0.0034010957005667602,0.00093240337127348466,-3.477504187048639e-06
295,17,8,0.29584515847020543,0.087524357790260965,1,-1,1,0,2,-1,0,11,0.042323266235371061,0.042487606447224213,0.00016434021185315201,0.013004921641333374,0.013135943843950016,0.00013102220261664195,0.0042880829730043233,3.714588488964366e-05,0.0042880829730043233,0.0042930114165799262,0.0043411366086819093,0.0042882438596859012,0.0043412405552365647,0.042428285523682455,0.013004921641333374,0.017346162196569939,0.0043412405552365647,0,0,0,0,0,1,6.406847392334341e-07,2.5390201370171134e-05,0.0035227230084961727,0.00076647531802045575,-2.3499376525382352e-06
295,17,8,0.29584515847020543,0.087524357790260965,1,-1,1,0,3,-1,1,565,0.042489286420286314,0.051346428546969344,0.0088571421266830305,0.01313735958179625,0.022135882928534318,0.0089985233467380684,0.0047902997006236221,0.00027755960294946361,0.0047902997006236221,0.0048059040272077358,0.0051884864508531846,0.0047983341437403274,0.0052622194569095573,0.051290948965153453,0.021947965310206805,0.027210184767116362,0.0052622194569095573,0,0,0,0,0,0.93698175787728022,-2.2581547474327137e-06,6.7673606607513895e-05,0.0048333919406952754,0,1.0365470006267968e-05
295,17,8,0.29584515847020543,0.087524357790260965,1,-1,1,0,4,-1,0,21,0.051555048498121141,0.051823283971541664,0.00026823547342052362,0.022411317607524343,0.022767594471707203,0.00035627686418285981,0.0052158566257767217,3.8200486930763397e-05,0.0052158566257767217,0.0051946279726337516,0.0052735422728574927,0.0052159965124471347,0.0052737707616685482,0.051770240316439405,0.022615076717811874,0.027888847479480422,0.0052737707616685482,0,0,0,0,0,0.91304347826086951,-8.1475469902112787e-08,3.4732706529761473e-05,0.003890081087513932,0,5.1606162216879443e-07
295,17,8,0.29584515847020543,0.087524357790260965,1,-1,3,1,1,-1,1,415,0.040720480320213477,0.052865216508813796,0.012144736188600319,0.011770612517436179,0.024216144096064041,0.012445531578627862,0.0047124987258798968,0.00035179159545921086,0.0047124987258798968,0.0047165081926664708,0.0052498384685130909,0.0047256112375073118,0.0053031876319023716,0.052865216508813796,0.024216144096064041,0.029519331727966412,0.0053031876319023716,0,0,0,0,0,0.70294345468628971,-0.0089126898012451394,6.7673606607513895e-05,0.011919619109921273,0,0.02893269968573851
296,10,16,0.29721084245353185,0.088334284871938118,1,1,1,0,1,-1,1,709,0.03388925950633756,0.05815797412899644,0.02426871462265888,0.0078304529160252261,0.035090060040026683,0.027259607124001457,0.0046508355416154962,0.00056372509670802478,0.0046508355416154962,0.0048037476680554275,0.0052607462016561971,0.0046848753686530853,0.0052915346674071995,0.05315543695797198,0.024680269912718045,0.029971804580125244,0.0052915346674071995,0,0,0,0,0,0.2736641221374046,-1.5452818767461803e-05,6.1484327814705837e-05,0.0011068685376163204,0,0.0045218483913225969
296,10,16,0.29721084245353185,0.088334284871938118,1,1,3,1,1,-1,1,365,0.041607806801031808,0.052278355742807363,0.010670548941775555,0.012408272181454304,0.023348899266177454,0.01094062708472315,0.0047572355930522552,0.00031130740023508247,0.0047572355930522552,0.0047611198701809632,0.0052336981367643084,0.004767410490533028,0.0052821028171884665,0.052278355742807363,0.023348899266177454,0.028631002083365921,0.0052821028171884665,0,0,0,0,0,0.68694304533126693,-0.0089507806397345607,5.2207931682762932e-05,0.033473486995653362,0,0.029070865901739958
296,10,16,0.29721084245353185,0.088334284871938118,1,-1,1,0,1,-1,0,11,0.043345904980337281,0.043499886246637781,0.00015398126630049996,0.013805719359137223,0.013935232772220895,0.00012951341308367267,0.0044176831581228433,3.5699984798022276e-05,0.0044176831581228433,0.0044187361490796249,0.0044691870614355263,0.0044178274043331304,0.0044692805647909822,0.043442294863242158,0.013805719359137223,0.018274999923928205,0.0044692805647909822,0,0,0,0,0,1,2.409362601161455e-07,2.4353366452376502e-05,0.0034143815273737152,0.00043906645154889951,-7.7111739550296849e-07
296,10,16,0.29721084245353185,0.088334284871938118,1,-1,1,0,2,-1,0,11,0.043504425459340891,0.043660796867614822,0.00015637140827393092,0.013938935785507903,0.014070936951065051,0.0001320011655571475,0.0044340583297408625,3.6839805703778425e-05,0.0044340583297408625,0.0044360151179793708,0.0044864773460149979,0.0044342113665034747,0.0044865319534794831,0.043602401601067375,0.013938935785507903,0.018425467738987386,0.0044865319534794831,0,0,0,0,0,1,1.3889745863464336e-06,2.6142570117973781e-05,0.0036808981757021995,0.0011569387200470718,-5.3540288077766266e-06
296,10,16,0.29721084245353185,0.088334284871938118,1,-1,1,0,3,-1,0,11,0.043661783679432652,0.043821808129740333,0.0001600244503076817,0.014071804445935133,0.014207660063122934,0.00013585561718780156,0.0044510758094011473,3.8492055660928506e-05,0.0044510758094011473,0.00445456938291049,0.0045048583643598119,0.0044512422422718217,0.0045048770478335175,0.043762508338892593,0.014072129424847398,0.018577006472680915,0.0045048770478335175,0,0,0,0,0,1,2.1981080340043041e-06,2.7887091500208559e-05,0.0038520734236738461,0.0014642505539865884,-8.5761187394001251e-06
296,10,16,0.29721084245353185,0.088334284871938118,1,-1,1,0,4,-1,1,483,0.043817993108816511,0.05118213261219428,0.0073641395033777687,0.014204269429123532,0.02188987964714622,0.0076856102180226874,0.0048593173551383225,0.00022641724410703314,0.0048593173551383225,0.0048748389452596338,0.0051758559442072888,0.0048645893892884252,0.0052383311980618505,0.051129596943566474,0.021747831887925284,0.026986163085987135,0.0052383311980618505,0,0,0,0,0,0.94891944990176813,-1.5614055480606901e-06,5.2207931682762932e-05,0.0044786591876492168,0,6.9300158739578427e-06
296,10,16,0.29721084245353185,0.088334284871938118,1,-1,3,1,1,-1,1,365,0.041607806801031808,0.052278355742807363,0.010670548941775555,0.012408272181454304,0.023348899266177454,0.01094062708472315,0.0047572355930522552,0.00031130740023508247,0.0047572355930522552,0.0047611198701809632,0.0052336981367643084,0.004767410490533028,0.0052821028171884665,0.052278355742807363,0.023348899266177454,0.028631002083365921,0.0052821028171884665,0,0,0,0,0,0.68694304533126693,-0.0089507806397345607,5.2207931682762932e-05,0.011714899111889625,0,0.029070865901739958
297,16,10,0.29721084245353185,0.088334284871938118,1,1,1,0,1,-1,1,709,0.03388925950633756,0.05815797412899644,0.02426871462265888,0.0078304529160252261,0.035090060040026683,0.027259607124001457,0.0046508355416154962,0.00056372509670802478,0.0046508355416154962,0.0048037476680554275,0.0052607462016561971,0.0046848753686530853,0.0052915346674071995,0.05315543695797198,0.024680269912718045,0.029971804580125244,0.0052915346674071995,0,0,0,0,0,0.2736641221374046,-1.5452818767461803e-05,6.1484327814705837e-05,0.0011068685376163204,0,0.0045218483913225969
297,16,10,0.29721084245353185,0.088334284871938118,1,1,3,1,1,-1,1,365,0.041607806801031808,0.052278355742807363,0.010670548941775555,0.012408272181454304,0.023348899266177454,0.01094062708472315,0.0047572355930522552,0.00031130740023508247,0.0047572355930522552,0.0047611198701809632,0.0052336981367643084,0.004767410490533028,0.0052821028171884665,0.052278355742807363,0.023348899266177454,0.028631002083365921,0.0052821028171884665,0,0,0,0,0,0.68694304533126693,-0.0089507806397345607,5.2207931682762932e-05,0.033473486995653362,0,0.029070865901739958
297,16,10,0.29721084245353185,0.088334284871938118,1,-1,1,0,1,-1,0,11,0.043345904980337281,0.043499886246637781,0.00015398126630049996,0.013805719359137223,0.013935232772220895,0.00012951341308367267,0.0044176831581228433,3.5699984798022276e-05,0.0044176831581228433,0.0044187361490796249,0.0044691870614355263,0.0044178274043331304,0.0044692805647909822,0.043442294863242158,0.013805719359137223,0.018274999923928205,0.0044692805647909822,0,0,0,0,0,1,2.409362601161455e-07,2.4353366452376502e-05,0.0034143815273737152,0.00043906645154889951,-7.7111739550296849e-07
297,16,10,0.29721084245353185,0.088334284871938118,1,-1,1,0,2,-1,0,11,0.043504425459340891,0.043660796867614822,0.00015637140827393092,0.013938935785507903,0.014070936951065051,0.0001320011655571475,0.0044340583297408625,3.6839805703778425e-05,0.0044340583297408625,0.0044360151179793708,0.0044864773460149979,0.0044342113665034747,0.0044865319534794831,0.043602401601067375,0.013938935785507903,0.018425467738987386,0.0044865319534794831,0,0,0,0,0,1,1.3889745863464336e-06,2.6142570117973781e-05,0.0036808981757021995,0.0011569387200470718,-5.3540288077766266e-06
297,16,10,0.29721084245353185,0.088334284871938118,1,-1,1,0,3,-1,0,11,0.043661783679432652,0.043821808129740333,0.0001600244503076817,0.014071804445935133,0.014207660063122934,0.00013585561718780156,0.0044510758094011473,3.8492055660928506e-05,0.0044510758094011473,0.00445456938291049,0.0045048583643598119,0.0044512422422718217,0.0045048770478335175,0.043762508338892593,0.014072129424847398,0.018577006472680915,0.0045048770478335175,0,0,0,0,0,1,2.1981080340043041e-06,2.7887091500208559e-05,0.0038520734236738461,0.0014642505539865884,-8.5761187394001251e-06
297,16,10,0.29721084245353185,0.088334284871938118,1,-1,1,0,4,-1,1,483,0.043817993108816511,0.05118213261219428,0.0073641395033777687,0.014204269429123532,0.02188987964714622,0.0076856102180226874,0.0048593173551383225,0.00022641724410703314,0.0048593173551383225,0.0048748389452596338,0.0051758559442072888,0.0048645893892884252,0.0052383311980618505,0.051129596943566474,0.021747831887925284,0.026986163085987135,0.0052383311980618505,0,0,0,0,0,0.94891944990176813,-1.5614055480606901e-06,5.2207931682762932e-05,0.0044786591876492168,0,6.9300158739578427e-06
297,16,10,0.29721084245353185,0.088334284871938118,1,-1,3,1,1,-1,1,365,0.041607806801031808,0.052278355742807363,0.010670548941775555,0.012408272181454304,0.023348899266177454,0.01094062708472315,0.0047572355930522552,0.00031130740023508247,0.0047572355930522552,0.0047611198701809632,0.0052336981367643084,0.004767410490533028,0.0052821028171884665,0.052278355742807363,0.023348899266177454,0.028631002083365921,0.0052821028171884665,0,0,0,0,0,0.68694304533126693,-0.0089507806397345607,5.2207931682762932e-05,0.011714899111889625,0,0.029070865901739958
298,6,18,0.29861814158566147,0.089172794484074155,1,1,1,0,1,-1,1,667,0.034529686457638424,0.057885694105742451,0.023356007648104027,0.0081546158753353117,0.034356237491661105,0.026201621616325794,0.0047058620240546236,0.00053824472781164809,0.0047058620240546236,0.0048726596076966236,0.0052479545663834323,0.0047365435474042159,0.0052769205711732485,0.052891393858790339,0.024282855236824549,0.029559775807997797,0.0052769205711732485,0,0,0,0,0,0.25811378388697975,-1.6416377451806234e-05,5.9387515730488215e-05,0.00088922972264211374,0,0.0045546575557316431
298,6,18,0.29861814158566147,0.089172794484074155,1,1,3,1,1,-1,1,304,0.042641761174116076,0.051514836448459528,0.0088730752743434518,0.013189808182160638,0.022281521014009337,0.0090917128318486994,0.0048019364227813886,0.00026093162876218956,0.0048019364227813886,0.0048044657899102127,0.0052020273900452848,0.0048090205575899766,0.0052431815400933758,0.051514836448459528,0.022281521014009337,0.027524702554102713,0.0052431815400933758,0,0,0,0,0,0.66679596586501166,-0.008990244028107967,3.6247639599433103e-05,0.033386562659629755,0,0.02921406080553153
298,6,18,0.29861814158566147,0.089172794484074155,1,-1,1,0,1,-1,0,11,0.044701071926312591,0.044833365931400589,0.00013229400508799755,0.014940257505003905,0.01505879811796164,0.00011854061295773523,0.0045772062726431272,3.0066217104862635e-05,0.0045772062726431272,0.0045685420293070673,0.0046221635238609116,0.0045773050193027975,0.0046221665575509122,0.044776517678452303,0.014940257505003905,0.019562424062554817,0.0046221665575509122,0,0,0,0,0,1,2.5715964567494962e-06,2.3136062733702243e-05,0.0037036951893292258,0.0015933497930495303,-1.0155054252043925e-05
298,6,18,0.29861814158566147,0.089172794484074155,1,-1,1,0,2,-1,0,11,0.044849814387547454,0.044993431724188161,0.00014361733664070703,0.015073401050223088,0.015203329539176524,0.00012992848895343641,0.0045985901805033697,3.4994199254941598e-05,0.0045985901805033697,0.0045948444983066501,0.0046487524717182625,0.0045987233274250704,0.0046488021127236729,0.044936624416277514,0.015073401050223088,0.019722203162946761,0.0046488021127236729,0,0,0,0,0,1,6.858989758645181e-07,2.4440953009965583e-05,0.0035193848163527332,0.00080129641053806248,-2.5683037501647325e-06
298,6,18,0.29861814158566147,0.089172794484074155,1,-1,1,0,3,-1,0,11,0.045070924962669637,0.045207875036298382,0.00013695007362874573,0.015270371912006878,0.015397856852403143,0.00012748494039626496,0.0046170694479981782,3.2415729664538067e-05,0.0046170694479981782,0.0046127904743297476,0.0046636830557755995,0.0046171832395052155,0.0046637372273191577,0.045153568047088803,0.015276851234156105,0.019940588461475263,0.0046637372273191577,0,0,0,0,0,1,4.0368313720742923e-06,2.6105354302001279e-05,0.0039675447627197996,0.0019998641464367803,-1.5997826416813247e-05
298,6,18,0.29861814158566147,0.089172794484074155,1,-1,1,0,4,-1,0,15,0.045217027469950127,0.045425125720113382,0.00020809825016325501,0.015406472178601324,0.015594428799393718,0.00018795662079239446,0.004639880670111683,3.6557077578863461e-05,0.004639880670111683,0.0046388440513574995,0.0046929849323259203,0.0046400246823478358,0.0046930290830281291,0.045310206804536353,0.015406606452528919,0.020099635535557048,0.0046930290830281291,0,0,0,0,0,1,1.2241215089129443e-06,2.7660562602056308e-05,0.0038812476110150302,0.0010826161443186937,-4.6882308637578981e-06
298,6,18,0.29861814158566147,0.089172794484074155,1,-1,1,0,5,-1,0,11,0.045434207955457696,0.045581523479814395,0.00014731552435669898,0.015603298980825468,0.015743173970667761,0.0001398749898422931,0.004659788658317887,3.7757319267146233e-05,0.004659788658317887,0.0046601063509595815,0.0047116950125976158,0.0046599416257444961,0.0047117306592126072,0.045527441899780786,0.01561040693795864,0.020322137597171247,0.0047117306592126072,0,0,0,0,0,1,3.3313643558123253e-06,2.8738896647980861e-05,0.0040138438901037004,0.0018117081836700626,-1.3129146171108311e-05
298,6,18,0.29861814158566147,0.089172794484074155,1,-1,1,0,6,-1,0,13,0.045577753824541677,0.045795647481245622,0.00021789365670394495,0.015739580481117125,0.01594341664928518,0.00020383616816805478,0.0046747427496837777,3.9238078775550203e-05,0.0046747427496837777,0.0046512331832081234,0.0047325929154007126,0.00467490742181565,0.0047327078875553825,0.045741152147157044,0.015810540360240159,0.020543248247795541,0.0047327078875553825,0,0,0,0,0,0.8666666666666667,-4.5653696112086856e-07,3.0092927492120022e-05,0.0037275884120744019,0,2.1033009935882008e-06
298,6,18,0.29861814158566147,0.089172794484074155,1,-1,1,0,7,-1,1,45,0.045791106112748267,0.046497122152677012,0.00070601603992874462,0.015939030614400173,0.016609306425173546,0.00067027581077337348,0.0047272731233666447,4.8704387316602327e-05,0.0047272731233666447,0.0047138014642640544,0.0047999794338005781,0.004727524013714633,0.0048087684416534895,0.046381854251079664,0.016410940627084723,0.021219709068738213,0.0048087684416534895,0,0,0,0,0,0.95744680851063835,-3.5577416606116482e-07,3.3639121193917025e-05,0.0039671095149211733,0,1.7559884408519841e-06
298,6,18,0.29861814158566147,0.089172794484074155,1,-1,1,0,8,-1,1,115,0.046486132461559235,0.048252058620277795,0.0017659261587185601,0.016597960674773302,0.018412084650515026,0.0018141239757417243,0.0048555401825061024,7.1281055302412874e-05,0.0048555401825061024,0.0048548111210726802,0.0049774419264896003,0.0048560633699300535,0.0049884995582333627,0.048036016849056812,0.018078719146097398,0.023067218704330761,0.0049884995582333627,0,0,0,0,0,0.95041322314049592,-3.9961250937306286e-07,3.6247639599433103e-05,0.0042162432556300741,0,1.9757859889898721e-06
298,6,18,0.29861814158566147,0.089172794484074155,1,-1,1,0,9,-1,0,29,0.04824567415357655,0.048677392459898959,0.00043171830632240948,0.018405108739806501,0.01887578182700907,0.0004706730872025694,0.0049659261093707276,4.7592407714728679e-05,0.0049659261093707276,0.004944567204949419,0.0050256393529888822,0.0049661541620253779,0.0050270080230670061,0.048409366111136845,0.018478985990660439,0.023505994013727445,0.0050270080230670061,0,0,0,0,0,0.93548387096774188,-8.4149900775308832e-07,3.5637954833080059e-05,0.0041556771940216737,0,3.7208807213649773e-06
298,6,18,0.29861814158566147,0.089172794484074155,1,-1,1,0,10,-1,0,29,0.048736153042526487,0.049156102648546564,0.00041994960602007719,0.018937714950377733,0.019411021214681211,0.00047330626430347814,0.0050141537771594934,4.591203810448411e-05,0.0050141537771594934,0.0049946949203172053,0.0050693807815655571,0.0050143639692632721,0.0050701342763809498,0.048889334429663721,0.019012675116744496,0.024082809393125446,0.0050701342763809498,0,0,0,0,0,0.93548387096774188,-3.7854140035605379e-07,3.4061881239191819e-05,0.0039778575496097392,0,1.8188636956905427e-06
298,6,18,0.29861814158566147,0.089172794484074155,1,-1,1,0,11,-1,0,29,0.049447069610478858,0.049848885482133787,0.0004018158716549286,0.019737663994970043,0.020211136427270293,0.00047347243230025024,0.0050828076457777056,4.2370924527933495e-05,0.0050828076457777056,0.0050668057635840751,0.0051341675133521735,0.0050829842473906657,0.0051348547602545133,0.049848885482133787,0.020146764509673114,0.025281619269927627,0.0051348547602545133,0,0,0,0,0,0.93548387096774188,-3.9644817624171142e-07,2.9774243562697032e-05,0.0034811974121589399,0,1.8072497819591228e-06
298,6,18,0.29861814158566147,0.089172794484074155,1,-1,3,1,1,-1,1,304,0.042641761174116076,0.051514836448459528,0.0088730752743434518,0.013189808182160638,0.022281521014009337,0.0090917128318486994,0.0048019364227813886,0.00026093162876218956,0.0048019364227813886,0.0048044657899102127,0.0052020273900452848,0.0048090205575899766,0.0052431815400933758,0.051514836448459528,0.022281521014009337,0.027524702554102713,0.0052431815400933758,0,0,0,0,0,0.66679596586501166,-0.008990244028107967,3.6247639599433103e-05,0.011509115683251005,0,0.02921406080553153
299,18,6,0.29861814158566147,0.089172794484074155,1,1,1,0,1,-1,1,667,0.034529686457638424,0.057885694105742451,0.023356007648104027,0.0081546158753353117,0.034356237491661105,0.026201621616325794,0.0047058620240546236,0.00053824472781164809,0.0047058620240546236,0.0048726596076966236,0.0052479545663834323,0.0047365435474042159,0.0052769205711732485,0.052891393858790339,0.024282855236824549,0.029559775807997797,0.0052769205711732485,0,0,0,0,0,0.25811378388697975,-1.6416377451806234e-05,5.9387515730488215e-05,0.00088922972264211374,0,0.0045546575557316431
299,18,6,0.29861814158566147,0.089172794484074155,1,1,3,1,1,-1,1,304,0.042641761174116076,0.051514836448459528,0.0088730752743434518,0.013189808182160638,0.022281521014009337,0.0090917128318486994,0.0048019364227813886,0.00026093162876218956,0.0048019364227813886,0.0048044657899102127,0.0052020273900452848,0.0048090205575899766,0.0052431815400933758,0.051514836448459528,0.022281521014009337,0.027524702554102713,0.0052431815400933758,0,0,0,0,0,0.66679596586501166,-0.008990244028107967,3.6247639599433103e-05,0.033386562659629755,0,0.02921406080553153
299,18,6,0.29861814158566147,0.089172794484074155,1,-1,1,0,1,-1,0,11,0.044701071926312591,0.044833365931400589,0.00013229400508799755,0.014940257505003905,0.01505879811796164,0.00011854061295773523,0.0045772062726431272,3.0066217104862635e-05,0.0045772062726431272,0.0045685420293070673,0.0046221635238609116,0.0045773050193027975,0.0046221665575509122,0.044776517678452303,0.014940257505003905,0.019562424062554817,0.0046221665575509122,0,0,0,0,0,1,2.5715964567494962e-06,2.3136062733702243e-05,0.0037036951893292258,0.0015933497930495303,-1.0155054252043925e-05
299,18,6,0.29861814158566147,0.089172794484074155,1,-1,1,0,2,-1,0,11,0.044849814387547454,0.044993431724188161,0.00014361733664070703,0.015073401050223088,0.015203329539176524,0.00012992848895343641,0.0045985901805033697,3.4994199254941598e-05,0.0045985901805033697,0.0045948444983066501,0.0046487524717182625,0.0045987233274250704,0.0046488021127236729,0.044936624416277514,0.015073401050223088,0.019722203162946761,0.0046488021127236729,0,0,0,0,0,1,6.858989758645181e-07,2.4440953009965583e-05,0.0035193848163527332,0.00080129641053806248,-2.5683037501647325e-06
299,18,6,0.29861814158566147,0.089172794484074155,1,-1,1,0,3,-1,0,11,0.045070924962669637,0.045207875036298382,0.00013695007362874573,0.015270371912006878,0.015397856852403143,0.00012748494039626496,0.0046170694479981782,3.2415729664538067e-05,0.0046170694479981782,0.0046127904743297476,0.0046636830557755995,0.0046171832395052155,0.0046637372273191577,0.045153568047088803,0.015276851234156105,0.019940588461475263,0.0046637372273191577,0,0,0,0,0,1,4.0368313720742923e-06,2.6105354302001279e-05,0.0039675447627197996,0.0019998641464367803,-1.5997826416813247e-05
299,18,6,0.29861814158566147,0.089172794484074155,1,-1,1,0,4,-1,0,15,0.045217027469950127,0.045425125720113382,0.00020809825016325501,0.015406472178601324,0.015594428799393718,0.00018795662079239446,0.004639880670111683,3.6557077578863461e-05,0.004639880670111683,0.0046388440513574995,0.0046929849323259203,0.0046400246823478358,0.0046930290830281291,0.045310206804536353,0.015406606452528919,0.020099635535557048,0.0046930290830281291,0,0,0,0,0,1,1.2241215089129443e-06,2.7660562602056308e-05,0.0038812476110150302,0.0010826161443186937,-4.6882308637578981e-06
299,18,6,0.29861814158566147,0.089172794484074155,1,-1,1,0,5,-1,0,11,0.045434207955457696,0.045581523479814395,0.00014731552435669898,0.015603298980825468,0.015743173970667761,0.0001398749898422931,0.004659788658317887,3.7757319267146233e-05,0.004659788658317887,0.0046601063509595815,0.0047116950125976158,0.0046599416257444961,0.0047117306592126072,0.045527441899780786,0.01561040693795864,0.020322137597171247,0.0047117306592126072,0,0,0,0,0,1,3.3313643558123253e-06,2.8738896647980861e-05,0.0040138438901037004,0.0018117081836700626,-1.3129146171108311e-05
299,18,6,0.29861814158566147,0.089172794484074155,1,-1,1,0,6,-1,0,13,0.045577753824541677,0.045795647481245622,0.00021789365670394495,0.015739580481117125,0.01594341664928518,0.00020383616816805478,0.0046747427496837777,3.9238078775550203e-05,0.0046747427496837777,0.0046512331832081234,0.0047325929154007126,0.00467490742181565,0.0047327078875553825,0.045741152147157044,0.015810540360240159,0.020543248247795541,0.0047327078875553825,0,0,0,0,0,0.8666666666666667,-4.5653696112086856e-07,3.0092927492120022e-05,0.0037275884120744019,0,2.1033009935882008e-06
299,18,6,0.29861814158566147,0.089172794484074155,1,-1,1,0,7,-1,1,45,0.045791106112748267,0.046497122152677012,0.00070601603992874462,0.015939030614400173,0.016609306425173546,0.00067027581077337348,0.0047272731233666447,4.8704387316602327e-05,0.0047272731233666447,0.0047138014642640544,0.0047999794338005781,0.004727524013714633,0.0048087684416534895,0.046381854251079664,0.016410940627084723,0.021219709068738213,0.0048087684416534895,0,0,0,0,0,0.95744680851063835,-3.5577416606116482e-07,3.3639121193917025e-05,0.0039671095149211733,0,1.7559884408519841e-06
299,18,6,0.29861814158566147,0.089172794484074155,1,-1,1,0,8,-1,1,115,0.046486132461559235,0.048252058620277795,0.0017659261587185601,0.016597960674773302,0.018412084650515026,0.0018141239757417243,0.0048555401825061024,7.1281055302412874e-05,0.0048555401825061024,0.0048548111210726802,0.0049774419264896003,0.0048560633699300535,0.0049884995582333627,0.048036016849056812,0.018078719146097398,0.023067218704330761,0.0049884995582333627,0,0,0,0,0,0.95041322314049592,-3.9961250937306286e-07,3.6247639599433103e-05,0.0042162432556300741,0,1.9757859889898721e-06
299,18,6,0.29861814158566147,0.089172794484074155,1,-1,1,0,9,-1,0,29,0.04824567415357655,0.048677392459898959,0.00043171830632240948,0.018405108739806501,0.01887578182700907,0.0004706730872025694,0.0049659261093707276,4.7592407714728679e-05,0.0049659261093707276,0.004944567204949419,0.0050256393529888822,0.0049661541620253779,0.0050270080230670061,0.048409366111136845,0.018478985990660439,0.023505994013727445,0.0050270080230670061,0,0,0,0,0,0.93548387096774188,-8.4149900775308832e-07,3.5637954833080059e-05,0.0041556771940216737,0,3.7208807213649773e-06
299,18,6,0.29861814158566147,0.089172794484074155,1,-1,1,0,10,-1,0,29,0.048736153042526487,0.049156102648546564,0.00041994960602007719,0.018937714950377733,0.019411021214681211,0.00047330626430347814,0.0050141537771594934,4.591203810448411e-05,0.0050141537771594934,0.0049946949203172053,0.0050693807815655571,0.0050143639692632721,0.0050701342763809498,0.048889334429663721,0.019012675116744496,0.024082809393125446,0.0050701342763809498,0,0,0,0,0,0.93548387096774188,-3.7854140035605379e-07,3.4061881239191819e-05,0.0039778575496097392,0,1.8188636956905427e-06
299,18,6,0.29861814158566147,0.089172794484074155,1,-1,1,0,11,-1,0,29,0.049447069610478858,0.049848885482133787,0.0004018158716549286,0.019737663994970043,0.020211136427270293,0.00047347243230025024,0.0050828076457777056,4.2370924527933495e-05,0.0050828076457777056,0.0050668057635840751,0.0051341675133521735,0.0050829842473906657,0.0051348547602545133,0.049848885482133787,0.020146764509673114,0.025281619269927627,0.0051348547602545133,0,0,0,0,0,0.93548387096774188,-3.9644817624171142e-07,2.9774243562697032e-05,0.0034811974121589399,0,1.8072497819591228e-06
299,18,6,0.29861814158566147,0.089172794484074155,1,-1,3,1,1,-1,1,304,0.042641761174116076,0.051514836448459528,0.0088730752743434518,0.013189808182160638,0.022281521014009337,0.0090917128318486994,0.0048019364227813886,0.00026093162876218956,0.0048019364227813886,0.0048044657899102127,0.0052020273900452848,0.0048090205575899766,0.0052431815400933758,0.051514836448459528,0.022281521014009337,0.027524702554102713,0.0052431815400933758,0,0,0,0,0,0.66679596586501166,-0.008990244028107967,3.6247639599433103e-05,0.011509115683251005,0,0.02921406080553153
300,0,19,0.29882787180852188,0.089298096969610385,1,1,1,0,1,-1,1,663,0.034529686457638424,0.057885085871808642,0.023355399414170218,0.0081563465425075615,0.034356237491661105,0.026199890949153544,0.0047096421605229708,0.00053685241962011306,0.0047096421605229708,0.0048786982282569072,0.0052478478913406549,0.0047401413270732181,0.0052722635782608863,0.05348019239877036,0.025216811207471646,0.030489074785732533,0.0052722635782608863,0,0,0,0,0,0.25601834161253345,-1.6050661126887323e-05,5.9073429602437535e-05,0.00085652740797310738,0,0.0045595756791022863
300,0,19,0.29882787180852188,0.089298096969610385,1,1,3,1,1,-1,1,295,0.042801867911941294,0.051417257912718478,0.0086153900007771844,0.013314447205414194,0.022148098732488325,0.0088336515270741305,0.0048098469072520014,0.00025340416390176964,0.0048098469072520014,0.0048129885871012607,0.0051983463629232734,0.0048165175118008649,0.0052389942536633163,0.051417257912718478,0.022148098732488325,0.027387092986151641,0.0052389942536633163,0,0,0,0,0,0.66381987577639756,-0.0089961430769147262,3.3863894607703263e-05,0.033387000025337683,0,0.029235470266380608
300,0,19,0.29882787180852188,0.089298096969610385,1,-1,1,0,1,-1,0,11,0.044856344245256564,0.044992965324070711,0.00013662107881414615,0.015073695793642483,0.015197455460290627,0.000123759666648144,0.0046011291537675254,3.2222483875456946e-05,0.0046011291537675254,0.0045941687674671081,0.0046484517379899041,0.0046012419821301054,0.0046485073693042778,0.044936624416277514,0.015073695793642483,0.019722203162946761,0.0046485073693042778,0,0,0,0,0,1,2.3651606037355466e-07,2.2236384679364394e-05,0.0033316758730853944,0.00044615814074708905,-7.9622834621959733e-07
300,0,19,0.29882787180852188,0.089298096969610385,1,-1,1,0,2,-1,0,11,0.045223460321016998,0.045366974542751522,0.00014351422173452394,0.015406912285916683,0.015539148526414958,0.00013223624049827493,0.0046418725172331582,3.5829761116516159e-05,0.0046418725172331582,0.0046379745185480929,0.0046926824744912077,0.004642010796845065,0.004692723249640365,0.045310206804536353,0.015406912285916683,0.020099635535557048,0.004692723249640365,0,0,0,0,0,1,7.7106727624289559e-07,2.504110914184444e-05,0.0035626619638762652,0.0008520409820687773,-2.9038953404989061e-06
300,0,19,0.29882787180852188,0.089298096969610385,1,-1,1,0,3,-1,0,11,0.045440589568987597,0.045580888683799656,0.00014029911481205914,0.01560593390448551,0.015737269102786451,0.00013133519830094142,0.0046619524776625584,3.4865244694926613e-05,0.0046619524776625584,0.0046574714272995393,0.0047113416599841853,0.0046620828488210826,0.0047113573289357981,0.045527079246442829,0.015610406937958638,0.020321764266894436,0.0047113573289357981,0,0,0,0,0,1,2.8825644479750175e-06,2.6499167752179963e-05,0.0038865289179424028,0.0016853115915450839,-1.1361100642384895e-05
300,0,19,0.29882787180852188,0.089298096969610385,1,-1,1,0,4,-1,0,13,0.045584084115394892,0.045794845834170525,0.00021076171877563304,0.015740311350313729,0.015937499551438375,0.00019718820112464563,0.0046778066405121083,3.6097321364003561e-05,0.0046778066405121083,0.0046571502810549281,0.0047322117499293027,0.0046779459148892297,0.0047322900263583496,0.045740750290323345,0.015810540360240159,0.020542830386598508,0.0047322900263583496,0,0,0,0,0,0.8666666666666667,-9.1997363098648499e-07,2.783987565922356e-05,0.0036018778567532455,0,3.9247894837179775e-06
300,0,19,0.29882787180852188,0.089298096969610385,1,-1,1,0,5,-1,0,13,0.045797381950544086,0.046008631580147778,0.00021124962960369226,0.015939944533149175,0.016139878041772793,0.00019993350862361828,0.0046998453972848337,3.7094290435894946e-05,0.0046998453972848337,0.0046783967435461947,0.004755317735645654,0.0046999917813505153,0.0047554300128594927,0.045954392359739776,0.016010673782521679,0.020766103795381172,0.0047554300128594927,0,0,0,0,0,0.8666666666666667,-1.130917746792093e-07,2.905817889098226e-05,0.003703433417286294,0,7.0284165923586511e-07
300,0,19,0.29882787180852188,0.089298096969610385,1,-1,1,0,6,-1,1,30,0.046008428508419477,0.046492484473552143,0.00048405596513266536,0.016139680152674384,0.016603350355520945,0.00046367020284656182,0.0047389177215276697,4.3016386016417002e-05,0.0047389177215276697,0.0047238032823095372,0.004804299021678721,0.0047391129529559557,0.0048083582094561386,0.046381471592849499,0.016410940627084723,0.021219298836540862,0.0048083582094561386,0,0,0,0,0,0.90909090909090906,-8.2918554523367946e-07,3.1341974794502384e-05,0.0038362055672588502,0,3.6141557944051592e-06
300,0,19,0.29882787180852188,0.089298096969610385,1,-1,1,0,7,-1,1,68,0.046492229901507212,0.047558475944535737,0.001066246043028525,0.016603091917246238,0.017675536937728487,0.0010724450204822496,0.004820850685244649,5.4772850596672148e-05,0.004820850685244649,0.0048196572599119962,0.004913619642378823,0.0048211618303668552,0.0049221124788823602,0.047395501125216309,0.017411607738492329,0.022333720217374689,0.0049221124788823602,0,0,0,0,0,0.93150684931506844,-8.9114663628242366e-07,3.3815974273386387e-05,0.0040410800637585382,0,3.9040839461156425e-06
300,0,19,0.29882787180852188,0.089298096969610385,1,-1,1,0,8,-1,0,23,0.047554522142789213,0.047877682294667857,0.0003231601518786445,0.017671354713934592,0.018009253758526272,0.00033789904459168019,0.0048972440725901789,4.6441067178630434e-05,0.0048972440725901789,0.0048997446398549027,0.0049572514756229058,0.0048974642703383071,0.0049578315264270471,0.04766223285726974,0.017678452301534361,0.022636283827961408,0.0049578315264270471,0,0,0,0,0,1,2.3472265472723524e-07,3.3863894607703263e-05,0.0041493277264432046,0.00039443771388499347,-6.2232444053927982e-07
300,0,19,0.29882787180852188,0.089298096969610385,1,-1,1,0,9,-1,0,25,0.047874533639202674,0.048250736536949758,0.0003762028977470841,0.018005882227506719,0.018406051230447019,0.00040016900294029961,0.0049278631767069462,4.4919807860386932e-05,0.0049278631767069462,0.0049063116154759411,0.0049871757950084843,0.0049280679051208788,0.0049881389343973265,0.048035707017695717,0.018078719146097398,0.023066858080494725,0.0049881389343973265,0,0,0,0,0,0.92592592592592593,-7.6788992888512887e-07,3.3775154598471768e-05,0.0040868270290777822,0,3.39854619575338e-06
300,0,19,0.29882787180852188,0.089298096969610385,1,-1,1,0,10,-1,0,27,0.048251293803815321,0.048622777135856075,0.00037148333204075484,0.018406658810722721,0.018811128127864306,0.00040446931714158488,0.0049688733736526552,4.4488468856523442e-05,0.0049688733736526552,0.0049685847401743817,0.0050256190027122543,0.0049690725318972274,0.0050266701319044635,0.048409081370443599,0.018478985990660439,0.023505656122564902,0.0050266701319044635,0,0,0,0,0,1,1.2495488734582815e-06,3.3214302168099784e-05,0.0041570003835232749,0.0010873932661384399,-4.7296964609728953e-06
300,0,19,0.29882787180852188,0.089298096969610385,1,-1,1,0,11,-1,0,25,0.048741645356680685,0.049102327603428197,0.00036068224674751237,0.018940231233717044,0.019344726188197579,0.00040449495448053457,0.0050149598695495047,4.3843075633258777e-05,0.0050149598695495047,0.0049952024418436249,0.0050693815278037308,0.0050151515140096185,0.0050698075667091197,0.048889066000320849,0.019012675116744496,0.024082482683453615,0.0050698075667091197,0,0,0,0,0,0.92592592592592593,-9.0132969298529824e-07,3.1589943700649416e-05,0.0037544111415663169,0,3.8761915614443201e-06
300,0,19,0.29882787180852188,0.089298096969610385,1,-1,1,0,12,-1,0,21,0.049452375916416866,0.049742074776010198,0.00028969885959333197,0.019742173984633932,0.020079769210320779,0.00033759522568684724,0.0050798580281304897,4.0288062893547939e-05,0.0050798580281304897,0.0050622957739201863,0.0051315687780262784,0.0050800177867772753,0.0051316833694222651,0.049742074776010198,0.020013342228152101,0.025145025597574366,0.0051316833694222651,0,0,0,0,0,0.91304347826086951,-9.3609595601368929e-07,2.7228106357418929e-05,0.0032209441389716418,0,3.9372113617316393e-06
300,0,19,0.29882787180852188,0.089298096969610385,1,-1,3,1,1,-1,1,295,0.042801867911941294,0.051417257912718478,0.0086153900007771844,0.013314447205414194,0.022148098732488325,0.0088336515270741305,0.0048098469072520014,0.00025340416390176964,0.0048098469072520014,0.0048129885871012607,0.0051983463629232734,0.0048165175118008649,0.0052389942536633163,0.051417257912718478,0.022148098732488325,0.027387092986151641,0.0052389942536633163,0,0,0,0,0,0.66381987577639756,-0.0089961430769147262,3.3863894607703263e-05,0.011483493807347723,0,0.029235470266380608
301,19,0,0.29882787180852188,0.089298096969610385,1,1,1,0,1,-1,1,663,0.034529686457638424,0.057885085871808642,0.023355399414170218,0.0081563465425075615,0.034356237491661105,0.026199890949153544,0.0047096421605229708,0.00053685241962011306,0.0047096421605229708,0.0048786982282569072,0.0052478478913406549,0.0047401413270732181,0.0052722635782608863,0.05348019239877036,0.025216811207471646,0.030489074785732533,0.0052722635782608863,0,0,0,0,0,0.25601834161253345,-1.6050661126887323e-05,5.9073429602437535e-05,0.00085652740797310738,0,0.0045595756791022863
301,19,0,0.29882787180852188,0.089298096969610385,1,1,3,1,1,-1,1,295,0.042801867911941294,0.051417257912718478,0.0086153900007771844,0.013314447205414194,0.022148098732488325,0.0088336515270741305,0.0048098469072520014,0.00025340416390176964,0.0048098469072520014,0.0048129885871012607,0.0051983463629232734,0.0048165175118008649,0.0052389942536633163,0.051417257912718478,0.022148098732488325,0.027387092986151641,0.0052389942536633163,0,0,0,0,0,0.66381987577639756,-0.0089961430769147262,3.3863894607703263e-05,0.033387000025337683,0,0.029235470266380608
301,19,0,0.29882787180852188,0.089298096969610385,1,-1,1,0,1,-1,0,11,0.044856344245256564,0.044992965324070711,0.00013662107881414615,0.015073695793642483,0.015197455460290627,0.000123759666648144,0.0046011291537675254,3.2222483875456946e-05,0.0046011291537675254,0.0045941687674671081,0.0046484517379899041,0.0046012419821301054,0.0046485073693042778,0.044936624416277514,0.015073695793642483,0.019722203162946761,0.0046485073693042778,0,0,0,0,0,1,2.3651606037355466e-07,2.2236384679364394e-05,0.0033316758730853944,0.00044615814074708905,-7.9622834621959733e-07
301,19,0,0.29882787180852188,0.089298096969610385,1,-1,1,0,2,-1,0,11,0.045223460321016998,0.045366974542751522,0.00014351422173452394,0.015406912285916683,0.015539148526414958,0.00013223624049827493,0.0046418725172331582,3.5829761116516159e-05,0.0046418725172331582,0.0046379745185480929,0.0046926824744912077,0.004642010796845065,0.004692723249640365,0.045310206804536353,0.015406912285916683,0.020099635535557048,0.004692723249640365,0,0,0,0,0,1,7.7106727624289559e-07,2.504110914184444e-05,0.0035626619638762652,0.0008520409820687773,-2.9038953404989061e-06
301,19,0,0.29882787180852188,0.089298096969610385,1,-1,1,0,3,-1,0,11,0.045440589568987597,0.045580888683799656,0.00014029911481205914,0.01560593390448551,0.015737269102786451,0.00013133519830094142,0.0046619524776625584,3.4865244694926613e-05,0.0046619524776625584,0.0046574714272995393,0.0047113416599841853,0.0046620828488210826,0.0047113573289357981,0.045527079246442829,0.015610406937958638,0.020321764266894436,0.0047113573289357981,0,0,0,0,0,1,2.8825644479750175e-06,2.6499167752179963e-05,0.0038865289179424028,0.0016853115915450839,-1.1361100642384895e-05
301,19,0,0.29882787180852188,0.089298096969610385,1,-1,1,0,4,-1,0,13,0.045584084115394892,0.045794845834170525,0.00021076171877563304,0.015740311350313729,0.015937499551438375,0.00019718820112464563,0.0046778066405121083,3.6097321364003561e-05,0.0046778066405121083,0.0046571502810549281,0.0047322117499293027,0.0046779459148892297,0.0047322900263583496,0.045740750290323345,0.015810540360240159,0.020542830386598508,0.0047322900263583496,0,0,0,0,0,0.8666666666666667,-9.1997363098648499e-07,2.783987565922356e-05,0.0036018778567532455,0,3.9247894837179775e-06
301,19,0,0.29882787180852188,0.089298096969610385,1,-1,1,0,5,-1,0,13,0.045797381950544086,0.046008631580147778,0.00021124962960369226,0.015939944533149175,0.016139878041772793,0.00019993350862361828,0.0046998453972848337,3.7094290435894946e-05,0.0046998453972848337,0.0046783967435461947,0.004755317735645654,0.0046999917813505153,0.0047554300128594927,0.045954392359739776,0.016010673782521679,0.020766103795381172,0.0047554300128594927,0,0,0,0,0,0.8666666666666667,-1.130917746792093e-07,2.905817889098226e-05,0.003703433417286294,0,7.0284165923586511e-07
301,19,0,0.29882787180852188,0.089298096969610385,1,-1,1,0,6,-1,1,30,0.046008428508419477,0.046492484473552143,0.00048405596513266536,0.016139680152674384,0.016603350355520945,0.00046367020284656182,0.0047389177215276697,4.3016386016417002e-05,0.0047389177215276697,0.0047238032823095372,0.004804299021678721,0.0047391129529559557,0.0048083582094561386,0.046381471592849499,0.016410940627084723,0.021219298836540862,0.0048083582094561386,0,0,0,0,0,0.90909090909090906,-8.2918554523367946e-07,3.1341974794502384e-05,0.0038362055672588502,0,3.6141557944051592e-06
301,19,0,0.29882787180852188,0.089298096969610385,1,-1,1,0,7,-1,1,68,0.046492229901507212,0.047558475944535737,0.001066246043028525,0.016603091917246238,0.017675536937728487,0.0010724450204822496,0.004820850685244649,5.4772850596672148e-05,0.004820850685244649,0.0048196572599119962,0.004913619642378823,0.0048211618303668552,0.0049221124788823602,0.047395501125216309,0.017411607738492329,0.022333720217374689,0.0049221124788823602,0,0,0,0,0,0.93150684931506844,-8.9114663628242366e-07,3.3815974273386387e-05,0.0040410800637585382,0,3.9040839461156425e-06
301,19,0,0.29882787180852188,0.089298096969610385,1,-1,1,0,8,-1,0,23,0.047554522142789213,0.047877682294667857,0.0003231601518786445,0.017671354713934592,0.018009253758526272,0.00033789904459168019,0.0048972440725901789,4.6441067178630434e-05,0.0048972440725901789,0.0048997446398549027,0.0049572514756229058,0.0048974642703383071,0.0049578315264270471,0.04766223285726974,0.017678452301534361,0.022636283827961408,0.0049578315264270471,0,0,0,0,0,1,2.3472265472723524e-07,3.3863894607703263e-05,0.0041493277264432046,0.00039443771388499347,-6.2232444053927982e-07
301,19,0,0.29882787180852188,0.089298096969610385,1,-1,1,0,9,-1,0,25,0.047874533639202674,0.048250736536949758,0.0003762028977470841,0.018005882227506719,0.018406051230447019,0.00040016900294029961,0.0049278631767069462,4.4919807860386932e-05,0.0049278631767069462,0.0049063116154759411,0.0049871757950084843,0.0049280679051208788,0.0049881389343973265,0.048035707017695717,0.018078719146097398,0.023066858080494725,0.0049881389343973265,0,0,0,0,0,0.92592592592592593,-7.6788992888512887e-07,3.3775154598471768e-05,0.0040868270290777822,0,3.39854619575338e-06
301,19,0,0.29882787180852188,0.089298096969610385,1,-1,1,0,10,-1,0,27,0.048251293803815321,0.048622777135856075,0.00037148333204075484,0.018406658810722721,0.018811128127864306,0.00040446931714158488,0.0049688733736526552,4.4488468856523442e-05,0.0049688733736526552,0.0049685847401743817,0.0050256190027122543,0.0049690725318972274,0.0050266701319044635,0.048409081370443599,0.018478985990660439,0.023505656122564902,0.0050266701319044635,0,0,0,0,0,1,1.2495488734582815e-06,3.3214302168099784e-05,0.0041570003835232749,0.0010873932661384399,-4.7296964609728953e-06
301,19,0,0.29882787180852188,0.089298096969610385,1,-1,1,0,11,-1,0,25,0.048741645356680685,0.049102327603428197,0.00036068224674751237,0.018940231233717044,0.019344726188197579,0.00040449495448053457,0.0050149598695495047,4.3843075633258777e-05,0.0050149598695495047,0.0049952024418436249,0.0050693815278037308,0.0050151515140096185,0.0050698075667091197,0.048889066000320849,0.019012675116744496,0.024082482683453615,0.0050698075667091197,0,0,0,0,0,0.92592592592592593,-9.0132969298529824e-07,3.1589943700649416e-05,0.0037544111415663169,0,3.8761915614443201e-06
301,19,0,0.29882787180852188,0.089298096969610385,1,-1,1,0,12,-1,0,21,0.049452375916416866,0.049742074776010198,0.00028969885959333197,0.019742173984633932,0.020079769210320779,0.00033759522568684724,0.0050798580281304897,4.0288062893547939e-05,0.0050798580281304897,0.0050622957739201863,0.0051315687780262784,0.0050800177867772753,0.0051316833694222651,0.049742074776010198,0.020013342228152101,0.025145025597574366,0.0051316833694222651,0,0,0,0,0,0.91304347826086951,-9.3609595601368929e-07,2.7228106357418929e-05,0.0032209441389716418,0,3.9372113617316393e-06
301,19,0,0.29882787180852188,0.089298096969610385,1,-1,3,1,1,-1,1,295,0.042801867911941294,0.051417257912718478,0.0086153900007771844,0.013314447205414194,0.022148098732488325,0.0088336515270741305,0.0048098469072520014,0.00025340416390176964,0.0048098469072520014,0.0048129885871012607,0.0051983463629232734,0.0048165175118008649,0.0052389942536633163,0.051417257912718478,0.022148098732488325,0.027387092986151641,0.0052389942536633163,0,0,0,0,0,0.66381987577639756,-0.0089961430769147262,3.3863894607703263e-05,0.011483493807347723,0,0.029235470266380608
302,1,19,0.29924457878848165,0.089547317934295809,1,1,1,0,1,-1,1,652,0.034796531020680449,0.057833756861977434,0.023037225841296985,0.0082949765465271247,0.03422281521014009,0.025927838663612965,0.0047161571296770836,0.00052410866821802455,0.0047161571296770836,0.0048831876605819995,0.0052428261230107074,0.0047451899822773449,0.0052682904796962741,0.052624579176941452,0.023882588392261508,0.029150878871957782,0.0052682904796962741,0,0,0,0,0,0.2524828113063407,-1.634031918876225e-05,5.844815824679965e-05,0.00079338996269738072,0,0.0045686854071752938
302,1,19,0.29924457878848165,0.089547317934295809,1,1,3,1,1,-1,1,273,0.043173287618576563,0.051127418278852567,0.0079541306602760042,0.013609072715143429,0.021762464212769683,0.0081533914976262539,0.0048226982869566367,0.0002349690713414491,0.0048226982869566367,0.0048249416440344674,0.0051832256169476437,0.0048284189163225614,0.005220688933923353,0.051127418278852567,0.021762464212769683,0.026983153146693035,0.005220688933923353,0,0,0,0,0,0.65760869565217395,-0.0090078804258714208,2.9130321311078778e-05,0.033380869769034385,0,0.029278071706943506
302,1,19,0.29924457878848165,0.089547317934295809,1,-1,1,0,1,-1,0,9,0.045236254970234868,0.045366132555065282,0.00012987758483041373,0.015408693211751577,0.015527431906854456,0.00011873869510287821,0.0046369140748886645,2.4014775911323985e-05,0.0046369140748886645,0.0046266578722633286,0.0046796593229689008,0.0046369762612464031,0.0046797173542730153,0.045366132555065282,0.015476984656437624,0.020156702010710639,0.0046797173542730153,0,0,0,0,0,0.81818181818181823,-1.3733797265259276e-07,2.0609995650334713e-05,0.0031403848418463873,0,6.8033452406385565e-07
302,1,19,0.29924457878848165,0.089547317934295809,1,-1,1,0,2,-1,0,15,0.046020798732285761,0.046220853551006101,0.00020005481872033964,0.016141216879004494,0.016332636287695507,0.00019141940869101329,0.0047341770876054403,3.3477121370548531e-05,0.0047341770876054403,0.0047333190889300991,0.0047799284309348955,0.0047342954506941776,0.0047799863828942649,0.046167224369718311,0.016210807204803203,0.020990793587697468,0.0047799863828942649,0,0,0,0,0,1,3.5643365966421959e-06,2.5612586648530886e-05,0.0037901038477614096,0.0018786733005440055,-1.4117653480707627e-05
302,1,19,0.29924457878848165,0.089547317934295809,1,-1,1,0,3,-1,0,11,0.046298573887681382,0.046434314682152693,0.00013574079447131043,0.016405117924712879,0.016539410615750261,0.00013429269103738123,0.0047587677732300916,3.5005026561956534e-05,0.0047587677732300916,0.0047528847756110465,0.0048075934951431008,0.0047588965182506215,0.0048076151882458992,0.046380778496231213,0.016410940627084723,0.021218555815330623,0.0048076151882458992,0,0,0,0,0,1,2.8846675235919114e-06,2.6543948087260331e-05,0.0038874864000008908,0.0016862976146896642,-1.1374398581232206e-05
302,1,19,0.29924457878848165,0.089547317934295809,1,-1,1,0,4,-1,0,15,0.046504357433211338,0.046701534471364485,0.00019717703815314708,0.016607036594137804,0.016801134742340962,0.00019409814820315827,0.0047855152127241731,3.7243832668870827e-05,0.0047855152127241731,0.0047803709226509582,0.0048375818194788239,0.0047856601377747618,0.0048375935870083632,0.046591060707138088,0.016607536070382043,0.021445129657390406,0.0048375935870083632,0,0,0,0,0,1,1.1104050776501284e-06,2.7528993971724858e-05,0.0038414855289547337,0.001029675245749701,-4.2409244468388297e-06
302,1,19,0.29924457878848165,0.089547317934295809,1,-1,1,0,5,-1,0,15,0.0467753754191172,0.046968643020274342,0.00019326760115714187,0.016868597566831876,0.017066496509976804,0.00019789894314492865,0.00481195166098172,3.6142677344601273e-05,0.00481195166098172,0.0048089246244811222,0.0048616654758503368,0.0048120873932993337,0.004861701237768138,0.046861204525644296,0.016877918612408272,0.02173961985017641,0.004861701237768138,0,0,0,0,0,1,2.7070484773647951e-06,2.8286588583044994e-05,0.0040211175312630408,0.0016310626888055388,-1.0641461979254217e-05
302,1,19,0.29924457878848165,0.089547317934295809,1,-1,1,0,6,-1,0,17,0.04697618089587987,0.047235345093365036,0.00025916419748516634,0.01707418449320872,0.017335588385131183,0.0002614038919224633,0.0048341027805770117,3.8119486900361899e-05,0.0048341027805770117,0.0048140832137562525,0.0048895640628125268,0.0048342530745156429,0.0048896190650484228,0.047128062430466605,0.0171447631754503,0.022034382240498723,0.0048896190650484228,0,0,0,0,0,0.89473684210526316,-1.0039635128437192e-06,2.8805500620177358e-05,0.0037373106448967334,0,4.2673651497863986e-06
302,1,19,0.29924457878848165,0.089547317934295809,1,-1,1,0,7,-1,0,15,0.04730616856616604,0.047501835275580148,0.00019566670941410791,0.017404095650982616,0.017608501025836779,0.00020440537485416285,0.0048691860857359342,3.9323421231172782e-05,0.0048691860857359342,0.0048651811758096478,0.0049213852584540033,0.0048693448706147073,0.0049214134620640219,0.047394880736035358,0.017411607738492329,0.022333021200556351,0.0049214134620640219,0,0,0,0,0,1,1.8330655388867033e-06,2.9072146248060071e-05,0.0039547788058095449,0.0013344307639914269,-7.1228218555469724e-06
302,1,19,0.29924457878848165,0.089547317934295809,1,-1,1,0,8,-1,0,17,0.047566075960208939,0.047821906565467719,0.00025583060525877915,0.017674228708671264,0.017941232525390118,0.00026700381671885404,0.0048952139480881798,3.962716484796051e-05,0.0048952139480881798,0.0048742661890527859,0.0049514309881856901,0.0048953743380614886,0.0049514895586772051,0.047715025943741843,0.017745163442294862,0.022696653000972067,0.0049514895586772051,0,0,0,0,0,0.89473684210526316,-7.5638936811381883e-07,2.9130321311078778e-05,0.0037183512292487844,0,3.2753838735367723e-06
302,1,19,0.29924457878848165,0.089547317934295809,1,-1,1,0,9,-1,0,19,0.047949202962919685,0.04819528378492214,0.0002460808220024549,0.018071093547718922,0.018336842485218507,0.00026574893749958459,0.0049370377706333896,3.8805691681522407e-05,0.0049370377706333896,0.0049294543385399806,0.0049874241324030198,0.004937190276905235,0.0049874712591154932,0.048035133368880989,0.018078719146097398,0.023066190405212891,0.0049874712591154932,0,0,0,0,0,1,1.2601791311185465e-06,2.8952738823333815e-05,0.003924424176661126,0.0010990912810168482,-4.8320065760290251e-06
302,1,19,0.29924457878848165,0.089547317934295809,1,-1,1,0,10,-1,0,19,0.048324467490115305,0.048568472989450683,0.00024400549933537713,0.01847398993543212,0.018740692822403062,0.00026670288697094174,0.0049760113608406003,3.9628106948195594e-05,0.0049760113608406003,0.004964308950144266,0.0050259930306436702,0.004976169154085803,0.0050260400762714603,0.048408550411606931,0.018478985990660442,0.023505026066931903,0.0050260400762714603,0,0,0,0,0,1,2.3326484019009822e-07,2.8227433653573553e-05,0.0036982303709975936,0.00042594956390845369,-7.257321239752074e-07
302,1,19,0.29924457878848165,0.089547317934295809,1,-1,1,0,11,-1,0,15,0.048812894425252912,0.048995107369643701,0.00018221294439078883,0.019008319580157494,0.019212781934537439,0.00020446235437994453,0.0050211484459470471,3.854981374521915e-05,0.0050211484459470471,0.005005486737921172,0.0050691467256979766,0.0050212964266587801,0.0050691963497483117,0.04888856380538785,0.019012675116744496,0.024081871466492807,0.0050691963497483117,0,0,0,0,0,1,8.7826982948308518e-08,2.6375045525671887e-05,0.0034360569524505714,0.00020921214560112847,-1.7507888746811111e-07
302,1,19,0.29924457878848165,0.089547317934295809,1,-1,3,1,1,-1,1,273,0.043173287618576563,0.051127418278852567,0.0079541306602760042,0.013609072715143429,0.021762464212769683,0.0081533914976262539,0.0048226982869566367,0.0002349690713414491,0.0048226982869566367,0.0048249416440344674,0.0051832256169476437,0.0048284189163225614,0.005220688933923353,0.051127418278852567,0.021762464212769683,0.026983153146693035,0.005220688933923353,0,0,0,0,0,0.65760869565217395,-0.0090078804258714208,2.9130321311078778e-05,0.011426554157762619,0,0.029278071706943506
303,19,1,0.29924457878848165,0.089547317934295809,1,1,1,0,1,-1,1,652,0.034796531020680449,0.057833756861977434,0.023037225841296985,0.0082949765465271247,0.03422281521014009,0.025927838663612965,0.0047161571296770836,0.00052410866821802455,0.0047161571296770836,0.0048831876605819995,0.0052428261230107074,0.0047451899822773449,0.0052682904796962741,0.052624579176941452,0.023882588392261508,0.029150878871957782,0.0052682904796962741,0,0,0,0,0,0.2524828113063407,-1.634031918876225e-05,5.844815824679965e-05,0.00079338996269738072,0,0.0045686854071752938
303,19,1,0.29924457878848165,0.089547317934295809,1,1,3,1,1,-1,1,273,0.043173287618576563,0.051127418278852567,0.0079541306602760042,0.013609072715143429,0.021762464212769683,0.0081533914976262539,0.0048226982869566367,0.0002349690713414491,0.0048226982869566367,0.0048249416440344674,0.0051832256169476437,0.0048284189163225614,0.005220688933923353,0.051127418278852567,0.021762464212769683,0.026983153146693035,0.005220688933923353,0,0,0,0,0,0.65760869565217395,-0.0090078804258714208,2.9130321311078778e-05,0.033380869769034385,0,0.029278071706943506
303,19,1,0.29924457878848165,0.089547317934295809,1,-1,1,0,1,-1,0,9,0.045236254970234868,0.045366132555065282,0.00012987758483041373,0.015408693211751577,0.015527431906854456,0.00011873869510287821,0.0046369140748886645,2.4014775911323985e-05,0.0046369140748886645,0.0046266578722633286,0.0046796593229689008,0.0046369762612464031,0.0046797173542730153,0.045366132555065282,0.015476984656437624,0.020156702010710639,0.0046797173542730153,0,0,0,0,0,0.81818181818181823,-1.3733797265259276e-07,2.0609995650334713e-05,0.0031403848418463873,0,6.8033452406385565e-07
303,19,1,0.29924457878848165,0.089547317934295809,1,-1,1,0,2,-1,0,15,0.046020798732285761,0.046220853551006101,0.00020005481872033964,0.016141216879004494,0.016332636287695507,0.00019141940869101329,0.0047341770876054403,3.3477121370548531e-05,0.0047341770876054403,0.0047333190889300991,0.0047799284309348955,0.0047342954506941776,0.0047799863828942649,0.046167224369718311,0.016210807204803203,0.020990793587697468,0.0047799863828942649,0,0,0,0,0,1,3.5643365966421959e-06,2.5612586648530886e-05,0.0037901038477614096,0.0018786733005440055,-1.4117653480707627e-05
303,19,1,0.29924457878848165,0.089547317934295809,1,-1,1,0,3,-1,0,11,0.046298573887681382,0.046434314682152693,0.00013574079447131043,0.016405117924712879,0.016539410615750261,0.00013429269103738123,0.0047587677732300916,3.5005026561956534e-05,0.0047587677732300916,0.0047528847756110465,0.0048075934951431008,0.0047588965182506215,0.0048076151882458992,0.046380778496231213,0.016410940627084723,0.021218555815330623,0.0048076151882458992,0,0,0,0,0,1,2.8846675235919114e-06,2.6543948087260331e-05,0.0038874864000008908,0.0016862976146896642,-1.1374398581232206e-05
303,19,1,0.29924457878848165,0.089547317934295809,1,-1,1,0,4,-1,0,15,0.046504357433211338,0.046701534471364485,0.00019717703815314708,0.016607036594137804,0.016801134742340962,0.00019409814820315827,0.0047855152127241731,3.7243832668870827e-05,0.0047855152127241731,0.0047803709226509582,0.0048375818194788239,0.0047856601377747618,0.0048375935870083632,0.046591060707138088,0.016607536070382043,0.021445129657390406,0.0048375935870083632,0,0,0,0,0,1,1.1104050776501284e-06,2.7528993971724858e-05,0.0038414855289547337,0.001029675245749701,-4.2409244468388297e-06
303,19,1,0.29924457878848165,0.089547317934295809,1,-1,1,0,5,-1,0,15,0.0467753754191172,0.046968643020274342,0.00019326760115714187,0.016868597566831876,0.017066496509976804,0.00019789894314492865,0.00481195166098172,3.6142677344601273e-05,0.00481195166098172,0.0048089246244811222,0.0048616654758503368,0.0048120873932993337,0.004861701237768138,0.046861204525644296,0.016877918612408272,0.02173961985017641,0.004861701237768138,0,0,0,0,0,1,2.7070484773647951e-06,2.8286588583044994e-05,0.0040211175312630408,0.0016310626888055388,-1.0641461979254217e-05
303,19,1,0.29924457878848165,0.089547317934295809,1,-1,1,0,6,-1,0,17,0.04697618089587987,0.047235345093365036,0.00025916419748516634,0.01707418449320872,0.017335588385131183,0.0002614038919224633,0.0048341027805770117,3.8119486900361899e-05,0.0048341027805770117,0.0048140832137562525,0.0048895640628125268,0.0048342530745156429,0.0048896190650484228,0.047128062430466605,0.0171447631754503,0.022034382240498723,0.0048896190650484228,0,0,0,0,0,0.89473684210526316,-1.0039635128437192e-06,2.8805500620177358e-05,0.0037373106448967334,0,4.2673651497863986e-06
303,19,1,0.29924457878848165,0.089547317934295809,1,-1,1,0,7,-1,0,15,0.04730616856616604,0.047501835275580148,0.00019566670941410791,0.017404095650982616,0.017608501025836779,0.00020440537485416285,0.0048691860857359342,3.9323421231172782e-05,0.0048691860857359342,0.0048651811758096478,0.0049213852584540033,0.0048693448706147073,0.0049214134620640219,0.047394880736035358,0.017411607738492329,0.022333021200556351,0.0049214134620640219,0,0,0,0,0,1,1.8330655388867033e-06,2.9072146248060071e-05,0.0039547788058095449,0.0013344307639914269,-7.1228218555469724e-06
303,19,1,0.29924457878848165,0.089547317934295809,1,-1,1,0,8,-1,0,17,0.047566075960208939,0.047821906565467719,0.00025583060525877915,0.017674228708671264,0.017941232525390118,0.00026700381671885404,0.0048952139480881798,3.962716484796051e-05,0.0048952139480881798,0.0048742661890527859,0.0049514309881856901,0.0048953743380614886,0.0049514895586772051,0.047715025943741843,0.017745163442294862,0.022696653000972067,0.0049514895586772051,0,0,0,0,0,0.89473684210526316,-7.5638936811381883e-07,2.9130321311078778e-05,0.0037183512292487844,0,3.2753838735367723e-06
303,19,1,0.29924457878848165,0.089547317934295809,1,-1,1,0,9,-1,0,19,0.047949202962919685,0.04819528378492214,0.0002460808220024549,0.018071093547718922,0.018336842485218507,0.00026574893749958459,0.0049370377706333896,3.8805691681522407e-05,0.0049370377706333896,0.0049294543385399806,0.0049874241324030198,0.004937190276905235,0.0049874712591154932,0.048035133368880989,0.018078719146097398,0.023066190405212891,0.0049874712591154932,0,0,0,0,0,1,1.2601791311185465e-06,2.8952738823333815e-05,0.003924424176661126,0.0010990912810168482,-4.8320065760290251e-06
303,19,1,0.29924457878848165,0.089547317934295809,1,-1,1,0,10,-1,0,19,0.048324467490115305,0.048568472989450683,0.00024400549933537713,0.01847398993543212,0.018740692822403062,0.00026670288697094174,0.0049760113608406003,3.9628106948195594e-05,0.0049760113608406003,0.004964308950144266,0.0050259930306436702,0.004976169154085803,0.0050260400762714603,0.048408550411606931,0.018478985990660442,0.023505026066931903,0.0050260400762714603,0,0,0,0,0,1,2.3326484019009822e-07,2.8227433653573553e-05,0.0036982303709975936,0.00042594956390845369,-7.257321239752074e-07
303,19,1,0.29924457878848165,0.089547317934295809,1,-1,1,0,11,-1,0,15,0.048812894425252912,0.048995107369643701,0.00018221294439078883,0.019008319580157494,0.019212781934537439,0.00020446235437994453,0.0050211484459470471,3.854981374521915e-05,0.0050211484459470471,0.005005486737921172,0.0050691467256979766,0.0050212964266587801,0.0050691963497483117,0.04888856380538785,0.019012675116744496,0.024081871466492807,0.0050691963497483117,0,0,0,0,0,1,8.7826982948308518e-08,2.6375045525671887e-05,0.0034360569524505714,0.00020921214560112847,-1.7507888746811111e-07
303,19,1,0.29924457878848165,0.089547317934295809,1,-1,3,1,1,-1,1,273,0.043173287618576563,0.051127418278852567,0.0079541306602760042,0.013609072715143429,0.021762464212769683,0.0081533914976262539,0.0048226982869566367,0.0002349690713414491,0.0048226982869566367,0.0048249416440344674,0.0051832256169476437,0.0048284189163225614,0.005220688933923353,0.051127418278852567,0.021762464212769683,0.026983153146693035,0.005220688933923353,0,0,0,0,0,0.65760869565217395,-0.0090078804258714208,2.9130321311078778e-05,0.011426554157762619,0,0.029278071706943506
304,2,19,0.30049112918231519,0.090294918717262848,1,1,1,0,1,-1,1,637,0.035170113408939288,0.057094645139701895,0.021924531730762607,0.0084944226202113872,0.032354903268845894,0.023860480648634507,0.0047050488276718433,0.00052904029526431272,0.0047050488276718433,0.004900882932228675,0.0052306191759957012,0.0047346983119085362,0.005255796097344119,0.053428471045251738,0.025150100066711138,0.030405896164055257,0.005255796097344119,0,0,0,0,0,0.24684753534581583,-1.5577823452591762e-05,5.6568042926528398e-05,0.00062942990974498565,0,0.0045957611914389414
304,2,19,0.30049112918231519,0.090294918717262848,1,1,3,1,1,-1,1,195,0.044456304202801868,0.050119165990839605,0.0056628617880377374,0.01467348094260513,0.02048032021347565,0.0058068392708705199,0.0048641429529979819,0.00016874999608077748,0.0048641429529979819,0.0048661960121062983,0.0051234222225565035,0.0048670692648016822,0.0051506267182874557,0.050119165990839605,0.02048032021347565,0.025630946931763106,0.0051506267182874557,0,0,0,0,0,0.63029126213592235,-0.0090431030729001688,1.4949183347336291e-05,0.033288480557560896,0,0.02940594169455045
304,2,19,0.30049112918231519,0.090294918717262848,1,-1,3,1,1,-1,1,195,0.044456304202801868,0.050119165990839605,0.0056628617880377374,0.01467348094260513,0.02048032021347565,0.0058068392708705199,0.0048641429529979819,0.00016874999608077748,0.0048641429529979819,0.0048661960121062983,0.0051234222225565035,0.0048670692648016822,0.0051506267182874557,0.050119165990839605,0.02048032021347565,0.025630946931763106,0.0051506267182874557,0,0,0,0,0,0.63029126213592235,-0.0090431030729001688,1.4949183347336291e-05,0.011237354586055442,0,0.02940594169455045
305,19,2,0.30049112918231519,0.090294918717262848,1,1,1,0,1,-1,1,637,0.035170113408939288,0.057094645139701895,0.021924531730762607,0.0084944226202113872,0.032354903268845894,0.023860480648634507,0.0047050488276718433,0.00052904029526431272,0.0047050488276718433,0.004900882932228675,0.0052306191759957012,0.0047346983119085362,0.005255796097344119,0.053428471045251738,0.025150100066711138,0.030405896164055257,0.005255796097344119,0,0,0,0,0,0.24684753534581583,-1.5577823452591762e-05,5.6568042926528398e-05,0.00062942990974498565,0,0.0045957611914389414
305,19,2,0.30049112918231519,0.090294918717262848,1,1,3,1,1,-1,1,195,0.044456304202801868,0.050119165990839605,0.0056628617880377374,0.01467348094260513,0.02048032021347565,0.0058068392708705199,0.0048641429529979819,0.00016874999608077748,0.0048641429529979819,0.0048661960121062983,0.0051234222225565035,0.0048670692648016822,0.0051506267182874557,0.050119165990839605,0.02048032021347565,0.025630946931763106,0.0051506267182874557,0,0,0,0,0,0.63029126213592235,-0.0090431030729001688,1.4949183347336291e-05,0.033288480557560896,0,0.02940594169455045
305,19,2,0.30049112918231519,0.090294918717262848,1,-1,3,1,1,-1,1,195,0.044456304202801868,0.050119165990839605,0.0056628617880377374,0.01467348094260513,0.02048032021347565,0.0058068392708705199,0.0048641429529979819,0.00016874999608077748,0.0048641429529979819,0.0048661960121062983,0.0051234222225565035,0.0048670692648016822,0.0051506267182874557,0.050119165990839605,0.02048032021347565,0.025630946931763106,0.0051506267182874557,0,0,0,0,0,0.63029126213592235,-0.0090431030729001688,1.4949183347336291e-05,0.011237354586055442,0,0.02940594169455045
306,13,14,0.30103386854808173,0.090621390013023759,1,1,1,0,1,-1,1,607,0.035543695797198141,0.05714713219579716,0.021603436398599019,0.0086938392876450728,0.03248832555036691,0.023794486262721837,0.0047278120830989059,0.00051283402002270993,0.0047278120830989059,0.0049235975028826401,0.0052267619965391506,0.0047555447453671035,0.0052496890519809075,0.052787135388093487,0.024149432955303536,0.029399122007284444,0.0052496890519809075,0,0,0,0,0,0.2353840275124188,-1.4784902654697163e-05,5.5744958359237523e-05,0.00057826558106755519,0,0.0046076356346742391
306,13,14,0.30103386854808173,0.090621390013023759,1,1,3,1,1,-1,1,151,0.045145498045899853,0.049526350900600397,0.004380852854700544,0.015276851234156104,0.019767711998919697,0.0044908607647635938,0.0048808935279417119,0.00013098095208298965,0.0048808935279417119,0.0048817404115429688,0.0050825396764097204,0.0048826506777478827,0.0051038981441792544,0.049526350900600397,0.019767711998919697,0.024871610143098952,0.0051038981441792544,0,0,0,0,0,0.61484648270501363,-0.0090584909668372411,8.7674247053093791e-06,0.033291931068019205,0,0.029461817665466218
306,13,14,0.30103386854808173,0.090621390013023759,1,-1,3,1,1,-1,1,151,0.045145498045899853,0.049526350900600397,0.004380852854700544,0.015276851234156104,0.019767711998919697,0.0044908607647635938,0.0048808935279417119,0.00013098095208298965,0.0048808935279417119,0.0048817404115429688,0.0050825396764097204,0.0048826506777478827,0.0051038981441792544,0.049526350900600397,0.019767711998919697,0.024871610143098952,0.0051038981441792544,0,0,0,0,0,0.61484648270501363,-0.0090584909668372411,8.7674247053093791e-06,0.011167286585536599,0,0.029461817665466218
307,14,13,0.30103386854808173,0.090621390013023759,1,1,1,0,1,-1,1,607,0.035543695797198141,0.05714713219579716,0.021603436398599019,0.0086938392876450728,0.03248832555036691,0.023794486262721837,0.0047278120830989059,0.00051283402002270993,0.0047278120830989059,0.0049235975028826401,0.0052267619965391506,0.0047555447453671035,0.0052496890519809075,0.052787135388093487,0.024149432955303536,0.029399122007284444,0.0052496890519809075,0,0,0,0,0,0.2353840275124188,-1.4784902654697163e-05,5.5744958359237523e-05,0.00057826558106755519,0,0.0046076356346742391
307,14,13,0.30103386854808173,0.090621390013023759,1,1,3,1,1,-1,1,151,0.045145498045899853,0.049526350900600397,0.004380852854700544,0.015276851234156104,0.019767711998919697,0.0044908607647635938,0.0048808935279417119,0.00013098095208298965,0.0048808935279417119,0.0048817404115429688,0.0050825396764097204,0.0048826506777478827,0.0051038981441792544,0.049526350900600397,0.019767711998919697,0.024871610143098952,0.0051038981441792544,0,0,0,0,0,0.61484648270501363,-0.0090584909668372411,8.7674247053093791e-06,0.033291931068019205,0,0.029461817665466218
307,14,13,0.30103386854808173,0.090621390013023759,1,-1,3,1,1,-1,1,151,0.045145498045899853,0.049526350900600397,0.004380852854700544,0.015276851234156104,0.019767711998919697,0.0044908607647635938,0.0048808935279417119,0.00013098095208298965,0.0048808935279417119,0.0048817404115429688,0.0050825396764097204,0.0048826506777478827,0.0051038981441792544,0.049526350900600397,0.019767711998919697,0.024871610143098952,0.0051038981441792544,0,0,0,0,0,0.61484648270501363,-0.0090584909668372411,8.7674247053093791e-06,0.011167286585536599,0,0.029461817665466218
308,3,19,0.30255695827517037,0.091540713000723181,1,1,1,0,1,-1,1,572,0.036024016010673773,0.057248649912602423,0.02122463390192865,0.0089603352679974765,0.032755170113408935,0.023794834845411457,0.0047625986091228275,0.00046973641996818274,0.0047625986091228275,0.00493932547850243,0.0052157738460695824,0.0047857076609278196,0.0052345869151091476,0.053163445997260875,0.024749833222148097,0.029984420137257245,0.0052345869151091476,0,0,0,0,0,0.22217973231357552,-1.4564601072908411e-05,5.3420710103471616e-05,0.00051529922296147653,0,0.0046412368810338058
309,19,3,0.30255695827517037,0.091540713000723181,1,1,1,0,1,-1,1,572,0.036024016010673773,0.057248649912602423,0.02122463390192865,0.0089603352679974765,0.032755170113408935,0.023794834845411457,0.0047625986091228275,0.00046973641996818274,0.0047625986091228275,0.00493932547850243,0.0052157738460695824,0.0047857076609278196,0.0052345869151091476,0.053163445997260875,0.024749833222148097,0.029984420137257245,0.0052345869151091476,0,0,0,0,0,0.22217973231357552,-1.4564601072908411e-05,5.3420710103471616e-05,0.00051529922296147653,0,0.0046412368810338058
310,12,15,0.30264779715293694,0.09159568912152527,1,1,1,0,1,-1,1,559,0.03602401601067378,0.057248255428026959,0.021224239417353179,0.0089608917871879124,0.032755170113408935,0.023794278326221024,0.0047669578667010534,0.00046847841248223,0.0047669578667010534,0.0049571035760389744,0.0052156309612243863,0.00478992268474815,0.0052346159114505866,0.053163464400571535,0.024749833222148097,0.029984449133598684,0.0052346159114505866,0,0,0,0,0,0.21720841300191204,-1.4855649137164952e-05,5.3281421269506658e-05,0.00050653009742803172,0,0.0046432538486364701
311,15,12,0.30264779715293694,0.09159568912152527,1,1,1,0,1,-1,1,559,0.03602401601067378,0.057248255428026959,0.021224239417353179,0.0089608917871879124,0.032755170113408935,0.023794278326221024,0.0047669578667010534,0.00046847841248223,0.0047669578667010534,0.0049571035760389744,0.0052156309612243863,0.00478992268474815,0.0052346159114505866,0.053163464400571535,0.024749833222148097,0.029984449133598684,0.0052346159114505866,0,0,0,0,0,0.21720841300191204,-1.4855649137164952e-05,5.3281421269506658e-05,0.00050653009742803172,0,0.0046432538486364701
312,9,17,0.30290007358147386,0.091748454575662275,1,1,1,0,1,-1,1,553,0.03602401601067378,0.057247242866860476,0.021223226856186696,0.0089622883926658778,0.032755170113408935,0.023792881720743057,0.0047549382493305972,0.00046783023522527044,0.0047549382493305972,0.0049294215020764393,0.0052098159800366547,0.0047778973287355237,0.0052327228004219808,0.052941961307538352,0.024405384392889001,0.029638107193310982,0.0052327228004219808,0,0,0,0,0,0.21491395793499043,-1.4609139784534732e-05,5.2894198143835458e-05,0.00049939805436527527,0,0.0046488629859692092
313,17,9,0.30290007358147386,0.091748454575662275,1,1,1,0,1,-1,1,553,0.03602401601067378,0.057247242866860476,0.021223226856186696,0.0089622883926658778,0.032755170113408935,0.023792881720743057,0.0047549382493305972,0.00046783023522527044,0.0047549382493305972,0.0049294215020764393,0.0052098159800366547,0.0047778973287355237,0.0052327228004219808,0.052941961307538352,0.024405384392889001,0.029638107193310982,0.0052327228004219808,0,0,0,0,0,0.21491395793499043,-1.4609139784534732e-05,5.2894198143835458e-05,0.00049939805436527527,0,0.0046488629859692092
314,7,18,0.30398522617474422,0.092407017732510394,1,1,1,0,1,-1,1,526,0.036504336224149433,0.056824834705334969,0.020320498481185535,0.0092324656195657221,0.031754503002001333,0.022522037382435613,0.0047407806016678726,0.0004665181816024944,0.0047407806016678726,0.0049205343073086671,0.0052009205529281628,0.0047636792426564668,0.0052199063157631204,0.053111695583864714,0.024683122081387586,0.029903028397150706,0.0052199063157631204,0,0,0,0,0,0.2046671767406274,-1.3183838415572441e-05,5.1222032607610844e-05,0.0004455402327257991,0,0.0046731185076038222
315,18,7,0.30398522617474422,0.092407017732510394,1,1,1,0,1,-1,1,526,0.036504336224149433,0.056824834705334969,0.020320498481185535,0.0092324656195657221,0.031754503002001333,0.022522037382435613,0.0047407806016678726,0.0004665181816024944,0.0047407806016678726,0.0049205343073086671,0.0052009205529281628,0.0047636792426564668,0.0052199063157631204,0.053111695583864714,0.024683122081387586,0.029903028397150706,0.0052199063157631204,0,0,0,0,0,0.2046671767406274,-1.3183838415572441e-05,5.1222032607610844e-05,0.0004455402327257991,0,0.0046731185076038222
316,4,19,0.30542493399626636,0.093284390306623666,1,1,1,0,1,-1,1,472,0.037198132088058701,0.056555147515795712,0.019357015427737011,0.0096340969739172125,0.031154102735156768,0.021520005761239556,0.0047648170592662527,0.00043337312305453279,0.0047648170592662527,0.0049205003962415044,0.0051875230110391655,0.0047844847028766574,0.0052065060620168253,0.052845788124172455,0.024282855236824549,0.029489361298841374,0.0052065060620168253,0,0,0,0,0,0.18446230386528895,-1.3967205805744798e-05,4.8987252529150135e-05,0.00037451011497747821,0,0.0047056199500234994
317,19,4,0.30542493399626636,0.093284390306623666,1,1,1,0,1,-1,1,472,0.037198132088058701,0.056555147515795712,0.019357015427737011,0.0096340969739172125,0.031154102735156768,0.021520005761239556,0.0047648170592662527,0.00043337312305453279,0.0047648170592662527,0.0049205003962415044,0.0051875230110391655,0.0047844847028766574,0.0052065060620168253,0.052845788124172455,0.024282855236824549,0.029489361298841374,0.0052065060620168253,0,0,0,0,0,0.18446230386528895,-1.3967205805744798e-05,4.8987252529150135e-05,0.00037451011497747821,0,0.0047056199500234994
318,11,16,0.30584970904476044,0.093544044522764616,1,1,1,0,1,-1,1,446,0.037304869913275515,0.056553206044210269,0.019248336130934754,0.0096988497616226528,0.031154102735156768,0.021455252973534115,0.0047682717596898355,0.00043222323021413766,0.0047682717596898355,0.0049321786324177525,0.0051855431442923523,0.0047878212680709312,0.0051990958248954826,0.052578951808131331,0.023882588392261508,0.02908168421715699,0.0051990958248954826,0,0,0,0,0,0.17419601837672283,-1.3465480166828194e-05,4.8324385754047527e-05,0.00034511868070050388,0,0.0047152791368154428
319,16,11,0.30584970904476044,0.093544044522764616,1,1,1,0,1,-1,1,446,0.037304869913275515,0.056553206044210269,0.019248336130934754,0.0096988497616226528,0.031154102735156768,0.021455252973534115,0.0047682717596898355,0.00043222323021413766,0.0047682717596898355,0.0049321786324177525,0.0051855431442923523,0.0047878212680709312,0.0051990958248954826,0.052578951808131331,0.023882588392261508,0.02908168421715699,0.0051990958248954826,0,0,0,0,0,0.17419601837672283,-1.3465480166828194e-05,4.8324385754047527e-05,0.00034511868070050388,0,0.0047152791368154428
320,5,19,0.30907202408827628,0.095525516074024028,1,1,1,0,1,-1,1,362,0.039226150767178114,0.055595964529750103,0.016369813762571989,0.010890260276186572,0.029152768512341561,0.018262508236154988,0.0047956803675295329,0.00036197071217163474,0.0047956803675295329,0.0049158642746014673,0.0051557996235468044,0.0048093214681468564,0.0051649517350019145,0.053119182120297842,0.024749833222148097,0.029914784957150012,0.0051649517350019145,0,0,0,0,0,0.14220007665772327,-1.292578424936257e-05,4.3244628786207937e-05,0.000253389751039656,0,0.0047895894037964801
321,19,5,0.30907202408827628,0.095525516074024028,1,1,1,0,1,-1,1,362,0.039226150767178114,0.055595964529750103,0.016369813762571989,0.010890260276186572,0.029152768512341561,0.018262508236154988,0.0047956803675295329,0.00036197071217163474,0.0047956803675295329,0.0049158642746014673,0.0051557996235468044,0.0048093214681468564,0.0051649517350019145,0.053119182120297842,0.024749833222148097,0.029914784957150012,0.0051649517350019145,0,0,0,0,0,0.14220007665772327,-1.292578424936257e-05,4.3244628786207937e-05,0.000253389751039656,0,0.0047895894037964801
322,8,18,0.31005909517343688,0.096136642499770386,1,1,1,0,1,-1,1,321,0.039439626417611742,0.055321500169257257,0.015881873751645514,0.011034758082071652,0.028619079386257504,0.01758432130418585,0.0047989811601036455,0.00034250775767902513,0.0047989811601036455,0.0049104624975010863,0.0051446068238503832,0.0048111881837130475,0.0051547233369506028,0.05262174783188793,0.023991855629308109,0.029146578966258711,0.0051547233369506028,0,0,0,0,0,0.12681992337164752,-1.2037322078712123e-05,4.1670707557605116e-05,0.00021276013223168243,0,0.0048127186024204795
323,18,8,0.31005909517343688,0.096136642499770386,1,1,1,0,1,-1,1,321,0.039439626417611742,0.055321500169257257,0.015881873751645514,0.011034758082071652,0.028619079386257504,0.01758432130418585,0.0047989811601036455,0.00034250775767902513,0.0047989811601036455,0.0049104624975010863,0.0051446068238503832,0.0048111881837130475,0.0051547233369506028,0.05262174783188793,0.023991855629308109,0.029146578966258711,0.0051547233369506028,0,0,0,0,0,0.12681992337164752,-1.2037322078712123e-05,4.1670707557605116e-05,0.00021276013223168243,0,0.0048127186024204795
324,10,17,0.31058971432700266,0.096465970645729135,1,1,1,0,1,-1,1,298,0.040026684456304203,0.055110540696988161,0.015083856240683959,0.011424708926861262,0.028218812541694463,0.016794103614833203,0.0048002608726323498,0.00033673960026888355,0.0048002608726323498,0.0049087090602697031,0.0051424885711711284,0.0048120575644639094,0.0051503632375771366,0.052835223482321544,0.024322717511337855,0.029473080748914991,0.0051503632375771366,0,0,0,0,0,0.11771472392638037,-1.1883992225990289e-05,4.0821204206354823e-05,0.00019039521001656032,0,0.0048252230948079523
325,17,10,0.31058971432700266,0.096465970645729135,1,1,1,0,1,-1,1,298,0.040026684456304203,0.055110540696988161,0.015083856240683959,0.011424708926861262,0.028218812541694463,0.016794103614833203,0.0048002608726323498,0.00033673960026888355,0.0048002608726323498,0.0049087090602697031,0.0051424885711711284,0.0048120575644639094,0.0051503632375771366,0.052835223482321544,0.024322717511337855,0.029473080748914991,0.0051503632375771366,0,0,0,0,0,0.11771472392638037,-1.1883992225990289e-05,4.0821204206354823e-05,0.00019039521001656032,0,0.0048252230948079523
326,14,14,0.31192883973256719,0.097299601056905591,1,1,1,0,1,-1,1,244,0.040507004669779842,0.054526620013387747,0.014019615343607905,0.01175954203608065,0.027151434289526349,0.015391892253445699,0.0047974151464388656,0.00031562929420071338,0.0047974151464388656,0.004903812428935176,0.0051284768792244943,0.0048077868025359323,0.0051338957524544558,0.052667799403284449,0.024082721814543028,0.029216617566997484,0.0051338957524544558,0,0,0,0,0,0.097046413502109699,-1.1829730552857234e-05,3.8666801300236259e-05,0.00013234732232156887,0,0.004857001237642153
327,13,15,0.31270740067362812,0.097785918436056996,1,1,1,0,1,-1,1,198,0.040987324883255502,0.05425889219238153,0.013271567309126028,0.012099314463701178,0.026684456304202797,0.014585141840501619,0.0047608515337265568,0.00029277184601028309,0.0047608515337265568,0.0047996595729737201,0.0051194519359088935,0.0047698451421406525,0.0051272081737577871,0.052880855719162734,0.024416277518345561,0.029543485692103348,0.0051272081737577871,0,0,0,0,0,0.079048349961627018,-1.0971096782159029e-05,3.7407382698754241e-05,0.00010486863385777309,0,0.0048756220622188633
328,15,13,0.31270740067362812,0.097785918436056996,1,1,1,0,1,-1,1,198,0.040987324883255502,0.05425889219238153,0.013271567309126028,0.012099314463701178,0.026684456304202797,0.014585141840501619,0.0047608515337265568,0.00029277184601028309,0.0047608515337265568,0.0047996595729737201,0.0051194519359088935,0.0047698451421406525,0.0051272081737577871,0.052880855719162734,0.024416277518345561,0.029543485692103348,0.0051272081737577871,0,0,0,0,0,0.079048349961627018,-1.0971096782159029e-05,3.7407382698754241e-05,0.00010486863385777309,0,0.0048756220622188633
329,6,19,0.31347014493791675,0.098263531767398549,1,1,1,0,1,-1,1,167,0.041627751834556366,0.053826955814706812,0.012199203980150446,0.012563879964232234,0.02595063375583722,0.013386753791604986,0.0047986956558415004,0.0002747899381325655,0.0047986956558415004,0.0048618357598175857,0.0051131279176625504,0.0048065569285602964,0.0051180467014687106,0.052888592394929948,0.024437397394457216,0.029555444095925927,0.0051180467014687106,0,0,0,0,0,0.067510548523206745,-1.1237320709766484e-05,3.6168705476044902e-05,8.408976756274569e-05,0,0.0048939680822705257
