mode_index,m,n,q,q2,branch_id,root_id,kind_id,source_id_0lambda_1trace,curve_id,hopf_branch_id,is_success,n_points,K_min,K_max,K_span,F_intersection_min,F_intersection_max,F_intersection_span,mean_DeltaF,std_DeltaF,mean_abs_DeltaF,median_abs_DeltaF,p95_abs_DeltaF,rms_DeltaF,max_abs_DeltaF,K_at_max_abs_DeltaF,F_intersection_at_max_abs_DeltaF,F_Hopf_at_max_abs_DeltaF,DeltaF_at_max_abs_DeltaF,touch_Kmin,touch_Kmax,touch_Fmin,touch_Fmax,edge_fraction,complex_fraction,det_min,det_max,mean_abs_imag_lambda,min_abs_imag_lambda,rad_real_max
0,0,0,0,0,1,1,1,0,1,-1,1,2281,0.00053368912608405602,0.062497720877570648,0.061964031751486591,1.9081746585370985e-05,0.082988659106070714,0.082969577359485347,-0.0010947842081877419,0.0044041981566070518,0.0010949875374428363,2.1481106504683822e-08,0.0091154802203196814,0.0045382280534541465,0.033852262727611104,0.061047729353057384,0.082988659106070714,0.04913639637845961,-0.033852262727611104,0,0,0,0,0,0.99201161946259986,-1.1643416962392428e-05,0.0019340586469194752,0.025547911476321385,0,0.062396254367094013
0,0,0,0,0,1,1,3,1,1,-1,1,2080,0.00090727151434289517,0.062494996664442949,0.061587725150100053,1.3282044338538847e-05,0.061709245682512064,0.061695963638173527,-3.5995927830825095e-06,3.0786423584415474e-05,3.9237731969039428e-06,1.614203951061377e-08,4.4980075439585083e-06,3.0996144039591004e-05,0.00049069568787488138,0.062479091612777531,0.061374249499666439,0.060883553811791558,-0.00049069568787488138,0,0,0,0,0,0.99399293286219081,-0.0049593428902694782,0.0019340586469194752,0.040449079721109359,0,0.014878028984802165
0,0,0,0,0,1,-1,1,0,1,-1,1,2163,0.0015555096553953865,0.062395318652387906,0.060839808996992518,6.6711140760507002e-05,0.058765185042795168,0.058698473902034663,0.00015386422756089035,0.00064435449114080888,0.00015466737863970205,1.8205133584664468e-08,0.0014276466735021246,0.00066247030935449489,0.0044794983278863554,0.060779329084886549,0.043495663775850568,0.047975162103736924,0.0044794983278863554,0,0,0,0,0,0.98440979955456576,-4.8347783967782927e-06,0.0019340586469194752,0.016784502838632018,0,0.00098968621231960508
0,0,0,0,0,1,-1,1,0,2,-1,0,33,0.062388521233677614,0.062446313561674946,5.7792327997331638e-05,0.058752712585805097,0.059799920273839513,0.0010472076880344156,0.0002553525817061716,0.00039238891403077975,0.00030823375950292701,8.2259599307944742e-05,0.0010214226529782391,0.00046816022987676093,0.0010470109680443332,0.062441627751834552,0.058752712585805097,0.059799723553849431,0.0010470109680443332,0,0,0,0,0,1,-1.1222556228490101e-06,0.00043889227320032187,0.016043423527570419,0.006006265336015045,1.6974341191821734e-05
0,0,0,0,0,1,-1,1,0,3,-1,0,12,0.062483966354260817,0.062495870422086722,1.1904067825904696e-05,0.061433119205787083,0.061709245682512064,0.00027612647672498047,1.3707725714142671e-05,0.00020731438137510316,0.00016904592746224377,0.000186473066494032,0.00031227558684916994,0.00020776706781681231,0.00035652519065784705,0.062483966354260817,0.061440960640426957,0.06108443544976911,-0.00035652519065784705,0,0,0,0,0,1,-1.9618976635292849e-07,0.00021039213059402496,0.0093195199180830836,0.0049316565422178691,1.7072713917557127e-06
0,0,0,0,0,1,-1,3,1,1,-1,1,2080,0.00090727151434289517,0.062494996664442949,0.061587725150100053,1.3282044338538847e-05,0.061709245682512064,0.061695963638173527,-3.5995927830825095e-06,3.0786423584415474e-05,3.9237731969039428e-06,1.614203951061377e-08,4.4980075439585083e-06,3.0996144039591004e-05,0.00049069568787488138,0.062479091612777531,0.061374249499666439,0.060883553811791558,-0.00049069568787488138,0,0,0,0,0,0.99399293286219081,-0.0049593428902694782,0.0019340586469194752,0.02962364377690933,0,0.014878028984802165
1,0,1,0.015786733819426566,0.00024922096468542646,1,1,1,0,1,-1,1,2280,0.00053368912608405602,0.062497796619594599,0.061964107493510542,1.8574184148773543e-05,0.082988659106070714,0.082970084921921941,-0.0010828175177861148,0.0044081823949323751,0.0011053026407216002,1.304284188240537e-05,0.0091325448617237213,0.004539225242683625,0.033853146920802692,0.061047534057565425,0.082988659106070714,0.049135512185268022,-0.033853146920802692,0,0,0,0,0,0.99055918663761799,-1.3949277244009856e-05,0.0019283131311410239,0.0254762133152437,0,0.011171671191770163
1,0,1,0.015786733819426566,0.00024922096468542646,1,1,3,1,1,-1,1,2078,0.00096064042695130083,0.062494996664442956,0.061534356237491657,1.4721823845619463e-05,0.061680959320448266,0.061666237496602647,9.63302127994219e-06,2.9362119254097782e-05,1.516947961015245e-05,1.2112275000327952e-05,2.3798216620316003e-05,3.0901927869821959e-05,0.00045755823148405789,0.062479940279492677,0.061374249499666439,0.060916691268182381,-0.00045755823148405789,0,0,0,0,0,0.99505125486037471,-0.0049701502557500258,0.0019283131311410239,0.040425941802289124,0,0.014915598274282339
1,0,1,0.015786733819426566,0.00024922096468542646,1,-1,1,0,1,-1,1,2169,0.0015753230465208753,0.062395178352280437,0.060819855305759563,3.3786260670171535e-05,0.058737212844837419,0.058703426584167245,0.00017213740778286796,0.00065837705966828965,0.0001721752199053483,1.2674904086545924e-05,0.0015364319099277093,0.00068050836868892945,0.0045254127484405937,0.060725546814212564,0.043228819212808536,0.04775423196124913,0.0045254127484405937,0,0,0,0,0,0.97673843108141545,-7.1964944976983282e-06,0.0019283131311410239,0.016721244452547843,0,0.00099269425229436543
1,0,1,0.015786733819426566,0.00024922096468542646,1,-1,1,0,2,-1,0,31,0.062389522568244003,0.062446184943822772,5.6662375578768465e-05,0.058753488121457351,0.059771258415513541,0.0010177702940561903,0.00028337966894131434,0.00038767474764137146,0.00031516818086774472,5.6507866710880927e-05,0.0010237504622626833,0.00048020385955143048,0.00104623543239208,0.062441627751834552,0.058753488121457351,0.059799723553849431,0.00104623543239208,0,0,0,0,0,1,-3.5820305733334375e-06,0.00043228234339989379,0.015794473254596261,0.0058215812850539268,2.6402409916489074e-05
1,0,1,0.015786733819426566,0.00024922096468542646,1,-1,1,0,3,-1,0,10,0.062484893547095237,0.062495760127440902,1.0866580345665622e-05,0.06143422016361301,0.061680959320448266,0.00024673915683525588,3.7902207762690458e-05,0.00020312855125994119,0.00018073847865853962,0.00019726994266291639,0.00029698320885321002,0.0002066344252302813,0.00031499368250336585,0.062484893547095237,0.06144096064042695,0.061125966957923585,-0.00031499368250336585,0,0,0,0,0,1,-2.6603071376681236e-06,0.0001991682802246125,0.008967174370789489,0.0047025154903922511,1.1467167904987676e-05
1,0,1,0.015786733819426566,0.00024922096468542646,1,-1,3,1,1,-1,1,2078,0.00096064042695130083,0.062494996664442956,0.061534356237491657,1.4721823845619463e-05,0.061680959320448266,0.061666237496602647,9.63302127994219e-06,2.9362119254097782e-05,1.516947961015245e-05,1.2112275000327952e-05,2.3798216620316003e-05,3.0901927869821959e-05,0.00045755823148405789,0.062479940279492677,0.061374249499666439,0.060916691268182381,-0.00045755823148405789,0,0,0,0,0,0.99505125486037471,-0.0049701502557500258,0.0019283131311410239,0.029583479517589512,0,0.014915598274282339
2,1,0,0.015786733819426566,0.00024922096468542646,1,1,1,0,1,-1,1,2280,0.00053368912608405602,0.062497796619594599,0.061964107493510542,1.8574184148773543e-05,0.082988659106070714,0.082970084921921941,-0.0010828175177861148,0.0044081823949323751,0.0011053026407216002,1.304284188240537e-05,0.0091325448617237213,0.004539225242683625,0.033853146920802692,0.061047534057565425,0.082988659106070714,0.049135512185268022,-0.033853146920802692,0,0,0,0,0,0.99055918663761799,-1.3949277244009856e-05,0.0019283131311410239,0.0254762133152437,0,0.011171671191770163
2,1,0,0.015786733819426566,0.00024922096468542646,1,1,3,1,1,-1,1,2078,0.00096064042695130083,0.062494996664442956,0.061534356237491657,1.4721823845619463e-05,0.061680959320448266,0.061666237496602647,9.63302127994219e-06,2.9362119254097782e-05,1.516947961015245e-05,1.2112275000327952e-05,2.3798216620316003e-05,3.0901927869821959e-05,0.00045755823148405789,0.062479940279492677,0.061374249499666439,0.060916691268182381,-0.00045755823148405789,0,0,0,0,0,0.99505125486037471,-0.0049701502557500258,0.0019283131311410239,0.040425941802289124,0,0.014915598274282339
2,1,0,0.015786733819426566,0.00024922096468542646,1,-1,1,0,1,-1,1,2169,0.0015753230465208753,0.062395178352280437,0.060819855305759563,3.3786260670171535e-05,0.058737212844837419,0.058703426584167245,0.00017213740778286796,0.00065837705966828965,0.0001721752199053483,1.2674904086545924e-05,0.0015364319099277093,0.00068050836868892945,0.0045254127484405937,0.060725546814212564,0.043228819212808536,0.04775423196124913,0.0045254127484405937,0,0,0,0,0,0.97673843108141545,-7.1964944976983282e-06,0.0019283131311410239,0.016721244452547843,0,0.00099269425229436543
2,1,0,0.015786733819426566,0.00024922096468542646,1,-1,1,0,2,-1,0,31,0.062389522568244003,0.062446184943822772,5.6662375578768465e-05,0.058753488121457351,0.059771258415513541,0.0010177702940561903,0.00028337966894131434,0.00038767474764137146,0.00031516818086774472,5.6507866710880927e-05,0.0010237504622626833,0.00048020385955143048,0.00104623543239208,0.062441627751834552,0.058753488121457351,0.059799723553849431,0.00104623543239208,0,0,0,0,0,1,-3.5820305733334375e-06,0.00043228234339989379,0.015794473254596261,0.0058215812850539268,2.6402409916489074e-05
2,1,0,0.015786733819426566,0.00024922096468542646,1,-1,1,0,3,-1,0,10,0.062484893547095237,0.062495760127440902,1.0866580345665622e-05,0.06143422016361301,0.061680959320448266,0.00024673915683525588,3.7902207762690458e-05,0.00020312855125994119,0.00018073847865853962,0.00019726994266291639,0.00029698320885321002,0.0002066344252302813,0.00031499368250336585,0.062484893547095237,0.06144096064042695,0.061125966957923585,-0.00031499368250336585,0,0,0,0,0,1,-2.6603071376681236e-06,0.0001991682802246125,0.008967174370789489,0.0047025154903922511,1.1467167904987676e-05
2,1,0,0.015786733819426566,0.00024922096468542646,1,-1,3,1,1,-1,1,2078,0.00096064042695130083,0.062494996664442956,0.061534356237491657,1.4721823845619463e-05,0.061680959320448266,0.061666237496602647,9.63302127994219e-06,2.9362119254097782e-05,1.516947961015245e-05,1.2112275000327952e-05,2.3798216620316003e-05,3.0901927869821959e-05,0.00045755823148405789,0.062479940279492677,0.061374249499666439,0.060916691268182381,-0.00045755823148405789,0,0,0,0,0,0.99505125486037471,-0.0049701502557500258,0.0019283131311410239,0.029583479517589512,0,0.014915598274282339
3,1,1,0.022325813073007059,0.00049844192937085292,1,1,1,0,1,-1,1,2281,0.00053368912608405612,0.062497890574918349,0.061964201448834293,1.8860753887187631e-05,0.082988659106070714,0.08296979835218353,-0.0010844223118881033,0.0044569716030627964,0.0011299310329817062,2.6190175734415455e-05,0.0094720687143550267,0.0045869998496870365,0.033854017850124742,0.061047341678278723,0.082988659106070714,0.049134641255945972,-0.033854017850124742,0,0,0,0,0,0.99019607843137258,-1.6306180995199754e-05,0.0019225628428807878,0.025407151686520895,0,0.0017991927632014125
3,1,1,0.022325813073007059,0.00049844192937085292,1,1,3,1,1,-1,1,2077,0.0010140093395597065,0.062494996664442956,0.061480987324883246,1.6232099053271963e-05,0.061652790803819059,0.061636558704765788,2.2883024029350007e-05,2.9761806958193269e-05,2.7340572764990526e-05,2.416496615464947e-05,4.8622363049012629e-05,3.7541949098902299e-05,0.00042371155931555243,0.062480788946207816,0.061374249499666439,0.060950537940350887,-0.00042371155931555243,0,0,0,0,0,0.99505125486037471,-0.0049809592161780963,0.0019225628428807878,0.040426541246225411,0,0.01495317848973237
3,1,1,0.022325813073007059,0.00049844192937085292,1,-1,1,0,1,-1,1,2172,0.0015951364376463638,0.062395038865010959,0.060799902427364598,5.9978413750327159e-05,0.058709240646879664,0.058649262233129336,0.00018820334243793195,0.00066529540896398778,0.00018820334243793195,2.5629739187777931e-05,0.0015846553127608774,0.00069140326821137395,0.0045230534513873294,0.060724967756335971,0.043228819212808536,0.047751872664195866,0.0045230534513873294,0,0,0,0,0,0.94926998267755502,-9.5568102437354691e-06,0.0019225628428807878,0.016657794886512988,0,0.00099572302653008174
3,1,1,0.022325813073007059,0.00049844192937085292,1,-1,1,0,2,-1,0,31,0.062390523902810392,0.062446057056193695,5.5533153383302558e-05,0.058754238201199294,0.059743262830714822,0.00098902462951552805,0.00029572824227681806,0.00037579864777799227,0.00030835512424338984,5.6460723134608981e-05,0.0010218369133871384,0.00047820478558030331,0.001045485352650137,0.062441627751834552,0.058754238201199294,0.059799723553849431,0.001045485352650137,0,0,0,0,0,1,-6.0403523133910657e-06,0.00042563515493977824,0.015657770861587816,0.0056310074329624944,3.5831772496527991e-05
3,1,1,0.022325813073007059,0.00049844192937085292,1,-1,1,0,3,-1,0,10,0.062485820739929643,0.062495650439913807,9.8296999841637756e-06,0.061435208340059923,0.061652790803819059,0.00021758246375913615,6.0568106348105053e-05,0.00018002256237350999,0.00016497956368127786,0.00016743047000430597,0.00027398223127832189,0.00018993845969186878,0.00027398223127832189,0.062494996664442956,0.061435208340059923,0.061709190571338245,0.00027398223127832189,0,0,0,0,0,1,-5.1229642298069408e-06,0.00018756017333805281,0.0086635056666028009,0.0043778551217071538,2.1228315139490893e-05
3,1,1,0.022325813073007059,0.00049844192937085292,1,-1,3,1,1,-1,1,2077,0.0010140093395597065,0.062494996664442956,0.061480987324883246,1.6232099053271963e-05,0.061652790803819059,0.061636558704765788,2.2883024029350007e-05,2.9761806958193269e-05,2.7340572764990526e-05,2.416496615464947e-05,4.8622363049012629e-05,3.7541949098902299e-05,0.00042371155931555243,0.062480788946207816,0.061374249499666439,0.060950537940350887,-0.00042371155931555243,0,0,0,0,0,0.99505125486037471,-0.0049809592161780963,0.0019225628428807878,0.029545978548159262,0,0.01495317848973237
4,0,2,0.031572484027273924,0.00099682174765246701,1,1,1,0,1,-1,1,2282,0.00048032021347565047,0.062498076896430631,0.062017756682954978,1.9468939003404892e-05,0.083388925950633755,0.083369457011630344,-0.001064684189617358,0.0044899882768047331,0.0011565827277071057,5.2452504345754103e-05,0.0094654179192418097,0.0046144931627931903,0.034493840247744344,0.06099391929771715,0.083388925950633755,0.048895085702889411,-0.034493840247744344,0,0,0,0,0,0.98910279694878311,-2.0957411862060515e-05,0.0019110809792945438,0.025272573902005237,0,0.0018274123982862391
4,0,2,0.031572484027273924,0.00099682174765246701,1,1,3,1,1,-1,1,2074,0.0011207471647765176,0.062494996664442956,0.061374249499666439,1.9464165050185191e-05,0.061600915884625844,0.061581451719575658,4.9354272943067848e-05,3.5423731579982984e-05,5.2329745103422484e-05,4.846803095759529e-05,9.9169231785539708e-05,6.0751008360269408e-05,0.00035370378627546523,0.062482486068132587,0.061374249499666439,0.061020545713390974,-0.00035370378627546523,0,0,0,0,0,0.99540148567385922,-0.0050025844613229963,0.0019110809792945438,0.040381447225687879,0,0.015028379261344687
4,0,2,0.031572484027273924,0.00099682174765246701,1,-1,1,0,1,-1,1,2171,0.0016369492909636856,0.062394762350550505,0.060757813059586822,4.1630883512827406e-05,0.058654264858830518,0.058612633975317692,0.00021395183791239435,0.00066529338207005405,0.00021395183791239435,5.1467690802529248e-05,0.0016019574041995603,0.00069884953543112736,0.0045674165998719971,0.060669913388249036,0.042961974649766511,0.047529391249638508,0.0045674165998719971,0,0,0,0,0,0.88332920485509037,-1.4272650147248517e-05,0.0019110809792945438,0.016533691410207933,0,0.0010017707457416931
4,0,2,0.031572484027273924,0.00099682174765246701,1,-1,1,0,2,-1,0,29,0.062392526322389605,0.06244580349147779,5.3277169088185306e-05,0.058755663208520152,0.059687784798495215,0.00093212158997506289,0.00033568316075662706,0.00035980058592328343,0.00033568316075662706,0.0001119387553542156,0.0010232755717304808,0.00049207687005822331,0.0010440603453292785,0.062441627751834552,0.058755663208520152,0.059799723553849431,0.0010440603453292785,0,0,0,0,0,1,-1.0952022876092047e-05,0.00041222622546165756,0.015249263421061251,0.0052297468588006569,5.4692021379429034e-05
4,0,2,0.031572484027273924,0.00099682174765246701,1,-1,1,0,3,-1,0,8,0.062487674894522588,0.062495432903325175,7.7580088025872018e-06,0.061436882171216657,0.061600915884625844,0.00016403371340918682,0.00010535648365011131,0.00015351038789996417,0.00016711870346463892,0.00016292446895323567,0.00027230840012158752,0.00018618654043811448,0.00027230840012158752,0.062494996664442956,0.061436882171216657,0.061709190571338245,0.00027230840012158752,0,0,0,0,0,1,-1.0043282997191817e-05,0.000162951269843352,0.007869930343081746,0.0035956094103121584,4.0751920995163201e-05
4,0,2,0.031572484027273924,0.00099682174765246701,1,-1,3,1,1,-1,1,2074,0.0011207471647765176,0.062494996664442956,0.061374249499666439,1.9464165050185191e-05,0.061600915884625844,0.061581451719575658,4.9354272943067848e-05,3.5423731579982984e-05,5.2329745103422484e-05,4.846803095759529e-05,9.9169231785539708e-05,6.0751008360269408e-05,0.00035370378627546523,0.062482486068132587,0.061374249499666439,0.061020545713390974,-0.00035370378627546523,0,0,0,0,0,0.99540148567385922,-0.0050025844613229963,0.0019110809792945438,0.029466856891677076,0,0.015028379261344687
5,2,0,0.031572484027273924,0.00099682174765246701,1,1,1,0,1,-1,1,2282,0.00048032021347565047,0.062498076896430631,0.062017756682954978,1.9468939003404892e-05,0.083388925950633755,0.083369457011630344,-0.001064684189617358,0.0044899882768047331,0.0011565827277071057,5.2452504345754103e-05,0.0094654179192418097,0.0046144931627931903,0.034493840247744344,0.06099391929771715,0.083388925950633755,0.048895085702889411,-0.034493840247744344,0,0,0,0,0,0.98910279694878311,-2.0957411862060515e-05,0.0019110809792945438,0.025272573902005237,0,0.0018274123982862391
5,2,0,0.031572484027273924,0.00099682174765246701,1,1,3,1,1,-1,1,2074,0.0011207471647765176,0.062494996664442956,0.061374249499666439,1.9464165050185191e-05,0.061600915884625844,0.061581451719575658,4.9354272943067848e-05,3.5423731579982984e-05,5.2329745103422484e-05,4.846803095759529e-05,9.9169231785539708e-05,6.0751008360269408e-05,0.00035370378627546523,0.062482486068132587,0.061374249499666439,0.061020545713390974,-0.00035370378627546523,0,0,0,0,0,0.99540148567385922,-0.0050025844613229963,0.0019110809792945438,0.040381447225687879,0,0.015028379261344687
5,2,0,0.031572484027273924,0.00099682174765246701,1,-1,1,0,1,-1,1,2171,0.0016369492909636856,0.062394762350550505,0.060757813059586822,4.1630883512827406e-05,0.058654264858830518,0.058612633975317692,0.00021395183791239435,0.00066529338207005405,0.00021395183791239435,5.1467690802529248e-05,0.0016019574041995603,0.00069884953543112736,0.0045674165998719971,0.060669913388249036,0.042961974649766511,0.047529391249638508,0.0045674165998719971,0,0,0,0,0,0.88332920485509037,-1.4272650147248517e-05,0.0019110809792945438,0.016533691410207933,0,0.0010017707457416931
5,2,0,0.031572484027273924,0.00099682174765246701,1,-1,1,0,2,-1,0,29,0.062392526322389605,0.06244580349147779,5.3277169088185306e-05,0.058755663208520152,0.059687784798495215,0.00093212158997506289,0.00033568316075662706,0.00035980058592328343,0.00033568316075662706,0.0001119387553542156,0.0010232755717304808,0.00049207687005822331,0.0010440603453292785,0.062441627751834552,0.058755663208520152,0.059799723553849431,0.0010440603453292785,0,0,0,0,0,1,-1.0952022876092047e-05,0.00041222622546165756,0.015249263421061251,0.0052297468588006569,5.4692021379429034e-05
5,2,0,0.031572484027273924,0.00099682174765246701,1,-1,1,0,3,-1,0,8,0.062487674894522588,0.062495432903325175,7.7580088025872018e-06,0.061436882171216657,0.061600915884625844,0.00016403371340918682,0.00010535648365011131,0.00015351038789996417,0.00016711870346463892,0.00016292446895323567,0.00027230840012158752,0.00018618654043811448,0.00027230840012158752,0.062494996664442956,0.061436882171216657,0.061709190571338245,0.00027230840012158752,0,0,0,0,0,1,-1.0043282997191817e-05,0.000162951269843352,0.007869930343081746,0.0035956094103121584,4.0751920995163201e-05
5,2,0,0.031572484027273924,0.00099682174765246701,1,-1,3,1,1,-1,1,2074,0.0011207471647765176,0.062494996664442956,0.061374249499666439,1.9464165050185191e-05,0.061600915884625844,0.061581451719575658,4.9354272943067848e-05,3.5423731579982984e-05,5.2329745103422484e-05,4.846803095759529e-05,9.9169231785539708e-05,6.0751008360269408e-05,0.00035370378627546523,0.062482486068132587,0.061374249499666439,0.061020545713390974,-0.00035370378627546523,0,0,0,0,0,0.99540148567385922,-0.0050025844613229963,0.0019110809792945438,0.029466856891677076,0,0.015028379261344687
6,1,2,0.035299330196731683,0.0012460427123378935,1,1,1,0,1,-1,1,2283,0.00010673782521681122,0.062498137865537609,0.062391400040320795,1.6795215169008126e-06,0.083388925950633755,0.083387246429116851,-0.0010516443500897829,0.0044871527301201357,0.0011667740423149534,6.5613163409649483e-05,0.0090622464363581505,0.0046087412015104901,0.034494657855936639,0.060993735233924339,0.083388925950633755,0.048894268094697116,-0.034494657855936639,0,0,0,0,0,0.98801307664366145,-2.3141082105977664e-05,0.0019053401303142064,0.025202590066862887,0,0.0018415244346148298
6,1,2,0.035299330196731683,0.0012460427123378935,1,1,3,1,1,-1,1,2073,0.0011741160773849233,0.062494996664442956,0.061320880587058035,2.1185727149279996e-05,0.061575559023529222,0.061554373296379944,6.2617426865332971e-05,3.99936226432589e-05,6.5021400355874009e-05,6.0611213501468586e-05,0.00012438564953035636,7.4299609685157261e-05,0.00031742126209083343,0.062483334734847733,0.061374249499666439,0.061056828237575606,-0.00031742126209083343,0,0,0,0,0,0.99540148567385922,-0.0050134019242161626,0.0019053401303142064,0.040380507263491433,0,0.015066004279673282
6,1,2,0.035299330196731683,0.0012460427123378935,1,-1,1,0,1,-1,1,2170,0.0016582709991118817,0.062394625282437187,0.060736354283325307,3.9938653464256918e-05,0.058627039901145955,0.058587101247681697,0.00022852225082198435,0.00066758635074894699,0.00022852225082198435,6.4372942021793944e-05,0.0016362851376024198,0.00070561601089193129,0.0045653705141195586,0.060669402941066611,0.042961974649766511,0.04752734516388607,0.0045653705141195586,0,0,0,0,0,0.85841805107860158,-1.6645199840641127e-05,0.0019053401303142064,0.01647602180909406,0,0.0010047904628181523
6,1,2,0.035299330196731683,0.0012460427123378935,1,-1,1,0,2,-1,0,29,0.062393527656955994,0.062445677776922288,5.215011996629465e-05,0.058756339207754679,0.059660527542193434,0.00090418833443875468,0.00034809220593073756,0.00034811508421078545,0.00034809220593073756,0.00013919601165599677,0.0010216643352004213,0.00049229289623638618,0.0010433843460947514,0.062441627751834552,0.058756339207754679,0.059799723553849431,0.0010433843460947514,0,0,0,0,0,1,-1.3405983035515358e-05,0.00040546044623516022,0.015101298080308185,0.0050174583980544824,6.4125254576523301e-05
6,1,2,0.035299330196731683,0.0012460427123378935,1,-1,1,0,3,-1,0,8,0.062488602087357001,0.062495325022157829,6.7229348008276957e-06,0.061437589320709071,0.061575559023529222,0.00013796970282015097,0.00012879869189521328,0.0001314515451059455,0.00016397982426062576,0.00013485243495412955,0.00027160125062918039,0.00018403426785427356,0.00027160125062918039,0.062494996664442949,0.061437589320709071,0.061709190571338252,0.00027160125062918039,0,0,0,0,0,1,-1.2501556981291608e-05,0.00014978019452711725,0.0074438003839586448,0.0030901032905828775,5.0516809056329089e-05
6,1,2,0.035299330196731683,0.0012460427123378935,1,-1,3,1,1,-1,1,2073,0.0011741160773849233,0.062494996664442956,0.061320880587058035,2.1185727149279996e-05,0.061575559023529222,0.061554373296379944,6.2617426865332971e-05,3.99936226432589e-05,6.5021400355874009e-05,6.0611213501468586e-05,0.00012438564953035636,7.4299609685157261e-05,0.00031742126209083343,0.062483334734847733,0.061374249499666439,0.061056828237575606,-0.00031742126209083343,0,0,0,0,0,0.99540148567385922,-0.0050134019242161626,0.0019053401303142064,0.029427907441013999,0,0.015066004279673282
7,2,1,0.035299330196731683,0.0012460427123378935,1,1,1,0,1,-1,1,2283,0.00010673782521681122,0.062498137865537609,0.062391400040320795,1.6795215169008126e-06,0.083388925950633755,0.083387246429116851,-0.0010516443500897829,0.0044871527301201357,0.0011667740423149534,6.5613163409649483e-05,0.0090622464363581505,0.0046087412015104901,0.034494657855936639,0.060993735233924339,0.083388925950633755,0.048894268094697116,-0.034494657855936639,0,0,0,0,0,0.98801307664366145,-2.3141082105977664e-05,0.0019053401303142064,0.025202590066862887,0,0.0018415244346148298
7,2,1,0.035299330196731683,0.0012460427123378935,1,1,3,1,1,-1,1,2073,0.0011741160773849233,0.062494996664442956,0.061320880587058035,2.1185727149279996e-05,0.061575559023529222,0.061554373296379944,6.2617426865332971e-05,3.99936226432589e-05,6.5021400355874009e-05,6.0611213501468586e-05,0.00012438564953035636,7.4299609685157261e-05,0.00031742126209083343,0.062483334734847733,0.061374249499666439,0.061056828237575606,-0.00031742126209083343,0,0,0,0,0,0.99540148567385922,-0.0050134019242161626,0.0019053401303142064,0.040380507263491433,0,0.015066004279673282
7,2,1,0.035299330196731683,0.0012460427123378935,1,-1,1,0,1,-1,1,2170,0.0016582709991118817,0.062394625282437187,0.060736354283325307,3.9938653464256918e-05,0.058627039901145955,0.058587101247681697,0.00022852225082198435,0.00066758635074894699,0.00022852225082198435,6.4372942021793944e-05,0.0016362851376024198,0.00070561601089193129,0.0045653705141195586,0.060669402941066611,0.042961974649766511,0.04752734516388607,0.0045653705141195586,0,0,0,0,0,0.85841805107860158,-1.6645199840641127e-05,0.0019053401303142064,0.01647602180909406,0,0.0010047904628181523
7,2,1,0.035299330196731683,0.0012460427123378935,1,-1,1,0,2,-1,0,29,0.062393527656955994,0.062445677776922288,5.215011996629465e-05,0.058756339207754679,0.059660527542193434,0.00090418833443875468,0.00034809220593073756,0.00034811508421078545,0.00034809220593073756,0.00013919601165599677,0.0010216643352004213,0.00049229289623638618,0.0010433843460947514,0.062441627751834552,0.058756339207754679,0.059799723553849431,0.0010433843460947514,0,0,0,0,0,1,-1.3405983035515358e-05,0.00040546044623516022,0.015101298080308185,0.0050174583980544824,6.4125254576523301e-05
7,2,1,0.035299330196731683,0.0012460427123378935,1,-1,1,0,3,-1,0,8,0.062488602087357001,0.062495325022157829,6.7229348008276957e-06,0.061437589320709071,0.061575559023529222,0.00013796970282015097,0.00012879869189521328,0.0001314515451059455,0.00016397982426062576,0.00013485243495412955,0.00027160125062918039,0.00018403426785427356,0.00027160125062918039,0.062494996664442949,0.061437589320709071,0.061709190571338252,0.00027160125062918039,0,0,0,0,0,1,-1.2501556981291608e-05,0.00014978019452711725,0.0074438003839586448,0.0030901032905828775,5.0516809056329089e-05
7,2,1,0.035299330196731683,0.0012460427123378935,1,-1,3,1,1,-1,1,2073,0.0011741160773849233,0.062494996664442956,0.061320880587058035,2.1185727149279996e-05,0.061575559023529222,0.061554373296379944,6.2617426865332971e-05,3.99936226432589e-05,6.5021400355874009e-05,6.0611213501468586e-05,0.00012438564953035636,7.4299609685157261e-05,0.00031742126209083343,0.062483334734847733,0.061374249499666439,0.061056828237575606,-0.00031742126209083343,0,0,0,0,0,0.99540148567385922,-0.0050134019242161626,0.0019053401303142064,0.029427907441013999,0,0.015066004279673282
8,2,2,0.044650235109178697,0.001993643495304934,1,1,1,0,1,-1,1,2279,0.00042695130086724481,0.062498412340466498,0.062071461039599256,1.7741157593444657e-05,0.083388925950633741,0.083371184793040301,-0.00098748162479063862,0.004428437949925681,0.0011726234519888093,0.00010516213273160241,0.0084634002838383723,0.0045371998672795013,0.034497035015491097,0.06099320000960326,0.083388925950633741,0.048891890935142644,-0.034497035015491097,0,0,0,0,0,0.98473837209302328,-3.0049789585119353e-05,0.001888134496321167,0.024997594304631138,0,0.0018838588326702062
8,2,2,0.044650235109178697,0.001993643495304934,1,1,3,1,1,-1,1,2069,0.0013342228152101402,0.062494996664442949,0.061160773849232811,2.6775907671909825e-05,0.061509400941895907,0.061482625034223998,0.0001023718516981517,5.6993940557023048e-05,0.00010343472898782979,9.749865609156444e-05,0.00019956993020193436,0.00011716785088208216,0.00022739430684923928,0.062447286728685172,0.059706470980653764,0.059933865287503003,0.00022739430684923928,0,0,0,0,0,0.99539823008849559,-0.0050458671447487259,0.001888134496321167,0.040331966884839414,0,0.015178954773163262
8,2,2,0.044650235109178697,0.001993643495304934,1,-1,1,0,1,-1,1,2173,0.0017264218812783098,0.062394218897643981,0.060667797016365668,4.360607381042718e-05,0.058546764891297079,0.058503158817486654,0.00027209292247827105,0.00068018767051877978,0.00027209292247827105,0.00010316612884340992,0.0017520752831083552,0.00073259117220215704,0.0046848361927490229,0.060512716320984296,0.042228152101400934,0.046912988294149957,0.0046848361927490229,0,0,0,0,0,0.79374534623976167,-2.3788178898532225e-05,0.001888134496321167,0.016297652442489104,0,0.0010138308940436721
8,2,2,0.044650235109178697,0.001993643495304934,1,-1,1,0,2,-1,0,27,0.062396531411101602,0.062445304962746639,4.8773551645037161e-05,0.058758227475287139,0.059580474863157477,0.00082224738787033819,0.0003999760815071808,0.00032128798657403722,0.0003999760815071808,0.0002192486906919533,0.0010230971546865634,0.00051303687595984527,0.0010414960785619584,0.062441627751834546,0.058758227475287139,0.059799723553849098,0.0010414960785619584,0,0,0,0,0,1,-2.0758522856354262e-05,0.00038490739115220441,0.01450236615943689,0.0043208290385539335,9.2430314789330745e-05
8,2,2,0.044650235109178697,0.001993643495304934,1,-1,3,1,1,-1,1,2069,0.0013342228152101402,0.062494996664442949,0.061160773849232811,2.6775907671909825e-05,0.061509400941895907,0.061482625034223998,0.0001023718516981517,5.6993940557023048e-05,0.00010343472898782979,9.749865609156444e-05,0.00019956993020193436,0.00011716785088208216,0.00022739430684923928,0.062447286728685172,0.059706470980653764,0.059933865287503003,0.00022739430684923928,0,0,0,0,0,0.99539823008849559,-0.0050458671447487259,0.001888134496321167,0.029307324683718224,0,0.015178954773163262
9,0,3,0.047356267073247985,0.0022426160311127914,1,1,1,0,1,-1,1,2279,0.00021347565043362241,0.062498460552868916,0.062284984902435295,4.6003843012759631e-06,0.083388925950633755,0.083384325566332476,-0.00097155224384529669,0.0044286988365296086,0.0011798896783876659,0.00011806467879994093,0.0083902860438564274,0.0045340144626147298,0.034497802066244573,0.060993027284636736,0.083388925950633755,0.048891123884389182,-0.034497802066244573,0,0,0,0,0,0.98473282442748089,-3.2416262962700418e-05,0.0018824107784136737,0.02493614944153219,0,0.0018979579978891099
9,0,3,0.047356267073247985,0.0022426160311127914,1,1,3,1,1,-1,1,2067,0.0013875917278185455,0.062494996664442956,0.061107404936624407,2.8784123035911697e-05,0.061491591112305129,0.061462806989269217,0.00011558035884492627,6.322432641522428e-05,0.00011631200457093252,0.00010948829105649968,0.00022437870237148534,0.00013174268405259076,0.00025691584417954216,0.062448493340053271,0.059706470980653764,0.059963386824833306,0.00025691584417954216,0,0,0,0,0,0.99574920297555791,-0.0050566839279124563,0.0018824107784136737,0.040322366821997184,0,0.015216597998608253
9,0,3,0.047356267073247985,0.0022426160311127914,1,-1,1,0,1,-1,1,2173,0.0017500559876442573,0.062394085141841971,0.060644029154197712,4.8070729243259778e-05,0.058520395269190145,0.058472324539946885,0.00028383287808066073,0.00067719124995374038,0.00028383287808066073,0.00011608996448831538,0.0017499903649021171,0.00073426772480714446,0.0046823984903286361,0.060512080982522441,0.042228152101400934,0.04691055059172957,0.0046823984903286361,0,0,0,0,0,0.77364110201042446,-2.6176731538955414e-05,0.0018824107784136737,0.01623658552544659,0,0.0010168729135394427
9,0,3,0.047356267073247985,0.0022426160311127914,1,-1,1,0,2,-1,0,25,0.062397531747515916,0.062445182225780389,4.765047826447294e-05,0.058758812059917703,0.059554581771693441,0.0007957697117757373,0.00042644567098042705,0.00031811452251733055,0.00042644567098042705,0.00024514178215599008,0.0010281766034396509,0.00053202702913891114,0.0010409114939317274,0.062441627751834552,0.058758812059917703,0.059799723553849431,0.0010409114939317274,0,0,0,0,0,1,-2.3204222105207097e-05,0.0003779722268089191,0.014194984200148249,0.0040634297090115252,0.00010185927420918254
9,0,3,0.047356267073247985,0.0022426160311127914,1,-1,3,1,1,-1,1,2067,0.0013875917278185455,0.062494996664442956,0.061107404936624407,2.8784123035911697e-05,0.061491591112305129,0.061462806989269217,0.00011558035884492627,6.322432641522428e-05,0.00011631200457093252,0.00010948829105649968,0.00022437870237148534,0.00013174268405259076,0.00025691584417954216,0.062448493340053271,0.059706470980653764,0.059963386824833306,0.00025691584417954216,0,0,0,0,0,0.99574920297555791,-0.0050566839279124563,0.0018824107784136737,0.029276701686325953,0,0.015216597998608253
10,3,0,0.047356267073247985,0.0022426160311127914,1,1,1,0,1,-1,1,2279,0.00021347565043362241,0.062498460552868916,0.062284984902435295,4.6003843012759631e-06,0.083388925950633755,0.083384325566332476,-0.00097155224384529669,0.0044286988365296086,0.0011798896783876659,0.00011806467879994093,0.0083902860438564274,0.0045340144626147298,0.034497802066244573,0.060993027284636736,0.083388925950633755,0.048891123884389182,-0.034497802066244573,0,0,0,0,0,0.98473282442748089,-3.2416262962700418e-05,0.0018824107784136737,0.02493614944153219,0,0.0018979579978891099
10,3,0,0.047356267073247985,0.0022426160311127914,1,1,3,1,1,-1,1,2067,0.0013875917278185455,0.062494996664442956,0.061107404936624407,2.8784123035911697e-05,0.061491591112305129,0.061462806989269217,0.00011558035884492627,6.322432641522428e-05,0.00011631200457093252,0.00010948829105649968,0.00022437870237148534,0.00013174268405259076,0.00025691584417954216,0.062448493340053271,0.059706470980653764,0.059963386824833306,0.00025691584417954216,0,0,0,0,0,0.99574920297555791,-0.0050566839279124563,0.0018824107784136737,0.040322366821997184,0,0.015216597998608253
10,3,0,0.047356267073247985,0.0022426160311127914,1,-1,1,0,1,-1,1,2173,0.0017500559876442573,0.062394085141841971,0.060644029154197712,4.8070729243259778e-05,0.058520395269190145,0.058472324539946885,0.00028383287808066073,0.00067719124995374038,0.00028383287808066073,0.00011608996448831538,0.0017499903649021171,0.00073426772480714446,0.0046823984903286361,0.060512080982522441,0.042228152101400934,0.04691055059172957,0.0046823984903286361,0,0,0,0,0,0.77364110201042446,-2.6176731538955414e-05,0.0018824107784136737,0.01623658552544659,0,0.0010168729135394427
10,3,0,0.047356267073247985,0.0022426160311127914,1,-1,1,0,2,-1,0,25,0.062397531747515916,0.062445182225780389,4.765047826447294e-05,0.058758812059917703,0.059554581771693441,0.0007957697117757373,0.00042644567098042705,0.00031811452251733055,0.00042644567098042705,0.00024514178215599008,0.0010281766034396509,0.00053202702913891114,0.0010409114939317274,0.062441627751834552,0.058758812059917703,0.059799723553849431,0.0010409114939317274,0,0,0,0,0,1,-2.3204222105207097e-05,0.0003779722268089191,0.014194984200148249,0.0040634297090115252,0.00010185927420918254
10,3,0,0.047356267073247985,0.0022426160311127914,1,-1,3,1,1,-1,1,2067,0.0013875917278185455,0.062494996664442956,0.061107404936624407,2.8784123035911697e-05,0.061491591112305129,0.061462806989269217,0.00011558035884492627,6.322432641522428e-05,0.00011631200457093252,0.00010948829105649968,0.00022437870237148534,0.00013174268405259076,0.00025691584417954216,0.062448493340053271,0.059706470980653764,0.059963386824833306,0.00025691584417954216,0,0,0,0,0,0.99574920297555791,-0.0050566839279124563,0.0018824107784136737,0.029276701686325953,0,0.015216597998608253
11,1,3,0.049918303214334298,0.0024918369957982181,1,1,1,0,1,-1,1,2280,0.00026684456304202801,0.062498550686115963,0.062231706123073938,7.4853873252767477e-06,0.083388925950633755,0.083381440563308484,-0.00095943725291533488,0.0044308148039283197,0.0011908575439478061,0.00013095254344347093,0.0083856301127946068,0.0045335019211413235,0.034498557832120302,0.060992857090651074,0.083388925950633755,0.048890368118513453,-0.034498557832120302,0,0,0,0,0,0.98618684114867317,-3.4672820721431811e-05,0.0018766823917626403,0.02486653256125558,0,0.0019120715267896236
11,1,3,0.049918303214334298,0.0024918369957982181,1,1,3,1,1,-1,1,2066,0.0014409606404269513,0.062494996664442956,0.061054036024016003,3.0862832986720952e-05,0.06147411999549228,0.061443257162505559,0.00012885797685607237,6.9637747204187898e-05,0.00012930547632288367,0.00012161601637387769,0.00024944733410363004,0.00014647113720837448,0.00028681586042714896,0.062449701155397982,0.059706470980653764,0.059993286841080913,0.00028681586042714896,0,0,0,0,0,0.99574920297555791,-0.0050675130012511069,0.0018766823917626403,0.04032027833506481,0,0.015254289379731261
11,1,3,0.049918303214334298,0.0024918369957982181,1,-1,1,0,1,-1,1,2172,0.0017743803942368995,0.062393952038478494,0.060619571644241595,4.6971889609428455e-05,0.058494244682871226,0.058447272793261798,0.00029898950127361473,0.00068277916096781167,0.00029898950127361473,0.00012903496573535636,0.0018055585642419983,0.00074537380187645024,0.0046800186426288332,0.060511460618521667,0.042228152101400934,0.046908170744029767,0.0046800186426288332,0,0,0,0,0,0.75751552795031052,-2.8566245248025664e-05,0.0018766823917626403,0.016182381116256622,0,0.0010200102685067288
11,1,3,0.049918303214334298,0.0024918369957982181,1,-1,1,0,2,-1,0,25,0.062398533082082305,0.062445060072166436,4.6526990084130859e-05,0.058759376279372236,0.05952888640287432,0.00076951012350208459,0.00043880852375890013,0.00030663775920779175,0.00043880852375890013,0.00027083715097511035,0.0010271428063028385,0.00053533133281682748,0.001040347274477188,0.062441627751834559,0.058759376279372236,0.059799723553849424,0.001040347274477188,0,0,0,0,0,1,-2.5650905952199209e-05,0.00037098235300122206,0.014027715167988073,0.0037889834314350384,0.00011129892050552813
11,1,3,0.049918303214334298,0.0024918369957982181,1,-1,3,1,1,-1,1,2066,0.0014409606404269513,0.062494996664442956,0.061054036024016003,3.0862832986720952e-05,0.06147411999549228,0.061443257162505559,0.00012885797685607237,6.9637747204187898e-05,0.00012930547632288367,0.00012161601637387769,0.00024944733410363004,0.00014647113720837448,0.00028681586042714896,0.062449701155397982,0.059706470980653764,0.059993286841080913,0.00028681586042714896,0,0,0,0,0,0.99574920297555791,-0.0050675130012511069,0.0018766823917626403,0.029236468899229671,0,0.015254289379731261
12,3,1,0.049918303214334298,0.0024918369957982181,1,1,1,0,1,-1,1,2280,0.00026684456304202801,0.062498550686115963,0.062231706123073938,7.4853873252767477e-06,0.083388925950633755,0.083381440563308484,-0.00095943725291533488,0.0044308148039283197,0.0011908575439478061,0.00013095254344347093,0.0083856301127946068,0.0045335019211413235,0.034498557832120302,0.060992857090651074,0.083388925950633755,0.048890368118513453,-0.034498557832120302,0,0,0,0,0,0.98618684114867317,-3.4672820721431811e-05,0.0018766823917626403,0.02486653256125558,0,0.0019120715267896236
12,3,1,0.049918303214334298,0.0024918369957982181,1,1,3,1,1,-1,1,2066,0.0014409606404269513,0.062494996664442956,0.061054036024016003,3.0862832986720952e-05,0.06147411999549228,0.061443257162505559,0.00012885797685607237,6.9637747204187898e-05,0.00012930547632288367,0.00012161601637387769,0.00024944733410363004,0.00014647113720837448,0.00028681586042714896,0.062449701155397982,0.059706470980653764,0.059993286841080913,0.00028681586042714896,0,0,0,0,0,0.99574920297555791,-0.0050675130012511069,0.0018766823917626403,0.04032027833506481,0,0.015254289379731261
12,3,1,0.049918303214334298,0.0024918369957982181,1,-1,1,0,1,-1,1,2172,0.0017743803942368995,0.062393952038478494,0.060619571644241595,4.6971889609428455e-05,0.058494244682871226,0.058447272793261798,0.00029898950127361473,0.00068277916096781167,0.00029898950127361473,0.00012903496573535636,0.0018055585642419983,0.00074537380187645024,0.0046800186426288332,0.060511460618521667,0.042228152101400934,0.046908170744029767,0.0046800186426288332,0,0,0,0,0,0.75751552795031052,-2.8566245248025664e-05,0.0018766823917626403,0.016182381116256622,0,0.0010200102685067288
12,3,1,0.049918303214334298,0.0024918369957982181,1,-1,1,0,2,-1,0,25,0.062398533082082305,0.062445060072166436,4.6526990084130859e-05,0.058759376279372236,0.05952888640287432,0.00076951012350208459,0.00043880852375890013,0.00030663775920779175,0.00043880852375890013,0.00027083715097511035,0.0010271428063028385,0.00053533133281682748,0.001040347274477188,0.062441627751834559,0.058759376279372236,0.059799723553849424,0.001040347274477188,0,0,0,0,0,1,-2.5650905952199209e-05,0.00037098235300122206,0.014027715167988073,0.0037889834314350384,0.00011129892050552813
12,3,1,0.049918303214334298,0.0024918369957982181,1,-1,3,1,1,-1,1,2066,0.0014409606404269513,0.062494996664442956,0.061054036024016003,3.0862832986720952e-05,0.06147411999549228,0.061443257162505559,0.00012885797685607237,6.9637747204187898e-05,0.00012930547632288367,0.00012161601637387769,0.00024944733410363004,0.00014647113720837448,0.00028681586042714896,0.062449701155397982,0.059706470980653764,0.059993286841080913,0.00028681586042714896,0,0,0,0,0,0.99574920297555791,-0.0050675130012511069,0.0018766823917626403,0.029236468899229671,0,0.015254289379731261
13,2,3,0.056916059058628246,0.0032394377787652584,1,1,1,0,1,-1,1,2275,0.00037358238825883916,0.062498766561310169,0.06212518417305133,9.3263831136582939e-06,0.083388925950633755,0.083379599567520099,-0.00092607673876029921,0.0044446529825484674,0.00122746216295545,0.00017019828425593811,0.0084005084079094745,0.0045401055341643647,0.03450075426087898,0.0609923624107271,0.083388925950633755,0.048888171689754775,-0.03450075426087898,0,0,0,0,0,0.98472727272727267,-4.1434837372746335e-05,0.0018595097928343744,0.024658037189172557,0,0.0019544103629742264
13,2,3,0.056916059058628246,0.0032394377787652584,1,1,3,1,1,-1,1,2062,0.0016010673782521682,0.062494996664442956,0.060893929286190786,3.7541554570869829e-05,0.061430222185360622,0.061392680630789752,0.00016870512275218459,8.9479668705211608e-05,0.00016870512275218459,0.00015883621907566287,0.00032485520504549407,0.00019096604293544991,0.00037873374595984166,0.062453324300419208,0.059706470980653764,0.060085204726613606,0.00037873374595984166,0,0,0,0,0,0.99574618929457637,-0.0051000162624341757,0.0018595097928343744,0.040266141257406754,0,0.015367449340005526
13,2,3,0.056916059058628246,0.0032394377787652584,1,-1,1,0,1,-1,0,19,0.0018508402931673917,0.0025617078052034689,0.00071086751203607718,5.3030325164696417e-05,0.0001029126806594731,4.9882355494776684e-05,3.0688674955304682e-05,1.1076728318520904e-05,3.0688674955304682e-05,2.6889367979222092e-05,5.2383425111418862e-05,3.2626502735577827e-05,6.4150794608418521e-05,0.0025617078052034689,8.0569035120125782e-05,0.0001447198297285443,6.4150794608418521e-05,0,0,0,0,0,0.61290322580645162,-9.0079489720359743e-07,2.6828069879839647e-06,0.00073979896788797035,0,5.8921347963734394e-06
13,2,3,0.056916059058628246,0.0032394377787652584,1,-1,1,0,2,-1,1,2159,0.002707505720700621,0.06239355744335992,0.059686051722659297,9.4365833941461929e-05,0.058417220810729073,0.058322854976787609,0.00034167510428981452,0.00069155917376161969,0.00034167510428981452,0.00016890225682626714,0.0018789148203800599,0.00077135981727421456,0.004801633623719409,0.060348442591352087,0.04149432955303535,0.046295963176754759,0.004801633623719409,0,0,0,0,0,0.71682969651366946,-3.5725648986273909e-05,0.0018595097928343744,0.016144251186588326,0,0.0010294062214671186
13,2,3,0.056916059058628246,0.0032394377787652584,1,-1,1,0,3,-1,0,23,0.062401536836227907,0.062444697846391624,4.3161010163716984e-05,0.058760950720595312,0.059453576868159524,0.00069262614756421259,0.00048948531096981295,0.00028145732969199223,0.00048948531096981295,0.0003461466856899062,0.0010314664090202929,0.00056463625290319544,0.0010387728332541188,0.062441627751834552,0.058760950720595312,0.059799723553849431,0.0010387728332541188,0,0,0,0,0,1,-3.2981605570970473e-05,0.00034971054187705151,0.013334329343393394,0.0028162244701817117,0.00013962316105174585
13,2,3,0.056916059058628246,0.0032394377787652584,1,-1,3,1,1,-1,1,2062,0.0016010673782521682,0.062494996664442956,0.060893929286190786,3.7541554570869829e-05,0.061430222185360622,0.061392680630789752,0.00016870512275218459,8.9479668705211608e-05,0.00016870512275218459,0.00015883621907566287,0.00032485520504549407,0.00019096604293544991,0.00037873374595984166,0.062453324300419208,0.059706470980653764,0.060085204726613606,0.00037873374595984166,0,0,0,0,0,0.99574618929457637,-0.0051000162624341757,0.0018595097928343744,0.02911021994320772,0,0.015367449340005526
14,3,2,0.056916059058628246,0.0032394377787652584,1,1,1,0,1,-1,1,2275,0.00037358238825883916,0.062498766561310169,0.06212518417305133,9.3263831136582939e-06,0.083388925950633755,0.083379599567520099,-0.00092607673876029921,0.0044446529825484674,0.00122746216295545,0.00017019828425593811,0.0084005084079094745,0.0045401055341643647,0.03450075426087898,0.0609923624107271,0.083388925950633755,0.048888171689754775,-0.03450075426087898,0,0,0,0,0,0.98472727272727267,-4.1434837372746335e-05,0.0018595097928343744,0.024658037189172557,0,0.0019544103629742264
14,3,2,0.056916059058628246,0.0032394377787652584,1,1,3,1,1,-1,1,2062,0.0016010673782521682,0.062494996664442956,0.060893929286190786,3.7541554570869829e-05,0.061430222185360622,0.061392680630789752,0.00016870512275218459,8.9479668705211608e-05,0.00016870512275218459,0.00015883621907566287,0.00032485520504549407,0.00019096604293544991,0.00037873374595984166,0.062453324300419208,0.059706470980653764,0.060085204726613606,0.00037873374595984166,0,0,0,0,0,0.99574618929457637,-0.0051000162624341757,0.0018595097928343744,0.040266141257406754,0,0.015367449340005526
14,3,2,0.056916059058628246,0.0032394377787652584,1,-1,1,0,1,-1,0,19,0.0018508402931673917,0.0025617078052034689,0.00071086751203607718,5.3030325164696417e-05,0.0001029126806594731,4.9882355494776684e-05,3.0688674955304682e-05,1.1076728318520904e-05,3.0688674955304682e-05,2.6889367979222092e-05,5.2383425111418862e-05,3.2626502735577827e-05,6.4150794608418521e-05,0.0025617078052034689,8.0569035120125782e-05,0.0001447198297285443,6.4150794608418521e-05,0,0,0,0,0,0.61290322580645162,-9.0079489720359743e-07,2.6828069879839647e-06,0.00073979896788797035,0,5.8921347963734394e-06
14,3,2,0.056916059058628246,0.0032394377787652584,1,-1,1,0,2,-1,1,2159,0.002707505720700621,0.06239355744335992,0.059686051722659297,9.4365833941461929e-05,0.058417220810729073,0.058322854976787609,0.00034167510428981452,0.00069155917376161969,0.00034167510428981452,0.00016890225682626714,0.0018789148203800599,0.00077135981727421456,0.004801633623719409,0.060348442591352087,0.04149432955303535,0.046295963176754759,0.004801633623719409,0,0,0,0,0,0.71682969651366946,-3.5725648986273909e-05,0.0018595097928343744,0.016144251186588326,0,0.0010294062214671186
14,3,2,0.056916059058628246,0.0032394377787652584,1,-1,1,0,3,-1,0,23,0.062401536836227907,0.062444697846391624,4.3161010163716984e-05,0.058760950720595312,0.059453576868159524,0.00069262614756421259,0.00048948531096981295,0.00028145732969199223,0.00048948531096981295,0.0003461466856899062,0.0010314664090202929,0.00056463625290319544,0.0010387728332541188,0.062441627751834552,0.058760950720595312,0.059799723553849431,0.0010387728332541188,0,0,0,0,0,1,-3.2981605570970473e-05,0.00034971054187705151,0.013334329343393394,0.0028162244701817117,0.00013962316105174585
14,3,2,0.056916059058628246,0.0032394377787652584,1,-1,3,1,1,-1,1,2062,0.0016010673782521682,0.062494996664442956,0.060893929286190786,3.7541554570869829e-05,0.061430222185360622,0.061392680630789752,0.00016870512275218459,8.9479668705211608e-05,0.00016870512275218459,0.00015883621907566287,0.00032485520504549407,0.00019096604293544991,0.00037873374595984166,0.062453324300419208,0.059706470980653764,0.060085204726613606,0.00037873374595984166,0,0,0,0,0,0.99574618929457637,-0.0051000162624341757,0.0018595097928343744,0.02911021994320772,0,0.015367449340005526
15,0,4,0.063137099529621057,0.0039862933370132759,1,1,1,0,1,-1,1,2264,0.00048032021347565041,0.062498901534158463,0.06201858132068281,1.0349528574844913e-05,0.083388925950633755,0.083378576422058912,-0.00088937191469532243,0.0044590581389081178,0.0012610867040868388,0.00020871882769962595,0.0083650912447204365,0.004546887054767421,0.034502846160376743,0.060991891193737768,0.083388925950633755,0.048886079790257012,-0.034502846160376743,0,0,0,0,0,0.97999272462713716,-4.8548561680408256e-05,0.0018423704382289623,0.02444317512774824,0,0.001996709643338829
15,0,4,0.063137099529621057,0.0039862933370132759,1,1,3,1,1,-1,1,2058,0.0017611741160773848,0.062492666050530839,0.060731491934453451,4.491550607821773e-05,0.061374249499666432,0.061329333993588211,0.00020861851670525851,0.00010980375388377617,0.00020861851670525851,0.0001966096974715132,0.00039906040561570803,0.00023575103367593346,0.00047420279971027018,0.062456943833810674,0.059706470980653764,0.060180673780364034,0.00047420279971027018,0,0,0,0,0,0.99574317133735368,-0.0051325096229139083,0.0018423704382289623,0.040205542099241605,0,0.015480621035125187
15,0,4,0.063137099529621057,0.0039862933370132759,1,-1,1,0,1,-1,0,14,0.0019325403415727947,0.0024549699799866578,0.00052242963841386304,5.7842879750010606e-05,9.2434191506085664e-05,3.4591311756075058e-05,3.5549336697151674e-05,9.2608518843620592e-06,3.5549336697151674e-05,3.3169840912644958e-05,5.2164265775700971e-05,3.6735796129001299e-05,6.3403348094531257e-05,0.0024549699799866578,7.2025149106776584e-05,0.00013542849720130784,6.3403348094531257e-05,0,0,0,0,0,0.60869565217391308,-8.3311617577827445e-07,1.8795974840812742e-06,0.00062043818652462285,0,4.7240084632409689e-06
15,0,4,0.063137099529621057,0.0039862933370132759,1,-1,1,0,2,-1,1,2156,0.0027789676139650353,0.062393170178065553,0.059614202564100521,0.00010142420916476406,0.058342219942199625,0.05824079573303486,0.00037838429711867363,0.00068627614981652571,0.00037838429711867363,0.00020800692912776794,0.0018743044717570191,0.0007836769934820003,0.0047965185025749119,0.060347051645864319,0.041494329553035357,0.046290848055610269,0.0047965185025749119,0,0,0,0,0,0.67972871137905044,-4.2653760935807793e-05,0.0018423704382289623,0.015982214885988843,0,0.0010387884599460855
15,0,4,0.063137099529621057,0.0039862933370132759,1,-1,1,0,3,-1,0,21,0.06240453759616605,0.062444342211071362,3.9804614905311619e-05,0.058762363002250143,0.059381213992130741,0.00061885098988059828,0.00053941457027319368,0.00025733449860130902,0.00053941457027319368,0.00041850956171868986,0.0010373605515992881,0.00059765301203407433,0.0010373605515992881,0.062441627751834552,0.058762363002250143,0.059799723553849431,0.0010373605515992881,0,0,0,0,0,1,-4.0291894648626223e-05,0.00032796441584226268,0.012550885584017391,0.0012631385261647114,0.00016793058946639605
15,0,4,0.063137099529621057,0.0039862933370132759,1,-1,3,1,1,-1,1,2058,0.0017611741160773848,0.062492666050530839,0.060731491934453451,4.491550607821773e-05,0.061374249499666432,0.061329333993588211,0.00020861851670525851,0.00010980375388377617,0.00020861851670525851,0.0001966096974715132,0.00039906040561570803,0.00023575103367593346,0.00047420279971027018,0.062456943833810674,0.059706470980653764,0.060180673780364034,0.00047420279971027018,0,0,0,0,0,0.99538843561546653,-0.0051325096229139083,0.0018423704382289623,0.028977907247371908,0,0.015480621035125187
16,4,0,0.063137099529621057,0.0039862933370132759,1,1,1,0,1,-1,1,2264,0.00048032021347565041,0.062498901534158463,0.06201858132068281,1.0349528574844913e-05,0.083388925950633755,0.083378576422058912,-0.00088937191469532243,0.0044590581389081178,0.0012610867040868388,0.00020871882769962595,0.0083650912447204365,0.004546887054767421,0.034502846160376743,0.060991891193737768,0.083388925950633755,0.048886079790257012,-0.034502846160376743,0,0,0,0,0,0.97999272462713716,-4.8548561680408256e-05,0.0018423704382289623,0.02444317512774824,0,0.001996709643338829
16,4,0,0.063137099529621057,0.0039862933370132759,1,1,3,1,1,-1,1,2058,0.0017611741160773848,0.062492666050530839,0.060731491934453451,4.491550607821773e-05,0.061374249499666432,0.061329333993588211,0.00020861851670525851,0.00010980375388377617,0.00020861851670525851,0.0001966096974715132,0.00039906040561570803,0.00023575103367593346,0.00047420279971027018,0.062456943833810674,0.059706470980653764,0.060180673780364034,0.00047420279971027018,0,0,0,0,0,0.99574317133735368,-0.0051325096229139083,0.0018423704382289623,0.040205542099241605,0,0.015480621035125187
16,4,0,0.063137099529621057,0.0039862933370132759,1,-1,1,0,1,-1,0,14,0.0019325403415727947,0.0024549699799866578,0.00052242963841386304,5.7842879750010606e-05,9.2434191506085664e-05,3.4591311756075058e-05,3.5549336697151674e-05,9.2608518843620592e-06,3.5549336697151674e-05,3.3169840912644958e-05,5.2164265775700971e-05,3.6735796129001299e-05,6.3403348094531257e-05,0.0024549699799866578,7.2025149106776584e-05,0.00013542849720130784,6.3403348094531257e-05,0,0,0,0,0,0.60869565217391308,-8.3311617577827445e-07,1.8795974840812742e-06,0.00062043818652462285,0,4.7240084632409689e-06
16,4,0,0.063137099529621057,0.0039862933370132759,1,-1,1,0,2,-1,1,2156,0.0027789676139650353,0.062393170178065553,0.059614202564100521,0.00010142420916476406,0.058342219942199625,0.05824079573303486,0.00037838429711867363,0.00068627614981652571,0.00037838429711867363,0.00020800692912776794,0.0018743044717570191,0.0007836769934820003,0.0047965185025749119,0.060347051645864319,0.041494329553035357,0.046290848055610269,0.0047965185025749119,0,0,0,0,0,0.67972871137905044,-4.2653760935807793e-05,0.0018423704382289623,0.015982214885988843,0,0.0010387884599460855
16,4,0,0.063137099529621057,0.0039862933370132759,1,-1,1,0,3,-1,0,21,0.06240453759616605,0.062444342211071362,3.9804614905311619e-05,0.058762363002250143,0.059381213992130741,0.00061885098988059828,0.00053941457027319368,0.00025733449860130902,0.00053941457027319368,0.00041850956171868986,0.0010373605515992881,0.00059765301203407433,0.0010373605515992881,0.062441627751834552,0.058762363002250143,0.059799723553849431,0.0010373605515992881,0,0,0,0,0,1,-4.0291894648626223e-05,0.00032796441584226268,0.012550885584017391,0.0012631385261647114,0.00016793058946639605
16,4,0,0.063137099529621057,0.0039862933370132759,1,-1,3,1,1,-1,1,2058,0.0017611741160773848,0.062492666050530839,0.060731491934453451,4.491550607821773e-05,0.061374249499666432,0.061329333993588211,0.00020861851670525851,0.00010980375388377617,0.00020861851670525851,0.0001966096974715132,0.00039906040561570803,0.00023575103367593346,0.00047420279971027018,0.062456943833810674,0.059706470980653764,0.060180673780364034,0.00047420279971027018,0,0,0,0,0,0.99538843561546653,-0.0051325096229139083,0.0018423704382289623,0.028977907247371908,0,0.015480621035125187
17,1,4,0.065080828987488334,0.0042355143016987026,1,1,1,0,1,-1,1,2261,0.00053368912608405602,0.062498988804615213,0.061965299678531156,1.1246695166845185e-05,0.083388925950633755,0.083377679255466908,-0.00088090737130939946,0.0044649747081139928,0.0012757864098788955,0.00022195185316376334,0.008374885576577687,0.0045510435002233144,0.03450352224412849,0.060991738883985548,0.083388925950633755,0.048885403706505265,-0.03450352224412849,0,0,0,0,0,0.97852983988355169,-5.0828730721048681e-05,0.0018366543141551818,0.024378958292567896,0,0.0020108252372337439
17,1,4,0.065080828987488334,0.0042355143016987026,1,1,3,1,1,-1,1,2057,0.0018145430286857903,0.062493514717245992,0.0606789716885602,4.7529184529117327e-05,0.061374249499666446,0.061326720315137327,0.0002220003248622406,0.000116684708049197,0.0002220003248622406,0.00020968074265779665,0.00042346403854997134,0.000250797658145898,0.0005069488913065634,0.062458151649155386,0.059706470980653764,0.060213419871960328,0.0005069488913065634,0,0,0,0,0,0.9957401490947817,-0.0051433574077139948,0.0018366543141551818,0.04018936569632104,0,0.015518413252196503
17,1,4,0.065080828987488334,0.0042355143016987026,1,-1,1,0,1,-1,0,14,0.001961102469179671,0.002401601067378252,0.00044049859819858105,5.670355931651803e-05,9.0433420579160182e-05,3.3729861262642152e-05,3.5520897434975134e-05,7.0247475924570443e-06,3.5520897434975134e-05,3.3347926012374769e-05,5.0124837277291251e-05,3.6208855730660068e-05,5.3972592450148609e-05,0.002401601067378252,7.6896886104119256e-05,0.00013086947855426787,5.3972592450148609e-05,0,0,0,0,0,0.66666666666666663,-8.269479839109173e-07,1.6851208635892992e-06,0.00064481299277735786,0,4.5004416920859427e-06
17,1,4,0.065080828987488334,0.0042355143016987026,1,-1,1,0,2,-1,1,2156,0.0028037258908725727,0.06239304247569346,0.059589316584820889,0.00010423119323445549,0.058317544934489998,0.058213313741255546,0.00039016172225659577,0.00068382130756376995,0.00039016172225659577,0.0002210470046792451,0.0018724771447077276,0.00078729775192899981,0.0047948705920585269,0.060346603430253373,0.041494329553035357,0.046289200145093884,0.0047948705920585269,0,0,0,0,0,0.66641547349912078,-4.4996792928882372e-05,0.0018366543141551818,0.015924771090993897,0,0.0010420707585506481
17,1,4,0.065080828987488334,0.0042355143016987026,1,-1,1,0,3,-1,0,19,0.062405538930732446,0.062444224907898173,3.8685977165726915e-05,0.058762802107077274,0.059357841444657375,0.00059503933758010136,0.00056397603390972626,0.00025621239961574367,0.00056397603390972626,0.00044188210919205578,0.0010369214467721571,0.00061944633386710937,0.0010369214467721571,0.062441627751834552,0.058762802107077274,0.059799723553849431,0.0010369214467721571,0,0,0,0,0,0.95238095238095233,-4.2728375230799287e-05,0.00032058753732639448,0.012092547529913001,0,0.00017737912976707935
17,1,4,0.065080828987488334,0.0042355143016987026,1,-1,3,1,1,-1,1,2057,0.0018145430286857903,0.062493514717245992,0.0606789716885602,4.7529184529117327e-05,0.061374249499666446,0.061326720315137327,0.0002220003248622406,0.000116684708049197,0.0002220003248622406,0.00020968074265779665,0.00042346403854997134,0.000250797658145898,0.0005069488913065634,0.062458151649155386,0.059706470980653764,0.060213419871960328,0.0005069488913065634,0,0,0,0,0,0.9957401490947817,-0.0051433574077139948,0.0018366543141551818,0.028941005730350682,0,0.015518413252196503
18,4,1,0.065080828987488334,0.0042355143016987026,1,1,1,0,1,-1,1,2261,0.00053368912608405602,0.062498988804615213,0.061965299678531156,1.1246695166845185e-05,0.083388925950633755,0.083377679255466908,-0.00088090737130939946,0.0044649747081139928,0.0012757864098788955,0.00022195185316376334,0.008374885576577687,0.0045510435002233144,0.03450352224412849,0.060991738883985548,0.083388925950633755,0.048885403706505265,-0.03450352224412849,0,0,0,0,0,0.97852983988355169,-5.0828730721048681e-05,0.0018366543141551818,0.024378958292567896,0,0.0020108252372337439
18,4,1,0.065080828987488334,0.0042355143016987026,1,1,3,1,1,-1,1,2057,0.0018145430286857903,0.062493514717245992,0.0606789716885602,4.7529184529117327e-05,0.061374249499666446,0.061326720315137327,0.0002220003248622406,0.000116684708049197,0.0002220003248622406,0.00020968074265779665,0.00042346403854997134,0.000250797658145898,0.0005069488913065634,0.062458151649155386,0.059706470980653764,0.060213419871960328,0.0005069488913065634,0,0,0,0,0,0.9957401490947817,-0.0051433574077139948,0.0018366543141551818,0.04018936569632104,0,0.015518413252196503
18,4,1,0.065080828987488334,0.0042355143016987026,1,-1,1,0,1,-1,0,14,0.001961102469179671,0.002401601067378252,0.00044049859819858105,5.670355931651803e-05,9.0433420579160182e-05,3.3729861262642152e-05,3.5520897434975134e-05,7.0247475924570443e-06,3.5520897434975134e-05,3.3347926012374769e-05,5.0124837277291251e-05,3.6208855730660068e-05,5.3972592450148609e-05,0.002401601067378252,7.6896886104119256e-05,0.00013086947855426787,5.3972592450148609e-05,0,0,0,0,0,0.66666666666666663,-8.269479839109173e-07,1.6851208635892992e-06,0.00064481299277735786,0,4.5004416920859427e-06
18,4,1,0.065080828987488334,0.0042355143016987026,1,-1,1,0,2,-1,1,2156,0.0028037258908725727,0.06239304247569346,0.059589316584820889,0.00010423119323445549,0.058317544934489998,0.058213313741255546,0.00039016172225659577,0.00068382130756376995,0.00039016172225659577,0.0002210470046792451,0.0018724771447077276,0.00078729775192899981,0.0047948705920585269,0.060346603430253373,0.041494329553035357,0.046289200145093884,0.0047948705920585269,0,0,0,0,0,0.66641547349912078,-4.4996792928882372e-05,0.0018366543141551818,0.015924771090993897,0,0.0010420707585506481
18,4,1,0.065080828987488334,0.0042355143016987026,1,-1,1,0,3,-1,0,19,0.062405538930732446,0.062444224907898173,3.8685977165726915e-05,0.058762802107077274,0.059357841444657375,0.00059503933758010136,0.00056397603390972626,0.00025621239961574367,0.00056397603390972626,0.00044188210919205578,0.0010369214467721571,0.00061944633386710937,0.0010369214467721571,0.062441627751834552,0.058762802107077274,0.059799723553849431,0.0010369214467721571,0,0,0,0,0,0.95238095238095233,-4.2728375230799287e-05,0.00032058753732639448,0.012092547529913001,0,0.00017737912976707935
18,4,1,0.065080828987488334,0.0042355143016987026,1,-1,3,1,1,-1,1,2057,0.0018145430286857903,0.062493514717245992,0.0606789716885602,4.7529184529117327e-05,0.061374249499666446,0.061326720315137327,0.0002220003248622406,0.000116684708049197,0.0002220003248622406,0.00020968074265779665,0.00042346403854997134,0.000250797658145898,0.0005069488913065634,0.062458151649155386,0.059706470980653764,0.060213419871960328,0.0005069488913065634,0,0,0,0,0,0.9957401490947817,-0.0051433574077139948,0.0018366543141551818,0.028941005730350682,0,0.015518413252196503
19,3,3,0.066971875158349736,0.0044852320622255828,1,1,1,0,1,-1,1,2255,0.00064042695130086722,0.062499000105786962,0.061858573154486098,1.3377278665483734e-05,0.083388925950633741,0.083375548671968253,-0.00085472048350035412,0.0044356586415429545,0.0012738348886797493,0.00023471106968630737,0.0082515884306977299,0.0045172574300353721,0.03450418893386259,0.060991588682640346,0.083388925950633741,0.048884737016771151,-0.03450418893386259,0,0,0,0,0,0.97525473071324598,-5.299341682176709e-05,0.0018309292320258586,0.024311200241289729,0,0.0020249692682986586
19,3,3,0.066971875158349736,0.0044852320622255828,1,1,3,1,1,-1,1,2055,0.0018679119412941961,0.062493390533166451,0.060625478591872256,5.0217490192019385e-05,0.061307538358905941,0.061257320868713924,0.00023539844828390706,0.00012363243358831403,0.00023539844828390706,0.00022204344533337944,0.00044866255799339005,0.00026588984202003681,0.00054023846872353065,0.062459361872153243,0.059706470980653764,0.060246709449377295,0.00054023846872353065,0,0,0,0,0,0.9957401490947817,-0.0051542282877455655,0.0018309292320258586,0.040177442191836374,0,0.015556291323667646
19,3,3,0.066971875158349736,0.0044852320622255828,1,-1,1,0,1,-1,0,11,0.0019903351693699675,0.0023482321547698467,0.00035789698539987922,5.9303711902696615e-05,8.842866132533991e-05,2.9124949422643295e-05,3.6196060938354552e-05,3.6696846479036415e-06,3.6196060938354552e-05,3.6514484512978278e-05,4.169647363573205e-05,3.6381608167701105e-05,4.5452816521112555e-05,0.0020813875917278183,5.9303711902696615e-05,0.00010475652842380917,4.5452816521112555e-05,0,0,0,0,0,0.57894736842105265,-8.1535429509191998e-07,1.4931650691433288e-06,0.0005480633844646924,0,4.2682723221453683e-06
19,3,3,0.066971875158349736,0.0044852320622255828,1,-1,1,0,2,-1,1,2157,0.0028285335208071511,0.062392915278194377,0.059564381757387229,0.00010512189253765125,0.05829313839853071,0.058188016505993055,0.00040566328452547876,0.00069338272928244897,0.00040566328452547876,0.00023397085697150766,0.0019320537871344327,0.0008033320046401597,0.0050045583698929766,0.060029037706697604,0.040160106737825219,0.045164665107718195,0.0050045583698929766,0,0,0,0,0,0.65317919075144504,-4.7374826406415153e-05,0.0018309292320258586,0.015867260552281586,0,0.0010453575531121978
19,3,3,0.066971875158349736,0.0044852320622255828,1,-1,1,0,3,-1,0,19,0.062406542261354211,0.062444108052916759,3.7565791562547968e-05,0.058763227165323097,0.059334745685913404,0.000571518520590307,0.00057624105647756786,0.00024509641037969679,0.00057624105647756786,0.00046497786793602697,0.001036496388526334,0.00062619965310705523,0.001036496388526334,0.062441627751834552,0.058763227165323097,0.059799723553849431,0.001036496388526334,0,0,0,0,0,0.95238095238095233,-4.5168248035297107e-05,0.00031313144125029668,0.011892849828930274,0,0.00018684777154032289
19,3,3,0.066971875158349736,0.0044852320622255828,1,-1,3,1,1,-1,1,2055,0.0018679119412941961,0.062493390533166451,0.060625478591872256,5.0217490192019385e-05,0.061307538358905941,0.061257320868713924,0.00023539844828390706,0.00012363243358831403,0.00023539844828390706,0.00022204344533337944,0.00044866255799339005,0.00026588984202003681,0.00054023846872353065,0.062459361872153243,0.059706470980653764,0.060246709449377295,0.00054023846872353065,0,0,0,0,0,0.9957401490947817,-0.0051542282877455655,0.0018309292320258586,0.028891059008117847,0,0.015556291323667646
20,2,4,0.070591182768570626,0.0049831150846657429,1,1,1,0,1,-1,1,2248,0.00133422281521014,0.062499089908050448,0.06116486709284031,3.2297135776371218e-05,0.083388925950633755,0.083356628814857378,-0.00082735659671442311,0.0044382752928023243,0.0012938857278292214,0.00026082964880500166,0.0082028758756637361,0.0045147321640188606,0.034505486757696421,0.060991296267930463,0.083388925950633755,0.048883439192937334,-0.034505486757696421,0,0,0,0,0,0.97196942118674923,-5.736387655738672e-05,0.0018195218627001279,0.024169633819428171,0,0.0020531702969417073
20,2,4,0.070591182768570626,0.0049831150846657429,1,1,3,1,1,-1,1,2047,0.0019746497665110072,0.062488970867437557,0.060514321100926548,5.5872814649912331e-05,0.060907271514342894,0.060851398699692978,0.00026177821695476313,0.00013754952117692927,0.00026177821695476313,0.00024636236451080346,0.00049810078988026245,0.0002957155823557791,0.00060812646864944614,0.062461774794176611,0.059706470980653764,0.06031459744930321,0.00060812646864944614,0,0,0,0,0,0.99502664298401422,-0.0051759127269015021,0.0018195218627001279,0.040110326111731036,0,0.015631862463512704
20,2,4,0.070591182768570626,0.0049831150846657429,1,-1,1,0,1,-1,0,10,0.0020505453199577096,0.0023482321547698467,0.00029768683481213708,6.0639240373484782e-05,8.0805959750134749e-05,2.0166719376649968e-05,4.1752247755973556e-05,6.3386856880761471e-06,4.1752247755973556e-05,4.0307198750016355e-05,5.3651869921045245e-05,4.2230665741004134e-05,5.8014892914012129e-05,0.0023482321547698467,6.8353899161679332e-05,0.00012636879207569146,5.8014892914012129e-05,0,0,0,0,0,0.66666666666666663,-6.008182901747035e-07,1.007035183629904e-06,0.0004790776484853409,0,2.9143063480383705e-06
20,2,4,0.070591182768570626,0.0049831150846657429,1,-1,1,0,2,-1,1,2159,0.0028795536949334077,0.062392663927537159,0.05951311023260375,0.00010997409243314632,0.058245075123981596,0.058135101031548453,0.00043570706949317735,0.00070410142872679782,0.00043570706949317735,0.00026071251678516996,0.0019965804505058427,0.0008280093431486448,0.0050013087789089056,0.060028085943804523,0.040160106737825219,0.045161415516734124,0.0050013087789089056,0,0,0,0,0,0.63188332914256973,-5.2111851597888591e-05,0.0018195218627001279,0.015769166978509122,0,0.0010322341737577468
20,2,4,0.070591182768570626,0.0049831150846657429,1,-1,1,0,3,-1,0,17,0.062408542684878041,0.06244387709332009,3.5334408442048992e-05,0.058764032824520557,0.059289456285161649,0.0005254234606410918,0.00061228742841756552,0.00023394453761142053,0.00061228742841756552,0.00051026726868778211,0.001035690729328867,0.00065545857357762641,0.001035690729328867,0.062441627751834559,0.058764032824520557,0.059799723553849424,0.001035690729328867,0,0,0,0,0,0.94736842105263153,-5.0028447335889538e-05,0.00029806181911964312,0.011204928240757021,0,0.00020572996448487471
20,2,4,0.070591182768570626,0.0049831150846657429,1,-1,3,1,1,-1,1,2047,0.0019746497665110072,0.062488970867437557,0.060514321100926548,5.5872814649912331e-05,0.060907271514342894,0.060851398699692978,0.00026177821695476313,0.00013754952117692927,0.00026177821695476313,0.00024636236451080346,0.00049810078988026245,0.0002957155823557791,0.00060812646864944614,0.062461774794176611,0.059706470980653764,0.06031459744930321,0.00060812646864944614,0,0,0,0,0,0.99502664298401422,-0.0051759127269015021,0.0018195218627001279,0.028789151029213537,0,0.015631862463512704
21,4,2,0.070591182768570626,0.0049831150846657429,1,1,1,0,1,-1,1,2248,0.00133422281521014,0.062499089908050448,0.06116486709284031,3.2297135776371218e-05,0.083388925950633755,0.083356628814857378,-0.00082735659671442311,0.0044382752928023243,0.0012938857278292214,0.00026082964880500166,0.0082028758756637361,0.0045147321640188606,0.034505486757696421,0.060991296267930463,0.083388925950633755,0.048883439192937334,-0.034505486757696421,0,0,0,0,0,0.97196942118674923,-5.736387655738672e-05,0.0018195218627001279,0.024169633819428171,0,0.0020531702969417073
21,4,2,0.070591182768570626,0.0049831150846657429,1,1,3,1,1,-1,1,2047,0.0019746497665110072,0.062488970867437557,0.060514321100926548,5.5872814649912331e-05,0.060907271514342894,0.060851398699692978,0.00026177821695476313,0.00013754952117692927,0.00026177821695476313,0.00024636236451080346,0.00049810078988026245,0.0002957155823557791,0.00060812646864944614,0.062461774794176611,0.059706470980653764,0.06031459744930321,0.00060812646864944614,0,0,0,0,0,0.99502664298401422,-0.0051759127269015021,0.0018195218627001279,0.040110326111731036,0,0.015631862463512704
21,4,2,0.070591182768570626,0.0049831150846657429,1,-1,1,0,1,-1,0,10,0.0020505453199577096,0.0023482321547698467,0.00029768683481213708,6.0639240373484782e-05,8.0805959750134749e-05,2.0166719376649968e-05,4.1752247755973556e-05,6.3386856880761471e-06,4.1752247755973556e-05,4.0307198750016355e-05,5.3651869921045245e-05,4.2230665741004134e-05,5.8014892914012129e-05,0.0023482321547698467,6.8353899161679332e-05,0.00012636879207569146,5.8014892914012129e-05,0,0,0,0,0,0.66666666666666663,-6.008182901747035e-07,1.007035183629904e-06,0.0004790776484853409,0,2.9143063480383705e-06
21,4,2,0.070591182768570626,0.0049831150846657429,1,-1,1,0,2,-1,1,2159,0.0028795536949334077,0.062392663927537159,0.05951311023260375,0.00010997409243314632,0.058245075123981596,0.058135101031548453,0.00043570706949317735,0.00070410142872679782,0.00043570706949317735,0.00026071251678516996,0.0019965804505058427,0.0008280093431486448,0.0050013087789089056,0.060028085943804523,0.040160106737825219,0.045161415516734124,0.0050013087789089056,0,0,0,0,0,0.63188332914256973,-5.2111851597888591e-05,0.0018195218627001279,0.015769166978509122,0,0.0010322341737577468
21,4,2,0.070591182768570626,0.0049831150846657429,1,-1,1,0,3,-1,0,17,0.062408542684878041,0.06244387709332009,3.5334408442048992e-05,0.058764032824520557,0.059289456285161649,0.0005254234606410918,0.00061228742841756552,0.00023394453761142053,0.00061228742841756552,0.00051026726868778211,0.001035690729328867,0.00065545857357762641,0.001035690729328867,0.062441627751834559,0.058764032824520557,0.059799723553849424,0.001035690729328867,0,0,0,0,0,0.94736842105263153,-5.0028447335889538e-05,0.00029806181911964312,0.011204928240757021,0,0.00020572996448487471
21,4,2,0.070591182768570626,0.0049831150846657429,1,-1,3,1,1,-1,1,2047,0.0019746497665110072,0.062488970867437557,0.060514321100926548,5.5872814649912331e-05,0.060907271514342894,0.060851398699692978,0.00026177821695476313,0.00013754952117692927,0.00026177821695476313,0.00024636236451080346,0.00049810078988026245,0.0002957155823557791,0.00060812646864944614,0.062461774794176611,0.059706470980653764,0.06031459744930321,0.00060812646864944614,0,0,0,0,0,0.99502664298401422,-0.0051759127269015021,0.0018195218627001279,0.028789151029213537,0,0.015631862463512704
22,0,5,0.078913998152505507,0.0062274191044136423,1,1,1,0,1,-1,1,2218,0.0017078052034689793,0.062468033993934628,0.060760228790465651,4.6344264241325803e-05,0.083388925950633755,0.083342581686392428,-0.0007313859124560057,0.0043764086046840954,0.0013200821431297032,0.00032590825247712923,0.0079449170093940646,0.004437102390985821,0.034508555151608625,0.060990604805092975,0.083388925950633755,0.04888037079902513,-0.034508555151608625,0,0,0,0,0,0.95956284153005467,-6.9091410845493985e-05,0.0017910530551286628,0.023804775937091283,0,0.0021236553459020669
22,0,5,0.078913998152505507,0.0062274191044136423,1,1,3,1,1,-1,1,2022,0.0022122133531484048,0.062463086173691298,0.060250872820542895,6.6711140760507002e-05,0.059573048699132755,0.059506337558372251,0.0003244129764482005,0.00016812334825432599,0.0003244129764482005,0.00030624736364537851,0.0006139907533311232,0.00036538916173885905,0.00077934622555441563,0.062463086173691298,0.059573048699132755,0.060352394924687171,0.00077934622555441563,0,0,0,0,0,0.99573105656350058,-0.005230149121430187,0.0017910530551286628,0.040054011584372849,0,0.015820968157017362
22,0,5,0.078913998152505507,0.0062274191044136423,1,-1,1,0,1,-1,1,2133,0.0030137166582225685,0.062340314229615147,0.059326597571392581,0.00011648881534503095,0.057320806046398318,0.057204317231053285,0.00048909645253578007,0.00069632832967918756,0.00048909645253578007,0.00032140959915322523,0.0019907903214229001,0.00085093388849950737,0.0049937106738217538,0.060025859786045882,0.040160106737825219,0.045153817411646972,0.0049937106738217538,0,0,0,0,0,0.5957878710987059,-6.3965001086820726e-05,0.0017910530551286628,0.015552920862927018,0,0.00097965501395285608
22,0,5,0.078913998152505507,0.0062274191044136423,1,-1,1,0,2,-1,0,25,0.062337194694987337,0.062392048699036501,5.4854004049163796e-05,0.057360118115399414,0.058129268290791257,0.00076915017539184311,0.00082071468269459991,0.00028749099198500954,0.00082071468269459991,0.00063585771070509556,0.0013887912343891985,0.00086961121247545016,0.0014050078860969387,0.062388258839226149,0.057360118115399414,0.058765126001496353,0.0014050078860969387,0,0,0,0,0,0.96296296296296291,-6.2364810741132636e-05,0.00036147610456345274,0.013800305494816071,0,0.0002612788206407339
22,0,5,0.078913998152505507,0.0062274191044136423,1,-1,1,0,3,-1,0,14,0.062418572034149855,0.062443311507336521,2.473947318666625e-05,0.058803860131627694,0.059182308450332607,0.00037844831870491313,0.0006957641682024475,0.00017760290391092328,0.0006957641682024475,0.00062277296398442414,0.00099586342222173635,0.0007180742087222158,0.00099586342222173635,0.062441627751834552,0.058803860131627694,0.059799723553849431,0.00099586342222173635,0,0,0,0,0,0.93333333333333335,-5.1757917704011633e-06,0.00024238548403440126,0.010445040497869242,0,2.3411485726493864e-05
22,0,5,0.078913998152505507,0.0062274191044136423,1,-1,3,1,1,-1,1,2022,0.0022122133531484048,0.062463086173691298,0.060250872820542895,6.6711140760507002e-05,0.059573048699132755,0.059506337558372251,0.0003244129764482005,0.00016812334825432599,0.0003244129764482005,0.00030624736364537851,0.0006139907533311232,0.00036538916173885905,0.00077934622555441563,0.062463086173691298,0.059573048699132755,0.060352394924687171,0.00077934622555441563,0,0,0,0,0,0.99573105656350058,-0.005230149121430187,0.0017910530551286628,0.0285926687779577,0,0.015820968157017362
23,5,0,0.078913998152505507,0.0062274191044136423,1,1,1,0,1,-1,1,2218,0.0017078052034689793,0.062468033993934628,0.060760228790465651,4.6344264241325803e-05,0.083388925950633755,0.083342581686392428,-0.0007313859124560057,0.0043764086046840954,0.0013200821431297032,0.00032590825247712923,0.0079449170093940646,0.004437102390985821,0.034508555151608625,0.060990604805092975,0.083388925950633755,0.04888037079902513,-0.034508555151608625,0,0,0,0,0,0.95956284153005467,-6.9091410845493985e-05,0.0017910530551286628,0.023804775937091283,0,0.0021236553459020669
23,5,0,0.078913998152505507,0.0062274191044136423,1,1,3,1,1,-1,1,2022,0.0022122133531484048,0.062463086173691298,0.060250872820542895,6.6711140760507002e-05,0.059573048699132755,0.059506337558372251,0.0003244129764482005,0.00016812334825432599,0.0003244129764482005,0.00030624736364537851,0.0006139907533311232,0.00036538916173885905,0.00077934622555441563,0.062463086173691298,0.059573048699132755,0.060352394924687171,0.00077934622555441563,0,0,0,0,0,0.99573105656350058,-0.005230149121430187,0.0017910530551286628,0.040054011584372849,0,0.015820968157017362
23,5,0,0.078913998152505507,0.0062274191044136423,1,-1,1,0,1,-1,1,2133,0.0030137166582225685,0.062340314229615147,0.059326597571392581,0.00011648881534503095,0.057320806046398318,0.057204317231053285,0.00048909645253578007,0.00069632832967918756,0.00048909645253578007,0.00032140959915322523,0.0019907903214229001,0.00085093388849950737,0.0049937106738217538,0.060025859786045882,0.040160106737825219,0.045153817411646972,0.0049937106738217538,0,0,0,0,0,0.5957878710987059,-6.3965001086820726e-05,0.0017910530551286628,0.015552920862927018,0,0.00097965501395285608
23,5,0,0.078913998152505507,0.0062274191044136423,1,-1,1,0,2,-1,0,25,0.062337194694987337,0.062392048699036501,5.4854004049163796e-05,0.057360118115399414,0.058129268290791257,0.00076915017539184311,0.00082071468269459991,0.00028749099198500954,0.00082071468269459991,0.00063585771070509556,0.0013887912343891985,0.00086961121247545016,0.0014050078860969387,0.062388258839226149,0.057360118115399414,0.058765126001496353,0.0014050078860969387,0,0,0,0,0,0.96296296296296291,-6.2364810741132636e-05,0.00036147610456345274,0.013800305494816071,0,0.0002612788206407339
23,5,0,0.078913998152505507,0.0062274191044136423,1,-1,1,0,3,-1,0,14,0.062418572034149855,0.062443311507336521,2.473947318666625e-05,0.058803860131627694,0.059182308450332607,0.00037844831870491313,0.0006957641682024475,0.00017760290391092328,0.0006957641682024475,0.00062277296398442414,0.00099586342222173635,0.0007180742087222158,0.00099586342222173635,0.062441627751834552,0.058803860131627694,0.059799723553849431,0.00099586342222173635,0,0,0,0,0,0.93333333333333335,-5.1757917704011633e-06,0.00024238548403440126,0.010445040497869242,0,2.3411485726493864e-05
23,5,0,0.078913998152505507,0.0062274191044136423,1,-1,3,1,1,-1,1,2022,0.0022122133531484048,0.062463086173691298,0.060250872820542895,6.6711140760507002e-05,0.059573048699132755,0.059506337558372251,0.0003244129764482005,0.00016812334825432599,0.0003244129764482005,0.00030624736364537851,0.0006139907533311232,0.00036538916173885905,0.00077934622555441563,0.062463086173691298,0.059573048699132755,0.060352394924687171,0.00077934622555441563,0,0,0,0,0,0.99573105656350058,-0.005230149121430187,0.0017910530551286628,0.0285926687779577,0,0.015820968157017362
24,3,4,0.078923439915693408,0.0062289093681260673,1,1,1,0,1,-1,1,2218,0.0017078052034689793,0.062468029000136947,0.06076022379666797,4.6338110081397959e-05,0.083388925950633755,0.08334258784055236,-0.00073131641151372975,0.0043764270601617762,0.0013201516081813936,0.00032598655337062396,0.0079449124642081859,0.0044371091384667978,0.034508558682341622,0.060990604009346278,0.083388925950633755,0.048880367268292133,-0.034508558682341622,0,0,0,0,0,0.95956284153005467,-6.9098411266432891e-05,0.0017910189822963076,0.023804328134488021,0,0.0021237397682726902
24,3,4,0.078923439915693408,0.0062289093681260673,1,1,3,1,1,-1,1,2022,0.0022124170048699598,0.062463093853653028,0.060250676848783068,6.6711140760507002e-05,0.059573048699132755,0.059506337558372251,0.00032449047817226251,0.00016816261630132063,0.00032449047817226251,0.0003063206602928123,0.00061415241641952709,0.0003654760401801584,0.00077956954564961656,0.062463093853653028,0.059573048699132755,0.060352618244782372,0.00077956954564961656,0,0,0,0,0,0.99573105656350058,-0.0052302141110038619,0.0017910189822963076,0.040053820507739375,0,0.015821194833486596
24,3,4,0.078923439915693408,0.0062289093681260673,1,-1,1,0,1,-1,1,2133,0.0030138830536277708,0.062340313451722251,0.05932643039809448,0.0001165001078865806,0.057320665225856618,0.057204165117970038,0.00048916635474244882,0.00069631729655856016,0.00048916635474244882,0.00032148647580640052,0.0019907801008582846,0.00085096504046796044,0.0049937019880411174,0.060025857240593013,0.040160106737825219,0.045153808725866336,0.0049937019880411174,0,0,0,0,0,0.5957878710987059,-6.3979300539697382e-05,0.0017910189822963076,0.015552656129586616,0,0.00097968277750557094
24,3,4,0.078923439915693408,0.0062289093681260673,1,-1,1,0,2,-1,0,25,0.062337201087083474,0.062392047973145362,5.4846886061887812e-05,0.057360120527191527,0.058129132300797068,0.00076901177360554074,0.0008207776098491321,0.00028743511382276003,0.0008207776098491321,0.00063599370069928468,0.0013887868395499393,0.00086965213130766098,0.0014050054743048185,0.062388258839226156,0.057360120527191527,0.058765126001496346,0.0014050054743048185,0,0,0,0,0,0.96296296296296291,-6.2379286558741993e-05,0.00036143564844701007,0.013799263990703213,0,0.00026133433845450227
24,3,4,0.078923439915693408,0.0062289093681260673,1,-1,1,0,3,-1,0,14,0.062418578603447822,0.062443310839786,2.4732236338177727e-05,0.058804022240450476,0.059182183056649365,0.00037816081619888864,0.00069581202680192925,0.00017749961828682884,0.00069581202680192925,0.00062282782158671474,0.00099570131339895424,0.00071809504324579396,0.00099570131339895424,0.062441627751834552,0.058804022240450476,0.059799723553849431,0.00099570131339895424,0,0,0,0,0,0.93333333333333335,-5.1702409173571685e-06,0.00024233220625829804,0.010445150713329099,0,2.3387558680724748e-05
24,3,4,0.078923439915693408,0.0062289093681260673,1,-1,3,1,1,-1,1,2022,0.0022124170048699598,0.062463093853653028,0.060250676848783068,6.6711140760507002e-05,0.059573048699132755,0.059506337558372251,0.00032449047817226251,0.00016816261630132063,0.00032449047817226251,0.0003063206602928123,0.00061415241641952709,0.0003654760401801584,0.00077956954564961656,0.062463093853653028,0.059573048699132755,0.060352618244782372,0.00077956954564961656,0,0,0,0,0,0.99573105656350058,-0.0052302141110038619,0.0017910189822963076,0.028592390264111957,0,0.015821194833486596
25,4,3,0.078923439915693408,0.0062289093681260673,1,1,1,0,1,-1,1,2218,0.0017078052034689793,0.062468029000136947,0.06076022379666797,4.6338110081397959e-05,0.083388925950633755,0.08334258784055236,-0.00073131641151372975,0.0043764270601617762,0.0013201516081813936,0.00032598655337062396,0.0079449124642081859,0.0044371091384667978,0.034508558682341622,0.060990604009346278,0.083388925950633755,0.048880367268292133,-0.034508558682341622,0,0,0,0,0,0.95956284153005467,-6.9098411266432891e-05,0.0017910189822963076,0.023804328134488021,0,0.0021237397682726902
25,4,3,0.078923439915693408,0.0062289093681260673,1,1,3,1,1,-1,1,2022,0.0022124170048699598,0.062463093853653028,0.060250676848783068,6.6711140760507002e-05,0.059573048699132755,0.059506337558372251,0.00032449047817226251,0.00016816261630132063,0.00032449047817226251,0.0003063206602928123,0.00061415241641952709,0.0003654760401801584,0.00077956954564961656,0.062463093853653028,0.059573048699132755,0.060352618244782372,0.00077956954564961656,0,0,0,0,0,0.99573105656350058,-0.0052302141110038619,0.0017910189822963076,0.040053820507739375,0,0.015821194833486596
25,4,3,0.078923439915693408,0.0062289093681260673,1,-1,1,0,1,-1,1,2133,0.0030138830536277708,0.062340313451722251,0.05932643039809448,0.0001165001078865806,0.057320665225856618,0.057204165117970038,0.00048916635474244882,0.00069631729655856016,0.00048916635474244882,0.00032148647580640052,0.0019907801008582846,0.00085096504046796044,0.0049937019880411174,0.060025857240593013,0.040160106737825219,0.045153808725866336,0.0049937019880411174,0,0,0,0,0,0.5957878710987059,-6.3979300539697382e-05,0.0017910189822963076,0.015552656129586616,0,0.00097968277750557094
25,4,3,0.078923439915693408,0.0062289093681260673,1,-1,1,0,2,-1,0,25,0.062337201087083474,0.062392047973145362,5.4846886061887812e-05,0.057360120527191527,0.058129132300797068,0.00076901177360554074,0.0008207776098491321,0.00028743511382276003,0.0008207776098491321,0.00063599370069928468,0.0013887868395499393,0.00086965213130766098,0.0014050054743048185,0.062388258839226156,0.057360120527191527,0.058765126001496346,0.0014050054743048185,0,0,0,0,0,0.96296296296296291,-6.2379286558741993e-05,0.00036143564844701007,0.013799263990703213,0,0.00026133433845450227
25,4,3,0.078923439915693408,0.0062289093681260673,1,-1,1,0,3,-1,0,14,0.062418578603447822,0.062443310839786,2.4732236338177727e-05,0.058804022240450476,0.059182183056649365,0.00037816081619888864,0.00069581202680192925,0.00017749961828682884,0.00069581202680192925,0.00062282782158671474,0.00099570131339895424,0.00071809504324579396,0.00099570131339895424,0.062441627751834552,0.058804022240450476,0.059799723553849431,0.00099570131339895424,0,0,0,0,0,0.93333333333333335,-5.1702409173571685e-06,0.00024233220625829804,0.010445150713329099,0,2.3387558680724748e-05
25,4,3,0.078923439915693408,0.0062289093681260673,1,-1,3,1,1,-1,1,2022,0.0022124170048699598,0.062463093853653028,0.060250676848783068,6.6711140760507002e-05,0.059573048699132755,0.059506337558372251,0.00032449047817226251,0.00016816261630132063,0.00032449047817226251,0.0003063206602928123,0.00061415241641952709,0.0003654760401801584,0.00077956954564961656,0.062463093853653028,0.059573048699132755,0.060352618244782372,0.00077956954564961656,0,0,0,0,0,0.99573105656350058,-0.0052302141110038619,0.0017910189822963076,0.028592390264111957,0,0.015821194833486596
26,1,5,0.080477574945440972,0.006476640069099069,1,1,1,0,1,-1,1,2217,0.0019212808539026014,0.062494996664442956,0.060573715810540357,5.461942291923962e-05,0.083388925950633755,0.083334306527714522,-0.00072129158510466577,0.0043805083785166919,0.0013335070822226233,0.00033921077189530413,0.0079478037181594588,0.0044394949267904044,0.034509140973024405,0.06099047277129422,0.083388925950633755,0.04887978497760935,-0.034509140973024405,0,0,0,0,0,0.95846994535519126,-7.1422301121206727e-05,0.0017853567725497966,0.02373878586584242,0,0.0021377736919960663
26,1,5,0.080477574945440972,0.006476640069099069,1,1,3,1,1,-1,1,2019,0.0022948632421614409,0.062461726796874575,0.060166863554713138,6.9352790008446474e-05,0.059506337558372244,0.059436984768363794,0.00033741359210757548,0.00017424633929574081,0.00033741359210757548,0.00031874086055410505,0.00063785869981681576,0.00037974954759275713,0.00080688889523067298,0.062461726796874575,0.059506337558372244,0.060313226453602917,0.00080688889523067298,0,0,0,0,0,0.99573105656350058,-0.0052410185844144822,0.0017853567725497966,0.040058038759607062,0,0.01585888222824727
26,1,5,0.080477574945440972,0.006476640069099069,1,-1,1,0,1,-1,1,2132,0.0030415434267723205,0.062340184538527327,0.059298641111755007,0.00011835714218157487,0.057297428332543483,0.057179071190361912,0.00050047207212174007,0.00069470395502381434,0.00050047207212174007,0.00033389780962691552,0.0019896337622175913,0.0008562043448263727,0.0049922710227774392,0.060025437862950372,0.040160106737825219,0.045152377760602658,0.0049922710227774392,0,0,0,0,0,0.59228230515359226,-6.628469494384164e-05,0.0017853567725497966,0.015507226463781512,0,0.00095957479213606913
26,1,5,0.080477574945440972,0.006476640069099069,1,-1,1,0,2,-1,0,25,0.062338263663085328,0.062391927666364956,5.3664003279628447e-05,0.05736051527035322,0.058106526304082085,0.00074601103372886474,0.00083127161208400248,0.00027823907171932634,0.00083127161208400248,0.00065859969741426799,0.0013880625518070855,0.00087660109176749754,0.0014046107311431327,0.062388258839226149,0.05736051527035322,0.058765126001496353,0.0014046107311431327,0,0,0,0,0,0.96296296296296291,-6.4784917184642385e-05,0.00035468962459402433,0.013620564715525288,0,0.00027056385320444761
26,1,5,0.080477574945440972,0.006476640069099069,1,-1,1,0,3,-1,0,12,0.062419670636204114,0.062443200194488284,2.3529558284170193e-05,0.058817916659157685,0.059161986056623733,0.00034406939746604859,0.00071744188904592464,0.00017396372383394253,0.00071744188904592464,0.00066933334428405378,0.00098180689469174603,0.00073823183443140472,0.00098180689469174603,0.062441627751834552,0.058817916659157685,0.059799723553849431,0.00098180689469174603,0,0,0,0,0,0.92307692307692313,-4.3482674360853178e-06,0.00023340888837194046,0.010054010482466728,0,1.9823380347156544e-05
26,1,5,0.080477574945440972,0.006476640069099069,1,-1,3,1,1,-1,1,2019,0.0022948632421614409,0.062461726796874575,0.060166863554713138,6.9352790008446474e-05,0.059506337558372244,0.059436984768363794,0.00033741359210757548,0.00017424633929574081,0.00033741359210757548,0.00031874086055410505,0.00063785869981681576,0.00037974954759275713,0.00080688889523067298,0.062461726796874575,0.059506337558372244,0.060313226453602917,0.00080688889523067298,0,0,0,0,0,0.99573105656350058,-0.0052410185844144822,0.0017853567725497966,0.028556563936944095,0,0.01585888222824727
27,5,1,0.080477574945440972,0.006476640069099069,1,1,1,0,1,-1,1,2217,0.0019212808539026014,0.062494996664442956,0.060573715810540357,5.461942291923962e-05,0.083388925950633755,0.083334306527714522,-0.00072129158510466577,0.0043805083785166919,0.0013335070822226233,0.00033921077189530413,0.0079478037181594588,0.0044394949267904044,0.034509140973024405,0.06099047277129422,0.083388925950633755,0.04887978497760935,-0.034509140973024405,0,0,0,0,0,0.95846994535519126,-7.1422301121206727e-05,0.0017853567725497966,0.02373878586584242,0,0.0021377736919960663
27,5,1,0.080477574945440972,0.006476640069099069,1,1,3,1,1,-1,1,2019,0.0022948632421614409,0.062461726796874575,0.060166863554713138,6.9352790008446474e-05,0.059506337558372244,0.059436984768363794,0.00033741359210757548,0.00017424633929574081,0.00033741359210757548,0.00031874086055410505,0.00063785869981681576,0.00037974954759275713,0.00080688889523067298,0.062461726796874575,0.059506337558372244,0.060313226453602917,0.00080688889523067298,0,0,0,0,0,0.99573105656350058,-0.0052410185844144822,0.0017853567725497966,0.040058038759607062,0,0.01585888222824727
27,5,1,0.080477574945440972,0.006476640069099069,1,-1,1,0,1,-1,1,2132,0.0030415434267723205,0.062340184538527327,0.059298641111755007,0.00011835714218157487,0.057297428332543483,0.057179071190361912,0.00050047207212174007,0.00069470395502381434,0.00050047207212174007,0.00033389780962691552,0.0019896337622175913,0.0008562043448263727,0.0049922710227774392,0.060025437862950372,0.040160106737825219,0.045152377760602658,0.0049922710227774392,0,0,0,0,0,0.59228230515359226,-6.628469494384164e-05,0.0017853567725497966,0.015507226463781512,0,0.00095957479213606913
27,5,1,0.080477574945440972,0.006476640069099069,1,-1,1,0,2,-1,0,25,0.062338263663085328,0.062391927666364956,5.3664003279628447e-05,0.05736051527035322,0.058106526304082085,0.00074601103372886474,0.00083127161208400248,0.00027823907171932634,0.00083127161208400248,0.00065859969741426799,0.0013880625518070855,0.00087660109176749754,0.0014046107311431327,0.062388258839226149,0.05736051527035322,0.058765126001496353,0.0014046107311431327,0,0,0,0,0,0.96296296296296291,-6.4784917184642385e-05,0.00035468962459402433,0.013620564715525288,0,0.00027056385320444761
27,5,1,0.080477574945440972,0.006476640069099069,1,-1,1,0,3,-1,0,12,0.062419670636204114,0.062443200194488284,2.3529558284170193e-05,0.058817916659157685,0.059161986056623733,0.00034406939746604859,0.00071744188904592464,0.00017396372383394253,0.00071744188904592464,0.00066933334428405378,0.00098180689469174603,0.00073823183443140472,0.00098180689469174603,0.062441627751834552,0.058817916659157685,0.059799723553849431,0.00098180689469174603,0,0,0,0,0,0.92307692307692313,-4.3482674360853178e-06,0.00023340888837194046,0.010054010482466728,0,1.9823380347156544e-05
27,5,1,0.080477574945440972,0.006476640069099069,1,-1,3,1,1,-1,1,2019,0.0022948632421614409,0.062461726796874575,0.060166863554713138,6.9352790008446474e-05,0.059506337558372244,0.059436984768363794,0.00033741359210757548,0.00017424633929574081,0.00033741359210757548,0.00031874086055410505,0.00063785869981681576,0.00037974954759275713,0.00080688889523067298,0.062461726796874575,0.059506337558372244,0.060313226453602917,0.00080688889523067298,0,0,0,0,0,0.99573105656350058,-0.0052410185844144822,0.0017853567725497966,0.028556563936944095,0,0.01585888222824727
28,2,5,0.084995534306609957,0.0072242408520661093,1,1,1,0,1,-1,1,2205,0.0022414943295530352,0.062494996664442956,0.060253502334889922,7.8236769066493853e-05,0.082988659106070728,0.082910422337004228,-0.0006496209116484611,0.0042878724866296227,0.0013347750258365331,0.0003784417931910547,0.0076942162008529049,0.004336802715186187,0.033873033171155746,0.061043138064829056,0.082988659106070728,0.049115625934914982,-0.033873033171155746,0,0,0,0,0,0.95262390670553931,-7.8212514792952328e-05,0.0017682830145355811,0.023534099359861928,0,0.0021801271315202491
28,2,5,0.084995534306609957,0.0072242408520661093,1,1,3,1,1,-1,1,2009,0.0026684456304202795,0.062456380735583419,0.059787935105163142,8.7632567756431743e-05,0.059306204136090723,0.059218571568334294,0.0003765528675763339,0.00019224843795520732,0.0003765528675763339,0.00035618486364489416,0.00070644993840267289,0.00042279016542036223,0.00085936032083876179,0.062456380735583419,0.059306204136090723,0.060165564456929485,0.00085936032083876179,0,0,0,0,0,0.99430402278390884,-0.0052736431025110792,0.0017682830145355811,0.040021711621583432,0,0.015972710503163727
28,2,5,0.084995534306609957,0.0072242408520661093,1,-1,1,0,1,-1,0,17,0.0031280427486262293,0.0036290860573715807,0.00050104330874535139,0.00012159010821389658,0.00017357922328432645,5.1989115070429876e-05,7.3882694104948805e-05,1.0379175527470427e-05,7.3882694104948805e-05,6.939211910069517e-05,9.3793405720540282e-05,7.4608174973225824e-05,9.9901260354037284e-05,0.0033622414943295527,0.00012159010821389658,0.00022149136856793386,9.9901260354037284e-05,0,0,0,0,0,0.73913043478260865,-8.7267382294283644e-07,3.4831431947344262e-06,0.00099658538675907672,0,4.7442187798148185e-06
28,2,5,0.084995534306609957,0.0072242408520661093,1,-1,1,0,2,-1,1,2110,0.0038078762284492625,0.062339800266285127,0.058531924037835865,0.0001730584821048637,0.057228617073022688,0.057055558590917821,0.00054203340489014673,0.00069392359762456967,0.00054203340489014673,0.00037602840071929156,0.0020558278348457404,0.00088052834784408361,0.004988101709002199,0.060024215729958252,0.040160106737825219,0.045148208446827418,0.004988101709002199,0,0,0,0,0,0.58361075544174135,-7.3288154375366189e-05,0.0017682830145355811,0.015495127826902266,0,0.00090735013972670093
28,2,5,0.084995534306609957,0.0072242408520661093,1,-1,1,0,3,-1,0,21,0.062341470300970044,0.062391568913125181,5.0098612155137501e-05,0.057371581054036024,0.058040398849519143,0.00066881779548311898,0.00082744946396056567,0.0002089939058592451,0.00082744946396056567,0.00072426619738295839,0.0012411020417912866,0.00085343486458834723,0.0013157859930230595,0.062391568913125181,0.057505003335557033,0.058820789328580092,0.0013157859930230595,0,0,0,0,0,0.88,-7.2035877934279363e-05,0.00033406880970172079,0.012818932343802613,0,0.00029842426401696344
28,2,5,0.084995534306609957,0.0072242408520661093,1,-1,1,0,4,-1,0,10,0.062422966168572222,0.062442870159526175,1.9903990953952511e-05,0.058828572546950161,0.059102870948317274,0.00027429840136711237,0.00076139182803453204,0.00014945839465437701,0.00076139182803453204,0.0007329338159362403,0.00097115100689926931,0.00077592224322442906,0.00097115100689926931,0.062441627751834552,0.058828572546950161,0.059799723553849431,0.00097115100689926931,0,0,0,0,0,0.90909090909090906,-2.8594507344007996e-06,0.00020559874586405889,0.009102215524675444,0,1.3146051849085966e-05
28,2,5,0.084995534306609957,0.0072242408520661093,1,-1,3,1,1,-1,1,2009,0.0026684456304202795,0.062456380735583419,0.059787935105163142,8.7632567756431743e-05,0.059306204136090723,0.059218571568334294,0.0003765528675763339,0.00019224843795520732,0.0003765528675763339,0.00035618486364489416,0.00070644993840267289,0.00042279016542036223,0.00085936032083876179,0.062456380735583419,0.059306204136090723,0.060165564456929485,0.00085936032083876179,0,0,0,0,0,0.99430402278390884,-0.0052736431025110792,0.0017682830145355811,0.028443169537550876,0,0.015972710503163727
29,5,2,0.084995534306609957,0.0072242408520661093,1,1,1,0,1,-1,1,2205,0.0022414943295530352,0.062494996664442956,0.060253502334889922,7.8236769066493853e-05,0.082988659106070728,0.082910422337004228,-0.0006496209116484611,0.0042878724866296227,0.0013347750258365331,0.0003784417931910547,0.0076942162008529049,0.004336802715186187,0.033873033171155746,0.061043138064829056,0.082988659106070728,0.049115625934914982,-0.033873033171155746,0,0,0,0,0,0.95262390670553931,-7.8212514792952328e-05,0.0017682830145355811,0.023534099359861928,0,0.0021801271315202491
29,5,2,0.084995534306609957,0.0072242408520661093,1,1,3,1,1,-1,1,2009,0.0026684456304202795,0.062456380735583419,0.059787935105163142,8.7632567756431743e-05,0.059306204136090723,0.059218571568334294,0.0003765528675763339,0.00019224843795520732,0.0003765528675763339,0.00035618486364489416,0.00070644993840267289,0.00042279016542036223,0.00085936032083876179,0.062456380735583419,0.059306204136090723,0.060165564456929485,0.00085936032083876179,0,0,0,0,0,0.99430402278390884,-0.0052736431025110792,0.0017682830145355811,0.040021711621583432,0,0.015972710503163727
29,5,2,0.084995534306609957,0.0072242408520661093,1,-1,1,0,1,-1,0,17,0.0031280427486262293,0.0036290860573715807,0.00050104330874535139,0.00012159010821389658,0.00017357922328432645,5.1989115070429876e-05,7.3882694104948805e-05,1.0379175527470427e-05,7.3882694104948805e-05,6.939211910069517e-05,9.3793405720540282e-05,7.4608174973225824e-05,9.9901260354037284e-05,0.0033622414943295527,0.00012159010821389658,0.00022149136856793386,9.9901260354037284e-05,0,0,0,0,0,0.73913043478260865,-8.7267382294283644e-07,3.4831431947344262e-06,0.00099658538675907672,0,4.7442187798148185e-06
29,5,2,0.084995534306609957,0.0072242408520661093,1,-1,1,0,2,-1,1,2110,0.0038078762284492625,0.062339800266285127,0.058531924037835865,0.0001730584821048637,0.057228617073022688,0.057055558590917821,0.00054203340489014673,0.00069392359762456967,0.00054203340489014673,0.00037602840071929156,0.0020558278348457404,0.00088052834784408361,0.004988101709002199,0.060024215729958252,0.040160106737825219,0.045148208446827418,0.004988101709002199,0,0,0,0,0,0.58361075544174135,-7.3288154375366189e-05,0.0017682830145355811,0.015495127826902266,0,0.00090735013972670093
29,5,2,0.084995534306609957,0.0072242408520661093,1,-1,1,0,3,-1,0,21,0.062341470300970044,0.062391568913125181,5.0098612155137501e-05,0.057371581054036024,0.058040398849519143,0.00066881779548311898,0.00082744946396056567,0.0002089939058592451,0.00082744946396056567,0.00072426619738295839,0.0012411020417912866,0.00085343486458834723,0.0013157859930230595,0.062391568913125181,0.057505003335557033,0.058820789328580092,0.0013157859930230595,0,0,0,0,0,0.88,-7.2035877934279363e-05,0.00033406880970172079,0.012818932343802613,0,0.00029842426401696344
29,5,2,0.084995534306609957,0.0072242408520661093,1,-1,1,0,4,-1,0,10,0.062422966168572222,0.062442870159526175,1.9903990953952511e-05,0.058828572546950161,0.059102870948317274,0.00027429840136711237,0.00076139182803453204,0.00014945839465437701,0.00076139182803453204,0.0007329338159362403,0.00097115100689926931,0.00077592224322442906,0.00097115100689926931,0.062441627751834552,0.058828572546950161,0.059799723553849431,0.00097115100689926931,0,0,0,0,0,0.90909090909090906,-2.8594507344007996e-06,0.00020559874586405889,0.009102215524675444,0,1.3146051849085966e-05
29,5,2,0.084995534306609957,0.0072242408520661093,1,-1,3,1,1,-1,1,2009,0.0026684456304202795,0.062456380735583419,0.059787935105163142,8.7632567756431743e-05,0.059306204136090723,0.059218571568334294,0.0003765528675763339,0.00019224843795520732,0.0003765528675763339,0.00035618486364489416,0.00070644993840267289,0.00042279016542036223,0.00085936032083876179,0.062456380735583419,0.059306204136090723,0.060165564456929485,0.00085936032083876179,0,0,0,0,0,0.99430402278390884,-0.0052736431025110792,0.0017682830145355811,0.028443169537550876,0,0.015972710503163727
30,4,4,0.089289342443690065,0.0079725866740265518,1,1,1,0,1,-1,1,2207,0.0021881254169446298,0.062494996664442949,0.060306871247498318,7.0283881926045937e-05,0.0829886591060707,0.08291837522414465,-0.0006109390287690605,0.0042914159971722031,0.0013650806180549625,0.00041698585165939744,0.0076093589765910165,0.0043346854277627536,0.033874688304525433,0.061042771872602888,0.0829886591060707,0.049113970801545268,-0.033874688304525433,0,0,0,0,0,0.95260663507109,-8.5305488426635858e-05,0.00175121147824728,0.023333528697224232,0,0.0022225257273113348
30,4,4,0.089289342443690065,0.0079725866740265518,1,1,3,1,1,-1,1,2001,0.0029352901934623079,0.062447428420996848,0.059512138227534539,0.00010227294235253537,0.059106070713809203,0.059003797771456666,0.0004154564025326019,0.00021012245518275732,0.0004154564025326019,0.00039353307416384667,0.00077524853932892102,0.00046557004690740277,0.0008312436201798612,0.062447428420996848,0.059106070713809203,0.059937314333989064,0.0008312436201798612,0,0,0,0,0,0.99358745992162456,-0.0053063227500576545,0.00175121147824728,0.039983331914102395,0,0.016086777189650302
30,4,4,0.089289342443690065,0.0079725866740265518,1,-1,1,0,1,-1,0,12,0.0032180330461168151,0.0035757171447631754,0.00035768409864636022,0.00012647345201819143,0.00015965823736544037,3.3184785347248943e-05,8.0733528266195085e-05,7.1950039530034991e-06,8.0733528266195085e-05,7.8332979612368852e-05,9.4981565373281385e-05,8.1053504971668292e-05,9.5017916549742436e-05,0.0033622414943295527,0.00012647345201819143,0.00022149136856793386,9.5017916549742436e-05,0,0,0,0,0,0.70588235294117652,-5.9649653868496851e-07,2.3023500828344449e-06,0.00081299278705312169,0,2.9756857038287333e-06
30,4,4,0.089289342443690065,0.0079725866740265518,1,-1,1,0,2,-1,1,2112,0.0038887291246147713,0.062339422677019793,0.058450693552405023,0.00017772769827552768,0.057161431434695952,0.056983703736420421,0.00057944661097881871,0.00069445422711900703,0.00057944661097881871,0.00041481250914842185,0.0020957715445040878,0.00090444737190081761,0.0049841369040249106,0.060023053241735395,0.040160106737825219,0.045144243641850129,0.0049841369040249106,0,0,0,0,0,0.57908228659318128,-8.0237558762671235e-05,0.00175121147824728,0.01537305902119142,0,0.00087078892576820022
30,4,4,0.089289342443690065,0.0079725866740265518,1,-1,1,0,3,-1,0,19,0.062348977588220375,0.062391216197814445,4.2238609594069665e-05,0.057371581054036024,0.057976438310317381,0.00060485725628135756,0.00087592636400006855,0.00018638715678959711,0.00087592636400006855,0.00078779563875382846,0.0012425575336636669,0.00089553736235094663,0.0013098143853899694,0.062391216197814445,0.057505003335557033,0.058814817720947002,0.0013098143853899694,0,0,0,0,0,0.86956521739130432,-7.8935419113097149e-05,0.00030732380909596869,0.012018512986659225,0,0.00032524233159390408
30,4,4,0.089289342443690065,0.0079725866740265518,1,-1,1,0,4,-1,0,10,0.062426264985179968,0.062442545541380283,1.6280556200315432e-05,0.058832440848945344,0.059047448868175083,0.0002150080192297385,0.00079468022950648779,0.00011570931955716864,0.00079468022950648779,0.00075686436949278652,0.00096728270490407942,0.00080305996899413879,0.00096728270490407942,0.062441627751834559,0.058832440848945344,0.059799723553849424,0.00096728270490407942,0,0,0,0,0,0.90909090909090906,-2.4661989028421217e-06,0.00017618681735546475,0.0083440694430373316,0,1.0996882739401283e-05
30,4,4,0.089289342443690065,0.0079725866740265518,1,-1,3,1,1,-1,1,2001,0.0029352901934623079,0.062447428420996848,0.059512138227534539,0.00010227294235253537,0.059106070713809203,0.059003797771456666,0.0004154564025326019,0.00021012245518275732,0.0004154564025326019,0.00039353307416384667,0.00077524853932892102,0.00046557004690740277,0.0008312436201798612,0.062447428420996848,0.059106070713809203,0.059937314333989064,0.0008312436201798612,0,0,0,0,0,0.99358745992162456,-0.0053063227500576545,0.00175121147824728,0.028327916753139597,0,0.016086777189650302
31,3,5,0.092032793804852159,0.0084700351355264346,1,1,1,0,1,-1,1,2203,0.0021881254169446298,0.062494996664442956,0.060306871247498325,7.1889524628328873e-05,0.082988659106070714,0.082916769581442382,-0.00055127469442507878,0.0041907156185754342,0.0013529272112798555,0.00044165894606062669,0.0073862100642369515,0.0042268192751152185,0.033875745988057253,0.061042537838737233,0.082988659106070714,0.049112913118013461,-0.033875745988057253,0,0,0,0,0,0.95003646973012401,-8.9670698774260569e-05,0.0017398727810401516,0.023199052309375533,0,0.0022507110517609942
31,3,5,0.092032793804852159,0.0084700351355264346,1,1,3,1,1,-1,1,1997,0.0030953969312875248,0.062444731680372394,0.059349334749084867,0.0001118662403979718,0.059039359573048698,0.058927493332650724,0.00044152563380494083,0.0002221189757971835,0.00044152563380494083,0.0004187074327681832,0.00082163240145437927,0.00049424864665069596,0.00085049171474962243,0.062228152101400931,0.055829413506862664,0.056679905221612287,0.00085049171474962243,0,0,0,0,0,0.99358288770053471,-0.0053280573312260576,0.0017398727810401516,0.039978020186950361,0,0.016162666391381995
31,3,5,0.092032793804852159,0.0084700351355264346,1,-1,1,0,1,-1,0,10,0.0032798931420045889,0.0035223482321547696,0.00024245509015018065,0.00012740450763345401,0.00015407263697139951,2.6668129337945501e-05,8.5117257390610417e-05,5.8005618911168278e-06,8.5117257390610417e-05,8.3729920079008774e-05,9.6162872313574935e-05,8.5314676486241797e-05,9.9634563047012743e-05,0.0034156104069379585,0.00012740450763345401,0.00022703907068046675,9.9634563047012743e-05,0,0,0,0,0,0.76923076923076927,-5.5988430395493409e-07,1.7070841046867558e-06,0.0007300070999174817,0,2.603996153421007e-06
31,3,5,0.092032793804852159,0.0084700351355264346,1,-1,1,0,2,-1,1,2116,0.0039439623930779665,0.062339175530870407,0.058395213137792439,0.00018124419069054016,0.057117751423013577,0.05693650723232304,0.00060425503363092698,0.00069309948058320146,0.00060425503363092698,0.00044080609286721063,0.0021188474908489397,0.00091951674027883595,0.0049816079350663428,0.060022311589512045,0.040160106737825219,0.045141714672891561,0.0049816079350663428,0,0,0,0,0,0.57604513977943061,-8.5000580966183303e-05,0.0017398727810401516,0.015297156753797468,0,0.00084831996122591196
31,3,5,0.092032793804852159,0.0084700351355264346,1,-1,1,0,3,-1,0,18,0.062351334411673121,0.062390985222462433,3.9650810789312874e-05,0.057406935707294188,0.05793539189403115,0.00052845618673696276,0.00096388321337476329,0.00021919335278841782,0.00096388321337476329,0.00084628122710683415,0.0013581902942021648,0.00098849207125413377,0.0013581902942021648,0.062388258839226149,0.057406935707294188,0.058765126001496353,0.0013581902942021648,0,0,0,0,0,0.94736842105263153,-1.1294536699635249e-05,0.00029187149514543569,0.01212953848244998,0,5.0561125514008711e-05
31,3,5,0.092032793804852159,0.0084700351355264346,1,-1,1,0,4,-1,0,8,0.062428457809938435,0.062442332889452751,1.3875079514315269e-05,0.058834063273886267,0.059012975359116912,0.00017891208523064528,0.00082617587996429952,0.0001047933691246448,0.00082617587996429952,0.00080981511190339472,0.00096566027996283083,0.00083279543397360119,0.00096566027996283083,0.062441627751834546,0.058834063273886267,0.059799723553849098,0.00096566027996283083,0,0,0,0,0,0.88888888888888884,-2.653932843171951e-06,0.00015555408276290324,0.0074006812710402025,0,1.1437018061955268e-05
31,3,5,0.092032793804852159,0.0084700351355264346,1,-1,3,1,1,-1,1,1997,0.0030953969312875248,0.062444731680372394,0.059349334749084867,0.0001118662403979718,0.059039359573048698,0.058927493332650724,0.00044152563380494083,0.0002221189757971835,0.00044152563380494083,0.0004187074327681832,0.00082163240145437927,0.00049424864665069596,0.00085049171474962243,0.062228152101400931,0.055829413506862664,0.056679905221612287,0.00085049171474962243,0,0,0,0,0,0.99358288770053471,-0.0053280573312260576,0.0017398727810401516,0.028260424530099103,0,0.016162666391381995
32,5,3,0.092032793804852159,0.0084700351355264346,1,1,1,0,1,-1,1,2203,0.0021881254169446298,0.062494996664442956,0.060306871247498325,7.1889524628328873e-05,0.082988659106070714,0.082916769581442382,-0.00055127469442507878,0.0041907156185754342,0.0013529272112798555,0.00044165894606062669,0.0073862100642369515,0.0042268192751152185,0.033875745988057253,0.061042537838737233,0.082988659106070714,0.049112913118013461,-0.033875745988057253,0,0,0,0,0,0.95003646973012401,-8.9670698774260569e-05,0.0017398727810401516,0.023199052309375533,0,0.0022507110517609942
32,5,3,0.092032793804852159,0.0084700351355264346,1,1,3,1,1,-1,1,1997,0.0030953969312875248,0.062444731680372394,0.059349334749084867,0.0001118662403979718,0.059039359573048698,0.058927493332650724,0.00044152563380494083,0.0002221189757971835,0.00044152563380494083,0.0004187074327681832,0.00082163240145437927,0.00049424864665069596,0.00085049171474962243,0.062228152101400931,0.055829413506862664,0.056679905221612287,0.00085049171474962243,0,0,0,0,0,0.99358288770053471,-0.0053280573312260576,0.0017398727810401516,0.039978020186950361,0,0.016162666391381995
32,5,3,0.092032793804852159,0.0084700351355264346,1,-1,1,0,1,-1,0,10,0.0032798931420045889,0.0035223482321547696,0.00024245509015018065,0.00012740450763345401,0.00015407263697139951,2.6668129337945501e-05,8.5117257390610417e-05,5.8005618911168278e-06,8.5117257390610417e-05,8.3729920079008774e-05,9.6162872313574935e-05,8.5314676486241797e-05,9.9634563047012743e-05,0.0034156104069379585,0.00012740450763345401,0.00022703907068046675,9.9634563047012743e-05,0,0,0,0,0,0.76923076923076927,-5.5988430395493409e-07,1.7070841046867558e-06,0.0007300070999174817,0,2.603996153421007e-06
32,5,3,0.092032793804852159,0.0084700351355264346,1,-1,1,0,2,-1,1,2116,0.0039439623930779665,0.062339175530870407,0.058395213137792439,0.00018124419069054016,0.057117751423013577,0.05693650723232304,0.00060425503363092698,0.00069309948058320146,0.00060425503363092698,0.00044080609286721063,0.0021188474908489397,0.00091951674027883595,0.0049816079350663428,0.060022311589512045,0.040160106737825219,0.045141714672891561,0.0049816079350663428,0,0,0,0,0,0.57604513977943061,-8.5000580966183303e-05,0.0017398727810401516,0.015297156753797468,0,0.00084831996122591196
32,5,3,0.092032793804852159,0.0084700351355264346,1,-1,1,0,3,-1,0,18,0.062351334411673121,0.062390985222462433,3.9650810789312874e-05,0.057406935707294188,0.05793539189403115,0.00052845618673696276,0.00096388321337476329,0.00021919335278841782,0.00096388321337476329,0.00084628122710683415,0.0013581902942021648,0.00098849207125413377,0.0013581902942021648,0.062388258839226149,0.057406935707294188,0.058765126001496353,0.0013581902942021648,0,0,0,0,0,0.94736842105263153,-1.1294536699635249e-05,0.00029187149514543569,0.01212953848244998,0,5.0561125514008711e-05
32,5,3,0.092032793804852159,0.0084700351355264346,1,-1,1,0,4,-1,0,8,0.062428457809938435,0.062442332889452751,1.3875079514315269e-05,0.058834063273886267,0.059012975359116912,0.00017891208523064528,0.00082617587996429952,0.0001047933691246448,0.00082617587996429952,0.00080981511190339472,0.00096566027996283083,0.00083279543397360119,0.00096566027996283083,0.062441627751834546,0.058834063273886267,0.059799723553849098,0.00096566027996283083,0,0,0,0,0,0.88888888888888884,-2.653932843171951e-06,0.00015555408276290324,0.0074006812710402025,0,1.1437018061955268e-05
32,5,3,0.092032793804852159,0.0084700351355264346,1,-1,3,1,1,-1,1,1997,0.0030953969312875248,0.062444731680372394,0.059349334749084867,0.0001118662403979718,0.059039359573048698,0.058927493332650724,0.00044152563380494083,0.0002221189757971835,0.00044152563380494083,0.0004187074327681832,0.00082163240145437927,0.00049424864665069596,0.00085049171474962243,0.062228152101400931,0.055829413506862664,0.056679905221612287,0.00085049171474962243,0,0,0,0,0,0.99358288770053471,-0.0053280573312260576,0.0017398727810401516,0.028260424530099103,0,0.016162666391381995
33,0,6,0.094685979943115978,0.0089654347977881615,1,1,1,0,1,-1,1,2200,0.0021881254169446298,0.062494566480028768,0.060306441063084137,7.2556761890563878e-05,0.082588392261507659,0.082515835499617093,-0.00050012808270662559,0.0041155638018553495,0.0013487733358266082,0.00046711965112473247,0.0058297633622995801,0.0041458405066106757,0.033236216187589381,0.061094978823136026,0.082588392261507659,0.049352176073918279,-0.033236216187589381,0,0,0,0,0,0.94709959868661076,-9.4404466068411796e-05,0.0017285868120385857,0.023059201306919588,0,0.0022787816528891023
33,0,6,0.094685979943115978,0.0089654347977881615,1,1,3,1,1,-1,1,1993,0.0032555036691127416,0.062441627751834552,0.059186124082721808,0.00012257695547931175,0.058979307121822817,0.058856730166343504,0.00046750710293667929,0.00023394156760198978,0.00046750710293667929,0.00044385260098984969,0.00086706279932432238,0.0005227729414844682,0.00089562531638359699,0.062174783188792528,0.055240514762405275,0.056136140078788872,0.00089562531638359699,0,0,0,0,0,0.99322154834106313,-0.0053497139399126823,0.0017285868120385857,0.039934550492954406,0,0.016238303167775834
33,0,6,0.094685979943115978,0.0089654347977881615,1,-1,1,0,1,-1,0,8,0.0033430628467410002,0.0035036401044675511,0.00016057725772655089,0.00013029574093845761,0.00014379722423142591,1.3501483292968299e-05,9.0843816170040038e-05,5.4944695882999402e-06,9.0843816170040038e-05,8.8892587335856181e-05,0.00010073304170146802,9.100982437293669e-05,0.00010288134814117665,0.0035036401044675511,0.000133422281521014,0.00023630362966219065,0.00010288134814117665,0,0,0,0,0,0.88888888888888884,-1.9379416592779358e-07,9.7459621259498006e-07,0.00061663085185220635,0,8.7696251070946324e-07
33,0,6,0.094685979943115978,0.0089654347977881615,1,-1,1,0,2,-1,1,2114,0.0040001317003019315,0.062338932413702926,0.058338800713400994,0.00018457649637808018,0.057075098582240517,0.056890522085862434,0.00062844808478803465,0.00069178577604660793,0.00062844808478803465,0.00046673791140036322,0.0021466265429725974,0.00093462000578532268,0.0049791683664230507,0.060021596041541316,0.040160106737825219,0.045139275104248269,0.0049791683664230507,0,0,0,0,0,0.57150192554557122,-8.9738273491720346e-05,0.0017285868120385857,0.015217548502501349,0,0.00082765597979400174
33,0,6,0.094685979943115978,0.0089654347977881615,1,-1,1,0,3,-1,0,16,0.062353681528274869,0.062390757926094241,3.7076397819371665e-05,0.057417936548444889,0.057895127064203543,0.0004771905157586534,0.00099733247393266489,0.00020651910719416959,0.00099733247393266489,0.00090111230800305614,0.001347189453051463,0.0010184901595974929,0.001347189453051463,0.062388258839226149,0.057417936548444889,0.058765126001496353,0.001347189453051463,0,0,0,0,0,0.94117647058823528,-1.1205434475171893e-05,0.00027619287546691676,0.011567536608622902,0,4.9488874289559618e-05
33,0,6,0.094685979943115978,0.0089654347977881615,1,-1,1,0,4,-1,0,8,0.062430641603293563,0.06244212356465044,1.1481961356876735e-05,0.058835314693906043,0.058979307121822817,0.00014399242791677397,0.00084788891466619238,8.3768621692910885e-05,0.00084788891466619238,0.00082422189285965772,0.00096440885994338726,0.00085201689748158377,0.00096440885994338726,0.062441627751834552,0.058835314693906043,0.059799723553849431,0.00096440885994338726,0,0,0,0,0,0.88888888888888884,-3.127023874961107e-06,0.00013393891580173531,0.0067546512086543173,0,1.3072961132771774e-05
33,0,6,0.094685979943115978,0.0089654347977881615,1,-1,3,1,1,-1,1,1993,0.0032555036691127416,0.062441627751834552,0.059186124082721808,0.00012257695547931175,0.058979307121822817,0.058856730166343504,0.00046750710293667929,0.00023394156760198978,0.00046750710293667929,0.00044385260098984969,0.00086706279932432238,0.0005227729414844682,0.00089562531638359699,0.062174783188792528,0.055240514762405275,0.056136140078788872,0.00089562531638359699,0,0,0,0,0,0.99322154834106313,-0.0053497139399126823,0.0017285868120385857,0.028180646015791819,0,0.016238303167775834
34,6,0,0.094685979943115978,0.0089654347977881615,1,1,1,0,1,-1,1,2200,0.0021881254169446298,0.062494566480028768,0.060306441063084137,7.2556761890563878e-05,0.082588392261507659,0.082515835499617093,-0.00050012808270662559,0.0041155638018553495,0.0013487733358266082,0.00046711965112473247,0.0058297633622995801,0.0041458405066106757,0.033236216187589381,0.061094978823136026,0.082588392261507659,0.049352176073918279,-0.033236216187589381,0,0,0,0,0,0.94709959868661076,-9.4404466068411796e-05,0.0017285868120385857,0.023059201306919588,0,0.0022787816528891023
34,6,0,0.094685979943115978,0.0089654347977881615,1,1,3,1,1,-1,1,1993,0.0032555036691127416,0.062441627751834552,0.059186124082721808,0.00012257695547931175,0.058979307121822817,0.058856730166343504,0.00046750710293667929,0.00023394156760198978,0.00046750710293667929,0.00044385260098984969,0.00086706279932432238,0.0005227729414844682,0.00089562531638359699,0.062174783188792528,0.055240514762405275,0.056136140078788872,0.00089562531638359699,0,0,0,0,0,0.99322154834106313,-0.0053497139399126823,0.0017285868120385857,0.039934550492954406,0,0.016238303167775834
34,6,0,0.094685979943115978,0.0089654347977881615,1,-1,1,0,1,-1,0,8,0.0033430628467410002,0.0035036401044675511,0.00016057725772655089,0.00013029574093845761,0.00014379722423142591,1.3501483292968299e-05,9.0843816170040038e-05,5.4944695882999402e-06,9.0843816170040038e-05,8.8892587335856181e-05,0.00010073304170146802,9.100982437293669e-05,0.00010288134814117665,0.0035036401044675511,0.000133422281521014,0.00023630362966219065,0.00010288134814117665,0,0,0,0,0,0.88888888888888884,-1.9379416592779358e-07,9.7459621259498006e-07,0.00061663085185220635,0,8.7696251070946324e-07
34,6,0,0.094685979943115978,0.0089654347977881615,1,-1,1,0,2,-1,1,2114,0.0040001317003019315,0.062338932413702926,0.058338800713400994,0.00018457649637808018,0.057075098582240517,0.056890522085862434,0.00062844808478803465,0.00069178577604660793,0.00062844808478803465,0.00046673791140036322,0.0021466265429725974,0.00093462000578532268,0.0049791683664230507,0.060021596041541316,0.040160106737825219,0.045139275104248269,0.0049791683664230507,0,0,0,0,0,0.57150192554557122,-8.9738273491720346e-05,0.0017285868120385857,0.015217548502501349,0,0.00082765597979400174
34,6,0,0.094685979943115978,0.0089654347977881615,1,-1,1,0,3,-1,0,16,0.062353681528274869,0.062390757926094241,3.7076397819371665e-05,0.057417936548444889,0.057895127064203543,0.0004771905157586534,0.00099733247393266489,0.00020651910719416959,0.00099733247393266489,0.00090111230800305614,0.001347189453051463,0.0010184901595974929,0.001347189453051463,0.062388258839226149,0.057417936548444889,0.058765126001496353,0.001347189453051463,0,0,0,0,0,0.94117647058823528,-1.1205434475171893e-05,0.00027619287546691676,0.011567536608622902,0,4.9488874289559618e-05
34,6,0,0.094685979943115978,0.0089654347977881615,1,-1,1,0,4,-1,0,8,0.062430641603293563,0.06244212356465044,1.1481961356876735e-05,0.058835314693906043,0.058979307121822817,0.00014399242791677397,0.00084788891466619238,8.3768621692910885e-05,0.00084788891466619238,0.00082422189285965772,0.00096440885994338726,0.00085201689748158377,0.00096440885994338726,0.062441627751834552,0.058835314693906043,0.059799723553849431,0.00096440885994338726,0,0,0,0,0,0.88888888888888884,-3.127023874961107e-06,0.00013393891580173531,0.0067546512086543173,0,1.3072961132771774e-05
34,6,0,0.094685979943115978,0.0089654347977881615,1,-1,3,1,1,-1,1,1993,0.0032555036691127416,0.062441627751834552,0.059186124082721808,0.00012257695547931175,0.058979307121822817,0.058856730166343504,0.00046750710293667929,0.00023394156760198978,0.00046750710293667929,0.00044385260098984969,0.00086706279932432238,0.0005227729414844682,0.00089562531638359699,0.062174783188792528,0.055240514762405275,0.056136140078788872,0.00089562531638359699,0,0,0,0,0,0.99322154834106313,-0.0053497139399126823,0.0017285868120385857,0.028180646015791819,0,0.016238303167775834
35,1,6,0.09599299850756611,0.0092146557624735882,1,1,1,0,1,-1,1,2200,0.0021881254169446298,0.062494996664442956,0.060306871247498325,7.2704503531709818e-05,0.08172114743162108,0.081648442928089371,-0.00046178335766365179,0.0040152141363085942,0.0013334993154011472,0.00047978941643659484,0.0056196689542201746,0.0040416813864810634,0.031860874517447652,0.061203016752792098,0.08172114743162108,0.049860272914173429,-0.031860874517447652,0,0,0,0,0,0.94855892010215248,-9.6789771841865864e-05,0.0017229154873032876,0.022993503543619814,0,0.0022929036671839108
35,1,6,0.09599299850756611,0.0092146557624735882,1,1,3,1,1,-1,1,1992,0.0033088725817211474,0.062442975965726621,0.059134103384005474,0.00012503362348092564,0.058972648432288187,0.058847614808807264,0.00048059881906915397,0.0002399653882451954,0.00048059881906915397,0.00045642205255764373,0.00088962452950351394,0.00053717651888958516,0.0009181914140108105,0.062174783188792535,0.055217948664778208,0.056136140078789018,0.0009181914140108105,0,0,0,0,0,0.99322154834106313,-0.0053606122551191687,0.0017229154873032876,0.039934866462941969,0,0.016276373742389608
35,1,6,0.09599299850756611,0.0092146557624735882,1,-1,1,0,1,-1,1,2115,0.0040289508253765769,0.062338811232804998,0.058309860407428422,0.0001846136528299946,0.057053823167181036,0.056869209514351045,0.00064047223513483294,0.00069032937880435881,0.00064047223513483294,0.00047984401150103981,0.0021161208277320027,0.00094167899797065711,0.0049779695058134593,0.060021244363818699,0.040160106737825219,0.045138076243638678,0.0049779695058134593,0,0,0,0,0,0.57025430259440024,-9.1873489437376227e-05,0.0017229154873032876,0.015187032251181103,0,0.00081831980504073565
35,1,6,0.09599299850756611,0.0092146557624735882,1,-1,1,0,2,-1,0,16,0.062354862293439395,0.062390644598675576,3.5782305236181644e-05,0.057420818117573498,0.05787550846359097,0.00045469034601747227,0.0010068614266668984,0.0001965925184560625,0.0010068614266668984,0.00090993296409824093,0.0013443078839226186,0.0010258745297659941,0.0013443078839226186,0.062388258839226142,0.057420818117573498,0.058765126001496117,0.0013443078839226186,0,0,0,0,0,0.94117647058823528,-1.1288970443486096e-05,0.00026818783046063014,0.011391870303997182,0,4.9486758911645136e-05
35,1,6,0.09599299850756611,0.0092146557624735882,1,-1,3,1,1,-1,1,1992,0.0033088725817211474,0.062442975965726621,0.059134103384005474,0.00012503362348092564,0.058972648432288187,0.058847614808807264,0.00048059881906915397,0.0002399653882451954,0.00048059881906915397,0.00045642205255764373,0.00088962452950351394,0.00053717651888958516,0.0009181914140108105,0.062174783188792535,0.055217948664778208,0.056136140078789018,0.0009181914140108105,0,0,0,0,0,0.99322154834106313,-0.0053606122551191687,0.0017229154873032876,0.028141398431071933,0,0.016276373742389608
36,6,1,0.09599299850756611,0.0092146557624735882,1,1,1,0,1,-1,1,2200,0.0021881254169446298,0.062494996664442956,0.060306871247498325,7.2704503531709818e-05,0.08172114743162108,0.081648442928089371,-0.00046178335766365179,0.0040152141363085942,0.0013334993154011472,0.00047978941643659484,0.0056196689542201746,0.0040416813864810634,0.031860874517447652,0.061203016752792098,0.08172114743162108,0.049860272914173429,-0.031860874517447652,0,0,0,0,0,0.94855892010215248,-9.6789771841865864e-05,0.0017229154873032876,0.022993503543619814,0,0.0022929036671839108
36,6,1,0.09599299850756611,0.0092146557624735882,1,1,3,1,1,-1,1,1992,0.0033088725817211474,0.062442975965726621,0.059134103384005474,0.00012503362348092564,0.058972648432288187,0.058847614808807264,0.00048059881906915397,0.0002399653882451954,0.00048059881906915397,0.00045642205255764373,0.00088962452950351394,0.00053717651888958516,0.0009181914140108105,0.062174783188792535,0.055217948664778208,0.056136140078789018,0.0009181914140108105,0,0,0,0,0,0.99322154834106313,-0.0053606122551191687,0.0017229154873032876,0.039934866462941969,0,0.016276373742389608
36,6,1,0.09599299850756611,0.0092146557624735882,1,-1,1,0,1,-1,1,2115,0.0040289508253765769,0.062338811232804998,0.058309860407428422,0.0001846136528299946,0.057053823167181036,0.056869209514351045,0.00064047223513483294,0.00069032937880435881,0.00064047223513483294,0.00047984401150103981,0.0021161208277320027,0.00094167899797065711,0.0049779695058134593,0.060021244363818699,0.040160106737825219,0.045138076243638678,0.0049779695058134593,0,0,0,0,0,0.57025430259440024,-9.1873489437376227e-05,0.0017229154873032876,0.015187032251181103,0,0.00081831980504073565
36,6,1,0.09599299850756611,0.0092146557624735882,1,-1,1,0,2,-1,0,16,0.062354862293439395,0.062390644598675576,3.5782305236181644e-05,0.057420818117573498,0.05787550846359097,0.00045469034601747227,0.0010068614266668984,0.0001965925184560625,0.0010068614266668984,0.00090993296409824093,0.0013443078839226186,0.0010258745297659941,0.0013443078839226186,0.062388258839226142,0.057420818117573498,0.058765126001496117,0.0013443078839226186,0,0,0,0,0,0.94117647058823528,-1.1288970443486096e-05,0.00026818783046063014,0.011391870303997182,0,4.9486758911645136e-05
36,6,1,0.09599299850756611,0.0092146557624735882,1,-1,3,1,1,-1,1,1992,0.0033088725817211474,0.062442975965726621,0.059134103384005474,0.00012503362348092564,0.058972648432288187,0.058847614808807264,0.00048059881906915397,0.0002399653882451954,0.00048059881906915397,0.00045642205255764373,0.00088962452950351394,0.00053717651888958516,0.0009181914140108105,0.062174783188792535,0.055217948664778208,0.056136140078789018,0.0009181914140108105,0,0,0,0,0,0.99322154834106313,-0.0053606122551191687,0.0017229154873032876,0.028141398431071933,0,0.016276373742389608
37,2,6,0.099811104319312241,0.0099622565454406294,1,1,1,0,1,-1,1,2196,0.0022414943295530352,0.062492784584264861,0.060251290254711827,7.7868021947657701e-05,0.08172114743162108,0.081643279409673419,-0.00038810776168677664,0.0038920078497653434,0.001330470747789015,0.00051758657594171663,0.0054196410276221053,0.0039113108719860887,0.031862996976302724,0.061202574821950642,0.08172114743162108,0.049858150455318356,-0.031862996976302724,0,0,0,0,0,0.94124087591240879,-0.00010384016286786425,0.0017059106175055963,0.022784200991245798,0,0.0023352683327208259
37,2,6,0.099811104319312241,0.0099622565454406294,1,1,3,1,1,-1,1,1986,0.0035223482321547696,0.062441627751834552,0.058919279519679783,0.0001373172278379954,0.058918082413448425,0.058780765185610429,0.00052008190212876853,0.00025751490206675363,0.00052008190212876853,0.00049446192549612578,0.00095600794533808563,0.00058034395810443974,0.00098536647318544363,0.062174783188792528,0.055150773605603429,0.056136140078788872,0.00098536647318544363,0,0,0,0,0,0.99285969296679755,-0.0053933200515008843,0.0017059106175055963,0.03988861449484802,0,0.016390660803179927
37,2,6,0.099811104319312241,0.0099622565454406294,1,-1,1,0,1,-1,0,16,0.0041168195036486799,0.0045897264843228818,0.00047290698067420193,0.00018906205112944141,0.00024826408916966221,5.9202038040220801e-05,0.00011535359295390297,1.1998781896110195e-05,0.00011535359295390297,0.0001099458705699076,0.00014038391306785066,0.00011597595515608034,0.00014654697010479579,0.0043762508338892597,0.00018906205112944141,0.00033560902123423719,0.00014654697010479579,0,0,0,0,0,0.76190476190476186,-8.1863850778467958e-07,4.4478049526286011e-06,0.0011874177753693285,0,4.4284492421027311e-06
37,2,6,0.099811104319312241,0.0099622565454406294,1,-1,1,0,2,-1,1,2077,0.0047060322831854705,0.062286679661865393,0.057580647378679919,0.00024337409665228728,0.056300937989606691,0.056057563892954403,0.00068025462853575462,0.00069932390427307099,0.00068025462853575462,0.00051861606085915057,0.0021782963964924861,0.00097560252292214222,0.0049744811503743755,0.060020220924987377,0.040160106737825219,0.045134587888199594,0.0049744811503743755,0,0,0,0,0,0.56186506902839284,-9.8993034737830036e-05,0.0017059106175055963,0.015177688773192017,0,0.00081743904796846892
37,2,6,0.099811104319312241,0.0099622565454406294,1,-1,1,0,3,-1,0,21,0.062281698235042607,0.062338452177031344,5.6753941988736678e-05,0.05630420280186791,0.056991449942221051,0.00068724714035314077,0.0010910920140812109,0.00020624384712562385,0.0010910920140812109,0.00096995553206569857,0.001499642036639659,0.0011104135750561459,0.0015729147084112827,0.062338452177031344,0.056437625083388919,0.058010539791800202,0.0015729147084112827,0,0,0,0,0,0.88,-9.8389807299607477e-05,0.00033056046322240621,0.012896264894434914,0,0.00040658290862839687
37,2,6,0.099811104319312241,0.0099622565454406294,1,-1,1,0,4,-1,0,14,0.062358404294661544,0.062390308684652972,3.1904389991427307e-05,0.057426085855389934,0.057817702229546936,0.0003916163741570014,0.0010498842849962502,0.0001762164324073087,0.0010498842849962502,0.00097267509089536686,0.0013390401461064183,0.001064569980288965,0.0013390401461064183,0.062388258839226149,0.057426085855389934,0.058765126001496353,0.0013390401461064183,0,0,0,0,0,0.93333333333333335,-1.1970082718679185e-05,0.0002436565493253247,0.010519928205596579,0,5.1291545306762108e-05
37,2,6,0.099811104319312241,0.0099622565454406294,1,-1,3,1,1,-1,1,1986,0.0035223482321547696,0.062441627751834552,0.058919279519679783,0.0001373172278379954,0.058918082413448425,0.058780765185610429,0.00052008190212876853,0.00025751490206675363,0.00052008190212876853,0.00049446192549612578,0.00095600794533808563,0.00058034395810443974,0.00098536647318544363,0.062174783188792528,0.055150773605603429,0.056136140078788872,0.00098536647318544363,0,0,0,0,0,0.99285969296679755,-0.0053933200515008843,0.0017059106175055963,0.028019079659235259,0,0.016390660803179927
38,6,2,0.099811104319312241,0.0099622565454406294,1,1,1,0,1,-1,1,2196,0.0022414943295530352,0.062492784584264861,0.060251290254711827,7.7868021947657701e-05,0.08172114743162108,0.081643279409673419,-0.00038810776168677664,0.0038920078497653434,0.001330470747789015,0.00051758657594171663,0.0054196410276221053,0.0039113108719860887,0.031862996976302724,0.061202574821950642,0.08172114743162108,0.049858150455318356,-0.031862996976302724,0,0,0,0,0,0.94124087591240879,-0.00010384016286786425,0.0017059106175055963,0.022784200991245798,0,0.0023352683327208259
38,6,2,0.099811104319312241,0.0099622565454406294,1,1,3,1,1,-1,1,1986,0.0035223482321547696,0.062441627751834552,0.058919279519679783,0.0001373172278379954,0.058918082413448425,0.058780765185610429,0.00052008190212876853,0.00025751490206675363,0.00052008190212876853,0.00049446192549612578,0.00095600794533808563,0.00058034395810443974,0.00098536647318544363,0.062174783188792528,0.055150773605603429,0.056136140078788872,0.00098536647318544363,0,0,0,0,0,0.99285969296679755,-0.0053933200515008843,0.0017059106175055963,0.03988861449484802,0,0.016390660803179927
38,6,2,0.099811104319312241,0.0099622565454406294,1,-1,1,0,1,-1,0,16,0.0041168195036486799,0.0045897264843228818,0.00047290698067420193,0.00018906205112944141,0.00024826408916966221,5.9202038040220801e-05,0.00011535359295390297,1.1998781896110195e-05,0.00011535359295390297,0.0001099458705699076,0.00014038391306785066,0.00011597595515608034,0.00014654697010479579,0.0043762508338892597,0.00018906205112944141,0.00033560902123423719,0.00014654697010479579,0,0,0,0,0,0.76190476190476186,-8.1863850778467958e-07,4.4478049526286011e-06,0.0011874177753693285,0,4.4284492421027311e-06
38,6,2,0.099811104319312241,0.0099622565454406294,1,-1,1,0,2,-1,1,2077,0.0047060322831854705,0.062286679661865393,0.057580647378679919,0.00024337409665228728,0.056300937989606691,0.056057563892954403,0.00068025462853575462,0.00069932390427307099,0.00068025462853575462,0.00051861606085915057,0.0021782963964924861,0.00097560252292214222,0.0049744811503743755,0.060020220924987377,0.040160106737825219,0.045134587888199594,0.0049744811503743755,0,0,0,0,0,0.56186506902839284,-9.8993034737830036e-05,0.0017059106175055963,0.015177688773192017,0,0.00081743904796846892
38,6,2,0.099811104319312241,0.0099622565454406294,1,-1,1,0,3,-1,0,21,0.062281698235042607,0.062338452177031344,5.6753941988736678e-05,0.05630420280186791,0.056991449942221051,0.00068724714035314077,0.0010910920140812109,0.00020624384712562385,0.0010910920140812109,0.00096995553206569857,0.001499642036639659,0.0011104135750561459,0.0015729147084112827,0.062338452177031344,0.056437625083388919,0.058010539791800202,0.0015729147084112827,0,0,0,0,0,0.88,-9.8389807299607477e-05,0.00033056046322240621,0.012896264894434914,0,0.00040658290862839687
38,6,2,0.099811104319312241,0.0099622565454406294,1,-1,1,0,4,-1,0,14,0.062358404294661544,0.062390308684652972,3.1904389991427307e-05,0.057426085855389934,0.057817702229546936,0.0003916163741570014,0.0010498842849962502,0.0001762164324073087,0.0010498842849962502,0.00097267509089536686,0.0013390401461064183,0.001064569980288965,0.0013390401461064183,0.062388258839226149,0.057426085855389934,0.058765126001496353,0.0013390401461064183,0,0,0,0,0,0.93333333333333335,-1.1970082718679185e-05,0.0002436565493253247,0.010519928205596579,0,5.1291545306762108e-05
38,6,2,0.099811104319312241,0.0099622565454406294,1,-1,3,1,1,-1,1,1986,0.0035223482321547696,0.062441627751834552,0.058919279519679783,0.0001373172278379954,0.058918082413448425,0.058780765185610429,0.00052008190212876853,0.00025751490206675363,0.00052008190212876853,0.00049446192549612578,0.00095600794533808563,0.00058034395810443974,0.00098536647318544363,0.062174783188792528,0.055150773605603429,0.056136140078788872,0.00098536647318544363,0,0,0,0,0,0.99285969296679755,-0.0053933200515008843,0.0017059106175055963,0.028019079659235259,0,0.016390660803179927
39,4,5,0.10106291328388925,0.010213712441426919,1,1,1,0,1,-1,1,2195,0.0022414943295530352,0.062491507587567621,0.060250013258014587,7.7570613728193027e-05,0.08172114743162108,0.081643576817892888,-0.00037406352378559958,0.0038924112677464679,0.001339974207035225,0.00053158923240381739,0.0053520210769153727,0.0039103438464036079,0.031863681548977521,0.061202432265926213,0.08172114743162108,0.049857465882643559,-0.031863681548977521,0,0,0,0,0,0.94048922964585613,-0.00010599662988285468,0.001700197259911912,0.022724261256448882,0,0.0023495184439574672
39,4,5,0.10106291328388925,0.010213712441426919,1,1,3,1,1,-1,1,1983,0.0036824549699799865,0.062442157067559838,0.058759702097579851,0.00014850766157687497,0.058905937291527682,0.058757429629950807,0.00053373408759714222,0.00026324768236103192,0.00053373408759714222,0.00050789035497755125,0.00097804698147701966,0.000595123028063617,0.0010077428700498367,0.062121414276184117,0.054628154762877308,0.055635897632927145,0.0010077428700498367,0,0,0,0,0,0.9921428571428571,-0.0054043262798724491,0.001700197259911912,0.039864433058493548,0,0.01642912891684695
39,4,5,0.10106291328388925,0.010213712441426919,1,-1,1,0,1,-1,0,16,0.0041470504245274976,0.0045897264843228818,0.00044267605979538428,0.00019049667248222105,0.00024176562354968827,5.1268951067467224e-05,0.00011775497173304669,1.1131616946745329e-05,0.00011775497173304669,0.00011245403045990901,0.00013890865689317563,0.00011827994869672412,0.00014511234875201615,0.0043762508338892597,0.00019049667248222105,0.00033560902123423719,0.00014511234875201615,0,0,0,0,0,0.76190476190476186,-7.4035553093725739e-07,4.029031764861698e-06,0.0011294183422133463,0,3.8365427656516365e-06
39,4,5,0.10106291328388925,0.010213712441426919,1,-1,1,0,2,-1,1,2080,0.0047339467780190235,0.062286554524325854,0.057552607746306828,0.00024421786984890343,0.056279631802960667,0.056035413933111761,0.00069139350789587087,0.00069785719309915057,0.00069139350789587087,0.0005312463949650216,0.0021719308866873042,0.0009823592238691419,0.0049733425958402161,0.060019886838317132,0.040160106737825219,0.045133449333665435,0.0049733425958402161,0,0,0,0,0,0.56108361552487629,-0.00010138478660106895,0.001700197259911912,0.015137045216295062,0,0.00080373574729609445
39,4,5,0.10106291328388925,0.010213712441426919,1,-1,1,0,3,-1,0,19,0.062282854780690684,0.062338332894464464,5.5478113773779758e-05,0.05630420280186791,0.056970653383799356,0.00066645058193144646,0.0011134005829116355,0.00020444711553499042,0.0011134005829116355,0.00099075209048739288,0.0015052971294649705,0.0011320156717459999,0.001571260673216883,0.062338332894464464,0.056437625083388919,0.058008885756605802,0.001571260673216883,0,0,0,0,0,0.86956521739130432,-0.0001008064579359874,0.00032365696516770755,0.012478418022221801,0,0.00041583541636935352
39,4,5,0.10106291328388925,0.010213712441426919,1,-1,1,0,4,-1,0,14,0.062359595648538095,0.062390197047307118,3.0601398769022903e-05,0.057427277555532369,0.05779885187467166,0.0003715743191392909,0.0010595696062677764,0.00016675887812222891,0.0010595696062677764,0.00098113958340493093,0.0013378484459639836,0.0010726118934447049,0.0013378484459639836,0.062388258839226149,0.057427277555532369,0.058765126001496353,0.0013378484459639836,0,0,0,0,0,0.93333333333333335,-1.2325733528986295e-05,0.00023521591965738078,0.010308189837664412,0,5.2433311219499225e-05
39,4,5,0.10106291328388925,0.010213712441426919,1,-1,3,1,1,-1,1,1983,0.0036824549699799865,0.062442157067559838,0.058759702097579851,0.00014850766157687497,0.058905937291527682,0.058757429629950807,0.00053373408759714222,0.00026324768236103192,0.00053373408759714222,0.00050789035497755125,0.00097804698147701966,0.000595123028063617,0.0010077428700498367,0.062121414276184117,0.054628154762877308,0.055635897632927145,0.0010077428700498367,0,0,0,0,0,0.9921428571428571,-0.0054043262798724491,0.001700197259911912,0.027976665056036416,0,0.01642912891684695
40,5,4,0.10106291328388925,0.010213712441426919,1,1,1,0,1,-1,1,2195,0.0022414943295530352,0.062491507587567621,0.060250013258014587,7.7570613728193027e-05,0.08172114743162108,0.081643576817892888,-0.00037406352378559958,0.0038924112677464679,0.001339974207035225,0.00053158923240381739,0.0053520210769153727,0.0039103438464036079,0.031863681548977521,0.061202432265926213,0.08172114743162108,0.049857465882643559,-0.031863681548977521,0,0,0,0,0,0.94048922964585613,-0.00010599662988285468,0.001700197259911912,0.022724261256448882,0,0.0023495184439574672
40,5,4,0.10106291328388925,0.010213712441426919,1,1,3,1,1,-1,1,1983,0.0036824549699799865,0.062442157067559838,0.058759702097579851,0.00014850766157687497,0.058905937291527682,0.058757429629950807,0.00053373408759714222,0.00026324768236103192,0.00053373408759714222,0.00050789035497755125,0.00097804698147701966,0.000595123028063617,0.0010077428700498367,0.062121414276184117,0.054628154762877308,0.055635897632927145,0.0010077428700498367,0,0,0,0,0,0.9921428571428571,-0.0054043262798724491,0.001700197259911912,0.039864433058493548,0,0.01642912891684695
40,5,4,0.10106291328388925,0.010213712441426919,1,-1,1,0,1,-1,0,16,0.0041470504245274976,0.0045897264843228818,0.00044267605979538428,0.00019049667248222105,0.00024176562354968827,5.1268951067467224e-05,0.00011775497173304669,1.1131616946745329e-05,0.00011775497173304669,0.00011245403045990901,0.00013890865689317563,0.00011827994869672412,0.00014511234875201615,0.0043762508338892597,0.00019049667248222105,0.00033560902123423719,0.00014511234875201615,0,0,0,0,0,0.76190476190476186,-7.4035553093725739e-07,4.029031764861698e-06,0.0011294183422133463,0,3.8365427656516365e-06
40,5,4,0.10106291328388925,0.010213712441426919,1,-1,1,0,2,-1,1,2080,0.0047339467780190235,0.062286554524325854,0.057552607746306828,0.00024421786984890343,0.056279631802960667,0.056035413933111761,0.00069139350789587087,0.00069785719309915057,0.00069139350789587087,0.0005312463949650216,0.0021719308866873042,0.0009823592238691419,0.0049733425958402161,0.060019886838317132,0.040160106737825219,0.045133449333665435,0.0049733425958402161,0,0,0,0,0,0.56108361552487629,-0.00010138478660106895,0.001700197259911912,0.015137045216295062,0,0.00080373574729609445
40,5,4,0.10106291328388925,0.010213712441426919,1,-1,1,0,3,-1,0,19,0.062282854780690684,0.062338332894464464,5.5478113773779758e-05,0.05630420280186791,0.056970653383799356,0.00066645058193144646,0.0011134005829116355,0.00020444711553499042,0.0011134005829116355,0.00099075209048739288,0.0015052971294649705,0.0011320156717459999,0.001571260673216883,0.062338332894464464,0.056437625083388919,0.058008885756605802,0.001571260673216883,0,0,0,0,0,0.86956521739130432,-0.0001008064579359874,0.00032365696516770755,0.012478418022221801,0,0.00041583541636935352
40,5,4,0.10106291328388925,0.010213712441426919,1,-1,1,0,4,-1,0,14,0.062359595648538095,0.062390197047307118,3.0601398769022903e-05,0.057427277555532369,0.05779885187467166,0.0003715743191392909,0.0010595696062677764,0.00016675887812222891,0.0010595696062677764,0.00098113958340493093,0.0013378484459639836,0.0010726118934447049,0.0013378484459639836,0.062388258839226149,0.057427277555532369,0.058765126001496353,0.0013378484459639836,0,0,0,0,0,0.93333333333333335,-1.2325733528986295e-05,0.00023521591965738078,0.010308189837664412,0,5.2433311219499225e-05
40,5,4,0.10106291328388925,0.010213712441426919,1,-1,3,1,1,-1,1,1983,0.0036824549699799865,0.062442157067559838,0.058759702097579851,0.00014850766157687497,0.058905937291527682,0.058757429629950807,0.00053373408759714222,0.00026324768236103192,0.00053373408759714222,0.00050789035497755125,0.00097804698147701966,0.000595123028063617,0.0010077428700498367,0.062121414276184117,0.054628154762877308,0.055635897632927145,0.0010077428700498367,0,0,0,0,0,0.9921428571428571,-0.0054043262798724491,0.001700197259911912,0.027976665056036416,0,0.01642912891684695
41,3,6,0.10586808220092093,0.011208050828900952,1,1,1,0,1,-1,1,2191,0.0023482321547698467,0.062488202824225243,0.060139970669455395,8.3946791220559827e-05,0.08172114743162108,0.081637200640400517,-0.00033665852924444486,0.0039102151936410571,0.0013947238270971161,0.00058414610115729154,0.0054300328664284581,0.0039246811113636216,0.03186625459933537,0.061201896378627746,0.08172114743162108,0.04985489283228571,-0.03186625459933537,0,0,0,0,0,0.93535427319211106,-0.00011508750629894872,0.0016776170344839564,0.022462508071871414,0,0.002405871744339452
41,3,6,0.10586808220092093,0.011208050828900952,1,1,3,1,1,-1,1,1975,0.0040560373582388259,0.062441627751834552,0.058385590393595727,0.0001736967972468357,0.058852081785648214,0.058678384988401375,0.00058657116658027608,0.00028603517765868125,0.00058657116658027608,0.00055897168638750078,0.0010672771192357933,0.00065259624295699054,0.0010957152062828351,0.062121414276184117,0.05454018242664431,0.055635897632927145,0.0010957152062828351,0,0,0,0,0,0.99106185198426888,-0.0054478737050475965,0.0016776170344839564,0.039822138054630543,0,0.016581383172436261
41,3,6,0.10586808220092093,0.011208050828900952,1,-1,1,0,1,-1,0,10,0.004269352878250531,0.0044829886591060703,0.0002136357808555393,0.00019589439275978504,0.00022217410948528423,2.6279716725499192e-05,0.00012622076634715207,5.1762249565719141e-06,0.00012622076634715207,0.00012429185723537877,0.0001359096654362822,0.00012632685843502717,0.00013971462847445215,0.0043762508338892597,0.00019589439275978504,0.00033560902123423719,0.00013971462847445215,0,0,0,0,0,0.76923076923076927,-3.6925396176697962e-07,2.1676574890399362e-06,0.00089613732156879609,0,1.7398472435007818e-06
41,3,6,0.10586808220092093,0.011208050828900952,1,-1,1,0,2,-1,1,2082,0.0048466108512151837,0.062286067236410739,0.057439456385195556,0.00025048438609577274,0.056196482874602258,0.055945998488506482,0.00074587717790910296,0.00071138902213216393,0.00074587717790910296,0.00058420387023139404,0.0022669275234086291,0.0010307313448885717,0.004968999988235745,0.060018612361661478,0.040160106737825219,0.045129106726060964,0.004968999988235745,0,0,0,0,0,0.55752674145577874,-0.00011070751370393746,0.0016776170344839564,0.014991428817467204,0,0.00079960586702457757
41,3,6,0.10586808220092093,0.011208050828900952,1,-1,1,0,3,-1,0,18,0.062291914547882563,0.062337868410384523,4.5953862501960097e-05,0.056345567198545624,0.056891534454447848,0.00054596725590222439,0.0012224518549218003,0.00021986351692009149,0.0012224518549218003,0.0010990527529173288,0.0016158382757411258,0.0012420662235461608,0.0016158382757411258,0.062334889926617745,0.056345567198545624,0.057961405474286749,0.0016158382757411258,0,0,0,0,0,0.94736842105263153,-6.1205232213339846e-06,0.00029264504541871302,0.012259608509258673,0,3.0278220583011553e-05
41,3,6,0.10586808220092093,0.011208050828900952,1,-1,1,0,4,-1,0,12,0.062364306649200348,0.062389762127418896,2.5455478218548711e-05,0.057430685419859392,0.057726930854557504,0.00029624543469811138,0.0011109701520543435,0.00013868631922164755,0.0011109701520543435,0.0010502184350702319,0.0013344405816369531,0.0011195930394098117,0.0013344405816369531,0.062388258839226156,0.057430685419859392,0.058765126001496346,0.0013344405816369531,0,0,0,0,0,0.92307692307692313,-1.4245930727958981e-05,0.0002007624863217344,0.009050146635813338,0,5.9134767544701475e-05
41,3,6,0.10586808220092093,0.011208050828900952,1,-1,3,1,1,-1,1,1975,0.0040560373582388259,0.062441627751834552,0.058385590393595727,0.0001736967972468357,0.058852081785648214,0.058678384988401375,0.00058657116658027608,0.00028603517765868125,0.00058657116658027608,0.00055897168638750078,0.0010672771192357933,0.00065259624295699054,0.0010957152062828351,0.062121414276184117,0.05454018242664431,0.055635897632927145,0.0010957152062828351,0,0,0,0,0,0.99106185198426888,-0.0054478737050475965,0.0016776170344839564,0.027815087624677468,0,0.016581383172436261
42,6,3,0.10586808220092093,0.011208050828900952,1,1,1,0,1,-1,1,2191,0.0023482321547698467,0.062488202824225243,0.060139970669455395,8.3946791220559827e-05,0.08172114743162108,0.081637200640400517,-0.00033665852924444486,0.0039102151936410571,0.0013947238270971161,0.00058414610115729154,0.0054300328664284581,0.0039246811113636216,0.03186625459933537,0.061201896378627746,0.08172114743162108,0.04985489283228571,-0.03186625459933537,0,0,0,0,0,0.93535427319211106,-0.00011508750629894872,0.0016776170344839564,0.022462508071871414,0,0.002405871744339452
42,6,3,0.10586808220092093,0.011208050828900952,1,1,3,1,1,-1,1,1975,0.0040560373582388259,0.062441627751834552,0.058385590393595727,0.0001736967972468357,0.058852081785648214,0.058678384988401375,0.00058657116658027608,0.00028603517765868125,0.00058657116658027608,0.00055897168638750078,0.0010672771192357933,0.00065259624295699054,0.0010957152062828351,0.062121414276184117,0.05454018242664431,0.055635897632927145,0.0010957152062828351,0,0,0,0,0,0.99106185198426888,-0.0054478737050475965,0.0016776170344839564,0.039822138054630543,0,0.016581383172436261
42,6,3,0.10586808220092093,0.011208050828900952,1,-1,1,0,1,-1,0,10,0.004269352878250531,0.0044829886591060703,0.0002136357808555393,0.00019589439275978504,0.00022217410948528423,2.6279716725499192e-05,0.00012622076634715207,5.1762249565719141e-06,0.00012622076634715207,0.00012429185723537877,0.0001359096654362822,0.00012632685843502717,0.00013971462847445215,0.0043762508338892597,0.00019589439275978504,0.00033560902123423719,0.00013971462847445215,0,0,0,0,0,0.76923076923076927,-3.6925396176697962e-07,2.1676574890399362e-06,0.00089613732156879609,0,1.7398472435007818e-06
42,6,3,0.10586808220092093,0.011208050828900952,1,-1,1,0,2,-1,1,2082,0.0048466108512151837,0.062286067236410739,0.057439456385195556,0.00025048438609577274,0.056196482874602258,0.055945998488506482,0.00074587717790910296,0.00071138902213216393,0.00074587717790910296,0.00058420387023139404,0.0022669275234086291,0.0010307313448885717,0.004968999988235745,0.060018612361661478,0.040160106737825219,0.045129106726060964,0.004968999988235745,0,0,0,0,0,0.55752674145577874,-0.00011070751370393746,0.0016776170344839564,0.014991428817467204,0,0.00079960586702457757
42,6,3,0.10586808220092093,0.011208050828900952,1,-1,1,0,3,-1,0,18,0.062291914547882563,0.062337868410384523,4.5953862501960097e-05,0.056345567198545624,0.056891534454447848,0.00054596725590222439,0.0012224518549218003,0.00021986351692009149,0.0012224518549218003,0.0010990527529173288,0.0016158382757411258,0.0012420662235461608,0.0016158382757411258,0.062334889926617745,0.056345567198545624,0.057961405474286749,0.0016158382757411258,0,0,0,0,0,0.94736842105263153,-6.1205232213339846e-06,0.00029264504541871302,0.012259608509258673,0,3.0278220583011553e-05
42,6,3,0.10586808220092093,0.011208050828900952,1,-1,1,0,4,-1,0,12,0.062364306649200348,0.062389762127418896,2.5455478218548711e-05,0.057430685419859392,0.057726930854557504,0.00029624543469811138,0.0011109701520543435,0.00013868631922164755,0.0011109701520543435,0.0010502184350702319,0.0013344405816369531,0.0011195930394098117,0.0013344405816369531,0.062388258839226156,0.057430685419859392,0.058765126001496346,0.0013344405816369531,0,0,0,0,0,0.92307692307692313,-1.4245930727958981e-05,0.0002007624863217344,0.009050146635813338,0,5.9134767544701475e-05
42,6,3,0.10586808220092093,0.011208050828900952,1,-1,3,1,1,-1,1,1975,0.0040560373582388259,0.062441627751834552,0.058385590393595727,0.0001736967972468357,0.058852081785648214,0.058678384988401375,0.00058657116658027608,0.00028603517765868125,0.00058657116658027608,0.00055897168638750078,0.0010672771192357933,0.00065259624295699054,0.0010957152062828351,0.062121414276184117,0.05454018242664431,0.055635897632927145,0.0010957152062828351,0,0,0,0,0,0.99106185198426888,-0.0054478737050475965,0.0016776170344839564,0.027815087624677468,0,0.016581383172436261
43,0,7,0.11045206220901628,0.012199658046224403,1,1,1,0,1,-1,1,2177,0.0034156104069379581,0.062489991129173764,0.059074380722235809,0.00014685296471366054,0.08172114743162108,0.081574294466907421,-0.00027663058986517698,0.0038788920295366441,0.0014318621837678314,0.00063790987221641615,0.0053341504641653877,0.0038887437380280103,0.031868624499555569,0.061201402699239293,0.08172114743162108,0.049852522932065511,-0.031868624499555569,0,0,0,0,0,0.92726608187134507,-0.00012449791469080828,0.001655133007755028,0.022201871069007388,0,0.0024620763699517269
43,0,7,0.11045206220901628,0.012199658046224403,1,1,3,1,1,-1,1,1967,0.0043762508338892597,0.062437537733213422,0.05806128689932416,0.00019742102506707418,0.05877251501000666,0.058575093984939583,0.00063899713490954207,0.00030840361631992083,0.00063899713490954207,0.00060979918507753778,0.0011543721319466501,0.00070952810302468531,0.0011821539831555136,0.062068045363575713,0.053988104720171716,0.05517025870332723,0.0011821539831555136,0,0,0,0,0,0.99033643521832493,-0.0054913422909977734,0.001655133007755028,0.039734139139935752,0,0.016733442120724598
43,0,7,0.11045206220901628,0.012199658046224403,1,-1,1,0,1,-1,1,2079,0.0049628162136151326,0.062285593043689601,0.057322776830074466,0.00025613582191168314,0.056116251589514596,0.055860115767602914,0.00078439998068764152,0.00069361639060389448,0.00078439998068764152,0.00063307123668539245,0.0021629857572798561,0.001047085014226231,0.0049649042341269878,0.060017410008266214,0.040160106737825219,0.045125010971952206,0.0049649042341269878,0,0,0,0,0,0.55317481055657169,-0.00011993087373480305,0.001655133007755028,0.01484386427995156,0,0.00082621184517014316
43,0,7,0.11045206220901628,0.012199658046224403,1,-1,1,0,2,-1,0,16,0.062296935964756064,0.062337416412851621,4.0480448095556176e-05,0.056355845780275138,0.056815956295352091,0.000460110515076953,0.0012729279615859533,0.0001914699347666142,0.0012729279615859533,0.0011697996752290905,0.0016055596940116115,0.0012872475796469386,0.0016055596940116115,0.062334889926617745,0.056355845780275138,0.057961405474286749,0.0016055596940116115,0,0,0,0,0,0.94117647058823528,-9.1066124592890972e-06,0.00026196348416213734,0.011291034968171779,0,4.0897380119010085e-05
43,0,7,0.11045206220901628,0.012199658046224403,1,-1,1,0,3,-1,0,10,0.06236900471005806,0.062389338579517055,2.0333869458995235e-05,0.0574329666360111,0.057659851578553495,0.00022688494254239494,0.0011606491522680208,0.00011190558278915936,0.0011606491522680208,0.0011171346807495007,0.0013321593654852526,0.0011660314378780089,0.0013321593654852526,0.062388258839226149,0.0574329666360111,0.058765126001496353,0.0013321593654852526,0,0,0,0,0,0.90909090909090906,-1.683703226527124e-05,0.0001643560700293256,0.007510273811394721,0,6.8718741906195185e-05
43,0,7,0.11045206220901628,0.012199658046224403,1,-1,3,1,1,-1,1,1967,0.0043762508338892597,0.062437537733213422,0.05806128689932416,0.00019742102506707418,0.05877251501000666,0.058575093984939583,0.00063899713490954207,0.00030840361631992083,0.00063899713490954207,0.00060979918507753778,0.0011543721319466501,0.00070952810302468531,0.0011821539831555136,0.062068045363575713,0.053988104720171716,0.05517025870332723,0.0011821539831555136,0,0,0,0,0,0.99033643521832493,-0.0054913422909977734,0.001655133007755028,0.027633936629594274,0,0.016733442120724598
44,7,0,0.11045206220901628,0.012199658046224403,1,1,1,0,1,-1,1,2177,0.0034156104069379581,0.062489991129173764,0.059074380722235809,0.00014685296471366054,0.08172114743162108,0.081574294466907421,-0.00027663058986517698,0.0038788920295366441,0.0014318621837678314,0.00063790987221641615,0.0053341504641653877,0.0038887437380280103,0.031868624499555569,0.061201402699239293,0.08172114743162108,0.049852522932065511,-0.031868624499555569,0,0,0,0,0,0.92726608187134507,-0.00012449791469080828,0.001655133007755028,0.022201871069007388,0,0.0024620763699517269
44,7,0,0.11045206220901628,0.012199658046224403,1,1,3,1,1,-1,1,1967,0.0043762508338892597,0.062437537733213422,0.05806128689932416,0.00019742102506707418,0.05877251501000666,0.058575093984939583,0.00063899713490954207,0.00030840361631992083,0.00063899713490954207,0.00060979918507753778,0.0011543721319466501,0.00070952810302468531,0.0011821539831555136,0.062068045363575713,0.053988104720171716,0.05517025870332723,0.0011821539831555136,0,0,0,0,0,0.99033643521832493,-0.0054913422909977734,0.001655133007755028,0.039734139139935752,0,0.016733442120724598
44,7,0,0.11045206220901628,0.012199658046224403,1,-1,1,0,1,-1,1,2079,0.0049628162136151326,0.062285593043689601,0.057322776830074466,0.00025613582191168314,0.056116251589514596,0.055860115767602914,0.00078439998068764152,0.00069361639060389448,0.00078439998068764152,0.00063307123668539245,0.0021629857572798561,0.001047085014226231,0.0049649042341269878,0.060017410008266214,0.040160106737825219,0.045125010971952206,0.0049649042341269878,0,0,0,0,0,0.55317481055657169,-0.00011993087373480305,0.001655133007755028,0.01484386427995156,0,0.00082621184517014316
44,7,0,0.11045206220901628,0.012199658046224403,1,-1,1,0,2,-1,0,16,0.062296935964756064,0.062337416412851621,4.0480448095556176e-05,0.056355845780275138,0.056815956295352091,0.000460110515076953,0.0012729279615859533,0.0001914699347666142,0.0012729279615859533,0.0011697996752290905,0.0016055596940116115,0.0012872475796469386,0.0016055596940116115,0.062334889926617745,0.056355845780275138,0.057961405474286749,0.0016055596940116115,0,0,0,0,0,0.94117647058823528,-9.1066124592890972e-06,0.00026196348416213734,0.011291034968171779,0,4.0897380119010085e-05
44,7,0,0.11045206220901628,0.012199658046224403,1,-1,1,0,3,-1,0,10,0.06236900471005806,0.062389338579517055,2.0333869458995235e-05,0.0574329666360111,0.057659851578553495,0.00022688494254239494,0.0011606491522680208,0.00011190558278915936,0.0011606491522680208,0.0011171346807495007,0.0013321593654852526,0.0011660314378780089,0.0013321593654852526,0.062388258839226149,0.0574329666360111,0.058765126001496353,0.0013321593654852526,0,0,0,0,0,0.90909090909090906,-1.683703226527124e-05,0.0001643560700293256,0.007510273811394721,0,6.8718741906195185e-05
44,7,0,0.11045206220901628,0.012199658046224403,1,-1,3,1,1,-1,1,1967,0.0043762508338892597,0.062437537733213422,0.05806128689932416,0.00019742102506707418,0.05877251501000666,0.058575093984939583,0.00063899713490954207,0.00030840361631992083,0.00063899713490954207,0.00060979918507753778,0.0011543721319466501,0.00070952810302468531,0.0011821539831555136,0.062068045363575713,0.053988104720171716,0.05517025870332723,0.0011821539831555136,0,0,0,0,0,0.99033643521832493,-0.0054913422909977734,0.001655133007755028,0.027633936629594274,0,0.016733442120724598
45,1,7,0.11157454463680248,0.01244887901090983,1,1,1,0,1,-1,1,2177,0.0034156104069379585,0.062490241162477714,0.059074630755539759,0.0001472102449325379,0.08172114743162108,0.081573937186688539,-0.00026372735207788432,0.0038805859535095172,0.0014418035253338443,0.00065116431388443155,0.0052633581745142738,0.0038895371779698136,0.031869191755368786,0.061201284518360211,0.08172114743162108,0.049851955676252294,-0.031869191755368786,0,0,0,0,0,0.92580409356725146,-0.00012685906369477125,0.0016494920604003575,0.02212920963197899,0,0.0024762032865819836
45,1,7,0.11157454463680248,0.01244887901090983,1,1,3,1,1,-1,1,1965,0.0044288965409062615,0.062430541334441023,0.058001644793534764,0.00020013342228152102,0.058705803869246162,0.058505670446964642,0.00065199886440878087,0.00031404437622668802,0.00065199886440878087,0.00062248791767183231,0.0011757885789886193,0.00072368942885049073,0.001203775255405104,0.062068045363575713,0.053966483447922126,0.05517025870332723,0.001203775255405104,0,0,0,0,0,0.98997852541159626,-0.0055022727451234932,0.0016494920604003575,0.039722617340811256,0,0.016771691123617389
45,1,7,0.11157454463680248,0.01244887901090983,1,-1,1,0,1,-1,0,16,0.0049927450388535877,0.0054436290860573715,0.00045088404720378377,0.00025747455709596175,0.00031526697759623121,5.7792420500269457e-05,0.00015694316316207125,1.1789995261968543e-05,0.00015694316316207125,0.00015130672072774257,0.00018127754461655217,0.00015738538830397744,0.00018793639923012279,0.0052301534356237493,0.00025747455709596175,0.00044541095632608455,0.00018793639923012279,0,0,0,0,0,0.76190476190476186,-7.0518629004513973e-07,5.0905771207255642e-06,0.0012998279870368812,0,3.6988309038652116e-06
45,1,7,0.11157454463680248,0.01244887901090983,1,-1,1,0,2,-1,1,2060,0.0055219074642810558,0.062285475673029736,0.056763568208748678,0.00031235018282953252,0.056096510401761807,0.055784160218932274,0.00080525645365463064,0.00070259941512226961,0.00080525645365463064,0.00065145348216170441,0.0022309385936131378,0.0010686832525508144,0.0049639090408621217,0.060017117810938506,0.040160106737825219,0.04512401577868734,0.0049639090408621217,0,0,0,0,0,0.55090765588003154,-0.0001219593698310848,0.0016494920604003575,0.014888748096635549,0,0.00079813617840555971
45,1,7,0.11157454463680248,0.01244887901090983,1,-1,1,0,3,-1,0,16,0.06229819799909328,0.062337304536094644,3.9106537001364072e-05,0.056357265331189392,0.056797508366318812,0.00044024303512942009,0.0012817573330399586,0.00018295808868411877,0.0012817573330399586,0.0011782101244470974,0.0016041401430973573,0.0012947492124024068,0.0016041401430973573,0.062334889926617745,0.056357265331189392,0.057961405474286749,0.0016041401430973573,0,0,0,0,0,0.94117647058823528,-9.9329950010345534e-06,0.00025407656042814042,0.011098329154766603,0,4.3899634374453027e-05
45,1,7,0.11157454463680248,0.01244887901090983,1,-1,1,0,4,-1,0,10,0.062370185475222585,0.062389233695107189,1.9048219884604256e-05,0.057433438787311789,0.057643349841127456,0.00020991105381566733,0.0011699822896772821,0.00010340248459400824,0.0011699822896772821,0.0011245010361517101,0.001331687214184557,0.0011745427331428643,0.001331687214184557,0.062388258839226156,0.057433438787311789,0.058765126001496346,0.001331687214184557,0,0,0,0,0,0.90909090909090906,-1.7577276246804414e-05,0.00015481620519033212,0.0071332325345820876,0,7.1512827859168752e-05
45,1,7,0.11157454463680248,0.01244887901090983,1,-1,3,1,1,-1,1,1965,0.0044288965409062615,0.062430541334441023,0.058001644793534764,0.00020013342228152102,0.058705803869246162,0.058505670446964642,0.00065199886440878087,0.00031404437622668802,0.00065199886440878087,0.00062248791767183231,0.0011757885789886193,0.00072368942885049073,0.001203775255405104,0.062068045363575713,0.053966483447922126,0.05517025870332723,0.001203775255405104,0,0,0,0,0,0.98997852541159626,-0.0055022727451234932,0.0016494920604003575,0.027582986678964697,0,0.016771691123617389
46,7,1,0.11157454463680248,0.01244887901090983,1,1,1,0,1,-1,1,2177,0.0034156104069379585,0.062490241162477714,0.059074630755539759,0.0001472102449325379,0.08172114743162108,0.081573937186688539,-0.00026372735207788432,0.0038805859535095172,0.0014418035253338443,0.00065116431388443155,0.0052633581745142738,0.0038895371779698136,0.031869191755368786,0.061201284518360211,0.08172114743162108,0.049851955676252294,-0.031869191755368786,0,0,0,0,0,0.92580409356725146,-0.00012685906369477125,0.0016494920604003575,0.02212920963197899,0,0.0024762032865819836
46,7,1,0.11157454463680248,0.01244887901090983,1,1,3,1,1,-1,1,1965,0.0044288965409062615,0.062430541334441023,0.058001644793534764,0.00020013342228152102,0.058705803869246162,0.058505670446964642,0.00065199886440878087,0.00031404437622668802,0.00065199886440878087,0.00062248791767183231,0.0011757885789886193,0.00072368942885049073,0.001203775255405104,0.062068045363575713,0.053966483447922126,0.05517025870332723,0.001203775255405104,0,0,0,0,0,0.98997852541159626,-0.0055022727451234932,0.0016494920604003575,0.039722617340811256,0,0.016771691123617389
46,7,1,0.11157454463680248,0.01244887901090983,1,-1,1,0,1,-1,0,16,0.0049927450388535877,0.0054436290860573715,0.00045088404720378377,0.00025747455709596175,0.00031526697759623121,5.7792420500269457e-05,0.00015694316316207125,1.1789995261968543e-05,0.00015694316316207125,0.00015130672072774257,0.00018127754461655217,0.00015738538830397744,0.00018793639923012279,0.0052301534356237493,0.00025747455709596175,0.00044541095632608455,0.00018793639923012279,0,0,0,0,0,0.76190476190476186,-7.0518629004513973e-07,5.0905771207255642e-06,0.0012998279870368812,0,3.6988309038652116e-06
46,7,1,0.11157454463680248,0.01244887901090983,1,-1,1,0,2,-1,1,2060,0.0055219074642810558,0.062285475673029736,0.056763568208748678,0.00031235018282953252,0.056096510401761807,0.055784160218932274,0.00080525645365463064,0.00070259941512226961,0.00080525645365463064,0.00065145348216170441,0.0022309385936131378,0.0010686832525508144,0.0049639090408621217,0.060017117810938506,0.040160106737825219,0.04512401577868734,0.0049639090408621217,0,0,0,0,0,0.55090765588003154,-0.0001219593698310848,0.0016494920604003575,0.014888748096635549,0,0.00079813617840555971
46,7,1,0.11157454463680248,0.01244887901090983,1,-1,1,0,3,-1,0,16,0.06229819799909328,0.062337304536094644,3.9106537001364072e-05,0.056357265331189392,0.056797508366318812,0.00044024303512942009,0.0012817573330399586,0.00018295808868411877,0.0012817573330399586,0.0011782101244470974,0.0016041401430973573,0.0012947492124024068,0.0016041401430973573,0.062334889926617745,0.056357265331189392,0.057961405474286749,0.0016041401430973573,0,0,0,0,0,0.94117647058823528,-9.9329950010345534e-06,0.00025407656042814042,0.011098329154766603,0,4.3899634374453027e-05
46,7,1,0.11157454463680248,0.01244887901090983,1,-1,1,0,4,-1,0,10,0.062370185475222585,0.062389233695107189,1.9048219884604256e-05,0.057433438787311789,0.057643349841127456,0.00020991105381566733,0.0011699822896772821,0.00010340248459400824,0.0011699822896772821,0.0011245010361517101,0.001331687214184557,0.0011745427331428643,0.001331687214184557,0.062388258839226156,0.057433438787311789,0.058765126001496346,0.001331687214184557,0,0,0,0,0,0.90909090909090906,-1.7577276246804414e-05,0.00015481620519033212,0.0071332325345820876,0,7.1512827859168752e-05
46,7,1,0.11157454463680248,0.01244887901090983,1,-1,3,1,1,-1,1,1965,0.0044288965409062615,0.062430541334441023,0.058001644793534764,0.00020013342228152102,0.058705803869246162,0.058505670446964642,0.00065199886440878087,0.00031404437622668802,0.00065199886440878087,0.00062248791767183231,0.0011757885789886193,0.00072368942885049073,0.001203775255405104,0.062068045363575713,0.053966483447922126,0.05517025870332723,0.001203775255405104,0,0,0,0,0,0.98997852541159626,-0.0055022727451234932,0.0016494920604003575,0.027582986678964697,0,0.016771691123617389
47,5,5,0.11160124644835866,0.012454838208827285,1,1,1,0,1,-1,1,2177,0.0034156104069379585,0.062490117348883163,0.059074506941945201,0.00014721698663885973,0.081721147431621094,0.081573930444982234,-0.00026346402773288569,0.0038806656568076419,0.0014420859717099383,0.00065148134387217269,0.0052633268872978086,0.0038895988525599291,0.031869205185789728,0.061201281720226736,0.081721147431621094,0.049851942245831365,-0.031869205185789728,0,0,0,0,0,0.92580409356725146,-0.00012691550232354031,0.0016493571158922708,0.022127448072791652,0,0.0024765410845116863
47,5,5,0.11160124644835866,0.012454838208827285,1,1,3,1,1,-1,1,1965,0.004429619746497665,0.062430562473168409,0.058000942726670744,0.00020012575697091222,0.058705803869246162,0.05850567811227525,0.00065230706936254866,0.00031418175067688916,0.00065230706936254866,0.00062279141527135651,0.0011763224074647222,0.00072402671580457014,0.0012042850349675907,0.062068045363575713,0.053965973668359639,0.05517025870332723,0.0012042850349675907,0,0,0,0,0,0.9899749373433584,-0.0055025342014521691,0.0016493571158922708,0.039735578613689287,0,0.016772606086811793
47,5,5,0.11160124644835866,0.012454838208827285,1,-1,1,0,1,-1,0,16,0.0049934608533323526,0.0054436290860573715,0.00045016823272501887,0.00025750619540779895,0.00031517518127894997,5.7668985871151023e-05,0.00015701166773975767,1.1767665682415547e-05,0.00015701166773975767,0.00015133192669852371,0.0001812449198853204,0.00015745203003465264,0.0001879047609182856,0.0052301534356237493,0.00025750619540779895,0.00044541095632608455,0.0001879047609182856,0,0,0,0,0,0.76190476190476186,-7.0551002783124035e-07,5.0787086080105626e-06,0.0012981979760098188,0,3.6967453595090494e-06
47,5,5,0.11160124644835866,0.012454838208827285,1,-1,1,0,2,-1,1,2060,0.0055225798823131675,0.062285472875332815,0.056762892993019648,0.00031238683032922432,0.056096047345292471,0.055783660514963244,0.00080553645091152441,0.00070258133109745444,0.00080553645091152441,0.00065176776145531821,0.0022309093659081745,0.0010688823604839805,0.0049638854058152854,0.060017110871259258,0.040160106737825219,0.045123992143640504,0.0049638854058152854,0,0,0,0,0,0.55064456721915289,-0.00012201605188174326,0.0016493571158922708,0.014887776949467654,0,0.00079826781922938796
47,5,5,0.11160124644835866,0.012454838208827285,1,-1,1,0,3,-1,0,16,0.062298228175978285,0.062337301869352657,3.9073693374372387e-05,0.056357296458936175,0.056797067252304129,0.00043977079336795372,0.001281969289724026,0.00018275737140365485,0.001281969289724026,0.0011784113128407679,0.0016041090153505744,0.0012949306995348815,0.0016041090153505744,0.062334889926617745,0.056357296458936175,0.057961405474286749,0.0016041090153505744,0,0,0,0,0,0.94117647058823528,-9.953099139352768e-06,0.00025388704804231205,0.011093614627640998,0,4.39729422299863e-05
47,5,5,0.11160124644835866,0.012454838208827285,1,-1,1,0,4,-1,0,10,0.062370213708855808,0.062389231194796779,1.9017485940971135e-05,0.057433449692382219,0.057642955263089338,0.00020950557070711917,0.0011702061312853825,0.00010320389592046223,0.0011702061312853825,0.0011246772499713328,0.001331676309114134,0.0011747482427444033,0.001331676309114134,0.062388258839226149,0.057433449692382219,0.058765126001496353,0.001331676309114134,0,0,0,0,0,0.90909090909090906,-1.7595376279155458e-05,0.00015458593889384844,0.0071228993898594826,0,7.1581377755607588e-05
47,5,5,0.11160124644835866,0.012454838208827285,1,-1,3,1,1,-1,1,1965,0.004429619746497665,0.062430562473168409,0.058000942726670744,0.00020012575697091222,0.058705803869246162,0.05850567811227525,0.00065230706936254866,0.00031418175067688916,0.00065230706936254866,0.00062279141527135651,0.0011763224074647222,0.00072402671580457014,0.0012042850349675907,0.062068045363575713,0.053965973668359639,0.05517025870332723,0.0012042850349675907,0,0,0,0,0,0.9899749373433584,-0.0055025342014521691,0.0016493571158922708,0.027591275991901185,0,0.016772606086811793
48,4,6,0.11380565950251084,0.012951728134801437,1,1,1,0,1,-1,1,2178,0.0033622414943295527,0.0624906956716565,0.059128454177326949,0.0001383434352703869,0.08172114743162108,0.081582803996350692,-0.00023376022428812099,0.0038638889538575479,0.0014562825744472182,0.00067683717257283234,0.0051878978306455293,0.0038709535892595772,0.031870303690980067,0.061201052843779795,0.08172114743162108,0.049850843740641013,-0.031870303690980067,0,0,0,0,0,0.92431444241316274,-0.00013159132156221281,0.0016381064666320293,0.021992866670713967,0,0.0025047081780350221
48,4,6,0.11380565950251084,0.012951728134801437,1,1,3,1,1,-1,1,1951,0.0046430953969312872,0.062432325062837267,0.057789229665905981,0.00021562726702509624,0.058705803869246162,0.058490176602221063,0.00067707362738668822,0.00032391955049561658,0.00067707362738668822,0.0006468096070791178,0.0012183896366841224,0.0007505681661886882,0.001246791481736953,0.062068045363575713,0.053923467221590277,0.05517025870332723,0.001246791481736953,0,0,0,0,0,0.98566821927624504,-0.0055243365374881698,0.0016381064666320293,0.039669850086343113,0,0.016848914076856986
48,4,6,0.11380565950251084,0.012951728134801437,1,-1,1,0,1,-1,0,14,0.0050536810611128968,0.0053902601734489661,0.00033657911233606931,0.00025850006870695229,0.000307521019438653,4.9020950731700711e-05,0.00016418132931496633,1.1856497013136906e-05,0.00016418132931496633,0.00015847342157580076,0.00018842265549207248,0.00016460888620318146,0.00019417478790886779,0.0052835223482321546,0.00025850006870695229,0.00045267485661582008,0.00019417478790886779,0,0,0,0,0,0.82352941176470584,-7.3067779168594005e-07,4.0981127170088973e-06,0.001190835632728112,0,3.5391465854873684e-06
48,4,6,0.11380565950251084,0.012951728134801437,1,-1,1,0,2,-1,1,2062,0.005579042627367887,0.062285241031444484,0.056706198404076598,0.00031535723248378412,0.056057436764144319,0.055742079531660535,0.00083149801159668668,0.00070503975806872571,0.00083149801159668668,0.00067853160952848282,0.0022595659728731118,0.0010901697132771808,0.004961940537880169,0.060016539786823364,0.040160106737825219,0.045122047275705388,0.004961940537880169,0,0,0,0,0,0.54935509344564359,-0.00012673939602531869,0.0016381064666320293,0.014819468893584374,0,0.00080701333261004116
48,4,6,0.11380565950251084,0.012951728134801437,1,-1,1,0,3,-1,0,14,0.062300744385436001,0.062337080877516458,3.6336492080457639e-05,0.056359542176798519,0.05676078648792969,0.00040124431113117143,0.0013144755032825951,0.00017307456643134137,0.0013144755032825951,0.0012312695243556389,0.0016018632974882305,0.0013258207474147582,0.0016018632974882305,0.062334889926617745,0.056359542176798519,0.057961405474286749,0.0016018632974882305,0,0,0,0,0,0.93333333333333335,-1.1683479652446169e-05,0.00023792610375511223,0.010370306427010111,0,5.0324922921662713e-05
48,4,6,0.11380565950251084,0.012951728134801437,1,-1,3,1,1,-1,1,1951,0.0046430953969312872,0.062432325062837267,0.057789229665905981,0.00021562726702509624,0.058705803869246162,0.058490176602221063,0.00067707362738668822,0.00032391955049561658,0.00067707362738668822,0.0006468096070791178,0.0012183896366841224,0.0007505681661886882,0.001246791481736953,0.062068045363575713,0.053923467221590277,0.05517025870332723,0.001246791481736953,0,0,0,0,0,0.98566821927624504,-0.0055243365374881698,0.0016381064666320293,0.027489992251361714,0,0.016848914076856986
49,6,4,0.11380565950251084,0.012951728134801437,1,1,1,0,1,-1,1,2178,0.0033622414943295527,0.0624906956716565,0.059128454177326949,0.0001383434352703869,0.08172114743162108,0.081582803996350692,-0.00023376022428812099,0.0038638889538575479,0.0014562825744472182,0.00067683717257283234,0.0051878978306455293,0.0038709535892595772,0.031870303690980067,0.061201052843779795,0.08172114743162108,0.049850843740641013,-0.031870303690980067,0,0,0,0,0,0.92431444241316274,-0.00013159132156221281,0.0016381064666320293,0.021992866670713967,0,0.0025047081780350221
49,6,4,0.11380565950251084,0.012951728134801437,1,1,3,1,1,-1,1,1951,0.0046430953969312872,0.062432325062837267,0.057789229665905981,0.00021562726702509624,0.058705803869246162,0.058490176602221063,0.00067707362738668822,0.00032391955049561658,0.00067707362738668822,0.0006468096070791178,0.0012183896366841224,0.0007505681661886882,0.001246791481736953,0.062068045363575713,0.053923467221590277,0.05517025870332723,0.001246791481736953,0,0,0,0,0,0.98566821927624504,-0.0055243365374881698,0.0016381064666320293,0.039669850086343113,0,0.016848914076856986
49,6,4,0.11380565950251084,0.012951728134801437,1,-1,1,0,1,-1,0,14,0.0050536810611128968,0.0053902601734489661,0.00033657911233606931,0.00025850006870695229,0.000307521019438653,4.9020950731700711e-05,0.00016418132931496633,1.1856497013136906e-05,0.00016418132931496633,0.00015847342157580076,0.00018842265549207248,0.00016460888620318146,0.00019417478790886779,0.0052835223482321546,0.00025850006870695229,0.00045267485661582008,0.00019417478790886779,0,0,0,0,0,0.82352941176470584,-7.3067779168594005e-07,4.0981127170088973e-06,0.001190835632728112,0,3.5391465854873684e-06
49,6,4,0.11380565950251084,0.012951728134801437,1,-1,1,0,2,-1,1,2062,0.005579042627367887,0.062285241031444484,0.056706198404076598,0.00031535723248378412,0.056057436764144319,0.055742079531660535,0.00083149801159668668,0.00070503975806872571,0.00083149801159668668,0.00067853160952848282,0.0022595659728731118,0.0010901697132771808,0.004961940537880169,0.060016539786823364,0.040160106737825219,0.045122047275705388,0.004961940537880169,0,0,0,0,0,0.54935509344564359,-0.00012673939602531869,0.0016381064666320293,0.014819468893584374,0,0.00080701333261004116
49,6,4,0.11380565950251084,0.012951728134801437,1,-1,1,0,3,-1,0,14,0.062300744385436001,0.062337080877516458,3.6336492080457639e-05,0.056359542176798519,0.05676078648792969,0.00040124431113117143,0.0013144755032825951,0.00017307456643134137,0.0013144755032825951,0.0012312695243556389,0.0016018632974882305,0.0013258207474147582,0.0016018632974882305,0.062334889926617745,0.056359542176798519,0.057961405474286749,0.0016018632974882305,0,0,0,0,0,0.93333333333333335,-1.1683479652446169e-05,0.00023792610375511223,0.010370306427010111,0,5.0324922921662713e-05
49,6,4,0.11380565950251084,0.012951728134801437,1,-1,3,1,1,-1,1,1951,0.0046430953969312872,0.062432325062837267,0.057789229665905981,0.00021562726702509624,0.058705803869246162,0.058490176602221063,0.00067707362738668822,0.00032391955049561658,0.00067707362738668822,0.0006468096070791178,0.0012183896366841224,0.0007505681661886882,0.001246791481736953,0.062068045363575713,0.053923467221590277,0.05517025870332723,0.001246791481736953,0,0,0,0,0,0.98566821927624504,-0.0055243365374881698,0.0016381064666320293,0.027489992251361714,0,0.016848914076856986
50,2,7,0.11487593217848929,0.013196479793876871,1,1,1,0,1,-1,1,2177,0.0033622414943295527,0.062490245060770992,0.059128003566441441,0.00013911230836579196,0.081721147431621066,0.081582035123255278,-0.00021963661695465319,0.0038641108150638658,0.0014648309810450417,0.00068878292077696399,0.0051208180383417292,0.0038703478699725195,0.031870829665047451,0.061200943248257249,0.081721147431621066,0.049850317766573615,-0.031870829665047451,0,0,0,0,0,0.92248628884826323,-0.00013378655569993211,0.0016325725620769448,0.021921277194240585,0,0.002518582966242119
50,2,7,0.11487593217848929,0.013196479793876871,1,1,3,1,1,-1,1,1946,0.0047498332221480987,0.062433193256622596,0.057683360034474496,0.00022407920720430446,0.058705803869246162,0.058481724662041858,0.0006896035715772005,0.00032902707969458727,0.0006896035715772005,0.0006586068945216017,0.0012391212261595296,0.00076407585036066905,0.0012677275511524672,0.062068045363575713,0.053902531152174762,0.05517025870332723,0.0012677275511524672,0,0,0,0,0,0.98423504120386962,-0.0055350795198751083,0.0016325725620769448,0.039663465368453124,0,0.016886521784046912
50,2,7,0.11487593217848929,0.013196479793876871,1,-1,1,0,1,-1,0,12,0.0050837029821653836,0.0053902601734489661,0.00030655719128358256,0.00025968776219602589,0.00030375083068795168,4.4063068491925783e-05,0.00016783499506325494,1.0251416229451031e-05,0.00016783499506325494,0.00016333888188292157,0.00018809682495224167,0.00016814778351971298,0.00019298709441979765,0.0052835223482321537,0.00025968776219602589,0.00045267485661582355,0.00019298709441979765,0,0,0,0,0,0.80000000000000004,-7.4171852531736185e-07,3.6217379197804892e-06,0.0010851795945168877,0,3.4730904496366285e-06
50,2,7,0.11487593217848929,0.013196479793876871,1,-1,1,0,2,-1,1,2041,0.0056070907481124387,0.06223297853437891,0.056625887786266468,0.00031676154100258739,0.055424706113229069,0.05510794457222648,0.00083941233373020644,0.0007093520757420434,0.00083941233373020644,0.00068574196584360314,0.0022934551141459703,0.0010989965574913951,0.0049610009092643237,0.060016263852064419,0.040160106737825219,0.045121107647089542,0.0049610009092643237,0,0,0,0,0,0.5464900662251656,-0.00012906383810102939,0.0016325725620769448,0.014801894547498457,0,0.00081380487460766125
50,2,7,0.11487593217848929,0.013196479793876871,1,-1,1,0,3,-1,0,22,0.062228941682465372,0.062285127866873347,5.6186184407974737e-05,0.055423808777013028,0.056038418459888398,0.00061460968287536943,0.0014089512279943409,0.00023484417314029052,0.0014089512279943409,0.0012474456232496947,0.0018551386569120396,0.0014283890746308262,0.001856974005156678,0.062281521014009335,0.055423808777013028,0.057280782782169706,0.001856974005156678,0,0,0,0,0,0.95652173913043481,-4.0906887252863334e-05,0.00030254331378692532,0.012523522838723678,0,0.00017225669321302485
50,2,7,0.11487593217848929,0.013196479793876871,1,-1,1,0,4,-1,0,14,0.062301983787579535,0.062336973009735355,3.4989222155820676e-05,0.056360450289861128,0.056743501216375787,0.0003830509265146595,0.0013230194539878709,0.00016479984195755013,0.0013230194539878709,0.0012391405893261466,0.0016009551844256217,0.0013332439624988359,0.0016009551844256217,0.062334889926617745,0.056360450289861128,0.057961405474286749,0.0016009551844256217,0,0,0,0,0,0.93333333333333335,-1.2573393355188767e-05,0.00022994337039411745,0.010159999040634584,0,5.3620685478285419e-05
50,2,7,0.11487593217848929,0.013196479793876871,1,-1,3,1,1,-1,1,1946,0.0047498332221480987,0.062433193256622596,0.057683360034474496,0.00022407920720430446,0.058705803869246162,0.058481724662041858,0.0006896035715772005,0.00032902707969458727,0.0006896035715772005,0.0006586068945216017,0.0012391212261595296,0.00076407585036066905,0.0012677275511524672,0.062068045363575713,0.053902531152174762,0.05517025870332723,0.0012677275511524672,0,0,0,0,0,0.98423504120386962,-0.0055350795198751083,0.0016325725620769448,0.027444479694400826,0,0.016886521784046912
51,7,2,0.11487593217848929,0.013196479793876871,1,1,1,0,1,-1,1,2177,0.0033622414943295527,0.062490245060770992,0.059128003566441441,0.00013911230836579196,0.081721147431621066,0.081582035123255278,-0.00021963661695465319,0.0038641108150638658,0.0014648309810450417,0.00068878292077696399,0.0051208180383417292,0.0038703478699725195,0.031870829665047451,0.061200943248257249,0.081721147431621066,0.049850317766573615,-0.031870829665047451,0,0,0,0,0,0.92248628884826323,-0.00013378655569993211,0.0016325725620769448,0.021921277194240585,0,0.002518582966242119
51,7,2,0.11487593217848929,0.013196479793876871,1,1,3,1,1,-1,1,1946,0.0047498332221480987,0.062433193256622596,0.057683360034474496,0.00022407920720430446,0.058705803869246162,0.058481724662041858,0.0006896035715772005,0.00032902707969458727,0.0006896035715772005,0.0006586068945216017,0.0012391212261595296,0.00076407585036066905,0.0012677275511524672,0.062068045363575713,0.053902531152174762,0.05517025870332723,0.0012677275511524672,0,0,0,0,0,0.98423504120386962,-0.0055350795198751083,0.0016325725620769448,0.039663465368453124,0,0.016886521784046912
51,7,2,0.11487593217848929,0.013196479793876871,1,-1,1,0,1,-1,0,12,0.0050837029821653836,0.0053902601734489661,0.00030655719128358256,0.00025968776219602589,0.00030375083068795168,4.4063068491925783e-05,0.00016783499506325494,1.0251416229451031e-05,0.00016783499506325494,0.00016333888188292157,0.00018809682495224167,0.00016814778351971298,0.00019298709441979765,0.0052835223482321537,0.00025968776219602589,0.00045267485661582355,0.00019298709441979765,0,0,0,0,0,0.80000000000000004,-7.4171852531736185e-07,3.6217379197804892e-06,0.0010851795945168877,0,3.4730904496366285e-06
51,7,2,0.11487593217848929,0.013196479793876871,1,-1,1,0,2,-1,1,2041,0.0056070907481124387,0.06223297853437891,0.056625887786266468,0.00031676154100258739,0.055424706113229069,0.05510794457222648,0.00083941233373020644,0.0007093520757420434,0.00083941233373020644,0.00068574196584360314,0.0022934551141459703,0.0010989965574913951,0.0049610009092643237,0.060016263852064419,0.040160106737825219,0.045121107647089542,0.0049610009092643237,0,0,0,0,0,0.5464900662251656,-0.00012906383810102939,0.0016325725620769448,0.014801894547498457,0,0.00081380487460766125
51,7,2,0.11487593217848929,0.013196479793876871,1,-1,1,0,3,-1,0,22,0.062228941682465372,0.062285127866873347,5.6186184407974737e-05,0.055423808777013028,0.056038418459888398,0.00061460968287536943,0.0014089512279943409,0.00023484417314029052,0.0014089512279943409,0.0012474456232496947,0.0018551386569120396,0.0014283890746308262,0.001856974005156678,0.062281521014009335,0.055423808777013028,0.057280782782169706,0.001856974005156678,0,0,0,0,0,0.95652173913043481,-4.0906887252863334e-05,0.00030254331378692532,0.012523522838723678,0,0.00017225669321302485
51,7,2,0.11487593217848929,0.013196479793876871,1,-1,1,0,4,-1,0,14,0.062301983787579535,0.062336973009735355,3.4989222155820676e-05,0.056360450289861128,0.056743501216375787,0.0003830509265146595,0.0013230194539878709,0.00016479984195755013,0.0013230194539878709,0.0012391405893261466,0.0016009551844256217,0.0013332439624988359,0.0016009551844256217,0.062334889926617745,0.056360450289861128,0.057961405474286749,0.0016009551844256217,0,0,0,0,0,0.93333333333333335,-1.2573393355188767e-05,0.00022994337039411745,0.010159999040634584,0,5.3620685478285419e-05
51,7,2,0.11487593217848929,0.013196479793876871,1,-1,3,1,1,-1,1,1946,0.0047498332221480987,0.062433193256622596,0.057683360034474496,0.00022407920720430446,0.058705803869246162,0.058481724662041858,0.0006896035715772005,0.00032902707969458727,0.0006896035715772005,0.0006586068945216017,0.0012391212261595296,0.00076407585036066905,0.0012677275511524672,0.062068045363575713,0.053902531152174762,0.05517025870332723,0.0012677275511524672,0,0,0,0,0,0.98423504120386962,-0.0055350795198751083,0.0016325725620769448,0.027444479694400826,0,0.016886521784046912
52,3,7,0.12017601290331276,0.014442274077337194,1,1,1,0,1,-1,1,2172,0.0034156104069379585,0.062493060025199561,0.059077449618261599,0.0001470821515443297,0.08172114743162108,0.081574065280076755,-8.501473976565685e-05,0.0036226721296926463,0.0014451562712661913,0.0007534466879054371,0.0045104993413036358,0.0036236695303558347,0.031873362368926531,0.061200415449435899,0.08172114743162108,0.04984778506269455,-0.031873362368926531,0,0,0,0,0,0.91255031101353823,-0.00014536017060001998,0.0016044189011266176,0.021586078505098184,0,0.0025892124439123683
52,3,7,0.12017601290331276,0.014442274077337194,1,1,3,1,1,-1,1,1932,0.0051767845230153431,0.062388258839226149,0.057211474316210806,0.00025784970175824856,0.057526669520756663,0.057268819818998416,0.00075481096594866369,0.00035542649969499761,0.00075481096594866369,0.00072187400104970455,0.0013440264689274382,0.00083430665285720497,0.0013731948045184392,0.06201467645096731,0.053359800091521858,0.054732994896040298,0.0013731948045184392,0,0,0,0,0,0.9860114777618364,-0.0055897978114497716,0.0016044189011266176,0.039591507467316836,0,0.017078148839941971
52,3,7,0.12017601290331276,0.014442274077337194,1,-1,1,0,1,-1,1,2051,0.0057533828666519581,0.06223238743373781,0.05647900456708585,0.00032338281455905626,0.055327330353279858,0.055003947538720802,0.00090690454441740411,0.00072507691156943393,0.00090690454441740411,0.00075176014344871533,0.002461189904488615,0.0011611254800304779,0.0047450550287766319,0.060333030534631182,0.041494329553035364,0.046239384581811996,0.0047450550287766319,0,0,0,0,0,0.54709472008490312,-0.00014023737007844066,0.0016044189011266176,0.014639400668061566,0,0.00077148067653102397
52,3,7,0.12017601290331276,0.014442274077337194,1,-1,1,0,2,-1,0,16,0.062235297400138001,0.062284562231884819,4.9264831746817506e-05,0.055436957971981317,0.055945823914627012,0.00050886594264569485,0.0014372978656954347,0.00016995712232826811,0.0014372978656954347,0.0013309864829388479,0.0017588640343552241,0.0014473115000450862,0.0018134756374926161,0.062284562231884819,0.055503669112741828,0.057317144750234444,0.0018134756374926161,0,0,0,0,0,0.84210526315789469,-4.3757969866171256e-05,0.00026643874674996593,0.010953471349585129,0,0.00018159509052405903
52,3,7,0.12017601290331276,0.014442274077337194,1,-1,1,0,3,-1,0,12,0.062308292386716958,0.062336433846086017,2.8141459369059041e-05,0.056363895295493668,0.056658105572645528,0.0002942102771518601,0.0013805662400497344,0.00013132084815115151,0.0013805662400497344,0.0013143814688866863,0.0015975101787930809,0.0013867978613785784,0.0015975101787930809,0.062334889926617745,0.056363895295493668,0.057961405474286749,0.0015975101787930809,0,0,0,0,0,0.92307692307692313,-1.7447428544520356e-05,0.00018790262668614237,0.0085256398620837358,0,7.1938884591801516e-05
52,3,7,0.12017601290331276,0.014442274077337194,1,-1,3,1,1,-1,1,1932,0.0051767845230153431,0.062388258839226149,0.057211474316210806,0.00025784970175824856,0.057526669520756663,0.057268819818998416,0.00075481096594866369,0.00035542649969499761,0.00075481096594866369,0.00072187400104970455,0.0013440264689274382,0.00083430665285720497,0.0013731948045184392,0.06201467645096731,0.053359800091521858,0.054732994896040298,0.0013731948045184392,0,0,0,0,0,0.9860114777618364,-0.0055897978114497716,0.0016044189011266176,0.027236325333500584,0,0.017078148839941971
53,7,3,0.12017601290331276,0.014442274077337194,1,1,1,0,1,-1,1,2172,0.0034156104069379585,0.062493060025199561,0.059077449618261599,0.0001470821515443297,0.08172114743162108,0.081574065280076755,-8.501473976565685e-05,0.0036226721296926463,0.0014451562712661913,0.0007534466879054371,0.0045104993413036358,0.0036236695303558347,0.031873362368926531,0.061200415449435899,0.08172114743162108,0.04984778506269455,-0.031873362368926531,0,0,0,0,0,0.91255031101353823,-0.00014536017060001998,0.0016044189011266176,0.021586078505098184,0,0.0025892124439123683
53,7,3,0.12017601290331276,0.014442274077337194,1,1,3,1,1,-1,1,1932,0.0051767845230153431,0.062388258839226149,0.057211474316210806,0.00025784970175824856,0.057526669520756663,0.057268819818998416,0.00075481096594866369,0.00035542649969499761,0.00075481096594866369,0.00072187400104970455,0.0013440264689274382,0.00083430665285720497,0.0013731948045184392,0.06201467645096731,0.053359800091521858,0.054732994896040298,0.0013731948045184392,0,0,0,0,0,0.9860114777618364,-0.0055897978114497716,0.0016044189011266176,0.039591507467316836,0,0.017078148839941971
53,7,3,0.12017601290331276,0.014442274077337194,1,-1,1,0,1,-1,1,2051,0.0057533828666519581,0.06223238743373781,0.05647900456708585,0.00032338281455905626,0.055327330353279858,0.055003947538720802,0.00090690454441740411,0.00072507691156943393,0.00090690454441740411,0.00075176014344871533,0.002461189904488615,0.0011611254800304779,0.0047450550287766319,0.060333030534631182,0.041494329553035364,0.046239384581811996,0.0047450550287766319,0,0,0,0,0,0.54709472008490312,-0.00014023737007844066,0.0016044189011266176,0.014639400668061566,0,0.00077148067653102397
53,7,3,0.12017601290331276,0.014442274077337194,1,-1,1,0,2,-1,0,16,0.062235297400138001,0.062284562231884819,4.9264831746817506e-05,0.055436957971981317,0.055945823914627012,0.00050886594264569485,0.0014372978656954347,0.00016995712232826811,0.0014372978656954347,0.0013309864829388479,0.0017588640343552241,0.0014473115000450862,0.0018134756374926161,0.062284562231884819,0.055503669112741828,0.057317144750234444,0.0018134756374926161,0,0,0,0,0,0.84210526315789469,-4.3757969866171256e-05,0.00026643874674996593,0.010953471349585129,0,0.00018159509052405903
53,7,3,0.12017601290331276,0.014442274077337194,1,-1,1,0,3,-1,0,12,0.062308292386716958,0.062336433846086017,2.8141459369059041e-05,0.056363895295493668,0.056658105572645528,0.0002942102771518601,0.0013805662400497344,0.00013132084815115151,0.0013805662400497344,0.0013143814688866863,0.0015975101787930809,0.0013867978613785784,0.0015975101787930809,0.062334889926617745,0.056363895295493668,0.057961405474286749,0.0015975101787930809,0,0,0,0,0,0.92307692307692313,-1.7447428544520356e-05,0.00018790262668614237,0.0085256398620837358,0,7.1938884591801516e-05
53,7,3,0.12017601290331276,0.014442274077337194,1,-1,3,1,1,-1,1,1932,0.0051767845230153431,0.062388258839226149,0.057211474316210806,0.00025784970175824856,0.057526669520756663,0.057268819818998416,0.00075481096594866369,0.00035542649969499761,0.00075481096594866369,0.00072187400104970455,0.0013440264689274382,0.00083430665285720497,0.0013731948045184392,0.06201467645096731,0.053359800091521858,0.054732994896040298,0.0013731948045184392,0,0,0,0,0,0.9860114777618364,-0.0055897978114497716,0.0016044189011266176,0.027236325333500584,0,0.017078148839941971
54,5,6,0.12325929539877227,0.015192853902201804,1,1,1,0,1,-1,1,2170,0.0034689793195463643,0.062483048812660036,0.05901406949311367,0.00015120074486828304,0.08172114743162108,0.081569946686752798,-4.8724384978188132e-05,0.0036168409074788283,0.001477241570395478,0.00079356011155828909,0.0044455207021673144,0.0036171690886249398,0.031874780048490092,0.061200119965566492,0.08172114743162108,0.049846367383130988,-0.031874780048490092,0,0,0,0,0,0.91135531135531134,-0.0001522904479714172,0.0015874854884176919,0.021407958176836557,0,0.0026317713282919103
54,5,6,0.12325929539877227,0.015192853902201804,1,1,3,1,1,-1,1,1925,0.0054436290860573715,0.062388258839226149,0.056944629753168774,0.00027940694630370559,0.057488419890579144,0.057209012944275439,0.00079501797354505411,0.00037086472019896903,0.00079501797354505411,0.00076127711356406211,0.0014078748227537726,0.00087726519305620677,0.0014360098573255806,0.061961307538358906,0.052883542844257468,0.054319552701583049,0.0014360098573255806,0,0,0,0,0,0.98635547576301619,-0.0056227965764771102,0.0015874854884176919,0.039557096959165677,0,0.017193773435384734
54,5,6,0.12325929539877227,0.015192853902201804,1,-1,1,0,1,-1,0,12,0.0058440728786736465,0.0061374249499666442,0.00029335207129299774,0.00032700334921645417,0.00037238000582647294,4.5376656610018765e-05,0.00020653778120761085,1.0209299814610016e-05,0.00020653778120761085,0.00020250475510622342,0.00022697815561201705,0.00020678995350081086,0.00023220500980202598,0.0060306871247498327,0.00032700334921645417,0.00055920835901848015,0.00023220500980202598,0,0,0,0,0,0.80000000000000004,-5.4547129984344097e-07,4.2500246435706458e-06,0.001236844621892661,0,2.6435304988551573e-06
54,5,6,0.12325929539877227,0.015192853902201804,1,-1,1,0,2,-1,1,2035,0.0063266538604071897,0.062232039983358481,0.055905386122951289,0.00038480477858304774,0.05527063123076785,0.054885826452184802,0.00094709276228919191,0.00072230179819466852,0.00094709276228919191,0.00079616023033651784,0.0024338674717350535,0.0011910938619839426,0.0047423450000763506,0.060332290844351877,0.041494329553035357,0.046236674553111708,0.0047423450000763506,0,0,0,0,0,0.54528453112476627,-0.00014728373917424973,0.0015874854884176919,0.014614081042695071,0,0.00077348051412430682
54,5,6,0.12325929539877227,0.015192853902201804,1,-1,1,0,3,-1,0,15,0.062244599571122702,0.062284229631554063,3.9630060431360137e-05,0.055480481470383772,0.055892109971849936,0.00041162850146616442,0.0015281562721161611,0.00018045669827034707,0.0015281562721161611,0.0014479379033592588,0.0018030568388068137,0.0015387742563347611,0.0018094864018551107,0.062284229631554063,0.055503669112741828,0.057313155514596939,0.0018094864018551107,0,0,0,0,0,1,9.1317360910644761e-06,0.00023890915816493773,0.010971563680947528,0.0028831614774460401,-3.3250480420115333e-05
54,5,6,0.12325929539877227,0.015192853902201804,1,-1,1,0,4,-1,0,9,0.062318383851564484,0.062336116806328765,1.7732954764280995e-05,0.056391262560820353,0.056609755836593847,0.00021849327577349448,0.0014284317977133537,0.00010370368273491014,0.0014284317977133537,0.0013939254861822167,0.0015701429134663963,0.001432191277215228,0.0015701429134663963,0.062334889926617745,0.056391262560820353,0.057961405474286749,0.0015701429134663963,0,0,0,0,0,1,1.1003115857096028e-05,0.00014654548414834366,0.0080408291126757934,0.0032816754181715477,-4.3077574200925605e-05
54,5,6,0.12325929539877227,0.015192853902201804,1,-1,3,1,1,-1,1,1925,0.0054436290860573715,0.062388258839226149,0.056944629753168774,0.00027940694630370559,0.057488419890579144,0.057209012944275439,0.00079501797354505411,0.00037086472019896903,0.00079501797354505411,0.00076127711356406211,0.0014078748227537726,0.00087726519305620677,0.0014360098573255806,0.061961307538358906,0.052883542844257468,0.054319552701583049,0.0014360098573255806,0,0,0,0,0,0.98635547576301619,-0.0056227965764771102,0.0015874854884176919,0.027119638671465263,0,0.017193773435384734
55,6,5,0.12325929539877227,0.015192853902201804,1,1,1,0,1,-1,1,2170,0.0034689793195463643,0.062483048812660036,0.05901406949311367,0.00015120074486828304,0.08172114743162108,0.081569946686752798,-4.8724384978188132e-05,0.0036168409074788283,0.001477241570395478,0.00079356011155828909,0.0044455207021673144,0.0036171690886249398,0.031874780048490092,0.061200119965566492,0.08172114743162108,0.049846367383130988,-0.031874780048490092,0,0,0,0,0,0.91135531135531134,-0.0001522904479714172,0.0015874854884176919,0.021407958176836557,0,0.0026317713282919103
55,6,5,0.12325929539877227,0.015192853902201804,1,1,3,1,1,-1,1,1925,0.0054436290860573715,0.062388258839226149,0.056944629753168774,0.00027940694630370559,0.057488419890579144,0.057209012944275439,0.00079501797354505411,0.00037086472019896903,0.00079501797354505411,0.00076127711356406211,0.0014078748227537726,0.00087726519305620677,0.0014360098573255806,0.061961307538358906,0.052883542844257468,0.054319552701583049,0.0014360098573255806,0,0,0,0,0,0.98635547576301619,-0.0056227965764771102,0.0015874854884176919,0.039557096959165677,0,0.017193773435384734
55,6,5,0.12325929539877227,0.015192853902201804,1,-1,1,0,1,-1,0,12,0.0058440728786736465,0.0061374249499666442,0.00029335207129299774,0.00032700334921645417,0.00037238000582647294,4.5376656610018765e-05,0.00020653778120761085,1.0209299814610016e-05,0.00020653778120761085,0.00020250475510622342,0.00022697815561201705,0.00020678995350081086,0.00023220500980202598,0.0060306871247498327,0.00032700334921645417,0.00055920835901848015,0.00023220500980202598,0,0,0,0,0,0.80000000000000004,-5.4547129984344097e-07,4.2500246435706458e-06,0.001236844621892661,0,2.6435304988551573e-06
55,6,5,0.12325929539877227,0.015192853902201804,1,-1,1,0,2,-1,1,2035,0.0063266538604071897,0.062232039983358481,0.055905386122951289,0.00038480477858304774,0.05527063123076785,0.054885826452184802,0.00094709276228919191,0.00072230179819466852,0.00094709276228919191,0.00079616023033651784,0.0024338674717350535,0.0011910938619839426,0.0047423450000763506,0.060332290844351877,0.041494329553035357,0.046236674553111708,0.0047423450000763506,0,0,0,0,0,0.54528453112476627,-0.00014728373917424973,0.0015874854884176919,0.014614081042695071,0,0.00077348051412430682
55,6,5,0.12325929539877227,0.015192853902201804,1,-1,1,0,3,-1,0,15,0.062244599571122702,0.062284229631554063,3.9630060431360137e-05,0.055480481470383772,0.055892109971849936,0.00041162850146616442,0.0015281562721161611,0.00018045669827034707,0.0015281562721161611,0.0014479379033592588,0.0018030568388068137,0.0015387742563347611,0.0018094864018551107,0.062284229631554063,0.055503669112741828,0.057313155514596939,0.0018094864018551107,0,0,0,0,0,1,9.1317360910644761e-06,0.00023890915816493773,0.010971563680947528,0.0028831614774460401,-3.3250480420115333e-05
55,6,5,0.12325929539877227,0.015192853902201804,1,-1,1,0,4,-1,0,9,0.062318383851564484,0.062336116806328765,1.7732954764280995e-05,0.056391262560820353,0.056609755836593847,0.00021849327577349448,0.0014284317977133537,0.00010370368273491014,0.0014284317977133537,0.0013939254861822167,0.0015701429134663963,0.001432191277215228,0.0015701429134663963,0.062334889926617745,0.056391262560820353,0.057961405474286749,0.0015701429134663963,0,0,0,0,0,1,1.1003115857096028e-05,0.00014654548414834366,0.0080408291126757934,0.0032816754181715477,-4.3077574200925605e-05
55,6,5,0.12325929539877227,0.015192853902201804,1,-1,3,1,1,-1,1,1925,0.0054436290860573715,0.062388258839226149,0.056944629753168774,0.00027940694630370559,0.057488419890579144,0.057209012944275439,0.00079501797354505411,0.00037086472019896903,0.00079501797354505411,0.00076127711356406211,0.0014078748227537726,0.00087726519305620677,0.0014360098573255806,0.061961307538358906,0.052883542844257468,0.054319552701583049,0.0014360098573255806,0,0,0,0,0,0.98635547576301619,-0.0056227965764771102,0.0015874854884176919,0.027119638671465263,0,0.017193773435384734
56,0,8,0.12621126262534729,0.015929282813484387,1,1,1,0,1,-1,1,2154,0.0043762508338892597,0.062477330323991651,0.058101079490102389,0.00021489962500585778,0.080853902601734487,0.08063900297672863,9.8365357973883925e-06,0.003553761144326545,0.0014934423102577693,0.0008330182537478574,0.0042226983698198002,0.0035537747576853554,0.030488803874392248,0.06130590597720878,0.080853902601734487,0.050365098727342239,-0.030488803874392248,0,0,0,0,0,0.9014290949065592,-0.00015894180731092477,0.0015708878962023896,0.021187485469475804,0,0.0026735318158288583
56,0,8,0.12621126262534729,0.015929282813484387,1,1,3,1,1,-1,1,1918,0.005710473649099399,0.062378808300043172,0.056668334650943772,0.00030147749542037722,0.057371581054036024,0.057070103558615644,0.0008340233004620098,0.00038585088850141581,0.0008340233004620098,0.00079961582644264527,0.0014676346542311935,0.0009189536298806791,0.0014969591219290423,0.061907938625750503,0.052429524161884615,0.053926483283813657,0.0014969591219290423,0,0,0,0,0,0.98562702120014378,-0.0056551953740125258,0.0015708878962023896,0.039508049530871496,0,0.0173073403241828
56,0,8,0.12621126262534729,0.015929282813484387,1,-1,1,0,1,-1,0,8,0.0059348586080640846,0.0061286858803033554,0.00019382727223927077,0.00033032729667750092,0.00035286606628899542,2.2538769611494495e-05,0.0002199063746092359,9.3414222763451362e-06,0.0002199063746092359,0.00021677583066332987,0.000236295755170764,0.0002201046927348951,0.00024028828207910965,0.0061286858803033554,0.000333555703802535,0.00057384398588164465,0.00024028828207910965,0,0,0,0,0,0.88888888888888884,-6.8916536575395138e-08,2.3238794062452757e-06,0.00093198988178514646,0,3.9576524850359425e-07
56,0,8,0.12621126262534729,0.015929282813484387,1,-1,1,0,2,-1,1,2018,0.0064125271454269729,0.062179003429704165,0.055766476284277194,0.0003875601855354987,0.054658095897124816,0.054270535711589317,0.00097642119232980681,0.00072012703700237955,0.00097642119232980681,0.00082900108506280684,0.0024564755277925515,0.0012132523621458927,0.0046906904856638745,0.06039060628882878,0.041761174116077382,0.046451864601741256,0.0046906904856638745,0,0,0,0,0,0.54288787308416242,-0.00015337566455083412,0.0015708878962023896,0.014532960628720394,0,0.00072001790483168699
56,0,8,0.12621126262534729,0.015929282813484387,1,-1,1,0,3,-1,0,19,0.062178168398048954,0.06223170525365964,5.3536855610686329e-05,0.054676444174466911,0.055216431961905801,0.00053998778743889059,0.0016406205049688497,0.0002207361393605773,0.0016406205049688497,0.0015133091819650377,0.0020045961637795177,0.0016554032996656907,0.0020148122134867955,0.06223170525365964,0.05470313542361574,0.056717947637102535,0.0020148122134867955,0,0,0,0,0,1,4.0256162711614939e-06,0.00028055985008539145,0.012268226629216963,0.0016237369740659466,-1.0546087043795346e-05
56,0,8,0.12621126262534729,0.015929282813484387,1,-1,1,0,4,-1,0,15,0.062248675220665226,0.062283909123927443,3.5233903262217592e-05,0.055489763027560819,0.05584113963454556,0.00035137660698474071,0.001550068969750385,0.00015612448565605731,0.001550068969750385,0.0014438665037316764,0.0017954073691840641,0.0015579116361348572,0.0018056451365257228,0.062283909123927443,0.055503669112741828,0.057309314249267551,0.0018056451365257228,0,0,0,0,0,1,5.2589782698783916e-06,0.00021471214050233523,0.010359942791093098,0.0021478658291783242,-1.8453310480607561e-05
56,0,8,0.12621126262534729,0.015929282813484387,1,-1,3,1,1,-1,1,1918,0.005710473649099399,0.062378808300043172,0.056668334650943772,0.00030147749542037722,0.057371581054036024,0.057070103558615644,0.0008340233004620098,0.00038585088850141581,0.0008340233004620098,0.00079961582644264527,0.0014676346542311935,0.0009189536298806791,0.0014969591219290423,0.061907938625750503,0.052429524161884615,0.053926483283813657,0.0014969591219290423,0,0,0,0,0,0.98562702120014378,-0.0056551953740125258,0.0015708878962023896,0.026993260130973161,0,0.0173073403241828
57,8,0,0.12621126262534729,0.015929282813484387,1,1,1,0,1,-1,1,2154,0.0043762508338892597,0.062477330323991651,0.058101079490102389,0.00021489962500585778,0.080853902601734487,0.08063900297672863,9.8365357973883925e-06,0.003553761144326545,0.0014934423102577693,0.0008330182537478574,0.0042226983698198002,0.0035537747576853554,0.030488803874392248,0.06130590597720878,0.080853902601734487,0.050365098727342239,-0.030488803874392248,0,0,0,0,0,0.9014290949065592,-0.00015894180731092477,0.0015708878962023896,0.021187485469475804,0,0.0026735318158288583
57,8,0,0.12621126262534729,0.015929282813484387,1,1,3,1,1,-1,1,1918,0.005710473649099399,0.062378808300043172,0.056668334650943772,0.00030147749542037722,0.057371581054036024,0.057070103558615644,0.0008340233004620098,0.00038585088850141581,0.0008340233004620098,0.00079961582644264527,0.0014676346542311935,0.0009189536298806791,0.0014969591219290423,0.061907938625750503,0.052429524161884615,0.053926483283813657,0.0014969591219290423,0,0,0,0,0,0.98562702120014378,-0.0056551953740125258,0.0015708878962023896,0.039508049530871496,0,0.0173073403241828
57,8,0,0.12621126262534729,0.015929282813484387,1,-1,1,0,1,-1,0,8,0.0059348586080640846,0.0061286858803033554,0.00019382727223927077,0.00033032729667750092,0.00035286606628899542,2.2538769611494495e-05,0.0002199063746092359,9.3414222763451362e-06,0.0002199063746092359,0.00021677583066332987,0.000236295755170764,0.0002201046927348951,0.00024028828207910965,0.0061286858803033554,0.000333555703802535,0.00057384398588164465,0.00024028828207910965,0,0,0,0,0,0.88888888888888884,-6.8916536575395138e-08,2.3238794062452757e-06,0.00093198988178514646,0,3.9576524850359425e-07
57,8,0,0.12621126262534729,0.015929282813484387,1,-1,1,0,2,-1,1,2018,0.0064125271454269729,0.062179003429704165,0.055766476284277194,0.0003875601855354987,0.054658095897124816,0.054270535711589317,0.00097642119232980681,0.00072012703700237955,0.00097642119232980681,0.00082900108506280684,0.0024564755277925515,0.0012132523621458927,0.0046906904856638745,0.06039060628882878,0.041761174116077382,0.046451864601741256,0.0046906904856638745,0,0,0,0,0,0.54288787308416242,-0.00015337566455083412,0.0015708878962023896,0.014532960628720394,0,0.00072001790483168699
57,8,0,0.12621126262534729,0.015929282813484387,1,-1,1,0,3,-1,0,19,0.062178168398048954,0.06223170525365964,5.3536855610686329e-05,0.054676444174466911,0.055216431961905801,0.00053998778743889059,0.0016406205049688497,0.0002207361393605773,0.0016406205049688497,0.0015133091819650377,0.0020045961637795177,0.0016554032996656907,0.0020148122134867955,0.06223170525365964,0.05470313542361574,0.056717947637102535,0.0020148122134867955,0,0,0,0,0,1,4.0256162711614939e-06,0.00028055985008539145,0.012268226629216963,0.0016237369740659466,-1.0546087043795346e-05
57,8,0,0.12621126262534729,0.015929282813484387,1,-1,1,0,4,-1,0,15,0.062248675220665226,0.062283909123927443,3.5233903262217592e-05,0.055489763027560819,0.05584113963454556,0.00035137660698474071,0.001550068969750385,0.00015612448565605731,0.001550068969750385,0.0014438665037316764,0.0017954073691840641,0.0015579116361348572,0.0018056451365257228,0.062283909123927443,0.055503669112741828,0.057309314249267551,0.0018056451365257228,0,0,0,0,0,1,5.2589782698783916e-06,0.00021471214050233523,0.010359942791093098,0.0021478658291783242,-1.8453310480607561e-05
57,8,0,0.12621126262534729,0.015929282813484387,1,-1,3,1,1,-1,1,1918,0.005710473649099399,0.062378808300043172,0.056668334650943772,0.00030147749542037722,0.057371581054036024,0.057070103558615644,0.0008340233004620098,0.00038585088850141581,0.0008340233004620098,0.00079961582644264527,0.0014676346542311935,0.0009189536298806791,0.0014969591219290423,0.061907938625750503,0.052429524161884615,0.053926483283813657,0.0014969591219290423,0,0,0,0,0,0.98562702120014378,-0.0056551953740125258,0.0015708878962023896,0.026993260130973161,0,0.0173073403241828
58,1,8,0.1271947474472504,0.016178503778169814,1,1,1,0,1,-1,1,2152,0.0043762508338892597,0.062476008646170651,0.05809975781228139,0.00021520567668416112,0.080853902601734487,0.080638696925050324,2.9431902974209646e-05,0.0035083811752973188,0.0014964276736194079,0.00084483697363667461,0.0042287549222006287,0.0035085046256337301,0.030489257124868739,0.061305815581797075,0.080853902601734487,0.050364645476865748,-0.030489257124868739,0,0,0,0,0,0.89956011730205276,-0.00016130381795755402,0.0015652731001121274,0.021119784102992589,0,0.0026876652375637227
58,1,8,0.1271947474472504,0.016178503778169814,1,1,3,1,1,-1,1,1916,0.0058172114743162105,0.062379877268141162,0.056562665793824948,0.00031179290773934064,0.057371581054036017,0.057059788146296676,0.00084750354408468366,0.00039084850519443865,0.00084750354408468366,0.00081308745857103931,0.0014888949347641629,0.00093328710011915763,0.0015174345981893989,0.061907938625750496,0.052409048685624154,0.053926483283813553,0.0015174345981893989,0,0,0,0,0,0.98526240115025165,-0.0056661643616870956,0.0015652731001121274,0.039482891021585594,0,0.017345799757947995
58,1,8,0.1271947474472504,0.016178503778169814,1,-1,1,0,1,-1,0,8,0.0059660121078495103,0.006101841115252379,0.00013582900740286875,0.00033140579150446245,0.0003487844747914222,1.737868328695975e-05,0.00022106696757932199,6.7218977949211274e-06,0.00022106696757932199,0.00021814438667751084,0.00023330250689092424,0.00022116913904223246,0.00023626401270925853,0.006101841115252379,0.000333555703802535,0.00056981971651179353,0.00023626401270925853,0,0,0,0,0,0.88888888888888884,-7.7215899032203821e-08,1.8018832601664436e-06,0.0008776090201745401,0,3.8333917335925522e-07
58,1,8,0.1271947474472504,0.016178503778169814,1,-1,1,0,2,-1,1,2018,0.0064419892269340267,0.062178885223522523,0.055736895996588494,0.00038875514804658493,0.054639129420165092,0.054250374272118505,0.00098688821637576345,0.00071902883973941529,0.00098688821637576345,0.00084130161647453898,0.0024188354516860972,0.0012210449721440835,0.0046892681003749964,0.060390223617294916,0.041761174116077382,0.046450442216452378,0.0046892681003749964,0,0,0,0,0,0.5426189835977413,-0.00014997914881429263,0.0015652731001121274,0.014495422879725382,0,0.00070415095483902573
58,1,8,0.1271947474472504,0.016178503778169814,1,-1,1,0,3,-1,0,19,0.062179593934646879,0.062231593334281923,5.1999399635044297e-05,0.054680474015512945,0.055198476535938283,0.00051800252042533829,0.0016479428695266463,0.00021268049113761618,0.0016479428695266463,0.0015119337892912019,0.0020008490920768083,0.0016616102709523239,0.0020136100658753806,0.062231593334281923,0.054703135423615747,0.056716745489491127,0.0020136100658753806,0,0,0,0,0,1,2.7122803442919965e-06,0.00027306865901890396,0.012087674155903111,0.0011844778851342319,-5.611951441488252e-06
58,1,8,0.1271947474472504,0.016178503778169814,1,-1,1,0,4,-1,0,13,0.062250054494747423,0.062283801941204135,3.3747446456712515e-05,0.05549144153769317,0.055824529789060329,0.00033308825136715847,0.0015740919937499555,0.00015313204634750528,0.0015740919937499555,0.001514601268818333,0.0017953492259647845,0.0015815230091295808,0.0018043611981968868,0.062283801941204135,0.055503669112741828,0.057308030310938715,0.0018043611981968868,0,0,0,0,0,1,3.9270879117255269e-06,0.00020635062785680108,0.0097932912379560012,0.0018262828396622074,-1.3341236041778623e-05
58,1,8,0.1271947474472504,0.016178503778169814,1,-1,3,1,1,-1,1,1916,0.0058172114743162105,0.062379877268141162,0.056562665793824948,0.00031179290773934064,0.057371581054036017,0.057059788146296676,0.00084750354408468366,0.00039084850519443865,0.00084750354408468366,0.00081308745857103931,0.0014888949347641629,0.00093328710011915763,0.0015174345981893989,0.061907938625750496,0.052409048685624154,0.053926483283813553,0.0015174345981893989,0,0,0,0,0,0.98526240115025165,-0.0056661643616870956,0.0015652731001121274,0.026949147321927058,0,0.017345799757947995
59,8,1,0.1271947474472504,0.016178503778169814,1,1,1,0,1,-1,1,2152,0.0043762508338892597,0.062476008646170651,0.05809975781228139,0.00021520567668416112,0.080853902601734487,0.080638696925050324,2.9431902974209646e-05,0.0035083811752973188,0.0014964276736194079,0.00084483697363667461,0.0042287549222006287,0.0035085046256337301,0.030489257124868739,0.061305815581797075,0.080853902601734487,0.050364645476865748,-0.030489257124868739,0,0,0,0,0,0.89956011730205276,-0.00016130381795755402,0.0015652731001121274,0.021119784102992589,0,0.0026876652375637227
59,8,1,0.1271947474472504,0.016178503778169814,1,1,3,1,1,-1,1,1916,0.0058172114743162105,0.062379877268141162,0.056562665793824948,0.00031179290773934064,0.057371581054036017,0.057059788146296676,0.00084750354408468366,0.00039084850519443865,0.00084750354408468366,0.00081308745857103931,0.0014888949347641629,0.00093328710011915763,0.0015174345981893989,0.061907938625750496,0.052409048685624154,0.053926483283813553,0.0015174345981893989,0,0,0,0,0,0.98526240115025165,-0.0056661643616870956,0.0015652731001121274,0.039482891021585594,0,0.017345799757947995
59,8,1,0.1271947474472504,0.016178503778169814,1,-1,1,0,1,-1,0,8,0.0059660121078495103,0.006101841115252379,0.00013582900740286875,0.00033140579150446245,0.0003487844747914222,1.737868328695975e-05,0.00022106696757932199,6.7218977949211274e-06,0.00022106696757932199,0.00021814438667751084,0.00023330250689092424,0.00022116913904223246,0.00023626401270925853,0.006101841115252379,0.000333555703802535,0.00056981971651179353,0.00023626401270925853,0,0,0,0,0,0.88888888888888884,-7.7215899032203821e-08,1.8018832601664436e-06,0.0008776090201745401,0,3.8333917335925522e-07
59,8,1,0.1271947474472504,0.016178503778169814,1,-1,1,0,2,-1,1,2018,0.0064419892269340267,0.062178885223522523,0.055736895996588494,0.00038875514804658493,0.054639129420165092,0.054250374272118505,0.00098688821637576345,0.00071902883973941529,0.00098688821637576345,0.00084130161647453898,0.0024188354516860972,0.0012210449721440835,0.0046892681003749964,0.060390223617294916,0.041761174116077382,0.046450442216452378,0.0046892681003749964,0,0,0,0,0,0.5426189835977413,-0.00014997914881429263,0.0015652731001121274,0.014495422879725382,0,0.00070415095483902573
59,8,1,0.1271947474472504,0.016178503778169814,1,-1,1,0,3,-1,0,19,0.062179593934646879,0.062231593334281923,5.1999399635044297e-05,0.054680474015512945,0.055198476535938283,0.00051800252042533829,0.0016479428695266463,0.00021268049113761618,0.0016479428695266463,0.0015119337892912019,0.0020008490920768083,0.0016616102709523239,0.0020136100658753806,0.062231593334281923,0.054703135423615747,0.056716745489491127,0.0020136100658753806,0,0,0,0,0,1,2.7122803442919965e-06,0.00027306865901890396,0.012087674155903111,0.0011844778851342319,-5.611951441488252e-06
59,8,1,0.1271947474472504,0.016178503778169814,1,-1,1,0,4,-1,0,13,0.062250054494747423,0.062283801941204135,3.3747446456712515e-05,0.05549144153769317,0.055824529789060329,0.00033308825136715847,0.0015740919937499555,0.00015313204634750528,0.0015740919937499555,0.001514601268818333,0.0017953492259647845,0.0015815230091295808,0.0018043611981968868,0.062283801941204135,0.055503669112741828,0.057308030310938715,0.0018043611981968868,0,0,0,0,0,1,3.9270879117255269e-06,0.00020635062785680108,0.0097932912379560012,0.0018262828396622074,-1.3341236041778623e-05
59,8,1,0.1271947474472504,0.016178503778169814,1,-1,3,1,1,-1,1,1916,0.0058172114743162105,0.062379877268141162,0.056562665793824948,0.00031179290773934064,0.057371581054036017,0.057059788146296676,0.00084750354408468366,0.00039084850519443865,0.00084750354408468366,0.00081308745857103931,0.0014888949347641629,0.00093328710011915763,0.0015174345981893989,0.061907938625750496,0.052409048685624154,0.053926483283813553,0.0015174345981893989,0,0,0,0,0,0.98526240115025165,-0.0056661643616870956,0.0015652731001121274,0.026949147321927058,0,0.017345799757947995
60,4,7,0.12722402046483863,0.016185951383237678,1,1,1,0,1,-1,1,2152,0.0043762508338892597,0.062475972289952379,0.058099721456063118,0.00021521312474140136,0.080853902601734487,0.080638689476993083,2.9759632502221982e-05,0.0035084826428841758,0.0014967730883033855,0.00084515282414159183,0.0042287305383044323,0.0035086088541110131,0.030489270543614388,0.061305812905533816,0.080853902601734487,0.050364632058120098,-0.030489270543614388,0,0,0,0,0,0.89956011730205276,-0.00016137437844676681,0.0015651052377752255,0.021117512236138569,0,0.0026880876014398407
60,4,7,0.12722402046483863,0.016185951383237678,1,1,3,1,1,-1,1,1916,0.0058172114743162105,0.062379909212693804,0.05656269773837759,0.00031165848057286712,0.057371581054036024,0.057059922573463158,0.00084788688307517262,0.00039100726802561794,0.00084788688307517262,0.00081346611830536084,0.0014895135155396973,0.00093370169226567685,0.0015180464779361719,0.061907938625750496,0.052408436805877381,0.053926483283813553,0.0015180464779361719,0,0,0,0,0,0.98526240115025165,-0.0056664921659366286,0.0015651052377752255,0.03948174356124437,0,0.017346949187793035
60,4,7,0.12722402046483863,0.016185951383237678,1,-1,1,0,1,-1,0,8,0.0059669430847565956,0.0061014971950589629,0.00013455411030236734,0.00033143767904351637,0.00034866250238207595,1.7224823338559585e-05,0.00022111041494827301,6.6698338270765896e-06,0.00022111041494827301,0.00021811149282870959,0.00023325788252723589,0.00022121099041837473,0.00023621253005538242,0.0061014971950589629,0.000333555703802535,0.00056976823385791742,0.00023621253005538242,0,0,0,0,0,0.88888888888888884,-7.7455823783220074e-08,1.7863575339198163e-06,0.00087502370280028677,0,3.8310428939572239e-07
60,4,7,0.12722402046483863,0.016185951383237678,1,-1,1,0,2,-1,1,2018,0.0064428696582726121,0.062178881702939427,0.055736012044666813,0.00038879041327245578,0.054638562634661693,0.054249772221389235,0.00098723526025332447,0.00071902278763882324,0.00098723526025332447,0.00084169286941327554,0.0024188006692341959,0.0012213219183455906,0.0046892260182724785,0.060390212295168881,0.041761174116077382,0.04645040013434986,0.0046892260182724785,0,0,0,0,0,0.5426189835977413,-0.00014931780648055001,0.0015651052377752255,0.014494292135324546,0,0.00070133333830050854
60,4,7,0.12722402046483863,0.016185951383237678,1,-1,1,0,3,-1,0,19,0.062179636534729112,0.062231590000202099,5.1953465472986959e-05,0.054680573743541946,0.055197939964219275,0.00051736622067732885,0.0016481642697737937,0.00021244533054148144,0.0016481642697737937,0.001511892921436192,0.0020007557560393109,0.0016617997709194275,0.0020135742577614205,0.062231590000202099,0.05470313542361574,0.05671670968137716,0.0020135742577614205,0,0,0,0,0,1,2.6728666521697192e-06,0.00027284391980809394,0.012081917364260685,0.001168726100496509,-5.4636827919271053e-06
60,4,7,0.12722402046483863,0.016185951383237678,1,-1,1,0,4,-1,0,13,0.062250095712341844,0.062283798748085699,3.3703035743855303e-05,0.055491486268494143,0.055824039038161563,0.00033255276966741992,0.0015743108489473939,0.00015289069584691195,0.0015743108489473939,0.0015145614086008036,0.0017953070893471409,0.0015817174886780562,0.0018043229528545077,0.062283798748085699,0.055503669112741828,0.057307992065596336,0.0018043229528545077,0,0,0,0,0,1,3.8871264173256164e-06,0.00020609932545142352,0.0097860559742350521,0.0018157422877710225,-1.3187680222399787e-05
60,4,7,0.12722402046483863,0.016185951383237678,1,-1,3,1,1,-1,1,1916,0.0058172114743162105,0.062379909212693804,0.05656269773837759,0.00031165848057286712,0.057371581054036024,0.057059922573463158,0.00084788688307517262,0.00039100726802561794,0.00084788688307517262,0.00081346611830536084,0.0014895135155396973,0.00093370169226567685,0.0015180464779361719,0.061907938625750496,0.052408436805877381,0.053926483283813553,0.0015180464779361719,0,0,0,0,0,0.98526240115025165,-0.0056664921659366286,0.0015651052377752255,0.026947558575681835,0,0.017346949187793035
61,7,4,0.12722402046483863,0.016185951383237678,1,1,1,0,1,-1,1,2152,0.0043762508338892597,0.062475972289952379,0.058099721456063118,0.00021521312474140136,0.080853902601734487,0.080638689476993083,2.9759632502221982e-05,0.0035084826428841758,0.0014967730883033855,0.00084515282414159183,0.0042287305383044323,0.0035086088541110131,0.030489270543614388,0.061305812905533816,0.080853902601734487,0.050364632058120098,-0.030489270543614388,0,0,0,0,0,0.89956011730205276,-0.00016137437844676681,0.0015651052377752255,0.021117512236138569,0,0.0026880876014398407
61,7,4,0.12722402046483863,0.016185951383237678,1,1,3,1,1,-1,1,1916,0.0058172114743162105,0.062379909212693804,0.05656269773837759,0.00031165848057286712,0.057371581054036024,0.057059922573463158,0.00084788688307517262,0.00039100726802561794,0.00084788688307517262,0.00081346611830536084,0.0014895135155396973,0.00093370169226567685,0.0015180464779361719,0.061907938625750496,0.052408436805877381,0.053926483283813553,0.0015180464779361719,0,0,0,0,0,0.98526240115025165,-0.0056664921659366286,0.0015651052377752255,0.03948174356124437,0,0.017346949187793035
61,7,4,0.12722402046483863,0.016185951383237678,1,-1,1,0,1,-1,0,8,0.0059669430847565956,0.0061014971950589629,0.00013455411030236734,0.00033143767904351637,0.00034866250238207595,1.7224823338559585e-05,0.00022111041494827301,6.6698338270765896e-06,0.00022111041494827301,0.00021811149282870959,0.00023325788252723589,0.00022121099041837473,0.00023621253005538242,0.0061014971950589629,0.000333555703802535,0.00056976823385791742,0.00023621253005538242,0,0,0,0,0,0.88888888888888884,-7.7455823783220074e-08,1.7863575339198163e-06,0.00087502370280028677,0,3.8310428939572239e-07
61,7,4,0.12722402046483863,0.016185951383237678,1,-1,1,0,2,-1,1,2018,0.0064428696582726121,0.062178881702939427,0.055736012044666813,0.00038879041327245578,0.054638562634661693,0.054249772221389235,0.00098723526025332447,0.00071902278763882324,0.00098723526025332447,0.00084169286941327554,0.0024188006692341959,0.0012213219183455906,0.0046892260182724785,0.060390212295168881,0.041761174116077382,0.04645040013434986,0.0046892260182724785,0,0,0,0,0,0.5426189835977413,-0.00014931780648055001,0.0015651052377752255,0.014494292135324546,0,0.00070133333830050854
61,7,4,0.12722402046483863,0.016185951383237678,1,-1,1,0,3,-1,0,19,0.062179636534729112,0.062231590000202099,5.1953465472986959e-05,0.054680573743541946,0.055197939964219275,0.00051736622067732885,0.0016481642697737937,0.00021244533054148144,0.0016481642697737937,0.001511892921436192,0.0020007557560393109,0.0016617997709194275,0.0020135742577614205,0.062231590000202099,0.05470313542361574,0.05671670968137716,0.0020135742577614205,0,0,0,0,0,1,2.6728666521697192e-06,0.00027284391980809394,0.012081917364260685,0.001168726100496509,-5.4636827919271053e-06
61,7,4,0.12722402046483863,0.016185951383237678,1,-1,1,0,4,-1,0,13,0.062250095712341844,0.062283798748085699,3.3703035743855303e-05,0.055491486268494143,0.055824039038161563,0.00033255276966741992,0.0015743108489473939,0.00015289069584691195,0.0015743108489473939,0.0015145614086008036,0.0017953070893471409,0.0015817174886780562,0.0018043229528545077,0.062283798748085699,0.055503669112741828,0.057307992065596336,0.0018043229528545077,0,0,0,0,0,1,3.8871264173256164e-06,0.00020609932545142352,0.0097860559742350521,0.0018157422877710225,-1.3187680222399787e-05
61,7,4,0.12722402046483863,0.016185951383237678,1,-1,3,1,1,-1,1,1916,0.0058172114743162105,0.062379909212693804,0.05656269773837759,0.00031165848057286712,0.057371581054036024,0.057059922573463158,0.00084788688307517262,0.00039100726802561794,0.00084788688307517262,0.00081346611830536084,0.0014895135155396973,0.00093370169226567685,0.0015180464779361719,0.061907938625750496,0.052408436805877381,0.053926483283813553,0.0015180464779361719,0,0,0,0,0,0.98526240115025165,-0.0056664921659366286,0.0015651052377752255,0.026947558575681835,0,0.017346949187793035
62,2,8,0.13010036341662098,0.016926104561136853,1,1,1,0,1,-1,1,2151,0.0043762508338892597,0.062473027348909221,0.05809677651501996,0.0002155916486517813,0.080853902601734487,0.080638310953082701,7.5253836258863988e-05,0.0034712454544901178,0.00151945237451768,0.00088306831762166929,0.0041611749359144676,0.00347206108027926,0.03049056878374367,0.061305553967019991,0.080853902601734487,0.050363333817990817,-0.03049056878374367,0,0,0,0,0,0.8958562522918958,-0.00016834830953663075,0.0015484514846017961,0.020910423954007142,0,0.0027300648040638285
62,2,8,0.13010036341662098,0.016926104561136853,1,1,3,1,1,-1,1,1905,0.006060749209051473,0.062372881071562053,0.056312131862510578,0.000333555703802535,0.057304869913275519,0.056971314209472983,0.00088591532116754994,0.00040524302181207624,0.00088591532116754994,0.0008503040287094997,0.0015505875512598077,0.00097420114093896748,0.001578533674170747,0.061907938625750489,0.052347949609642813,0.05392648328381356,0.001578533674170747,0,0,0,0,0,0.98344728319539398,-0.0056990842115154363,0.0015484514846017961,0.039432703828452542,0,0.01746125336621893
62,2,8,0.13010036341662098,0.016926104561136853,1,-1,1,0,1,-1,0,14,0.0065314129274105506,0.0068845897264843223,0.00035317679907377175,0.00039217413500282057,0.00044320078086385051,5.1026645861029936e-05,0.00024777750591360189,1.4257333501777602e-05,0.00024777750591360189,0.00024094036545281811,0.00027599535367388669,0.0002481873566387819,0.00028243722463401914,0.0067778519012675117,0.00039217413500282057,0.00067461135963683971,0.00028243722463401914,0,0,0,0,0,0.82352941176470584,-4.5416361847804018e-07,5.1078474558379455e-06,0.0013560711084253095,0,2.3721118043408327e-06
62,2,8,0.13010036341662098,0.016926104561136853,1,-1,1,0,2,-1,1,2000,0.0069828677148601765,0.062178535209341343,0.055195667494481168,0.00045117204398507032,0.054583785053372788,0.054132613009387716,0.0010229434684782188,0.00071136099449187087,0.0010229434684782188,0.00088355836959037697,0.0023802144282833171,0.0012459726338032921,0.0046851609658405263,0.060389118446055851,0.041761174116077382,0.046446335081917908,0.0046851609658405263,0,0,0,0,0,0.54127198917456021,-0.00010801853589319806,0.0015484514846017961,0.014456564713492681,0,0.00063284617149195253
62,2,8,0.13010036341662098,0.016926104561136853,1,-1,1,0,3,-1,0,16,0.062183870189167025,0.062230744238943578,4.6874049776553239e-05,0.054687368631131099,0.05514557111853774,0.00045820248740664066,0.0016677096387831213,0.00018189951850586925,0.0016677096387831213,0.001556981323474451,0.0019925365904811879,0.0016776003320585018,0.0019925365904811879,0.062228152101400931,0.054687368631131099,0.056679905221612287,0.0019925365904811879,0,0,0,0,0,0.94117647058823528,-1.2906903566687773e-06,0.00025024295214651801,0.011192990141053745,0,9.5016890087484518e-06
62,2,8,0.13010036341662098,0.016926104561136853,1,-1,1,0,4,-1,0,12,0.062254191973249967,0.062282962768703591,2.8770795453623987e-05,0.055494928146365238,0.055775267542630583,0.00028033939626534443,0.0015793136837783019,0.00012044022033561888,0.0015793136837783019,0.00150808059644909,0.001785854635804468,0.001583899478642468,0.001785854635804468,0.062281521014009335,0.055494928146365238,0.057280782782169706,0.001785854635804468,0,0,0,0,0,0.92307692307692313,-1.2903119241891711e-07,0.00018068161718074629,0.0089545418429927953,0,2.2947700996852248e-06
62,2,8,0.13010036341662098,0.016926104561136853,1,-1,3,1,1,-1,1,1905,0.006060749209051473,0.062372881071562053,0.056312131862510578,0.000333555703802535,0.057304869913275519,0.056971314209472983,0.00088591532116754994,0.00040524302181207624,0.00088591532116754994,0.0008503040287094997,0.0015505875512598077,0.00097420114093896748,0.001578533674170747,0.061907938625750489,0.052347949609642813,0.05392648328381356,0.001578533674170747,0,0,0,0,0,0.98344728319539398,-0.0056990842115154363,0.0015484514846017961,0.02681607961042563,0,0.01746125336621893
63,8,2,0.13010036341662098,0.016926104561136853,1,1,1,0,1,-1,1,2151,0.0043762508338892597,0.062473027348909221,0.05809677651501996,0.0002155916486517813,0.080853902601734487,0.080638310953082701,7.5253836258863988e-05,0.0034712454544901178,0.00151945237451768,0.00088306831762166929,0.0041611749359144676,0.00347206108027926,0.03049056878374367,0.061305553967019991,0.080853902601734487,0.050363333817990817,-0.03049056878374367,0,0,0,0,0,0.8958562522918958,-0.00016834830953663075,0.0015484514846017961,0.020910423954007142,0,0.0027300648040638285
63,8,2,0.13010036341662098,0.016926104561136853,1,1,3,1,1,-1,1,1905,0.006060749209051473,0.062372881071562053,0.056312131862510578,0.000333555703802535,0.057304869913275519,0.056971314209472983,0.00088591532116754994,0.00040524302181207624,0.00088591532116754994,0.0008503040287094997,0.0015505875512598077,0.00097420114093896748,0.001578533674170747,0.061907938625750489,0.052347949609642813,0.05392648328381356,0.001578533674170747,0,0,0,0,0,0.98344728319539398,-0.0056990842115154363,0.0015484514846017961,0.039432703828452542,0,0.01746125336621893
63,8,2,0.13010036341662098,0.016926104561136853,1,-1,1,0,1,-1,0,14,0.0065314129274105506,0.0068845897264843223,0.00035317679907377175,0.00039217413500282057,0.00044320078086385051,5.1026645861029936e-05,0.00024777750591360189,1.4257333501777602e-05,0.00024777750591360189,0.00024094036545281811,0.00027599535367388669,0.0002481873566387819,0.00028243722463401914,0.0067778519012675117,0.00039217413500282057,0.00067461135963683971,0.00028243722463401914,0,0,0,0,0,0.82352941176470584,-4.5416361847804018e-07,5.1078474558379455e-06,0.0013560711084253095,0,2.3721118043408327e-06
63,8,2,0.13010036341662098,0.016926104561136853,1,-1,1,0,2,-1,1,2000,0.0069828677148601765,0.062178535209341343,0.055195667494481168,0.00045117204398507032,0.054583785053372788,0.054132613009387716,0.0010229434684782188,0.00071136099449187087,0.0010229434684782188,0.00088355836959037697,0.0023802144282833171,0.0012459726338032921,0.0046851609658405263,0.060389118446055851,0.041761174116077382,0.046446335081917908,0.0046851609658405263,0,0,0,0,0,0.54127198917456021,-0.00010801853589319806,0.0015484514846017961,0.014456564713492681,0,0.00063284617149195253
63,8,2,0.13010036341662098,0.016926104561136853,1,-1,1,0,3,-1,0,16,0.062183870189167025,0.062230744238943578,4.6874049776553239e-05,0.054687368631131099,0.05514557111853774,0.00045820248740664066,0.0016677096387831213,0.00018189951850586925,0.0016677096387831213,0.001556981323474451,0.0019925365904811879,0.0016776003320585018,0.0019925365904811879,0.062228152101400931,0.054687368631131099,0.056679905221612287,0.0019925365904811879,0,0,0,0,0,0.94117647058823528,-1.2906903566687773e-06,0.00025024295214651801,0.011192990141053745,0,9.5016890087484518e-06
63,8,2,0.13010036341662098,0.016926104561136853,1,-1,1,0,4,-1,0,12,0.062254191973249967,0.062282962768703591,2.8770795453623987e-05,0.055494928146365238,0.055775267542630583,0.00028033939626534443,0.0015793136837783019,0.00012044022033561888,0.0015793136837783019,0.00150808059644909,0.001785854635804468,0.001583899478642468,0.001785854635804468,0.062281521014009335,0.055494928146365238,0.057280782782169706,0.001785854635804468,0,0,0,0,0,0.92307692307692313,-1.2903119241891711e-07,0.00018068161718074629,0.0089545418429927953,0,2.2947700996852248e-06
63,8,2,0.13010036341662098,0.016926104561136853,1,-1,3,1,1,-1,1,1905,0.006060749209051473,0.062372881071562053,0.056312131862510578,0.000333555703802535,0.057304869913275519,0.056971314209472983,0.00088591532116754994,0.00040524302181207624,0.00088591532116754994,0.0008503040287094997,0.0015505875512598077,0.00097420114093896748,0.001578533674170747,0.061907938625750489,0.052347949609642813,0.05392648328381356,0.001578533674170747,0,0,0,0,0,0.98344728319539398,-0.0056990842115154363,0.0015484514846017961,0.02681607961042563,0,0.01746125336621893
64,6,6,0.13390619700214149,0.017930869595576323,1,1,1,0,1,-1,1,2136,0.0043762508338892597,0.062470385310971176,0.058094134477081914,0.00021538096986184428,0.078519012675116739,0.078303631705254895,0.00018939564487985123,0.003231934479247692,0.0015041776832848022,0.00093333221710434518,0.0037311819526220993,0.0032374791410060854,0.026743536214829992,0.061570071588009243,0.078519012675116739,0.051775476460286747,-0.026743536214829992,0,0,0,0,0,0.88774761555392512,-0.00017749056466519555,0.0015258777272547299,0.020603344089669948,0,0.0027870560589843183
64,6,6,0.13390619700214149,0.017930869595576323,1,1,3,1,1,-1,1,1890,0.006457638425617078,0.062376506146270876,0.055918867720653798,0.00037024811482788819,0.057304869913275519,0.056934621798447632,0.00093856014419828142,0.00042438947202158919,0.00093856014419828142,0.00090204607478301668,0.001631619429980516,0.0010300493037909699,0.0016599199948256343,0.061854569713142092,0.051891179991114394,0.053551099985940029,0.0016599199948256343,0,0,0,0,0,0.97983435361901328,-0.0057433657746193013,0.0015258777272547299,0.03936540604063013,0,0.017616624711838811
64,6,6,0.13390619700214149,0.017930869595576323,1,-1,1,0,1,-1,0,9,0.0066542026482752908,0.006831220813875917,0.00017701816560062623,0.00039642182167009784,0.00042099144152323709,2.456961985313925e-05,0.00026078811936805095,7.3221552429542741e-06,0.00026078811936805095,0.00025791266304300202,0.00027416084726676637,0.00026089089129543546,0.00027818953796674881,0.0067778519012675108,0.00039642182167009784,0.00067461135963684665,0.00027818953796674881,0,0,0,0,0,0.81818181818181823,-3.7766187865268949e-07,2.3122610925191327e-06,0.0009478446004546684,0,1.6609454215099138e-06
64,6,6,0.13390619700214149,0.017930869595576323,1,-1,1,0,2,-1,1,2000,0.0070999702779482969,0.062178075353953699,0.055078105076005399,0.0004561436352498814,0.054511389341788126,0.054055245706538246,0.0010719251967993774,0.00071363025548898677,0.0010719251967993774,0.0009363881657839055,0.0024068416190266288,0.001287746779876642,0.0046799856146455682,0.060387725392981172,0.041761174116077382,0.04644115973072295,0.0046799856146455682,0,0,0,0,0,0.54244643341470034,-8.9260548643479507e-05,0.0015258777272547299,0.014322377562715427,0,0.00061475143995375178
64,6,6,0.13390619700214149,0.017930869595576323,1,-1,1,0,3,-1,0,14,0.06218961741565221,0.062230301840479632,4.0684424827422405e-05,0.054692180990901978,0.055077055496144937,0.00038487450524295891,0.0017154520226974324,0.00015751338004974015,0.0017154520226974324,0.0016245124543606201,0.0019877242307103082,0.0017226683102302099,0.0019877242307103082,0.062228152101400931,0.054692180990901978,0.056679905221612287,0.0019877242307103082,0,0,0,0,0,0.93333333333333335,-6.8102722690510684e-06,0.00021863973368353766,0.010026129778461014,0,3.0510936838209257e-05
64,6,6,0.13390619700214149,0.017930869595576323,1,-1,1,0,4,-1,0,10,0.062259752686701357,0.062282540783774862,2.2788097073504765e-05,0.055497861070485176,0.055712478290090725,0.0002146172196055493,0.001625879043334559,9.6422576364950469e-05,0.001625879043334559,0.0015729923065028427,0.0017829217116845306,0.0016287356988742389,0.0017829217116845306,0.062281521014009335,0.055497861070485176,0.057280782782169706,0.0017829217116845306,0,0,0,0,0,0.90909090909090906,-5.7146416709116591e-06,0.0001445818379390164,0.0074159827380752327,0,2.3981447535980801e-05
64,6,6,0.13390619700214149,0.017930869595576323,1,-1,3,1,1,-1,1,1890,0.006457638425617078,0.062376506146270876,0.055918867720653798,0.00037024811482788819,0.057304869913275519,0.056934621798447632,0.00093856014419828142,0.00042438947202158919,0.00093856014419828142,0.00090204607478301668,0.001631619429980516,0.0010300493037909699,0.0016599199948256343,0.061854569713142092,0.051891179991114394,0.053551099985940029,0.0016599199948256343,0,0,0,0,0,0.97983435361901328,-0.0057433657746193013,0.0015258777272547299,0.026630437657638804,0,0.017616624711838811
65,3,8,0.13480318558771962,0.018171898844597179,1,1,1,0,1,-1,1,2134,0.004429619746497665,0.062469895444728279,0.058040275698230614,0.00022046184233365362,0.078519012675116739,0.078298550832783087,0.00020820836753295642,0.0032140570717837918,0.0015081403047720054,0.00094593609155666468,0.0036694391323816001,0.0032207939370587088,0.026743964672989035,0.061569996505114917,0.078519012675116739,0.051775048002127705,-0.026743964672989035,0,0,0,0,0,0.88697247706422022,-0.0001797697754112693,0.0015204696453781515,0.020535747010628335,0,0.0028007286646656074
65,3,8,0.13480318558771962,0.018171898844597179,1,1,3,1,1,-1,1,1888,0.0065643762508338886,0.062377375751606214,0.055812999500772328,0.00038160714521056607,0.057304869913275512,0.056923262768064947,0.00095167408838050117,0.00042898158161547322,0.00095167408838050117,0.00091499171881836462,0.0016515066818428284,0.0010438911666740796,0.0016791762909599203,0.061854569713142085,0.051871923694980115,0.053551099985940036,0.0016791762909599203,0,0,0,0,0,0.97946685878962536,-0.0057539937756598348,0.0015204696453781515,0.039339014324201331,0,0.017653927625683383
65,3,8,0.13480318558771962,0.018171898844597179,1,-1,1,0,1,-1,1,2001,0.0071285233802041532,0.062177966799664149,0.055049443419459998,0.00045725777587697685,0.054494433928028087,0.05403717615215111,0.0010845871065339545,0.00072040897542038332,0.0010845871065339545,0.00094792300881735292,0.0024598591452560034,0.0013020438869431176,0.0046787978985178696,0.060387405625338654,0.041761174116077382,0.046439972014595252,0.0046787978985178696,0,0,0,0,0,0.5430122116689281,-8.4550135894047217e-05,0.0015204696453781515,0.014284643317667508,0,0.00061070524285169894
65,3,8,0.13480318558771962,0.018171898844597179,1,-1,1,0,2,-1,0,14,0.062190996095877138,0.062230197395656127,3.9201299778988952e-05,0.05469300654324738,0.055061045701954164,0.00036803915870678439,0.001723067221841927,0.00015047365858577127,0.001723067221841927,0.0016319264092043324,0.0019868986783649067,0.0017296250960581727,0.0019868986783649067,0.062228152101400938,0.05469300654324738,0.056679905221612287,0.0019868986783649067,0,0,0,0,0,0.93333333333333335,-8.1566041613571304e-06,0.00021088314286993843,0.0098051014852954706,0,3.5663054845867852e-05
65,3,8,0.13480318558771962,0.018171898844597179,1,-1,1,0,3,-1,0,8,0.062261086625026496,0.062282441123855219,2.135449882872259e-05,0.055498406309891821,0.055697897592124006,0.0001994912822321851,0.0016468975710167977,9.5850671423487459e-05,0.0016468975710167977,0.0016158457644729132,0.0017823764722780661,0.0016496845033621918,0.0017823764722780661,0.062281521014009342,0.055498406309891821,0.057280782782169887,0.0017823764722780661,0,0,0,0,0,0.88888888888888884,-7.0759722160823101e-06,0.0001356039942278286,0.0065623740679649533,0,2.9292227815489391e-05
65,3,8,0.13480318558771962,0.018171898844597179,1,-1,3,1,1,-1,1,1888,0.0065643762508338886,0.062377375751606214,0.055812999500772328,0.00038160714521056607,0.057304869913275512,0.056923262768064947,0.00095167408838050117,0.00042898158161547322,0.00095167408838050117,0.00091499171881836462,0.0016515066818428284,0.0010438911666740796,0.0016791762909599203,0.061854569713142085,0.051871923694980115,0.053551099985940036,0.0016791762909599203,0,0,0,0,0,0.97946685878962536,-0.0057539937756598348,0.0015204696453781515,0.026586015150882384,0,0.017653927625683383
66,8,3,0.13480318558771962,0.018171898844597179,1,1,1,0,1,-1,1,2134,0.004429619746497665,0.062469895444728279,0.058040275698230614,0.00022046184233365362,0.078519012675116739,0.078298550832783087,0.00020820836753295642,0.0032140570717837918,0.0015081403047720054,0.00094593609155666468,0.0036694391323816001,0.0032207939370587088,0.026743964672989035,0.061569996505114917,0.078519012675116739,0.051775048002127705,-0.026743964672989035,0,0,0,0,0,0.88697247706422022,-0.0001797697754112693,0.0015204696453781515,0.020535747010628335,0,0.0028007286646656074
66,8,3,0.13480318558771962,0.018171898844597179,1,1,3,1,1,-1,1,1888,0.0065643762508338886,0.062377375751606214,0.055812999500772328,0.00038160714521056607,0.057304869913275512,0.056923262768064947,0.00095167408838050117,0.00042898158161547322,0.00095167408838050117,0.00091499171881836462,0.0016515066818428284,0.0010438911666740796,0.0016791762909599203,0.061854569713142085,0.051871923694980115,0.053551099985940036,0.0016791762909599203,0,0,0,0,0,0.97946685878962536,-0.0057539937756598348,0.0015204696453781515,0.039339014324201331,0,0.017653927625683383
66,8,3,0.13480318558771962,0.018171898844597179,1,-1,1,0,1,-1,1,2001,0.0071285233802041532,0.062177966799664149,0.055049443419459998,0.00045725777587697685,0.054494433928028087,0.05403717615215111,0.0010845871065339545,0.00072040897542038332,0.0010845871065339545,0.00094792300881735292,0.0024598591452560034,0.0013020438869431176,0.0046787978985178696,0.060387405625338654,0.041761174116077382,0.046439972014595252,0.0046787978985178696,0,0,0,0,0,0.5430122116689281,-8.4550135894047217e-05,0.0015204696453781515,0.014284643317667508,0,0.00061070524285169894
66,8,3,0.13480318558771962,0.018171898844597179,1,-1,1,0,2,-1,0,14,0.062190996095877138,0.062230197395656127,3.9201299778988952e-05,0.05469300654324738,0.055061045701954164,0.00036803915870678439,0.001723067221841927,0.00015047365858577127,0.001723067221841927,0.0016319264092043324,0.0019868986783649067,0.0017296250960581727,0.0019868986783649067,0.062228152101400938,0.05469300654324738,0.056679905221612287,0.0019868986783649067,0,0,0,0,0,0.93333333333333335,-8.1566041613571304e-06,0.00021088314286993843,0.0098051014852954706,0,3.5663054845867852e-05
66,8,3,0.13480318558771962,0.018171898844597179,1,-1,1,0,3,-1,0,8,0.062261086625026496,0.062282441123855219,2.135449882872259e-05,0.055498406309891821,0.055697897592124006,0.0001994912822321851,0.0016468975710167977,9.5850671423487459e-05,0.0016468975710167977,0.0016158457644729132,0.0017823764722780661,0.0016496845033621918,0.0017823764722780661,0.062281521014009342,0.055498406309891821,0.057280782782169887,0.0017823764722780661,0,0,0,0,0,0.88888888888888884,-7.0759722160823101e-06,0.0001356039942278286,0.0065623740679649533,0,2.9292227815489391e-05
66,8,3,0.13480318558771962,0.018171898844597179,1,-1,3,1,1,-1,1,1888,0.0065643762508338886,0.062377375751606214,0.055812999500772328,0.00038160714521056607,0.057304869913275512,0.056923262768064947,0.00095167408838050117,0.00042898158161547322,0.00095167408838050117,0.00091499171881836462,0.0016515066818428284,0.0010438911666740796,0.0016791762909599203,0.061854569713142085,0.051871923694980115,0.053551099985940036,0.0016791762909599203,0,0,0,0,0,0.97946685878962536,-0.0057539937756598348,0.0015204696453781515,0.026586015150882384,0,0.017653927625683383
67,5,7,0.13574637067206638,0.018427077150638044,1,1,1,0,1,-1,1,2129,0.004429619746497665,0.062469424256101136,0.058039804509603471,0.00022014475727860926,0.078519012675116739,0.078298867917838133,0.00024004970738548883,0.003150747767983277,0.0015027942270166479,0.0009598034634678218,0.0035500666776788737,0.0031598790102577434,0.026744409790851742,0.061569918499470119,0.078519012675116739,0.051774602884264997,-0.026744409790851742,0,0,0,0,0,0.88366972477064221,-0.00018218113963555259,0.0015147436387004485,0.020454200294428931,0,0.0028152043992552703
67,5,7,0.13574637067206638,0.018427077150638044,1,1,3,1,1,-1,1,1884,0.0066177451634422948,0.062328471099659208,0.055710725936216912,0.00038483038641339695,0.056370913942628414,0.055986083556215017,0.00096436682376444449,0.00043388767811324258,0.00096436682376444449,0.00092733801204637929,0.0016718558796746995,0.0010574790248492043,0.0016996097682141498,0.061801200800533689,0.051491651607035976,0.053191261375250126,0.0016996097682141498,0,0,0,0,0,0.97982708933717577,-0.0057652486576873765,0.0015147436387004485,0.039334252304328375,0,0.017693435840842243
67,5,7,0.13574637067206638,0.018427077150638044,1,-1,1,0,1,-1,0,14,0.0071588261498907275,0.0075250166777851898,0.00036619052789446226,0.00045840756514528173,0.00052356313678138581,6.5155571636104075e-05,0.00028336297466384741,1.6043598438092147e-05,0.00028336297466384741,0.00027492337772078108,0.00031528796343528043,0.0002838167938321955,0.00032203441153660618,0.0074182788525683782,0.00045840756514528173,0.00078044197668188792,0.00032203441153660618,0,0,0,0,0,0.82352941176470584,-7.6268395471219075e-07,6.6556222901201597e-06,0.0015435021418946989,0,3.7567910015797725e-06
67,5,7,0.13574637067206638,0.018427077150638044,1,-1,1,0,2,-1,1,1969,0.007585650479454871,0.062125503460950034,0.054539852981495163,0.00051719843769748185,0.05396090204387393,0.053443703606176451,0.0010968224190784092,0.00071973990330982413,0.0010968224190784092,0.00096076156157432618,0.0024822062161606166,0.0013118860268367251,0.0046775617134678926,0.060387072781009868,0.041761174116077382,0.046438735829545275,0.0046775617134678926,0,0,0,0,0,0.53989580477104471,-8.0240916315484499e-05,0.0015147436387004485,0.014326305113371846,0,0.00060617630126413966
67,5,7,0.13574637067206638,0.018427077150638044,1,-1,1,0,3,-1,0,18,0.062122094713552879,0.062177852601363236,5.575788781035651e-05,0.053956906072121037,0.054476789165962096,0.00051988309384105869,0.0018130465779048243,0.00020014031900323731,0.0018130465779048243,0.001687724925546974,0.0021792340066678351,0.0018240597690161121,0.0021792340066678351,0.062174783188792528,0.053956906072121037,0.056136140078788872,0.0021792340066678351,0,0,0,0,0,0.94736842105263153,-2.0872599493872973e-05,0.00026060718441889551,0.011200814206316823,0,8.9455725282509022e-05
67,5,7,0.13574637067206638,0.018427077150638044,1,-1,1,0,4,-1,0,14,0.062192455708292627,0.06223008751570569,3.7631807413063267e-05,0.054693794610316426,0.055044096090327121,0.00035030148001069517,0.0017311662785205377,0.0001432313476042613,0.0017311662785205377,0.0016397809110164363,0.0019861106112958604,0.0017370814324098858,0.0019861106112958604,0.062228152101400931,0.054693794610316426,0.056679905221612287,0.0019861106112958604,0,0,0,0,0,0.93333333333333335,-9.5908986335311756e-06,0.00020259078526497338,0.009556586775754607,0,4.1163044189713594e-05
67,5,7,0.13574637067206638,0.018427077150638044,1,-1,1,0,5,-1,0,8,0.062262498869073882,0.062282336263564893,1.9837394491011018e-05,0.055498938167769039,0.05568306836674658,0.0001841301989775404,0.0016548291711657934,8.8007920823315912e-05,0.0016548291711657934,0.0016226299725872646,0.0017818446144006669,0.0016571677585171967,0.0017818446144006669,0.062281521014009335,0.055498938167769039,0.057280782782169706,0.0017818446144006669,0,0,0,0,0,0.88888888888888884,-8.5258143010028112e-06,0.00012594724553288418,0.00612782572059956,0,3.4958674139580076e-05
67,5,7,0.13574637067206638,0.018427077150638044,1,-1,3,1,1,-1,1,1884,0.0066177451634422948,0.062328471099659208,0.055710725936216912,0.00038483038641339695,0.056370913942628414,0.055986083556215017,0.00096436682376444449,0.00043388767811324258,0.00096436682376444449,0.00092733801204637929,0.0016718558796746995,0.0010574790248492043,0.0016996097682141498,0.061801200800533689,0.051491651607035976,0.053191261375250126,0.0016996097682141498,0,0,0,0,0,0.97982708933717577,-0.0057652486576873765,0.0015147436387004485,0.026540239352174665,0,0.017693435840842243
68,7,5,0.13574637067206638,0.018427077150638044,1,1,1,0,1,-1,1,2129,0.004429619746497665,0.062469424256101136,0.058039804509603471,0.00022014475727860926,0.078519012675116739,0.078298867917838133,0.00024004970738548883,0.003150747767983277,0.0015027942270166479,0.0009598034634678218,0.0035500666776788737,0.0031598790102577434,0.026744409790851742,0.061569918499470119,0.078519012675116739,0.051774602884264997,-0.026744409790851742,0,0,0,0,0,0.88366972477064221,-0.00018218113963555259,0.0015147436387004485,0.020454200294428931,0,0.0028152043992552703
68,7,5,0.13574637067206638,0.018427077150638044,1,1,3,1,1,-1,1,1884,0.0066177451634422948,0.062328471099659208,0.055710725936216912,0.00038483038641339695,0.056370913942628414,0.055986083556215017,0.00096436682376444449,0.00043388767811324258,0.00096436682376444449,0.00092733801204637929,0.0016718558796746995,0.0010574790248492043,0.0016996097682141498,0.061801200800533689,0.051491651607035976,0.053191261375250126,0.0016996097682141498,0,0,0,0,0,0.97982708933717577,-0.0057652486576873765,0.0015147436387004485,0.039334252304328375,0,0.017693435840842243
68,7,5,0.13574637067206638,0.018427077150638044,1,-1,1,0,1,-1,0,14,0.0071588261498907275,0.0075250166777851898,0.00036619052789446226,0.00045840756514528173,0.00052356313678138581,6.5155571636104075e-05,0.00028336297466384741,1.6043598438092147e-05,0.00028336297466384741,0.00027492337772078108,0.00031528796343528043,0.0002838167938321955,0.00032203441153660618,0.0074182788525683782,0.00045840756514528173,0.00078044197668188792,0.00032203441153660618,0,0,0,0,0,0.82352941176470584,-7.6268395471219075e-07,6.6556222901201597e-06,0.0015435021418946989,0,3.7567910015797725e-06
68,7,5,0.13574637067206638,0.018427077150638044,1,-1,1,0,2,-1,1,1969,0.007585650479454871,0.062125503460950034,0.054539852981495163,0.00051719843769748185,0.05396090204387393,0.053443703606176451,0.0010968224190784092,0.00071973990330982413,0.0010968224190784092,0.00096076156157432618,0.0024822062161606166,0.0013118860268367251,0.0046775617134678926,0.060387072781009868,0.041761174116077382,0.046438735829545275,0.0046775617134678926,0,0,0,0,0,0.53989580477104471,-8.0240916315484499e-05,0.0015147436387004485,0.014326305113371846,0,0.00060617630126413966
68,7,5,0.13574637067206638,0.018427077150638044,1,-1,1,0,3,-1,0,18,0.062122094713552879,0.062177852601363236,5.575788781035651e-05,0.053956906072121037,0.054476789165962096,0.00051988309384105869,0.0018130465779048243,0.00020014031900323731,0.0018130465779048243,0.001687724925546974,0.0021792340066678351,0.0018240597690161121,0.0021792340066678351,0.062174783188792528,0.053956906072121037,0.056136140078788872,0.0021792340066678351,0,0,0,0,0,0.94736842105263153,-2.0872599493872973e-05,0.00026060718441889551,0.011200814206316823,0,8.9455725282509022e-05
68,7,5,0.13574637067206638,0.018427077150638044,1,-1,1,0,4,-1,0,14,0.062192455708292627,0.06223008751570569,3.7631807413063267e-05,0.054693794610316426,0.055044096090327121,0.00035030148001069517,0.0017311662785205377,0.0001432313476042613,0.0017311662785205377,0.0016397809110164363,0.0019861106112958604,0.0017370814324098858,0.0019861106112958604,0.062228152101400931,0.054693794610316426,0.056679905221612287,0.0019861106112958604,0,0,0,0,0,0.93333333333333335,-9.5908986335311756e-06,0.00020259078526497338,0.009556586775754607,0,4.1163044189713594e-05
68,7,5,0.13574637067206638,0.018427077150638044,1,-1,1,0,5,-1,0,8,0.062262498869073882,0.062282336263564893,1.9837394491011018e-05,0.055498938167769039,0.05568306836674658,0.0001841301989775404,0.0016548291711657934,8.8007920823315912e-05,0.0016548291711657934,0.0016226299725872646,0.0017818446144006669,0.0016571677585171967,0.0017818446144006669,0.062281521014009335,0.055498938167769039,0.057280782782169706,0.0017818446144006669,0,0,0,0,0,0.88888888888888884,-8.5258143010028112e-06,0.00012594724553288418,0.00612782572059956,0,3.4958674139580076e-05
68,7,5,0.13574637067206638,0.018427077150638044,1,-1,3,1,1,-1,1,1884,0.0066177451634422948,0.062328471099659208,0.055710725936216912,0.00038483038641339695,0.056370913942628414,0.055986083556215017,0.00096436682376444449,0.00043388767811324258,0.00096436682376444449,0.00092733801204637929,0.0016718558796746995,0.0010574790248492043,0.0016996097682141498,0.061801200800533689,0.051491651607035976,0.053191261375250126,0.0016996097682141498,0,0,0,0,0,0.97982708933717577,-0.0057652486576873765,0.0015147436387004485,0.026540239352174665,0,0.017693435840842243
69,4,8,0.14112255719939906,0.019915576150497664,1,1,1,0,1,-1,1,2110,0.0051767845230153431,0.062467355421003942,0.057290570897988599,0.00027766165104483979,0.078519012675116739,0.078241351024071898,0.00036802624884684935,0.002993927102505393,0.0015212803287431857,0.0010343547894055474,0.0029128045544456211,0.00301646196975142,0.026746842805795701,0.06156949206091146,0.078519012675116739,0.051772169869321039,-0.026746842805795701,0,0,0,0,0,0.87183253764230628,-0.00019544059284800028,0.0014813948135014856,0.020019240635934736,0,0.0028996545441586979
69,4,8,0.14112255719939906,0.019915576150497664,1,1,3,1,1,-1,1,1870,0.0072048032021347561,0.062314947489554573,0.055110144287419817,0.00044503056471917861,0.056237491661107405,0.055792461096388225,0.0010448592394510484,0.00046137879474974011,0.0010448592394510484,0.0010072033029315183,0.001789398856787847,0.0011421914123783922,0.0018176593650436057,0.061747831887925278,0.051027568416656774,0.05284522778170038,0.0018176593650436057,0,0,0,0,0,0.98051245037892454,-0.0058309548997652902,0.0014813948135014856,0.039238213959316953,0,0.017924190170155282
69,4,8,0.14112255719939906,0.019915576150497664,1,-1,1,0,1,-1,0,7,0.0073392643043360354,0.0074716477651767844,0.00013238346084074905,0.00046457739971310846,0.00048691514716930987,2.2337747456201412e-05,0.00030447326890608174,5.0203762924766248e-06,0.00030447326890608174,0.00030263081829221596,0.00031267393443501669,0.00030451465589766483,0.00031586457696877946,0.0074182788525683782,0.00046457739971310846,0.00078044197668188792,0.00031586457696877946,0,0,0,0,0,0.77777777777777779,-3.6193277704644501e-07,2.224891324438852e-06,0.00086843974369114332,0,1.5382152693187054e-06
69,4,8,0.14112255719939906,0.019915576150497664,1,-1,1,0,2,-1,1,1980,0.0077588173792967957,0.062124828918895439,0.054366011539598642,0.00052416393623490581,0.053855866469733726,0.053331702533498823,0.0011761182470370925,0.00073303890259703681,0.0011761182470370925,0.0010420543107620209,0.0025996270102508641,0.001385857194567417,0.0046202083964354546,0.060443079390178969,0.042028018679119414,0.046648227075554868,0.0046202083964354546,0,0,0,0,0,0.54410552349546581,-5.8135369855580771e-05,0.0014813948135014856,0.014137000735608722,0,0.00058040005767242696
69,4,8,0.14112255719939906,0.019915576150497664,1,-1,1,0,3,-1,0,15,0.062137053999942009,0.062177201042251905,4.0147042309895964e-05,0.054013666419602299,0.054376259247878297,0.00036259282827599826,0.0018764594857779366,0.0001540379674725693,0.0018764594857779366,0.0017670174150708137,0.002122850189203526,0.001882771334280687,0.0021237287592427434,0.062177201042251905,0.054036024016010674,0.056159752775253417,0.0021237287592427434,0,0,0,0,0,1,1.4999712638107759e-05,0.00021164425320073765,0.010623911249909251,0.0037899052832956856,-5.745352822541021e-05
69,4,8,0.14112255719939906,0.019915576150497664,1,-1,1,0,4,-1,0,9,0.062208000734735598,0.062229460499797315,2.1459765061716818e-05,0.054753871424811008,0.054950753139000302,0.00019688171418929395,0.0018070315274588489,9.4335729846613752e-05,0.0018070315274588489,0.0017801819357315396,0.0019260337968012783,0.0018094922412533175,0.0019260337968012783,0.062228152101400931,0.054753871424811008,0.056679905221612287,0.0019260337968012783,0,0,0,0,0,1,2.1612147191084583e-05,0.00014161731801016209,0.0083279430230886169,0.0046285659603294369,-8.5694491396481458e-05
69,4,8,0.14112255719939906,0.019915576150497664,1,-1,3,1,1,-1,1,1870,0.0072048032021347561,0.062314947489554573,0.055110144287419817,0.00044503056471917861,0.056237491661107405,0.055792461096388225,0.0010448592394510484,0.00046137879474974011,0.0010448592394510484,0.0010072033029315183,0.001789398856787847,0.0011421914123783922,0.0018176593650436057,0.061747831887925278,0.051027568416656774,0.05284522778170038,0.0018176593650436057,0,0,0,0,0,0.98051245037892454,-0.0058309548997652902,0.0014813948135014856,0.026282044355825009,0,0.017924190170155282
70,8,4,0.14112255719939906,0.019915576150497664,1,1,1,0,1,-1,1,2110,0.0051767845230153431,0.062467355421003942,0.057290570897988599,0.00027766165104483979,0.078519012675116739,0.078241351024071898,0.00036802624884684935,0.002993927102505393,0.0015212803287431857,0.0010343547894055474,0.0029128045544456211,0.00301646196975142,0.026746842805795701,0.06156949206091146,0.078519012675116739,0.051772169869321039,-0.026746842805795701,0,0,0,0,0,0.87183253764230628,-0.00019544059284800028,0.0014813948135014856,0.020019240635934736,0,0.0028996545441586979
70,8,4,0.14112255719939906,0.019915576150497664,1,1,3,1,1,-1,1,1870,0.0072048032021347561,0.062314947489554573,0.055110144287419817,0.00044503056471917861,0.056237491661107405,0.055792461096388225,0.0010448592394510484,0.00046137879474974011,0.0010448592394510484,0.0010072033029315183,0.001789398856787847,0.0011421914123783922,0.0018176593650436057,0.061747831887925278,0.051027568416656774,0.05284522778170038,0.0018176593650436057,0,0,0,0,0,0.98051245037892454,-0.0058309548997652902,0.0014813948135014856,0.039238213959316953,0,0.017924190170155282
70,8,4,0.14112255719939906,0.019915576150497664,1,-1,1,0,1,-1,0,7,0.0073392643043360354,0.0074716477651767844,0.00013238346084074905,0.00046457739971310846,0.00048691514716930987,2.2337747456201412e-05,0.00030447326890608174,5.0203762924766248e-06,0.00030447326890608174,0.00030263081829221596,0.00031267393443501669,0.00030451465589766483,0.00031586457696877946,0.0074182788525683782,0.00046457739971310846,0.00078044197668188792,0.00031586457696877946,0,0,0,0,0,0.77777777777777779,-3.6193277704644501e-07,2.224891324438852e-06,0.00086843974369114332,0,1.5382152693187054e-06
70,8,4,0.14112255719939906,0.019915576150497664,1,-1,1,0,2,-1,1,1980,0.0077588173792967957,0.062124828918895439,0.054366011539598642,0.00052416393623490581,0.053855866469733726,0.053331702533498823,0.0011761182470370925,0.00073303890259703681,0.0011761182470370925,0.0010420543107620209,0.0025996270102508641,0.001385857194567417,0.0046202083964354546,0.060443079390178969,0.042028018679119414,0.046648227075554868,0.0046202083964354546,0,0,0,0,0,0.54410552349546581,-5.8135369855580771e-05,0.0014813948135014856,0.014137000735608722,0,0.00058040005767242696
70,8,4,0.14112255719939906,0.019915576150497664,1,-1,1,0,3,-1,0,15,0.062137053999942009,0.062177201042251905,4.0147042309895964e-05,0.054013666419602299,0.054376259247878297,0.00036259282827599826,0.0018764594857779366,0.0001540379674725693,0.0018764594857779366,0.0017670174150708137,0.002122850189203526,0.001882771334280687,0.0021237287592427434,0.062177201042251905,0.054036024016010674,0.056159752775253417,0.0021237287592427434,0,0,0,0,0,1,1.4999712638107759e-05,0.00021164425320073765,0.010623911249909251,0.0037899052832956856,-5.745352822541021e-05
70,8,4,0.14112255719939906,0.019915576150497664,1,-1,1,0,4,-1,0,9,0.062208000734735598,0.062229460499797315,2.1459765061716818e-05,0.054753871424811008,0.054950753139000302,0.00019688171418929395,0.0018070315274588489,9.4335729846613752e-05,0.0018070315274588489,0.0017801819357315396,0.0019260337968012783,0.0018094922412533175,0.0019260337968012783,0.062228152101400931,0.054753871424811008,0.056679905221612287,0.0019260337968012783,0,0,0,0,0,1,2.1612147191084583e-05,0.00014161731801016209,0.0083279430230886169,0.0046285659603294369,-8.5694491396481458e-05
70,8,4,0.14112255719939906,0.019915576150497664,1,-1,3,1,1,-1,1,1870,0.0072048032021347561,0.062314947489554573,0.055110144287419817,0.00044503056471917861,0.056237491661107405,0.055792461096388225,0.0010448592394510484,0.00046137879474974011,0.0010448592394510484,0.0010072033029315183,0.001789398856787847,0.0011421914123783922,0.0018176593650436057,0.061747831887925278,0.051027568416656774,0.05284522778170038,0.0018176593650436057,0,0,0,0,0,0.98051245037892454,-0.0058309548997652902,0.0014813948135014856,0.026282044355825009,0,0.017924190170155282
71,0,9,0.14196259929603181,0.02015337959888569,1,1,1,0,1,-1,1,2109,0.0051767845230153431,0.062467100212933876,0.057290315689918533,0.00027801754951329113,0.078519012675116739,0.078240995125603452,0.00038363105116724687,0.0029889490451801876,0.0015279195811300087,0.0010449459699807019,0.0028339715595570433,0.0030134679653354935,0.026747207219292239,0.061569428180880653,0.078519012675116739,0.0517718054558245,-0.026747207219292239,0,0,0,0,0,0.87068332108743574,-0.00019769214679639076,0.0014760698833284375,0.019950983351010441,0,0.0029131480739389829
71,0,9,0.14196259929603181,0.02015337959888569,1,1,3,1,1,-1,1,1865,0.0072581721147431614,0.06231581107903697,0.05505763896429381,0.00044880516153632385,0.056237491661107399,0.055788686499571076,0.0010561138240240727,0.00046544472058728193,0.0010561138240240727,0.001018089542103362,0.001808796462333405,0.0011541296275623997,0.0018362832261495723,0.061747831887925278,0.051008944555550807,0.05284522778170038,0.0018362832261495723,0,0,0,0,0,0.97942238267148019,-0.0058414599122928014,0.0014760698833284375,0.039210360097896912,0,0.017961099521629428
71,0,9,0.14196259929603181,0.02015337959888569,1,-1,1,0,1,-1,0,16,0.0077869336023439484,0.0081654436290860572,0.00037851002674210883,0.00052517747939885768,0.00058652163189718139,6.1344152498323716e-05,0.00032442341509610756,1.7572410055095423e-05,0.00032442341509610756,0.00031478756683213149,0.00035927340119719961,0.00032489897177086555,0.00036737953299157344,0.0080587058038692466,0.00052517747939885768,0.00089255701239043111,0.00036737953299157344,0,0,0,0,0,0.84210526315789469,-4.4612615293104152e-07,6.6906850522933755e-06,0.0015918199047446284,0,2.3464587519873578e-06
71,0,9,0.14196259929603181,0.02015337959888569,1,-1,1,0,2,-1,1,1950,0.0081918555567269628,0.062072154401066747,0.053880298844339786,0.00058510293985572373,0.053359387460002787,0.052774284520147062,0.0011889583781508608,0.00073538364031738922,0.0011889583781508608,0.0010536563903908516,0.0026633131286083983,0.0013980025477164126,0.0046186392380365149,0.060442662863959273,0.042028018679119414,0.046646657917155929,0.0046186392380365149,0,0,0,0,0,0.54121565362198165,-5.9277080942133294e-05,0.0014760698833284375,0.014172543897103871,0,0.00057634773615620712
71,0,9,0.14196259929603181,0.02015337959888569,1,-1,1,0,3,-1,0,19,0.06206890721718232,0.062124723505378371,5.5816288196050556e-05,0.053344470348099665,0.053839380114172539,0.00049490976607287351,0.0019521238992752591,0.00019871319377319746,0.0019521238992752591,0.0018086261428799308,0.0022919767026602124,0.0019622116734698087,0.0022969214631548066,0.062124723505378371,0.053368912608405601,0.055665834071560408,0.0022969214631548066,0,0,0,0,0,1,9.1033444062511132e-06,0.00025810263139981147,0.012001195634408468,0.0028143643542680595,-3.1682586874298683e-05
71,0,9,0.14196259929603181,0.02015337959888569,1,-1,1,0,4,-1,0,13,0.062138535176391042,0.062177099199982898,3.8564023591855512e-05,0.054018037923526413,0.054360841711855547,0.00034280378832913377,0.0019000137261476267,0.00015055019909733077,0.0019000137261476267,0.0018372528031427651,0.0021199542412509141,0.0019059689194731466,0.002122732370233596,0.062177099199982898,0.054036024016010674,0.05615875638624427,0.002122732370233596,0,0,0,0,0,1,1.3505214442150274e-05,0.00020382902003472756,0.010110347257355034,0.0035942087585914034,-5.1673346401340634e-05
71,0,9,0.14196259929603181,0.02015337959888569,1,-1,1,0,5,-1,0,9,0.062209455050494571,0.062229362478902206,1.9907428407635319e-05,0.054758589685248313,0.054936554425645677,0.00017796474039736415,0.0018125514134493923,8.6072790904661193e-05,0.0018125514134493923,0.00177911322474026,0.0019223198736464636,0.0018145939357695172,0.0019229894318347901,0.062229362478902206,0.054769846564376258,0.056692835996211048,0.0019229894318347901,0,0,0,0,0,1,2.009115113100396e-05,0.00013260226994605637,0.0081029421338524171,0.0044641891306232443,-7.9715938375898867e-05
71,0,9,0.14196259929603181,0.02015337959888569,1,-1,3,1,1,-1,1,1865,0.0072581721147431614,0.06231581107903697,0.05505763896429381,0.00044880516153632385,0.056237491661107399,0.055788686499571076,0.0010561138240240727,0.00046544472058728193,0.0010561138240240727,0.001018089542103362,0.001808796462333405,0.0011541296275623997,0.0018362832261495723,0.061747831887925278,0.051008944555550807,0.05284522778170038,0.0018362832261495723,0,0,0,0,0,0.97942238267148019,-0.0058414599122928014,0.0014760698833284375,0.026235954685791506,0,0.017961099521629428
72,9,0,0.14196259929603181,0.02015337959888569,1,1,1,0,1,-1,1,2109,0.0051767845230153431,0.062467100212933876,0.057290315689918533,0.00027801754951329113,0.078519012675116739,0.078240995125603452,0.00038363105116724687,0.0029889490451801876,0.0015279195811300087,0.0010449459699807019,0.0028339715595570433,0.0030134679653354935,0.026747207219292239,0.061569428180880653,0.078519012675116739,0.0517718054558245,-0.026747207219292239,0,0,0,0,0,0.87068332108743574,-0.00019769214679639076,0.0014760698833284375,0.019950983351010441,0,0.0029131480739389829
72,9,0,0.14196259929603181,0.02015337959888569,1,1,3,1,1,-1,1,1865,0.0072581721147431614,0.06231581107903697,0.05505763896429381,0.00044880516153632385,0.056237491661107399,0.055788686499571076,0.0010561138240240727,0.00046544472058728193,0.0010561138240240727,0.001018089542103362,0.001808796462333405,0.0011541296275623997,0.0018362832261495723,0.061747831887925278,0.051008944555550807,0.05284522778170038,0.0018362832261495723,0,0,0,0,0,0.97942238267148019,-0.0058414599122928014,0.0014760698833284375,0.039210360097896912,0,0.017961099521629428
72,9,0,0.14196259929603181,0.02015337959888569,1,-1,1,0,1,-1,0,16,0.0077869336023439484,0.0081654436290860572,0.00037851002674210883,0.00052517747939885768,0.00058652163189718139,6.1344152498323716e-05,0.00032442341509610756,1.7572410055095423e-05,0.00032442341509610756,0.00031478756683213149,0.00035927340119719961,0.00032489897177086555,0.00036737953299157344,0.0080587058038692466,0.00052517747939885768,0.00089255701239043111,0.00036737953299157344,0,0,0,0,0,0.84210526315789469,-4.4612615293104152e-07,6.6906850522933755e-06,0.0015918199047446284,0,2.3464587519873578e-06
72,9,0,0.14196259929603181,0.02015337959888569,1,-1,1,0,2,-1,1,1950,0.0081918555567269628,0.062072154401066747,0.053880298844339786,0.00058510293985572373,0.053359387460002787,0.052774284520147062,0.0011889583781508608,0.00073538364031738922,0.0011889583781508608,0.0010536563903908516,0.0026633131286083983,0.0013980025477164126,0.0046186392380365149,0.060442662863959273,0.042028018679119414,0.046646657917155929,0.0046186392380365149,0,0,0,0,0,0.54121565362198165,-5.9277080942133294e-05,0.0014760698833284375,0.014172543897103871,0,0.00057634773615620712
72,9,0,0.14196259929603181,0.02015337959888569,1,-1,1,0,3,-1,0,19,0.06206890721718232,0.062124723505378371,5.5816288196050556e-05,0.053344470348099665,0.053839380114172539,0.00049490976607287351,0.0019521238992752591,0.00019871319377319746,0.0019521238992752591,0.0018086261428799308,0.0022919767026602124,0.0019622116734698087,0.0022969214631548066,0.062124723505378371,0.053368912608405601,0.055665834071560408,0.0022969214631548066,0,0,0,0,0,1,9.1033444062511132e-06,0.00025810263139981147,0.012001195634408468,0.0028143643542680595,-3.1682586874298683e-05
72,9,0,0.14196259929603181,0.02015337959888569,1,-1,1,0,4,-1,0,13,0.062138535176391042,0.062177099199982898,3.8564023591855512e-05,0.054018037923526413,0.054360841711855547,0.00034280378832913377,0.0019000137261476267,0.00015055019909733077,0.0019000137261476267,0.0018372528031427651,0.0021199542412509141,0.0019059689194731466,0.002122732370233596,0.062177099199982898,0.054036024016010674,0.05615875638624427,0.002122732370233596,0,0,0,0,0,1,1.3505214442150274e-05,0.00020382902003472756,0.010110347257355034,0.0035942087585914034,-5.1673346401340634e-05
72,9,0,0.14196259929603181,0.02015337959888569,1,-1,1,0,5,-1,0,9,0.062209455050494571,0.062229362478902206,1.9907428407635319e-05,0.054758589685248313,0.054936554425645677,0.00017796474039736415,0.0018125514134493923,8.6072790904661193e-05,0.0018125514134493923,0.00177911322474026,0.0019223198736464636,0.0018145939357695172,0.0019229894318347901,0.062229362478902206,0.054769846564376258,0.056692835996211048,0.0019229894318347901,0,0,0,0,0,1,2.009115113100396e-05,0.00013260226994605637,0.0081029421338524171,0.0044641891306232443,-7.9715938375898867e-05
72,9,0,0.14196259929603181,0.02015337959888569,1,-1,3,1,1,-1,1,1865,0.0072581721147431614,0.06231581107903697,0.05505763896429381,0.00044880516153632385,0.056237491661107399,0.055788686499571076,0.0010561138240240727,0.00046544472058728193,0.0010561138240240727,0.001018089542103362,0.001808796462333405,0.0011541296275623997,0.0018362832261495723,0.061747831887925278,0.051008944555550807,0.05284522778170038,0.0018362832261495723,0,0,0,0,0,0.97942238267148019,-0.0058414599122928014,0.0014760698833284375,0.026235954685791506,0,0.017961099521629428
73,1,9,0.14283767207418047,0.020402600563571117,1,1,1,0,1,-1,1,2104,0.0052301534356237502,0.062466849548004771,0.057236696112381025,0.0002851906295751276,0.078519012675116739,0.078233822045541607,0.00041321500827028282,0.0029276774542384577,0.0015243084005749136,0.001056422691095996,0.0026914161708905529,0.0029566944243725937,0.026747582378048897,0.061569362414893775,0.078519012675116739,0.051771430297067843,-0.026747582378048897,0,0,0,0,0,0.86847905951506243,-0.00020005021578529595,0.0014704957796024048,0.019871759209455719,0,0.0029272899813763656
73,1,9,0.14283767207418047,0.020402600563571117,1,1,3,1,1,-1,1,1861,0.007364909939959972,0.062316716131530336,0.054951806191570363,0.00046117694736325213,0.056237491661107405,0.055776314713744155,0.0010690501033388334,0.00046974884715734821,0.0010690501033388334,0.0010306673457490638,0.0018287915392023249,0.0011677037735891875,0.0018558012636820664,0.061747831887925278,0.050989426518018313,0.05284522778170038,0.0018558012636820664,0,0,0,0,0,0.97870036101083036,-0.0058524724388083465,0.0014704957796024048,0.03920478962746228,0,0.017999796770455642
73,1,9,0.14283767207418047,0.020402600563571117,1,-1,1,0,1,-1,0,13,0.0078166235635642733,0.0081120747164776519,0.00029545115291337853,0.00052621416502538377,0.0005815866636746822,5.5372498649298432e-05,0.00032857694179672889,1.5881198507811835e-05,0.00032857694179672889,0.00032059459690648052,0.00035982786866484135,0.00032896051305063268,0.00036634284736504735,0.0080587058038692466,0.00052621416502538377,0.00089255701239043111,0.00036634284736504735,0,0,0,0,0,0.8666666666666667,-4.9360133779925934e-07,5.9531673375286777e-06,0.0015143970745210857,0,2.4349476639969116e-06
73,1,9,0.14283767207418047,0.020402600563571117,1,-1,1,0,2,-1,1,1947,0.0082204095535950272,0.062072040528879525,0.053851630975284497,0.00058630006951036794,0.053341899462231002,0.052755599392720634,0.0011984040152371884,0.00073043390231487782,0.0011984040152371884,0.0010666027019502131,0.00263111519179562,0.0014034621011582594,0.0046170320961517186,0.060442236208589559,0.042028018679119414,0.046645050775271132,0.0046170320961517186,0,0,0,0,0,0.54068314357123026,-6.0486969010739416e-05,0.0014704957796024048,0.014141735333106663,0,0.00057211468837598813
73,1,9,0.14283767207418047,0.020402600563571117,1,-1,1,0,3,-1,0,17,0.06207048956459725,0.062124613709251736,5.4124144654485451e-05,0.053348014350327919,0.053822583079355169,0.00047456872902724989,0.0019769787358646764,0.00019491475311053232,0.0019769787358646764,0.0018703010099298326,0.0022894918401264092,0.0019865640395016807,0.0022959260702351408,0.062124613709251736,0.053368912608405601,0.055664838678640742,0.0022959260702351408,0,0,0,0,0,1,7.552514319090619e-06,0.00025055770144406434,0.011528646193917177,0.0025379040165526105,-2.5763827188935489e-05
73,1,9,0.14283767207418047,0.020402600563571117,1,-1,1,0,4,-1,0,13,0.062140087467688732,0.06217699311769239,3.6905650003658808e-05,0.054021019882739746,0.05434498666851495,0.00032396678577520377,0.001906640197925227,0.00014281731739803391,0.001906640197925227,0.0018361516042686224,0.0021177499845247681,0.0019119815978437449,0.0021216946672382303,0.06217699311769239,0.054036024016010674,0.056157718683248904,0.0021216946672382303,0,0,0,0,0,1,1.1933730176906261e-05,0.00019555899997175541,0.0098966487651972173,0.0033758685819669817,-4.5585954730847045e-05
73,1,9,0.14283767207418047,0.020402600563571117,1,-1,1,0,5,-1,0,9,0.062210979191455788,0.062229260372743213,1.8281181287424508e-05,0.054761263870784761,0.054921673997865836,0.00016041012708107455,0.0018188591341812524,7.8244956568839674e-05,0.0018188591341812524,0.0017780010397426479,0.0019205950282343647,0.0018205413544391223,0.0019218974798389243,0.062229260372743213,0.054769846564376251,0.056691744044215175,0.0019218974798389243,0,0,0,0,0,1,1.849232370822615e-05,0.00012300915293472138,0.0078278439361810694,0.0042843471689971505,-7.3422522657975591e-05
73,1,9,0.14283767207418047,0.020402600563571117,1,-1,3,1,1,-1,1,1861,0.007364909939959972,0.062316716131530336,0.054951806191570363,0.00046117694736325213,0.056237491661107405,0.055776314713744155,0.0010690501033388334,0.00046974884715734821,0.0010690501033388334,0.0010306673457490638,0.0018287915392023249,0.0011677037735891875,0.0018558012636820664,0.061747831887925278,0.050989426518018313,0.05284522778170038,0.0018558012636820664,0,0,0,0,0,0.97870036101083036,-0.0058524724388083465,0.0014704957796024048,0.026189752652779143,0,0.017999796770455642
74,9,1,0.14283767207418047,0.020402600563571117,1,1,1,0,1,-1,1,2104,0.0052301534356237502,0.062466849548004771,0.057236696112381025,0.0002851906295751276,0.078519012675116739,0.078233822045541607,0.00041321500827028282,0.0029276774542384577,0.0015243084005749136,0.001056422691095996,0.0026914161708905529,0.0029566944243725937,0.026747582378048897,0.061569362414893775,0.078519012675116739,0.051771430297067843,-0.026747582378048897,0,0,0,0,0,0.86847905951506243,-0.00020005021578529595,0.0014704957796024048,0.019871759209455719,0,0.0029272899813763656
74,9,1,0.14283767207418047,0.020402600563571117,1,1,3,1,1,-1,1,1861,0.007364909939959972,0.062316716131530336,0.054951806191570363,0.00046117694736325213,0.056237491661107405,0.055776314713744155,0.0010690501033388334,0.00046974884715734821,0.0010690501033388334,0.0010306673457490638,0.0018287915392023249,0.0011677037735891875,0.0018558012636820664,0.061747831887925278,0.050989426518018313,0.05284522778170038,0.0018558012636820664,0,0,0,0,0,0.97870036101083036,-0.0058524724388083465,0.0014704957796024048,0.03920478962746228,0,0.017999796770455642
74,9,1,0.14283767207418047,0.020402600563571117,1,-1,1,0,1,-1,0,13,0.0078166235635642733,0.0081120747164776519,0.00029545115291337853,0.00052621416502538377,0.0005815866636746822,5.5372498649298432e-05,0.00032857694179672889,1.5881198507811835e-05,0.00032857694179672889,0.00032059459690648052,0.00035982786866484135,0.00032896051305063268,0.00036634284736504735,0.0080587058038692466,0.00052621416502538377,0.00089255701239043111,0.00036634284736504735,0,0,0,0,0,0.8666666666666667,-4.9360133779925934e-07,5.9531673375286777e-06,0.0015143970745210857,0,2.4349476639969116e-06
74,9,1,0.14283767207418047,0.020402600563571117,1,-1,1,0,2,-1,1,1947,0.0082204095535950272,0.062072040528879525,0.053851630975284497,0.00058630006951036794,0.053341899462231002,0.052755599392720634,0.0011984040152371884,0.00073043390231487782,0.0011984040152371884,0.0010666027019502131,0.00263111519179562,0.0014034621011582594,0.0046170320961517186,0.060442236208589559,0.042028018679119414,0.046645050775271132,0.0046170320961517186,0,0,0,0,0,0.54068314357123026,-6.0486969010739416e-05,0.0014704957796024048,0.014141735333106663,0,0.00057211468837598813
74,9,1,0.14283767207418047,0.020402600563571117,1,-1,1,0,3,-1,0,17,0.06207048956459725,0.062124613709251736,5.4124144654485451e-05,0.053348014350327919,0.053822583079355169,0.00047456872902724989,0.0019769787358646764,0.00019491475311053232,0.0019769787358646764,0.0018703010099298326,0.0022894918401264092,0.0019865640395016807,0.0022959260702351408,0.062124613709251736,0.053368912608405601,0.055664838678640742,0.0022959260702351408,0,0,0,0,0,1,7.552514319090619e-06,0.00025055770144406434,0.011528646193917177,0.0025379040165526105,-2.5763827188935489e-05
74,9,1,0.14283767207418047,0.020402600563571117,1,-1,1,0,4,-1,0,13,0.062140087467688732,0.06217699311769239,3.6905650003658808e-05,0.054021019882739746,0.05434498666851495,0.00032396678577520377,0.001906640197925227,0.00014281731739803391,0.001906640197925227,0.0018361516042686224,0.0021177499845247681,0.0019119815978437449,0.0021216946672382303,0.06217699311769239,0.054036024016010674,0.056157718683248904,0.0021216946672382303,0,0,0,0,0,1,1.1933730176906261e-05,0.00019555899997175541,0.0098966487651972173,0.0033758685819669817,-4.5585954730847045e-05
74,9,1,0.14283767207418047,0.020402600563571117,1,-1,1,0,5,-1,0,9,0.062210979191455788,0.062229260372743213,1.8281181287424508e-05,0.054761263870784761,0.054921673997865836,0.00016041012708107455,0.0018188591341812524,7.8244956568839674e-05,0.0018188591341812524,0.0017780010397426479,0.0019205950282343647,0.0018205413544391223,0.0019218974798389243,0.062229260372743213,0.054769846564376251,0.056691744044215175,0.0019218974798389243,0,0,0,0,0,1,1.849232370822615e-05,0.00012300915293472138,0.0078278439361810694,0.0042843471689971505,-7.3422522657975591e-05
74,9,1,0.14283767207418047,0.020402600563571117,1,-1,3,1,1,-1,1,1861,0.007364909939959972,0.062316716131530336,0.054951806191570363,0.00046117694736325213,0.056237491661107405,0.055776314713744155,0.0010690501033388334,0.00046974884715734821,0.0010690501033388334,0.0010306673457490638,0.0018287915392023249,0.0011677037735891875,0.0018558012636820664,0.061747831887925278,0.050989426518018313,0.05284522778170038,0.0018558012636820664,0,0,0,0,0,0.97870036101083036,-0.0058524724388083465,0.0014704957796024048,0.026189752652779143,0,0.017999796770455642
75,2,9,0.14543108796450008,0.021150201346538156,1,1,1,0,1,-1,1,2095,0.0053368912608405599,0.062466186452364902,0.057129295191524342,0.00029389612426666812,0.078519012675116739,0.078225116550850071,0.00045168355467874877,0.0029327272035319764,0.0015587305862885931,0.0010963733248749372,0.0026595130742962502,0.0029673063346920751,0.026748667824601974,0.061569172120722888,0.078519012675116739,0.051770344850514766,-0.026748667824601974,0,0,0,0,0,0.86255053289231898,-0.00020711409411644638,0.0014537878750338076,0.019643217605866195,0,0.0029697154159751549
75,2,9,0.14543108796450008,0.021150201346538156,1,1,3,1,1,-1,1,1851,0.0076317545030020013,0.062319431063452391,0.054687676560450392,0.0004881950877484748,0.056237491661107405,0.055749296573358934,0.0011086521769792686,0.00048281232139174226,0.0011086521769792686,0.0010699326345224233,0.0018860756089517441,0.0012092218105908257,0.0019139128612553694,0.061694462975316874,0.050597650151387494,0.052511563012642863,0.0019139128612553694,0,0,0,0,0,0.97759306107697863,-0.0058855229006993413,0.0014537878750338076,0.039157432819878636,0,0.018115963722768941
75,2,9,0.14543108796450008,0.021150201346538156,1,-1,1,0,1,-1,0,8,0.0079064315347060436,0.0080587058038692466,0.000152274269163203,0.00052917926614600623,0.00055796592828261072,2.8786662136604489e-05,0.00034135455437830301,1.0501543274906254e-05,0.00034135455437830301,0.00033793179887395389,0.00035953245255938268,0.00034151605263291001,0.00036337774624442488,0.0080587058038692466,0.00052917926614600623,0.00089255701239043111,0.00036337774624442488,0,0,0,0,0,0.88888888888888884,2.85356841681285e-08,3.3449840315532086e-06,0.0011373896877901887,0,4.2185742679592343e-08
75,2,9,0.14543108796450008,0.021150201346538156,1,-1,1,0,2,-1,1,1955,0.0083070846065026807,0.062071703312442092,0.053764618705939411,0.00058968937850913334,0.053289836913746877,0.052700147535237746,0.0012403697219427684,0.0007458014897629492,0.0012403697219427684,0.0011067924223968975,0.0027167856624833535,0.0014473205965662946,0.0046473186379066278,0.060396880085380841,0.041827885256837893,0.046475203894744521,0.0046473186379066278,0,0,0,0,0,0.54350847928829582,-4.7851067698360406e-05,0.0014537878750338076,0.014039407563997623,0,0.00055956328261703547
75,2,9,0.14543108796450008,0.021150201346538156,1,-1,1,0,3,-1,0,17,0.062075236212487866,0.062124288451185831,4.9052238697964989e-05,0.053354275787464676,0.053772561222174449,0.00041828543470977253,0.0019978268219979006,0.00017364607314018549,0.0019978268219979006,0.0018669412086477558,0.0022838931165885881,0.0020053590624651832,0.0022929782010930946,0.062124288451185831,0.053368912608405601,0.055661890809498696,0.0022929782010930946,0,0,0,0,0,1,2.8673837179599848e-06,0.00022757525112444875,0.01090213639727947,0.0013984378900074414,-7.8225141288338604e-06
75,2,9,0.14543108796450008,0.021150201346538156,1,-1,1,0,4,-1,0,11,0.062144743954718293,0.06217667882607178,3.1934871353486716e-05,0.054026148008846107,0.054297694913628562,0.0002715469047824548,0.001943737241226693,0.00012512650131815085,0.001943737241226693,0.0019042200870166975,0.0021143066647691076,0.0019477605356572139,0.0021186212595954504,0.06217667882607178,0.054036024016010674,0.056154645275606124,0.0021186212595954504,0,0,0,0,0,1,7.1886477822148778e-06,0.00017022457776412651,0.008781882074817381,0.0026051716395314034,-2.7147677085674958e-05
75,2,9,0.14543108796450008,0.021150201346538156,1,-1,3,1,1,-1,1,1851,0.0076317545030020013,0.062319431063452391,0.054687676560450392,0.0004881950877484748,0.056237491661107405,0.055749296573358934,0.0011086521769792686,0.00048281232139174226,0.0011086521769792686,0.0010699326345224233,0.0018860756089517441,0.0012092218105908257,0.0019139128612553694,0.061694462975316874,0.050597650151387494,0.052511563012642863,0.0019139128612553694,0,0,0,0,0,0.97759306107697863,-0.0058855229006993413,0.0014537878750338076,0.026059220941396174,0,0.018115963722768941
76,9,2,0.14543108796450008,0.021150201346538156,1,1,1,0,1,-1,1,2095,0.0053368912608405599,0.062466186452364902,0.057129295191524342,0.00029389612426666812,0.078519012675116739,0.078225116550850071,0.00045168355467874877,0.0029327272035319764,0.0015587305862885931,0.0010963733248749372,0.0026595130742962502,0.0029673063346920751,0.026748667824601974,0.061569172120722888,0.078519012675116739,0.051770344850514766,-0.026748667824601974,0,0,0,0,0,0.86255053289231898,-0.00020711409411644638,0.0014537878750338076,0.019643217605866195,0,0.0029697154159751549
76,9,2,0.14543108796450008,0.021150201346538156,1,1,3,1,1,-1,1,1851,0.0076317545030020013,0.062319431063452391,0.054687676560450392,0.0004881950877484748,0.056237491661107405,0.055749296573358934,0.0011086521769792686,0.00048281232139174226,0.0011086521769792686,0.0010699326345224233,0.0018860756089517441,0.0012092218105908257,0.0019139128612553694,0.061694462975316874,0.050597650151387494,0.052511563012642863,0.0019139128612553694,0,0,0,0,0,0.97759306107697863,-0.0058855229006993413,0.0014537878750338076,0.039157432819878636,0,0.018115963722768941
76,9,2,0.14543108796450008,0.021150201346538156,1,-1,1,0,1,-1,0,8,0.0079064315347060436,0.0080587058038692466,0.000152274269163203,0.00052917926614600623,0.00055796592828261072,2.8786662136604489e-05,0.00034135455437830301,1.0501543274906254e-05,0.00034135455437830301,0.00033793179887395389,0.00035953245255938268,0.00034151605263291001,0.00036337774624442488,0.0080587058038692466,0.00052917926614600623,0.00089255701239043111,0.00036337774624442488,0,0,0,0,0,0.88888888888888884,2.85356841681285e-08,3.3449840315532086e-06,0.0011373896877901887,0,4.2185742679592343e-08
76,9,2,0.14543108796450008,0.021150201346538156,1,-1,1,0,2,-1,1,1955,0.0083070846065026807,0.062071703312442092,0.053764618705939411,0.00058968937850913334,0.053289836913746877,0.052700147535237746,0.0012403697219427684,0.0007458014897629492,0.0012403697219427684,0.0011067924223968975,0.0027167856624833535,0.0014473205965662946,0.0046473186379066278,0.060396880085380841,0.041827885256837893,0.046475203894744521,0.0046473186379066278,0,0,0,0,0,0.54350847928829582,-4.7851067698360406e-05,0.0014537878750338076,0.014039407563997623,0,0.00055956328261703547
76,9,2,0.14543108796450008,0.021150201346538156,1,-1,1,0,3,-1,0,17,0.062075236212487866,0.062124288451185831,4.9052238697964989e-05,0.053354275787464676,0.053772561222174449,0.00041828543470977253,0.0019978268219979006,0.00017364607314018549,0.0019978268219979006,0.0018669412086477558,0.0022838931165885881,0.0020053590624651832,0.0022929782010930946,0.062124288451185831,0.053368912608405601,0.055661890809498696,0.0022929782010930946,0,0,0,0,0,1,2.8673837179599848e-06,0.00022757525112444875,0.01090213639727947,0.0013984378900074414,-7.8225141288338604e-06
76,9,2,0.14543108796450008,0.021150201346538156,1,-1,1,0,4,-1,0,11,0.062144743954718293,0.06217667882607178,3.1934871353486716e-05,0.054026148008846107,0.054297694913628562,0.0002715469047824548,0.001943737241226693,0.00012512650131815085,0.001943737241226693,0.0019042200870166975,0.0021143066647691076,0.0019477605356572139,0.0021186212595954504,0.06217667882607178,0.054036024016010674,0.056154645275606124,0.0021186212595954504,0,0,0,0,0,1,7.1886477822148778e-06,0.00017022457776412651,0.008781882074817381,0.0026051716395314034,-2.7147677085674958e-05
76,9,2,0.14543108796450008,0.021150201346538156,1,-1,3,1,1,-1,1,1851,0.0076317545030020013,0.062319431063452391,0.054687676560450392,0.0004881950877484748,0.056237491661107405,0.055749296573358934,0.0011086521769792686,0.00048281232139174226,0.0011086521769792686,0.0010699326345224233,0.0018860756089517441,0.0012092218105908257,0.0019139128612553694,0.061694462975316874,0.050597650151387494,0.052511563012642863,0.0019139128612553694,0,0,0,0,0,0.97759306107697863,-0.0058855229006993413,0.0014537878750338076,0.026059220941396174,0,0.018115963722768941
77,6,7,0.14548227673504621,0.021165092844012565,1,1,1,0,1,-1,1,2095,0.0053368912608405599,0.062466174445097042,0.057129283184256481,0.00029387256651329605,0.078519012675116739,0.078225140108603444,0.00045234460494038688,0.0029329271084873976,0.0015593998530898342,0.0010971675414030192,0.0026597485928155536,0.0029676046005691057,0.026748688855374771,0.061569168433532238,0.078519012675116739,0.051770323819741969,-0.026748688855374771,0,0,0,0,0,0.86255053289231898,-0.00020725465151629914,0.0014534557721341164,0.019638445421020272,0,0.0029705605401374388
77,6,7,0.14548227673504621,0.021165092844012565,1,1,3,1,1,-1,1,1851,0.0076317545030020013,0.062319485142317443,0.054687730639315445,0.00048790332519531461,0.056237491661107405,0.055749588335912093,0.0011094161389370368,0.00048309999795647756,0.0011094161389370368,0.0010706851223033984,0.0018872844992793049,0.0012100370975137544,0.0019150708749892734,0.061694462975316874,0.05059649213765359,0.052511563012642863,0.0019150708749892734,0,0,0,0,0,0.97759306107697863,-0.005886181501906367,0.0014534557721341164,0.039154683826267613,0,0.018118279047511811
77,6,7,0.14548227673504621,0.021165092844012565,1,-1,1,0,1,-1,0,9,0.0079082399174884924,0.0081032947828288664,0.00019505486534037407,0.00052923626062043776,0.00055767503017766298,2.8438769557225223e-05,0.00034429830783736816,1.2623494566135286e-05,0.00034429830783736816,0.00034121081641350754,0.00036547180916080723,0.00034452964661221304,0.00036690584742134983,0.0081032947828288664,0.00053368912608405602,0.00090059497350540585,0.00036690584742134983,0,0,0,0,0,1,7.1317509428004421e-08,3.3027183778484261e-06,0.0011555566559905972,0.00020334100727230098,-1.6539026095405584e-07
77,6,7,0.14548227673504621,0.021165092844012565,1,-1,1,0,2,-1,1,1954,0.0083088200928802328,0.062071696661157971,0.053762876568277738,0.000589754044019711,0.053288824481802832,0.052699070437783123,0.0012401335544186421,0.00074487487787536558,0.0012401335544186421,0.0011072268457892193,0.0026960344418071806,0.0014466408733631358,0.0046471464819860531,0.060396833844949788,0.041827885256837893,0.046475031738823946,0.0046471464819860531,0,0,0,0,0,0.54323046983597445,-4.7931739999111378e-05,0.0014534557721341164,0.014036998494070601,0,0.00055931584094622705
77,6,7,0.14548227673504621,0.021165092844012565,1,-1,1,0,3,-1,0,17,0.062075330761205166,0.062124282034087111,4.8951272881944674e-05,0.053354364456908727,0.053771564834293586,0.00041720037738485899,0.0019982481021828002,0.00017324262066417467,0.0019982481021828002,0.0018668754436899776,0.0022838105517823211,0.0020057438728540971,0.0022929200548379366,0.062124282034087111,0.053368912608405601,0.055661832663243538,0.0022929200548379366,0,0,0,0,0,1,2.7735715544203824e-06,0.00022711187401333377,0.01088822940968113,0.0013658659966333528,-7.4623596830368886e-06
77,6,7,0.14548227673504621,0.021165092844012565,1,-1,1,0,4,-1,0,11,0.062144836707516873,0.062176672624799881,3.1835917283007387e-05,0.054026219888165292,0.054296794433516794,0.00027057454535150266,0.0019441309905881491,0.0001246841618993461,0.0019441309905881491,0.0019041571159017084,0.002114240412083114,0.0019481251111758198,0.0021185606335425017,0.062176672624799881,0.054036024016010674,0.056154584649553176,0.0021185606335425017,0,0,0,0,0,1,7.0936709428813981e-06,0.00016971139826435641,0.0087661372761275308,0.0025873613225499766,-2.6777754453710258e-05
77,6,7,0.14548227673504621,0.021165092844012565,1,-1,3,1,1,-1,1,1851,0.0076317545030020013,0.062319485142317443,0.054687730639315445,0.00048790332519531461,0.056237491661107405,0.055749588335912093,0.0011094161389370368,0.00048309999795647756,0.0011094161389370368,0.0010706851223033984,0.0018872844992793049,0.0012100370975137544,0.0019150708749892734,0.061694462975316874,0.05059649213765359,0.052511563012642863,0.0019150708749892734,0,0,0,0,0,0.97759306107697863,-0.005886181501906367,0.0014534557721341164,0.026055638147014244,0,0.018118279047511811
78,7,6,0.14548227673504621,0.021165092844012565,1,1,1,0,1,-1,1,2095,0.0053368912608405599,0.062466174445097042,0.057129283184256481,0.00029387256651329605,0.078519012675116739,0.078225140108603444,0.00045234460494038688,0.0029329271084873976,0.0015593998530898342,0.0010971675414030192,0.0026597485928155536,0.0029676046005691057,0.026748688855374771,0.061569168433532238,0.078519012675116739,0.051770323819741969,-0.026748688855374771,0,0,0,0,0,0.86255053289231898,-0.00020725465151629914,0.0014534557721341164,0.019638445421020272,0,0.0029705605401374388
78,7,6,0.14548227673504621,0.021165092844012565,1,1,3,1,1,-1,1,1851,0.0076317545030020013,0.062319485142317443,0.054687730639315445,0.00048790332519531461,0.056237491661107405,0.055749588335912093,0.0011094161389370368,0.00048309999795647756,0.0011094161389370368,0.0010706851223033984,0.0018872844992793049,0.0012100370975137544,0.0019150708749892734,0.061694462975316874,0.05059649213765359,0.052511563012642863,0.0019150708749892734,0,0,0,0,0,0.97759306107697863,-0.005886181501906367,0.0014534557721341164,0.039154683826267613,0,0.018118279047511811
78,7,6,0.14548227673504621,0.021165092844012565,1,-1,1,0,1,-1,0,9,0.0079082399174884924,0.0081032947828288664,0.00019505486534037407,0.00052923626062043776,0.00055767503017766298,2.8438769557225223e-05,0.00034429830783736816,1.2623494566135286e-05,0.00034429830783736816,0.00034121081641350754,0.00036547180916080723,0.00034452964661221304,0.00036690584742134983,0.0081032947828288664,0.00053368912608405602,0.00090059497350540585,0.00036690584742134983,0,0,0,0,0,1,7.1317509428004421e-08,3.3027183778484261e-06,0.0011555566559905972,0.00020334100727230098,-1.6539026095405584e-07
78,7,6,0.14548227673504621,0.021165092844012565,1,-1,1,0,2,-1,1,1954,0.0083088200928802328,0.062071696661157971,0.053762876568277738,0.000589754044019711,0.053288824481802832,0.052699070437783123,0.0012401335544186421,0.00074487487787536558,0.0012401335544186421,0.0011072268457892193,0.0026960344418071806,0.0014466408733631358,0.0046471464819860531,0.060396833844949788,0.041827885256837893,0.046475031738823946,0.0046471464819860531,0,0,0,0,0,0.54323046983597445,-4.7931739999111378e-05,0.0014534557721341164,0.014036998494070601,0,0.00055931584094622705
78,7,6,0.14548227673504621,0.021165092844012565,1,-1,1,0,3,-1,0,17,0.062075330761205166,0.062124282034087111,4.8951272881944674e-05,0.053354364456908727,0.053771564834293586,0.00041720037738485899,0.0019982481021828002,0.00017324262066417467,0.0019982481021828002,0.0018668754436899776,0.0022838105517823211,0.0020057438728540971,0.0022929200548379366,0.062124282034087111,0.053368912608405601,0.055661832663243538,0.0022929200548379366,0,0,0,0,0,1,2.7735715544203824e-06,0.00022711187401333377,0.01088822940968113,0.0013658659966333528,-7.4623596830368886e-06
78,7,6,0.14548227673504621,0.021165092844012565,1,-1,1,0,4,-1,0,11,0.062144836707516873,0.062176672624799881,3.1835917283007387e-05,0.054026219888165292,0.054296794433516794,0.00027057454535150266,0.0019441309905881491,0.0001246841618993461,0.0019441309905881491,0.0019041571159017084,0.002114240412083114,0.0019481251111758198,0.0021185606335425017,0.062176672624799881,0.054036024016010674,0.056154584649553176,0.0021185606335425017,0,0,0,0,0,1,7.0936709428813981e-06,0.00016971139826435641,0.0087661372761275308,0.0025873613225499766,-2.6777754453710258e-05
78,7,6,0.14548227673504621,0.021165092844012565,1,-1,3,1,1,-1,1,1851,0.0076317545030020013,0.062319485142317443,0.054687730639315445,0.00048790332519531461,0.056237491661107405,0.055749588335912093,0.0011094161389370368,0.00048309999795647756,0.0011094161389370368,0.0010706851223033984,0.0018872844992793049,0.0012100370975137544,0.0019150708749892734,0.061694462975316874,0.05059649213765359,0.052511563012642863,0.0019150708749892734,0,0,0,0,0,0.97759306107697863,-0.005886181501906367,0.0014534557721341164,0.026055638147014244,0,0.018118279047511811
79,5,8,0.14885127449201779,0.022156701917898029,1,1,1,0,1,-1,1,2083,0.0059773182121414274,0.062465462008225142,0.056488143796083717,0.0003517173487770053,0.077518345563709137,0.077166628214932129,0.00052846222324790589,0.0028316704171087305,0.0015794606471159051,0.0011457511188977428,0.0024191897217757099,0.0028805606524648724,0.025129602125849221,0.061674345381618922,0.077518345563709137,0.052388743437859916,-0.025129602125849221,0,0,0,0,0,0.85399043766090477,-0.00021611371165869398,0.0014313324440574677,0.019331459660892669,0,0.0030268409158478202
79,5,8,0.14885127449201779,0.022156701917898029,1,1,3,1,1,-1,1,1840,0.0080053368912608395,0.062265579955752132,0.054260243064491294,0.00052945272586891621,0.055370246831220812,0.054840794105351899,0.0011621605733035643,0.00050047344940802596,0.0011621605733035643,0.0011230918417440838,0.0019643507889142301,0.0012653421954963949,0.0019914547576218161,0.061694462975316874,0.050520108255021047,0.052511563012642863,0.0019914547576218161,0,0,0,0,0,0.97539797395079597,-0.0059300540343288806,0.0014313324440574677,0.039072185081479686,0,0.018272554644896223
79,5,8,0.14885127449201779,0.022156701917898029,1,-1,1,0,1,-1,0,13,0.0084256225422910565,0.0086991327551701123,0.00027351021287905578,0.00059383953396031507,0.00064695618859461255,5.3116654634297478e-05,0.00037006680146037068,1.5025804795517839e-05,0.00037006680146037068,0.00036243882445727207,0.00040015546929690599,0.00037037172185908367,0.0004069497211221559,0.0086457638425617052,0.00059383953396031507,0.001000789255082471,0.0004069497211221559,0,0,0,0,0,0.8666666666666667,-6.2036214557192959e-07,5.7626759885579165e-06,0.0014963308010811141,0,2.872799547935403e-06
79,5,8,0.14885127449201779,0.022156701917898029,1,-1,1,0,2,-1,1,1940,0.0088104986937067448,0.062071259408730255,0.05326076071502351,0.00065495455252092747,0.053221891147003784,0.05256693659448286,0.0012931083677012525,0.0007474095878209179,0.0012931083677012525,0.0011644533778431242,0.0027115986408420526,0.0014935696644568116,0.0046365406611248994,0.06039398411496559,0.041827885256837893,0.046464425917962793,0.0046365406611248994,0,0,0,0,0,0.54296109711726837,-4.6865205344353832e-05,0.0014313324440574677,0.013954178608406944,0,0.00054293149952412169
79,5,8,0.14885127449201779,0.022156701917898029,1,-1,1,0,3,-1,0,14,0.062081626660334913,0.062123352922580165,4.1726262245252166e-05,0.053358780967332681,0.05370770515680269,0.00034892418947000958,0.0020256823679338418,0.00013906827997239621,0.0020256823679338418,0.001930979163392358,0.0022771166655944641,0.0020304504530405409,0.0022771166655944641,0.062121414276184117,0.053358780967332681,0.055635897632927145,0.0022771166655944641,0,0,0,0,0,0.93333333333333335,-3.5141500916347788e-06,0.00019571958936295369,0.0095987342714034512,0,1.675543449102017e-05
79,5,8,0.14885127449201779,0.022156701917898029,1,-1,1,0,4,-1,0,11,0.062151013018318227,0.062176264773481434,2.5251755163206713e-05,0.054029796565122495,0.05423683241484073,0.00020703584971823452,0.0019707090290590717,9.6820767209777694e-05,0.0019707090290590717,0.0019000284057940423,0.0021104590616906477,0.0019730859936095131,0.0021145746097149185,0.062176264773481434,0.054036024016010674,0.056150598625725592,0.0021145746097149185,0,0,0,0,0,1,7.3083863985652304e-07,0.00013469499856383273,0.0075329697463317104,0.00069288525937778722,-1.9203599306520938e-06
79,5,8,0.14885127449201779,0.022156701917898029,1,-1,3,1,1,-1,1,1840,0.0080053368912608395,0.062265579955752132,0.054260243064491294,0.00052945272586891621,0.055370246831220812,0.054840794105351899,0.0011621605733035643,0.00050047344940802596,0.0011621605733035643,0.0011230918417440838,0.0019643507889142301,0.0012653421954963949,0.0019914547576218161,0.061694462975316874,0.050520108255021047,0.052511563012642863,0.0019914547576218161,0,0,0,0,0,0.97539797395079597,-0.0059300540343288806,0.0014313324440574677,0.025874434092923015,0,0.018272554644896223
80,8,5,0.14885127449201779,0.022156701917898029,1,1,1,0,1,-1,1,2083,0.0059773182121414274,0.062465462008225142,0.056488143796083717,0.0003517173487770053,0.077518345563709137,0.077166628214932129,0.00052846222324790589,0.0028316704171087305,0.0015794606471159051,0.0011457511188977428,0.0024191897217757099,0.0028805606524648724,0.025129602125849221,0.061674345381618922,0.077518345563709137,0.052388743437859916,-0.025129602125849221,0,0,0,0,0,0.85399043766090477,-0.00021611371165869398,0.0014313324440574677,0.019331459660892669,0,0.0030268409158478202
80,8,5,0.14885127449201779,0.022156701917898029,1,1,3,1,1,-1,1,1840,0.0080053368912608395,0.062265579955752132,0.054260243064491294,0.00052945272586891621,0.055370246831220812,0.054840794105351899,0.0011621605733035643,0.00050047344940802596,0.0011621605733035643,0.0011230918417440838,0.0019643507889142301,0.0012653421954963949,0.0019914547576218161,0.061694462975316874,0.050520108255021047,0.052511563012642863,0.0019914547576218161,0,0,0,0,0,0.97539797395079597,-0.0059300540343288806,0.0014313324440574677,0.039072185081479686,0,0.018272554644896223
80,8,5,0.14885127449201779,0.022156701917898029,1,-1,1,0,1,-1,0,13,0.0084256225422910565,0.0086991327551701123,0.00027351021287905578,0.00059383953396031507,0.00064695618859461255,5.3116654634297478e-05,0.00037006680146037068,1.5025804795517839e-05,0.00037006680146037068,0.00036243882445727207,0.00040015546929690599,0.00037037172185908367,0.0004069497211221559,0.0086457638425617052,0.00059383953396031507,0.001000789255082471,0.0004069497211221559,0,0,0,0,0,0.8666666666666667,-6.2036214557192959e-07,5.7626759885579165e-06,0.0014963308010811141,0,2.872799547935403e-06
80,8,5,0.14885127449201779,0.022156701917898029,1,-1,1,0,2,-1,1,1940,0.0088104986937067448,0.062071259408730255,0.05326076071502351,0.00065495455252092747,0.053221891147003784,0.05256693659448286,0.0012931083677012525,0.0007474095878209179,0.0012931083677012525,0.0011644533778431242,0.0027115986408420526,0.0014935696644568116,0.0046365406611248994,0.06039398411496559,0.041827885256837893,0.046464425917962793,0.0046365406611248994,0,0,0,0,0,0.54296109711726837,-4.6865205344353832e-05,0.0014313324440574677,0.013954178608406944,0,0.00054293149952412169
80,8,5,0.14885127449201779,0.022156701917898029,1,-1,1,0,3,-1,0,14,0.062081626660334913,0.062123352922580165,4.1726262245252166e-05,0.053358780967332681,0.05370770515680269,0.00034892418947000958,0.0020256823679338418,0.00013906827997239621,0.0020256823679338418,0.001930979163392358,0.0022771166655944641,0.0020304504530405409,0.0022771166655944641,0.062121414276184117,0.053358780967332681,0.055635897632927145,0.0022771166655944641,0,0,0,0,0,0.93333333333333335,-3.5141500916347788e-06,0.00019571958936295369,0.0095987342714034512,0,1.675543449102017e-05
80,8,5,0.14885127449201779,0.022156701917898029,1,-1,1,0,4,-1,0,11,0.062151013018318227,0.062176264773481434,2.5251755163206713e-05,0.054029796565122495,0.05423683241484073,0.00020703584971823452,0.0019707090290590717,9.6820767209777694e-05,0.0019707090290590717,0.0019000284057940423,0.0021104590616906477,0.0019730859936095131,0.0021145746097149185,0.062176264773481434,0.054036024016010674,0.056150598625725592,0.0021145746097149185,0,0,0,0,0,1,7.3083863985652304e-07,0.00013469499856383273,0.0075329697463317104,0.00069288525937778722,-1.9203599306520938e-06
80,8,5,0.14885127449201779,0.022156701917898029,1,-1,3,1,1,-1,1,1840,0.0080053368912608395,0.062265579955752132,0.054260243064491294,0.00052945272586891621,0.055370246831220812,0.054840794105351899,0.0011621605733035643,0.00050047344940802596,0.0011621605733035643,0.0011230918417440838,0.0019643507889142301,0.0012653421954963949,0.0019914547576218161,0.061694462975316874,0.050520108255021047,0.052511563012642863,0.0019914547576218161,0,0,0,0,0,0.97539797395079597,-0.0059300540343288806,0.0014313324440574677,0.025874434092923015,0,0.018272554644896223
81,3,9,0.14965291721178869,0.022395995629998482,1,1,1,0,1,-1,1,2085,0.0059773182121414282,0.062465312697632239,0.056487994485490814,0.00035180435572060119,0.077518345563709137,0.077166541207988534,0.0005435805191802525,0.0028193384312185641,0.0015867490660424961,0.001158504325079527,0.0024161310454099078,0.0028712626091282958,0.025129886908708404,0.061674298438603198,0.077518345563709137,0.052388458655000733,-0.025129886908708404,0,0,0,0,0,0.85288709084222136,-0.00021836776742057416,0.0014259988287847144,0.019262332322438867,0,0.0030404237461572493
81,3,9,0.14965291721178869,0.022395995629998482,1,1,3,1,1,-1,1,1837,0.0081120747164776519,0.062266662637211284,0.054154587920733632,0.00054211429697341874,0.055370246831220812,0.054828132534247391,0.0011757554073684648,0.00050432048408178502,0.0011757554073684648,0.0011363099593913462,0.0019824697840391966,0.0012793513702734954,0.0020098324840197718,0.061641094062708471,0.050179232499435039,0.052189064983454811,0.0020098324840197718,0,0,0,0,0,0.97539797395079597,-0.0059406479975247645,0.0014259988287847144,0.03906958154832893,0,0.018309819489140924
81,3,9,0.14965291721178869,0.022395995629998482,1,-1,1,0,1,-1,0,11,0.0084541663815258464,0.0086991327551701123,0.00024496637364426581,0.00059476569030951834,0.00064201328532487525,4.7247595015356908e-05,0.00037518565798162935,1.3029036563132994e-05,0.00037518565798162935,0.00036887264502878994,0.00040034042806937889,0.0003754118188721176,0.00040602356477295262,0.0086457638425617069,0.00059476569030951834,0.001000789255082471,0.00040602356477295262,0,0,0,0,0,0.84615384615384615,-6.7583205121294055e-07,5.0105657239180552e-06,0.0013360359050502944,0,3.0151824241997026e-06
81,3,9,0.14965291721178869,0.022395995629998482,1,-1,1,0,2,-1,1,1924,0.0088381342538908503,0.062018314904613431,0.05318018065072258,0.00065604244430202087,0.052753780695316874,0.052097738251014852,0.0012964596369347246,0.0007466730922443801,0.0012964596369347246,0.0011685035864425451,0.0027051435240845146,0.0014961043736593722,0.0046342077353140887,0.060393356993332994,0.041827885256837893,0.046462092992151982,0.0046342077353140887,0,0,0,0,0,0.54090525723924654,-4.8232834236773081e-05,0.0014259988287847144,0.013925950507929387,0,0.00053900813821387914
81,3,9,0.14965291721178869,0.022395995629998482,1,-1,1,0,3,-1,0,17,0.062016106646439161,0.062071155532181461,5.5048885742300935e-05,0.052753214826066541,0.053206180716853652,0.00045296589078711036,0.0021189880110728146,0.00018579427520681237,0.0021189880110728146,0.0020043007235059154,0.0024192456367713154,0.0021271176986170618,0.0024280526748138229,0.062071155532181461,0.052768512341561033,0.055196565016374856,0.0024280526748138229,0,0,0,0,0,1,1.5401907885933526e-06,0.00023694509822733196,0.011031758134385341,0.00069053196193472879,-1.9073375618137028e-06
81,3,9,0.14965291721178869,0.022395995629998482,1,-1,1,0,4,-1,0,12,0.062083145977890032,0.062123251127787944,4.010514989791214e-05,0.053359556193992796,0.053692763294350736,0.00033320710035793927,0.0020485235078505789,0.00013749058664806399,0.0020485235078505789,0.0019734751350914681,0.0022763414389343484,0.0020531322956968139,0.0022763414389343484,0.062121414276184117,0.053359556193992796,0.055635897632927145,0.0022763414389343484,0,0,0,0,0,0.92307692307692313,-5.0431353571576526e-06,0.00018797495224206652,0.0089565420020193999,0,2.2667350730408212e-05
81,3,9,0.14965291721178869,0.022395995629998482,1,-1,1,0,5,-1,0,8,0.062152503476985532,0.062175656954575963,2.315347759043046e-05,0.054030426077004798,0.054223159502824962,0.00019273342582016434,0.0019774539156987231,8.8143387644208155e-05,0.0019774539156987231,0.0019417106868847844,0.0021057140017840745,0.0019794174005241063,0.0021057140017840745,0.062174783188792528,0.054030426077004798,0.056136140078788872,0.0021057140017840745,0,0,0,0,0,0.88888888888888884,-8.155803294747827e-07,0.00012597248606195557,0.0066632800742208852,0,4.1428285442378e-06
81,3,9,0.14965291721178869,0.022395995629998482,1,-1,3,1,1,-1,1,1837,0.0081120747164776519,0.062266662637211284,0.054154587920733632,0.00054211429697341874,0.055370246831220812,0.054828132534247391,0.0011757554073684648,0.00050432048408178502,0.0011757554073684648,0.0011363099593913462,0.0019824697840391966,0.0012793513702734954,0.0020098324840197718,0.061641094062708471,0.050179232499435039,0.052189064983454811,0.0020098324840197718,0,0,0,0,0,0.97539797395079597,-0.0059406479975247645,0.0014259988287847144,0.025831198183262891,0,0.018309819489140924
82,9,3,0.14965291721178869,0.022395995629998482,1,1,1,0,1,-1,1,2085,0.0059773182121414282,0.062465312697632239,0.056487994485490814,0.00035180435572060119,0.077518345563709137,0.077166541207988534,0.0005435805191802525,0.0028193384312185641,0.0015867490660424961,0.001158504325079527,0.0024161310454099078,0.0028712626091282958,0.025129886908708404,0.061674298438603198,0.077518345563709137,0.052388458655000733,-0.025129886908708404,0,0,0,0,0,0.85288709084222136,-0.00021836776742057416,0.0014259988287847144,0.019262332322438867,0,0.0030404237461572493
82,9,3,0.14965291721178869,0.022395995629998482,1,1,3,1,1,-1,1,1837,0.0081120747164776519,0.062266662637211284,0.054154587920733632,0.00054211429697341874,0.055370246831220812,0.054828132534247391,0.0011757554073684648,0.00050432048408178502,0.0011757554073684648,0.0011363099593913462,0.0019824697840391966,0.0012793513702734954,0.0020098324840197718,0.061641094062708471,0.050179232499435039,0.052189064983454811,0.0020098324840197718,0,0,0,0,0,0.97539797395079597,-0.0059406479975247645,0.0014259988287847144,0.03906958154832893,0,0.018309819489140924
82,9,3,0.14965291721178869,0.022395995629998482,1,-1,1,0,1,-1,0,11,0.0084541663815258464,0.0086991327551701123,0.00024496637364426581,0.00059476569030951834,0.00064201328532487525,4.7247595015356908e-05,0.00037518565798162935,1.3029036563132994e-05,0.00037518565798162935,0.00036887264502878994,0.00040034042806937889,0.0003754118188721176,0.00040602356477295262,0.0086457638425617069,0.00059476569030951834,0.001000789255082471,0.00040602356477295262,0,0,0,0,0,0.84615384615384615,-6.7583205121294055e-07,5.0105657239180552e-06,0.0013360359050502944,0,3.0151824241997026e-06
82,9,3,0.14965291721178869,0.022395995629998482,1,-1,1,0,2,-1,1,1924,0.0088381342538908503,0.062018314904613431,0.05318018065072258,0.00065604244430202087,0.052753780695316874,0.052097738251014852,0.0012964596369347246,0.0007466730922443801,0.0012964596369347246,0.0011685035864425451,0.0027051435240845146,0.0014961043736593722,0.0046342077353140887,0.060393356993332994,0.041827885256837893,0.046462092992151982,0.0046342077353140887,0,0,0,0,0,0.54090525723924654,-4.8232834236773081e-05,0.0014259988287847144,0.013925950507929387,0,0.00053900813821387914
82,9,3,0.14965291721178869,0.022395995629998482,1,-1,1,0,3,-1,0,17,0.062016106646439161,0.062071155532181461,5.5048885742300935e-05,0.052753214826066541,0.053206180716853652,0.00045296589078711036,0.0021189880110728146,0.00018579427520681237,0.0021189880110728146,0.0020043007235059154,0.0024192456367713154,0.0021271176986170618,0.0024280526748138229,0.062071155532181461,0.052768512341561033,0.055196565016374856,0.0024280526748138229,0,0,0,0,0,1,1.5401907885933526e-06,0.00023694509822733196,0.011031758134385341,0.00069053196193472879,-1.9073375618137028e-06
82,9,3,0.14965291721178869,0.022395995629998482,1,-1,1,0,4,-1,0,12,0.062083145977890032,0.062123251127787944,4.010514989791214e-05,0.053359556193992796,0.053692763294350736,0.00033320710035793927,0.0020485235078505789,0.00013749058664806399,0.0020485235078505789,0.0019734751350914681,0.0022763414389343484,0.0020531322956968139,0.0022763414389343484,0.062121414276184117,0.053359556193992796,0.055635897632927145,0.0022763414389343484,0,0,0,0,0,0.92307692307692313,-5.0431353571576526e-06,0.00018797495224206652,0.0089565420020193999,0,2.2667350730408212e-05
82,9,3,0.14965291721178869,0.022395995629998482,1,-1,1,0,5,-1,0,8,0.062152503476985532,0.062175656954575963,2.315347759043046e-05,0.054030426077004798,0.054223159502824962,0.00019273342582016434,0.0019774539156987231,8.8143387644208155e-05,0.0019774539156987231,0.0019417106868847844,0.0021057140017840745,0.0019794174005241063,0.0021057140017840745,0.062174783188792528,0.054030426077004798,0.056136140078788872,0.0021057140017840745,0,0,0,0,0,0.88888888888888884,-8.155803294747827e-07,0.00012597248606195557,0.0066632800742208852,0,4.1428285442378e-06
82,9,3,0.14965291721178869,0.022395995629998482,1,-1,3,1,1,-1,1,1837,0.0081120747164776519,0.062266662637211284,0.054154587920733632,0.00054211429697341874,0.055370246831220812,0.054828132534247391,0.0011757554073684648,0.00050432048408178502,0.0011757554073684648,0.0011363099593913462,0.0019824697840391966,0.0012793513702734954,0.0020098324840197718,0.061641094062708471,0.050179232499435039,0.052189064983454811,0.0020098324840197718,0,0,0,0,0,0.97539797395079597,-0.0059406479975247645,0.0014259988287847144,0.025831198183262891,0,0.018309819489140924
83,4,9,0.1553694723422171,0.024139672935898967,1,1,1,0,1,-1,1,2054,0.0066711140760507001,0.062464435924983394,0.055793321848932695,0.00041885633547798529,0.075850567044696462,0.075431710709218475,0.00072155964262415819,0.0024820090935649586,0.0015862596484664167,0.001245108884083657,0.0021403602984752857,0.0025847664224070712,0.022447529433450124,0.061832872435257376,0.075850567044696462,0.053403037611246339,-0.022447529433450124,0,0,0,0,0,0.83284241531664216,-0.00023406942666422288,0.0013871949047020739,0.018716093532002376,0,0.0031394146752114381
83,4,9,0.1553694723422171,0.024139672935898967,1,1,3,1,1,-1,1,1812,0.0087525016677785193,0.062216393708036249,0.053463892040257727,0.00061504885153429553,0.054636424282855235,0.054021375431320941,0.0012669793133390035,0.00053273893492722878,0.0012669793133390035,0.0012270120303342156,0.0021152049686439496,0.0013744261905305687,0.002141828720373315,0.061587725150100067,0.049734886778595486,0.051876715498968801,0.002141828720373315,0,0,0,0,0,0.97244379985496732,-0.0060179108667705733,0.0013871949047020739,0.038933609383156702,0,0.018581735474103168
83,4,9,0.1553694723422171,0.024139672935898967,1,-1,1,0,1,-1,0,9,0.0090427443096776829,0.009232821881254169,0.0001900775715764861,0.00066312782396135705,0.0007007001138749061,3.7572289913549045e-05,0.00041783354941532643,9.6613905172542401e-06,0.00041783354941532643,0.00041350103790668336,0.00043580038301425429,0.00041794523263668999,0.00044055000788999199,0.0091794529686457637,0.00066312782396135705,0.001103677831851349,0.00044055000788999199,0,0,0,0,0,0.81818181818181823,-4.9069096750933803e-07,4.1956523598579258e-06,0.0012366753403128317,0,2.1512753817703053e-06
83,4,9,0.1553694723422171,0.024139672935898967,1,-1,1,0,2,-1,1,1907,0.0094102014204726532,0.061964895212223203,0.052554693791750554,0.00072440026147084242,0.052210052803764444,0.051485652542293599,0.0013832330306558015,0.00075268355259155691,0.0013832330306558015,0.0012611440986083008,0.0028129744746497659,0.0015747590759983194,0.0046557378587452555,0.0603450498571238,0.041627751834556366,0.046283489693301622,0.0046557378587452555,0,0,0,0,0,0.54253200568990045,-4.0127960756862946e-05,0.0013871949047020739,0.013753951638379848,0,0.00051093188619204526
83,4,9,0.1553694723422171,0.024139672935898967,1,-1,1,0,3,-1,0,17,0.06196390566729134,0.062017545159645762,5.363949235442228e-05,0.052213669736025148,0.052637823236143744,0.00042415350011859587,0.0022317526003620175,0.00017222355939563929,0.0022317526003620175,0.0021043606278840638,0.0025196670764605438,0.0022383879519943658,0.0025210347422421203,0.062017545159645762,0.052234823215476983,0.054755857957719103,0.0025210347422421203,0,0,0,0,0,1,1.2679978227761387e-05,0.00022716077681216368,0.011227212668286428,0.0034342320571281336,-4.7175799288826133e-05
83,4,9,0.1553694723422171,0.024139672935898967,1,-1,1,0,4,-1,0,10,0.062027572557003599,0.062069910642845519,4.2338085841919781e-05,0.052768512341561033,0.053094971377049924,0.00032645903548889077,0.0021375131631196178,0.0001008459718331391,0.0021375131631196178,0.0020716991200287194,0.0023189360825778601,0.0021398907524788745,0.0023508004792137729,0.062069910642845519,0.052835223482321544,0.055186023961535317,0.0023508004792137729,0,0,0,0,0,0.76923076923076927,-9.8002888276303994e-06,0.000182514479449713,0.008460038325998346,0,4.177113295164392e-05
83,4,9,0.1553694723422171,0.024139672935898967,1,-1,1,0,5,-1,0,9,0.062102157272334563,0.062122528266827418,2.0370994492854844e-05,0.053425618760609001,0.053588095793531,0.00016247703292199961,0.0021105093898301387,7.6824006496476949e-05,0.0021105093898301387,0.0020680699415281181,0.0022103134977332129,0.0021119071505479006,0.0022103365813432585,0.062122528266827418,0.053435623749166106,0.055645960330509364,0.0022103365813432585,0,0,0,0,0,1,2.0715683539062355e-05,0.00011941250258946644,0.0078668595803333095,0.0045364524039328558,-8.2317601652592742e-05
83,4,9,0.1553694723422171,0.024139672935898967,1,-1,3,1,1,-1,1,1812,0.0087525016677785193,0.062216393708036249,0.053463892040257727,0.00061504885153429553,0.054636424282855235,0.054021375431320941,0.0012669793133390035,0.00053273893492722878,0.0012669793133390035,0.0012270120303342156,0.0021152049686439496,0.0013744261905305687,0.002141828720373315,0.061587725150100067,0.049734886778595486,0.051876715498968801,0.002141828720373315,0,0,0,0,0,0.97244379985496732,-0.0060179108667705733,0.0013871949047020739,0.025510898691434358,0,0.018581735474103168
84,9,4,0.1553694723422171,0.024139672935898967,1,1,1,0,1,-1,1,2054,0.0066711140760507001,0.062464435924983394,0.055793321848932695,0.00041885633547798529,0.075850567044696462,0.075431710709218475,0.00072155964262415819,0.0024820090935649586,0.0015862596484664167,0.001245108884083657,0.0021403602984752857,0.0025847664224070712,0.022447529433450124,0.061832872435257376,0.075850567044696462,0.053403037611246339,-0.022447529433450124,0,0,0,0,0,0.83284241531664216,-0.00023406942666422288,0.0013871949047020739,0.018716093532002376,0,0.0031394146752114381
84,9,4,0.1553694723422171,0.024139672935898967,1,1,3,1,1,-1,1,1812,0.0087525016677785193,0.062216393708036249,0.053463892040257727,0.00061504885153429553,0.054636424282855235,0.054021375431320941,0.0012669793133390035,0.00053273893492722878,0.0012669793133390035,0.0012270120303342156,0.0021152049686439496,0.0013744261905305687,0.002141828720373315,0.061587725150100067,0.049734886778595486,0.051876715498968801,0.002141828720373315,0,0,0,0,0,0.97244379985496732,-0.0060179108667705733,0.0013871949047020739,0.038933609383156702,0,0.018581735474103168
84,9,4,0.1553694723422171,0.024139672935898967,1,-1,1,0,1,-1,0,9,0.0090427443096776829,0.009232821881254169,0.0001900775715764861,0.00066312782396135705,0.0007007001138749061,3.7572289913549045e-05,0.00041783354941532643,9.6613905172542401e-06,0.00041783354941532643,0.00041350103790668336,0.00043580038301425429,0.00041794523263668999,0.00044055000788999199,0.0091794529686457637,0.00066312782396135705,0.001103677831851349,0.00044055000788999199,0,0,0,0,0,0.81818181818181823,-4.9069096750933803e-07,4.1956523598579258e-06,0.0012366753403128317,0,2.1512753817703053e-06
84,9,4,0.1553694723422171,0.024139672935898967,1,-1,1,0,2,-1,1,1907,0.0094102014204726532,0.061964895212223203,0.052554693791750554,0.00072440026147084242,0.052210052803764444,0.051485652542293599,0.0013832330306558015,0.00075268355259155691,0.0013832330306558015,0.0012611440986083008,0.0028129744746497659,0.0015747590759983194,0.0046557378587452555,0.0603450498571238,0.041627751834556366,0.046283489693301622,0.0046557378587452555,0,0,0,0,0,0.54253200568990045,-4.0127960756862946e-05,0.0013871949047020739,0.013753951638379848,0,0.00051093188619204526
84,9,4,0.1553694723422171,0.024139672935898967,1,-1,1,0,3,-1,0,17,0.06196390566729134,0.062017545159645762,5.363949235442228e-05,0.052213669736025148,0.052637823236143744,0.00042415350011859587,0.0022317526003620175,0.00017222355939563929,0.0022317526003620175,0.0021043606278840638,0.0025196670764605438,0.0022383879519943658,0.0025210347422421203,0.062017545159645762,0.052234823215476983,0.054755857957719103,0.0025210347422421203,0,0,0,0,0,1,1.2679978227761387e-05,0.00022716077681216368,0.011227212668286428,0.0034342320571281336,-4.7175799288826133e-05
84,9,4,0.1553694723422171,0.024139672935898967,1,-1,1,0,4,-1,0,10,0.062027572557003599,0.062069910642845519,4.2338085841919781e-05,0.052768512341561033,0.053094971377049924,0.00032645903548889077,0.0021375131631196178,0.0001008459718331391,0.0021375131631196178,0.0020716991200287194,0.0023189360825778601,0.0021398907524788745,0.0023508004792137729,0.062069910642845519,0.052835223482321544,0.055186023961535317,0.0023508004792137729,0,0,0,0,0,0.76923076923076927,-9.8002888276303994e-06,0.000182514479449713,0.008460038325998346,0,4.177113295164392e-05
84,9,4,0.1553694723422171,0.024139672935898967,1,-1,1,0,5,-1,0,9,0.062102157272334563,0.062122528266827418,2.0370994492854844e-05,0.053425618760609001,0.053588095793531,0.00016247703292199961,0.0021105093898301387,7.6824006496476949e-05,0.0021105093898301387,0.0020680699415281181,0.0022103134977332129,0.0021119071505479006,0.0022103365813432585,0.062122528266827418,0.053435623749166106,0.055645960330509364,0.0022103365813432585,0,0,0,0,0,1,2.0715683539062355e-05,0.00011941250258946644,0.0078668595803333095,0.0045364524039328558,-8.2317601652592742e-05
84,9,4,0.1553694723422171,0.024139672935898967,1,-1,3,1,1,-1,1,1812,0.0087525016677785193,0.062216393708036249,0.053463892040257727,0.00061504885153429553,0.054636424282855235,0.054021375431320941,0.0012669793133390035,0.00053273893492722878,0.0012669793133390035,0.0012270120303342156,0.0021152049686439496,0.0013744261905305687,0.002141828720373315,0.061587725150100067,0.049734886778595486,0.051876715498968801,0.002141828720373315,0,0,0,0,0,0.97244379985496732,-0.0060179108667705733,0.0013871949047020739,0.025510898691434358,0,0.018581735474103168
85,7,7,0.15620280436806763,0.024399316092448806,1,1,1,0,1,-1,1,2052,0.0066711140760507001,0.062464330528248978,0.055793216452198278,0.00041905025832437829,0.075850567044696462,0.075431516786372083,0.00073369735713502636,0.0024867828753126907,0.0015993256615127525,0.00125870730955349,0.0021602036315595818,0.0025927593179497738,0.022447846927232756,0.061832825515336885,0.075850567044696462,0.053402720117463706,-0.022447846927232756,0,0,0,0,0,0.83173784977908694,-0.00023649817344059828,0.0013814198034973134,0.018632011089991712,0,0.0031541574271473777
85,7,7,0.15620280436806763,0.024399316092448806,1,1,3,1,1,-1,1,1809,0.00885923949299533,0.062208453332847566,0.053349213839852236,0.00062806761429061984,0.054569713142094731,0.053941645527804109,0.0012808845556527104,0.00053690257459883576,0.0012808845556527104,0.0012411484998064472,0.002134815562491346,0.0013888591071525218,0.0021612812497682488,0.061587725150100067,0.049715434249200552,0.051876715498968801,0.0021612812497682488,0,0,0,0,0,0.97244379985496732,-0.0060294273761100636,0.0013814198034973134,0.038927403784161034,0,0.018622286883001802
85,7,7,0.15620280436806763,0.024399316092448806,1,-1,1,0,1,-1,1,1909,0.0094402562974413573,0.061964780073658361,0.052524523776217004,0.00072547538093012951,0.052192773953964877,0.051467298573034746,0.0013943672146915413,0.00075307971665546753,0.0013943672146915413,0.0012736023528480446,0.0027969296329284272,0.0015847362522024054,0.0046520880273988943,0.060344056578187748,0.041627751834556366,0.04627983986195526,0.0046520880273988943,0,0,0,0,0,0.54310099573257464,-3.8432937096033279e-05,0.0013814198034973134,0.013715960164087947,0,0.00050683534553480852
85,7,7,0.15620280436806763,0.024399316092448806,1,-1,1,0,2,-1,0,15,0.06196571801825685,0.062017433528344997,5.1715510088146122e-05,0.052216839834160506,0.052621321742147925,0.00040448190798741956,0.0022564200650132715,0.00016812260927632239,0.0022564200650132715,0.0021684777840739258,0.0025173516750330526,0.0022626746831005944,0.0025201437723906608,0.062017433528344997,0.052234823215476983,0.054754966987867644,0.0025201437723906608,0,0,0,0,0,1,1.093239459716133e-05,0.00021911635778221764,0.01070534270925041,0.003179469935226339,-4.0436116276032717e-05
85,7,7,0.15620280436806763,0.024399316092448806,1,-1,1,0,3,-1,0,10,0.062029279894250923,0.062069801743126582,4.0521848875658961e-05,0.05276851234156104,0.053079284701679608,0.00031077236011856774,0.0021465536121836578,9.387273030720822e-05,0.0021465536121836578,0.0020883000955837193,0.0023180081090885332,0.0021486052451471951,0.0023498791114053078,0.062069801743126582,0.052835223482321544,0.055185102593726852,0.0023498791114053078,0,0,0,0,0,0.76923076923076927,-1.1506182809394673e-05,0.00017412554185122642,0.008256403373232744,0,4.8380781389269404e-05
85,7,7,0.15620280436806763,0.024399316092448806,1,-1,1,0,4,-1,0,9,0.062103912615336515,0.062122423383554594,1.8510768218078788e-05,0.053428000912922026,0.053572938555996673,0.00014493764307464685,0.0021168352154268444,6.9517210902315379e-05,0.0021168352154268444,0.0020670995851603258,0.002208791804879011,0.0021179763860541155,0.0022093885281282769,0.062122423383554594,0.053435623749166106,0.055645012277294383,0.0022093885281282769,0,0,0,0,0,1,1.8940438822174681e-05,0.00010959139527269012,0.0075662333735830485,0.0043391176047838176,-7.5311766352579416e-05
85,7,7,0.15620280436806763,0.024399316092448806,1,-1,3,1,1,-1,1,1809,0.00885923949299533,0.062208453332847566,0.053349213839852236,0.00062806761429061984,0.054569713142094731,0.053941645527804109,0.0012808845556527104,0.00053690257459883576,0.0012808845556527104,0.0012411484998064472,0.002134815562491346,0.0013888591071525218,0.0021612812497682488,0.061587725150100067,0.049715434249200552,0.051876715498968801,0.0021612812497682488,0,0,0,0,0,0.97244379985496732,-0.0060294273761100636,0.0013814198034973134,0.025462769526772025,0,0.018622286883001802
86,0,10,0.15770509081495293,0.02487089566895255,1,1,1,0,1,-1,1,2049,0.0066711140760507001,0.062464152072842075,0.055793037996791375,0.00041925298129311806,0.075850567044696476,0.075431314063403365,0.00075591585107464426,0.0024903603175316482,0.001620346193987301,0.0012814828214716897,0.0021949782213221856,0.0026025570666254822,0.022448407425965843,0.061832742679500424,0.075850567044696476,0.053402159618730634,-0.022448407425965843,0,0,0,0,0,0.82688766114180479,-0.00024090493721097079,0.0013709552981274536,0.018487592931993275,0,0.0031809357662449865
86,0,10,0.15770509081495293,0.02487089566895255,1,1,3,1,1,-1,1,1805,0.009072715143428953,0.062210633541311455,0.053137918397882504,0.00065630628183634696,0.054569713142094731,0.053913406860258382,0.0013069934841917746,0.00054442214469399238,0.0013069934841917746,0.0012669012438899507,0.0021699805541905439,0.0014158486640008391,0.0021964772647945774,0.06153435623749165,0.049377165829387767,0.051573643094182345,0.0021964772647945774,0,0,0,0,0,0.97207109176641282,-0.0060503488470077266,0.0013709552981274536,0.038895566235560036,0,0.018695968970185866
86,0,10,0.15770509081495293,0.02487089566895255,1,-1,1,0,1,-1,0,14,0.0094952040410541637,0.0097937119699414901,0.00029850792888732637,0.00072734811222796764,0.00078404586759421959,5.6697755366251945e-05,0.00044765547428045821,1.9991852344614497e-05,0.00044765547428045821,0.00043653290577380053,0.00048699956463542967,0.00044810166013242004,0.00049354489719927197,0.0097937119699414901,0.00073382254836557698,0.0012273674455648489,0.00049354489719927197,0,0,0,0,0,0.93333333333333335,-4.1919053899634657e-07,6.7770110317467353e-06,0.0016895043634757028,0,2.068141628100428e-06
86,0,10,0.15770509081495293,0.02487089566895255,1,-1,1,0,2,-1,1,1892,0.0098512382561484115,0.06196457296790614,0.052113334711757726,0.00078833877488901068,0.052161608047987015,0.051373269273098002,0.001420531947229536,0.00074754824301332702,0.001420531947229536,0.0013046074676577642,0.0027911721381400317,0.0016052225355794284,0.0046459201694047866,0.06034237747779702,0.041627751834556366,0.046273672003961153,0.0046459201694047866,0,0,0,0,0,0.54134477825464955,-3.921172887622198e-05,0.0013709552981274536,0.013702289509733942,0,0.00049938045516231073
86,0,10,0.15770509081495293,0.02487089566895255,1,-1,1,0,3,-1,0,15,0.061969009719498473,0.062017232688939647,4.8222969441173713e-05,0.052220686983409099,0.052591529371372028,0.00037084238796292884,0.0022687650303778477,0.00015517952259150645,0.0022687650303778477,0.0021662791886298272,0.0025141778580403456,0.002274065840580946,0.0025185410639950237,0.062017232688939647,0.052234823215476983,0.054753364279472007,0.0025185410639950237,0,0,0,0,0,1,7.7489067549652408e-06,0.00020433580209845288,0.010299739224232102,0.0026520501323750753,-2.8133479618522618e-05
86,0,10,0.15770509081495293,0.02487089566895255,1,-1,1,0,4,-1,0,11,0.062040218786563656,0.062069605843546656,2.9387056983000426e-05,0.052812484921747949,0.053050793614811825,0.0002383086930638767,0.0022035536334038142,0.00010508923300364987,0.0022035536334038142,0.0021358325109416057,0.002357773781579281,0.0022060581048967062,0.002357773781579281,0.062068045363575713,0.052812484921747949,0.05517025870332723,0.002357773781579281,0,0,0,0,0,1,2.0147621354518112e-05,0.00015199523229037675,0.008960205359590372,0.004456700918861134,-7.9448732320710694e-05
86,0,10,0.15770509081495293,0.02487089566895255,1,-1,3,1,1,-1,1,1805,0.009072715143428953,0.062210633541311455,0.053137918397882504,0.00065630628183634696,0.054569713142094731,0.053913406860258382,0.0013069934841917746,0.00054442214469399238,0.0013069934841917746,0.0012669012438899507,0.0021699805541905439,0.0014158486640008391,0.0021964772647945774,0.06153435623749165,0.049377165829387767,0.051573643094182345,0.0021964772647945774,0,0,0,0,0,0.97207109176641282,-0.0060503488470077266,0.0013709552981274536,0.025372219683030366,0,0.018695968970185866
87,10,0,0.15770509081495293,0.02487089566895255,1,1,1,0,1,-1,1,2049,0.0066711140760507001,0.062464152072842075,0.055793037996791375,0.00041925298129311806,0.075850567044696476,0.075431314063403365,0.00075591585107464426,0.0024903603175316482,0.001620346193987301,0.0012814828214716897,0.0021949782213221856,0.0026025570666254822,0.022448407425965843,0.061832742679500424,0.075850567044696476,0.053402159618730634,-0.022448407425965843,0,0,0,0,0,0.82688766114180479,-0.00024090493721097079,0.0013709552981274536,0.018487592931993275,0,0.0031809357662449865
87,10,0,0.15770509081495293,0.02487089566895255,1,1,3,1,1,-1,1,1805,0.009072715143428953,0.062210633541311455,0.053137918397882504,0.00065630628183634696,0.054569713142094731,0.053913406860258382,0.0013069934841917746,0.00054442214469399238,0.0013069934841917746,0.0012669012438899507,0.0021699805541905439,0.0014158486640008391,0.0021964772647945774,0.06153435623749165,0.049377165829387767,0.051573643094182345,0.0021964772647945774,0,0,0,0,0,0.97207109176641282,-0.0060503488470077266,0.0013709552981274536,0.038895566235560036,0,0.018695968970185866
87,10,0,0.15770509081495293,0.02487089566895255,1,-1,1,0,1,-1,0,14,0.0094952040410541637,0.0097937119699414901,0.00029850792888732637,0.00072734811222796764,0.00078404586759421959,5.6697755366251945e-05,0.00044765547428045821,1.9991852344614497e-05,0.00044765547428045821,0.00043653290577380053,0.00048699956463542967,0.00044810166013242004,0.00049354489719927197,0.0097937119699414901,0.00073382254836557698,0.0012273674455648489,0.00049354489719927197,0,0,0,0,0,0.93333333333333335,-4.1919053899634657e-07,6.7770110317467353e-06,0.0016895043634757028,0,2.068141628100428e-06
87,10,0,0.15770509081495293,0.02487089566895255,1,-1,1,0,2,-1,1,1892,0.0098512382561484115,0.06196457296790614,0.052113334711757726,0.00078833877488901068,0.052161608047987015,0.051373269273098002,0.001420531947229536,0.00074754824301332702,0.001420531947229536,0.0013046074676577642,0.0027911721381400317,0.0016052225355794284,0.0046459201694047866,0.06034237747779702,0.041627751834556366,0.046273672003961153,0.0046459201694047866,0,0,0,0,0,0.54134477825464955,-3.921172887622198e-05,0.0013709552981274536,0.013702289509733942,0,0.00049938045516231073
87,10,0,0.15770509081495293,0.02487089566895255,1,-1,1,0,3,-1,0,15,0.061969009719498473,0.062017232688939647,4.8222969441173713e-05,0.052220686983409099,0.052591529371372028,0.00037084238796292884,0.0022687650303778477,0.00015517952259150645,0.0022687650303778477,0.0021662791886298272,0.0025141778580403456,0.002274065840580946,0.0025185410639950237,0.062017232688939647,0.052234823215476983,0.054753364279472007,0.0025185410639950237,0,0,0,0,0,1,7.7489067549652408e-06,0.00020433580209845288,0.010299739224232102,0.0026520501323750753,-2.8133479618522618e-05
87,10,0,0.15770509081495293,0.02487089566895255,1,-1,1,0,4,-1,0,11,0.062040218786563656,0.062069605843546656,2.9387056983000426e-05,0.052812484921747949,0.053050793614811825,0.0002383086930638767,0.0022035536334038142,0.00010508923300364987,0.0022035536334038142,0.0021358325109416057,0.002357773781579281,0.0022060581048967062,0.002357773781579281,0.062068045363575713,0.052812484921747949,0.05517025870332723,0.002357773781579281,0,0,0,0,0,1,2.0147621354518112e-05,0.00015199523229037675,0.008960205359590372,0.004456700918861134,-7.9448732320710694e-05
87,10,0,0.15770509081495293,0.02487089566895255,1,-1,3,1,1,-1,1,1805,0.009072715143428953,0.062210633541311455,0.053137918397882504,0.00065630628183634696,0.054569713142094731,0.053913406860258382,0.0013069934841917746,0.00054442214469399238,0.0013069934841917746,0.0012669012438899507,0.0021699805541905439,0.0014158486640008391,0.0021964772647945774,0.06153435623749165,0.049377165829387767,0.051573643094182345,0.0021964772647945774,0,0,0,0,0,0.97207109176641282,-0.0060503488470077266,0.0013709552981274536,0.025372219683030366,0,0.018695968970185866
88,6,8,0.15778059960360319,0.02489471761127255,1,1,1,0,1,-1,1,2049,0.0066711140760507001,0.062464143476899187,0.055793029400848487,0.00041925896961593153,0.075850567044696462,0.075431308075080528,0.00075696176606054595,0.0024906922811717366,0.0016214019637124551,0.0012824011215458939,0.0021966893181845581,0.0026031786636275989,0.022448435198898962,0.061832738574815402,0.075850567044696462,0.0534021318457975,-0.022448435198898962,0,0,0,0,0,0.82651933701657454,-0.00024092332290823808,0.0013704268075502516,0.018479583702925535,0,0.0031822885369859706
88,6,8,0.15778059960360319,0.02489471761127255,1,1,3,1,1,-1,1,1803,0.009072715143428953,0.062210743675004392,0.05313802853157544,0.00065576969805560936,0.054569713142094731,0.053913943444039124,0.0013074076590380678,0.00054461110010431434,0.0013074076590380678,0.0012675691432602679,0.0021716842550898513,0.0014163036529177748,0.0021982634090737876,0.061534356237491657,0.04937537968510855,0.051573643094182338,0.0021982634090737876,0,0,0,0,0,0.97134566557852742,-0.0060514061969309191,0.0013704268075502516,0.038891009831354198,0,0.018699693206065775
88,6,8,0.15778059960360319,0.02489471761127255,1,-1,1,0,1,-1,0,14,0.0094979820026730548,0.0097927821092451302,0.00029480010657207539,0.00072744013115556025,0.00078352073303469025,5.6080601879129996e-05,0.00044785517366482822,1.9786813279948428e-05,0.00044785517366482822,0.00043704929354161252,0.00048687273152974841,0.00044829206390268499,0.00049335340919142595,0.0097927821092451302,0.00073382254836557698,0.0012271759575570029,0.00049335340919142595,0,0,0,0,0,0.93333333333333335,-4.2612712214976216e-07,6.6926083001862517e-06,0.0016806276578439426,0,2.0876426315647909e-06
88,6,8,0.15778059960360319,0.02489471761127255,1,-1,1,0,2,-1,1,1892,0.0098539491798825991,0.06196456257414748,0.052110613394264885,0.00078844130331694304,0.052160073915619928,0.051371632612302986,0.0014216440656058356,0.0007476104481089794,0.0014216440656058356,0.0013058751988943764,0.0027910122918444881,0.0016062357334445023,0.0046456230721112837,0.060342296580183863,0.041627751834556366,0.04627337490666765,0.0046456230721112837,0,0,0,0,0,0.54134477825464955,-3.9360544769738315e-05,0.0013704268075502516,0.013698326061576995,0,0.00049900339003837847
88,6,8,0.15778059960360319,0.02489471761127255,1,-1,1,0,3,-1,0,15,0.061969176000484794,0.062017222608235292,4.8046607750498738e-05,0.05222084087371269,0.052590024403443902,0.00036918352973121238,0.0022693955263408732,0.0001545470015907923,0.0022693955263408732,0.0021661698913205338,0.0025140460041508674,0.0022746518042717381,0.0025184606284051406,0.062017222608235292,0.052234823215476976,0.054753283843882117,0.0025184606284051406,0,0,0,0,0,1,7.5877768078224316e-06,0.0002035831330738529,0.010278078767619209,0.0026224955000743399,-2.7509930591640646e-05
88,6,8,0.15778059960360319,0.02489471761127255,1,-1,1,0,4,-1,0,11,0.062040385571951913,0.062069596011634892,2.9210439682979261e-05,0.052813647408922609,0.053049354381516284,0.00023570697259367446,0.0022039847538159029,0.00010417808503029649,0.0022039847538159029,0.0021357453945570135,0.0023566112944047451,0.0022064455280957026,0.0023566112944047451,0.06206804536357572,0.052813647408922609,0.055170258703327354,0.0023566112944047451,0,0,0,0,0,1,2.0492713356398264e-05,0.00015115848284837988,0.0089458539530765102,0.0044959398510772755,-8.0853900578019012e-05
88,6,8,0.15778059960360319,0.02489471761127255,1,-1,3,1,1,-1,1,1803,0.009072715143428953,0.062210743675004392,0.05313802853157544,0.00065576969805560936,0.054569713142094731,0.053913943444039124,0.0013074076590380678,0.00054461110010431434,0.0013074076590380678,0.0012675691432602679,0.0021716842550898513,0.0014163036529177748,0.0021982634090737876,0.061534356237491657,0.04937537968510855,0.051573643094182338,0.0021982634090737876,0,0,0,0,0,0.97134566557852742,-0.0060514061969309191,0.0013704268075502516,0.025366306023750618,0,0.018699693206065775
89,8,6,0.15778059960360319,0.02489471761127255,1,1,1,0,1,-1,1,2049,0.0066711140760507001,0.062464143476899187,0.055793029400848487,0.00041925896961593153,0.075850567044696462,0.075431308075080528,0.00075696176606054595,0.0024906922811717366,0.0016214019637124551,0.0012824011215458939,0.0021966893181845581,0.0026031786636275989,0.022448435198898962,0.061832738574815402,0.075850567044696462,0.0534021318457975,-0.022448435198898962,0,0,0,0,0,0.82651933701657454,-0.00024092332290823808,0.0013704268075502516,0.018479583702925535,0,0.0031822885369859706
89,8,6,0.15778059960360319,0.02489471761127255,1,1,3,1,1,-1,1,1803,0.009072715143428953,0.062210743675004392,0.05313802853157544,0.00065576969805560936,0.054569713142094731,0.053913943444039124,0.0013074076590380678,0.00054461110010431434,0.0013074076590380678,0.0012675691432602679,0.0021716842550898513,0.0014163036529177748,0.0021982634090737876,0.061534356237491657,0.04937537968510855,0.051573643094182338,0.0021982634090737876,0,0,0,0,0,0.97134566557852742,-0.0060514061969309191,0.0013704268075502516,0.038891009831354198,0,0.018699693206065775
89,8,6,0.15778059960360319,0.02489471761127255,1,-1,1,0,1,-1,0,14,0.0094979820026730548,0.0097927821092451302,0.00029480010657207539,0.00072744013115556025,0.00078352073303469025,5.6080601879129996e-05,0.00044785517366482822,1.9786813279948428e-05,0.00044785517366482822,0.00043704929354161252,0.00048687273152974841,0.00044829206390268499,0.00049335340919142595,0.0097927821092451302,0.00073382254836557698,0.0012271759575570029,0.00049335340919142595,0,0,0,0,0,0.93333333333333335,-4.2612712214976216e-07,6.6926083001862517e-06,0.0016806276578439426,0,2.0876426315647909e-06
89,8,6,0.15778059960360319,0.02489471761127255,1,-1,1,0,2,-1,1,1892,0.0098539491798825991,0.06196456257414748,0.052110613394264885,0.00078844130331694304,0.052160073915619928,0.051371632612302986,0.0014216440656058356,0.0007476104481089794,0.0014216440656058356,0.0013058751988943764,0.0027910122918444881,0.0016062357334445023,0.0046456230721112837,0.060342296580183863,0.041627751834556366,0.04627337490666765,0.0046456230721112837,0,0,0,0,0,0.54134477825464955,-3.9360544769738315e-05,0.0013704268075502516,0.013698326061576995,0,0.00049900339003837847
89,8,6,0.15778059960360319,0.02489471761127255,1,-1,1,0,3,-1,0,15,0.061969176000484794,0.062017222608235292,4.8046607750498738e-05,0.05222084087371269,0.052590024403443902,0.00036918352973121238,0.0022693955263408732,0.0001545470015907923,0.0022693955263408732,0.0021661698913205338,0.0025140460041508674,0.0022746518042717381,0.0025184606284051406,0.062017222608235292,0.052234823215476976,0.054753283843882117,0.0025184606284051406,0,0,0,0,0,1,7.5877768078224316e-06,0.0002035831330738529,0.010278078767619209,0.0026224955000743399,-2.7509930591640646e-05
89,8,6,0.15778059960360319,0.02489471761127255,1,-1,1,0,4,-1,0,11,0.062040385571951913,0.062069596011634892,2.9210439682979261e-05,0.052813647408922609,0.053049354381516284,0.00023570697259367446,0.0022039847538159029,0.00010417808503029649,0.0022039847538159029,0.0021357453945570135,0.0023566112944047451,0.0022064455280957026,0.0023566112944047451,0.06206804536357572,0.052813647408922609,0.055170258703327354,0.0023566112944047451,0,0,0,0,0,1,2.0492713356398264e-05,0.00015115848284837988,0.0089458539530765102,0.0044959398510772755,-8.0853900578019012e-05
89,8,6,0.15778059960360319,0.02489471761127255,1,-1,3,1,1,-1,1,1803,0.009072715143428953,0.062210743675004392,0.05313802853157544,0.00065576969805560936,0.054569713142094731,0.053913943444039124,0.0013074076590380678,0.00054461110010431434,0.0013074076590380678,0.0012675691432602679,0.0021716842550898513,0.0014163036529177748,0.0021982634090737876,0.061534356237491657,0.04937537968510855,0.051573643094182338,0.0021982634090737876,0,0,0,0,0,0.97134566557852742,-0.0060514061969309191,0.0013704268075502516,0.025366306023750618,0,0.018699693206065775
90,1,10,0.1584932699947792,0.025120116633637977,1,1,1,0,1,-1,1,2046,0.0066711140760507001,0.062464064030865012,0.055792949954814312,0.00041929851370514995,0.075850567044696449,0.075431268530991302,0.00078077518332096468,0.002443516651667157,0.0016207881309701188,0.0012930485966983207,0.0022131444766629819,0.0025652258212220929,0.022448695460528953,0.061832700108967131,0.075850567044696449,0.053401871584167496,-0.022448695460528953,0,0,0,0,0,0.82394106813996315,-0.00024288230507126768,0.0013654238454186402,0.018405709429618385,0,0.0031950884896113758
90,1,10,0.1584932699947792,0.025120116633637977,1,1,3,1,1,-1,1,1799,0.0091260840560373584,0.062201449532621494,0.053075365476584133,0.00066062787461073974,0.054503002001334219,0.053842374126723477,0.0013183131616374523,0.00054814028902272635,0.0013183131616374523,0.0012777460509839564,0.0021891600428077009,0.0014277280443405367,0.0022150450923083473,0.061534356237491657,0.049358598001873991,0.051573643094182338,0.0022150450923083473,0,0,0,0,0,0.97060957910014511,-0.0060614110070759779,0.0013654238454186402,0.03886318332341003,0,0.018734934926089401
90,1,10,0.1584932699947792,0.025120116633637977,1,-1,1,0,1,-1,0,11,0.0095244462075822177,0.0097665110073382258,0.00024206479975600811,0.00072829915177322546,0.00077855200232674823,5.0252850553522774e-05,0.00044974945173854191,1.3777654994110758e-05,0.00044974945173854191,0.00044321921164703834,0.00047643077898742515,0.00044996043505652337,0.00048252411524810296,0.0097131420947298187,0.00072829915177322546,0.0012108232670213284,0.00048252411524810296,0,0,0,0,0,0.84615384615384615,-4.9201276706645985e-07,5.8961559904834773e-06,0.0015113598800496476,0,2.2776237999179813e-06
90,1,10,0.1584932699947792,0.025120116633637977,1,-1,1,0,2,-1,1,1889,0.009879644989902972,0.061964464551608783,0.052084819561705811,0.00078939673827270863,0.052145558225376254,0.051356161487103542,0.001430176390049738,0.00074694471743494255,0.001430176390049738,0.0013165253845540716,0.0027355888241764573,0.0016134840927507364,0.0046428755842340269,0.060341548380710694,0.041627751834556366,0.046270627418790393,0.0046428755842340269,0,0,0,0,0,0.5407958774692242,-3.6801100240127019e-05,0.0013654238454186402,0.01366706556004545,0,0.00049548013484900302
90,1,10,0.1584932699947792,0.025120116633637977,1,-1,1,0,3,-1,0,15,0.061970749321889597,0.062017127531407035,4.6378209517437818e-05,0.052222165622768046,0.052575784661984745,0.00035361903921669879,0.0022753857894210615,0.00014866039592862401,0.0022753857894210615,0.0021651438688046545,0.0025128911023332852,0.0022802369183961922,0.0025177020368090317,0.062017127531407035,0.052234823215476983,0.054752525252286015,0.0025177020368090317,0,0,0,0,0,1,6.0617238061422296e-06,0.00019643179088262605,0.010067305266054058,0.0023238039378594474,-2.1600258966444297e-05
90,1,10,0.1584932699947792,0.025120116633637977,1,-1,1,0,4,-1,0,11,0.062041963665918923,0.062069503285254513,2.7539619335589793e-05,0.052820288465449179,0.053035736609572601,0.00021544814412342156,0.0022088629562999093,9.6820334438768804e-05,0.0022088629562999093,0.0021349245953805884,0.0023499702378780504,0.0022109838843543863,0.0023499702378780504,0.062068045363575713,0.052820288465449179,0.05517025870332723,0.0023499702378780504,0,0,0,0,0,1,2.091825462486269e-05,0.00014319565223467308,0.0087614600477828389,0.0045482939259211923,-8.274791054628644e-05
90,1,10,0.1584932699947792,0.025120116633637977,1,-1,3,1,1,-1,1,1799,0.0091260840560373584,0.062201449532621494,0.053075365476584133,0.00066062787461073974,0.054503002001334219,0.053842374126723477,0.0013183131616374523,0.00054814028902272635,0.0013183131616374523,0.0012777460509839564,0.0021891600428077009,0.0014277280443405367,0.0022150450923083473,0.061534356237491657,0.049358598001873991,0.051573643094182338,0.0022150450923083473,0,0,0,0,0,0.97060957910014511,-0.0060614110070759779,0.0013654238454186402,0.025320862308416396,0,0.018734934926089401
91,10,1,0.1584932699947792,0.025120116633637977,1,1,1,0,1,-1,1,2046,0.0066711140760507001,0.062464064030865012,0.055792949954814312,0.00041929851370514995,0.075850567044696449,0.075431268530991302,0.00078077518332096468,0.002443516651667157,0.0016207881309701188,0.0012930485966983207,0.0022131444766629819,0.0025652258212220929,0.022448695460528953,0.061832700108967131,0.075850567044696449,0.053401871584167496,-0.022448695460528953,0,0,0,0,0,0.82394106813996315,-0.00024288230507126768,0.0013654238454186402,0.018405709429618385,0,0.0031950884896113758
91,10,1,0.1584932699947792,0.025120116633637977,1,1,3,1,1,-1,1,1799,0.0091260840560373584,0.062201449532621494,0.053075365476584133,0.00066062787461073974,0.054503002001334219,0.053842374126723477,0.0013183131616374523,0.00054814028902272635,0.0013183131616374523,0.0012777460509839564,0.0021891600428077009,0.0014277280443405367,0.0022150450923083473,0.061534356237491657,0.049358598001873991,0.051573643094182338,0.0022150450923083473,0,0,0,0,0,0.97060957910014511,-0.0060614110070759779,0.0013654238454186402,0.03886318332341003,0,0.018734934926089401
91,10,1,0.1584932699947792,0.025120116633637977,1,-1,1,0,1,-1,0,11,0.0095244462075822177,0.0097665110073382258,0.00024206479975600811,0.00072829915177322546,0.00077855200232674823,5.0252850553522774e-05,0.00044974945173854191,1.3777654994110758e-05,0.00044974945173854191,0.00044321921164703834,0.00047643077898742515,0.00044996043505652337,0.00048252411524810296,0.0097131420947298187,0.00072829915177322546,0.0012108232670213284,0.00048252411524810296,0,0,0,0,0,0.84615384615384615,-4.9201276706645985e-07,5.8961559904834773e-06,0.0015113598800496476,0,2.2776237999179813e-06
91,10,1,0.1584932699947792,0.025120116633637977,1,-1,1,0,2,-1,1,1889,0.009879644989902972,0.061964464551608783,0.052084819561705811,0.00078939673827270863,0.052145558225376254,0.051356161487103542,0.001430176390049738,0.00074694471743494255,0.001430176390049738,0.0013165253845540716,0.0027355888241764573,0.0016134840927507364,0.0046428755842340269,0.060341548380710694,0.041627751834556366,0.046270627418790393,0.0046428755842340269,0,0,0,0,0,0.5407958774692242,-3.6801100240127019e-05,0.0013654238454186402,0.01366706556004545,0,0.00049548013484900302
91,10,1,0.1584932699947792,0.025120116633637977,1,-1,1,0,3,-1,0,15,0.061970749321889597,0.062017127531407035,4.6378209517437818e-05,0.052222165622768046,0.052575784661984745,0.00035361903921669879,0.0022753857894210615,0.00014866039592862401,0.0022753857894210615,0.0021651438688046545,0.0025128911023332852,0.0022802369183961922,0.0025177020368090317,0.062017127531407035,0.052234823215476983,0.054752525252286015,0.0025177020368090317,0,0,0,0,0,1,6.0617238061422296e-06,0.00019643179088262605,0.010067305266054058,0.0023238039378594474,-2.1600258966444297e-05
91,10,1,0.1584932699947792,0.025120116633637977,1,-1,1,0,4,-1,0,11,0.062041963665918923,0.062069503285254513,2.7539619335589793e-05,0.052820288465449179,0.053035736609572601,0.00021544814412342156,0.0022088629562999093,9.6820334438768804e-05,0.0022088629562999093,0.0021349245953805884,0.0023499702378780504,0.0022109838843543863,0.0023499702378780504,0.062068045363575713,0.052820288465449179,0.05517025870332723,0.0023499702378780504,0,0,0,0,0,1,2.091825462486269e-05,0.00014319565223467308,0.0087614600477828389,0.0045482939259211923,-8.274791054628644e-05
91,10,1,0.1584932699947792,0.025120116633637977,1,-1,3,1,1,-1,1,1799,0.0091260840560373584,0.062201449532621494,0.053075365476584133,0.00066062787461073974,0.054503002001334219,0.053842374126723477,0.0013183131616374523,0.00054814028902272635,0.0013183131616374523,0.0012777460509839564,0.0021891600428077009,0.0014277280443405367,0.0022150450923083473,0.061534356237491657,0.049358598001873991,0.051573643094182338,0.0022150450923083473,0,0,0,0,0,0.97060957910014511,-0.0060614110070759779,0.0013654238454186402,0.025320862308416396,0,0.018734934926089401
92,2,10,0.16083444101499222,0.025867717416605016,1,1,1,0,1,-1,1,2034,0.0073115410273515667,0.062463823262862275,0.055152282235510705,0.00048480936313201453,0.075850567044696462,0.075365757681564449,0.00084695590021799556,0.0023567526947218713,0.0016331309629073719,0.0013312367079708724,0.002267656818987906,0.0025043197800985557,0.022449526960074018,0.061832577208361841,0.075850567044696462,0.053401040084622445,-0.022449526960074018,0,0,0,0,0,0.81503316138540904,-0.00024985944616663457,0.0013488499262003966,0.018169131645743571,0,0.0032375467974613595
92,2,10,0.16083444101499222,0.025867717416605016,1,1,3,1,1,-1,1,1788,0.0094462975316877921,0.06220426845449218,0.05275797092280439,0.00070217929666884405,0.054503002001334219,0.053800822704665373,0.001358599486587277,0.0005593135006897017,0.001358599486587277,0.0013182426625869617,0.0022440095331632444,0.0014692256998191195,0.0022702439501926519,0.061534356237491664,0.049303399143989776,0.051573643094182428,0.0022702439501926519,0,0,0,0,0,0.97021431166000727,-0.0060946062914623757,0.0013488499262003966,0.038817888332988257,0,0.01885189440157466
92,2,10,0.16083444101499222,0.025867717416605016,1,-1,1,0,1,-1,0,14,0.0099656047186838428,0.010300200133422281,0.00033459541473843807,0.00079345217793417157,0.00086519781029129527,7.1745632357123707e-05,0.0004749813360232082,1.6774370748736632e-05,0.0004749813360232082,0.00046654001056150983,0.00050930635910145653,0.00047527744432532027,0.00051742701225635239,0.010193462308205468,0.00079345217793417157,0.001310879190190524,0.00051742701225635239,0,0,0,0,0,0.82352941176470584,-7.8826409278521597e-07,8.6298481976654818e-06,0.0018342296276637148,0,3.7490706226428076e-06
92,2,10,0.16083444101499222,0.025867717416605016,1,-1,1,0,2,-1,1,1870,0.010310342862940008,0.061911170573440283,0.051600827710500272,0.00085415899668455123,0.051690365531561221,0.050836206534876673,0.0014718003626756088,0.00076035822501095847,0.0014718003626756088,0.0013551515969312602,0.002862403654902992,0.0016566052450459855,0.0047153157485024799,0.060232664408479256,0.041160773849232821,0.045876089597735301,0.0047153157485024799,0,0,0,0,0,0.54061867591789536,-3.0539376869406376e-05,0.0013488499262003966,0.013623804153241471,0,0.00048386240372019014
92,2,10,0.16083444101499222,0.025867717416605016,1,-1,1,0,3,-1,0,15,0.061909131398677479,0.061964143533205632,5.5012134528152623e-05,0.05168705926087519,0.052097555485164308,0.00041049622428911831,0.0023725267894351958,0.00017047190896495471,0.0023725267894351958,0.002289829806688487,0.0026347002455394319,0.002378643318855064,0.0026398494568133785,0.061964143533205632,0.051701134089392926,0.054340983546206305,0.0026398494568133785,0,0,0,0,0,1,3.8910313550712651e-06,0.00021589640411291585,0.010372984794979799,0.0017344066882424055,-1.2032666240879954e-05
92,2,10,0.16083444101499222,0.025867717416605016,1,-1,1,0,4,-1,0,13,0.061975967695517595,0.062016816076149485,4.0848380631890169e-05,0.05222540551487246,0.052530160708390262,0.00030475519351780278,0.0023123385496631099,0.00013203735649482788,0.0023123385496631099,0.0022329765285991413,0.0025106406499890389,0.002316105228992896,0.0025152175532210178,0.062016816076149485,0.052234823215476983,0.054750040768698001,0.0025152175532210178,0,0,0,0,0,1,9.8164294199905659e-07,0.00017230709004672747,0.0088836918255817184,0.00068466655919154388,-1.8750731891007513e-06
92,2,10,0.16083444101499222,0.025867717416605016,1,-1,1,0,5,-1,0,9,0.062047197869124236,0.062069199578791312,2.2001709667075764e-05,0.052827788276885834,0.052992783754800224,0.00016499547791438973,0.0022428356029952209,7.7711996798344849e-05,0.0022428356029952209,0.0022030706492838434,0.0023438600791340592,0.0022441815204009953,0.0023447865142625021,0.062069199578791312,0.052835223482321544,0.055180009996584047,0.0023447865142625021,0,0,0,0,0,1,1.5749780372507616e-05,0.0001161516095269634,0.0075858633184773434,0.0039499712559824002,-6.2409091692348733e-05
92,2,10,0.16083444101499222,0.025867717416605016,1,-1,3,1,1,-1,1,1788,0.0094462975316877921,0.06220426845449218,0.05275797092280439,0.00070217929666884405,0.054503002001334219,0.053800822704665373,0.001358599486587277,0.0005593135006897017,0.001358599486587277,0.0013182426625869617,0.0022440095331632444,0.0014692256998191195,0.0022702439501926519,0.061534356237491664,0.049303399143989776,0.051573643094182428,0.0022702439501926519,0,0,0,0,0,0.97021431166000727,-0.0060946062914623757,0.0013488499262003966,0.02518984683462569,0,0.01885189440157466
93,10,2,0.16083444101499222,0.025867717416605016,1,1,1,0,1,-1,1,2034,0.0073115410273515667,0.062463823262862275,0.055152282235510705,0.00048480936313201453,0.075850567044696462,0.075365757681564449,0.00084695590021799556,0.0023567526947218713,0.0016331309629073719,0.0013312367079708724,0.002267656818987906,0.0025043197800985557,0.022449526960074018,0.061832577208361841,0.075850567044696462,0.053401040084622445,-0.022449526960074018,0,0,0,0,0,0.81503316138540904,-0.00024985944616663457,0.0013488499262003966,0.018169131645743571,0,0.0032375467974613595
93,10,2,0.16083444101499222,0.025867717416605016,1,1,3,1,1,-1,1,1788,0.0094462975316877921,0.06220426845449218,0.05275797092280439,0.00070217929666884405,0.054503002001334219,0.053800822704665373,0.001358599486587277,0.0005593135006897017,0.001358599486587277,0.0013182426625869617,0.0022440095331632444,0.0014692256998191195,0.0022702439501926519,0.061534356237491664,0.049303399143989776,0.051573643094182428,0.0022702439501926519,0,0,0,0,0,0.97021431166000727,-0.0060946062914623757,0.0013488499262003966,0.038817888332988257,0,0.01885189440157466
93,10,2,0.16083444101499222,0.025867717416605016,1,-1,1,0,1,-1,0,14,0.0099656047186838428,0.010300200133422281,0.00033459541473843807,0.00079345217793417157,0.00086519781029129527,7.1745632357123707e-05,0.0004749813360232082,1.6774370748736632e-05,0.0004749813360232082,0.00046654001056150983,0.00050930635910145653,0.00047527744432532027,0.00051742701225635239,0.010193462308205468,0.00079345217793417157,0.001310879190190524,0.00051742701225635239,0,0,0,0,0,0.82352941176470584,-7.8826409278521597e-07,8.6298481976654818e-06,0.0018342296276637148,0,3.7490706226428076e-06
93,10,2,0.16083444101499222,0.025867717416605016,1,-1,1,0,2,-1,1,1870,0.010310342862940008,0.061911170573440283,0.051600827710500272,0.00085415899668455123,0.051690365531561221,0.050836206534876673,0.0014718003626756088,0.00076035822501095847,0.0014718003626756088,0.0013551515969312602,0.002862403654902992,0.0016566052450459855,0.0047153157485024799,0.060232664408479256,0.041160773849232821,0.045876089597735301,0.0047153157485024799,0,0,0,0,0,0.54061867591789536,-3.0539376869406376e-05,0.0013488499262003966,0.013623804153241471,0,0.00048386240372019014
93,10,2,0.16083444101499222,0.025867717416605016,1,-1,1,0,3,-1,0,15,0.061909131398677479,0.061964143533205632,5.5012134528152623e-05,0.05168705926087519,0.052097555485164308,0.00041049622428911831,0.0023725267894351958,0.00017047190896495471,0.0023725267894351958,0.002289829806688487,0.0026347002455394319,0.002378643318855064,0.0026398494568133785,0.061964143533205632,0.051701134089392926,0.054340983546206305,0.0026398494568133785,0,0,0,0,0,1,3.8910313550712651e-06,0.00021589640411291585,0.010372984794979799,0.0017344066882424055,-1.2032666240879954e-05
93,10,2,0.16083444101499222,0.025867717416605016,1,-1,1,0,4,-1,0,13,0.061975967695517595,0.062016816076149485,4.0848380631890169e-05,0.05222540551487246,0.052530160708390262,0.00030475519351780278,0.0023123385496631099,0.00013203735649482788,0.0023123385496631099,0.0022329765285991413,0.0025106406499890389,0.002316105228992896,0.0025152175532210178,0.062016816076149485,0.052234823215476983,0.054750040768698001,0.0025152175532210178,0,0,0,0,0,1,9.8164294199905659e-07,0.00017230709004672747,0.0088836918255817184,0.00068466655919154388,-1.8750731891007513e-06
93,10,2,0.16083444101499222,0.025867717416605016,1,-1,1,0,5,-1,0,9,0.062047197869124236,0.062069199578791312,2.2001709667075764e-05,0.052827788276885834,0.052992783754800224,0.00016499547791438973,0.0022428356029952209,7.7711996798344849e-05,0.0022428356029952209,0.0022030706492838434,0.0023438600791340592,0.0022441815204009953,0.0023447865142625021,0.062069199578791312,0.052835223482321544,0.055180009996584047,0.0023447865142625021,0,0,0,0,0,1,1.5749780372507616e-05,0.0001161516095269634,0.0075858633184773434,0.0039499712559824002,-6.2409091692348733e-05
93,10,2,0.16083444101499222,0.025867717416605016,1,-1,3,1,1,-1,1,1788,0.0094462975316877921,0.06220426845449218,0.05275797092280439,0.00070217929666884405,0.054503002001334219,0.053800822704665373,0.001358599486587277,0.0005593135006897017,0.001358599486587277,0.0013182426625869617,0.0022440095331632444,0.0014692256998191195,0.0022702439501926519,0.061534356237491664,0.049303399143989776,0.051573643094182428,0.0022702439501926519,0,0,0,0,0,0.97021431166000727,-0.0060946062914623757,0.0013488499262003966,0.02518984683462569,0,0.01885189440157466
94,5,9,0.16242166943883851,0.026380798703299332,1,1,1,0,1,-1,1,2022,0.0073115410273515676,0.062463676219421678,0.055152135192070108,0.00048548523052963034,0.07464976651100734,0.074164281280477709,0.00091455212146926705,0.0021876591287170945,0.0016190857272033029,0.0013522960010233665,0.0023042136279633378,0.002371130120078435,0.0205044429105464,0.06193796845559793,0.07464976651100734,0.05414532360046094,-0.0205044429105464,0,0,0,0,0,0.80464430519719865,-0.00025410370995576111,0.0013374869855349379,0.017996420276258255,0,0.0032666893155392624
94,5,9,0.16242166943883851,0.026380798703299332,1,1,3,1,1,-1,1,1783,0.0096064042695130081,0.062159001528699263,0.052552597259186255,0.00072072740558232597,0.053902601734489658,0.053181874328907329,0.0013857141772428323,0.00056743317565245363,0.0013857141772428323,0.0013455696038787296,0.0022822766392244591,0.0014973924635321256,0.0023080071959299606,0.061480987324883253,0.048971087812430786,0.051279095008360746,0.0023080071959299606,0,0,0,0,0,0.96984011627906974,-0.0061174015695477403,0.0013374869855349379,0.038787307262288316,0,0.018932236597666876
94,5,9,0.16242166943883851,0.026380798703299332,1,-1,1,0,1,-1,0,12,0.010025138369418688,0.010282969901208231,0.00025783153178954299,0.00079547542532648033,0.00084290524168110126,4.7429816354620929e-05,0.00048773422114241848,1.7522516660652984e-05,0.00048773422114241848,0.00047790785210337871,0.00052168843523964269,0.00048804887978923228,0.00052936969903203302,0.010282969901208231,0.00080053368912608408,0.0013299033881581171,0.00052936969903203302,0,0,0,0,0,0.92307692307692313,-5.63855855373718e-08,6.1383667628433042e-06,0.0016509523115365173,0,4.8984437467536349e-07
94,5,9,0.16242166943883851,0.026380798703299332,1,-1,1,0,2,-1,1,1873,0.010368445104640172,0.061910944549786247,0.051542499445146078,0.00085636794262670284,0.051657207816611775,0.050800839873985072,0.001498865581530487,0.00076696169533064628,0.001498865581530487,0.0013825840135697869,0.002884927628411272,0.0016836948279308765,0.0047105735413393232,0.060231338191186409,0.041160773849232821,0.045871347390572144,0.0047105735413393232,0,0,0,0,0,0.54179924790280587,-2.6991581606244075e-05,0.0013374869855349379,0.01354948149024458,0,0.00047600352704690657
94,5,9,0.16242166943883851,0.026380798703299332,1,-1,1,0,3,-1,0,14,0.061912804093325238,0.061963439683363902,5.0635590038664025e-05,0.051689444946800278,0.052065695578009621,0.00037625063120934332,0.0023678341957003119,0.0001467068453527289,0.0023678341957003119,0.0022738390099226215,0.0026301077547827706,0.0023723746914855359,0.0026301077547827706,0.061961307538358906,0.051689444946800278,0.054319552701583049,0.0026301077547827706,0,0,0,0,0,0.93333333333333335,3.8907645370211433e-07,0.00020002628908779975,0.0098215123623841116,0,1.4919003432576985e-06
94,5,9,0.16242166943883851,0.026380798703299332,1,-1,1,0,4,-1,0,10,0.061979549085366965,0.062016107438554978,3.6558353188012593e-05,0.052227015144704896,0.052499173581957909,0.00027215843725301309,0.0023255703568672891,0.00011485268581707089,0.0023255703568672891,0.0022677888703543682,0.0025059797513354021,0.0023284047380511931,0.0025059797513354021,0.06201467645096731,0.052227015144704896,0.054732994896040298,0.0025059797513354021,0,0,0,0,0,0.90909090909090906,-2.5205702486718247e-06,0.00015536008028882759,0.0078065758888520211,0,1.1769703833544602e-05
94,5,9,0.16242166943883851,0.026380798703299332,1,-1,3,1,1,-1,1,1783,0.0096064042695130081,0.062159001528699263,0.052552597259186255,0.00072072740558232597,0.053902601734489658,0.053181874328907329,0.0013857141772428323,0.00056743317565245363,0.0013857141772428323,0.0013455696038787296,0.0022822766392244591,0.0014973924635321256,0.0023080071959299606,0.061480987324883253,0.048971087812430786,0.051279095008360746,0.0023080071959299606,0,0,0,0,0,0.96984011627906974,-0.0061174015695477403,0.0013374869855349379,0.025096080655575725,0,0.018932236597666876
95,9,5,0.16242166943883851,0.026380798703299332,1,1,1,0,1,-1,1,2022,0.0073115410273515676,0.062463676219421678,0.055152135192070108,0.00048548523052963034,0.07464976651100734,0.074164281280477709,0.00091455212146926705,0.0021876591287170945,0.0016190857272033029,0.0013522960010233665,0.0023042136279633378,0.002371130120078435,0.0205044429105464,0.06193796845559793,0.07464976651100734,0.05414532360046094,-0.0205044429105464,0,0,0,0,0,0.80464430519719865,-0.00025410370995576111,0.0013374869855349379,0.017996420276258255,0,0.0032666893155392624
95,9,5,0.16242166943883851,0.026380798703299332,1,1,3,1,1,-1,1,1783,0.0096064042695130081,0.062159001528699263,0.052552597259186255,0.00072072740558232597,0.053902601734489658,0.053181874328907329,0.0013857141772428323,0.00056743317565245363,0.0013857141772428323,0.0013455696038787296,0.0022822766392244591,0.0014973924635321256,0.0023080071959299606,0.061480987324883253,0.048971087812430786,0.051279095008360746,0.0023080071959299606,0,0,0,0,0,0.96984011627906974,-0.0061174015695477403,0.0013374869855349379,0.038787307262288316,0,0.018932236597666876
95,9,5,0.16242166943883851,0.026380798703299332,1,-1,1,0,1,-1,0,12,0.010025138369418688,0.010282969901208231,0.00025783153178954299,0.00079547542532648033,0.00084290524168110126,4.7429816354620929e-05,0.00048773422114241848,1.7522516660652984e-05,0.00048773422114241848,0.00047790785210337871,0.00052168843523964269,0.00048804887978923228,0.00052936969903203302,0.010282969901208231,0.00080053368912608408,0.0013299033881581171,0.00052936969903203302,0,0,0,0,0,0.92307692307692313,-5.63855855373718e-08,6.1383667628433042e-06,0.0016509523115365173,0,4.8984437467536349e-07
95,9,5,0.16242166943883851,0.026380798703299332,1,-1,1,0,2,-1,1,1873,0.010368445104640172,0.061910944549786247,0.051542499445146078,0.00085636794262670284,0.051657207816611775,0.050800839873985072,0.001498865581530487,0.00076696169533064628,0.001498865581530487,0.0013825840135697869,0.002884927628411272,0.0016836948279308765,0.0047105735413393232,0.060231338191186409,0.041160773849232821,0.045871347390572144,0.0047105735413393232,0,0,0,0,0,0.54179924790280587,-2.6991581606244075e-05,0.0013374869855349379,0.01354948149024458,0,0.00047600352704690657
95,9,5,0.16242166943883851,0.026380798703299332,1,-1,1,0,3,-1,0,14,0.061912804093325238,0.061963439683363902,5.0635590038664025e-05,0.051689444946800278,0.052065695578009621,0.00037625063120934332,0.0023678341957003119,0.0001467068453527289,0.0023678341957003119,0.0022738390099226215,0.0026301077547827706,0.0023723746914855359,0.0026301077547827706,0.061961307538358906,0.051689444946800278,0.054319552701583049,0.0026301077547827706,0,0,0,0,0,0.93333333333333335,3.8907645370211433e-07,0.00020002628908779975,0.0098215123623841116,0,1.4919003432576985e-06
95,9,5,0.16242166943883851,0.026380798703299332,1,-1,1,0,4,-1,0,10,0.061979549085366965,0.062016107438554978,3.6558353188012593e-05,0.052227015144704896,0.052499173581957909,0.00027215843725301309,0.0023255703568672891,0.00011485268581707089,0.0023255703568672891,0.0022677888703543682,0.0025059797513354021,0.0023284047380511931,0.0025059797513354021,0.06201467645096731,0.052227015144704896,0.054732994896040298,0.0025059797513354021,0,0,0,0,0,0.90909090909090906,-2.5205702486718247e-06,0.00015536008028882759,0.0078065758888520211,0,1.1769703833544602e-05
95,9,5,0.16242166943883851,0.026380798703299332,1,-1,3,1,1,-1,1,1783,0.0096064042695130081,0.062159001528699263,0.052552597259186255,0.00072072740558232597,0.053902601734489658,0.053181874328907329,0.0013857141772428323,0.00056743317565245363,0.0013857141772428323,0.0013455696038787296,0.0022822766392244591,0.0014973924635321256,0.0023080071959299606,0.061480987324883253,0.048971087812430786,0.051279095008360746,0.0023080071959299606,0,0,0,0,0,0.96984011627906974,-0.0061174015695477403,0.0013374869855349379,0.025096080655575725,0,0.018932236597666876
96,3,10,0.16466181008377548,0.027113511700065342,1,1,1,0,1,-1,1,2016,0.0073115410273515685,0.062463488634417037,0.055151947607065467,0.00048597100875237954,0.074649766511007326,0.074163795502254951,0.00096393255900181611,0.0021468143531491657,0.0016440082525839815,0.0013917355914369687,0.0023576656006776137,0.0023532908543550369,0.020505164322551922,0.061937870769825508,0.074649766511007326,0.054144602188455404,-0.020505164322551922,0,0,0,0,0,0.79756637168141598,-0.00026089010955635314,0.0013212741216008567,0.017778190973945163,0,0.0033083113117775265
96,3,10,0.16466181008377548,0.027113511700065342,1,1,3,1,1,-1,1,1770,0.0099266177451634418,0.062152663330206318,0.052226045585042874,0.00076444565549573841,0.053835890593729147,0.05307144493823341,0.0014243759725323611,0.00057756526770501738,0.0014243759725323611,0.0013838406203699888,0.0023351396490697276,0.0015370193718970096,0.0023614301792961798,0.061427618412274849,0.048630985510365175,0.050992415689661355,0.0023614301792961798,0,0,0,0,0,0.9665454545454546,-0.0061499737950700354,0.0013212741216008567,0.03872504276705048,0,0.019047074106816345
96,3,10,0.16466181008377548,0.027113511700065342,1,-1,1,0,1,-1,0,8,0.01011098750615021,0.010256481063600565,0.00014549355745035498,0.00079816430203373762,0.00082636422322237397,2.819992118863635e-05,0.00050168685986895175,1.0231969219878913e-05,0.00050168685986895175,0.00049790025821251182,0.00051987295548890653,0.00050179119019696421,0.0005237272994369675,0.010256481063600565,0.00080053368912608408,0.0013242609885630516,0.0005237272994369675,0,0,0,0,0,0.88888888888888884,-2.8480839152820621e-07,3.4561884093476687e-06,0.0011228847373486825,0,1.2366404834557058e-06
96,3,10,0.16466181008377548,0.027113511700065342,1,-1,1,0,2,-1,1,1879,0.010452139858563279,0.061910627246551539,0.051458487387988264,0.00085928746323679303,0.051610679863139074,0.050751392399902277,0.0015376056114305922,0.00077648566318428433,0.0015376056114305922,0.0014228576081681231,0.0029645191881582053,0.0017225449200045796,0.0047355937372489665,0.060182074063816447,0.0409606404269513,0.045696234164200267,0.0047355937372489665,0,0,0,0,0,0.54416449464233996,-3.1786181563303926e-05,0.0013212741216008567,0.013443881998506924,0,0.00046484080768324326
96,3,10,0.16466181008377548,0.027113511700065342,1,-1,1,0,3,-1,0,12,0.06191804893692282,0.061963129336237002,4.508039931418184e-05,0.051691954169094965,0.052020778799057192,0.00032882462996222661,0.0024046605286998993,0.00013249477454808567,0.0024046605286998993,0.0023266440213927514,0.0026275985324879653,0.002408307937862147,0.0026275985324879653,0.061961307538358899,0.051691954169094965,0.054319552701582931,0.0026275985324879653,0,0,0,0,0,0.92307692307692313,-4.6330854827827256e-06,0.00017690702940721654,0.0086684621437603509,0,2.0952986390620258e-05
96,3,10,0.16466181008377548,0.027113511700065342,1,-1,1,0,4,-1,0,8,0.061984663539854344,0.062015807241193009,3.1143701338665064e-05,0.052234823215476983,0.052456786359093607,0.00022196314361662417,0.0023065067101654159,6.0610216020513845e-05,0.0023065067101654159,0.0022749396346560639,0.0024157534669196532,0.0023073029281661613,0.0024404645015424498,0.062015807241193009,0.052301534356237488,0.054741998857779937,0.0024404645015424498,0,0,0,0,0,0.72727272727272729,-7.5428802823972445e-06,0.00013054233558342291,0.006834386628121694,0,3.1401289257282717e-05
96,3,10,0.16466181008377548,0.027113511700065342,1,-1,3,1,1,-1,1,1770,0.0099266177451634418,0.062152663330206318,0.052226045585042874,0.00076444565549573841,0.053835890593729147,0.05307144493823341,0.0014243759725323611,0.00057756526770501738,0.0014243759725323611,0.0013838406203699888,0.0023351396490697276,0.0015370193718970096,0.0023614301792961798,0.061427618412274849,0.048630985510365175,0.050992415689661355,0.0023614301792961798,0,0,0,0,0,0.9665454545454546,-0.0061499737950700354,0.0013212741216008567,0.024953421717359349,0,0.019047074106816345
97,10,3,0.16466181008377548,0.027113511700065342,1,1,1,0,1,-1,1,2016,0.0073115410273515685,0.062463488634417037,0.055151947607065467,0.00048597100875237954,0.074649766511007326,0.074163795502254951,0.00096393255900181611,0.0021468143531491657,0.0016440082525839815,0.0013917355914369687,0.0023576656006776137,0.0023532908543550369,0.020505164322551922,0.061937870769825508,0.074649766511007326,0.054144602188455404,-0.020505164322551922,0,0,0,0,0,0.79756637168141598,-0.00026089010955635314,0.0013212741216008567,0.017778190973945163,0,0.0033083113117775265
97,10,3,0.16466181008377548,0.027113511700065342,1,1,3,1,1,-1,1,1770,0.0099266177451634418,0.062152663330206318,0.052226045585042874,0.00076444565549573841,0.053835890593729147,0.05307144493823341,0.0014243759725323611,0.00057756526770501738,0.0014243759725323611,0.0013838406203699888,0.0023351396490697276,0.0015370193718970096,0.0023614301792961798,0.061427618412274849,0.048630985510365175,0.050992415689661355,0.0023614301792961798,0,0,0,0,0,0.9665454545454546,-0.0061499737950700354,0.0013212741216008567,0.03872504276705048,0,0.019047074106816345
97,10,3,0.16466181008377548,0.027113511700065342,1,-1,1,0,1,-1,0,8,0.01011098750615021,0.010256481063600565,0.00014549355745035498,0.00079816430203373762,0.00082636422322237397,2.819992118863635e-05,0.00050168685986895175,1.0231969219878913e-05,0.00050168685986895175,0.00049790025821251182,0.00051987295548890653,0.00050179119019696421,0.0005237272994369675,0.010256481063600565,0.00080053368912608408,0.0013242609885630516,0.0005237272994369675,0,0,0,0,0,0.88888888888888884,-2.8480839152820621e-07,3.4561884093476687e-06,0.0011228847373486825,0,1.2366404834557058e-06
97,10,3,0.16466181008377548,0.027113511700065342,1,-1,1,0,2,-1,1,1879,0.010452139858563279,0.061910627246551539,0.051458487387988264,0.00085928746323679303,0.051610679863139074,0.050751392399902277,0.0015376056114305922,0.00077648566318428433,0.0015376056114305922,0.0014228576081681231,0.0029645191881582053,0.0017225449200045796,0.0047355937372489665,0.060182074063816447,0.0409606404269513,0.045696234164200267,0.0047355937372489665,0,0,0,0,0,0.54416449464233996,-3.1786181563303926e-05,0.0013212741216008567,0.013443881998506924,0,0.00046484080768324326
97,10,3,0.16466181008377548,0.027113511700065342,1,-1,1,0,3,-1,0,12,0.06191804893692282,0.061963129336237002,4.508039931418184e-05,0.051691954169094965,0.052020778799057192,0.00032882462996222661,0.0024046605286998993,0.00013249477454808567,0.0024046605286998993,0.0023266440213927514,0.0026275985324879653,0.002408307937862147,0.0026275985324879653,0.061961307538358899,0.051691954169094965,0.054319552701582931,0.0026275985324879653,0,0,0,0,0,0.92307692307692313,-4.6330854827827256e-06,0.00017690702940721654,0.0086684621437603509,0,2.0952986390620258e-05
97,10,3,0.16466181008377548,0.027113511700065342,1,-1,1,0,4,-1,0,8,0.061984663539854344,0.062015807241193009,3.1143701338665064e-05,0.052234823215476983,0.052456786359093607,0.00022196314361662417,0.0023065067101654159,6.0610216020513845e-05,0.0023065067101654159,0.0022749396346560639,0.0024157534669196532,0.0023073029281661613,0.0024404645015424498,0.062015807241193009,0.052301534356237488,0.054741998857779937,0.0024404645015424498,0,0,0,0,0,0.72727272727272729,-7.5428802823972445e-06,0.00013054233558342291,0.006834386628121694,0,3.1401289257282717e-05
97,10,3,0.16466181008377548,0.027113511700065342,1,-1,3,1,1,-1,1,1770,0.0099266177451634418,0.062152663330206318,0.052226045585042874,0.00076444565549573841,0.053835890593729147,0.05307144493823341,0.0014243759725323611,0.00057756526770501738,0.0014243759725323611,0.0013838406203699888,0.0023351396490697276,0.0015370193718970096,0.0023614301792961798,0.061427618412274849,0.048630985510365175,0.050992415689661355,0.0023614301792961798,0,0,0,0,0,0.9665454545454546,-0.0061499737950700354,0.0013212741216008567,0.024953421717359349,0,0.019047074106816345
98,7,8,0.16771684727453229,0.028128940859708788,1,1,1,0,1,-1,1,2000,0.0078985990660440288,0.062463266327041564,0.054564667260997533,0.00054925564009928956,0.072648432288192122,0.07209917664809283,0.0010692511800403253,0.0019295187676472976,0.0016446602755740859,0.0014396727295332354,0.0024300928537764987,0.0022059784134757015,0.017243804382798926,0.06209535315729052,0.072648432288192122,0.055404627905393196,-0.017243804382798926,0,0,0,0,0,0.78118081180811805,-0.00026930383390294819,0.0012988474049050089,0.017445821257046079,0,0.003366002205178133
98,7,8,0.16771684727453229,0.028128940859708788,1,1,3,1,1,-1,1,1757,0.010300200133422279,0.062100798082592765,0.051800597949170482,0.00081360785274356884,0.053235490326884585,0.052421882474141014,0.0014787453755796089,0.00059230892942224516,0.0014787453755796089,0.0014385953662325,0.0024094565692083401,0.0015929588047628239,0.002434792682883713,0.061427618412274849,0.048557623006777642,0.050992415689661355,0.002434792682883713,0,0,0,0,0,0.96541681834728799,-0.0061951491548043625,0.0012988474049050089,0.038667657014123412,0,0.019206416607945483
98,7,8,0.16771684727453229,0.028128940859708788,1,-1,1,0,1,-1,0,8,0.010569576883984902,0.010741007225344084,0.00017143034135918243,0.00086420870644825275,0.00089827701207441152,3.4068305626158766e-05,0.00053632399847715079,1.2589328925674527e-05,0.00053632399847715079,0.00053241887944271461,0.00055776912117991447,0.00053647173508519308,0.00056187102092616415,0.010741007225344084,0.00086724482988659107,0.0014291158508127552,0.00056187102092616415,0,0,0,0,0,0.88888888888888884,-1.0887240719130778e-07,4.4798931038948913e-06,0.0013136035922058291,0,5.6843786701471769e-07
98,7,8,0.16771684727453229,0.028128940859708788,1,-1,1,0,2,-1,1,1848,0.010900748456676462,0.061857355419321296,0.050956606962644833,0.00092613638859195043,0.051157363203568867,0.050231226814976916,0.0015805568788226452,0.00077158949328181355,0.0015805568788226452,0.0014717372272589711,0.00290670564042887,0.0017588377961985202,0.0047243406551813055,0.060178888831048355,0.0409606404269513,0.045684981082132606,0.0047243406551813055,0,0,0,0,0,0.54082528533801577,-2.7440760566912593e-05,0.0012988474049050089,0.01335310022361052,0,0.00044962314910303028
98,7,8,0.16771684727453229,0.028128940859708788,1,-1,1,0,3,-1,0,13,0.061863702413365536,0.061910197776563668,4.6495363198131856e-05,0.051219998004626892,0.051548020724817761,0.00032802272019086948,0.0025002123185962313,0.00013928341727491422,0.0025002123185962313,0.0024288952104051242,0.0027073275080311378,0.0025040889577625071,0.0027085908512978416,0.061910197776563668,0.051234156104069381,0.053942746955367223,0.0027085908512978416,0,0,0,0,0,1,1.233504931547567e-05,0.00018419158834629296,0.0097091023592781427,0.0034320582066528832,-4.7116094135413617e-05
98,7,8,0.16771684727453229,0.028128940859708788,1,-1,1,0,4,-1,0,9,0.061933971286816013,0.061962709386959164,2.8738100143151091e-05,0.051745917476703457,0.051960606068754855,0.00021468859205139856,0.002447948182022007,9.6668119479778952e-05,0.002447948182022007,0.0024215563305749754,0.0025736352248795918,0.0024498561237731096,0.0025736352248795918,0.061961307538358906,0.051745917476703457,0.054319552701583049,0.0025736352248795918,0,0,0,0,0,1,2.0110292266266082e-05,0.00013752219915823515,0.0083197798562902291,0.0044579571529358561,-7.9493527909647846e-05
98,7,8,0.16771684727453229,0.028128940859708788,1,-1,3,1,1,-1,1,1757,0.010300200133422279,0.062100798082592765,0.051800597949170482,0.00081360785274356884,0.053235490326884585,0.052421882474141014,0.0014787453755796089,0.00059230892942224516,0.0014787453755796089,0.0014385953662325,0.0024094565692083401,0.0015929588047628239,0.002434792682883713,0.061427618412274849,0.048557623006777642,0.050992415689661355,0.002434792682883713,0,0,0,0,0,0.96541681834728799,-0.0061951491548043625,0.0012988474049050089,0.024767391746972647,0,0.019206416607945483
99,8,7,0.16771684727453229,0.028128940859708788,1,1,1,0,1,-1,1,2000,0.0078985990660440288,0.062463266327041564,0.054564667260997533,0.00054925564009928956,0.072648432288192122,0.07209917664809283,0.0010692511800403253,0.0019295187676472976,0.0016446602755740859,0.0014396727295332354,0.0024300928537764987,0.0022059784134757015,0.017243804382798926,0.06209535315729052,0.072648432288192122,0.055404627905393196,-0.017243804382798926,0,0,0,0,0,0.78118081180811805,-0.00026930383390294819,0.0012988474049050089,0.017445821257046079,0,0.003366002205178133
99,8,7,0.16771684727453229,0.028128940859708788,1,1,3,1,1,-1,1,1757,0.010300200133422279,0.062100798082592765,0.051800597949170482,0.00081360785274356884,0.053235490326884585,0.052421882474141014,0.0014787453755796089,0.00059230892942224516,0.0014787453755796089,0.0014385953662325,0.0024094565692083401,0.0015929588047628239,0.002434792682883713,0.061427618412274849,0.048557623006777642,0.050992415689661355,0.002434792682883713,0,0,0,0,0,0.96541681834728799,-0.0061951491548043625,0.0012988474049050089,0.038667657014123412,0,0.019206416607945483
99,8,7,0.16771684727453229,0.028128940859708788,1,-1,1,0,1,-1,0,8,0.010569576883984902,0.010741007225344084,0.00017143034135918243,0.00086420870644825275,0.00089827701207441152,3.4068305626158766e-05,0.00053632399847715079,1.2589328925674527e-05,0.00053632399847715079,0.00053241887944271461,0.00055776912117991447,0.00053647173508519308,0.00056187102092616415,0.010741007225344084,0.00086724482988659107,0.0014291158508127552,0.00056187102092616415,0,0,0,0,0,0.88888888888888884,-1.0887240719130778e-07,4.4798931038948913e-06,0.0013136035922058291,0,5.6843786701471769e-07
99,8,7,0.16771684727453229,0.028128940859708788,1,-1,1,0,2,-1,1,1848,0.010900748456676462,0.061857355419321296,0.050956606962644833,0.00092613638859195043,0.051157363203568867,0.050231226814976916,0.0015805568788226452,0.00077158949328181355,0.0015805568788226452,0.0014717372272589711,0.00290670564042887,0.0017588377961985202,0.0047243406551813055,0.060178888831048355,0.0409606404269513,0.045684981082132606,0.0047243406551813055,0,0,0,0,0,0.54082528533801577,-2.7440760566912593e-05,0.0012988474049050089,0.01335310022361052,0,0.00044962314910303028
99,8,7,0.16771684727453229,0.028128940859708788,1,-1,1,0,3,-1,0,13,0.061863702413365536,0.061910197776563668,4.6495363198131856e-05,0.051219998004626892,0.051548020724817761,0.00032802272019086948,0.0025002123185962313,0.00013928341727491422,0.0025002123185962313,0.0024288952104051242,0.0027073275080311378,0.0025040889577625071,0.0027085908512978416,0.061910197776563668,0.051234156104069381,0.053942746955367223,0.0027085908512978416,0,0,0,0,0,1,1.233504931547567e-05,0.00018419158834629296,0.0097091023592781427,0.0034320582066528832,-4.7116094135413617e-05
99,8,7,0.16771684727453229,0.028128940859708788,1,-1,1,0,4,-1,0,9,0.061933971286816013,0.061962709386959164,2.8738100143151091e-05,0.051745917476703457,0.051960606068754855,0.00021468859205139856,0.002447948182022007,9.6668119479778952e-05,0.002447948182022007,0.0024215563305749754,0.0025736352248795918,0.0024498561237731096,0.0025736352248795918,0.061961307538358906,0.051745917476703457,0.054319552701583049,0.0025736352248795918,0,0,0,0,0,1,2.0110292266266082e-05,0.00013752219915823515,0.0083197798562902291,0.0044579571529358561,-7.9493527909647846e-05
99,8,7,0.16771684727453229,0.028128940859708788,1,-1,3,1,1,-1,1,1757,0.010300200133422279,0.062100798082592765,0.051800597949170482,0.00081360785274356884,0.053235490326884585,0.052421882474141014,0.0014787453755796089,0.00059230892942224516,0.0014787453755796089,0.0014385953662325,0.0024094565692083401,0.0015929588047628239,0.002434792682883713,0.061427618412274849,0.048557623006777642,0.050992415689661355,0.002434792682883713,0,0,0,0,0,0.96541681834728799,-0.0061951491548043625,0.0012988474049050089,0.024767391746972647,0,0.019206416607945483
100,4,10,0.1698740386461858,0.028857189005965827,1,1,1,0,1,-1,1,1984,0.0079519679786524342,0.062463130001901915,0.054511162023249481,0.00055718611861751565,0.07184789859906604,0.07129071248044852,0.0011448182478401832,0.0017783568485462392,0.0016485632729436293,0.0014741218211195822,0.0024811849523170191,0.0021149850830110314,0.015965703298674486,0.062148203324366602,0.07184789859906604,0.055882195300391554,-0.015965703298674486,0,0,0,0,0,0.76005906238464382,-0.00027443834963153689,0.0012827808140688009,0.017218916867944137,0,0.0034073837462375257
100,4,10,0.1698740386461858,0.028857189005965827,1,1,3,1,1,-1,1,1747,0.010567044696464309,0.062094248526374879,0.051527203829910571,0.00084922065982555132,0.053168779186124081,0.052319558526298528,0.0015165744485229817,0.00060243825155185178,0.0015165744485229817,0.0014757350830072249,0.0024618702862930974,0.0016318486157869052,0.0024870538568090295,0.061374249499666439,0.048225976204371579,0.050713030061180608,0.0024870538568090295,0,0,0,0,0,0.96466302367941714,-0.0062275758599414878,0.0012827808140688009,0.038602953467275505,0,0.019320842287768227
100,4,10,0.1698740386461858,0.028857189005965827,1,-1,1,0,1,-1,0,12,0.010984035165380001,0.011230662939337034,0.00024662777395703314,0.00092895982268652322,0.0009795948535572445,5.0635030870721282e-05,0.00056266520107865672,1.8172377694404677e-05,0.00056266520107865672,0.00055226610224430898,0.00059786177380893803,0.00056295858090622732,0.00060465912930699568,0.011230662939337034,0.00093395597064709806,0.0015386150999540937,0.00060465912930699568,0,0,0,0,0,0.92307692307692313,-1.6232094938741401e-07,6.7161202697953348e-06,0.0017245210665014119,0,9.2021756614005677e-07
100,4,10,0.1698740386461858,0.028857189005965827,1,-1,1,0,2,-1,1,1833,0.011306645485875089,0.061804327800342472,0.050497682314467385,0.00099072182692736791,0.050739394159220443,0.049748672332293076,0.001621744729343704,0.0007826525644014236,0.001621744729343704,0.0015117859351613701,0.0029788780013931784,0.0018007223560888579,0.0047494178230496065,0.060129035559120886,0.04076050700466978,0.045509924827719386,0.0047494178230496065,0,0,0,0,0,0.54118689105403006,-2.9062006052599527e-05,0.0012827808140688009,0.01330187845013475,0,0.00043885366955860789
100,4,10,0.1698740386461858,0.028857189005965827,1,-1,1,0,3,-1,0,15,0.061804663578224346,0.061857044505593824,5.2380927369477526e-05,0.050745487380688244,0.051112188708146315,0.0003667013274580716,0.0025621786993228228,0.00015010924949717373,0.0025621786993228228,0.0024515924257060215,0.0028056126052517921,0.0025665721252379017,0.0028056126052517921,0.061854569713142085,0.050745487380688244,0.053551099985940036,0.0028056126052517921,0,0,0,0,0,1,1.7367512789913872e-05,0.00019956920099959441,0.010512711031502531,0.0040878788693603577,-6.6843014602251656e-05
100,4,10,0.1698740386461858,0.028857189005965827,1,-1,1,0,4,-1,0,13,0.061869231765335223,0.061909896825944853,4.0665060609630654e-05,0.051224246659806336,0.051504232517263486,0.00027998585745715038,0.0025185471666456624,0.00012060740835835672,0.0025185471666456624,0.0024257112917301787,0.0027039109625093009,0.0025214333180891006,0.0027064224702624262,0.061909896825944853,0.051234156104069381,0.053940578574331807,0.0027064224702624262,0,0,0,0,0,1,7.2123640923925891e-06,0.00016056683430585236,0.0089922274137574539,0.0026052389145897279,-2.714907920837065e-05
100,4,10,0.1698740386461858,0.028857189005965827,1,-1,1,0,5,-1,0,9,0.061939500468660411,0.061962415176524913,2.2914707864502004e-05,0.051759551014887578,0.051919175983673189,0.00015962496878561133,0.0024631793732276738,7.4162205741563515e-05,0.0024631793732276738,0.0024192609962542799,0.0025600431200544795,0.0024642955702299046,0.0025600707422938282,0.061962415176524913,0.051767845230153431,0.054327915972447259,0.0025600707422938282,0,0,0,0,0,1,1.866898697320242e-05,0.00011155367658965891,0.0076301116325512581,0.0043051328977035683,-7.4136677067558089e-05
100,4,10,0.1698740386461858,0.028857189005965827,1,-1,3,1,1,-1,1,1747,0.010567044696464309,0.062094248526374879,0.051527203829910571,0.00084922065982555132,0.053168779186124081,0.052319558526298528,0.0015165744485229817,0.00060243825155185178,0.0015165744485229817,0.0014757350830072249,0.0024618702862930974,0.0016318486157869052,0.0024870538568090295,0.061374249499666439,0.048225976204371579,0.050713030061180608,0.0024870538568090295,0,0,0,0,0,0.96466302367941714,-0.0062275758599414878,0.0012827808140688009,0.024623145353122738,0,0.019320842287768227
101,10,4,0.1698740386461858,0.028857189005965827,1,1,1,0,1,-1,1,1984,0.0079519679786524342,0.062463130001901915,0.054511162023249481,0.00055718611861751565,0.07184789859906604,0.07129071248044852,0.0011448182478401832,0.0017783568485462392,0.0016485632729436293,0.0014741218211195822,0.0024811849523170191,0.0021149850830110314,0.015965703298674486,0.062148203324366602,0.07184789859906604,0.055882195300391554,-0.015965703298674486,0,0,0,0,0,0.76005906238464382,-0.00027443834963153689,0.0012827808140688009,0.017218916867944137,0,0.0034073837462375257
101,10,4,0.1698740386461858,0.028857189005965827,1,1,3,1,1,-1,1,1747,0.010567044696464309,0.062094248526374879,0.051527203829910571,0.00084922065982555132,0.053168779186124081,0.052319558526298528,0.0015165744485229817,0.00060243825155185178,0.0015165744485229817,0.0014757350830072249,0.0024618702862930974,0.0016318486157869052,0.0024870538568090295,0.061374249499666439,0.048225976204371579,0.050713030061180608,0.0024870538568090295,0,0,0,0,0,0.96466302367941714,-0.0062275758599414878,0.0012827808140688009,0.038602953467275505,0,0.019320842287768227
101,10,4,0.1698740386461858,0.028857189005965827,1,-1,1,0,1,-1,0,12,0.010984035165380001,0.011230662939337034,0.00024662777395703314,0.00092895982268652322,0.0009795948535572445,5.0635030870721282e-05,0.00056266520107865672,1.8172377694404677e-05,0.00056266520107865672,0.00055226610224430898,0.00059786177380893803,0.00056295858090622732,0.00060465912930699568,0.011230662939337034,0.00093395597064709806,0.0015386150999540937,0.00060465912930699568,0,0,0,0,0,0.92307692307692313,-1.6232094938741401e-07,6.7161202697953348e-06,0.0017245210665014119,0,9.2021756614005677e-07
101,10,4,0.1698740386461858,0.028857189005965827,1,-1,1,0,2,-1,1,1833,0.011306645485875089,0.061804327800342472,0.050497682314467385,0.00099072182692736791,0.050739394159220443,0.049748672332293076,0.001621744729343704,0.0007826525644014236,0.001621744729343704,0.0015117859351613701,0.0029788780013931784,0.0018007223560888579,0.0047494178230496065,0.060129035559120886,0.04076050700466978,0.045509924827719386,0.0047494178230496065,0,0,0,0,0,0.54118689105403006,-2.9062006052599527e-05,0.0012827808140688009,0.01330187845013475,0,0.00043885366955860789
101,10,4,0.1698740386461858,0.028857189005965827,1,-1,1,0,3,-1,0,15,0.061804663578224346,0.061857044505593824,5.2380927369477526e-05,0.050745487380688244,0.051112188708146315,0.0003667013274580716,0.0025621786993228228,0.00015010924949717373,0.0025621786993228228,0.0024515924257060215,0.0028056126052517921,0.0025665721252379017,0.0028056126052517921,0.061854569713142085,0.050745487380688244,0.053551099985940036,0.0028056126052517921,0,0,0,0,0,1,1.7367512789913872e-05,0.00019956920099959441,0.010512711031502531,0.0040878788693603577,-6.6843014602251656e-05
101,10,4,0.1698740386461858,0.028857189005965827,1,-1,1,0,4,-1,0,13,0.061869231765335223,0.061909896825944853,4.0665060609630654e-05,0.051224246659806336,0.051504232517263486,0.00027998585745715038,0.0025185471666456624,0.00012060740835835672,0.0025185471666456624,0.0024257112917301787,0.0027039109625093009,0.0025214333180891006,0.0027064224702624262,0.061909896825944853,0.051234156104069381,0.053940578574331807,0.0027064224702624262,0,0,0,0,0,1,7.2123640923925891e-06,0.00016056683430585236,0.0089922274137574539,0.0026052389145897279,-2.714907920837065e-05
101,10,4,0.1698740386461858,0.028857189005965827,1,-1,1,0,5,-1,0,9,0.061939500468660411,0.061962415176524913,2.2914707864502004e-05,0.051759551014887578,0.051919175983673189,0.00015962496878561133,0.0024631793732276738,7.4162205741563515e-05,0.0024631793732276738,0.0024192609962542799,0.0025600431200544795,0.0024642955702299046,0.0025600707422938282,0.061962415176524913,0.051767845230153431,0.054327915972447259,0.0025600707422938282,0,0,0,0,0,1,1.866898697320242e-05,0.00011155367658965891,0.0076301116325512581,0.0043051328977035683,-7.4136677067558089e-05
101,10,4,0.1698740386461858,0.028857189005965827,1,-1,3,1,1,-1,1,1747,0.010567044696464309,0.062094248526374879,0.051527203829910571,0.00084922065982555132,0.053168779186124081,0.052319558526298528,0.0015165744485229817,0.00060243825155185178,0.0015165744485229817,0.0014757350830072249,0.0024618702862930974,0.0016318486157869052,0.0024870538568090295,0.061374249499666439,0.048225976204371579,0.050713030061180608,0.0024870538568090295,0,0,0,0,0,0.96466302367941714,-0.0062275758599414878,0.0012827808140688009,0.024623145353122738,0,0.019320842287768227
102,6,9,0.17064235815492546,0.029118814396673853,1,1,1,0,1,-1,1,1980,0.0084856571047364909,0.062463085205933216,0.053977428101196726,0.00061682042126690051,0.07184789859906604,0.07123107817779914,0.0011586638584269305,0.0017802991625071019,0.0016619918148626206,0.0014887890565378568,0.0024999263703106454,0.0021241391302944989,0.015965892078664903,0.062148183172274427,0.07184789859906604,0.055882006520401137,-0.015965892078664903,0,0,0,0,0,0.75636766334440753,-0.00027639602392068774,0.0012770211993996202,0.017136697035834612,0,0.0034222515641113508
102,6,9,0.17064235815492546,0.029118814396673853,1,1,3,1,1,-1,1,1744,0.01067378252168112,0.062095412134896569,0.051421629613215447,0.00086477288517568718,0.053168779186124081,0.052304006300948391,0.0015306781542288191,0.00060611560588522877,0.0015306781542288191,0.0014901325018767137,0.0024795996552609604,0.0016463145931233686,0.002505596393636747,0.061374249499666439,0.048207433667543861,0.050713030061180608,0.002505596393636747,0,0,0,0,0,0.96501457725947526,-0.0062392310555763938,0.0012770211993996202,0.038572312517791169,0,0.01936198074085204
102,6,9,0.17064235815492546,0.029118814396673853,1,-1,1,0,1,-1,0,10,0.01101416956015645,0.011223034659924113,0.00020886509976766367,0.00092991346037694369,0.00097337574879590783,4.3462288418964139e-05,0.00056901938177356516,1.551672555844614e-05,0.00056901938177356516,0.00056218039531766436,0.00059771531330505407,0.00056923090710714775,0.00060292602683240755,0.011223034659924113,0.00093395597064709806,0.0015368819974795056,0.00060292602683240755,0,0,0,0,0,0.90909090909090906,-2.6116379966749056e-07,5.6612249141462255e-06,0.0015166050427928653,0,1.2461829138883472e-06
102,6,9,0.17064235815492546,0.029118814396673853,1,-1,1,0,2,-1,1,1833,0.01133614574175159,0.061804214877521288,0.050468069135769698,0.00099177840841661999,0.050722897093781728,0.04973111868536511,0.0016349971830246634,0.00078215498010579575,0.0016349971830246634,0.0015276002847606426,0.0029922740779344142,0.0018124519859579404,0.0047460584437821335,0.060128073288947897,0.04076050700466978,0.045506565448451913,0.0047460584437821335,0,0,0,0,0,0.54150664697193496,-2.9179665507559176e-05,0.0012770211993996202,0.013270228548902391,0,0.00043502785899239755
102,6,9,0.17064235815492546,0.029118814396673853,1,-1,1,0,3,-1,0,13,0.061806719644787157,0.061856934309618174,5.0214664831016442e-05,0.050749533108564782,0.051096132868405308,0.00034659975984052682,0.0025863416991425909,0.00014582111740489635,0.0025863416991425909,0.0025219941636584961,0.0028015668773752472,0.0025904492241703944,0.0028015668773752472,0.061854569713142092,0.050749533108564782,0.053551099985940029,0.0028015668773752472,0,0,0,0,0,1,1.5516150813951515e-05,0.00019133147773344177,0.0099572876470706909,0.0038616959567163087,-5.9650782648476341e-05
102,6,9,0.17064235815492546,0.029118814396673853,1,-1,1,0,4,-1,0,11,0.061871218202069561,0.061909790102686234,3.857190061667265e-05,0.051225313212409217,0.051489026803604322,0.00026371359119510551,0.0025421635035908509,0.00011657230839723834,0.0025421635035908509,0.0024951481522672708,0.0027034118623661813,0.0025448348437716681,0.002705653653328019,0.061909790102686234,0.051234156104069381,0.0539398097573974,0.002705653653328019,0,0,0,0,0,1,5.3675444525580479e-06,0.00015192836809292828,0.0082887166091149701,0.0022327467044166204,-1.9940631384333117e-05
102,6,9,0.17064235815492546,0.029118814396673853,1,-1,1,0,5,-1,0,9,0.061941486844276701,0.061962310856426374,2.0824012149672777e-05,0.051761195789522936,0.051904292097936906,0.00014309630841397025,0.0024693969718138,6.7447504974032268e-05,0.0024693969718138,0.002418449316246761,0.0025589123817480589,0.0024703179087579778,0.0025592826948733563,0.061962310856426374,0.051767845230153431,0.054327127925026787,0.0025592826948733563,0,0,0,0,0,1,1.6806150931087454e-05,0.00010200157637633879,0.007316135384279116,0.0040859309651718849,-6.6779327408601795e-05
102,6,9,0.17064235815492546,0.029118814396673853,1,-1,3,1,1,-1,1,1744,0.01067378252168112,0.062095412134896569,0.051421629613215447,0.00086477288517568718,0.053168779186124081,0.052304006300948391,0.0015306781542288191,0.00060611560588522877,0.0015306781542288191,0.0014901325018767137,0.0024795996552609604,0.0016463145931233686,0.002505596393636747,0.061374249499666439,0.048207433667543861,0.050713030061180608,0.002505596393636747,0,0,0,0,0,0.96501457725947526,-0.0062392310555763938,0.0012770211993996202,0.024571753913522145,0,0.01936198074085204
103,9,6,0.17064235815492546,0.029118814396673853,1,1,1,0,1,-1,1,1980,0.0084856571047364909,0.062463085205933216,0.053977428101196726,0.00061682042126690051,0.07184789859906604,0.07123107817779914,0.0011586638584269305,0.0017802991625071019,0.0016619918148626206,0.0014887890565378568,0.0024999263703106454,0.0021241391302944989,0.015965892078664903,0.062148183172274427,0.07184789859906604,0.055882006520401137,-0.015965892078664903,0,0,0,0,0,0.75636766334440753,-0.00027639602392068774,0.0012770211993996202,0.017136697035834612,0,0.0034222515641113508
103,9,6,0.17064235815492546,0.029118814396673853,1,1,3,1,1,-1,1,1744,0.01067378252168112,0.062095412134896569,0.051421629613215447,0.00086477288517568718,0.053168779186124081,0.052304006300948391,0.0015306781542288191,0.00060611560588522877,0.0015306781542288191,0.0014901325018767137,0.0024795996552609604,0.0016463145931233686,0.002505596393636747,0.061374249499666439,0.048207433667543861,0.050713030061180608,0.002505596393636747,0,0,0,0,0,0.96501457725947526,-0.0062392310555763938,0.0012770211993996202,0.038572312517791169,0,0.01936198074085204
103,9,6,0.17064235815492546,0.029118814396673853,1,-1,1,0,1,-1,0,10,0.01101416956015645,0.011223034659924113,0.00020886509976766367,0.00092991346037694369,0.00097337574879590783,4.3462288418964139e-05,0.00056901938177356516,1.551672555844614e-05,0.00056901938177356516,0.00056218039531766436,0.00059771531330505407,0.00056923090710714775,0.00060292602683240755,0.011223034659924113,0.00093395597064709806,0.0015368819974795056,0.00060292602683240755,0,0,0,0,0,0.90909090909090906,-2.6116379966749056e-07,5.6612249141462255e-06,0.0015166050427928653,0,1.2461829138883472e-06
103,9,6,0.17064235815492546,0.029118814396673853,1,-1,1,0,2,-1,1,1833,0.01133614574175159,0.061804214877521288,0.050468069135769698,0.00099177840841661999,0.050722897093781728,0.04973111868536511,0.0016349971830246634,0.00078215498010579575,0.0016349971830246634,0.0015276002847606426,0.0029922740779344142,0.0018124519859579404,0.0047460584437821335,0.060128073288947897,0.04076050700466978,0.045506565448451913,0.0047460584437821335,0,0,0,0,0,0.54150664697193496,-2.9179665507559176e-05,0.0012770211993996202,0.013270228548902391,0,0.00043502785899239755
103,9,6,0.17064235815492546,0.029118814396673853,1,-1,1,0,3,-1,0,13,0.061806719644787157,0.061856934309618174,5.0214664831016442e-05,0.050749533108564782,0.051096132868405308,0.00034659975984052682,0.0025863416991425909,0.00014582111740489635,0.0025863416991425909,0.0025219941636584961,0.0028015668773752472,0.0025904492241703944,0.0028015668773752472,0.061854569713142092,0.050749533108564782,0.053551099985940029,0.0028015668773752472,0,0,0,0,0,1,1.5516150813951515e-05,0.00019133147773344177,0.0099572876470706909,0.0038616959567163087,-5.9650782648476341e-05
103,9,6,0.17064235815492546,0.029118814396673853,1,-1,1,0,4,-1,0,11,0.061871218202069561,0.061909790102686234,3.857190061667265e-05,0.051225313212409217,0.051489026803604322,0.00026371359119510551,0.0025421635035908509,0.00011657230839723834,0.0025421635035908509,0.0024951481522672708,0.0027034118623661813,0.0025448348437716681,0.002705653653328019,0.061909790102686234,0.051234156104069381,0.0539398097573974,0.002705653653328019,0,0,0,0,0,1,5.3675444525580479e-06,0.00015192836809292828,0.0082887166091149701,0.0022327467044166204,-1.9940631384333117e-05
103,9,6,0.17064235815492546,0.029118814396673853,1,-1,1,0,5,-1,0,9,0.061941486844276701,0.061962310856426374,2.0824012149672777e-05,0.051761195789522936,0.051904292097936906,0.00014309630841397025,0.0024693969718138,6.7447504974032268e-05,0.0024693969718138,0.002418449316246761,0.0025589123817480589,0.0024703179087579778,0.0025592826948733563,0.061962310856426374,0.051767845230153431,0.054327127925026787,0.0025592826948733563,0,0,0,0,0,1,1.6806150931087454e-05,0.00010200157637633879,0.007316135384279116,0.0040859309651718849,-6.6779327408601795e-05
103,9,6,0.17064235815492546,0.029118814396673853,1,-1,3,1,1,-1,1,1744,0.01067378252168112,0.062095412134896569,0.051421629613215447,0.00086477288517568718,0.053168779186124081,0.052304006300948391,0.0015306781542288191,0.00060611560588522877,0.0015306781542288191,0.0014901325018767137,0.0024795996552609604,0.0016463145931233686,0.002505596393636747,0.061374249499666439,0.048207433667543861,0.050713030061180608,0.002505596393636747,0,0,0,0,0,0.96501457725947526,-0.0062392310555763938,0.0012770211993996202,0.024571753913522145,0,0.01936198074085204
104,0,11,0.17343775632710154,0.030080655319779048,1,1,1,0,1,-1,1,1969,0.0084856571047364909,0.062462937523064893,0.053977280418328402,0.00061891105600537643,0.07184789859906604,0.071228987543060659,0.0012223042564733844,0.0017342409039141262,0.0016937087873885644,0.0015337829591079571,0.0025669298951860029,0.0021217019602672374,0.015966542319754265,0.062148113755159343,0.07184789859906604,0.055881356279311775,-0.015966542319754265,0,0,0,0,0,0.74547469523457699,-0.00027702541451099988,0.0012558483612101715,0.016862199771505715,0,0.0034769179992946379
104,0,11,0.17343775632710154,0.030080655319779048,1,1,3,1,1,-1,1,1731,0.011047364909939959,0.062037345679049158,0.050989980769109197,0.00091738580484470396,0.05256837891927952,0.051650993114434815,0.0015823829756020768,0.00061907242394343973,0.0015823829756020768,0.0015424689362943944,0.0025494066904185216,0.001699172312498791,0.002573761794379667,0.061320880587058035,0.047866668524924265,0.050440430319303932,0.002573761794379667,0,0,0,0,0,0.96281443674808609,-0.0062821009558827468,0.0012558483612101715,0.038500275944081896,0,0.019513342844908708
104,0,11,0.17343775632710154,0.030080655319779048,1,-1,1,0,1,-1,0,11,0.011445379414180671,0.011687791861240826,0.0002424124470601554,0.00099537462442171078,0.0010518144984507816,5.6439874029070832e-05,0.00059953724374616521,1.5425083303884375e-05,0.00059953724374616521,0.00059223073346519463,0.00062939349735543864,0.00059973564162360765,0.00063620229664512577,0.011634422948632421,0.00099537462442171078,0.0016315769210668365,0.00063620229664512577,0,0,0,0,0,0.84615384615384615,-7.4721452300556212e-07,7.0288704615307543e-06,0.0016406922883113772,0,3.3059375752602975e-06
104,0,11,0.17343775632710154,0.030080655319779048,1,-1,1,0,2,-1,1,1827,0.011758923554130035,0.061803806575141298,0.050044883021011261,0.0010581496187191453,0.050663504837871465,0.049605355219152318,0.0016882187473438511,0.00078600310137553933,0.0016882187473438511,0.0015845484929564932,0.0030438049482872658,0.0018622253929788434,0.0047688473745247789,0.060076975702882125,0.040560373582388259,0.045329220956913038,0.0047688473745247789,0,0,0,0,0,0.54294205052005939,-2.8971385966950323e-05,0.0012558483612101715,0.01317444467542004,0,0.00042106737525619673
104,0,11,0.17343775632710154,0.030080655319779048,1,-1,1,0,3,-1,0,13,0.061814278578403589,0.061856535785445574,4.2257207041984657e-05,0.050756792612274941,0.051038633207949644,0.00028184059567470249,0.0026099805302987199,0.00012076965786075062,0.0026099805302987199,0.0025174272604293127,0.0027955696881632923,0.0026127731778319736,0.0027974631599105987,0.061856535785445574,0.050767178118745829,0.053564641278656427,0.0027974631599105987,0,0,0,0,0,1,8.6907331513910812e-06,0.0001604408410070799,0.0090605668545099098,0.0028746561510625381,-3.3054591947366747e-05
104,0,11,0.17343775632710154,0.030080655319779048,1,-1,1,0,4,-1,0,8,0.061878521148228824,0.061908910266335715,3.0389118106891044e-05,0.051228222802174171,0.051433655794088012,0.00020543299191384118,0.0025671473344196305,9.0015112306879668e-05,0.0025671473344196305,0.0025276104687625943,0.0026982604816393821,0.0025687250061190736,0.0026982604816393821,0.061907938625750496,0.051228222802174171,0.053926483283813553,0.0026982604816393821,0,0,0,0,0,0.88888888888888884,-1.4338126758257581e-06,0.00011940521646184435,0.0064017916411397841,0,6.7151013584986588e-06
104,0,11,0.17343775632710154,0.030080655319779048,1,-1,3,1,1,-1,1,1731,0.011047364909939959,0.062037345679049158,0.050989980769109197,0.00091738580484470396,0.05256837891927952,0.051650993114434815,0.0015823829756020768,0.00061907242394343973,0.0015823829756020768,0.0015424689362943944,0.0025494066904185216,0.001699172312498791,0.002573761794379667,0.061320880587058035,0.047866668524924265,0.050440430319303932,0.002573761794379667,0,0,0,0,0,0.96281443674808609,-0.0062821009558827468,0.0012558483612101715,0.024381937562952399,0,0.019513342844908708
105,11,0,0.17343775632710154,0.030080655319779048,1,1,1,0,1,-1,1,1969,0.0084856571047364909,0.062462937523064893,0.053977280418328402,0.00061891105600537643,0.07184789859906604,0.071228987543060659,0.0012223042564733844,0.0017342409039141262,0.0016937087873885644,0.0015337829591079571,0.0025669298951860029,0.0021217019602672374,0.015966542319754265,0.062148113755159343,0.07184789859906604,0.055881356279311775,-0.015966542319754265,0,0,0,0,0,0.74547469523457699,-0.00027702541451099988,0.0012558483612101715,0.016862199771505715,0,0.0034769179992946379
105,11,0,0.17343775632710154,0.030080655319779048,1,1,3,1,1,-1,1,1731,0.011047364909939959,0.062037345679049158,0.050989980769109197,0.00091738580484470396,0.05256837891927952,0.051650993114434815,0.0015823829756020768,0.00061907242394343973,0.0015823829756020768,0.0015424689362943944,0.0025494066904185216,0.001699172312498791,0.002573761794379667,0.061320880587058035,0.047866668524924265,0.050440430319303932,0.002573761794379667,0,0,0,0,0,0.96281443674808609,-0.0062821009558827468,0.0012558483612101715,0.038500275944081896,0,0.019513342844908708
105,11,0,0.17343775632710154,0.030080655319779048,1,-1,1,0,1,-1,0,11,0.011445379414180671,0.011687791861240826,0.0002424124470601554,0.00099537462442171078,0.0010518144984507816,5.6439874029070832e-05,0.00059953724374616521,1.5425083303884375e-05,0.00059953724374616521,0.00059223073346519463,0.00062939349735543864,0.00059973564162360765,0.00063620229664512577,0.011634422948632421,0.00099537462442171078,0.0016315769210668365,0.00063620229664512577,0,0,0,0,0,0.84615384615384615,-7.4721452300556212e-07,7.0288704615307543e-06,0.0016406922883113772,0,3.3059375752602975e-06
105,11,0,0.17343775632710154,0.030080655319779048,1,-1,1,0,2,-1,1,1827,0.011758923554130035,0.061803806575141298,0.050044883021011261,0.0010581496187191453,0.050663504837871465,0.049605355219152318,0.0016882187473438511,0.00078600310137553933,0.0016882187473438511,0.0015845484929564932,0.0030438049482872658,0.0018622253929788434,0.0047688473745247789,0.060076975702882125,0.040560373582388259,0.045329220956913038,0.0047688473745247789,0,0,0,0,0,0.54294205052005939,-2.8971385966950323e-05,0.0012558483612101715,0.01317444467542004,0,0.00042106737525619673
105,11,0,0.17343775632710154,0.030080655319779048,1,-1,1,0,3,-1,0,13,0.061814278578403589,0.061856535785445574,4.2257207041984657e-05,0.050756792612274941,0.051038633207949644,0.00028184059567470249,0.0026099805302987199,0.00012076965786075062,0.0026099805302987199,0.0025174272604293127,0.0027955696881632923,0.0026127731778319736,0.0027974631599105987,0.061856535785445574,0.050767178118745829,0.053564641278656427,0.0027974631599105987,0,0,0,0,0,1,8.6907331513910812e-06,0.0001604408410070799,0.0090605668545099098,0.0028746561510625381,-3.3054591947366747e-05
105,11,0,0.17343775632710154,0.030080655319779048,1,-1,1,0,4,-1,0,8,0.061878521148228824,0.061908910266335715,3.0389118106891044e-05,0.051228222802174171,0.051433655794088012,0.00020543299191384118,0.0025671473344196305,9.0015112306879668e-05,0.0025671473344196305,0.0025276104687625943,0.0026982604816393821,0.0025687250061190736,0.0026982604816393821,0.061907938625750496,0.051228222802174171,0.053926483283813553,0.0026982604816393821,0,0,0,0,0,0.88888888888888884,-1.4338126758257581e-06,0.00011940521646184435,0.0064017916411397841,0,6.7151013584986588e-06
105,11,0,0.17343775632710154,0.030080655319779048,1,-1,3,1,1,-1,1,1731,0.011047364909939959,0.062037345679049158,0.050989980769109197,0.00091738580484470396,0.05256837891927952,0.051650993114434815,0.0015823829756020768,0.00061907242394343973,0.0015823829756020768,0.0015424689362943944,0.0025494066904185216,0.001699172312498791,0.002573761794379667,0.061320880587058035,0.047866668524924265,0.050440430319303932,0.002573761794379667,0,0,0,0,0,0.96281443674808609,-0.0062821009558827468,0.0012558483612101715,0.024381937562952399,0,0.019513342844908708
106,1,11,0.17415474809623904,0.030329876284464475,1,1,1,0,1,-1,1,1965,0.0084856571047364909,0.062462903490735473,0.053977246385998982,0.00061922222247072609,0.07184789859906604,0.071228676376595315,0.0012426542891889676,0.0017025916023368625,0.0017003119041526383,0.0015470209547548269,0.0025843289142997482,0.0021078443601907004,0.015966700015763981,0.062148096919125602,0.07184789859906604,0.055881198583302059,-0.015966700015763981,0,0,0,0,0,0.74288880679719249,-0.00027900767369935862,0.0012503631176864979,0.016787891260922817,0,0.0034910841609463077
106,1,11,0.17415474809623904,0.030329876284464475,1,1,3,1,1,-1,1,1726,0.011154102735156771,0.062038512162725976,0.050884409427569208,0.00093378165247328098,0.05256837891927952,0.051634597266806241,0.0015948553211944108,0.00062204915661382755,0.0015948553211944108,0.0015541098809749194,0.0025655469051156093,0.0017118728483114924,0.0025913064538162361,0.061320880587058035,0.047849123865487696,0.050440430319303932,0.0025913064538162361,0,0,0,0,0,0.96207148067104309,-0.006293216667364222,0.0012503631176864979,0.038470265909704579,0,0.019552601098461034
106,1,11,0.17415474809623904,0.030329876284464475,1,-1,1,0,1,-1,0,11,0.011473862449627847,0.011658832028926657,0.00018496957929881042,0.0009962411223940924,0.0010342710788026658,3.8029956408573403e-05,0.00060589043688198815,1.6356504861659762e-05,0.00060589043688198815,0.00059619290717616139,0.00063597147234180438,0.00060611117524455519,0.00063660714601086461,0.011658832028926657,0.0010006671114076049,0.0016372742574184695,0.00063660714601086461,0,0,0,0,0,1,2.3211820170716592e-07,5.3765890123798577e-06,0.0016371157831684168,0.00044361084015102079,-7.8716230999797816e-07
106,1,11,0.17415474809623904,0.030329876284464475,1,-1,1,0,2,-1,1,1814,0.011786860882333132,0.061750620193639097,0.049963759311305964,0.0010591504606576286,0.050289575655781155,0.049230425195123523,0.0016944379918827936,0.00078822068250796232,0.0016944379918827936,0.0015896897357554063,0.0030847610771420324,0.0018687996020625413,0.0047652313732952922,0.060075927736327694,0.040560373582388259,0.045325604955683552,0.0047652313732952922,0,0,0,0,0,0.54133094598627274,-2.7475678237098066e-05,0.0012503631176864979,0.013145851068103651,0,0.00041752235061562543
106,1,11,0.17415474809623904,0.030329876284464475,1,-1,1,0,3,-1,0,15,0.06174920959117499,0.061803702493912302,5.4492902737311721e-05,0.050287782841804268,0.050648307052478157,0.00036052421067388901,0.0026670749999380748,0.00014883214549581269,0.0026670749999380748,0.0025590197778136356,0.0029047174269494326,0.0026712244501029053,0.0029076081784575464,0.061803702493912302,0.05030020013342227,0.053207808311879816,0.0029076081784575464,0,0,0,0,0,1,5.4614515818791454e-06,0.00019022059912028822,0.0099112483706084251,0.0021844723571456271,-1.9087677916533489e-05
106,1,11,0.17415474809623904,0.030329876284464475,1,-1,1,0,4,-1,0,11,0.061816237160828839,0.061856434176676668,4.0197015847828754e-05,0.050757898507030684,0.051024153902764671,0.00026625539573398721,0.0026333117363443932,0.00011703544333735533,0.0026333117363443932,0.0025873258425808954,0.0027949821462984296,0.0026359112268371813,0.0027967628136875144,0.061856434176676668,0.050767178118745829,0.053563940932433343,0.0027967628136875144,0,0,0,0,0,1,6.9175715610144903e-06,0.00015226983034492884,0.0083833862663841973,0.0025556165251572403,-2.6124703294627074e-05
106,1,11,0.17415474809623904,0.030329876284464475,1,-1,1,0,5,-1,0,8,0.061880413402179701,0.061908810197437748,2.8396795258046892e-05,0.051228808196469112,0.051419989968812155,0.00019118177234304229,0.0025738240788203215,8.3524032359649826e-05,0.0025738240788203215,0.0025340774319633254,0.0026976750873444408,0.0025751789554702585,0.0026976750873444408,0.061907938625750496,0.051228808196469112,0.053926483283813553,0.0026976750873444408,0,0,0,0,0,0.88888888888888884,-3.2007458103677636e-06,0.00011076457984460413,0.0059704153945857649,0,1.3660432512591085e-05
106,1,11,0.17415474809623904,0.030329876284464475,1,-1,3,1,1,-1,1,1726,0.011154102735156771,0.062038512162725976,0.050884409427569208,0.00093378165247328098,0.05256837891927952,0.051634597266806241,0.0015948553211944108,0.00062204915661382755,0.0015948553211944108,0.0015541098809749194,0.0025655469051156093,0.0017118728483114924,0.0025913064538162361,0.061320880587058035,0.047849123865487696,0.050440430319303932,0.0025913064538162361,0,0,0,0,0,0.96207148067104309,-0.006293216667364222,0.0012503631176864979,0.024331804799905016,0,0.019552601098461034
107,11,1,0.17415474809623904,0.030329876284464475,1,1,1,0,1,-1,1,1965,0.0084856571047364909,0.062462903490735473,0.053977246385998982,0.00061922222247072609,0.07184789859906604,0.071228676376595315,0.0012426542891889676,0.0017025916023368625,0.0017003119041526383,0.0015470209547548269,0.0025843289142997482,0.0021078443601907004,0.015966700015763981,0.062148096919125602,0.07184789859906604,0.055881198583302059,-0.015966700015763981,0,0,0,0,0,0.74288880679719249,-0.00027900767369935862,0.0012503631176864979,0.016787891260922817,0,0.0034910841609463077
107,11,1,0.17415474809623904,0.030329876284464475,1,1,3,1,1,-1,1,1726,0.011154102735156771,0.062038512162725976,0.050884409427569208,0.00093378165247328098,0.05256837891927952,0.051634597266806241,0.0015948553211944108,0.00062204915661382755,0.0015948553211944108,0.0015541098809749194,0.0025655469051156093,0.0017118728483114924,0.0025913064538162361,0.061320880587058035,0.047849123865487696,0.050440430319303932,0.0025913064538162361,0,0,0,0,0,0.96207148067104309,-0.006293216667364222,0.0012503631176864979,0.038470265909704579,0,0.019552601098461034
107,11,1,0.17415474809623904,0.030329876284464475,1,-1,1,0,1,-1,0,11,0.011473862449627847,0.011658832028926657,0.00018496957929881042,0.0009962411223940924,0.0010342710788026658,3.8029956408573403e-05,0.00060589043688198815,1.6356504861659762e-05,0.00060589043688198815,0.00059619290717616139,0.00063597147234180438,0.00060611117524455519,0.00063660714601086461,0.011658832028926657,0.0010006671114076049,0.0016372742574184695,0.00063660714601086461,0,0,0,0,0,1,2.3211820170716592e-07,5.3765890123798577e-06,0.0016371157831684168,0.00044361084015102079,-7.8716230999797816e-07
107,11,1,0.17415474809623904,0.030329876284464475,1,-1,1,0,2,-1,1,1814,0.011786860882333132,0.061750620193639097,0.049963759311305964,0.0010591504606576286,0.050289575655781155,0.049230425195123523,0.0016944379918827936,0.00078822068250796232,0.0016944379918827936,0.0015896897357554063,0.0030847610771420324,0.0018687996020625413,0.0047652313732952922,0.060075927736327694,0.040560373582388259,0.045325604955683552,0.0047652313732952922,0,0,0,0,0,0.54133094598627274,-2.7475678237098066e-05,0.0012503631176864979,0.013145851068103651,0,0.00041752235061562543
107,11,1,0.17415474809623904,0.030329876284464475,1,-1,1,0,3,-1,0,15,0.06174920959117499,0.061803702493912302,5.4492902737311721e-05,0.050287782841804268,0.050648307052478157,0.00036052421067388901,0.0026670749999380748,0.00014883214549581269,0.0026670749999380748,0.0025590197778136356,0.0029047174269494326,0.0026712244501029053,0.0029076081784575464,0.061803702493912302,0.05030020013342227,0.053207808311879816,0.0029076081784575464,0,0,0,0,0,1,5.4614515818791454e-06,0.00019022059912028822,0.0099112483706084251,0.0021844723571456271,-1.9087677916533489e-05
107,11,1,0.17415474809623904,0.030329876284464475,1,-1,1,0,4,-1,0,11,0.061816237160828839,0.061856434176676668,4.0197015847828754e-05,0.050757898507030684,0.051024153902764671,0.00026625539573398721,0.0026333117363443932,0.00011703544333735533,0.0026333117363443932,0.0025873258425808954,0.0027949821462984296,0.0026359112268371813,0.0027967628136875144,0.061856434176676668,0.050767178118745829,0.053563940932433343,0.0027967628136875144,0,0,0,0,0,1,6.9175715610144903e-06,0.00015226983034492884,0.0083833862663841973,0.0025556165251572403,-2.6124703294627074e-05
107,11,1,0.17415474809623904,0.030329876284464475,1,-1,1,0,5,-1,0,8,0.061880413402179701,0.061908810197437748,2.8396795258046892e-05,0.051228808196469112,0.051419989968812155,0.00019118177234304229,0.0025738240788203215,8.3524032359649826e-05,0.0025738240788203215,0.0025340774319633254,0.0026976750873444408,0.0025751789554702585,0.0026976750873444408,0.061907938625750496,0.051228808196469112,0.053926483283813553,0.0026976750873444408,0,0,0,0,0,0.88888888888888884,-3.2007458103677636e-06,0.00011076457984460413,0.0059704153945857649,0,1.3660432512591085e-05
107,11,1,0.17415474809623904,0.030329876284464475,1,-1,3,1,1,-1,1,1726,0.011154102735156771,0.062038512162725976,0.050884409427569208,0.00093378165247328098,0.05256837891927952,0.051634597266806241,0.0015948553211944108,0.00062204915661382755,0.0015948553211944108,0.0015541098809749194,0.0025655469051156093,0.0017118728483114924,0.0025913064538162361,0.061320880587058035,0.047849123865487696,0.050440430319303932,0.0025913064538162361,0,0,0,0,0,0.96207148067104309,-0.006293216667364222,0.0012503631176864979,0.024331804799905016,0,0.019552601098461034
108,2,11,0.17628805140289999,0.031077477067431514,1,1,1,0,1,-1,1,1952,0.0090193462308205477,0.06246281227359532,0.053443466042774772,0.00068228303362052975,0.070113408939292854,0.069431125905672325,0.0013177277439413936,0.0015488781823278551,0.0017080180639570896,0.0015814543200806785,0.002635069158641366,0.0020335756762029085,0.013163107037314478,0.062252895326070097,0.070113408939292854,0.056950301901978376,-0.013163107037314478,0,0,0,0,0,0.73429416112342938,-0.0002841925583576706,0.00123394241549586,0.016578959716022159,0,0.003528074792558893
108,2,11,0.17628805140289999,0.031077477067431514,1,1,3,1,1,-1,1,1715,0.011420947298198798,0.061992720702532998,0.050571773404334198,0.00097077227006168337,0.052101400933955967,0.051130628663894284,0.0016344204486836156,0.00063167036502370937,0.0016344204486836156,0.0015934106990040248,0.0026192400860536751,0.0017522378985526871,0.0026437029229056455,0.061267511674449632,0.047530462470612808,0.050174165393518454,0.0026437029229056455,0,0,0,0,0,0.95982468955441924,-0.0063265727964747802,0.00123394241549586,0.038432503438473049,0,0.019670437926101632
108,2,11,0.17628805140289999,0.031077477067431514,1,-1,1,0,1,-1,0,11,0.011871238175213102,0.012114743162108071,0.00024350498689496881,0.001061960661366294,0.0011201576229669039,5.8196961600609845e-05,0.00063277991494889105,1.5930443598000951e-05,0.00063277991494889105,0.00062515296487061778,0.0006635691488544712,0.00063298041027819727,0.00067054405350078401,0.012061374249499665,0.001061960661366294,0.001732504714867078,0.00067054405350078401,0,0,0,0,0,0.84615384615384615,-4.9215435386202293e-07,7.669586546899413e-06,0.0017535608006312951,0,2.2932178798546373e-06
108,2,11,0.17628805140289999,0.031077477067431514,1,-1,1,0,2,-1,1,1810,0.012176860453699954,0.061750299603440049,0.049573439149740092,0.0011245962666078528,0.050243605003080671,0.049119008736472819,0.001743627173800773,0.00079802955721622261,0.001743627173800773,0.0016401602702982628,0.0031577451218883592,0.0019175731786315721,0.0047907201778324832,0.060025022416475546,0.040360240160106739,0.045150960337939222,0.0047907201778324832,0,0,0,0,0,0.54305430543054301,-2.6117495166754917e-05,0.00123394241549586,0.013083520342876754,0,0.00040692253715114354
108,2,11,0.17628805140289999,0.031077477067431514,1,-1,1,0,3,-1,0,12,0.061755170723548351,0.06180291499704231,4.7744273493958989e-05,0.050290750708870222,0.050603853237953175,0.00031310252908295366,0.0026865221617941647,0.00012430947538477491,0.0026865221617941647,0.002609432251628005,0.0029005106663800018,0.0026893966184781356,0.0029005106663800018,0.061801200800533695,0.050290750708870222,0.053191261375250223,0.0029005106663800018,0,0,0,0,0,0.92307692307692313,1.4765412301235144e-07,0.00016674593668243224,0.0086521799552237173,0,1.5684003957246303e-06
108,2,11,0.17628805140289999,0.031077477067431514,1,-1,1,0,4,-1,0,11,0.061822112419984789,0.061856133325399097,3.4020905414308689e-05,0.050760429283972799,0.05098128331128185,0.00022085402730905035,0.0026515245650752502,9.8256489066769561e-05,0.0026515245650752502,0.0025846413888883715,0.0027926801031290284,0.0026533444662993201,0.0027946895042908274,0.061856133325399097,0.050767178118745829,0.053561867623036656,0.0027946895042908274,0,0,0,0,0,1,1.5878594707632125e-06,0.00012730225703456652,0.0074493310768227522,0.0011450789165737085,-5.244822900726472e-06
108,2,11,0.17628805140289999,0.031077477067431514,1,-1,3,1,1,-1,1,1715,0.011420947298198798,0.061992720702532998,0.050571773404334198,0.00097077227006168337,0.052101400933955967,0.051130628663894284,0.0016344204486836156,0.00063167036502370937,0.0016344204486836156,0.0015934106990040248,0.0026192400860536751,0.0017522378985526871,0.0026437029229056455,0.061267511674449632,0.047530462470612808,0.050174165393518454,0.0026437029229056455,0,0,0,0,0,0.95982468955441924,-0.0063265727964747802,0.00123394241549586,0.024201981429906073,0,0.019670437926101632
109,11,2,0.17628805140289999,0.031077477067431514,1,1,1,0,1,-1,1,1952,0.0090193462308205477,0.06246281227359532,0.053443466042774772,0.00068228303362052975,0.070113408939292854,0.069431125905672325,0.0013177277439413936,0.0015488781823278551,0.0017080180639570896,0.0015814543200806785,0.002635069158641366,0.0020335756762029085,0.013163107037314478,0.062252895326070097,0.070113408939292854,0.056950301901978376,-0.013163107037314478,0,0,0,0,0,0.73429416112342938,-0.0002841925583576706,0.00123394241549586,0.016578959716022159,0,0.003528074792558893
109,11,2,0.17628805140289999,0.031077477067431514,1,1,3,1,1,-1,1,1715,0.011420947298198798,0.061992720702532998,0.050571773404334198,0.00097077227006168337,0.052101400933955967,0.051130628663894284,0.0016344204486836156,0.00063167036502370937,0.0016344204486836156,0.0015934106990040248,0.0026192400860536751,0.0017522378985526871,0.0026437029229056455,0.061267511674449632,0.047530462470612808,0.050174165393518454,0.0026437029229056455,0,0,0,0,0,0.95982468955441924,-0.0063265727964747802,0.00123394241549586,0.038432503438473049,0,0.019670437926101632
109,11,2,0.17628805140289999,0.031077477067431514,1,-1,1,0,1,-1,0,11,0.011871238175213102,0.012114743162108071,0.00024350498689496881,0.001061960661366294,0.0011201576229669039,5.8196961600609845e-05,0.00063277991494889105,1.5930443598000951e-05,0.00063277991494889105,0.00062515296487061778,0.0006635691488544712,0.00063298041027819727,0.00067054405350078401,0.012061374249499665,0.001061960661366294,0.001732504714867078,0.00067054405350078401,0,0,0,0,0,0.84615384615384615,-4.9215435386202293e-07,7.669586546899413e-06,0.0017535608006312951,0,2.2932178798546373e-06
109,11,2,0.17628805140289999,0.031077477067431514,1,-1,1,0,2,-1,1,1810,0.012176860453699954,0.061750299603440049,0.049573439149740092,0.0011245962666078528,0.050243605003080671,0.049119008736472819,0.001743627173800773,0.00079802955721622261,0.001743627173800773,0.0016401602702982628,0.0031577451218883592,0.0019175731786315721,0.0047907201778324832,0.060025022416475546,0.040360240160106739,0.045150960337939222,0.0047907201778324832,0,0,0,0,0,0.54305430543054301,-2.6117495166754917e-05,0.00123394241549586,0.013083520342876754,0,0.00040692253715114354
109,11,2,0.17628805140289999,0.031077477067431514,1,-1,1,0,3,-1,0,12,0.061755170723548351,0.06180291499704231,4.7744273493958989e-05,0.050290750708870222,0.050603853237953175,0.00031310252908295366,0.0026865221617941647,0.00012430947538477491,0.0026865221617941647,0.002609432251628005,0.0029005106663800018,0.0026893966184781356,0.0029005106663800018,0.061801200800533695,0.050290750708870222,0.053191261375250223,0.0029005106663800018,0,0,0,0,0,0.92307692307692313,1.4765412301235144e-07,0.00016674593668243224,0.0086521799552237173,0,1.5684003957246303e-06
109,11,2,0.17628805140289999,0.031077477067431514,1,-1,1,0,4,-1,0,11,0.061822112419984789,0.061856133325399097,3.4020905414308689e-05,0.050760429283972799,0.05098128331128185,0.00022085402730905035,0.0026515245650752502,9.8256489066769561e-05,0.0026515245650752502,0.0025846413888883715,0.0027926801031290284,0.0026533444662993201,0.0027946895042908274,0.061856133325399097,0.050767178118745829,0.053561867623036656,0.0027946895042908274,0,0,0,0,0,1,1.5878594707632125e-06,0.00012730225703456652,0.0074493310768227522,0.0011450789165737085,-5.244822900726472e-06
109,11,2,0.17628805140289999,0.031077477067431514,1,-1,3,1,1,-1,1,1715,0.011420947298198798,0.061992720702532998,0.050571773404334198,0.00097077227006168337,0.052101400933955967,0.051130628663894284,0.0016344204486836156,0.00063167036502370937,0.0016344204486836156,0.0015934106990040248,0.0026192400860536751,0.0017522378985526871,0.0026437029229056455,0.061267511674449632,0.047530462470612808,0.050174165393518454,0.0026437029229056455,0,0,0,0,0,0.95982468955441924,-0.0063265727964747802,0.00123394241549586,0.024201981429906073,0,0.019670437926101632
110,5,10,0.17634714279898667,0.031098314773366192,1,1,1,0,1,-1,1,1952,0.009019346230820546,0.062462809908644959,0.053443463677824411,0.0006823540641161779,0.070113408939292854,0.069431054875176673,0.0013186437656263292,0.0015491990663103565,0.0017089417304143846,0.0015825359551184838,0.0026363393435622192,0.0020344137061281478,0.013163115790186239,0.06225289454438826,0.070113408939292854,0.056950293149106615,-0.013163115790186239,0,0,0,0,0,0.73429416112342938,-0.00028436783580170443,0.0012334845344474817,0.016572674894326598,0,0.0035292638649036144
110,5,10,0.17634714279898667,0.031098314773366192,1,1,3,1,1,-1,1,1714,0.011474316210807205,0.061992844871165839,0.050518528660358636,0.00098161082398121611,0.052101400933955967,0.05111979010997475,0.0016360866681342462,0.0006317021778125282,0.0016360866681342462,0.0015955996511721228,0.0026206746866906734,0.0017538036455372391,0.0026451574445166062,0.061267511674449632,0.047529007949001847,0.050174165393518454,0.0026451574445166062,0,0,0,0,0,0.95945945945945943,-0.0063275028159635515,0.0012334845344474817,0.038428867684142921,0,0.019673724038105429
110,5,10,0.17634714279898667,0.031098314773366192,1,-1,1,0,1,-1,0,11,0.011873600937807687,0.012114743162108071,0.00024114222430038357,0.0010620352227786955,0.0011196392855308416,5.7604062752146089e-05,0.00063302363717314869,1.5721823525430955e-05,0.00063302363717314869,0.00062567130230668008,0.00066349209923403474,0.00063321884128229075,0.00067046949208838255,0.012061374249499665,0.0010620352227786955,0.001732504714867078,0.00067046949208838255,0,0,0,0,0,0.84615384615384615,-5.0150754532243827e-07,7.5781917973629218e-06,0.0017448139308987995,0,2.3242148566395491e-06
110,5,10,0.17634714279898667,0.031098314773366192,1,-1,1,0,2,-1,1,1811,0.012179182714213838,0.06175029076518232,0.049571108050968482,0.0011246814304158143,0.050242323673573772,0.049117642243157955,0.0017440607360873584,0.00079818912493280459,0.0017440607360873584,0.001640181230600047,0.0031557785981985616,0.0019180338188683156,0.0047903713699241554,0.06002492017513511,0.040360240160106739,0.045150611530030894,0.0047903713699241554,0,0,0,0,0,0.54335433543354339,-2.6241801297742201e-05,0.0012334845344474817,0.013080227547629107,0,0.00040663045865732268
110,5,10,0.17634714279898667,0.031098314773366192,1,-1,1,0,3,-1,0,12,0.061755336876829971,0.061802906318923032,4.7569442093060854e-05,0.050290819003664118,0.050602629027994603,0.00031181002433048471,0.002687084162200586,0.00012379722294803358,0.002687084162200586,0.0026099158349778377,0.002900442371586015,0.002689934394582677,0.002900442371586015,0.061801200800533682,0.050290819003664118,0.053191261375250133,0.002900442371586015,0,0,0,0,0,0.92307692307692313,-6.8535495126106232e-10,0.00016608367944398523,0.0086305930508841378,0,2.1461208592742054e-06
110,5,10,0.17634714279898667,0.031098314773366192,1,-1,1,0,4,-1,0,11,0.061822276179741828,0.061856125023303801,3.3848843561973263e-05,0.050760487812130391,0.050980088389073475,0.00021960057694308394,0.0026520357953750172,9.7758248775459402e-05,0.0026520357953750172,0.0025845680318047903,0.0027926222357124268,0.0026538369458491691,0.0027946322976152155,0.061856125023303801,0.050767178118745829,0.053561810416361044,0.0027946322976152155,0,0,0,0,0,1,1.4390848178173959e-06,0.00012659596907549296,0.007418288131973122,0.001079456260048258,-4.6609032694294894e-06
110,5,10,0.17634714279898667,0.031098314773366192,1,-1,3,1,1,-1,1,1714,0.011474316210807205,0.061992844871165839,0.050518528660358636,0.00098161082398121611,0.052101400933955967,0.05111979010997475,0.0016360866681342462,0.0006317021778125282,0.0016360866681342462,0.0015955996511721228,0.0026206746866906734,0.0017538036455372391,0.0026451574445166062,0.061267511674449632,0.047529007949001847,0.050174165393518454,0.0026451574445166062,0,0,0,0,0,0.95945945945945943,-0.0063275028159635515,0.0012334845344474817,0.024197124708974692,0,0.019673724038105429
111,10,5,0.17634714279898667,0.031098314773366192,1,1,1,0,1,-1,1,1952,0.009019346230820546,0.062462809908644959,0.053443463677824411,0.0006823540641161779,0.070113408939292854,0.069431054875176673,0.0013186437656263292,0.0015491990663103565,0.0017089417304143846,0.0015825359551184838,0.0026363393435622192,0.0020344137061281478,0.013163115790186239,0.06225289454438826,0.070113408939292854,0.056950293149106615,-0.013163115790186239,0,0,0,0,0,0.73429416112342938,-0.00028436783580170443,0.0012334845344474817,0.016572674894326598,0,0.0035292638649036144
111,10,5,0.17634714279898667,0.031098314773366192,1,1,3,1,1,-1,1,1714,0.011474316210807205,0.061992844871165839,0.050518528660358636,0.00098161082398121611,0.052101400933955967,0.05111979010997475,0.0016360866681342462,0.0006317021778125282,0.0016360866681342462,0.0015955996511721228,0.0026206746866906734,0.0017538036455372391,0.0026451574445166062,0.061267511674449632,0.047529007949001847,0.050174165393518454,0.0026451574445166062,0,0,0,0,0,0.95945945945945943,-0.0063275028159635515,0.0012334845344474817,0.038428867684142921,0,0.019673724038105429
111,10,5,0.17634714279898667,0.031098314773366192,1,-1,1,0,1,-1,0,11,0.011873600937807687,0.012114743162108071,0.00024114222430038357,0.0010620352227786955,0.0011196392855308416,5.7604062752146089e-05,0.00063302363717314869,1.5721823525430955e-05,0.00063302363717314869,0.00062567130230668008,0.00066349209923403474,0.00063321884128229075,0.00067046949208838255,0.012061374249499665,0.0010620352227786955,0.001732504714867078,0.00067046949208838255,0,0,0,0,0,0.84615384615384615,-5.0150754532243827e-07,7.5781917973629218e-06,0.0017448139308987995,0,2.3242148566395491e-06
111,10,5,0.17634714279898667,0.031098314773366192,1,-1,1,0,2,-1,1,1811,0.012179182714213838,0.06175029076518232,0.049571108050968482,0.0011246814304158143,0.050242323673573772,0.049117642243157955,0.0017440607360873584,0.00079818912493280459,0.0017440607360873584,0.001640181230600047,0.0031557785981985616,0.0019180338188683156,0.0047903713699241554,0.06002492017513511,0.040360240160106739,0.045150611530030894,0.0047903713699241554,0,0,0,0,0,0.54335433543354339,-2.6241801297742201e-05,0.0012334845344474817,0.013080227547629107,0,0.00040663045865732268
111,10,5,0.17634714279898667,0.031098314773366192,1,-1,1,0,3,-1,0,12,0.061755336876829971,0.061802906318923032,4.7569442093060854e-05,0.050290819003664118,0.050602629027994603,0.00031181002433048471,0.002687084162200586,0.00012379722294803358,0.002687084162200586,0.0026099158349778377,0.002900442371586015,0.002689934394582677,0.002900442371586015,0.061801200800533682,0.050290819003664118,0.053191261375250133,0.002900442371586015,0,0,0,0,0,0.92307692307692313,-6.8535495126106232e-10,0.00016608367944398523,0.0086305930508841378,0,2.1461208592742054e-06
111,10,5,0.17634714279898667,0.031098314773366192,1,-1,1,0,4,-1,0,11,0.061822276179741828,0.061856125023303801,3.3848843561973263e-05,0.050760487812130391,0.050980088389073475,0.00021960057694308394,0.0026520357953750172,9.7758248775459402e-05,0.0026520357953750172,0.0025845680318047903,0.0027926222357124268,0.0026538369458491691,0.0027946322976152155,0.061856125023303801,0.050767178118745829,0.053561810416361044,0.0027946322976152155,0,0,0,0,0,1,1.4390848178173959e-06,0.00012659596907549296,0.007418288131973122,0.001079456260048258,-4.6609032694294894e-06
111,10,5,0.17634714279898667,0.031098314773366192,1,-1,3,1,1,-1,1,1714,0.011474316210807205,0.061992844871165839,0.050518528660358636,0.00098161082398121611,0.052101400933955967,0.05111979010997475,0.0016360866681342462,0.0006317021778125282,0.0016360866681342462,0.0015955996511721228,0.0026206746866906734,0.0017538036455372391,0.0026451574445166062,0.061267511674449632,0.047529007949001847,0.050174165393518454,0.0026451574445166062,0,0,0,0,0,0.95945945945945943,-0.0063275028159635515,0.0012334845344474817,0.024197124708974692,0,0.019673724038105429
112,8,8,0.17848967932899867,0.031858565626968774,1,1,1,0,1,-1,1,1938,0.0090193462308205442,0.062462729719692897,0.053443383488872356,0.00068427141549708918,0.070113408939292854,0.069429137523795759,0.0013810790735061659,0.0014738245148446496,0.001730237322586349,0.0016243336229289883,0.0026884694326559286,0.0020197866490878971,0.013163415044019987,0.062252867818548385,0.070113408939292854,0.056949993895272867,-0.013163415044019987,0,0,0,0,0,0.7264325323475046,-0.00028940503253749691,0.0012168066957309058,0.016360147992613948,0,0.0035726501954279353
112,8,8,0.17848967932899867,0.031858565626968774,1,1,3,1,1,-1,1,1703,0.011741160773849232,0.061976163880114322,0.050235003106265094,0.0010196568951504636,0.051967978652434951,0.05094832175728449,0.0016762122071643476,0.00064111245072264063,0.0016762122071643476,0.001635614324764216,0.0026738965304989202,0.0017946343744390844,0.0026980349702089221,0.061214142761841228,0.047215797469562545,0.049913832439771467,0.0026980349702089221,0,0,0,0,0,0.95834855681402997,-0.0063614473212996025,0.0012168066957309058,0.038345421489062982,0,0.019793686159768783
112,8,8,0.17848967932899867,0.031858565626968774,1,-1,1,0,1,-1,0,14,0.012264144047952258,0.012564154264269553,0.00030001021631729553,0.001127624432596561,0.0011959403149793156,6.8315882382754536e-05,0.00066576575671291837,2.4023962775142827e-05,0.00066576575671291837,0.00065185224433208795,0.00071278764776252156,0.00066619906454373399,0.00072073252303447724,0.012564154264269553,0.0011340893929286193,0.0018548219159630966,0.00072073252303447724,0,0,0,0,0,0.93333333333333335,-4.1718792699781036e-07,9.2996787151965109e-06,0.0020106825465906063,0,2.0960413706253753e-06
112,8,8,0.17848967932899867,0.031858565626968774,1,-1,1,0,2,-1,1,1789,0.012562842464295725,0.061696985081869958,0.049134142617574234,0.0011901433630477933,0.049850665400334788,0.048660522037286998,0.0017796607302764424,0.00079923288874583537,0.0017796607302764424,0.0016779744526260985,0.0031686996401237922,0.0019508883938711341,0.004778838828277579,0.06002153851410931,0.040360240160106739,0.045139078988384318,0.004778838828277579,0,0,0,0,0,0.5416288222827732,-2.6660368501730282e-05,0.0012168066957309058,0.01302079507906701,0,0.00039600138317103797
112,8,8,0.17848967932899867,0.031858565626968774,1,-1,1,0,3,-1,0,13,0.06170120537702127,0.061749971820828982,4.8766443807711501e-05,0.049882268972536684,0.050196870270475195,0.00031460129793851183,0.002762245645117884,0.00013175330700474655,0.002762245645117884,0.0026811790932308247,0.002962958809163696,0.0027653860377674943,0.002962958809163696,0.061747831887925278,0.049882268972536684,0.05284522778170038,0.002962958809163696,0,0,0,0,0,1,1.782611362949013e-05,0.00017573500997002415,0.0097247084112415012,0.0041623341717804711,-6.9300103030285669e-05
112,8,8,0.17848967932899867,0.031858565626968774,1,-1,1,0,4,-1,0,8,0.061761398876868684,0.061802593198721667,4.1194321852983107e-05,0.050300200133422276,0.050558338187103057,0.00025813805368078008,0.0026797522710667885,7.3910512400284314e-05,0.0026797522710667885,0.0026323458208381938,0.0028090976683050189,0.0026807713438730435,0.0028335560858999964,0.061802593198721667,0.050366911274182788,0.053200467360082784,0.0028335560858999964,0,0,0,0,0,0.72727272727272729,-5.4207903680162677e-06,0.00014160403639494975,0.0071646405397037087,0,2.3295253453159196e-05
112,8,8,0.17848967932899867,0.031858565626968774,1,-1,1,0,5,-1,0,6,0.06182825085351186,0.061855331452603413,2.7080599091552915e-05,0.050767178118745829,0.050937922918289878,0.00017074479954404947,0.0026346578666532235,4.2530289411338957e-05,0.0026346578666532235,0.0026115021301687559,0.0027049347004936466,0.0026350011195130688,0.002722454691913824,0.061855331452603413,0.050833889259506333,0.053556343951420157,0.002722454691913824,0,0,0,0,0,0.66666666666666663,-3.9966003840995616e-06,0.00010040732879566165,0.0055978354437837934,0,1.6713029304458814e-05
112,8,8,0.17848967932899867,0.031858565626968774,1,-1,3,1,1,-1,1,1703,0.011741160773849232,0.061976163880114322,0.050235003106265094,0.0010196568951504636,0.051967978652434951,0.05094832175728449,0.0016762122071643476,0.00064111245072264063,0.0016762122071643476,0.001635614324764216,0.0026738965304989202,0.0017946343744390844,0.0026980349702089221,0.061214142761841228,0.047215797469562545,0.049913832439771467,0.0026980349702089221,0,0,0,0,0,0.95834855681402997,-0.0063614473212996025,0.0012168066957309058,0.024036259503461749,0,0.019793686159768783
113,3,11,0.17978673852899116,0.032323271350891837,1,1,1,0,1,-1,1,1931,0.0095530353569046027,0.062462686200479324,0.05290965084357472,0.00075079385920207627,0.070113408939292854,0.069362615080090784,0.0014158460071457568,0.0014344684141459104,0.0017451561516335264,0.0016436836889598752,0.0027194257444512898,0.0020155196717305604,0.013163579350560589,0.062252853143996978,0.070113408939292854,0.056949829588732265,-0.013163579350560589,0,0,0,0,0,0.72226331360946749,-0.00029241809295684433,0.0012066192049575381,0.016234084639620488,0,0.0035991738433301902
113,3,11,0.17978673852899116,0.032323271350891837,1,1,3,1,1,-1,1,1697,0.011954636424282856,0.061977952798631858,0.050023316374349001,0.00105427192508601,0.051967978652434951,0.050913706727348941,0.0017015192623430527,0.00064683531387921332,0.0017015192623430527,0.0016617148796983193,0.002706206165193575,0.0018203196761573685,0.00273014519738915,0.061214142761841228,0.047183687242382318,0.049913832439771467,0.00273014519738915,0,0,0,0,0,0.95796783625730997,-0.0063822085739178198,0.0012066192049575381,0.038318173080875359,0,0.019867080156889327
113,3,11,0.17978673852899116,0.032323271350891837,1,-1,1,0,1,-1,0,11,0.012316446123418786,0.012541694462975317,0.00022524833955653127,0.0011292829691261904,0.0011841556060055341,5.4872636879343614e-05,0.00067073980170684366,1.4732561804313007e-05,0.00067073980170684366,0.00066330983851888145,0.00069969694210708536,0.0006709015799437753,0.00070685110147106992,0.01248832555036691,0.0011292829691261904,0.0018361340705972604,0.00070685110147106992,0,0,0,0,0,0.84615384615384615,-6.39618787208832e-07,7.1861161639149861e-06,0.0017075889981136643,0,2.8370603317702275e-06
113,3,11,0.17978673852899116,0.032323271350891837,1,-1,1,0,2,-1,1,1788,0.012614223158569849,0.061696786776248833,0.049082563617678987,0.0011919987122062966,0.049822461464145922,0.048630462751939628,0.0018021445453607124,0.00080603219407902665,0.0018021445453607124,0.0017011556633418582,0.0031699175396277752,0.0019741866325819397,0.0048069779304817234,0.059970809076209816,0.040160106737825219,0.044967084668306942,0.0048069779304817234,0,0,0,0,0,0.54198241891482268,-2.6169198647906565e-05,0.0012066192049575381,0.012948708660727795,0,0.00038953821947022073
113,3,11,0.17978673852899116,0.032323271350891837,1,-1,1,0,3,-1,0,13,0.061705115156639623,0.061749780157653082,4.4665001013459438e-05,0.049887141752747693,0.050169271203465558,0.00028212945071786483,0.0027732774666717054,0.00011982706543863382,0.0027732774666717054,0.0026786692435531168,0.0029580860289526861,0.0027758649882083002,0.0029580860289526861,0.061747831887925278,0.049887141752747693,0.05284522778170038,0.0029580860289526861,0,0,0,0,0,1,1.4477986468521473e-05,0.00016081014098615491,0.0093096532727643053,0.0037501834277888593,-5.6255502968248792e-05
113,3,11,0.17978673852899116,0.032323271350891837,1,-1,1,0,4,-1,0,9,0.061774919515266376,0.061802405076426176,2.7485561159799887e-05,0.050345757656520385,0.050532160455470307,0.00018640279894992229,0.0027332749630027079,8.2920185761565851e-05,0.0027332749630027079,0.002692871024172358,0.0028455037187298388,0.0027345324610587797,0.0028455037187298388,0.061801200800533695,0.050345757656520385,0.053191261375250223,0.0028455037187298388,0,0,0,0,0,1,2.0093466828218038e-05,0.00012021956172281604,0.0080125376437700842,0.0044622127200531613,-7.9645369436016922e-05
113,3,11,0.17978673852899116,0.032323271350891837,1,-1,3,1,1,-1,1,1697,0.011954636424282856,0.061977952798631858,0.050023316374349001,0.00105427192508601,0.051967978652434951,0.050913706727348941,0.0017015192623430527,0.00064683531387921332,0.0017015192623430527,0.0016617148796983193,0.002706206165193575,0.0018203196761573685,0.00273014519738915,0.061214142761841228,0.047183687242382318,0.049913832439771467,0.00273014519738915,0,0,0,0,0,0.95796783625730997,-0.0063822085739178198,0.0012066192049575381,0.023948346395661211,0,0.019867080156889327
114,11,3,0.17978673852899116,0.032323271350891837,1,1,1,0,1,-1,1,1931,0.0095530353569046027,0.062462686200479324,0.05290965084357472,0.00075079385920207627,0.070113408939292854,0.069362615080090784,0.0014158460071457568,0.0014344684141459104,0.0017451561516335264,0.0016436836889598752,0.0027194257444512898,0.0020155196717305604,0.013163579350560589,0.062252853143996978,0.070113408939292854,0.056949829588732265,-0.013163579350560589,0,0,0,0,0,0.72226331360946749,-0.00029241809295684433,0.0012066192049575381,0.016234084639620488,0,0.0035991738433301902
114,11,3,0.17978673852899116,0.032323271350891837,1,1,3,1,1,-1,1,1697,0.011954636424282856,0.061977952798631858,0.050023316374349001,0.00105427192508601,0.051967978652434951,0.050913706727348941,0.0017015192623430527,0.00064683531387921332,0.0017015192623430527,0.0016617148796983193,0.002706206165193575,0.0018203196761573685,0.00273014519738915,0.061214142761841228,0.047183687242382318,0.049913832439771467,0.00273014519738915,0,0,0,0,0,0.95796783625730997,-0.0063822085739178198,0.0012066192049575381,0.038318173080875359,0,0.019867080156889327
114,11,3,0.17978673852899116,0.032323271350891837,1,-1,1,0,1,-1,0,11,0.012316446123418786,0.012541694462975317,0.00022524833955653127,0.0011292829691261904,0.0011841556060055341,5.4872636879343614e-05,0.00067073980170684366,1.4732561804313007e-05,0.00067073980170684366,0.00066330983851888145,0.00069969694210708536,0.0006709015799437753,0.00070685110147106992,0.01248832555036691,0.0011292829691261904,0.0018361340705972604,0.00070685110147106992,0,0,0,0,0,0.84615384615384615,-6.39618787208832e-07,7.1861161639149861e-06,0.0017075889981136643,0,2.8370603317702275e-06
114,11,3,0.17978673852899116,0.032323271350891837,1,-1,1,0,2,-1,1,1788,0.012614223158569849,0.061696786776248833,0.049082563617678987,0.0011919987122062966,0.049822461464145922,0.048630462751939628,0.0018021445453607124,0.00080603219407902665,0.0018021445453607124,0.0017011556633418582,0.0031699175396277752,0.0019741866325819397,0.0048069779304817234,0.059970809076209816,0.040160106737825219,0.044967084668306942,0.0048069779304817234,0,0,0,0,0,0.54198241891482268,-2.6169198647906565e-05,0.0012066192049575381,0.012948708660727795,0,0.00038953821947022073
114,11,3,0.17978673852899116,0.032323271350891837,1,-1,1,0,3,-1,0,13,0.061705115156639623,0.061749780157653082,4.4665001013459438e-05,0.049887141752747693,0.050169271203465558,0.00028212945071786483,0.0027732774666717054,0.00011982706543863382,0.0027732774666717054,0.0026786692435531168,0.0029580860289526861,0.0027758649882083002,0.0029580860289526861,0.061747831887925278,0.049887141752747693,0.05284522778170038,0.0029580860289526861,0,0,0,0,0,1,1.4477986468521473e-05,0.00016081014098615491,0.0093096532727643053,0.0037501834277888593,-5.6255502968248792e-05
114,11,3,0.17978673852899116,0.032323271350891837,1,-1,1,0,4,-1,0,9,0.061774919515266376,0.061802405076426176,2.7485561159799887e-05,0.050345757656520385,0.050532160455470307,0.00018640279894992229,0.0027332749630027079,8.2920185761565851e-05,0.0027332749630027079,0.002692871024172358,0.0028455037187298388,0.0027345324610587797,0.0028455037187298388,0.061801200800533695,0.050345757656520385,0.053191261375250223,0.0028455037187298388,0,0,0,0,0,1,2.0093466828218038e-05,0.00012021956172281604,0.0080125376437700842,0.0044622127200531613,-7.9645369436016922e-05
114,11,3,0.17978673852899116,0.032323271350891837,1,-1,3,1,1,-1,1,1697,0.011954636424282856,0.061977952798631858,0.050023316374349001,0.00105427192508601,0.051967978652434951,0.050913706727348941,0.0017015192623430527,0.00064683531387921332,0.0017015192623430527,0.0016617148796983193,0.002706206165193575,0.0018203196761573685,0.00273014519738915,0.061214142761841228,0.047183687242382318,0.049913832439771467,0.00273014519738915,0,0,0,0,0,0.95796783625730997,-0.0063822085739178198,0.0012066192049575381,0.023948346395661211,0,0.019867080156889327
115,7,9,0.17986950170918384,0.032353037645110092,1,1,1,0,1,-1,1,1929,0.0095530353569046027,0.0624626835465453,0.052909648189640696,0.00075089456911184337,0.070113408939292854,0.069362514370181011,0.0014204848252668775,0.0014298125696013933,0.0017457742780793253,0.0016452646741134808,0.0027214453747792648,0.0020154754086824304,0.013163589410018516,0.062252852245552048,0.070113408939292854,0.056949819529274338,-0.013163589410018516,0,0,0,0,0,0.72152366863905326,-0.00029266487834702845,0.0012059677777473781,0.016225372271772499,0,0.0036008728848703551
115,7,9,0.17986950170918384,0.032353037645110092,1,1,3,1,1,-1,1,1697,0.011954636424282855,0.061978067386148611,0.050023430961865754,0.0010535113168732603,0.051967978652434951,0.050914467335561694,0.0017030470386169977,0.00064729682391897363,0.0017030470386169977,0.0016632390452108736,0.0027080889097957249,0.0018219117415499897,0.0027322019882149509,0.061214142761841228,0.047181630451556517,0.049913832439771467,0.0027322019882149509,0,0,0,0,0,0.95833333333333337,-0.0063835386697938916,0.0012059677777473781,0.038313170481411266,0,0.01987178282846325
115,7,9,0.17986950170918384,0.032353037645110092,1,-1,1,0,1,-1,0,11,0.012319800029417072,0.012541694462975317,0.00022189443355824512,0.0011293859647603817,0.0011834007474003315,5.4014782639949825e-05,0.00067109817134883938,1.4470122230362139e-05,0.00067109817134883938,0.00066365173227258775,0.00069959057352306296,0.00067125415456823639,0.0007067481058368717,0.012488325550366912,0.0011293859647603817,0.0018361340705972534,0.0007067481058368717,0,0,0,0,0,0.84615384615384615,-6.5400051426463339e-07,7.0512725442836138e-06,0.0016939545535010272,0,2.8861668367709533e-06
115,7,9,0.17986950170918384,0.032353037645110092,1,-1,1,0,2,-1,1,1789,0.01261752540636301,0.061696774165393604,0.049079248759030594,0.0011921134477778678,0.049820691590916968,0.048628578143139103,0.001803086290969773,0.0008061283077565463,0.001803086290969773,0.0017019508919050332,0.0031696587452064075,0.001975085573146026,0.0048064908784170857,0.059970664632564695,0.040160106737825219,0.044966597616242304,0.0048064908784170857,0,0,0,0,0,0.54228554107305249,-2.6344910024246623e-05,0.0012059677777473781,0.012943564581089573,0,0.00038912029102695288
115,7,9,0.17986950170918384,0.032353037645110092,1,-1,1,0,3,-1,0,13,0.061705365593947487,0.061749767964046562,4.4402370099075328e-05,0.049887367830715935,0.05016750337082123,0.00028013554010529462,0.0027739991224038246,0.00011910480064453766,0.0027739991224038246,0.002678849521468997,0.0029578599509844442,0.0027765548949433296,0.0029578599509844442,0.061747831887925278,0.049887367830715935,0.05284522778170038,0.0029578599509844442,0,0,0,0,0,1,1.4263347018860095e-05,0.00015984642169332539,0.0092812656586032383,0.0037221093405440642,-5.5416391771861472e-05
115,7,9,0.17986950170918384,0.032353037645110092,1,-1,1,0,4,-1,0,9,0.061775170109159463,0.061802393109095431,2.7222999935967718e-05,0.050347486991520474,0.050530483665145523,0.00018299667362504934,0.0027336193372831893,8.1680698188355333e-05,0.0027336193372831893,0.0026927672051040713,0.0028437743837297497,0.0027348393769333367,0.0028437743837297497,0.061801200800533695,0.050347486991520474,0.053191261375250223,0.0028437743837297497,0,0,0,0,0,1,2.0625214290544443e-05,0.00011917836352345354,0.0079981578076608953,0.0045221401956252998,-8.179900779556009e-05
115,7,9,0.17986950170918384,0.032353037645110092,1,-1,3,1,1,-1,1,1697,0.011954636424282855,0.061978067386148611,0.050023430961865754,0.0010535113168732603,0.051967978652434951,0.050914467335561694,0.0017030470386169977,0.00064729682391897363,0.0017030470386169977,0.0016632390452108736,0.0027080889097957249,0.0018219117415499897,0.0027322019882149509,0.061214142761841228,0.047181630451556517,0.049913832439771467,0.0027322019882149509,0,0,0,0,0,0.95833333333333337,-0.0063835386697938916,0.0012059677777473781,0.023941515796509584,0,0.01987178282846325
116,9,7,0.17986950170918384,0.032353037645110092,1,1,1,0,1,-1,1,1929,0.0095530353569046027,0.0624626835465453,0.052909648189640696,0.00075089456911184337,0.070113408939292854,0.069362514370181011,0.0014204848252668775,0.0014298125696013933,0.0017457742780793253,0.0016452646741134808,0.0027214453747792648,0.0020154754086824304,0.013163589410018516,0.062252852245552048,0.070113408939292854,0.056949819529274338,-0.013163589410018516,0,0,0,0,0,0.72152366863905326,-0.00029266487834702845,0.0012059677777473781,0.016225372271772499,0,0.0036008728848703551
116,9,7,0.17986950170918384,0.032353037645110092,1,1,3,1,1,-1,1,1697,0.011954636424282855,0.061978067386148611,0.050023430961865754,0.0010535113168732603,0.051967978652434951,0.050914467335561694,0.0017030470386169977,0.00064729682391897363,0.0017030470386169977,0.0016632390452108736,0.0027080889097957249,0.0018219117415499897,0.0027322019882149509,0.061214142761841228,0.047181630451556517,0.049913832439771467,0.0027322019882149509,0,0,0,0,0,0.95833333333333337,-0.0063835386697938916,0.0012059677777473781,0.038313170481411266,0,0.01987178282846325
116,9,7,0.17986950170918384,0.032353037645110092,1,-1,1,0,1,-1,0,11,0.012319800029417072,0.012541694462975317,0.00022189443355824512,0.0011293859647603817,0.0011834007474003315,5.4014782639949825e-05,0.00067109817134883938,1.4470122230362139e-05,0.00067109817134883938,0.00066365173227258775,0.00069959057352306296,0.00067125415456823639,0.0007067481058368717,0.012488325550366912,0.0011293859647603817,0.0018361340705972534,0.0007067481058368717,0,0,0,0,0,0.84615384615384615,-6.5400051426463339e-07,7.0512725442836138e-06,0.0016939545535010272,0,2.8861668367709533e-06
116,9,7,0.17986950170918384,0.032353037645110092,1,-1,1,0,2,-1,1,1789,0.01261752540636301,0.061696774165393604,0.049079248759030594,0.0011921134477778678,0.049820691590916968,0.048628578143139103,0.001803086290969773,0.0008061283077565463,0.001803086290969773,0.0017019508919050332,0.0031696587452064075,0.001975085573146026,0.0048064908784170857,0.059970664632564695,0.040160106737825219,0.044966597616242304,0.0048064908784170857,0,0,0,0,0,0.54228554107305249,-2.6344910024246623e-05,0.0012059677777473781,0.012943564581089573,0,0.00038912029102695288
116,9,7,0.17986950170918384,0.032353037645110092,1,-1,1,0,3,-1,0,13,0.061705365593947487,0.061749767964046562,4.4402370099075328e-05,0.049887367830715935,0.05016750337082123,0.00028013554010529462,0.0027739991224038246,0.00011910480064453766,0.0027739991224038246,0.002678849521468997,0.0029578599509844442,0.0027765548949433296,0.0029578599509844442,0.061747831887925278,0.049887367830715935,0.05284522778170038,0.0029578599509844442,0,0,0,0,0,1,1.4263347018860095e-05,0.00015984642169332539,0.0092812656586032383,0.0037221093405440642,-5.5416391771861472e-05
116,9,7,0.17986950170918384,0.032353037645110092,1,-1,1,0,4,-1,0,9,0.061775170109159463,0.061802393109095431,2.7222999935967718e-05,0.050347486991520474,0.050530483665145523,0.00018299667362504934,0.0027336193372831893,8.1680698188355333e-05,0.0027336193372831893,0.0026927672051040713,0.0028437743837297497,0.0027348393769333367,0.0028437743837297497,0.061801200800533695,0.050347486991520474,0.053191261375250223,0.0028437743837297497,0,0,0,0,0,1,2.0625214290544443e-05,0.00011917836352345354,0.0079981578076608953,0.0045221401956252998,-8.179900779556009e-05
116,9,7,0.17986950170918384,0.032353037645110092,1,-1,3,1,1,-1,1,1697,0.011954636424282855,0.061978067386148611,0.050023430961865754,0.0010535113168732603,0.051967978652434951,0.050914467335561694,0.0017030470386169977,0.00064729682391897363,0.0017030470386169977,0.0016632390452108736,0.0027080889097957249,0.0018219117415499897,0.0027322019882149509,0.061214142761841228,0.047181630451556517,0.049913832439771467,0.0027322019882149509,0,0,0,0,0,0.95833333333333337,-0.0063835386697938916,0.0012059677777473781,0.023941515796509584,0,0.01987178282846325
117,6,10,0.18394654241583536,0.033836330466740713,1,1,1,0,1,-1,1,1904,0.010033355570380252,0.062462569884353433,0.052429214313973183,0.00081316413707259569,0.067911941294196129,0.067098777157123535,0.0015457869938592847,0.0012298403488398156,0.0017814110379454997,0.0017162484831011494,0.0028191944662929952,0.001975339138988281,0.0096356635662611934,0.062357041553163087,0.067911941294196129,0.058276277727934936,-0.0096356635662611934,0,0,0,0,0,0.70947446336047371,-0.00030302189811810658,0.0011735205526131631,0.015802315293436238,0,0.0036855527107291126
117,6,10,0.18394654241583536,0.033836330466740713,1,1,3,1,1,-1,1,1674,0.012541694462975317,0.061886151340882337,0.04934445687790702,0.0011457851697865068,0.051100733822548372,0.049954948652761864,0.0017822605666851939,0.00066433202336960259,0.0017822605666851939,0.0017428067393766219,0.002809880370879367,0.0019020488334518069,0.0028336728572561296,0.061107404936624421,0.046575878980426623,0.049409551837682752,0.0028336728572561296,0,0,0,0,0,0.95496155254485537,-0.0064498657519297909,0.0011735205526131631,0.038199571971419821,0,0.020106376705627101
117,6,10,0.18394654241583536,0.033836330466740713,1,-1,1,0,1,-1,0,8,0.0127833575402288,0.012925245113991325,0.0001418875737625256,0.0011985517257634521,0.0012306543448206868,3.2102619057234726e-05,0.00071824716745208322,1.1796314890713455e-05,0.00071824716745208322,0.00071371679727542307,0.00073938570054381421,0.00071834403080831802,0.00074418281762149777,0.012925245113991325,0.001200800533689126,0.0019449833513106238,0.00074418281762149777,0,0,0,0,0,0.88888888888888884,4.2786545913433172e-09,4.7368588708904574e-06,0.0014152358484339532,0,7.9702021542007163e-08
117,6,10,0.18394654241583536,0.033836330466740713,1,-1,1,0,2,-1,1,1780,0.013073255110391072,0.061643247957019989,0.048569992846628919,0.0012611698147029931,0.049398122632328248,0.048136952817625256,0.0018796717904481541,0.00081984882182143184,0.0018796717904481541,0.0017822167376460932,0.0032297356540329108,0.0020506872336971721,0.0048515871464235791,0.059864143372058719,0.039759839893262171,0.04461142703968575,0.0048515871464235791,0,0,0,0,0,0.54484236302418121,-2.7225151614596076e-05,0.0011735205526131631,0.012772100540999863,0,0.00036902174421505289
117,6,10,0.18394654241583536,0.033836330466740713,1,-1,1,0,3,-1,0,11,0.061655786266256507,0.061696159162840429,4.0372896583922013e-05,0.049487016401612703,0.049733739737878535,0.00024672333626583193,0.002872820428796068,0.00010704086727026754,0.002872820428796068,0.002814286625967527,0.00302454661103016,0.0028748139006506135,0.00302454661103016,0.061694462975316874,0.049487016401612703,0.052511563012642863,0.00302454661103016,0,0,0,0,0,1,1.7383594436643229e-05,0.00014535224186664278,0.0087199458052355724,0.0041316264401615281,-6.8281348164167288e-05
117,6,10,0.18394654241583536,0.033836330466740713,1,-1,1,0,4,-1,0,9,0.061717845207912833,0.061749172585561299,3.1327377648465715e-05,0.049893937137925941,0.050083489882767236,0.00018955274484129536,0.0028429841522576737,8.6408663750702625e-05,0.0028429841522576737,0.0028147547332442319,0.0029528144851536748,0.0028442969864554343,0.0029538303794064344,0.061749172585561299,0.049899933288859236,0.05285376366826567,0.0029538303794064344,0,0,0,0,0,1,3.5425871791647512e-06,0.00011052074973366258,0.0067033298470699706,0.0018272974098598618,-1.3356063296322238e-05
117,6,10,0.18394654241583536,0.033836330466740713,1,-1,3,1,1,-1,1,1674,0.012541694462975317,0.061886151340882337,0.04934445687790702,0.0011457851697865068,0.051100733822548372,0.049954948652761864,0.0017822605666851939,0.00066433202336960259,0.0017822605666851939,0.0017428067393766219,0.002809880370879367,0.0019020488334518069,0.0028336728572561296,0.061107404936624421,0.046575878980426623,0.049409551837682752,0.0028336728572561296,0,0,0,0,0,0.95496155254485537,-0.0064498657519297909,0.0011735205526131631,0.023656884224960744,0,0.020106376705627101
118,10,6,0.18394654241583536,0.033836330466740713,1,1,1,0,1,-1,1,1904,0.010033355570380252,0.062462569884353433,0.052429214313973183,0.00081316413707259569,0.067911941294196129,0.067098777157123535,0.0015457869938592847,0.0012298403488398156,0.0017814110379454997,0.0017162484831011494,0.0028191944662929952,0.001975339138988281,0.0096356635662611934,0.062357041553163087,0.067911941294196129,0.058276277727934936,-0.0096356635662611934,0,0,0,0,0,0.70947446336047371,-0.00030302189811810658,0.0011735205526131631,0.015802315293436238,0,0.0036855527107291126
118,10,6,0.18394654241583536,0.033836330466740713,1,1,3,1,1,-1,1,1674,0.012541694462975317,0.061886151340882337,0.04934445687790702,0.0011457851697865068,0.051100733822548372,0.049954948652761864,0.0017822605666851939,0.00066433202336960259,0.0017822605666851939,0.0017428067393766219,0.002809880370879367,0.0019020488334518069,0.0028336728572561296,0.061107404936624421,0.046575878980426623,0.049409551837682752,0.0028336728572561296,0,0,0,0,0,0.95496155254485537,-0.0064498657519297909,0.0011735205526131631,0.038199571971419821,0,0.020106376705627101
118,10,6,0.18394654241583536,0.033836330466740713,1,-1,1,0,1,-1,0,8,0.0127833575402288,0.012925245113991325,0.0001418875737625256,0.0011985517257634521,0.0012306543448206868,3.2102619057234726e-05,0.00071824716745208322,1.1796314890713455e-05,0.00071824716745208322,0.00071371679727542307,0.00073938570054381421,0.00071834403080831802,0.00074418281762149777,0.012925245113991325,0.001200800533689126,0.0019449833513106238,0.00074418281762149777,0,0,0,0,0,0.88888888888888884,4.2786545913433172e-09,4.7368588708904574e-06,0.0014152358484339532,0,7.9702021542007163e-08
118,10,6,0.18394654241583536,0.033836330466740713,1,-1,1,0,2,-1,1,1780,0.013073255110391072,0.061643247957019989,0.048569992846628919,0.0012611698147029931,0.049398122632328248,0.048136952817625256,0.0018796717904481541,0.00081984882182143184,0.0018796717904481541,0.0017822167376460932,0.0032297356540329108,0.0020506872336971721,0.0048515871464235791,0.059864143372058719,0.039759839893262171,0.04461142703968575,0.0048515871464235791,0,0,0,0,0,0.54484236302418121,-2.7225151614596076e-05,0.0011735205526131631,0.012772100540999863,0,0.00036902174421505289
118,10,6,0.18394654241583536,0.033836330466740713,1,-1,1,0,3,-1,0,11,0.061655786266256507,0.061696159162840429,4.0372896583922013e-05,0.049487016401612703,0.049733739737878535,0.00024672333626583193,0.002872820428796068,0.00010704086727026754,0.002872820428796068,0.002814286625967527,0.00302454661103016,0.0028748139006506135,0.00302454661103016,0.061694462975316874,0.049487016401612703,0.052511563012642863,0.00302454661103016,0,0,0,0,0,1,1.7383594436643229e-05,0.00014535224186664278,0.0087199458052355724,0.0041316264401615281,-6.8281348164167288e-05
118,10,6,0.18394654241583536,0.033836330466740713,1,-1,1,0,4,-1,0,9,0.061717845207912833,0.061749172585561299,3.1327377648465715e-05,0.049893937137925941,0.050083489882767236,0.00018955274484129536,0.0028429841522576737,8.6408663750702625e-05,0.0028429841522576737,0.0028147547332442319,0.0029528144851536748,0.0028442969864554343,0.0029538303794064344,0.061749172585561299,0.049899933288859236,0.05285376366826567,0.0029538303794064344,0,0,0,0,0,1,3.5425871791647512e-06,0.00011052074973366258,0.0067033298470699706,0.0018272974098598618,-1.3356063296322238e-05
118,10,6,0.18394654241583536,0.033836330466740713,1,-1,3,1,1,-1,1,1674,0.012541694462975317,0.061886151340882337,0.04934445687790702,0.0011457851697865068,0.051100733822548372,0.049954948652761864,0.0017822605666851939,0.00066433202336960259,0.0017822605666851939,0.0017428067393766219,0.002809880370879367,0.0019020488334518069,0.0028336728572561296,0.061107404936624421,0.046575878980426623,0.049409551837682752,0.0028336728572561296,0,0,0,0,0,0.95496155254485537,-0.0064498657519297909,0.0011735205526131631,0.023656884224960744,0,0.020106376705627101
119,4,11,0.18457233990170988,0.034066948656792322,1,1,1,0,1,-1,1,1901,0.010033355570380252,0.062462555234218939,0.052429199663838688,0.00081431354935848003,0.067911941294196129,0.067097627744837643,0.0015688135329401773,0.001182834136158816,0.0017824744839178013,0.0017242986872721307,0.0028338591841587657,0.0019647576173153812,0.0096356211403300779,0.062357044429871583,0.067911941294196129,0.058276320153866051,-0.0096356211403300779,0,0,0,0,0,0.70788596815994076,-0.00030466597046836303,0.0011684827307691468,0.015743105526205128,0,0.0036987210392651617
119,4,11,0.18457233990170988,0.034066948656792322,1,1,3,1,1,-1,1,1671,0.012648432288192128,0.061877832382285822,0.049229400094093698,0.0011637818517033394,0.051034022681787854,0.049870240830084511,0.0017948608496134099,0.00066697586867295073,0.0017948608496134099,0.0017558854246907465,0.0028258693463787156,0.0019147799557304253,0.0028494011219339088,0.061107404936624414,0.046560150715748774,0.049409551837682683,0.0028494011219339088,0,0,0,0,0,0.95459538630538265,-0.0064601866205920575,0.0011684827307691468,0.038197537871250513,0,0.020142896368299773
119,4,11,0.18457233990170988,0.034066948656792322,1,-1,1,0,1,-1,0,12,0.013098869043317522,0.013362679683341072,0.00026381064002354952,0.0012620145851370292,0.0013242634629042481,6.2248877767218927e-05,0.00073985242487474166,2.2095208046935397e-05,0.00073985242487474166,0.00072880754995538304,0.00078182687693292981,0.00074018228080093386,0.00078929217191838017,0.013362679683341072,0.0012675116744496331,0.0020568038463680133,0.00078929217191838017,0,0,0,0,0,0.92307692307692313,-2.171001049774349e-07,8.9195466257711862e-06,0.0019674404088039568,0,1.2026386235363834e-06
119,4,11,0.18457233990170988,0.034066948656792322,1,-1,1,0,2,-1,1,1756,0.013383742918211261,0.061590427765660587,0.048206684847449326,0.0013245441450730018,0.049061242561705083,0.047736698416632084,0.001889427546393819,0.00081384119173799326,0.001889427546393819,0.0017929430200059552,0.0032351273186783901,0.0020572491191980817,0.004847861351731951,0.059863013330110723,0.039759839893262171,0.044607701244994122,0.004847861351731951,0,0,0,0,0,0.54180808392471458,-2.7410999953996481e-05,0.0011684827307691468,0.012788204753541983,0,0.00036595988214388665
119,4,11,0.18457233990170988,0.034066948656792322,1,-1,1,0,3,-1,0,13,0.061593389329691564,0.061643152051060864,4.9762721369299434e-05,0.049074598886719722,0.04938449983041994,0.00030990094370021704,0.0029134333617437625,0.00012837204956222005,0.0029134333617437625,0.0028247852464969372,0.0031144660967350885,0.0029162601626793122,0.0031144660967350885,0.061641094062708471,0.049074598886719722,0.052189064983454811,0.0031144660967350885,0,0,0,0,0,1,1.7443612685581627e-05,0.00017097257042516983,0.0097109196309039785,0.0041169802015084316,-6.7798103918449614e-05
119,4,11,0.18457233990170988,0.034066948656792322,1,-1,1,0,4,-1,0,11,0.06165780015611827,0.061696065827758807,3.8265671640537458e-05,0.049488893650892485,0.049720528595920604,0.00023163494502811965,0.0028781528655973856,0.00010112902997143918,0.0028781528655973856,0.0028132882426592648,0.0030226693617503783,0.0028799289919109821,0.0030226693617503783,0.061694462975316874,0.049488893650892485,0.052511563012642863,0.0030226693617503783,0,0,0,0,0,1,1.5708100840615805e-05,0.00013773338287907501,0.0084921478789338218,0.0039276860724548933,-6.1706871535024591e-05
119,4,11,0.18457233990170988,0.034066948656792322,1,-1,1,0,5,-1,0,9,0.061719785503141972,0.061749082108373592,2.9296605231619866e-05,0.049894549631018331,0.050070883970135649,0.00017633433911731777,0.0028483078788379846,8.0632875477931561e-05,0.0028483078788379846,0.0028140182584002818,0.0029522237131517164,0.0028494489701095505,0.0029532540881314906,0.061749082108373592,0.049899933288859236,0.052853187376990726,0.0029532540881314906,0,0,0,0,0,1,1.8716748647936103e-06,0.00010259997629535925,0.0063487423322995959,0.0013014067588240699,-6.7746382076518847e-06
119,4,11,0.18457233990170988,0.034066948656792322,1,-1,3,1,1,-1,1,1671,0.012648432288192128,0.061877832382285822,0.049229400094093698,0.0011637818517033394,0.051034022681787854,0.049870240830084511,0.0017948608496134099,0.00066697586867295073,0.0017948608496134099,0.0017558854246907465,0.0028258693463787156,0.0019147799557304253,0.0028494011219339088,0.061107404936624414,0.046560150715748774,0.049409551837682683,0.0028494011219339088,0,0,0,0,0,0.95459538630538265,-0.0064601866205920575,0.0011684827307691468,0.02361341850530221,0,0.020142896368299773
120,11,4,0.18457233990170988,0.034066948656792322,1,1,1,0,1,-1,1,1901,0.010033355570380252,0.062462555234218939,0.052429199663838688,0.00081431354935848003,0.067911941294196129,0.067097627744837643,0.0015688135329401773,0.001182834136158816,0.0017824744839178013,0.0017242986872721307,0.0028338591841587657,0.0019647576173153812,0.0096356211403300779,0.062357044429871583,0.067911941294196129,0.058276320153866051,-0.0096356211403300779,0,0,0,0,0,0.70788596815994076,-0.00030466597046836303,0.0011684827307691468,0.015743105526205128,0,0.0036987210392651617
120,11,4,0.18457233990170988,0.034066948656792322,1,1,3,1,1,-1,1,1671,0.012648432288192128,0.061877832382285822,0.049229400094093698,0.0011637818517033394,0.051034022681787854,0.049870240830084511,0.0017948608496134099,0.00066697586867295073,0.0017948608496134099,0.0017558854246907465,0.0028258693463787156,0.0019147799557304253,0.0028494011219339088,0.061107404936624414,0.046560150715748774,0.049409551837682683,0.0028494011219339088,0,0,0,0,0,0.95459538630538265,-0.0064601866205920575,0.0011684827307691468,0.038197537871250513,0,0.020142896368299773
120,11,4,0.18457233990170988,0.034066948656792322,1,-1,1,0,1,-1,0,12,0.013098869043317522,0.013362679683341072,0.00026381064002354952,0.0012620145851370292,0.0013242634629042481,6.2248877767218927e-05,0.00073985242487474166,2.2095208046935397e-05,0.00073985242487474166,0.00072880754995538304,0.00078182687693292981,0.00074018228080093386,0.00078929217191838017,0.013362679683341072,0.0012675116744496331,0.0020568038463680133,0.00078929217191838017,0,0,0,0,0,0.92307692307692313,-2.171001049774349e-07,8.9195466257711862e-06,0.0019674404088039568,0,1.2026386235363834e-06
120,11,4,0.18457233990170988,0.034066948656792322,1,-1,1,0,2,-1,1,1756,0.013383742918211261,0.061590427765660587,0.048206684847449326,0.0013245441450730018,0.049061242561705083,0.047736698416632084,0.001889427546393819,0.00081384119173799326,0.001889427546393819,0.0017929430200059552,0.0032351273186783901,0.0020572491191980817,0.004847861351731951,0.059863013330110723,0.039759839893262171,0.044607701244994122,0.004847861351731951,0,0,0,0,0,0.54180808392471458,-2.7410999953996481e-05,0.0011684827307691468,0.012788204753541983,0,0.00036595988214388665
120,11,4,0.18457233990170988,0.034066948656792322,1,-1,1,0,3,-1,0,13,0.061593389329691564,0.061643152051060864,4.9762721369299434e-05,0.049074598886719722,0.04938449983041994,0.00030990094370021704,0.0029134333617437625,0.00012837204956222005,0.0029134333617437625,0.0028247852464969372,0.0031144660967350885,0.0029162601626793122,0.0031144660967350885,0.061641094062708471,0.049074598886719722,0.052189064983454811,0.0031144660967350885,0,0,0,0,0,1,1.7443612685581627e-05,0.00017097257042516983,0.0097109196309039785,0.0041169802015084316,-6.7798103918449614e-05
120,11,4,0.18457233990170988,0.034066948656792322,1,-1,1,0,4,-1,0,11,0.06165780015611827,0.061696065827758807,3.8265671640537458e-05,0.049488893650892485,0.049720528595920604,0.00023163494502811965,0.0028781528655973856,0.00010112902997143918,0.0028781528655973856,0.0028132882426592648,0.0030226693617503783,0.0028799289919109821,0.0030226693617503783,0.061694462975316874,0.049488893650892485,0.052511563012642863,0.0030226693617503783,0,0,0,0,0,1,1.5708100840615805e-05,0.00013773338287907501,0.0084921478789338218,0.0039276860724548933,-6.1706871535024591e-05
120,11,4,0.18457233990170988,0.034066948656792322,1,-1,1,0,5,-1,0,9,0.061719785503141972,0.061749082108373592,2.9296605231619866e-05,0.049894549631018331,0.050070883970135649,0.00017633433911731777,0.0028483078788379846,8.0632875477931561e-05,0.0028483078788379846,0.0028140182584002818,0.0029522237131517164,0.0028494489701095505,0.0029532540881314906,0.061749082108373592,0.049899933288859236,0.052853187376990726,0.0029532540881314906,0,0,0,0,0,1,1.8716748647936103e-06,0.00010259997629535925,0.0063487423322995959,0.0013014067588240699,-6.7746382076518847e-06
120,11,4,0.18457233990170988,0.034066948656792322,1,-1,3,1,1,-1,1,1671,0.012648432288192128,0.061877832382285822,0.049229400094093698,0.0011637818517033394,0.051034022681787854,0.049870240830084511,0.0017948608496134099,0.00066697586867295073,0.0017948608496134099,0.0017558854246907465,0.0028258693463787156,0.0019147799557304253,0.0028494011219339088,0.061107404936624414,0.046560150715748774,0.049409551837682683,0.0028494011219339088,0,0,0,0,0,0.95459538630538265,-0.0064601866205920575,0.0011684827307691468,0.02361341850530221,0,0.020142896368299773
121,0,12,0.18915961558968988,0.035781360170039245,1,1,1,0,1,-1,1,1873,0.010513675783855904,0.062462468223976407,0.051948792440120503,0.00088234222567327211,0.066377585056704463,0.065495242831031197,0.0017000606764446737,0.0010490446284051195,0.0018443910459121037,0.0018071091922264026,0.0029435886934230547,0.0019976738812877235,0.0072473212698297013,0.062409061545905198,0.066377585056704463,0.059130263786874762,-0.0072473212698297013,0,0,0,0,0,0.69507224898110409,-0.00021714855535227373,0.0011311032241465234,0.015277343198336754,0,0.003462506878886855
121,0,12,0.18915961558968988,0.035781360170039245,1,1,3,1,1,-1,1,1646,0.013288859239492995,0.061807743071899117,0.048518883832406122,0.0012670046588569555,0.050433622414943292,0.049166617756086335,0.0018848773972907282,0.00068576932429702969,0.0018848773972907282,0.0018459347278121253,0.0029411772969638889,0.0020057523199448813,0.0029645266552448049,0.0610006671114076,0.045960568972237582,0.048925095627482387,0.0029645266552448049,0,0,0,0,0,0.9511747430249633,-0.0065369790381124985,0.0011311032241465234,0.038067712237762778,0,0.020414752663210932
121,0,12,0.18915961558968988,0.035781360170039245,1,-1,1,0,1,-1,0,8,0.013572817798158526,0.013724927859128908,0.00015211006097038196,0.0013316974295820489,0.0013681353346876074,3.6437905105558485e-05,0.00078911920914645039,1.3289848712459875e-05,0.00078911920914645039,0.00078448024106439029,0.00081245379245489032,0.00078923111084315426,0.00081733972921144019,0.013724927859128908,0.0013342228152101398,0.00215156254442158,0.00081733972921144019,0,0,0,0,0,0.88888888888888884,-2.0328857277553307e-07,5.2918705208388624e-06,0.0014375516975361153,0,9.2847840392830046e-07
121,0,12,0.18915961558968988,0.035781360170039245,1,-1,1,0,2,-1,1,1744,0.013850409482860426,0.061536853326861415,0.047686443844000989,0.0013942742783678603,0.048646337820259268,0.047252063541891411,0.0019763674500902968,0.00082559308669584181,0.0019763674500902968,0.0018844527852494072,0.0033333131149172325,0.0021418758700205739,0.0048877623352591507,0.059752470054478798,0.03935957304869913,0.044247335383958281,0.0048877623352591507,0,0,0,0,0,0.54381041471780478,-2.5796816469403166e-05,0.0011311032241465234,0.012575973947309811,0,0.00034353404933596895
121,0,12,0.18915961558968988,0.035781360170039245,1,-1,1,0,3,-1,0,11,0.06154244012062645,0.061589615847186516,4.7175726560065578e-05,0.048689397272539917,0.048960573107456704,0.00027117583491678698,0.0030266240843146541,0.00011747659221832433,0.0030266240843146541,0.0029820165488580463,0.0031879016407337785,0.0030289031178749762,0.0031884850550386729,0.061589615847186516,0.048699132755170113,0.051887617810208786,0.0031884850550386729,0,0,0,0,0,1,8.1102246254945137e-06,0.00014822023308128064,0.0083365544906528078,0.0027772968768206485,-3.0853511767990911e-05
121,0,12,0.18915961558968988,0.035781360170039245,1,-1,1,0,4,-1,0,9,0.061608724955832687,0.061642458291827816,3.3733335995128622e-05,0.049092339813085466,0.049286753116269968,0.00019441330318450273,0.0029864278909633533,8.7927902413539782e-05,0.0029864278909633533,0.0029595789225955321,0.0030973573260433982,0.0029877220191889785,0.0030977787631594339,0.061642458291827816,0.049099399599733154,0.052197178362892588,0.0030977787631594339,0,0,0,0,0,1,9.2076541073893112e-06,0.00011489920520188047,0.0072091449828042536,0.0029999298307752365,-3.5998315958300555e-05
121,0,12,0.18915961558968988,0.035781360170039245,1,-1,3,1,1,-1,1,1646,0.013288859239492995,0.061807743071899117,0.048518883832406122,0.0012670046588569555,0.050433622414943292,0.049166617756086335,0.0018848773972907282,0.00068576932429702969,0.0018848773972907282,0.0018459347278121253,0.0029411772969638889,0.0020057523199448813,0.0029645266552448049,0.0610006671114076,0.045960568972237582,0.048925095627482387,0.0029645266552448049,0,0,0,0,0,0.9511747430249633,-0.0065369790381124985,0.0011311032241465234,0.023287239100300824,0,0.020414752663210932
122,12,0,0.18915961558968988,0.035781360170039245,1,1,1,0,1,-1,1,1873,0.010513675783855904,0.062462468223976407,0.051948792440120503,0.00088234222567327211,0.066377585056704463,0.065495242831031197,0.0017000606764446737,0.0010490446284051195,0.0018443910459121037,0.0018071091922264026,0.0029435886934230547,0.0019976738812877235,0.0072473212698297013,0.062409061545905198,0.066377585056704463,0.059130263786874762,-0.0072473212698297013,0,0,0,0,0,0.69507224898110409,-0.00021714855535227373,0.0011311032241465234,0.015277343198336754,0,0.003462506878886855
122,12,0,0.18915961558968988,0.035781360170039245,1,1,3,1,1,-1,1,1646,0.013288859239492995,0.061807743071899117,0.048518883832406122,0.0012670046588569555,0.050433622414943292,0.049166617756086335,0.0018848773972907282,0.00068576932429702969,0.0018848773972907282,0.0018459347278121253,0.0029411772969638889,0.0020057523199448813,0.0029645266552448049,0.0610006671114076,0.045960568972237582,0.048925095627482387,0.0029645266552448049,0,0,0,0,0,0.9511747430249633,-0.0065369790381124985,0.0011311032241465234,0.038067712237762778,0,0.020414752663210932
122,12,0,0.18915961558968988,0.035781360170039245,1,-1,1,0,1,-1,0,8,0.013572817798158526,0.013724927859128908,0.00015211006097038196,0.0013316974295820489,0.0013681353346876074,3.6437905105558485e-05,0.00078911920914645039,1.3289848712459875e-05,0.00078911920914645039,0.00078448024106439029,0.00081245379245489032,0.00078923111084315426,0.00081733972921144019,0.013724927859128908,0.0013342228152101398,0.00215156254442158,0.00081733972921144019,0,0,0,0,0,0.88888888888888884,-2.0328857277553307e-07,5.2918705208388624e-06,0.0014375516975361153,0,9.2847840392830046e-07
122,12,0,0.18915961558968988,0.035781360170039245,1,-1,1,0,2,-1,1,1744,0.013850409482860426,0.061536853326861415,0.047686443844000989,0.0013942742783678603,0.048646337820259268,0.047252063541891411,0.0019763674500902968,0.00082559308669584181,0.0019763674500902968,0.0018844527852494072,0.0033333131149172325,0.0021418758700205739,0.0048877623352591507,0.059752470054478798,0.03935957304869913,0.044247335383958281,0.0048877623352591507,0,0,0,0,0,0.54381041471780478,-2.5796816469403166e-05,0.0011311032241465234,0.012575973947309811,0,0.00034353404933596895
122,12,0,0.18915961558968988,0.035781360170039245,1,-1,1,0,3,-1,0,11,0.06154244012062645,0.061589615847186516,4.7175726560065578e-05,0.048689397272539917,0.048960573107456704,0.00027117583491678698,0.0030266240843146541,0.00011747659221832433,0.0030266240843146541,0.0029820165488580463,0.0031879016407337785,0.0030289031178749762,0.0031884850550386729,0.061589615847186516,0.048699132755170113,0.051887617810208786,0.0031884850550386729,0,0,0,0,0,1,8.1102246254945137e-06,0.00014822023308128064,0.0083365544906528078,0.0027772968768206485,-3.0853511767990911e-05
122,12,0,0.18915961558968988,0.035781360170039245,1,-1,1,0,4,-1,0,9,0.061608724955832687,0.061642458291827816,3.3733335995128622e-05,0.049092339813085466,0.049286753116269968,0.00019441330318450273,0.0029864278909633533,8.7927902413539782e-05,0.0029864278909633533,0.0029595789225955321,0.0030973573260433982,0.0029877220191889785,0.0030977787631594339,0.061642458291827816,0.049099399599733154,0.052197178362892588,0.0030977787631594339,0,0,0,0,0,1,9.2076541073893112e-06,0.00011489920520188047,0.0072091449828042536,0.0029999298307752365,-3.5998315958300555e-05
122,12,0,0.18915961558968988,0.035781360170039245,1,-1,3,1,1,-1,1,1646,0.013288859239492995,0.061807743071899117,0.048518883832406122,0.0012670046588569555,0.050433622414943292,0.049166617756086335,0.0018848773972907282,0.00068576932429702969,0.0018848773972907282,0.0018459347278121253,0.0029411772969638889,0.0020057523199448813,0.0029645266552448049,0.0610006671114076,0.045960568972237582,0.048925095627482387,0.0029645266552448049,0,0,0,0,0,0.9511747430249633,-0.0065369790381124985,0.0011311032241465234,0.023287239100300824,0,0.020414752663210932
123,1,12,0.18981723086886676,0.036030581134724668,1,1,1,0,1,-1,1,1863,0.010567044696464311,0.062462458501025539,0.051895413804561225,0.00089168442151291269,0.063909272848565707,0.063017588427052795,0.0017359619332669371,0.00095959269554621318,0.0018451191185116958,0.0018167889128045817,0.0029577868114988026,0.0019835276592721184,0.0036738706067969973,0.062458952799537296,0.063909272848565707,0.06023540224176871,-0.0036738706067969973,0,0,0,0,0,0.69125277983691624,-0.00020786338253700402,0.0011256857913461368,0.015211746032485873,0,0.0034386871859090735
123,1,12,0.18981723086886676,0.036030581134724668,1,1,3,1,1,-1,1,1641,0.013395597064709806,0.061783651747592101,0.048388054682882292,0.0012852510073968922,0.050233488992661772,0.048948237985264882,0.0018985822990364293,0.00068797809906228757,0.0018985822990364293,0.0018591831959395982,0.0029584213101191137,0.0020193881773952756,0.0029810854329395536,0.0610006671114076,0.045944010194542834,0.048925095627482387,0.0029810854329395536,0,0,0,0,0,0.95045871559633033,-0.0065481528154313143,0.0011256857913461368,0.038048461369016788,0,0.020454328621102958
123,1,12,0.18981723086886676,0.036030581134724668,1,-1,1,0,1,-1,0,7,0.013600562135073799,0.013715810540360238,0.00011524840528643818,0.0013325088399427493,0.0013615210081990218,2.9012168256272548e-05,0.00078857758577190358,5.8120543443614088e-06,0.00078857758577190358,0.00078707916263510242,0.00079808771752372268,0.00078859900377666341,0.00080256849954631168,0.013662441627751834,0.0013325088399427493,0.002135077339489061,0.00080256849954631168,0,0,0,0,0,0.77777777777777779,-3.4175464343769724e-07,4.0704028233811951e-06,0.0012591800426369427,0,1.4415495060045315e-06
123,1,12,0.18981723086886676,0.036030581134724668,1,-1,1,0,2,-1,0,11,0.013877716132920433,0.014135175940530518,0.00025745980761008452,0.0013951350580100556,0.0014523399216423429,5.7204863632287365e-05,0.00081442159127953018,2.4348189637760984e-05,0.00081442159127953018,0.00080691879598360303,0.00085702713437816171,0.00081478547034229728,0.00086031025153565925,0.014135175940530518,0.0014009339559706471,0.0022612442075063063,0.00086031025153565925,0,0,0,0,0,1,1.5281756467314494e-07,8.8637920136518769e-06,0.0019899895655316694,0.00027454429962173784,-3.0149828981916221e-07
123,1,12,0.18981723086886676,0.036030581134724668,1,-1,1,0,3,-1,1,1734,0.014150806240899469,0.06153672106390326,0.047385914823003791,0.0014585661024759662,0.048631623630880305,0.047173057528404339,0.0020004465449238239,0.00083014622052790727,0.0020004465449238239,0.0019083251540518171,0.0033933024035522432,0.0021658552875375662,0.0048848330969637754,0.05975156139356174,0.03935957304869913,0.044244406145662905,0.0048848330969637754,0,0,0,0,0,0.54340332184268259,-2.5328485876997174e-05,0.0011256857913461368,0.012579096912231691,0,0.00034030931263459498
123,1,12,0.18981723086886676,0.036030581134724668,1,-1,1,0,4,-1,0,11,0.061544697368704611,0.061589515643767051,4.4818275062440127e-05,0.048690394867408338,0.04894657146012555,0.00025617659271721244,0.0030324055087625206,0.00011122088387349671,0.0030324055087625206,0.002980930214211211,0.0031871137959870871,0.0030344444721534919,0.0031879069604137111,0.061589515643767051,0.048699132755170113,0.051887039715583824,0.0031879069604137111,0,0,0,0,0,1,6.2953894228225849e-06,0.00014021638882084894,0.0080614211035286761,0.0024366466479062653,-2.3748987547011357e-05
123,1,12,0.18981723086886676,0.036030581134724668,1,-1,1,0,5,-1,0,9,0.06161095426863851,0.061642360141536477,3.1405872897967424e-05,0.049093193571683978,0.049273134774830418,0.00017994120314644008,0.0029920839102966432,8.1643542243902494e-05,0.0029920839102966432,0.0029587174426061527,0.0030966654565271674,0.0029931975869037083,0.003097194819698057,0.061642360141536477,0.049099399599733154,0.052196594419431211,0.003097194819698057,0,0,0,0,0,1,7.3888843717471202e-06,0.00010646431372572262,0.0068955950277164689,0.0026848739441972238,-2.8834192384916631e-05
123,1,12,0.18981723086886676,0.036030581134724668,1,-1,3,1,1,-1,1,1641,0.013395597064709806,0.061783651747592101,0.048388054682882292,0.0012852510073968922,0.050233488992661772,0.048948237985264882,0.0018985822990364293,0.00068797809906228757,0.0018985822990364293,0.0018591831959395982,0.0029584213101191137,0.0020193881773952756,0.0029810854329395536,0.0610006671114076,0.045944010194542834,0.048925095627482387,0.0029810854329395536,0,0,0,0,0,0.95045871559633033,-0.0065481528154313143,0.0011256857913461368,0.023230517077216562,0,0.020454328621102958
124,12,1,0.18981723086886676,0.036030581134724668,1,1,1,0,1,-1,1,1863,0.010567044696464311,0.062462458501025539,0.051895413804561225,0.00089168442151291269,0.063909272848565707,0.063017588427052795,0.0017359619332669371,0.00095959269554621318,0.0018451191185116958,0.0018167889128045817,0.0029577868114988026,0.0019835276592721184,0.0036738706067969973,0.062458952799537296,0.063909272848565707,0.06023540224176871,-0.0036738706067969973,0,0,0,0,0,0.69125277983691624,-0.00020786338253700402,0.0011256857913461368,0.015211746032485873,0,0.0034386871859090735
124,12,1,0.18981723086886676,0.036030581134724668,1,1,3,1,1,-1,1,1641,0.013395597064709806,0.061783651747592101,0.048388054682882292,0.0012852510073968922,0.050233488992661772,0.048948237985264882,0.0018985822990364293,0.00068797809906228757,0.0018985822990364293,0.0018591831959395982,0.0029584213101191137,0.0020193881773952756,0.0029810854329395536,0.0610006671114076,0.045944010194542834,0.048925095627482387,0.0029810854329395536,0,0,0,0,0,0.95045871559633033,-0.0065481528154313143,0.0011256857913461368,0.038048461369016788,0,0.020454328621102958
124,12,1,0.18981723086886676,0.036030581134724668,1,-1,1,0,1,-1,0,7,0.013600562135073799,0.013715810540360238,0.00011524840528643818,0.0013325088399427493,0.0013615210081990218,2.9012168256272548e-05,0.00078857758577190358,5.8120543443614088e-06,0.00078857758577190358,0.00078707916263510242,0.00079808771752372268,0.00078859900377666341,0.00080256849954631168,0.013662441627751834,0.0013325088399427493,0.002135077339489061,0.00080256849954631168,0,0,0,0,0,0.77777777777777779,-3.4175464343769724e-07,4.0704028233811951e-06,0.0012591800426369427,0,1.4415495060045315e-06
124,12,1,0.18981723086886676,0.036030581134724668,1,-1,1,0,2,-1,0,11,0.013877716132920433,0.014135175940530518,0.00025745980761008452,0.0013951350580100556,0.0014523399216423429,5.7204863632287365e-05,0.00081442159127953018,2.4348189637760984e-05,0.00081442159127953018,0.00080691879598360303,0.00085702713437816171,0.00081478547034229728,0.00086031025153565925,0.014135175940530518,0.0014009339559706471,0.0022612442075063063,0.00086031025153565925,0,0,0,0,0,1,1.5281756467314494e-07,8.8637920136518769e-06,0.0019899895655316694,0.00027454429962173784,-3.0149828981916221e-07
124,12,1,0.18981723086886676,0.036030581134724668,1,-1,1,0,3,-1,1,1734,0.014150806240899469,0.06153672106390326,0.047385914823003791,0.0014585661024759662,0.048631623630880305,0.047173057528404339,0.0020004465449238239,0.00083014622052790727,0.0020004465449238239,0.0019083251540518171,0.0033933024035522432,0.0021658552875375662,0.0048848330969637754,0.05975156139356174,0.03935957304869913,0.044244406145662905,0.0048848330969637754,0,0,0,0,0,0.54340332184268259,-2.5328485876997174e-05,0.0011256857913461368,0.012579096912231691,0,0.00034030931263459498
124,12,1,0.18981723086886676,0.036030581134724668,1,-1,1,0,4,-1,0,11,0.061544697368704611,0.061589515643767051,4.4818275062440127e-05,0.048690394867408338,0.04894657146012555,0.00025617659271721244,0.0030324055087625206,0.00011122088387349671,0.0030324055087625206,0.002980930214211211,0.0031871137959870871,0.0030344444721534919,0.0031879069604137111,0.061589515643767051,0.048699132755170113,0.051887039715583824,0.0031879069604137111,0,0,0,0,0,1,6.2953894228225849e-06,0.00014021638882084894,0.0080614211035286761,0.0024366466479062653,-2.3748987547011357e-05
124,12,1,0.18981723086886676,0.036030581134724668,1,-1,1,0,5,-1,0,9,0.06161095426863851,0.061642360141536477,3.1405872897967424e-05,0.049093193571683978,0.049273134774830418,0.00017994120314644008,0.0029920839102966432,8.1643542243902494e-05,0.0029920839102966432,0.0029587174426061527,0.0030966654565271674,0.0029931975869037083,0.003097194819698057,0.061642360141536477,0.049099399599733154,0.052196594419431211,0.003097194819698057,0,0,0,0,0,1,7.3888843717471202e-06,0.00010646431372572262,0.0068955950277164689,0.0026848739441972238,-2.8834192384916631e-05
124,12,1,0.18981723086886676,0.036030581134724668,1,-1,3,1,1,-1,1,1641,0.013395597064709806,0.061783651747592101,0.048388054682882292,0.0012852510073968922,0.050233488992661772,0.048948237985264882,0.0018985822990364293,0.00068797809906228757,0.0018985822990364293,0.0018591831959395982,0.0029584213101191137,0.0020193881773952756,0.0029810854329395536,0.0610006671114076,0.045944010194542834,0.048925095627482387,0.0029810854329395536,0,0,0,0,0,0.95045871559633033,-0.0065481528154313143,0.0011256857913461368,0.023230517077216562,0,0.020454328621102958
125,8,9,0.18995436929002207,0.036082662412370077,1,1,1,0,1,-1,1,1861,0.010567044696464309,0.062462456555234955,0.051895411858770647,0.00089171903881980579,0.063909272848565707,0.063017553809745899,0.0017401148548280461,0.00095902346476973478,0.0018486426539658369,0.0018209465550146839,0.0029614231472131144,0.0019868884503092214,0.0036737419563702134,0.06245895746539596,0.063909272848565707,0.060235530892195494,-0.0036737419563702134,0,0,0,0,0,0.69051148999258705,-0.00020606536337305318,0.0011245529314432956,0.015196574782739516,0,0.0034341924325370114
125,8,9,0.18995436929002207,0.036082662412370077,1,1,3,1,1,-1,1,1640,0.013448965977318209,0.061784041328525899,0.048335075351207693,0.0012964215021913049,0.050233488992661779,0.048937067490470471,0.0019019394130825383,0.00068837943516544136,0.0019019394130825383,0.0018631526381546349,0.0029614895616666302,0.0020226813337239856,0.0029845458252050067,0.0610006671114076,0.045940549802277381,0.048925095627482387,0.0029845458252050067,0,0,0,0,0,0.95045871559633033,-0.0065504883180056176,0.0011245529314432956,0.038039713745692955,0,0.020462601237012074
125,8,9,0.18995436929002207,0.036082662412370077,1,-1,1,0,1,-1,0,7,0.01360636004423363,0.013715810540360241,0.0001094504961266108,0.0013326751429776347,0.001360138770654423,2.7463627676788289e-05,0.00078930871781266712,5.4231260774508014e-06,0.00078930871781266712,0.00078690284591961292,0.00079838597666268257,0.00078932734800685113,0.00080240219651142629,0.013662441627751834,0.0013326751429776347,0.002135077339489061,0.00080240219651142629,0,0,0,0,0,0.77777777777777779,-3.708393758720019e-07,3.8157059558306008e-06,0.0012264253932448789,0,1.5504960723175649e-06
125,8,9,0.18995436929002207,0.036082662412370077,1,-1,1,0,2,-1,0,11,0.013883447540686803,0.014124518333596542,0.00024107079290973908,0.0013953114003771214,0.001450938430087479,5.5627029710357588e-05,0.00081470872379607606,2.3285697299997584e-05,0.00081470872379607606,0.00080668960776693202,0.00085549835160517076,0.00081504142736929519,0.00085742902835673628,0.014124518333596542,0.0014009339559706471,0.0022583629843273834,0.00085742902835673628,0,0,0,0,0,1,3.4265376308672115e-07,8.5987192472882957e-06,0.0019880840055544404,0.00052668790725211444,-1.1096006065824476e-06
125,8,9,0.18995436929002207,0.036082662412370077,1,-1,1,0,3,-1,1,1735,0.014156452599184795,0.061536693611601287,0.047380241012416488,0.0014587647803775601,0.048628646088999132,0.04716988130862157,0.0020023084390936347,0.00083037931991378374,0.0020023084390936347,0.0019103576094857584,0.003390623981769971,0.0021676643882774073,0.0048842407429829163,0.059751377623232571,0.03935957304869913,0.044243813791682046,0.0048842407429829163,0,0,0,0,0,0.54371670322782828,-2.5610992022705586e-05,0.0011245529314432956,0.012570034275806719,0,0.00033965823096334833
125,8,9,0.18995436929002207,0.036082662412370077,1,-1,1,0,4,-1,0,11,0.061545169080079384,0.061589494789713949,4.4325709634564225e-05,0.048690586434304864,0.048943645447528383,0.00025305901322351942,0.0030336182306493222,0.00010993366452448522,0.0030336182306493222,0.0029807066104392474,0.0031869578588868235,0.0030356094906828358,0.0031877866531097102,0.061589494789713949,0.04869913275517012,0.05188691940827983,0.0031877866531097102,0,0,0,0,0,1,5.9160065472597188e-06,0.00013853569776576494,0.0080015089755906595,0.002359173501273707,-2.2262798436448171e-05
125,8,9,0.18995436929002207,0.036082662412370077,1,-1,1,0,5,-1,0,9,0.061611420142203145,0.061642339713718575,3.0919571515429511e-05,0.049093357826715076,0.049270288864084189,0.00017693103736911298,0.0029932701780622053,8.0352966195072252e-05,0.0029932701780622053,0.0029585390971546346,0.0030965268361370672,0.0029943485031059583,0.003097073289068622,0.061642339713718575,0.049099399599733154,0.052196472888801776,0.003097073289068622,0,0,0,0,0,1,7.0086849981538258e-06,0.00010469154188221517,0.0068271348216694446,0.0026141716934684339,-2.7335574571726482e-05
125,8,9,0.18995436929002207,0.036082662412370077,1,-1,3,1,1,-1,1,1640,0.013448965977318209,0.061784041328525899,0.048335075351207693,0.0012964215021913049,0.050233488992661779,0.048937067490470471,0.0019019394130825383,0.00068837943516544136,0.0019019394130825383,0.0018631526381546349,0.0029614895616666302,0.0020226813337239856,0.0029845458252050067,0.0610006671114076,0.045940549802277381,0.048925095627482387,0.0029845458252050067,0,0,0,0,0,0.95045871559633033,-0.0065504883180056176,0.0011245529314432956,0.023218500133152273,0,0.020462601237012074
126,9,8,0.18995436929002207,0.036082662412370077,1,1,1,0,1,-1,1,1861,0.010567044696464309,0.062462456555234955,0.051895411858770647,0.00089171903881980579,0.063909272848565707,0.063017553809745899,0.0017401148548280461,0.00095902346476973478,0.0018486426539658369,0.0018209465550146839,0.0029614231472131144,0.0019868884503092214,0.0036737419563702134,0.06245895746539596,0.063909272848565707,0.060235530892195494,-0.0036737419563702134,0,0,0,0,0,0.69051148999258705,-0.00020606536337305318,0.0011245529314432956,0.015196574782739516,0,0.0034341924325370114
126,9,8,0.18995436929002207,0.036082662412370077,1,1,3,1,1,-1,1,1640,0.013448965977318209,0.061784041328525899,0.048335075351207693,0.0012964215021913049,0.050233488992661779,0.048937067490470471,0.0019019394130825383,0.00068837943516544136,0.0019019394130825383,0.0018631526381546349,0.0029614895616666302,0.0020226813337239856,0.0029845458252050067,0.0610006671114076,0.045940549802277381,0.048925095627482387,0.0029845458252050067,0,0,0,0,0,0.95045871559633033,-0.0065504883180056176,0.0011245529314432956,0.038039713745692955,0,0.020462601237012074
126,9,8,0.18995436929002207,0.036082662412370077,1,-1,1,0,1,-1,0,7,0.01360636004423363,0.013715810540360241,0.0001094504961266108,0.0013326751429776347,0.001360138770654423,2.7463627676788289e-05,0.00078930871781266712,5.4231260774508014e-06,0.00078930871781266712,0.00078690284591961292,0.00079838597666268257,0.00078932734800685113,0.00080240219651142629,0.013662441627751834,0.0013326751429776347,0.002135077339489061,0.00080240219651142629,0,0,0,0,0,0.77777777777777779,-3.708393758720019e-07,3.8157059558306008e-06,0.0012264253932448789,0,1.5504960723175649e-06
126,9,8,0.18995436929002207,0.036082662412370077,1,-1,1,0,2,-1,0,11,0.013883447540686803,0.014124518333596542,0.00024107079290973908,0.0013953114003771214,0.001450938430087479,5.5627029710357588e-05,0.00081470872379607606,2.3285697299997584e-05,0.00081470872379607606,0.00080668960776693202,0.00085549835160517076,0.00081504142736929519,0.00085742902835673628,0.014124518333596542,0.0014009339559706471,0.0022583629843273834,0.00085742902835673628,0,0,0,0,0,1,3.4265376308672115e-07,8.5987192472882957e-06,0.0019880840055544404,0.00052668790725211444,-1.1096006065824476e-06
126,9,8,0.18995436929002207,0.036082662412370077,1,-1,1,0,3,-1,1,1735,0.014156452599184795,0.061536693611601287,0.047380241012416488,0.0014587647803775601,0.048628646088999132,0.04716988130862157,0.0020023084390936347,0.00083037931991378374,0.0020023084390936347,0.0019103576094857584,0.003390623981769971,0.0021676643882774073,0.0048842407429829163,0.059751377623232571,0.03935957304869913,0.044243813791682046,0.0048842407429829163,0,0,0,0,0,0.54371670322782828,-2.5610992022705586e-05,0.0011245529314432956,0.012570034275806719,0,0.00033965823096334833
126,9,8,0.18995436929002207,0.036082662412370077,1,-1,1,0,4,-1,0,11,0.061545169080079384,0.061589494789713949,4.4325709634564225e-05,0.048690586434304864,0.048943645447528383,0.00025305901322351942,0.0030336182306493222,0.00010993366452448522,0.0030336182306493222,0.0029807066104392474,0.0031869578588868235,0.0030356094906828358,0.0031877866531097102,0.061589494789713949,0.04869913275517012,0.05188691940827983,0.0031877866531097102,0,0,0,0,0,1,5.9160065472597188e-06,0.00013853569776576494,0.0080015089755906595,0.002359173501273707,-2.2262798436448171e-05
126,9,8,0.18995436929002207,0.036082662412370077,1,-1,1,0,5,-1,0,9,0.061611420142203145,0.061642339713718575,3.0919571515429511e-05,0.049093357826715076,0.049270288864084189,0.00017693103736911298,0.0029932701780622053,8.0352966195072252e-05,0.0029932701780622053,0.0029585390971546346,0.0030965268361370672,0.0029943485031059583,0.003097073289068622,0.061642339713718575,0.049099399599733154,0.052196472888801776,0.003097073289068622,0,0,0,0,0,1,7.0086849981538258e-06,0.00010469154188221517,0.0068271348216694446,0.0026141716934684339,-2.7335574571726482e-05
126,9,8,0.18995436929002207,0.036082662412370077,1,-1,3,1,1,-1,1,1640,0.013448965977318209,0.061784041328525899,0.048335075351207693,0.0012964215021913049,0.050233488992661779,0.048937067490470471,0.0019019394130825383,0.00068837943516544136,0.0019019394130825383,0.0018631526381546349,0.0029614895616666302,0.0020226813337239856,0.0029845458252050067,0.0610006671114076,0.045940549802277381,0.048925095627482387,0.0029845458252050067,0,0,0,0,0,0.95045871559633033,-0.0065504883180056176,0.0011245529314432956,0.023218500133152273,0,0.020462601237012074
127,5,11,0.19054677752245691,0.036308074424192691,1,1,1,0,1,-1,1,1859,0.010567044696464309,0.062462448469452321,0.051895403772988014,0.00089184780164673367,0.063842561707805195,0.062950713906158459,0.0017542954150066453,0.00095409919057556697,0.0018590673758553838,0.0018322884085361299,0.0029751074907524446,0.0019969621099485816,0.0036068394227756553,0.062458964406287704,0.063842561707805195,0.06023572228502954,-0.0036068394227756553,0,0,0,0,0,0.6901408450704225,-0.00019874577666000151,0.0011196507934215472,0.015132849803539886,0,0.0034163087931309904
127,5,11,0.19054677752245691,0.036308074424192691,1,1,3,1,1,-1,1,1638,0.013502334889926618,0.061775119822955776,0.04827278493302916,0.0013030603556763727,0.050166777851901267,0.048863717496224895,0.001913626546445239,0.0006910744376061119,0.001913626546445239,0.0018749819501892983,0.0029772027565022762,0.0020345885179987957,0.0029995226847890633,0.0610006671114076,0.045925572942693324,0.048925095627482387,0.0029995226847890633,0,0,0,0,0,0.95007342143906015,-0.0065605969505659429,0.0011196507934215472,0.038013992924716668,0,0.020498409804384065
127,5,11,0.19054677752245691,0.036308074424192691,1,-1,1,0,1,-1,0,11,0.013908253540339671,0.014108088476495688,0.00019983493615601672,0.0013960611664809146,0.0014448726604824179,4.8811494001503282e-05,0.00081669253476847814,2.0195464644182602e-05,0.00081669253476847814,0.00080572849275044583,0.00085290427609500139,0.00081694219693853251,0.00085299064344019769,0.014108088476495688,0.0014009339559706471,0.0022539245994108448,0.00085299064344019769,0,0,0,0,0,1,2.1634179277318769e-07,7.4536514238070115e-06,0.0018870360637909846,0.00041128366388378711,-6.7661700871068783e-07
127,5,11,0.19054677752245691,0.036308074424192691,1,-1,1,0,2,-1,1,1736,0.014180890497756176,0.061536575530896344,0.047355685033140166,0.0014596071715093448,0.048615759045207874,0.047156151873698531,0.0020093166272350665,0.0008292719443974768,0.0020093166272350665,0.0019188618537603428,0.003373787322654075,0.0021737169241297441,0.0048817507710639738,0.059750605067872428,0.03935957304869913,0.044241323819763104,0.0048817507710639738,0,0,0,0,0,0.54403008461297397,-2.3932701176001193e-05,0.0011196507934215472,0.012529487492806518,0,0.00033681524075641445
127,5,11,0.19054677752245691,0.036308074424192691,1,-1,1,0,3,-1,0,11,0.061547210685331671,0.061589404871367479,4.2194186035807157e-05,0.04869135919191863,0.048930981426675513,0.00023962223475688244,0.0030388830233769927,0.00010444820810073548,0.0030388830233769927,0.0029797519444091924,0.0031863121181490463,0.003040677466937976,0.0031872679292479222,0.061589404871367479,0.048699132755170113,0.051886400684418035,0.0031872679292479222,0,0,0,0,0,1,4.273521318348324e-06,0.00013122851364124187,0.0077306733480537069,0.0019890000748265441,-1.5824485190639991e-05
127,5,11,0.19054677752245691,0.036308074424192691,1,-1,1,0,4,-1,0,9,0.061613436480937644,0.061642251629073629,2.8815148135984125e-05,0.049094021541881055,0.04925797153056672,0.00016394998868566463,0.0029984194832199862,7.4869067465659786e-05,0.0029984194832199862,0.0029577737582162991,0.0030959469366304503,0.0029993540595628899,0.003096549266668247,0.061642251629073629,0.049099399599733154,0.052195948866401401,0.003096549266668247,0,0,0,0,0,1,5.3626882825401614e-06,9.6977479514229284e-05,0.0065170855198109379,0.0022827380043435428,-2.0843571185897361e-05
127,5,11,0.19054677752245691,0.036308074424192691,1,-1,3,1,1,-1,1,1638,0.013502334889926618,0.061775119822955776,0.04827278493302916,0.0013030603556763727,0.050166777851901267,0.048863717496224895,0.001913626546445239,0.0006910744376061119,0.001913626546445239,0.0018749819501892983,0.0029772027565022762,0.0020345885179987957,0.0029995226847890633,0.0610006671114076,0.045925572942693324,0.048925095627482387,0.0029995226847890633,0,0,0,0,0,0.95007342143906015,-0.0065605969505659429,0.0011196507934215472,0.023173729837527718,0,0.020498409804384065
128,11,5,0.19054677752245691,0.036308074424192691,1,1,1,0,1,-1,1,1859,0.010567044696464309,0.062462448469452321,0.051895403772988014,0.00089184780164673367,0.063842561707805195,0.062950713906158459,0.0017542954150066453,0.00095409919057556697,0.0018590673758553838,0.0018322884085361299,0.0029751074907524446,0.0019969621099485816,0.0036068394227756553,0.062458964406287704,0.063842561707805195,0.06023572228502954,-0.0036068394227756553,0,0,0,0,0,0.6901408450704225,-0.00019874577666000151,0.0011196507934215472,0.015132849803539886,0,0.0034163087931309904
128,11,5,0.19054677752245691,0.036308074424192691,1,1,3,1,1,-1,1,1638,0.013502334889926618,0.061775119822955776,0.04827278493302916,0.0013030603556763727,0.050166777851901267,0.048863717496224895,0.001913626546445239,0.0006910744376061119,0.001913626546445239,0.0018749819501892983,0.0029772027565022762,0.0020345885179987957,0.0029995226847890633,0.0610006671114076,0.045925572942693324,0.048925095627482387,0.0029995226847890633,0,0,0,0,0,0.95007342143906015,-0.0065605969505659429,0.0011196507934215472,0.038013992924716668,0,0.020498409804384065
128,11,5,0.19054677752245691,0.036308074424192691,1,-1,1,0,1,-1,0,11,0.013908253540339671,0.014108088476495688,0.00019983493615601672,0.0013960611664809146,0.0014448726604824179,4.8811494001503282e-05,0.00081669253476847814,2.0195464644182602e-05,0.00081669253476847814,0.00080572849275044583,0.00085290427609500139,0.00081694219693853251,0.00085299064344019769,0.014108088476495688,0.0014009339559706471,0.0022539245994108448,0.00085299064344019769,0,0,0,0,0,1,2.1634179277318769e-07,7.4536514238070115e-06,0.0018870360637909846,0.00041128366388378711,-6.7661700871068783e-07
128,11,5,0.19054677752245691,0.036308074424192691,1,-1,1,0,2,-1,1,1736,0.014180890497756176,0.061536575530896344,0.047355685033140166,0.0014596071715093448,0.048615759045207874,0.047156151873698531,0.0020093166272350665,0.0008292719443974768,0.0020093166272350665,0.0019188618537603428,0.003373787322654075,0.0021737169241297441,0.0048817507710639738,0.059750605067872428,0.03935957304869913,0.044241323819763104,0.0048817507710639738,0,0,0,0,0,0.54403008461297397,-2.3932701176001193e-05,0.0011196507934215472,0.012529487492806518,0,0.00033681524075641445
128,11,5,0.19054677752245691,0.036308074424192691,1,-1,1,0,3,-1,0,11,0.061547210685331671,0.061589404871367479,4.2194186035807157e-05,0.04869135919191863,0.048930981426675513,0.00023962223475688244,0.0030388830233769927,0.00010444820810073548,0.0030388830233769927,0.0029797519444091924,0.0031863121181490463,0.003040677466937976,0.0031872679292479222,0.061589404871367479,0.048699132755170113,0.051886400684418035,0.0031872679292479222,0,0,0,0,0,1,4.273521318348324e-06,0.00013122851364124187,0.0077306733480537069,0.0019890000748265441,-1.5824485190639991e-05
128,11,5,0.19054677752245691,0.036308074424192691,1,-1,1,0,4,-1,0,9,0.061613436480937644,0.061642251629073629,2.8815148135984125e-05,0.049094021541881055,0.04925797153056672,0.00016394998868566463,0.0029984194832199862,7.4869067465659786e-05,0.0029984194832199862,0.0029577737582162991,0.0030959469366304503,0.0029993540595628899,0.003096549266668247,0.061642251629073629,0.049099399599733154,0.052195948866401401,0.003096549266668247,0,0,0,0,0,1,5.3626882825401614e-06,9.6977479514229284e-05,0.0065170855198109379,0.0022827380043435428,-2.0843571185897361e-05
128,11,5,0.19054677752245691,0.036308074424192691,1,-1,3,1,1,-1,1,1638,0.013502334889926618,0.061775119822955776,0.04827278493302916,0.0013030603556763727,0.050166777851901267,0.048863717496224895,0.001913626546445239,0.0006910744376061119,0.001913626546445239,0.0018749819501892983,0.0029772027565022762,0.0020345885179987957,0.0029995226847890633,0.0610006671114076,0.045925572942693324,0.048925095627482387,0.0029995226847890633,0,0,0,0,0,0.95007342143906015,-0.0065605969505659429,0.0011196507934215472,0.023173729837527718,0,0.020498409804384065
129,2,12,0.19177638519299428,0.036778181917691714,1,1,1,0,1,-1,1,1845,0.010993995997331552,0.062462433308850769,0.051468437311519219,0.00095154995677918821,0.063775850567044698,0.062824300610265504,0.0017825997482302908,0.00095268831368161414,0.0018835633366857563,0.0018564017449081496,0.0030062150435432003,0.0020212067893751527,0.0035394410269807067,0.062458989324856592,0.063775850567044698,0.060236409540063991,-0.0035394410269807067,0,0,0,0,0,0.68483500185391177,-0.0001853882311173804,0.0011094291138639789,0.014999237228998652,0,0.0033854966450428967
129,2,12,0.19177638519299428,0.036778181917691714,1,1,3,1,1,-1,1,1631,0.013684239727858885,0.06175878184163907,0.048074542113780185,0.00133422281521014,0.050033355570380252,0.048699132755170113,0.0019387926006500444,0.00069579939291870428,0.0019387926006500444,0.0019001890002088295,0.0030084791780458781,0.0020598673606621858,0.0030307071672926317,0.0610006671114076,0.045894388460189756,0.048925095627482387,0.0030307071672926317,0,0,0,0,0,0.94932060227690052,-0.006581685944480946,0.0011094291138639789,0.037982176123010136,0,0.020573127735702003
129,2,12,0.19177638519299428,0.036778181917691714,1,-1,1,0,1,-1,0,8,0.013960129309537083,0.014098023839193409,0.00013789452965632526,0.0013987809928490188,0.0014322222088843828,3.3441216035364017e-05,0.00082310935305508477,1.2267410578385409e-05,0.00082310935305508477,0.00081830033480048215,0.00084518126361996025,0.00082320076314897756,0.00085027376496208816,0.014098023839193409,0.0014009339559706471,0.0022512077209327352,0.00085027376496208816,0,0,0,0,0,0.88888888888888884,-5.1666054016526213e-08,5.0770348979575255e-06,0.0014626134445309886,0,3.0186988652754138e-07
129,2,12,0.19177638519299428,0.036778181917691714,1,-1,1,0,2,-1,1,1727,0.014232020892819931,0.061483668873519873,0.047251647980699946,0.0014612789986604437,0.048283709131430104,0.046822430132769662,0.0020273952739677252,0.00083230195595616072,0.0020273952739677252,0.0019376051404725383,0.0033884384269060744,0.0021915880413059196,0.0048769103125385002,0.059749102896960449,0.03935957304869913,0.04423648336123763,0.0048769103125385002,0,0,0,0,0,0.54359458608750388,-2.44651937207937e-05,0.0011094291138639789,0.012467965247336879,0,0.00033083222496058497
129,2,12,0.19177638519299428,0.036778181917691714,1,-1,1,0,3,-1,0,10,0.061487920121814629,0.061536333021703415,4.8412899888786165e-05,0.048298865910607072,0.048588882501201462,0.00029001659059438994,0.0030395012302015722,7.9630474356825245e-05,0.0030395012302015722,0.002997730689477441,0.0031882123572630175,0.0030405441520956682,0.0032191354967118849,0.061536333021703415,0.048365577051367577,0.051584712548079462,0.0032191354967118849,0,0,0,0,0,0.76923076923076927,-2.0766033257308614e-06,0.00014428315199883318,0.0077819270565657782,0,1.0184735888086564e-05
129,2,12,0.19177638519299428,0.036778181917691714,1,-1,1,0,4,-1,0,11,0.061551468550385569,0.061589219092919451,3.7750542533881992e-05,0.048692734854316584,0.048904570007636122,0.00021183515331953812,0.0030499357235149378,9.3517556475281551e-05,0.0030499357235149378,0.0029778260253735603,0.0031850884663682383,0.0030513691108978763,0.003186196288084274,0.061589219092919451,0.048699132755170113,0.051885329043254387,0.003186196288084274,0,0,0,0,0,1,8.4560705675713668e-07,0.00011580998589876135,0.0070665333757375104,0.00076914425597126169,-2.3663315459743429e-06
129,2,12,0.19177638519299428,0.036778181917691714,1,-1,3,1,1,-1,1,1631,0.013684239727858885,0.06175878184163907,0.048074542113780185,0.00133422281521014,0.050033355570380252,0.048699132755170113,0.0019387926006500444,0.00069579939291870428,0.0019387926006500444,0.0019001890002088295,0.0030084791780458781,0.0020598673606621858,0.0030307071672926317,0.0610006671114076,0.045894388460189756,0.048925095627482387,0.0030307071672926317,0,0,0,0,0,0.94932060227690052,-0.006581685944480946,0.0011094291138639789,0.023080037548101767,0,0.020573127735702003
130,12,2,0.19177638519299428,0.036778181917691714,1,1,1,0,1,-1,1,1845,0.010993995997331552,0.062462433308850769,0.051468437311519219,0.00095154995677918821,0.063775850567044698,0.062824300610265504,0.0017825997482302908,0.00095268831368161414,0.0018835633366857563,0.0018564017449081496,0.0030062150435432003,0.0020212067893751527,0.0035394410269807067,0.062458989324856592,0.063775850567044698,0.060236409540063991,-0.0035394410269807067,0,0,0,0,0,0.68483500185391177,-0.0001853882311173804,0.0011094291138639789,0.014999237228998652,0,0.0033854966450428967
130,12,2,0.19177638519299428,0.036778181917691714,1,1,3,1,1,-1,1,1631,0.013684239727858885,0.06175878184163907,0.048074542113780185,0.00133422281521014,0.050033355570380252,0.048699132755170113,0.0019387926006500444,0.00069579939291870428,0.0019387926006500444,0.0019001890002088295,0.0030084791780458781,0.0020598673606621858,0.0030307071672926317,0.0610006671114076,0.045894388460189756,0.048925095627482387,0.0030307071672926317,0,0,0,0,0,0.94932060227690052,-0.006581685944480946,0.0011094291138639789,0.037982176123010136,0,0.020573127735702003
130,12,2,0.19177638519299428,0.036778181917691714,1,-1,1,0,1,-1,0,8,0.013960129309537083,0.014098023839193409,0.00013789452965632526,0.0013987809928490188,0.0014322222088843828,3.3441216035364017e-05,0.00082310935305508477,1.2267410578385409e-05,0.00082310935305508477,0.00081830033480048215,0.00084518126361996025,0.00082320076314897756,0.00085027376496208816,0.014098023839193409,0.0014009339559706471,0.0022512077209327352,0.00085027376496208816,0,0,0,0,0,0.88888888888888884,-5.1666054016526213e-08,5.0770348979575255e-06,0.0014626134445309886,0,3.0186988652754138e-07
130,12,2,0.19177638519299428,0.036778181917691714,1,-1,1,0,2,-1,1,1727,0.014232020892819931,0.061483668873519873,0.047251647980699946,0.0014612789986604437,0.048283709131430104,0.046822430132769662,0.0020273952739677252,0.00083230195595616072,0.0020273952739677252,0.0019376051404725383,0.0033884384269060744,0.0021915880413059196,0.0048769103125385002,0.059749102896960449,0.03935957304869913,0.04423648336123763,0.0048769103125385002,0,0,0,0,0,0.54359458608750388,-2.44651937207937e-05,0.0011094291138639789,0.012467965247336879,0,0.00033083222496058497
130,12,2,0.19177638519299428,0.036778181917691714,1,-1,1,0,3,-1,0,10,0.061487920121814629,0.061536333021703415,4.8412899888786165e-05,0.048298865910607072,0.048588882501201462,0.00029001659059438994,0.0030395012302015722,7.9630474356825245e-05,0.0030395012302015722,0.002997730689477441,0.0031882123572630175,0.0030405441520956682,0.0032191354967118849,0.061536333021703415,0.048365577051367577,0.051584712548079462,0.0032191354967118849,0,0,0,0,0,0.76923076923076927,-2.0766033257308614e-06,0.00014428315199883318,0.0077819270565657782,0,1.0184735888086564e-05
130,12,2,0.19177638519299428,0.036778181917691714,1,-1,1,0,4,-1,0,11,0.061551468550385569,0.061589219092919451,3.7750542533881992e-05,0.048692734854316584,0.048904570007636122,0.00021183515331953812,0.0030499357235149378,9.3517556475281551e-05,0.0030499357235149378,0.0029778260253735603,0.0031850884663682383,0.0030513691108978763,0.003186196288084274,0.061589219092919451,0.048699132755170113,0.051885329043254387,0.003186196288084274,0,0,0,0,0,1,8.4560705675713668e-07,0.00011580998589876135,0.0070665333757375104,0.00076914425597126169,-2.3663315459743429e-06
130,12,2,0.19177638519299428,0.036778181917691714,1,-1,3,1,1,-1,1,1631,0.013684239727858885,0.06175878184163907,0.048074542113780185,0.00133422281521014,0.050033355570380252,0.048699132755170113,0.0019387926006500444,0.00069579939291870428,0.0019387926006500444,0.0019001890002088295,0.0030084791780458781,0.0020598673606621858,0.0030307071672926317,0.0610006671114076,0.045894388460189756,0.048925095627482387,0.0030307071672926317,0,0,0,0,0,0.94932060227690052,-0.006581685944480946,0.0011094291138639789,0.023080037548101767,0,0.020573127735702003
131,7,10,0.19253714892242732,0.037070553715176952,1,1,1,0,1,-1,1,1845,0.010993995997331554,0.062462424995620408,0.051468428998288851,0.00095243069804873881,0.063709139426284186,0.062756708728235452,0.0017985153284535676,0.00094858205166480471,0.0018950913269867448,0.0018703780393495781,0.0030255372364526882,0.0020333384606166906,0.0034725744026675581,0.062458994961345132,0.063709139426284186,0.060236565023616628,-0.0034725744026675581,0,0,0,0,0,0.68520578420467182,-0.00017806676124112038,0.001103081227691107,0.014913923613804659,0,0.0033696905626630228
131,7,10,0.19253714892242732,0.037070553715176952,1,1,3,1,1,-1,1,1625,0.01382254836557705,0.06173358445411084,0.047911036088533789,0.0013593400086048164,0.049833222148098738,0.048473882139493919,0.0019541398431647278,0.00069829124865658011,0.0019541398431647278,0.001915213244588411,0.0030271447521951168,0.0020751561855904322,0.0030499191962525887,0.060947298198799196,0.045639725529724492,0.048689644725977081,0.0030499191962525887,0,0,0,0,0,0.94856722997795739,-0.0065948055301843786,0.001103081227691107,0.03794434523122512,0,0.020619619109368895
131,7,10,0.19253714892242732,0.037070553715176952,1,-1,1,0,1,-1,0,11,0.014263928674767945,0.014486249279319598,0.00022232060455165334,0.0014622660142898775,0.0015169601319806355,5.4694117690758061e-05,0.00084946484208929876,2.2504961296903529e-05,0.00084946484208929876,0.00084062716596610483,0.00088894523599593745,0.00084976290294927113,0.00088946187002186166,0.014486249279319598,0.001467645096731154,0.0023571069667530156,0.00088946187002186166,0,0,0,0,0,1,2.6333746308914739e-07,8.4800020346837653e-06,0.0019859272048333276,0.00045359664233423524,-8.2299965574756853e-07
131,7,10,0.19253714892242732,0.037070553715176952,1,-1,1,0,2,-1,1,1716,0.014531497011469857,0.061483524718294248,0.046952027706824391,0.0015257557769619878,0.048266827624174787,0.046741071847212802,0.0020473562125422349,0.00082974461024914103,0.0020473562125422349,0.0019597188330195588,0.0033795269331604837,0.0022091047008398639,0.0048741139626211558,0.05974823488419978,0.03935957304869913,0.044233687011320286,0.0048741139626211558,0,0,0,0,0,0.54252292127726842,-2.2326419161983273e-05,0.001103081227691107,0.012459223108433042,0,0.0003272087772646655
131,7,10,0.19253714892242732,0.037070553715176952,1,-1,1,0,3,-1,0,11,0.061496954678626224,0.061536184681144725,3.9230002518500506e-05,0.048344283412692993,0.048572167295445313,0.0002278838827523208,0.0030830650976344798,9.8040608380122433e-05,0.0030830650976344798,0.0030084875920618689,0.0032293596814893522,0.003084623535724165,0.0032293596814893522,0.06153435623749165,0.048344283412692993,0.051573643094182345,0.0032293596814893522,0,0,0,0,0,1,1.8967141202032143e-05,0.00013469349648690209,0.008673688756105807,0.004323575572714118,-7.4773222931880852e-05
131,7,10,0.19253714892242732,0.037070553715176952,1,-1,1,0,4,-1,0,8,0.06155411662487166,0.061588829990797428,3.471336592576757e-05,0.048693468107842801,0.048888597733674648,0.0001951296258318469,0.0030591866739030906,8.365474745704844e-05,0.0030591866739030906,0.0030178245462412143,0.0031832473911259998,0.0030603302473031168,0.0031832473911259998,0.061587725150100067,0.048693468107842801,0.051876715498968801,0.0031832473911259998,0,0,0,0,0,0.88888888888888884,-1.28786769004352e-06,0.00010609252907529047,0.0059776152265244801,0,6.024210376366768e-06
131,7,10,0.19253714892242732,0.037070553715176952,1,-1,3,1,1,-1,1,1625,0.01382254836557705,0.06173358445411084,0.047911036088533789,0.0013593400086048164,0.049833222148098738,0.048473882139493919,0.0019541398431647278,0.00069829124865658011,0.0019541398431647278,0.001915213244588411,0.0030271447521951168,0.0020751561855904322,0.0030499191962525887,0.060947298198799196,0.045639725529724492,0.048689644725977081,0.0030499191962525887,0,0,0,0,0,0.94856722997795739,-0.0065948055301843786,0.001103081227691107,0.023018965867857222,0,0.020619619109368895
132,10,7,0.19253714892242732,0.037070553715176952,1,1,1,0,1,-1,1,1845,0.010993995997331554,0.062462424995620408,0.051468428998288851,0.00095243069804873881,0.063709139426284186,0.062756708728235452,0.0017985153284535676,0.00094858205166480471,0.0018950913269867448,0.0018703780393495781,0.0030255372364526882,0.0020333384606166906,0.0034725744026675581,0.062458994961345132,0.063709139426284186,0.060236565023616628,-0.0034725744026675581,0,0,0,0,0,0.68520578420467182,-0.00017806676124112038,0.001103081227691107,0.014913923613804659,0,0.0033696905626630228
132,10,7,0.19253714892242732,0.037070553715176952,1,1,3,1,1,-1,1,1625,0.01382254836557705,0.06173358445411084,0.047911036088533789,0.0013593400086048164,0.049833222148098738,0.048473882139493919,0.0019541398431647278,0.00069829124865658011,0.0019541398431647278,0.001915213244588411,0.0030271447521951168,0.0020751561855904322,0.0030499191962525887,0.060947298198799196,0.045639725529724492,0.048689644725977081,0.0030499191962525887,0,0,0,0,0,0.94856722997795739,-0.0065948055301843786,0.001103081227691107,0.03794434523122512,0,0.020619619109368895
132,10,7,0.19253714892242732,0.037070553715176952,1,-1,1,0,1,-1,0,11,0.014263928674767945,0.014486249279319598,0.00022232060455165334,0.0014622660142898775,0.0015169601319806355,5.4694117690758061e-05,0.00084946484208929876,2.2504961296903529e-05,0.00084946484208929876,0.00084062716596610483,0.00088894523599593745,0.00084976290294927113,0.00088946187002186166,0.014486249279319598,0.001467645096731154,0.0023571069667530156,0.00088946187002186166,0,0,0,0,0,1,2.6333746308914739e-07,8.4800020346837653e-06,0.0019859272048333276,0.00045359664233423524,-8.2299965574756853e-07
132,10,7,0.19253714892242732,0.037070553715176952,1,-1,1,0,2,-1,1,1716,0.014531497011469857,0.061483524718294248,0.046952027706824391,0.0015257557769619878,0.048266827624174787,0.046741071847212802,0.0020473562125422349,0.00082974461024914103,0.0020473562125422349,0.0019597188330195588,0.0033795269331604837,0.0022091047008398639,0.0048741139626211558,0.05974823488419978,0.03935957304869913,0.044233687011320286,0.0048741139626211558,0,0,0,0,0,0.54252292127726842,-2.2326419161983273e-05,0.001103081227691107,0.012459223108433042,0,0.0003272087772646655
132,10,7,0.19253714892242732,0.037070553715176952,1,-1,1,0,3,-1,0,11,0.061496954678626224,0.061536184681144725,3.9230002518500506e-05,0.048344283412692993,0.048572167295445313,0.0002278838827523208,0.0030830650976344798,9.8040608380122433e-05,0.0030830650976344798,0.0030084875920618689,0.0032293596814893522,0.003084623535724165,0.0032293596814893522,0.06153435623749165,0.048344283412692993,0.051573643094182345,0.0032293596814893522,0,0,0,0,0,1,1.8967141202032143e-05,0.00013469349648690209,0.008673688756105807,0.004323575572714118,-7.4773222931880852e-05
132,10,7,0.19253714892242732,0.037070553715176952,1,-1,1,0,4,-1,0,8,0.06155411662487166,0.061588829990797428,3.471336592576757e-05,0.048693468107842801,0.048888597733674648,0.0001951296258318469,0.0030591866739030906,8.365474745704844e-05,0.0030591866739030906,0.0030178245462412143,0.0031832473911259998,0.0030603302473031168,0.0031832473911259998,0.061587725150100067,0.048693468107842801,0.051876715498968801,0.0031832473911259998,0,0,0,0,0,0.88888888888888884,-1.28786769004352e-06,0.00010609252907529047,0.0059776152265244801,0,6.024210376366768e-06
132,10,7,0.19253714892242732,0.037070553715176952,1,-1,3,1,1,-1,1,1625,0.01382254836557705,0.06173358445411084,0.047911036088533789,0.0013593400086048164,0.049833222148098738,0.048473882139493919,0.0019541398431647278,0.00069829124865658011,0.0019541398431647278,0.001915213244588411,0.0030271447521951168,0.0020751561855904322,0.0030499191962525887,0.060947298198799196,0.045639725529724492,0.048689644725977081,0.0030499191962525887,0,0,0,0,0,0.94856722997795739,-0.0065948055301843786,0.001103081227691107,0.023018965867857222,0,0.020619619109368895
133,3,12,0.1949973748570786,0.038023976201152034,1,1,1,0,1,-1,1,1826,0.0114209472981988,0.062462403440025897,0.051041456141827098,0.0010131131436955333,0.062908605737158105,0.061895492593462574,0.0018817612804904107,0.00087417868704119019,0.0019368026116545704,0.0019143829341913086,0.0030849241372625166,0.0020749009358593407,0.0031123109392366538,0.060947298198799196,0.045577333786740427,0.048689644725977081,0.0031123109392366538,0,0,0,0,0,0.67804154302670627,-0.00015779741407943182,0.0010823980831608929,0.014651422022837524,0,0.0033304592780179316
133,3,12,0.1949973748570786,0.038023976201152034,1,1,3,1,1,-1,1,1610,0.014196130753835891,0.06168056240194985,0.047484431648113959,0.0014246242684405703,0.04943295530353569,0.048008331035095123,0.0020045772641422164,0.00070729576358589757,0.0020045772641422164,0.0019668704293731576,0.0030902725533556545,0.0021256992508589855,0.0031123109392366538,0.060947298198799196,0.045577333786740427,0.048689644725977081,0.0031123109392366538,0,0,0,0,0,0.94518027961736573,-0.0066376161284457981,0.0010823980831608929,0.037905823136845158,0,0.020771371364635888
133,3,12,0.1949973748570786,0.038023976201152034,1,-1,1,0,1,-1,0,10,0.014634708884427692,0.014851961080199722,0.00021725219577202991,0.0015300683956316543,0.0015853821014110328,5.5313705779378494e-05,0.00088141090906984599,1.9916819072463737e-05,0.00088141090906984599,0.00087310638603468633,0.00091782323142519987,0.0008816359057509498,0.00092457993776129182,0.014851961080199722,0.0015343562374916611,0.0024589361752529529,0.00092457993776129182,0,0,0,0,0,0.90909090909090906,-5.8048889519387805e-08,8.5057691933429352e-06,0.0019090939203747831,0,4.6975643981925735e-07
133,3,12,0.1949973748570786,0.038023976201152034,1,-1,1,0,2,-1,1,1688,0.01489717197834509,0.061377411312465241,0.046480239334120155,0.0015933236723116979,0.04762744781397673,0.04603412414166503,0.0020855962266198677,0.00083083934403039151,0.0020855962266198677,0.0019984192538519512,0.0034084563755374872,0.0022449956873187718,0.0048357428516629178,0.059798202778689288,0.03955970647098065,0.044395449322643568,0.0048357428516629178,0,0,0,0,0,0.54050592379122642,-2.4787937681368249e-05,0.0010823980831608929,0.01236462816444979,0,0.00031537654638148072
133,3,12,0.1949973748570786,0.038023976201152034,1,-1,1,0,3,-1,0,13,0.061374978355462351,0.061430200082032559,5.5221726570207907e-05,0.047615886075244931,0.047915471742772997,0.00029958566752806559,0.0031845606547993505,0.00012538077825662098,0.0031845606547993505,0.0030962161024039939,0.0033765296144165,0.0031870279107112168,0.0033765296144165,0.061427618412274856,0.047615886075244931,0.050992415689661431,0.0033765296144165,0,0,0,0,0,1,1.5866234436732658e-05,0.00016271969996849397,0.0094267153870676041,0.0039245595422644193,-6.1608670403114841e-05
133,3,12,0.1949973748570786,0.038023976201152034,1,-1,1,0,4,-1,0,11,0.061435765785159115,0.061483065699591936,4.7299914432821777e-05,0.04795710685208094,0.048212492325567249,0.00025538547348630952,0.0031690658619561857,0.00011082222383541702,0.0031690658619561857,0.0031172138729411852,0.003323546239599344,0.0031710029963265456,0.0033251043229188815,0.061483065699591936,0.047965310206804536,0.051290414529723417,0.0033251043229188815,0,0,0,0,0,1,2.708994591764638e-06,0.00013577263129697538,0.0077483179576459246,0.0015312220340862493,-9.3785636706849219e-06
133,3,12,0.1949973748570786,0.038023976201152034,1,-1,1,0,5,-1,0,9,0.061506050426708259,0.061535713498220221,2.9663071511962236e-05,0.048357958644812099,0.048519454373970573,0.00016149572915847427,0.0031197563524526517,7.3435489112205833e-05,0.0031197563524526517,0.0030759976061709715,0.0032156844493702388,0.0031206205263905164,0.0032156844493702388,0.061534356237491657,0.048357958644812099,0.051573643094182338,0.0032156844493702388,0,0,0,0,0,1,1.598495147532773e-05,0.00010274806681558261,0.0073432663232295059,0.0039803986647992074,-6.337429412294126e-05
133,3,12,0.1949973748570786,0.038023976201152034,1,-1,3,1,1,-1,1,1610,0.014196130753835891,0.06168056240194985,0.047484431648113959,0.0014246242684405703,0.04943295530353569,0.048008331035095123,0.0020045772641422164,0.00070729576358589757,0.0020045772641422164,0.0019668704293731576,0.0030902725533556545,0.0021256992508589855,0.0031123109392366538,0.060947298198799196,0.045577333786740427,0.048689644725977081,0.0031123109392366538,0,0,0,0,0,0.94518027961736573,-0.0066376161284457981,0.0010823980831608929,0.022845087989821586,0,0.020771371364635888
134,12,3,0.1949973748570786,0.038023976201152034,1,1,1,0,1,-1,1,1826,0.0114209472981988,0.062462403440025897,0.051041456141827098,0.0010131131436955333,0.062908605737158105,0.061895492593462574,0.0018817612804904107,0.00087417868704119019,0.0019368026116545704,0.0019143829341913086,0.0030849241372625166,0.0020749009358593407,0.0031123109392366538,0.060947298198799196,0.045577333786740427,0.048689644725977081,0.0031123109392366538,0,0,0,0,0,0.67804154302670627,-0.00015779741407943182,0.0010823980831608929,0.014651422022837524,0,0.0033304592780179316
134,12,3,0.1949973748570786,0.038023976201152034,1,1,3,1,1,-1,1,1610,0.014196130753835891,0.06168056240194985,0.047484431648113959,0.0014246242684405703,0.04943295530353569,0.048008331035095123,0.0020045772641422164,0.00070729576358589757,0.0020045772641422164,0.0019668704293731576,0.0030902725533556545,0.0021256992508589855,0.0031123109392366538,0.060947298198799196,0.045577333786740427,0.048689644725977081,0.0031123109392366538,0,0,0,0,0,0.94518027961736573,-0.0066376161284457981,0.0010823980831608929,0.037905823136845158,0,0.020771371364635888
134,12,3,0.1949973748570786,0.038023976201152034,1,-1,1,0,1,-1,0,10,0.014634708884427692,0.014851961080199722,0.00021725219577202991,0.0015300683956316543,0.0015853821014110328,5.5313705779378494e-05,0.00088141090906984599,1.9916819072463737e-05,0.00088141090906984599,0.00087310638603468633,0.00091782323142519987,0.0008816359057509498,0.00092457993776129182,0.014851961080199722,0.0015343562374916611,0.0024589361752529529,0.00092457993776129182,0,0,0,0,0,0.90909090909090906,-5.8048889519387805e-08,8.5057691933429352e-06,0.0019090939203747831,0,4.6975643981925735e-07
134,12,3,0.1949973748570786,0.038023976201152034,1,-1,1,0,2,-1,1,1688,0.01489717197834509,0.061377411312465241,0.046480239334120155,0.0015933236723116979,0.04762744781397673,0.04603412414166503,0.0020855962266198677,0.00083083934403039151,0.0020855962266198677,0.0019984192538519512,0.0034084563755374872,0.0022449956873187718,0.0048357428516629178,0.059798202778689288,0.03955970647098065,0.044395449322643568,0.0048357428516629178,0,0,0,0,0,0.54050592379122642,-2.4787937681368249e-05,0.0010823980831608929,0.01236462816444979,0,0.00031537654638148072
134,12,3,0.1949973748570786,0.038023976201152034,1,-1,1,0,3,-1,0,13,0.061374978355462351,0.061430200082032559,5.5221726570207907e-05,0.047615886075244931,0.047915471742772997,0.00029958566752806559,0.0031845606547993505,0.00012538077825662098,0.0031845606547993505,0.0030962161024039939,0.0033765296144165,0.0031870279107112168,0.0033765296144165,0.061427618412274856,0.047615886075244931,0.050992415689661431,0.0033765296144165,0,0,0,0,0,1,1.5866234436732658e-05,0.00016271969996849397,0.0094267153870676041,0.0039245595422644193,-6.1608670403114841e-05
134,12,3,0.1949973748570786,0.038023976201152034,1,-1,1,0,4,-1,0,11,0.061435765785159115,0.061483065699591936,4.7299914432821777e-05,0.04795710685208094,0.048212492325567249,0.00025538547348630952,0.0031690658619561857,0.00011082222383541702,0.0031690658619561857,0.0031172138729411852,0.003323546239599344,0.0031710029963265456,0.0033251043229188815,0.061483065699591936,0.047965310206804536,0.051290414529723417,0.0033251043229188815,0,0,0,0,0,1,2.708994591764638e-06,0.00013577263129697538,0.0077483179576459246,0.0015312220340862493,-9.3785636706849219e-06
134,12,3,0.1949973748570786,0.038023976201152034,1,-1,1,0,5,-1,0,9,0.061506050426708259,0.061535713498220221,2.9663071511962236e-05,0.048357958644812099,0.048519454373970573,0.00016149572915847427,0.0031197563524526517,7.3435489112205833e-05,0.0031197563524526517,0.0030759976061709715,0.0032156844493702388,0.0031206205263905164,0.0032156844493702388,0.061534356237491657,0.048357958644812099,0.051573643094182338,0.0032156844493702388,0,0,0,0,0,1,1.598495147532773e-05,0.00010274806681558261,0.0073432663232295059,0.0039803986647992074,-6.337429412294126e-05
134,12,3,0.1949973748570786,0.038023976201152034,1,-1,3,1,1,-1,1,1610,0.014196130753835891,0.06168056240194985,0.047484431648113959,0.0014246242684405703,0.04943295530353569,0.048008331035095123,0.0020045772641422164,0.00070729576358589757,0.0020045772641422164,0.0019668704293731576,0.0030902725533556545,0.0021256992508589855,0.0031123109392366538,0.060947298198799196,0.045577333786740427,0.048689644725977081,0.0031123109392366538,0,0,0,0,0,0.94518027961736573,-0.0066376161284457981,0.0010823980831608929,0.022845087989821586,0,0.020771371364635888
135,6,11,0.19760083531596523,0.039046090117567211,1,1,1,0,1,-1,1,1786,0.011901267511674449,0.062430792839420712,0.050529525327746266,0.0010894992257742472,0.059973315543695796,0.058883816317921549,0.0019884662173459975,0.00076985080284795737,0.0019927422569413246,0.0019729353420022636,0.003152160331318845,0.0021322917615026193,0.0031786044745353986,0.060893929286190793,0.045279802156504539,0.048458406631039938,0.0031786044745353986,0,0,0,0,0,0.66369710467706011,-0.00014024475890792238,0.0010602666144206979,0.014378644023481716,0,0.0033027211970637692
135,6,11,0.19760083531596523,0.039046090117567211,1,1,3,1,1,-1,1,1594,0.014623082054703135,0.061625876545875091,0.047002794491171958,0.0015028738733247225,0.049032688458972649,0.04752981458564793,0.0020592838298975871,0.00071644260136022482,0.0020592838298975871,0.002022282995272049,0.0031571055930881241,0.0021803531578901345,0.0031786044745353986,0.060893929286190793,0.045279802156504539,0.048458406631039938,0.0031786044745353986,0,0,0,0,0,0.94366715758468334,-0.0066835514298080202,0.0010602666144206979,0.037791035571433512,0,0.020934279302775138
135,6,11,0.19760083531596523,0.039046090117567211,1,-1,1,0,1,-1,0,9,0.015007326623741249,0.015210140093395597,0.000202813469654348,0.0015969419248530422,0.0016533555071592322,5.6413582306189978e-05,0.0009148340827597177,1.4817673516131173e-05,0.0009148340827597177,0.00090726670827001718,0.00094183585600881182,0.00091495407667666279,0.00094840612540516103,0.01515677118078719,0.0015969419248530422,0.0025453480502582032,0.00094840612540516103,0,0,0,0,0,0.81818181818181823,-6.9713499212275916e-07,8.1213083311784287e-06,0.0017605317273995285,0,3.0280491124624172e-06
135,6,11,0.19760083531596523,0.039046090117567211,1,-1,1,0,2,-1,1,1680,0.015264841127078464,0.06132404895097459,0.046059207823896123,0.0016603477375244776,0.047287623066187119,0.045627275328662641,0.0021434397811798873,0.0008408246117192589,0.0021434397811798873,0.002057533995336534,0.0035079640171147312,0.0023024595812342341,0.0049841576420872474,0.059485965063374807,0.038425617078052032,0.04340977472013928,0.0049841576420872474,0,0,0,0,0,0.54281098546042006,-2.3054671337260837e-05,0.0010602666144206979,0.012258880438721181,0,0.00030299066380245289
135,6,11,0.19760083531596523,0.039046090117567211,1,-1,1,0,3,-1,0,13,0.061322725768339574,0.061376820750200088,5.4094981860514091e-05,0.04728181821092417,0.047568241942494476,0.00028642373157030526,0.0032446783295726712,0.00012028599078860238,0.0032446783295726712,0.0031515482315964058,0.0034312118502564382,0.0032469071717526046,0.0034312118502564382,0.061374249499666439,0.04728181821092417,0.050713030061180608,0.0034312118502564382,0,0,0,0,0,1,1.6960116195855248e-05,0.00015693474569969287,0.009352812011396823,0.0040665956152378564,-6.6148799591487034e-05
135,6,11,0.19760083531596523,0.039046090117567211,1,-1,1,0,4,-1,0,11,0.061384998243670816,0.061429663491669485,4.4665247998669499e-05,0.047622917541240546,0.047857643369039499,0.00023472582779895251,0.0032253316502951308,0.00010213203882042136,0.0032253316502951308,0.0031626190768042836,0.0033705034802505827,0.0032269482809225694,0.0033715088120803566,0.061429663491669485,0.047631754503002,0.051003263315082356,0.0033715088120803566,0,0,0,0,0,1,8.7718320455716402e-06,0.00013028827131805607,0.0080331516572375774,0.0029100501466774909,-3.3873567424710739e-05
135,6,11,0.19760083531596523,0.039046090117567211,1,-1,1,0,5,-1,0,6,0.061445452391514874,0.061482186839141396,3.6734447626522726e-05,0.047965310206804543,0.048155936483346248,0.0001906262765417055,0.0031537291461832206,5.0191673003171063e-05,0.0031537291461832206,0.0031226117999427899,0.0032361651689796819,0.0031541285217194944,0.0032536051579289821,0.061482186839141396,0.04803202134756504,0.051285626505494022,0.0032536051579289821,0,0,0,0,0,0.66666666666666663,-4.5253186491367042e-06,0.00010258650732316737,0.0056817770111904538,0,1.8999373102205336e-05
135,6,11,0.19760083531596523,0.039046090117567211,1,-1,3,1,1,-1,1,1594,0.014623082054703135,0.061625876545875091,0.047002794491171958,0.0015028738733247225,0.049032688458972649,0.04752981458564793,0.0020592838298975871,0.00071644260136022482,0.0020592838298975871,0.002022282995272049,0.0031571055930881241,0.0021803531578901345,0.0031786044745353986,0.060893929286190793,0.045279802156504539,0.048458406631039938,0.0031786044745353986,0,0,0,0,0,0.94366715758468334,-0.0066835514298080202,0.0010602666144206979,0.022628368012031705,0,0.020934279302775138
136,11,6,0.19760083531596523,0.039046090117567211,1,1,1,0,1,-1,1,1786,0.011901267511674449,0.062430792839420712,0.050529525327746266,0.0010894992257742472,0.059973315543695796,0.058883816317921549,0.0019884662173459975,0.00076985080284795737,0.0019927422569413246,0.0019729353420022636,0.003152160331318845,0.0021322917615026193,0.0031786044745353986,0.060893929286190793,0.045279802156504539,0.048458406631039938,0.0031786044745353986,0,0,0,0,0,0.66369710467706011,-0.00014024475890792238,0.0010602666144206979,0.014378644023481716,0,0.0033027211970637692
136,11,6,0.19760083531596523,0.039046090117567211,1,1,3,1,1,-1,1,1594,0.014623082054703135,0.061625876545875091,0.047002794491171958,0.0015028738733247225,0.049032688458972649,0.04752981458564793,0.0020592838298975871,0.00071644260136022482,0.0020592838298975871,0.002022282995272049,0.0031571055930881241,0.0021803531578901345,0.0031786044745353986,0.060893929286190793,0.045279802156504539,0.048458406631039938,0.0031786044745353986,0,0,0,0,0,0.94366715758468334,-0.0066835514298080202,0.0010602666144206979,0.037791035571433512,0,0.020934279302775138
136,11,6,0.19760083531596523,0.039046090117567211,1,-1,1,0,1,-1,0,9,0.015007326623741249,0.015210140093395597,0.000202813469654348,0.0015969419248530422,0.0016533555071592322,5.6413582306189978e-05,0.0009148340827597177,1.4817673516131173e-05,0.0009148340827597177,0.00090726670827001718,0.00094183585600881182,0.00091495407667666279,0.00094840612540516103,0.01515677118078719,0.0015969419248530422,0.0025453480502582032,0.00094840612540516103,0,0,0,0,0,0.81818181818181823,-6.9713499212275916e-07,8.1213083311784287e-06,0.0017605317273995285,0,3.0280491124624172e-06
136,11,6,0.19760083531596523,0.039046090117567211,1,-1,1,0,2,-1,1,1680,0.015264841127078464,0.06132404895097459,0.046059207823896123,0.0016603477375244776,0.047287623066187119,0.045627275328662641,0.0021434397811798873,0.0008408246117192589,0.0021434397811798873,0.002057533995336534,0.0035079640171147312,0.0023024595812342341,0.0049841576420872474,0.059485965063374807,0.038425617078052032,0.04340977472013928,0.0049841576420872474,0,0,0,0,0,0.54281098546042006,-2.3054671337260837e-05,0.0010602666144206979,0.012258880438721181,0,0.00030299066380245289
136,11,6,0.19760083531596523,0.039046090117567211,1,-1,1,0,3,-1,0,13,0.061322725768339574,0.061376820750200088,5.4094981860514091e-05,0.04728181821092417,0.047568241942494476,0.00028642373157030526,0.0032446783295726712,0.00012028599078860238,0.0032446783295726712,0.0031515482315964058,0.0034312118502564382,0.0032469071717526046,0.0034312118502564382,0.061374249499666439,0.04728181821092417,0.050713030061180608,0.0034312118502564382,0,0,0,0,0,1,1.6960116195855248e-05,0.00015693474569969287,0.009352812011396823,0.0040665956152378564,-6.6148799591487034e-05
136,11,6,0.19760083531596523,0.039046090117567211,1,-1,1,0,4,-1,0,11,0.061384998243670816,0.061429663491669485,4.4665247998669499e-05,0.047622917541240546,0.047857643369039499,0.00023472582779895251,0.0032253316502951308,0.00010213203882042136,0.0032253316502951308,0.0031626190768042836,0.0033705034802505827,0.0032269482809225694,0.0033715088120803566,0.061429663491669485,0.047631754503002,0.051003263315082356,0.0033715088120803566,0,0,0,0,0,1,8.7718320455716402e-06,0.00013028827131805607,0.0080331516572375774,0.0029100501466774909,-3.3873567424710739e-05
136,11,6,0.19760083531596523,0.039046090117567211,1,-1,1,0,5,-1,0,6,0.061445452391514874,0.061482186839141396,3.6734447626522726e-05,0.047965310206804543,0.048155936483346248,0.0001906262765417055,0.0031537291461832206,5.0191673003171063e-05,0.0031537291461832206,0.0031226117999427899,0.0032361651689796819,0.0031541285217194944,0.0032536051579289821,0.061482186839141396,0.04803202134756504,0.051285626505494022,0.0032536051579289821,0,0,0,0,0,0.66666666666666663,-4.5253186491367042e-06,0.00010258650732316737,0.0056817770111904538,0,1.8999373102205336e-05
136,11,6,0.19760083531596523,0.039046090117567211,1,-1,3,1,1,-1,1,1594,0.014623082054703135,0.061625876545875091,0.047002794491171958,0.0015028738733247225,0.049032688458972649,0.04752981458564793,0.0020592838298975871,0.00071644260136022482,0.0020592838298975871,0.002022282995272049,0.0031571055930881241,0.0021803531578901345,0.0031786044745353986,0.060893929286190793,0.045279802156504539,0.048458406631039938,0.0031786044745353986,0,0,0,0,0,0.94366715758468334,-0.0066835514298080202,0.0010602666144206979,0.022628368012031705,0,0.020934279302775138
137,4,12,0.19941828779490742,0.039767653507052518,1,1,1,0,1,-1,1,1773,0.011901267511674449,0.062432029466723105,0.050530761955048659,0.0010907880015855148,0.0600400266844563,0.058949238682870789,0.0020236203553593004,0.00077938717795924184,0.0020286545843407303,0.0020077306737566018,0.0031987374403872376,0.0021685210895427721,0.0032250566577333578,0.060840560373582389,0.045006119270313241,0.048231175928046599,0.0032250566577333578,0,0,0,0,0,0.65911622725584851,-0.00012963468427107028,0.0010446665874288877,0.014186582681102485,0,0.0032892796934910836
137,4,12,0.19941828779490742,0.039767653507052518,1,1,3,1,1,-1,1,1584,0.014943295530353569,0.061598729370024898,0.046655433839671329,0.0015641463598890458,0.048832555036691122,0.047268408676802078,0.0020996665005751009,0.00072282101694114999,0.0020996665005751009,0.0020636169452868895,0.0032030861473277745,0.0022206011880049805,0.0032250566577333578,0.060840560373582389,0.045006119270313241,0.048231175928046599,0.0032250566577333578,0,0,0,0,0,0.94213048286030221,-0.0067160062974159218,0.0010446665874288877,0.03777929607426897,0,0.021049428456190955
137,4,12,0.19941828779490742,0.039767653507052518,1,-1,1,0,1,-1,0,11,0.015342213590767168,0.015546233647385565,0.00020402005661839667,0.0016627732642306792,0.0017170739597107394,5.4300695480060225e-05,0.00095070915705619606,2.2272511561861102e-05,0.00095070915705619606,0.0009399894449923429,0.00099021215175467141,0.00095097001324004739,0.00099039965213696454,0.015530353569046029,0.0016627732642306792,0.0026531729163676437,0.00099039965213696454,0,0,0,0,0,1,1.6512485253098236e-07,8.603520328265394e-06,0.0020053495629622138,0.00033542737533166935,-4.5004609648757028e-07
137,4,12,0.19941828779490742,0.039767653507052518,1,-1,1,0,2,-1,1,1678,0.015595425416325397,0.061323621496371959,0.045728196080046565,0.0017270228373382677,0.047246034111172466,0.045519011273834196,0.0021909307504169766,0.00084840403307048003,0.0021909307504169766,0.0021077167825108069,0.0035707653872321934,0.0023494609927498166,0.004975787463523923,0.059483233608216127,0.038425617078052032,0.043401404541575955,0.004975787463523923,0,0,0,0,0,0.54462836741317755,-2.3951332748452894e-05,0.0010446665874288877,0.012177735661179218,0,0.0002944049890462569
137,4,12,0.19941828779490742,0.039767653507052518,1,-1,1,0,3,-1,0,11,0.061329981923654998,0.061376421701050864,4.6439777395865245e-05,0.047288019621635161,0.047527711342070011,0.00023969172043485087,0.0032783736453127158,0.00010390208467551726,0.0032783736453127158,0.0032172303667721142,0.0034255387173108484,0.0032800197257761886,0.003426066995076249,0.061376421701050864,0.047298198799199463,0.050724265794275712,0.003426066995076249,0,0,0,0,0,1,1.1996403412028136e-05,0.00013406845904171923,0.0082868303068296938,0.0034183085349807824,-4.6739332961289847e-05
137,4,12,0.19941828779490742,0.039767653507052518,1,-1,1,0,4,-1,0,9,0.061392071804045892,0.061429298859949542,3.7227055903650552e-05,0.047625471940512247,0.047817771190455792,0.00019229924994354497,0.0032584968213026557,8.6705601361667485e-05,0.0032584968213026557,0.003230602239071366,0.0033685218556528409,0.0032596501953042448,0.0033695739266553296,0.061429298859949542,0.047631754503002,0.051001328429657329,0.0033695739266553296,0,0,0,0,0,1,3.7331403337976047e-06,0.00010676774415468244,0.0066618294382014527,0.0018768118908225797,-1.4089691494132106e-05
137,4,12,0.19941828779490742,0.039767653507052518,1,-1,3,1,1,-1,1,1584,0.014943295530353569,0.061598729370024898,0.046655433839671329,0.0015641463598890458,0.048832555036691122,0.047268408676802078,0.0020996665005751009,0.00072282101694114999,0.0020996665005751009,0.0020636169452868895,0.0032030861473277745,0.0022206011880049805,0.0032250566577333578,0.060840560373582389,0.045006119270313241,0.048231175928046599,0.0032250566577333578,0,0,0,0,0,0.94213048286030221,-0.0067160062974159218,0.0010446665874288877,0.022500324271981093,0,0.021049428456190955
138,12,4,0.19941828779490742,0.039767653507052518,1,1,1,0,1,-1,1,1773,0.011901267511674449,0.062432029466723105,0.050530761955048659,0.0010907880015855148,0.0600400266844563,0.058949238682870789,0.0020236203553593004,0.00077938717795924184,0.0020286545843407303,0.0020077306737566018,0.0031987374403872376,0.0021685210895427721,0.0032250566577333578,0.060840560373582389,0.045006119270313241,0.048231175928046599,0.0032250566577333578,0,0,0,0,0,0.65911622725584851,-0.00012963468427107028,0.0010446665874288877,0.014186582681102485,0,0.0032892796934910836
138,12,4,0.19941828779490742,0.039767653507052518,1,1,3,1,1,-1,1,1584,0.014943295530353569,0.061598729370024898,0.046655433839671329,0.0015641463598890458,0.048832555036691122,0.047268408676802078,0.0020996665005751009,0.00072282101694114999,0.0020996665005751009,0.0020636169452868895,0.0032030861473277745,0.0022206011880049805,0.0032250566577333578,0.060840560373582389,0.045006119270313241,0.048231175928046599,0.0032250566577333578,0,0,0,0,0,0.94213048286030221,-0.0067160062974159218,0.0010446665874288877,0.03777929607426897,0,0.021049428456190955
138,12,4,0.19941828779490742,0.039767653507052518,1,-1,1,0,1,-1,0,11,0.015342213590767168,0.015546233647385565,0.00020402005661839667,0.0016627732642306792,0.0017170739597107394,5.4300695480060225e-05,0.00095070915705619606,2.2272511561861102e-05,0.00095070915705619606,0.0009399894449923429,0.00099021215175467141,0.00095097001324004739,0.00099039965213696454,0.015530353569046029,0.0016627732642306792,0.0026531729163676437,0.00099039965213696454,0,0,0,0,0,1,1.6512485253098236e-07,8.603520328265394e-06,0.0020053495629622138,0.00033542737533166935,-4.5004609648757028e-07
138,12,4,0.19941828779490742,0.039767653507052518,1,-1,1,0,2,-1,1,1678,0.015595425416325397,0.061323621496371959,0.045728196080046565,0.0017270228373382677,0.047246034111172466,0.045519011273834196,0.0021909307504169766,0.00084840403307048003,0.0021909307504169766,0.0021077167825108069,0.0035707653872321934,0.0023494609927498166,0.004975787463523923,0.059483233608216127,0.038425617078052032,0.043401404541575955,0.004975787463523923,0,0,0,0,0,0.54462836741317755,-2.3951332748452894e-05,0.0010446665874288877,0.012177735661179218,0,0.0002944049890462569
138,12,4,0.19941828779490742,0.039767653507052518,1,-1,1,0,3,-1,0,11,0.061329981923654998,0.061376421701050864,4.6439777395865245e-05,0.047288019621635161,0.047527711342070011,0.00023969172043485087,0.0032783736453127158,0.00010390208467551726,0.0032783736453127158,0.0032172303667721142,0.0034255387173108484,0.0032800197257761886,0.003426066995076249,0.061376421701050864,0.047298198799199463,0.050724265794275712,0.003426066995076249,0,0,0,0,0,1,1.1996403412028136e-05,0.00013406845904171923,0.0082868303068296938,0.0034183085349807824,-4.6739332961289847e-05
138,12,4,0.19941828779490742,0.039767653507052518,1,-1,1,0,4,-1,0,9,0.061392071804045892,0.061429298859949542,3.7227055903650552e-05,0.047625471940512247,0.047817771190455792,0.00019229924994354497,0.0032584968213026557,8.6705601361667485e-05,0.0032584968213026557,0.003230602239071366,0.0033685218556528409,0.0032596501953042448,0.0033695739266553296,0.061429298859949542,0.047631754503002,0.051001328429657329,0.0033695739266553296,0,0,0,0,0,1,3.7331403337976047e-06,0.00010676774415468244,0.0066618294382014527,0.0018768118908225797,-1.4089691494132106e-05
138,12,4,0.19941828779490742,0.039767653507052518,1,-1,3,1,1,-1,1,1584,0.014943295530353569,0.061598729370024898,0.046655433839671329,0.0015641463598890458,0.048832555036691122,0.047268408676802078,0.0020996665005751009,0.00072282101694114999,0.0020996665005751009,0.0020636169452868895,0.0032030861473277745,0.0022206011880049805,0.0032250566577333578,0.060840560373582389,0.045006119270313241,0.048231175928046599,0.0032250566577333578,0,0,0,0,0,0.94213048286030221,-0.0067160062974159218,0.0010446665874288877,0.022500324271981093,0,0.021049428456190955
139,9,9,0.20076543327418536,0.04030675919777138,1,1,1,0,1,-1,1,1768,0.012328218812541692,0.062433853989924799,0.050105635177383104,0.0011575676965327087,0.060106737825216805,0.058949170128684093,0.0020530840396295962,0.00078706752436886443,0.0020588582463882121,0.0020410341525269136,0.0032327069133373768,0.0021987790615925727,0.0032595621642238226,0.060787191460973979,0.044748201373535412,0.048007763537759235,0.0032595621642238226,0,0,0,0,0,0.6575037147102526,-0.00012244842239030545,0.0010330197630562925,0.014048498203676598,0,0.0032818038066524807
139,9,9,0.20076543327418536,0.04030675919777138,1,1,3,1,1,-1,1,1576,0.015144505686672865,0.06157110099055902,0.046426595303886153,0.0016010673782521682,0.048632421614409602,0.047031354236157431,0.00212781009354989,0.00072750493104049331,0.00212781009354989,0.0020918803654575522,0.0032380145639863307,0.0022487416967942367,0.0032595621642238226,0.060787191460973979,0.044748201373535412,0.048007763537759235,0.0032595621642238226,0,0,0,0,0,0.94063421828908556,-0.0067402689865696712,0.0010330197630562925,0.037696932208374376,0,0.021135538422413599
139,9,9,0.20076543327418536,0.04030675919777138,1,-1,1,0,1,-1,0,8,0.015400301854726618,0.015537849262943862,0.00013754740821724475,0.001665625548283529,0.0017017822771614383,3.6156728877909279e-05,0.00095837878148467641,1.3217634133568088e-05,0.00095837878148467641,0.00095324519313640165,0.0009821316736471845,0.00095846992370764671,0.00098757948677889013,0.015537849262943862,0.001667778519012675,0.0026553580057915652,0.00098757948677889013,0,0,0,0,0,0.88888888888888884,-2.0003569200453933e-07,5.5912383116875778e-06,0.0015076828778179787,0,8.9969440647831186e-07
139,9,9,0.20076543327418536,0.04030675919777138,1,-1,1,0,2,-1,1,1671,0.015652814159916009,0.061270545681523701,0.045617731521607696,0.001728939384936548,0.046941220957655079,0.045212281572718532,0.0022147467209901297,0.00085362903911913161,0.0022147467209901297,0.0021307249933989782,0.0036413824841384813,0.0023735596842219876,0.0049703504982196306,0.059481458627398509,0.038425617078052032,0.043395967576271663,0.0049703504982196306,0,0,0,0,0,0.5448320834691881,-2.1551830552924102e-05,0.0010330197630562925,0.012098082477247458,0,0.00028805490931975355
139,9,9,0.20076543327418536,0.04030675919777138,1,-1,1,0,3,-1,0,11,0.061271710014363885,0.06132331251390772,5.1602499543834668e-05,0.046953320522542343,0.04721549784252882,0.00026217731998647714,0.0033306486905906318,0.00011300028074347957,0.0033306486905906318,0.0032801856129406476,0.0034875889617990811,0.0033325650426632631,0.0034880681268365729,0.06132331251390772,0.046964643095396927,0.0504527112222335,0.0034880681268365729,0,0,0,0,0,1,1.1954469880822234e-05,0.00014319513598880403,0.0084785655366576285,0.0034034825026303252,-4.6334772582843119e-05
139,9,9,0.20076543327418536,0.04030675919777138,1,-1,1,0,4,-1,0,9,0.061335403255557766,0.061376132465778381,4.0729210220614986e-05,0.047290540275786164,0.047497537995239147,0.00020699771945298373,0.0033074768062728885,9.2996823707885783e-05,0.0033074768062728885,0.0032857836643576666,0.0034237380781339368,0.0033087839508273826,0.0034245702732935979,0.061376132465778381,0.047298198799199463,0.050722769072493061,0.0034245702732935979,0,0,0,0,0,1,8.268553494306177e-06,0.0001166569736651204,0.007230974755202858,0.0028335424064689172,-3.2115850277030648e-05
139,9,9,0.20076543327418536,0.04030675919777138,1,-1,1,0,5,-1,0,8,0.061397356712769663,0.061428544443099919,3.1187730330256569e-05,0.047626882638940049,0.047788704342737097,0.00016182170379704791,0.0032583307182823835,6.9103880414096342e-05,0.0032583307182823835,0.0032162116043268352,0.003365533050721306,0.0032590634261994468,0.003365533050721306,0.061427618412274849,0.047626882638940049,0.050992415689661355,0.003365533050721306,0,0,0,0,0,0.88888888888888884,-4.6072979203815392e-08,8.8818532327490467e-05,0.0057357108288108591,0,7.9441820824775497e-07
139,9,9,0.20076543327418536,0.04030675919777138,1,-1,3,1,1,-1,1,1576,0.015144505686672865,0.06157110099055902,0.046426595303886153,0.0016010673782521682,0.048632421614409602,0.047031354236157431,0.00212781009354989,0.00072750493104049331,0.00212781009354989,0.0020918803654575522,0.0032380145639863307,0.0022487416967942367,0.0032595621642238226,0.060787191460973979,0.044748201373535412,0.048007763537759235,0.0032595621642238226,0,0,0,0,0,0.94063421828908556,-0.0067402689865696712,0.0010330197630562925,0.022379220450259855,0,0.021135538422413599
140,8,10,0.20199054057662438,0.040800178482436937,1,1,1,0,1,-1,1,1761,0.012328218812541696,0.062431927178575229,0.050103708366033534,0.0011583627368129249,0.060106737825216812,0.058948375088403886,0.0020751578109798139,0.0007928634676808257,0.0020811469168469749,0.0020627334636225785,0.0032645128243684873,0.0022214662767760839,0.0032909385626023885,0.060733822548365575,0.044497056387732471,0.04778799495033486,0.0032909385626023885,0,0,0,0,0,0.65514678558156814,-0.00011633899125553173,0.0010223861286619968,0.013924612332688151,0,0.0032765885563166073
140,8,10,0.20199054057662438,0.040800178482436937,1,1,3,1,1,-1,1,1568,0.015370246831220812,0.061541951472302139,0.046171704641081328,0.0016456355465193299,0.048432288192128081,0.046786652645608752,0.0021550315923677768,0.00073133263405600281,0.0021550315923677768,0.0021197190940234721,0.0032697382201544063,0.0022757435237166965,0.0032909385626023885,0.060733822548365575,0.044497056387732471,0.04778799495033486,0.0032909385626023885,0,0,0,0,0,0.93950571744743638,-0.0067624866478249532,0.0010223861286619968,0.03766111642164946,0,0.021214410229653494
140,8,10,0.20199054057662438,0.040800178482436937,1,-1,1,0,1,-1,0,9,0.015705551378396215,0.015868486694709642,0.00016293531631342631,0.001730562868344613,0.0017730550085828126,4.2492140238199619e-05,0.00098752760975401224,1.8127858145900136e-05,0.00098752760975401224,0.00098254606415161343,0.0010175487042897167,0.00098769398057669188,0.0010181029846784123,0.015868486694709642,0.0017344896597731821,0.0027525926444515944,0.0010181029846784123,0,0,0,0,0,1,6.3579814854218195e-07,7.3065387091643955e-06,0.0019029273054186227,0.00077727562883320937,-2.4166296127122443e-06
140,8,10,0.20199054057662438,0.040800178482436937,1,-1,1,0,2,-1,1,1668,0.015954246735682766,0.061270258107700683,0.04531601137201792,0.0017948151686836978,0.046913029090748862,0.045118213922065165,0.0022447122182811339,0.00085567793174176621,0.0022447122182811339,0.0021634709762275613,0.0036596473343111823,0.0024022734369281268,0.0050082792260897277,0.05938408377206883,0.038092061374249496,0.043100340600339224,0.0050082792260897277,0,0,0,0,0,0.54599018003273325,-2.1032625258051902e-05,0.0010223861286619968,0.012051152613173416,0,0.00028232648436110478
140,8,10,0.20199054057662438,0.040800178482436937,1,-1,1,0,3,-1,0,11,0.061276763312290587,0.061323037018585304,4.627370629471661e-05,0.046955870760684408,0.047187981431790413,0.00023211067110600475,0.0033417550523623151,0.00010094921164530087,0.0033417550523623151,0.0032776408005532817,0.0034856179048410665,0.0033432794638379947,0.0034866762510626093,0.061323037018585304,0.046964643095396927,0.050451319346459536,0.0034866762510626093,0,0,0,0,0,1,8.5664812064124575e-06,0.00012752635151921324,0.0079691361187939919,0.002875483061930978,-3.3073611357807809e-05
140,8,10,0.20199054057662438,0.040800178482436937,1,-1,1,0,4,-1,0,9,0.061340365157751431,0.061375874036561973,3.5508878810541766e-05,0.047292208928842602,0.047470904465167635,0.00017869553632503254,0.0033183755884780473,8.0704360363732404e-05,0.0033183755884780473,0.0032839595918174522,0.0034222683334667907,0.0033193568262524513,0.003423233134219314,0.061375874036561973,0.04729819879919947,0.050721431933418784,0.003423233134219314,0,0,0,0,0,1,4.8434238273492412e-06,0.00010045520381043425,0.0066095487141918739,0.0021590177629406599,-1.8645430802773163e-05
140,8,10,0.20199054057662438,0.040800178482436937,1,-1,3,1,1,-1,1,1568,0.015370246831220812,0.061541951472302139,0.046171704641081328,0.0016456355465193299,0.048432288192128081,0.046786652645608752,0.0021550315923677768,0.00073133263405600281,0.0021550315923677768,0.0021197190940234721,0.0032697382201544063,0.0022757435237166965,0.0032909385626023885,0.060733822548365575,0.044497056387732471,0.04778799495033486,0.0032909385626023885,0,0,0,0,0,0.93950571744743638,-0.0067624866478249532,0.0010223861286619968,0.022279103287049913,0,0.021214410229653494
141,10,8,0.20199054057662438,0.040800178482436937,1,1,1,0,1,-1,1,1761,0.012328218812541696,0.062431927178575229,0.050103708366033534,0.0011583627368129249,0.060106737825216812,0.058948375088403886,0.0020751578109798139,0.0007928634676808257,0.0020811469168469749,0.0020627334636225785,0.0032645128243684873,0.0022214662767760839,0.0032909385626023885,0.060733822548365575,0.044497056387732471,0.04778799495033486,0.0032909385626023885,0,0,0,0,0,0.65514678558156814,-0.00011633899125553173,0.0010223861286619968,0.013924612332688151,0,0.0032765885563166073
141,10,8,0.20199054057662438,0.040800178482436937,1,1,3,1,1,-1,1,1568,0.015370246831220812,0.061541951472302139,0.046171704641081328,0.0016456355465193299,0.048432288192128081,0.046786652645608752,0.0021550315923677768,0.00073133263405600281,0.0021550315923677768,0.0021197190940234721,0.0032697382201544063,0.0022757435237166965,0.0032909385626023885,0.060733822548365575,0.044497056387732471,0.04778799495033486,0.0032909385626023885,0,0,0,0,0,0.93950571744743638,-0.0067624866478249532,0.0010223861286619968,0.03766111642164946,0,0.021214410229653494
141,10,8,0.20199054057662438,0.040800178482436937,1,-1,1,0,1,-1,0,9,0.015705551378396215,0.015868486694709642,0.00016293531631342631,0.001730562868344613,0.0017730550085828126,4.2492140238199619e-05,0.00098752760975401224,1.8127858145900136e-05,0.00098752760975401224,0.00098254606415161343,0.0010175487042897167,0.00098769398057669188,0.0010181029846784123,0.015868486694709642,0.0017344896597731821,0.0027525926444515944,0.0010181029846784123,0,0,0,0,0,1,6.3579814854218195e-07,7.3065387091643955e-06,0.0019029273054186227,0.00077727562883320937,-2.4166296127122443e-06
141,10,8,0.20199054057662438,0.040800178482436937,1,-1,1,0,2,-1,1,1668,0.015954246735682766,0.061270258107700683,0.04531601137201792,0.0017948151686836978,0.046913029090748862,0.045118213922065165,0.0022447122182811339,0.00085567793174176621,0.0022447122182811339,0.0021634709762275613,0.0036596473343111823,0.0024022734369281268,0.0050082792260897277,0.05938408377206883,0.038092061374249496,0.043100340600339224,0.0050082792260897277,0,0,0,0,0,0.54599018003273325,-2.1032625258051902e-05,0.0010223861286619968,0.012051152613173416,0,0.00028232648436110478
141,10,8,0.20199054057662438,0.040800178482436937,1,-1,1,0,3,-1,0,11,0.061276763312290587,0.061323037018585304,4.627370629471661e-05,0.046955870760684408,0.047187981431790413,0.00023211067110600475,0.0033417550523623151,0.00010094921164530087,0.0033417550523623151,0.0032776408005532817,0.0034856179048410665,0.0033432794638379947,0.0034866762510626093,0.061323037018585304,0.046964643095396927,0.050451319346459536,0.0034866762510626093,0,0,0,0,0,1,8.5664812064124575e-06,0.00012752635151921324,0.0079691361187939919,0.002875483061930978,-3.3073611357807809e-05
141,10,8,0.20199054057662438,0.040800178482436937,1,-1,1,0,4,-1,0,9,0.061340365157751431,0.061375874036561973,3.5508878810541766e-05,0.047292208928842602,0.047470904465167635,0.00017869553632503254,0.0033183755884780473,8.0704360363732404e-05,0.0033183755884780473,0.0032839595918174522,0.0034222683334667907,0.0033193568262524513,0.003423233134219314,0.061375874036561973,0.04729819879919947,0.050721431933418784,0.003423233134219314,0,0,0,0,0,1,4.8434238273492412e-06,0.00010045520381043425,0.0066095487141918739,0.0021590177629406599,-1.8645430802773163e-05
141,10,8,0.20199054057662438,0.040800178482436937,1,-1,3,1,1,-1,1,1568,0.015370246831220812,0.061541951472302139,0.046171704641081328,0.0016456355465193299,0.048432288192128081,0.046786652645608752,0.0021550315923677768,0.00073133263405600281,0.0021550315923677768,0.0021197190940234721,0.0032697382201544063,0.0022757435237166965,0.0032909385626023885,0.060733822548365575,0.044497056387732471,0.04778799495033486,0.0032909385626023885,0,0,0,0,0,0.93950571744743638,-0.0067624866478249532,0.0010223861286619968,0.022279103287049913,0,0.021214410229653494
142,0,13,0.20486968903322658,0.041971589484570963,1,1,1,0,1,-1,1,1749,0.012701801200800531,0.06243128968345097,0.049729488482650436,0.0012191655171125979,0.060173448965977316,0.058954283448864719,0.0021358791071066125,0.00080819041882647792,0.0021429381716294225,0.0021285469883493939,0.0033394151135835064,0.0022836705789709378,0.0033649070306698975,0.060733822548365575,0.044423087919664962,0.04778799495033486,0.0033649070306698975,0,0,0,0,0,0.65092936802973977,-0.00010332155316698967,0.00099715761326472137,0.013624570603261471,0,0.0032694036847281194
142,0,13,0.20486968903322658,0.041971589484570963,1,1,3,1,1,-1,1,1549,0.015831574680022692,0.06147317744281014,0.045641602762787448,0.0017344896597731821,0.047965310206804536,0.046230820547031357,0.0022170080947157703,0.00074024851685137397,0.0022170080947157703,0.0021817882073633978,0.003344239709154366,0.0023373259846961674,0.0033649070306698975,0.060733822548365575,0.044423087919664962,0.04778799495033486,0.0033649070306698975,0,0,0,0,0,0.93685376661742981,-0.0068152718199949412,0.00099715761326472137,0.037566744589018979,0,0.021401871850384432
142,0,13,0.20486968903322658,0.041971589484570963,1,-1,1,0,1,-1,0,12,0.016323036094998133,0.016559487282000768,0.00023645118700263423,0.0018630472647608064,0.0019290036745867312,6.595640982592476e-05,0.0010386228220795582,2.3613791126614806e-05,0.0010386228220795582,0.0010253550540405844,0.0010844023154332357,0.0010388912251414373,0.0010932785123907501,0.016559487282000768,0.0018679119412941961,0.0029611904536849462,0.0010932785123907501,0,0,0,0,0,0.92307692307692313,-1.262276996253919e-07,1.0594352709096254e-05,0.0022209481237554789,0,8.0310383164656673e-07
142,0,13,0.20486968903322658,0.041971589484570963,1,-1,1,0,2,-1,1,1644,0.016564360506718803,0.06121649484891651,0.044652134342197711,0.0019263100779723403,0.0465789665140331,0.044652656436060763,0.0023108220704746709,0.00086156133614012989,0.0023108220704746709,0.002231654524903124,0.0037160997108275722,0.0024662089484316636,0.0050226428157739353,0.059322024307823282,0.037891927951967976,0.042914570767741911,0.0050226428157739353,0,0,0,0,0,0.54527363184079602,-2.0030933042515462e-05,0.00099715761326472137,0.011935761101400726,0,0.00026904700402777189
142,0,13,0.20486968903322658,0.041971589484570963,1,-1,1,0,3,-1,0,10,0.06122371169322547,0.061269166541569858,4.5454848344388121e-05,0.046624217199207237,0.046847786862556091,0.00022356966334885486,0.0033973240067466026,9.1016013612602308e-05,0.0033973240067466026,0.003336641084075033,0.0035499481943112102,0.0033985429703846208,0.0035499481943112102,0.061267511674449639,0.046624217199207237,0.050174165393518447,0.0035499481943112102,0,0,0,0,0,0.90909090909090906,-2.63389686477735e-08,0.00011624050634897857,0.0070172117596586899,0,1.2503938485288381e-06
142,0,13,0.20486968903322658,0.041971589484570963,1,-1,1,0,4,-1,0,9,0.06128876018588747,0.061322408859326355,3.3648673438885224e-05,0.04695960785778136,0.047124177711767301,0.00016456985398594082,0.0033847665478765002,7.4732999115677062e-05,0.0033847665478765002,0.0033440337495885264,0.0034824309379599765,0.0033855914704495316,0.0034835032555849132,0.061322408859326355,0.046964643095396927,0.05044814635098184,0.0034835032555849132,0,0,0,0,0,1,4.6938624133168505e-07,8.9356748360561416e-05,0.0058670437835690627,0.00055844353526004022,-1.2474367282949273e-06
142,0,13,0.20486968903322658,0.041971589484570963,1,-1,3,1,1,-1,1,1549,0.015831574680022692,0.06147317744281014,0.045641602762787448,0.0017344896597731821,0.047965310206804536,0.046230820547031357,0.0022170080947157703,0.00074024851685137397,0.0022170080947157703,0.0021817882073633978,0.003344239709154366,0.0023373259846961674,0.0033649070306698975,0.060733822548365575,0.044423087919664962,0.04778799495033486,0.0033649070306698975,0,0,0,0,0,0.93685376661742981,-0.0068152718199949412,0.00099715761326472137,0.022040027488290165,0,0.021401871850384432
143,13,0,0.20486968903322658,0.041971589484570963,1,1,1,0,1,-1,1,1749,0.012701801200800531,0.06243128968345097,0.049729488482650436,0.0012191655171125979,0.060173448965977316,0.058954283448864719,0.0021358791071066125,0.00080819041882647792,0.0021429381716294225,0.0021285469883493939,0.0033394151135835064,0.0022836705789709378,0.0033649070306698975,0.060733822548365575,0.044423087919664962,0.04778799495033486,0.0033649070306698975,0,0,0,0,0,0.65092936802973977,-0.00010332155316698967,0.00099715761326472137,0.013624570603261471,0,0.0032694036847281194
143,13,0,0.20486968903322658,0.041971589484570963,1,1,3,1,1,-1,1,1549,0.015831574680022692,0.06147317744281014,0.045641602762787448,0.0017344896597731821,0.047965310206804536,0.046230820547031357,0.0022170080947157703,0.00074024851685137397,0.0022170080947157703,0.0021817882073633978,0.003344239709154366,0.0023373259846961674,0.0033649070306698975,0.060733822548365575,0.044423087919664962,0.04778799495033486,0.0033649070306698975,0,0,0,0,0,0.93685376661742981,-0.0068152718199949412,0.00099715761326472137,0.037566744589018979,0,0.021401871850384432
143,13,0,0.20486968903322658,0.041971589484570963,1,-1,1,0,1,-1,0,12,0.016323036094998133,0.016559487282000768,0.00023645118700263423,0.0018630472647608064,0.0019290036745867312,6.595640982592476e-05,0.0010386228220795582,2.3613791126614806e-05,0.0010386228220795582,0.0010253550540405844,0.0010844023154332357,0.0010388912251414373,0.0010932785123907501,0.016559487282000768,0.0018679119412941961,0.0029611904536849462,0.0010932785123907501,0,0,0,0,0,0.92307692307692313,-1.262276996253919e-07,1.0594352709096254e-05,0.0022209481237554789,0,8.0310383164656673e-07
143,13,0,0.20486968903322658,0.041971589484570963,1,-1,1,0,2,-1,1,1644,0.016564360506718803,0.06121649484891651,0.044652134342197711,0.0019263100779723403,0.0465789665140331,0.044652656436060763,0.0023108220704746709,0.00086156133614012989,0.0023108220704746709,0.002231654524903124,0.0037160997108275722,0.0024662089484316636,0.0050226428157739353,0.059322024307823282,0.037891927951967976,0.042914570767741911,0.0050226428157739353,0,0,0,0,0,0.54527363184079602,-2.0030933042515462e-05,0.00099715761326472137,0.011935761101400726,0,0.00026904700402777189
143,13,0,0.20486968903322658,0.041971589484570963,1,-1,1,0,3,-1,0,10,0.06122371169322547,0.061269166541569858,4.5454848344388121e-05,0.046624217199207237,0.046847786862556091,0.00022356966334885486,0.0033973240067466026,9.1016013612602308e-05,0.0033973240067466026,0.003336641084075033,0.0035499481943112102,0.0033985429703846208,0.0035499481943112102,0.061267511674449639,0.046624217199207237,0.050174165393518447,0.0035499481943112102,0,0,0,0,0,0.90909090909090906,-2.63389686477735e-08,0.00011624050634897857,0.0070172117596586899,0,1.2503938485288381e-06
143,13,0,0.20486968903322658,0.041971589484570963,1,-1,1,0,4,-1,0,9,0.06128876018588747,0.061322408859326355,3.3648673438885224e-05,0.04695960785778136,0.047124177711767301,0.00016456985398594082,0.0033847665478765002,7.4732999115677062e-05,0.0033847665478765002,0.0033440337495885264,0.0034824309379599765,0.0033855914704495316,0.0034835032555849132,0.061322408859326355,0.046964643095396927,0.05044814635098184,0.0034835032555849132,0,0,0,0,0,1,4.6938624133168505e-07,8.9356748360561416e-05,0.0058670437835690627,0.00055844353526004022,-1.2474367282949273e-06
143,13,0,0.20486968903322658,0.041971589484570963,1,-1,3,1,1,-1,1,1549,0.015831574680022692,0.06147317744281014,0.045641602762787448,0.0017344896597731821,0.047965310206804536,0.046230820547031357,0.0022170080947157703,0.00074024851685137397,0.0022170080947157703,0.0021817882073633978,0.003344239709154366,0.0023373259846961674,0.0033649070306698975,0.060733822548365575,0.044423087919664962,0.04778799495033486,0.0033649070306698975,0,0,0,0,0,0.93685376661742981,-0.0068152718199949412,0.00099715761326472137,0.022040027488290165,0,0.021401871850384432
144,5,12,0.20496043343643885,0.042008779274452887,1,1,1,0,1,-1,1,1749,0.012701801200800533,0.062431173691121736,0.049729372490321201,0.0012192828553403161,0.060173448965977316,0.058954166110637002,0.0021375060145343949,0.00080877583491336194,0.0021445778900215928,0.0021304231590089304,0.0033418144870794126,0.0022853993772009558,0.0033672155242614535,0.060733822548365575,0.044420779426073406,0.04778799495033486,0.0033672155242614535,0,0,0,0,0,0.65092936802973977,-0.00010293824237994673,0.00099635646248614866,0.013614530178231945,0,0.0032692807417586886
144,5,12,0.20496043343643885,0.042008779274452887,1,1,3,1,1,-1,1,1548,0.015835591488133231,0.061460772830274887,0.045625181342141656,0.0017344896597731824,0.047898599066044024,0.046164109406270845,0.0022182411868866209,0.00074047337619445857,0.0022182411868866209,0.0021836657158955525,0.0033464343382132037,0.0023385668226614748,0.0033672155242614535,0.060733822548365575,0.044420779426073406,0.04778799495033486,0.0033672155242614535,0,0,0,0,0,0.93680709534368067,-0.0068169485582207671,0.00099635646248614866,0.037587929438862425,0,0.021407828383323828
144,5,12,0.20496043343643885,0.042008779274452887,1,-1,1,0,1,-1,0,12,0.01632695774123186,0.016558837020394949,0.00023187927916308929,0.0018631752909954512,0.0019279116001587045,6.4736309163253292e-05,0.0010390877836233261,2.3228414495924951e-05,0.0010390877836233261,0.0010264372235732203,0.0010842420183327034,0.0010393473824064938,0.0010930787731207999,0.016558837020394949,0.0018679119412941961,0.0029609907144149961,0.0010930787731207999,0,0,0,0,0,0.92307692307692313,-1.5412606690078337e-07,1.0371314659633801e-05,0.0022006987742062469,0,9.0401522011583587e-07
144,5,12,0.20496043343643885,0.042008779274452887,1,-1,1,0,2,-1,1,1643,0.016568246835597017,0.061216470682636893,0.044648223847039877,0.001926440547729735,0.046576867624968925,0.044650427077239187,0.0023108883079371967,0.00085932486559257663,0.0023108883079371967,0.0022320702386295008,0.0037018346055430174,0.0024654906198131317,0.0049892406292866703,0.05937775455509936,0.038092061374249496,0.043081302003536166,0.0049892406292866703,0,0,0,0,0,0.54494195688225544,-2.0222325365741247e-05,0.00099635646248614866,0.011928693050281457,0,0.00026862561938804946
144,5,12,0.20496043343643885,0.042008779274452887,1,-1,1,0,3,-1,0,10,0.061224097030663699,0.061269143092259386,4.5046061595686859e-05,0.046624319122508542,0.046845731163254661,0.00022141204074611898,0.0033982687368197101,9.0189550562135731e-05,0.0033982687368197101,0.0033374898754198919,0.0035498462710099113,0.0033994653348249967,0.0035498462710099113,0.061267511674449632,0.046624319122508542,0.050174165393518454,0.0035498462710099113,0,0,0,0,0,0.90909090909090906,-2.8274077226419968e-07,0.0001150520618850438,0.0069698131559946417,0,2.2558351231863321e-06
144,5,12,0.20496043343643885,0.042008779274452887,1,-1,1,0,4,-1,0,9,0.061289141060924063,0.061322389479416178,3.3248418492115572e-05,0.0469596973149604,0.047122178702525164,0.00016248138756476405,0.0033855944694981504,7.3870255963179223e-05,0.0033855944694981504,0.003343903494411736,0.0034823364277003625,0.0033864002608393075,0.0034834053766049158,0.061322389479416178,0.046964643095396927,0.050448048472001843,0.0034834053766049158,0,0,0,0,0,1,2.1118868185733425e-07,8.8120728654386099e-05,0.0057765485720148724,0.00023956114532050347,-2.2955816938908551e-07
144,5,12,0.20496043343643885,0.042008779274452887,1,-1,3,1,1,-1,1,1548,0.015835591488133231,0.061460772830274887,0.045625181342141656,0.0017344896597731824,0.047898599066044024,0.046164109406270845,0.0022182411868866209,0.00074047337619445857,0.0022182411868866209,0.0021836657158955525,0.0033464343382132037,0.0023385668226614748,0.0033672155242614535,0.060733822548365575,0.044420779426073406,0.04778799495033486,0.0033672155242614535,0,0,0,0,0,0.93680709534368067,-0.0068169485582207671,0.00099635646248614866,0.022047451949294781,0,0.021407828383323828
145,12,5,0.20496043343643885,0.042008779274452887,1,1,1,0,1,-1,1,1749,0.012701801200800533,0.062431173691121736,0.049729372490321201,0.0012192828553403161,0.060173448965977316,0.058954166110637002,0.0021375060145343949,0.00080877583491336194,0.0021445778900215928,0.0021304231590089304,0.0033418144870794126,0.0022853993772009558,0.0033672155242614535,0.060733822548365575,0.044420779426073406,0.04778799495033486,0.0033672155242614535,0,0,0,0,0,0.65092936802973977,-0.00010293824237994673,0.00099635646248614866,0.013614530178231945,0,0.0032692807417586886
145,12,5,0.20496043343643885,0.042008779274452887,1,1,3,1,1,-1,1,1548,0.015835591488133231,0.061460772830274887,0.045625181342141656,0.0017344896597731824,0.047898599066044024,0.046164109406270845,0.0022182411868866209,0.00074047337619445857,0.0022182411868866209,0.0021836657158955525,0.0033464343382132037,0.0023385668226614748,0.0033672155242614535,0.060733822548365575,0.044420779426073406,0.04778799495033486,0.0033672155242614535,0,0,0,0,0,0.93680709534368067,-0.0068169485582207671,0.00099635646248614866,0.037587929438862425,0,0.021407828383323828
145,12,5,0.20496043343643885,0.042008779274452887,1,-1,1,0,1,-1,0,12,0.01632695774123186,0.016558837020394949,0.00023187927916308929,0.0018631752909954512,0.0019279116001587045,6.4736309163253292e-05,0.0010390877836233261,2.3228414495924951e-05,0.0010390877836233261,0.0010264372235732203,0.0010842420183327034,0.0010393473824064938,0.0010930787731207999,0.016558837020394949,0.0018679119412941961,0.0029609907144149961,0.0010930787731207999,0,0,0,0,0,0.92307692307692313,-1.5412606690078337e-07,1.0371314659633801e-05,0.0022006987742062469,0,9.0401522011583587e-07
145,12,5,0.20496043343643885,0.042008779274452887,1,-1,1,0,2,-1,1,1643,0.016568246835597017,0.061216470682636893,0.044648223847039877,0.001926440547729735,0.046576867624968925,0.044650427077239187,0.0023108883079371967,0.00085932486559257663,0.0023108883079371967,0.0022320702386295008,0.0037018346055430174,0.0024654906198131317,0.0049892406292866703,0.05937775455509936,0.038092061374249496,0.043081302003536166,0.0049892406292866703,0,0,0,0,0,0.54494195688225544,-2.0222325365741247e-05,0.00099635646248614866,0.011928693050281457,0,0.00026862561938804946
145,12,5,0.20496043343643885,0.042008779274452887,1,-1,1,0,3,-1,0,10,0.061224097030663699,0.061269143092259386,4.5046061595686859e-05,0.046624319122508542,0.046845731163254661,0.00022141204074611898,0.0033982687368197101,9.0189550562135731e-05,0.0033982687368197101,0.0033374898754198919,0.0035498462710099113,0.0033994653348249967,0.0035498462710099113,0.061267511674449632,0.046624319122508542,0.050174165393518454,0.0035498462710099113,0,0,0,0,0,0.90909090909090906,-2.8274077226419968e-07,0.0001150520618850438,0.0069698131559946417,0,2.2558351231863321e-06
145,12,5,0.20496043343643885,0.042008779274452887,1,-1,1,0,4,-1,0,9,0.061289141060924063,0.061322389479416178,3.3248418492115572e-05,0.0469596973149604,0.047122178702525164,0.00016248138756476405,0.0033855944694981504,7.3870255963179223e-05,0.0033855944694981504,0.003343903494411736,0.0034823364277003625,0.0033864002608393075,0.0034834053766049158,0.061322389479416178,0.046964643095396927,0.050448048472001843,0.0034834053766049158,0,0,0,0,0,1,2.1118868185733425e-07,8.8120728654386099e-05,0.0057765485720148724,0.00023956114532050347,-2.2955816938908551e-07
145,12,5,0.20496043343643885,0.042008779274452887,1,-1,3,1,1,-1,1,1548,0.015835591488133231,0.061460772830274887,0.045625181342141656,0.0017344896597731824,0.047898599066044024,0.046164109406270845,0.0022182411868866209,0.00074047337619445857,0.0022182411868866209,0.0021836657158955525,0.0033464343382132037,0.0023385668226614748,0.0033672155242614535,0.060733822548365575,0.044420779426073406,0.04778799495033486,0.0033672155242614535,0,0,0,0,0,0.93680709534368067,-0.0068169485582207671,0.00099635646248614866,0.022047451949294781,0,0.021407828383323828
146,1,13,0.20547703143966331,0.042220810449256387,1,1,1,0,1,-1,1,1743,0.013128752501667777,0.062430537269998254,0.049301784768330477,0.001289195578443213,0.060173448965977316,0.058884253387534106,0.002153135770962327,0.00080750052138999786,0.002160218788684656,0.0021469703133189903,0.0033552174948976239,0.0022995762088355875,0.003380461008411044,0.060680453635757178,0.044191247689209012,0.047571708697620056,0.003380461008411044,0,0,0,0,0,0.64894012644105614,-0.0001007845755710516,0.00099179285300353632,0.013562324872291863,0,0.0032686914970935631
146,1,13,0.20547703143966331,0.042220810449256387,1,1,3,1,1,-1,1,1545,0.015957304869913275,0.061462675980323719,0.045505371110410447,0.0017608533489506199,0.047898599066044024,0.046137745717093406,0.0022315075426960797,0.00074194298403487972,0.0022315075426960797,0.0021974465101712234,0.0033598352413477736,0.0023516175932043197,0.003380461008411044,0.060680453635757178,0.044191247689209012,0.047571708697620056,0.003380461008411044,0,0,0,0,0,0.9371998522349464,-0.0068265085173638464,0.00099179285300353632,0.037537256692891006,0,0.021441791891366729
146,1,13,0.20547703143966331,0.042220810449256387,1,-1,1,0,1,-1,0,10,0.016349385129795252,0.016555787030345808,0.00020640190055055616,0.0018638908558055011,0.00192168532610116,5.7794470295658871e-05,0.0010468511796073571,2.0672822350451903e-05,0.0010468511796073571,0.0010379192793936644,0.001085011472658285,0.0010470552792614383,0.001092142001850544,0.016555787030345808,0.0018679119412941961,0.0029600539431447401,0.001092142001850544,0,0,0,0,0,0.90909090909090906,-3.1412861426663064e-07,9.1014150257613738e-06,0.0019539565735176303,0,1.4869297183185036e-06
146,1,13,0.20547703143966331,0.042220810449256387,1,-1,1,0,2,-1,1,1649,0.016590404069621114,0.061216334016285248,0.044625929946664131,0.0019271704825834504,0.046564901170856883,0.044637730688273432,0.002324145364356078,0.00086850098335250687,0.002324145364356078,0.0022434330556960619,0.0037276799844767781,0.0024811178191980554,0.0050626002399253717,0.059222566980494759,0.037558372248165439,0.042620972488090811,0.0050626002399253717,0,0,0,0,0,0.54693200663349917,-2.0314391754128959e-05,0.00099179285300353632,0.011890148861210816,0,0.00026619427540066964
146,1,13,0.20547703143966331,0.042220810449256387,1,-1,1,0,3,-1,0,10,0.061226293965628509,0.061269010477822149,4.2716512193639866e-05,0.046624873324841602,0.046834010948128175,0.00020913762328657326,0.0034036661670842662,8.5588268536637257e-05,0.0034036661670842662,0.003342340827565668,0.0035492920686768514,0.0034047420942951317,0.0035492920686768514,0.061267511674449632,0.046624873324841602,0.050174165393518454,0.0035492920686768514,0,0,0,0,0,0.90909090909090906,-1.74592772124517e-06,0.00010825053655731049,0.0066673044479310514,0,7.9970720420575881e-06
146,1,13,0.20547703143966331,0.042220810449256387,1,-1,1,0,4,-1,0,8,0.061291312554275321,0.061321743553316564,3.0430999041243523e-05,0.046960184826573714,0.047110781695997313,0.00015059686942359846,0.0033787578632012401,6.4499088787231372e-05,0.0033787578632012401,0.0033364087644289081,0.0034802454927302176,0.0033793734375766457,0.0034802454927302176,0.061320880587058035,0.046960184826573714,0.050440430319303932,0.0034802454927302176,0,0,0,0,0,0.88888888888888884,-1.2621133480164713e-06,8.1043285443488361e-05,0.00539091331646698,0,5.5820714062802029e-06
146,1,13,0.20547703143966331,0.042220810449256387,1,-1,3,1,1,-1,1,1545,0.015957304869913275,0.061462675980323719,0.045505371110410447,0.0017608533489506199,0.047898599066044024,0.046137745717093406,0.0022315075426960797,0.00074194298403487972,0.0022315075426960797,0.0021974465101712234,0.0033598352413477736,0.0023516175932043197,0.003380461008411044,0.060680453635757178,0.044191247689209012,0.047571708697620056,0.003380461008411044,0,0,0,0,0,0.9371998522349464,-0.0068265085173638464,0.00099179285300353632,0.021989076711268166,0,0.021441791891366729
147,13,1,0.20547703143966331,0.042220810449256387,1,1,1,0,1,-1,1,1743,0.013128752501667777,0.062430537269998254,0.049301784768330477,0.001289195578443213,0.060173448965977316,0.058884253387534106,0.002153135770962327,0.00080750052138999786,0.002160218788684656,0.0021469703133189903,0.0033552174948976239,0.0022995762088355875,0.003380461008411044,0.060680453635757178,0.044191247689209012,0.047571708697620056,0.003380461008411044,0,0,0,0,0,0.64894012644105614,-0.0001007845755710516,0.00099179285300353632,0.013562324872291863,0,0.0032686914970935631
147,13,1,0.20547703143966331,0.042220810449256387,1,1,3,1,1,-1,1,1545,0.015957304869913275,0.061462675980323719,0.045505371110410447,0.0017608533489506199,0.047898599066044024,0.046137745717093406,0.0022315075426960797,0.00074194298403487972,0.0022315075426960797,0.0021974465101712234,0.0033598352413477736,0.0023516175932043197,0.003380461008411044,0.060680453635757178,0.044191247689209012,0.047571708697620056,0.003380461008411044,0,0,0,0,0,0.9371998522349464,-0.0068265085173638464,0.00099179285300353632,0.037537256692891006,0,0.021441791891366729
147,13,1,0.20547703143966331,0.042220810449256387,1,-1,1,0,1,-1,0,10,0.016349385129795252,0.016555787030345808,0.00020640190055055616,0.0018638908558055011,0.00192168532610116,5.7794470295658871e-05,0.0010468511796073571,2.0672822350451903e-05,0.0010468511796073571,0.0010379192793936644,0.001085011472658285,0.0010470552792614383,0.001092142001850544,0.016555787030345808,0.0018679119412941961,0.0029600539431447401,0.001092142001850544,0,0,0,0,0,0.90909090909090906,-3.1412861426663064e-07,9.1014150257613738e-06,0.0019539565735176303,0,1.4869297183185036e-06
147,13,1,0.20547703143966331,0.042220810449256387,1,-1,1,0,2,-1,1,1649,0.016590404069621114,0.061216334016285248,0.044625929946664131,0.0019271704825834504,0.046564901170856883,0.044637730688273432,0.002324145364356078,0.00086850098335250687,0.002324145364356078,0.0022434330556960619,0.0037276799844767781,0.0024811178191980554,0.0050626002399253717,0.059222566980494759,0.037558372248165439,0.042620972488090811,0.0050626002399253717,0,0,0,0,0,0.54693200663349917,-2.0314391754128959e-05,0.00099179285300353632,0.011890148861210816,0,0.00026619427540066964
147,13,1,0.20547703143966331,0.042220810449256387,1,-1,1,0,3,-1,0,10,0.061226293965628509,0.061269010477822149,4.2716512193639866e-05,0.046624873324841602,0.046834010948128175,0.00020913762328657326,0.0034036661670842662,8.5588268536637257e-05,0.0034036661670842662,0.003342340827565668,0.0035492920686768514,0.0034047420942951317,0.0035492920686768514,0.061267511674449632,0.046624873324841602,0.050174165393518454,0.0035492920686768514,0,0,0,0,0,0.90909090909090906,-1.74592772124517e-06,0.00010825053655731049,0.0066673044479310514,0,7.9970720420575881e-06
147,13,1,0.20547703143966331,0.042220810449256387,1,-1,1,0,4,-1,0,8,0.061291312554275321,0.061321743553316564,3.0430999041243523e-05,0.046960184826573714,0.047110781695997313,0.00015059686942359846,0.0033787578632012401,6.4499088787231372e-05,0.0033787578632012401,0.0033364087644289081,0.0034802454927302176,0.0033793734375766457,0.0034802454927302176,0.061320880587058035,0.046960184826573714,0.050440430319303932,0.0034802454927302176,0,0,0,0,0,0.88888888888888884,-1.2621133480164713e-06,8.1043285443488361e-05,0.00539091331646698,0,5.5820714062802029e-06
147,13,1,0.20547703143966331,0.042220810449256387,1,-1,3,1,1,-1,1,1545,0.015957304869913275,0.061462675980323719,0.045505371110410447,0.0017608533489506199,0.047898599066044024,0.046137745717093406,0.0022315075426960797,0.00074194298403487972,0.0022315075426960797,0.0021974465101712234,0.0033598352413477736,0.0023516175932043197,0.003380461008411044,0.060680453635757178,0.044191247689209012,0.047571708697620056,0.003380461008411044,0,0,0,0,0,0.9371998522349464,-0.0068265085173638464,0.00099179285300353632,0.021989076711268166,0,0.021441791891366729
148,7,11,0.20562177259717282,0.04228031336600345,1,1,1,0,1,-1,1,1743,0.013128752501667777,0.062430365911207798,0.049301613409540021,0.0012893779105781797,0.060173448965977316,0.05888407105539914,0.0021557318679908334,0.00080844519806223499,0.0021628341224604487,0.0021499803185537382,0.0033592371972351555,0.0023023387076929265,0.0033841999619722701,0.060680453635757164,0.044187508735647724,0.047571708697619994,0.0033841999619722701,0,0,0,0,0,0.64894012644105614,-0.00010018967844643544,0.00099051412238209042,0.013546305737598871,0,0.0032685595932872465
148,7,11,0.20562177259717282,0.04228031336600345,1,1,3,1,1,-1,1,1544,0.015957304869913275,0.061450983457109781,0.045493678587196509,0.001759128257210584,0.04783188792528352,0.046072759668072935,0.0022338903403161265,0.00074244913716518368,0.0022338903403161265,0.002199590763079998,0.0033633894021070959,0.0023540383968480684,0.0033841999619722701,0.060680453635757164,0.044187508735647724,0.047571708697619994,0.0033841999619722701,0,0,0,0,0,0.93680709534368067,-0.006829191455538286,0.00099051412238209042,0.037541014220354677,0,0.021451324195825922
148,7,11,0.20562177259717282,0.04228031336600345,1,-1,1,0,1,-1,0,10,0.016355683108926624,0.016555081889537675,0.00019939878061105143,0.0018640874247937648,0.0019199380289537768,5.5850604160012033e-05,0.0010476242378636084,1.9967835203368577e-05,0.0010476242378636084,0.0010386726862847469,0.0010848039108235154,0.0010478145151705119,0.0010919254458686331,0.016555081889537675,0.0018679119412941963,0.0029598373871628295,0.0010919254458686331,0,0,0,0,0,0.90909090909090906,-3.5930541791062877e-07,8.7455637218201242e-06,0.0019132748798593843,0,1.6527727360747924e-06
148,7,11,0.20562177259717282,0.04228031336600345,1,-1,1,0,2,-1,1,1648,0.016596622117758149,0.061216295998900737,0.044619673881142588,0.0019273712049295085,0.046561636694198182,0.044634265489268674,0.0023249935682677805,0.00086859833313251934,0.0023249935682677805,0.0022447937052251718,0.0037276216847832483,0.0024819464451931949,0.0050615982622301547,0.059222224662149076,0.037558372248165439,0.042619970510395594,0.0050615982622301547,0,0,0,0,0,0.54696315964155329,-2.0418435682889126e-05,0.00099051412238209042,0.011879946479793273,0,0.00026552728660198736
148,7,11,0.20562177259717282,0.04228031336600345,1,-1,1,0,3,-1,0,8,0.061226910497789083,0.061268973586727414,4.2063088938330828e-05,0.046625021229249844,0.046830739965282885,0.00020571873603304064,0.0034206817374625312,8.7688077011506348e-05,0.0034206817374625312,0.0033791941375009918,0.0035491441642686097,0.0034218054807162342,0.0035491441642686097,0.061267511674449632,0.046625021229249844,0.050174165393518454,0.0035491441642686097,0,0,0,0,0,0.88888888888888884,-2.1569540268144075e-06,0.00010633380074618988,0.0059476449463812713,0,9.6109410433674485e-06
148,7,11,0.20562177259717282,0.04228031336600345,1,-1,1,0,4,-1,0,8,0.061291921946682898,0.061321708519057619,2.9786572374720932e-05,0.046960315245187553,0.047107583321365748,0.00014726807617819471,0.0033802732475377295,6.3209722786428091e-05,0.0033802732475377295,0.0033379060821203954,0.0034801150741163786,0.0033808641938229351,0.0034801150741163786,0.061320880587058035,0.046960315245187553,0.050440430319303932,0.0034801150741163786,0,0,0,0,0,0.88888888888888884,-1.6759412271722722e-06,7.9047653009718162e-05,0.0052524543386961694,0,7.2155394863149278e-06
148,7,11,0.20562177259717282,0.04228031336600345,1,-1,3,1,1,-1,1,1544,0.015957304869913275,0.061450983457109781,0.045493678587196509,0.001759128257210584,0.04783188792528352,0.046072759668072935,0.0022338903403161265,0.00074244913716518368,0.0022338903403161265,0.002199590763079998,0.0033633894021070959,0.0023540383968480684,0.0033841999619722701,0.060680453635757164,0.044187508735647724,0.047571708697619994,0.0033841999619722701,0,0,0,0,0,0.93680709534368067,-0.006829191455538286,0.00099051412238209042,0.021983265620479964,0,0.021451324195825922
149,11,7,0.20562177259717282,0.04228031336600345,1,1,1,0,1,-1,1,1743,0.013128752501667777,0.062430365911207798,0.049301613409540021,0.0012893779105781797,0.060173448965977316,0.05888407105539914,0.0021557318679908334,0.00080844519806223499,0.0021628341224604487,0.0021499803185537382,0.0033592371972351555,0.0023023387076929265,0.0033841999619722701,0.060680453635757164,0.044187508735647724,0.047571708697619994,0.0033841999619722701,0,0,0,0,0,0.64894012644105614,-0.00010018967844643544,0.00099051412238209042,0.013546305737598871,0,0.0032685595932872465
149,11,7,0.20562177259717282,0.04228031336600345,1,1,3,1,1,-1,1,1544,0.015957304869913275,0.061450983457109781,0.045493678587196509,0.001759128257210584,0.04783188792528352,0.046072759668072935,0.0022338903403161265,0.00074244913716518368,0.0022338903403161265,0.002199590763079998,0.0033633894021070959,0.0023540383968480684,0.0033841999619722701,0.060680453635757164,0.044187508735647724,0.047571708697619994,0.0033841999619722701,0,0,0,0,0,0.93680709534368067,-0.006829191455538286,0.00099051412238209042,0.037541014220354677,0,0.021451324195825922
149,11,7,0.20562177259717282,0.04228031336600345,1,-1,1,0,1,-1,0,10,0.016355683108926624,0.016555081889537675,0.00019939878061105143,0.0018640874247937648,0.0019199380289537768,5.5850604160012033e-05,0.0010476242378636084,1.9967835203368577e-05,0.0010476242378636084,0.0010386726862847469,0.0010848039108235154,0.0010478145151705119,0.0010919254458686331,0.016555081889537675,0.0018679119412941963,0.0029598373871628295,0.0010919254458686331,0,0,0,0,0,0.90909090909090906,-3.5930541791062877e-07,8.7455637218201242e-06,0.0019132748798593843,0,1.6527727360747924e-06
149,11,7,0.20562177259717282,0.04228031336600345,1,-1,1,0,2,-1,1,1648,0.016596622117758149,0.061216295998900737,0.044619673881142588,0.0019273712049295085,0.046561636694198182,0.044634265489268674,0.0023249935682677805,0.00086859833313251934,0.0023249935682677805,0.0022447937052251718,0.0037276216847832483,0.0024819464451931949,0.0050615982622301547,0.059222224662149076,0.037558372248165439,0.042619970510395594,0.0050615982622301547,0,0,0,0,0,0.54696315964155329,-2.0418435682889126e-05,0.00099051412238209042,0.011879946479793273,0,0.00026552728660198736
149,11,7,0.20562177259717282,0.04228031336600345,1,-1,1,0,3,-1,0,8,0.061226910497789083,0.061268973586727414,4.2063088938330828e-05,0.046625021229249844,0.046830739965282885,0.00020571873603304064,0.0034206817374625312,8.7688077011506348e-05,0.0034206817374625312,0.0033791941375009918,0.0035491441642686097,0.0034218054807162342,0.0035491441642686097,0.061267511674449632,0.046625021229249844,0.050174165393518454,0.0035491441642686097,0,0,0,0,0,0.88888888888888884,-2.1569540268144075e-06,0.00010633380074618988,0.0059476449463812713,0,9.6109410433674485e-06
149,11,7,0.20562177259717282,0.04228031336600345,1,-1,1,0,4,-1,0,8,0.061291921946682898,0.061321708519057619,2.9786572374720932e-05,0.046960315245187553,0.047107583321365748,0.00014726807617819471,0.0033802732475377295,6.3209722786428091e-05,0.0033802732475377295,0.0033379060821203954,0.0034801150741163786,0.0033808641938229351,0.0034801150741163786,0.061320880587058035,0.046960315245187553,0.050440430319303932,0.0034801150741163786,0,0,0,0,0,0.88888888888888884,-1.6759412271722722e-06,7.9047653009718162e-05,0.0052524543386961694,0,7.2155394863149278e-06
149,11,7,0.20562177259717282,0.04228031336600345,1,-1,3,1,1,-1,1,1544,0.015957304869913275,0.061450983457109781,0.045493678587196509,0.001759128257210584,0.04783188792528352,0.046072759668072935,0.0022338903403161265,0.00074244913716518368,0.0022338903403161265,0.002199590763079998,0.0033633894021070959,0.0023540383968480684,0.0033841999619722701,0.060680453635757164,0.044187508735647724,0.047571708697619994,0.0033841999619722701,0,0,0,0,0,0.93680709534368067,-0.006829191455538286,0.00099051412238209042,0.021983265620479964,0,0.021451324195825922
150,2,13,0.2072882322569794,0.042968411232223433,1,1,1,0,1,-1,1,1731,0.013128752501667777,0.062428583778946396,0.049299831277278619,0.0012909812366476282,0.060173448965977316,0.058882467729329688,0.0021955034154371128,0.00081112694809862881,0.0022025189315285519,0.0021872777704750879,0.0034021008086678045,0.0023405474088614019,0.0034270955448882229,0.060680453635757171,0.044144613152731771,0.047571708697619994,0.0034270955448882229,0,0,0,0,0,0.64471726190476186,-9.3593844136327051e-05,0.0009757371508896292,0.013361896443943009,0,0.003268036226691078
150,2,13,0.2072882322569794,0.042968411232223433,1,1,3,1,1,-1,1,1533,0.016224149432955304,0.061410249264115396,0.045186099831160093,0.0018115979589913398,0.047565043362241495,0.045753445403250152,0.0022706046617288382,0.00074732382805697795,0.0022706046617288382,0.0022363212090008126,0.0034067633885092497,0.0023904264125562341,0.0034270955448882229,0.060680453635757171,0.044144613152731771,0.047571708697619994,0.0034270955448882229,0,0,0,0,0,0.93456561922365988,-0.006860233414399482,0.0009757371508896292,0.037509720372606636,0,0.021561633194518925
150,2,13,0.2072882322569794,0.042968411232223433,1,-1,1,0,1,-1,0,10,0.016668853228128385,0.016875976317430996,0.00020712308930261047,0.0019305715485917296,0.0019894563863176546,5.888483772592502e-05,0.0010784379881827167,2.1073641545922092e-05,0.0010784379881827167,0.001069379903518131,0.0011172977807675231,0.0010786438674203788,0.0011245549456755342,0.016875976317430996,0.0019346230820547032,0.0030591780277302374,0.0011245549456755342,0,0,0,0,0,0.90909090909090906,-3.0292181139320341e-07,9.3767000729560162e-06,0.0019873176586357563,0,1.4459329784043947e-06
150,2,13,0.2072882322569794,0.042968411232223433,1,-1,1,0,2,-1,1,1622,0.016906223282305073,0.061110221820503727,0.044203998538198654,0.00199458813714622,0.046004806691659766,0.04401021855451355,0.0023535673994523909,0.00086433612519802312,0.0023535673994523909,0.0022746603549710746,0.0037482980660704856,0.0025072607445352432,0.0050512959753837156,0.059218703816596358,0.037558372248165439,0.042609668223549155,0.0050512959753837156,0,0,0,0,0,0.54447801275595842,-2.19882762605247e-05,0.0009757371508896292,0.011821709180293551,0,0.00025792325473660721
150,2,13,0.2072882322569794,0.042968411232223433,1,-1,1,0,3,-1,0,11,0.061112421268849318,0.061163199874034589,5.0778605185271275e-05,0.046020210582554281,0.046261178354045723,0.00024096777149144183,0.0034919464398529012,0.0001041532935862846,0.0034919464398529012,0.0034312493103800315,0.0036393534425451166,0.0034934993698820418,0.0036398475602589866,0.061163199874034589,0.046030687124749829,0.049670534685008816,0.0036398475602589866,0,0,0,0,0,1,1.2014616834641145e-05,0.00013196150033561633,0.0082517070574068853,0.0034203260551553326,-4.6794521294297753e-05
150,2,13,0.2072882322569794,0.042968411232223433,1,-1,1,0,4,-1,0,9,0.061180593754816673,0.061215866599006859,3.5272844190185892e-05,0.046353113138788204,0.046524086708543078,0.0001709735697548731,0.0034600619513705066,7.6605993639515979e-05,0.0034600619513705066,0.0034181369174706086,0.003560719300983263,0.0034609098782810532,0.003560719300983263,0.061214142761841228,0.046353113138788204,0.049913832439771467,0.003560719300983263,0,0,0,0,0,1,1.9653140919226632e-05,0.0001060110054290331,0.0076205752087307134,0.0044154089205917018,-7.79833437441631e-05
150,2,13,0.2072882322569794,0.042968411232223433,1,-1,3,1,1,-1,1,1533,0.016224149432955304,0.061410249264115396,0.045186099831160093,0.0018115979589913398,0.047565043362241495,0.045753445403250152,0.0022706046617288382,0.00074732382805697795,0.0022706046617288382,0.0022363212090008126,0.0034067633885092497,0.0023904264125562341,0.0034270955448882229,0.060680453635757171,0.044144613152731771,0.047571708697619994,0.0034270955448882229,0,0,0,0,0,0.93456561922365988,-0.006860233414399482,0.0009757371508896292,0.02184672259067592,0,0.021561633194518925
151,13,2,0.2072882322569794,0.042968411232223433,1,1,1,0,1,-1,1,1731,0.013128752501667777,0.062428583778946396,0.049299831277278619,0.0012909812366476282,0.060173448965977316,0.058882467729329688,0.0021955034154371128,0.00081112694809862881,0.0022025189315285519,0.0021872777704750879,0.0034021008086678045,0.0023405474088614019,0.0034270955448882229,0.060680453635757171,0.044144613152731771,0.047571708697619994,0.0034270955448882229,0,0,0,0,0,0.64471726190476186,-9.3593844136327051e-05,0.0009757371508896292,0.013361896443943009,0,0.003268036226691078
151,13,2,0.2072882322569794,0.042968411232223433,1,1,3,1,1,-1,1,1533,0.016224149432955304,0.061410249264115396,0.045186099831160093,0.0018115979589913398,0.047565043362241495,0.045753445403250152,0.0022706046617288382,0.00074732382805697795,0.0022706046617288382,0.0022363212090008126,0.0034067633885092497,0.0023904264125562341,0.0034270955448882229,0.060680453635757171,0.044144613152731771,0.047571708697619994,0.0034270955448882229,0,0,0,0,0,0.93456561922365988,-0.006860233414399482,0.0009757371508896292,0.037509720372606636,0,0.021561633194518925
151,13,2,0.2072882322569794,0.042968411232223433,1,-1,1,0,1,-1,0,10,0.016668853228128385,0.016875976317430996,0.00020712308930261047,0.0019305715485917296,0.0019894563863176546,5.888483772592502e-05,0.0010784379881827167,2.1073641545922092e-05,0.0010784379881827167,0.001069379903518131,0.0011172977807675231,0.0010786438674203788,0.0011245549456755342,0.016875976317430996,0.0019346230820547032,0.0030591780277302374,0.0011245549456755342,0,0,0,0,0,0.90909090909090906,-3.0292181139320341e-07,9.3767000729560162e-06,0.0019873176586357563,0,1.4459329784043947e-06
151,13,2,0.2072882322569794,0.042968411232223433,1,-1,1,0,2,-1,1,1622,0.016906223282305073,0.061110221820503727,0.044203998538198654,0.00199458813714622,0.046004806691659766,0.04401021855451355,0.0023535673994523909,0.00086433612519802312,0.0023535673994523909,0.0022746603549710746,0.0037482980660704856,0.0025072607445352432,0.0050512959753837156,0.059218703816596358,0.037558372248165439,0.042609668223549155,0.0050512959753837156,0,0,0,0,0,0.54447801275595842,-2.19882762605247e-05,0.0009757371508896292,0.011821709180293551,0,0.00025792325473660721
151,13,2,0.2072882322569794,0.042968411232223433,1,-1,1,0,3,-1,0,11,0.061112421268849318,0.061163199874034589,5.0778605185271275e-05,0.046020210582554281,0.046261178354045723,0.00024096777149144183,0.0034919464398529012,0.0001041532935862846,0.0034919464398529012,0.0034312493103800315,0.0036393534425451166,0.0034934993698820418,0.0036398475602589866,0.061163199874034589,0.046030687124749829,0.049670534685008816,0.0036398475602589866,0,0,0,0,0,1,1.2014616834641145e-05,0.00013196150033561633,0.0082517070574068853,0.0034203260551553326,-4.6794521294297753e-05
151,13,2,0.2072882322569794,0.042968411232223433,1,-1,1,0,4,-1,0,9,0.061180593754816673,0.061215866599006859,3.5272844190185892e-05,0.046353113138788204,0.046524086708543078,0.0001709735697548731,0.0034600619513705066,7.6605993639515979e-05,0.0034600619513705066,0.0034181369174706086,0.003560719300983263,0.0034609098782810532,0.003560719300983263,0.061214142761841228,0.046353113138788204,0.049913832439771467,0.003560719300983263,0,0,0,0,0,1,1.9653140919226632e-05,0.0001060110054290331,0.0076205752087307134,0.0044154089205917018,-7.79833437441631e-05
151,13,2,0.2072882322569794,0.042968411232223433,1,-1,3,1,1,-1,1,1533,0.016224149432955304,0.061410249264115396,0.045186099831160093,0.0018115979589913398,0.047565043362241495,0.045753445403250152,0.0022706046617288382,0.00074732382805697795,0.0022706046617288382,0.0022363212090008126,0.0034067633885092497,0.0023904264125562341,0.0034270955448882229,0.060680453635757171,0.044144613152731771,0.047571708697619994,0.0034270955448882229,0,0,0,0,0,0.93456561922365988,-0.006860233414399482,0.0009757371508896292,0.02184672259067592,0,0.021561633194518925
152,3,13,0.21027174207601876,0.044214205515683752,1,1,1,0,1,-1,1,1706,0.013502334889926618,0.062426071268069899,0.048923736378143283,0.0013558156813052087,0.060173448965977316,0.058817633284672106,0.0022630421310066659,0.0008171801571895908,0.0022690784097903057,0.0022539001895094703,0.0034790585796827065,0.0024060638179432387,0.0035041206071752956,0.060573715810540357,0.043644874128436512,0.047148994735611807,0.0035041206071752956,0,0,0,0,0,0.6355174981384959,-8.2827488901990586e-05,0.00094902440228936591,0.013033776229287279,0,0.0032712612445054612
152,3,13,0.21027174207601876,0.044214205515683752,1,1,3,1,1,-1,1,1514,0.016757838559039361,0.061335669815800936,0.044577831256761576,0.0019225261464182691,0.047098065376917943,0.045175539230499676,0.0023379874720651484,0.00075586706445972816,0.0023379874720651484,0.0023055760085055974,0.0034842390368068463,0.0024571366341065671,0.0035041206071752956,0.060573715810540357,0.043644874128436512,0.047148994735611807,0.0035041206071752956,0,0,0,0,0,0.93298778230285084,-0.0069164846190377079,0.00094902440228936591,0.037379085718380022,0,0.021761618046182686
152,3,13,0.21027174207601876,0.044214205515683752,1,-1,1,0,1,-1,1,1621,0.017269814621944057,0.061056772719078806,0.043786958097134746,0.0020629474033546976,0.045684103515349003,0.043621156111994304,0.0024282998962619437,0.00087774110948818276,0.0024282998962619437,0.0023510985225889264,0.0039131507612257116,0.0025820669707564349,0.0050783470966636879,0.05911299823402525,0.03722481654436291,0.042303163641026598,0.0050783470966636879,0,0,0,0,0,0.54930532023043033,-2.0933090394889898e-05,0.00094902440228936591,0.011663117406324785,0,0.00024449802945405291
152,3,13,0.21027174207601876,0.044214205515683752,1,-1,1,0,2,-1,0,9,0.061070036827527333,0.061109363672273688,3.9326844746355449e-05,0.045742960313949317,0.045935633830249928,0.00019267351630061075,0.0035534542531160149,8.4464735906335052e-05,0.0035534542531160149,0.0035153395307172056,0.0036665915237333729,0.0035544579643878222,0.0036665915237333729,0.061107404936624407,0.045742960313949317,0.04940955183768269,0.0036665915237333729,0,0,0,0,0,1,1.8789067561766764e-05,0.00011362995348705748,0.0078474316525345977,0.0043115579747968827,-7.4358128680138372e-05
152,3,13,0.21027174207601876,0.044214205515683752,1,-1,1,0,3,-1,0,9,0.061126009780959348,0.061162460187894958,3.645040693561058e-05,0.0460251614485227,0.046193295114063608,0.00016813366554090797,0.0035363656058014781,7.6027064254210428e-05,0.0035363656058014781,0.0034969101673425276,0.0036353738885591554,0.0035371827507770601,0.0036363508416900406,0.061162460187894958,0.046030687124749822,0.049667037966439863,0.0036363508416900406,0,0,0,0,0,1,3.5489120291065308e-06,9.1994835794421411e-05,0.0063006896560978565,0.0018401599175760081,-1.3544754089013365e-05
152,3,13,0.21027174207601876,0.044214205515683752,1,-1,3,1,1,-1,1,1514,0.016757838559039361,0.061335669815800936,0.044577831256761576,0.0019225261464182691,0.047098065376917943,0.045175539230499676,0.0023379874720651484,0.00075586706445972816,0.0023379874720651484,0.0023055760085055974,0.0034842390368068463,0.0024571366341065671,0.0035041206071752956,0.060573715810540357,0.043644874128436512,0.047148994735611807,0.0035041206071752956,0,0,0,0,0,0.93298778230285084,-0.0069164846190377079,0.00094902440228936591,0.021587124282216659,0,0.021761618046182686
153,13,3,0.21027174207601876,0.044214205515683752,1,1,1,0,1,-1,1,1706,0.013502334889926618,0.062426071268069899,0.048923736378143283,0.0013558156813052087,0.060173448965977316,0.058817633284672106,0.0022630421310066659,0.0008171801571895908,0.0022690784097903057,0.0022539001895094703,0.0034790585796827065,0.0024060638179432387,0.0035041206071752956,0.060573715810540357,0.043644874128436512,0.047148994735611807,0.0035041206071752956,0,0,0,0,0,0.6355174981384959,-8.2827488901990586e-05,0.00094902440228936591,0.013033776229287279,0,0.0032712612445054612
153,13,3,0.21027174207601876,0.044214205515683752,1,1,3,1,1,-1,1,1514,0.016757838559039361,0.061335669815800936,0.044577831256761576,0.0019225261464182691,0.047098065376917943,0.045175539230499676,0.0023379874720651484,0.00075586706445972816,0.0023379874720651484,0.0023055760085055974,0.0034842390368068463,0.0024571366341065671,0.0035041206071752956,0.060573715810540357,0.043644874128436512,0.047148994735611807,0.0035041206071752956,0,0,0,0,0,0.93298778230285084,-0.0069164846190377079,0.00094902440228936591,0.037379085718380022,0,0.021761618046182686
153,13,3,0.21027174207601876,0.044214205515683752,1,-1,1,0,1,-1,1,1621,0.017269814621944057,0.061056772719078806,0.043786958097134746,0.0020629474033546976,0.045684103515349003,0.043621156111994304,0.0024282998962619437,0.00087774110948818276,0.0024282998962619437,0.0023510985225889264,0.0039131507612257116,0.0025820669707564349,0.0050783470966636879,0.05911299823402525,0.03722481654436291,0.042303163641026598,0.0050783470966636879,0,0,0,0,0,0.54930532023043033,-2.0933090394889898e-05,0.00094902440228936591,0.011663117406324785,0,0.00024449802945405291
153,13,3,0.21027174207601876,0.044214205515683752,1,-1,1,0,2,-1,0,9,0.061070036827527333,0.061109363672273688,3.9326844746355449e-05,0.045742960313949317,0.045935633830249928,0.00019267351630061075,0.0035534542531160149,8.4464735906335052e-05,0.0035534542531160149,0.0035153395307172056,0.0036665915237333729,0.0035544579643878222,0.0036665915237333729,0.061107404936624407,0.045742960313949317,0.04940955183768269,0.0036665915237333729,0,0,0,0,0,1,1.8789067561766764e-05,0.00011362995348705748,0.0078474316525345977,0.0043115579747968827,-7.4358128680138372e-05
153,13,3,0.21027174207601876,0.044214205515683752,1,-1,1,0,3,-1,0,9,0.061126009780959348,0.061162460187894958,3.645040693561058e-05,0.0460251614485227,0.046193295114063608,0.00016813366554090797,0.0035363656058014781,7.6027064254210428e-05,0.0035363656058014781,0.0034969101673425276,0.0036353738885591554,0.0035371827507770601,0.0036363508416900406,0.061162460187894958,0.046030687124749822,0.049667037966439863,0.0036363508416900406,0,0,0,0,0,1,3.5489120291065308e-06,9.1994835794421411e-05,0.0063006896560978565,0.0018401599175760081,-1.3544754089013365e-05
153,13,3,0.21027174207601876,0.044214205515683752,1,-1,3,1,1,-1,1,1514,0.016757838559039361,0.061335669815800936,0.044577831256761576,0.0019225261464182691,0.047098065376917943,0.045175539230499676,0.0023379874720651484,0.00075586706445972816,0.0023379874720651484,0.0023055760085055974,0.0034842390368068463,0.0024571366341065671,0.0035041206071752956,0.060573715810540357,0.043644874128436512,0.047148994735611807,0.0035041206071752956,0,0,0,0,0,0.93298778230285084,-0.0069164846190377079,0.00094902440228936591,0.021587124282216659,0,0.021761618046182686
154,6,12,0.21153438247204023,0.044746794967827408,1,1,1,0,1,-1,1,1701,0.013875917278185455,0.06242520177397104,0.048549284495785584,0.0014202764102877316,0.060173448965977316,0.058753172555689584,0.0022964343684550924,0.00081781454287787496,0.0023015575375115349,0.0022900957712943155,0.0035117441747282707,0.002437710285321922,0.0035367318286271682,0.060573715810540357,0.043612262906984639,0.047148994735611807,0.0035367318286271682,0,0,0,0,0,0.63389199255121043,-7.8624933862948341e-05,0.0009376318206240228,0.012896299022079583,0,0.0032740697614756938
154,6,12,0.21153438247204023,0.044746794967827408,1,1,3,1,1,-1,1,1505,0.016971314209472982,0.061303388758916631,0.044332074549443649,0.0019666928337376704,0.046897931954636422,0.044931239120898754,0.0023666462371528508,0.00075903723991540271,0.0023666462371528508,0.0023340622578720722,0.0035167849337868996,0.0024853876847301189,0.0035367318286271682,0.060573715810540357,0.043612262906984639,0.047148994735611807,0.0035367318286271682,0,0,0,0,0,0.93071507965913303,-0.006940553195652459,0.0009376318206240228,0.037349483150478424,0,0.02184722348246685
154,6,12,0.21153438247204023,0.044746794967827408,1,-1,1,0,1,-1,0,9,0.017325266220543201,0.017463620589310537,0.00013835436876733637,0.0020646428614201268,0.0021043918227839761,3.9748961363849245e-05,0.0011478600487986293,1.7120134643582561e-05,0.0011478600487986293,0.0011398382224985628,0.0011769993930175358,0.0011479877136268515,0.0011771777115578406,0.017463620589310537,0.002068045363575717,0.0032452230751335576,0.0011771777115578406,0,0,0,0,0,1,7.1992680001989882e-07,7.259055818849481e-06,0.0019581560991879295,0.0008335995895573942,-2.779553102841024e-06
154,6,12,0.21153438247204023,0.044746794967827408,1,-1,1,0,2,-1,1,1608,0.017555440983051233,0.061003479968324052,0.043448038985272816,0.0021288045707716519,0.045408646387918285,0.043279841817146635,0.0024542500129841409,0.00087953922977033604,0.0024542500129841409,0.002377532999330181,0.0039294750106295953,0.0026070927070086427,0.005116160763969084,0.059009242534616924,0.036891260840560373,0.042007421604529457,0.005116160763969084,0,0,0,0,0,0.54899283031751456,-1.9869274426802228e-05,0.0009376318206240228,0.011610869347620253,0,0.0002388988555089589
154,6,12,0.21153438247204023,0.044746794967827408,1,-1,1,0,3,-1,0,11,0.061005052981663282,0.061056437749050549,5.1384767387266383e-05,0.045422205089190225,0.045654775926696492,0.00023257083750626711,0.003600370562991805,0.00010097144790396302,0.003600370562991805,0.0035368736763706152,0.0037441889889326604,0.003601786143589004,0.0037455999301235637,0.061056437749050549,0.045430286857905275,0.049175886788028839,0.0037455999301235637,0,0,0,0,0,1,4.9184938403944498e-06,0.00012172402059727051,0.0076239118259587074,0.0021480311948282129,-1.8456152055820477e-05
154,6,12,0.21153438247204023,0.044746794967827408,1,-1,1,0,4,-1,0,9,0.061076074746877998,0.061109019097362667,3.2944350484669094e-05,0.045754498829534931,0.045906618315218792,0.00015211948568386036,0.0035630735657811519,6.9066229332040438e-05,0.0035630735657811519,0.0035130011024969779,0.0036550530081477517,0.0035637428890427205,0.0036550530081477517,0.061107404936624414,0.045754498829534931,0.049409551837682683,0.0036550530081477517,0,0,0,0,0,1,1.9387285242281139e-05,9.6224318108842022e-05,0.007378997529709469,0.0043888118853142944,-7.7046679058704036e-05
154,6,12,0.21153438247204023,0.044746794967827408,1,-1,1,0,5,-1,0,8,0.061131819005095483,0.061161568081958828,2.9749076863344603e-05,0.046026483900158816,0.046164716039690294,0.00013823213953147867,0.0035373125971499136,5.9701538275908678e-05,0.0035373125971499136,0.0034946768903462468,0.0036325860072267124,0.00353781637223132,0.0036325860072267124,0.061160773849232818,0.046026483900158816,0.049659069907385528,0.0036325860072267124,0,0,0,0,0,0.88888888888888884,-9.9776534697465654e-08,7.4429352795635589e-05,0.0053434016747256168,0,8.4996205365408531e-07
154,6,12,0.21153438247204023,0.044746794967827408,1,-1,3,1,1,-1,1,1505,0.016971314209472982,0.061303388758916631,0.044332074549443649,0.0019666928337376704,0.046897931954636422,0.044931239120898754,0.0023666462371528508,0.00075903723991540271,0.0023666462371528508,0.0023340622578720722,0.0035167849337868996,0.0024853876847301189,0.0035367318286271682,0.060573715810540357,0.043612262906984639,0.047148994735611807,0.0035367318286271682,0,0,0,0,0,0.93071507965913303,-0.006940553195652459,0.0009376318206240228,0.021484091279682909,0,0.02184722348246685
155,12,6,0.21153438247204023,0.044746794967827408,1,1,1,0,1,-1,1,1701,0.013875917278185455,0.06242520177397104,0.048549284495785584,0.0014202764102877316,0.060173448965977316,0.058753172555689584,0.0022964343684550924,0.00081781454287787496,0.0023015575375115349,0.0022900957712943155,0.0035117441747282707,0.002437710285321922,0.0035367318286271682,0.060573715810540357,0.043612262906984639,0.047148994735611807,0.0035367318286271682,0,0,0,0,0,0.63389199255121043,-7.8624933862948341e-05,0.0009376318206240228,0.012896299022079583,0,0.0032740697614756938
155,12,6,0.21153438247204023,0.044746794967827408,1,1,3,1,1,-1,1,1505,0.016971314209472982,0.061303388758916631,0.044332074549443649,0.0019666928337376704,0.046897931954636422,0.044931239120898754,0.0023666462371528508,0.00075903723991540271,0.0023666462371528508,0.0023340622578720722,0.0035167849337868996,0.0024853876847301189,0.0035367318286271682,0.060573715810540357,0.043612262906984639,0.047148994735611807,0.0035367318286271682,0,0,0,0,0,0.93071507965913303,-0.006940553195652459,0.0009376318206240228,0.037349483150478424,0,0.02184722348246685
155,12,6,0.21153438247204023,0.044746794967827408,1,-1,1,0,1,-1,0,9,0.017325266220543201,0.017463620589310537,0.00013835436876733637,0.0020646428614201268,0.0021043918227839761,3.9748961363849245e-05,0.0011478600487986293,1.7120134643582561e-05,0.0011478600487986293,0.0011398382224985628,0.0011769993930175358,0.0011479877136268515,0.0011771777115578406,0.017463620589310537,0.002068045363575717,0.0032452230751335576,0.0011771777115578406,0,0,0,0,0,1,7.1992680001989882e-07,7.259055818849481e-06,0.0019581560991879295,0.0008335995895573942,-2.779553102841024e-06
155,12,6,0.21153438247204023,0.044746794967827408,1,-1,1,0,2,-1,1,1608,0.017555440983051233,0.061003479968324052,0.043448038985272816,0.0021288045707716519,0.045408646387918285,0.043279841817146635,0.0024542500129841409,0.00087953922977033604,0.0024542500129841409,0.002377532999330181,0.0039294750106295953,0.0026070927070086427,0.005116160763969084,0.059009242534616924,0.036891260840560373,0.042007421604529457,0.005116160763969084,0,0,0,0,0,0.54899283031751456,-1.9869274426802228e-05,0.0009376318206240228,0.011610869347620253,0,0.0002388988555089589
155,12,6,0.21153438247204023,0.044746794967827408,1,-1,1,0,3,-1,0,11,0.061005052981663282,0.061056437749050549,5.1384767387266383e-05,0.045422205089190225,0.045654775926696492,0.00023257083750626711,0.003600370562991805,0.00010097144790396302,0.003600370562991805,0.0035368736763706152,0.0037441889889326604,0.003601786143589004,0.0037455999301235637,0.061056437749050549,0.045430286857905275,0.049175886788028839,0.0037455999301235637,0,0,0,0,0,1,4.9184938403944498e-06,0.00012172402059727051,0.0076239118259587074,0.0021480311948282129,-1.8456152055820477e-05
155,12,6,0.21153438247204023,0.044746794967827408,1,-1,1,0,4,-1,0,9,0.061076074746877998,0.061109019097362667,3.2944350484669094e-05,0.045754498829534931,0.045906618315218792,0.00015211948568386036,0.0035630735657811519,6.9066229332040438e-05,0.0035630735657811519,0.0035130011024969779,0.0036550530081477517,0.0035637428890427205,0.0036550530081477517,0.061107404936624414,0.045754498829534931,0.049409551837682683,0.0036550530081477517,0,0,0,0,0,1,1.9387285242281139e-05,9.6224318108842022e-05,0.007378997529709469,0.0043888118853142944,-7.7046679058704036e-05
155,12,6,0.21153438247204023,0.044746794967827408,1,-1,1,0,5,-1,0,8,0.061131819005095483,0.061161568081958828,2.9749076863344603e-05,0.046026483900158816,0.046164716039690294,0.00013823213953147867,0.0035373125971499136,5.9701538275908678e-05,0.0035373125971499136,0.0034946768903462468,0.0036325860072267124,0.00353781637223132,0.0036325860072267124,0.061160773849232818,0.046026483900158816,0.049659069907385528,0.0036325860072267124,0,0,0,0,0,0.88888888888888884,-9.9776534697465654e-08,7.4429352795635589e-05,0.0053434016747256168,0,8.4996205365408531e-07
155,12,6,0.21153438247204023,0.044746794967827408,1,-1,3,1,1,-1,1,1505,0.016971314209472982,0.061303388758916631,0.044332074549443649,0.0019666928337376704,0.046897931954636422,0.044931239120898754,0.0023666462371528508,0.00075903723991540271,0.0023666462371528508,0.0023340622578720722,0.0035167849337868996,0.0024853876847301189,0.0035367318286271682,0.060573715810540357,0.043612262906984639,0.047148994735611807,0.0035367318286271682,0,0,0,0,0,0.93071507965913303,-0.006940553195652459,0.0009376318206240228,0.021484091279682909,0,0.02184722348246685
156,9,10,0.21218924399657546,0.04502427526783824,1,1,1,0,1,-1,1,1697,0.013875917278185457,0.062423125927646206,0.04854720864946075,0.0014212075391936171,0.060106737825216819,0.058685530286023205,0.0023136784386886202,0.00081548687078363588,0.0023173888454697381,0.0023073166503153192,0.0035296809759687879,0.0024531870605547183,0.0035536207756607027,0.060520346897931954,0.043388677393822586,0.046942298169483289,0.0035536207756607027,0,0,0,0,0,0.63240223463687151,-7.6520267266655916e-05,0.00093169191599636145,0.012817824307080812,0,0.0032758379575338306
156,9,10,0.21218924399657546,0.04502427526783824,1,1,3,1,1,-1,1,1500,0.017121762003056287,0.061280399085069416,0.044158637082013133,0.0020013342228152099,0.046764509673115406,0.044763175450300195,0.0023819712393027921,0.00076049306627476963,0.0023819712393027921,0.0023503387669322143,0.0035341327047776852,0.0025004273012262687,0.0035536207756607027,0.060520346897931954,0.043388677393822586,0.046942298169483289,0.0035536207756607027,0,0,0,0,0,0.92997406446832165,-0.0069530974760535396,0.00093169191599636145,0.037337928826073424,0,0.021891848854308567
156,9,10,0.21218924399657546,0.04502427526783824,1,-1,1,0,1,-1,0,11,0.017584142435472502,0.017789174808208564,0.00020503237273606159,0.0021297003781240624,0.0021896691532604395,5.9968775136377047e-05,0.0011714075923872935,2.48134714441585e-05,0.0011714075923872935,0.0011593746212766702,0.001215548988032475,0.001171670369970883,0.0012158460685454358,0.017789174808208564,0.0021347565043362241,0.0033506025728816599,0.0012158460685454358,0,0,0,0,0,1,4.8975768196868135e-07,1.0449102377291074e-05,0.0022799869464019472,0.00065876747572753212,-1.7358983483056983e-06
156,9,10,0.21218924399657546,0.04502427526783824,1,-1,1,0,2,-1,1,1589,0.017811541984739124,0.060950408622770201,0.043138866638031077,0.002193839467666295,0.045152273141995054,0.042958433674328757,0.0024614304123600325,0.00087158467325883118,0.0024614304123600325,0.002387109139371936,0.0039162564679379929,0.002611187376951448,0.0051114149807085438,0.059007563397158722,0.036891260840560373,0.042002675821268917,0.0051114149807085438,0,0,0,0,0,0.54661162710698319,-1.9783032173247516e-05,0.00093169191599636145,0.011603979368747267,0,0.00023596046680321938
156,9,10,0.21218924399657546,0.04502427526783824,1,-1,1,0,3,-1,0,11,0.060949620308372268,0.061003289298333624,5.3668989961355718e-05,0.045150062106773393,0.045393258422471952,0.00024319631569855865,0.0036263143536021014,0.00010455322824336847,0.0036263143536021014,0.0035652094661439288,0.0037750335207089938,0.0036278212702222164,0.0037750335207089938,0.0610006671114076,0.045150062106773393,0.048925095627482387,0.0037750335207089938,0,0,0,0,0,1,1.6238333664985144e-05,0.00013373231890499102,0.0084784723991773239,0.0039906535145455982,-6.3701261892620538e-05
156,9,10,0.21218924399657546,0.04502427526783824,1,-1,1,0,4,-1,0,11,0.061008171657920642,0.06105626740463814,4.8095746717498333e-05,0.045423127383888547,0.045639496187180169,0.00021636880329162222,0.0036066118670332018,9.4701669862168596e-05,0.0036066118670332018,0.0035353967342620432,0.0037433410098102957,0.0036078549812456986,0.0037448262665771628,0.06105626740463814,0.045430286857905268,0.049175113124482431,0.0037448262665771628,0,0,0,0,0,1,3.0446081125896961e-06,0.00011299559371542975,0.0072826829353919995,0.0016667076849335018,-1.1111658028065572e-05
156,9,10,0.21218924399657546,0.04502427526783824,1,-1,3,1,1,-1,1,1500,0.017121762003056287,0.061280399085069416,0.044158637082013133,0.0020013342228152099,0.046764509673115406,0.044763175450300195,0.0023819712393027921,0.00076049306627476963,0.0023819712393027921,0.0023503387669322143,0.0035341327047776852,0.0025004273012262687,0.0035536207756607027,0.060520346897931954,0.043388677393822586,0.046942298169483289,0.0035536207756607027,0,0,0,0,0,0.92997406446832165,-0.0069530974760535396,0.00093169191599636145,0.021426857069631027,0,0.021891848854308567
157,10,9,0.21218924399657546,0.04502427526783824,1,1,1,0,1,-1,1,1697,0.013875917278185457,0.062423125927646206,0.04854720864946075,0.0014212075391936171,0.060106737825216819,0.058685530286023205,0.0023136784386886202,0.00081548687078363588,0.0023173888454697381,0.0023073166503153192,0.0035296809759687879,0.0024531870605547183,0.0035536207756607027,0.060520346897931954,0.043388677393822586,0.046942298169483289,0.0035536207756607027,0,0,0,0,0,0.63240223463687151,-7.6520267266655916e-05,0.00093169191599636145,0.012817824307080812,0,0.0032758379575338306
157,10,9,0.21218924399657546,0.04502427526783824,1,1,3,1,1,-1,1,1500,0.017121762003056287,0.061280399085069416,0.044158637082013133,0.0020013342228152099,0.046764509673115406,0.044763175450300195,0.0023819712393027921,0.00076049306627476963,0.0023819712393027921,0.0023503387669322143,0.0035341327047776852,0.0025004273012262687,0.0035536207756607027,0.060520346897931954,0.043388677393822586,0.046942298169483289,0.0035536207756607027,0,0,0,0,0,0.92997406446832165,-0.0069530974760535396,0.00093169191599636145,0.037337928826073424,0,0.021891848854308567
157,10,9,0.21218924399657546,0.04502427526783824,1,-1,1,0,1,-1,0,11,0.017584142435472502,0.017789174808208564,0.00020503237273606159,0.0021297003781240624,0.0021896691532604395,5.9968775136377047e-05,0.0011714075923872935,2.48134714441585e-05,0.0011714075923872935,0.0011593746212766702,0.001215548988032475,0.001171670369970883,0.0012158460685454358,0.017789174808208564,0.0021347565043362241,0.0033506025728816599,0.0012158460685454358,0,0,0,0,0,1,4.8975768196868135e-07,1.0449102377291074e-05,0.0022799869464019472,0.00065876747572753212,-1.7358983483056983e-06
157,10,9,0.21218924399657546,0.04502427526783824,1,-1,1,0,2,-1,1,1589,0.017811541984739124,0.060950408622770201,0.043138866638031077,0.002193839467666295,0.045152273141995054,0.042958433674328757,0.0024614304123600325,0.00087158467325883118,0.0024614304123600325,0.002387109139371936,0.0039162564679379929,0.002611187376951448,0.0051114149807085438,0.059007563397158722,0.036891260840560373,0.042002675821268917,0.0051114149807085438,0,0,0,0,0,0.54661162710698319,-1.9783032173247516e-05,0.00093169191599636145,0.011603979368747267,0,0.00023596046680321938
157,10,9,0.21218924399657546,0.04502427526783824,1,-1,1,0,3,-1,0,11,0.060949620308372268,0.061003289298333624,5.3668989961355718e-05,0.045150062106773393,0.045393258422471952,0.00024319631569855865,0.0036263143536021014,0.00010455322824336847,0.0036263143536021014,0.0035652094661439288,0.0037750335207089938,0.0036278212702222164,0.0037750335207089938,0.0610006671114076,0.045150062106773393,0.048925095627482387,0.0037750335207089938,0,0,0,0,0,1,1.6238333664985144e-05,0.00013373231890499102,0.0084784723991773239,0.0039906535145455982,-6.3701261892620538e-05
157,10,9,0.21218924399657546,0.04502427526783824,1,-1,1,0,4,-1,0,11,0.061008171657920642,0.06105626740463814,4.8095746717498333e-05,0.045423127383888547,0.045639496187180169,0.00021636880329162222,0.0036066118670332018,9.4701669862168596e-05,0.0036066118670332018,0.0035353967342620432,0.0037433410098102957,0.0036078549812456986,0.0037448262665771628,0.06105626740463814,0.045430286857905268,0.049175113124482431,0.0037448262665771628,0,0,0,0,0,1,3.0446081125896961e-06,0.00011299559371542975,0.0072826829353919995,0.0016667076849335018,-1.1111658028065572e-05
157,10,9,0.21218924399657546,0.04502427526783824,1,-1,3,1,1,-1,1,1500,0.017121762003056287,0.061280399085069416,0.044158637082013133,0.0020013342228152099,0.046764509673115406,0.044763175450300195,0.0023819712393027921,0.00076049306627476963,0.0023819712393027921,0.0023503387669322143,0.0035341327047776852,0.0025004273012262687,0.0035536207756607027,0.060520346897931954,0.043388677393822586,0.046942298169483289,0.0035536207756607027,0,0,0,0,0,0.92997406446832165,-0.0069530974760535396,0.00093169191599636145,0.021426857069631027,0,0.021891848854308567
158,4,13,0.21437789723193068,0.045957882821584237,1,1,1,0,1,-1,1,1672,0.014249499666444298,0.062377134025349612,0.048127634358905311,0.0014886912732270713,0.058505670446964642,0.057016979173737568,0.002369413591697395,0.000807448399659596,0.002369413591697395,0.002359567720849224,0.0035866800454959573,0.0025032166679361165,0.0036102496255649569,0.06046697798532355,0.043128294690685201,0.046738544316250158,0.0036102496255649569,0,0,0,0,0,0.6236959761549925,-6.9830362628849136e-05,0.00091175218837208729,0.012565020567696535,0,0.0032832002495767373
158,4,13,0.21437789723193068,0.045957882821584237,1,1,3,1,1,-1,1,1485,0.017505003335557039,0.061224859018951049,0.04371985568339401,0.0020832714605639535,0.04643095396931287,0.044347682508748917,0.0024332018426343849,0.00076580267222856675,0.0024332018426343849,0.0024030928423848866,0.0035913451196014413,0.0025508674876974263,0.0036102496255649569,0.06046697798532355,0.043128294690685201,0.046738544316250158,0.0036102496255649569,0,0,0,0,0,0.92767062314540061,-0.0069953267860711653,0.00091175218837208729,0.037246739343446932,0,0.022042120490403581
158,4,13,0.21437789723193068,0.045957882821584237,1,-1,1,0,1,-1,0,9,0.017907510762711985,0.018092061374249499,0.00018455061153751368,0.0021977684863667937,0.0022562624923192576,5.8494005952463863e-05,0.0011997075611144146,1.4691822802606739e-05,0.0011997075611144146,0.001193870707458084,0.0012272007906174789,0.0011997975170220849,0.0012347228761560888,0.018038692461641092,0.0021977684863667937,0.0034324913625228826,0.0012347228761560888,0,0,0,0,0,0.81818181818181823,-5.0909017961204989e-07,9.4418937120841724e-06,0.0019809776226594718,0,2.2512768814196775e-06
158,4,13,0.21437789723193068,0.045957882821584237,1,-1,1,0,2,-1,1,1578,0.018131586337541458,0.060896865778570682,0.042765279441029223,0.002261774184152457,0.044864007723075389,0.04260223353892293,0.0025146510811739817,0.00087766364982919272,0.0025146510811739817,0.0024409640375392741,0.0039708998345200728,0.0026634120113645534,0.0051416648511005414,0.058899316628643894,0.036557705136757837,0.041699369987858378,0.0051416648511005414,0,0,0,0,0,0.54734651404786683,-1.8981026974581521e-05,0.00091175218837208729,0.011479583314576708,0,0.00022638429261498275
158,4,13,0.21437789723193068,0.045957882821584237,1,-1,1,0,3,-1,0,11,0.060900865308749885,0.060949724871551779,4.8859562801893686e-05,0.044879683608161677,0.045100291522463143,0.00022060791430146554,0.0036693454421761317,9.5283026691242182e-05,0.0036693454421761317,0.0035934469184258494,0.0038099611178154039,0.0036705823555934821,0.0038099611178154039,0.060947298198799196,0.044879683608161677,0.048689644725977081,0.0038099611178154039,0,0,0,0,0,1,1.856206227257368e-05,0.000124905290121495,0.0084348153047655444,0.0042779338115093764,-7.3202870782620565e-05
158,4,13,0.21437789723193068,0.045957882821584237,1,-1,1,0,4,-1,0,9,0.060960427485761942,0.061002673637537044,4.2246151775102159e-05,0.045156053431094259,0.045342192758950156,0.00018613932785589704,0.0036634203118267226,8.3404434431579824e-05,0.0036634203118267226,0.0036315205025480857,0.0037699713113765244,0.0036643696157439482,0.0037705907213687884,0.061002673637537044,0.045163442294863243,0.048934033016232031,0.0037705907213687884,0,0,0,0,0,1,1.0010362580062739e-05,0.00010424551359162323,0.0070747639162223241,0.0031331293129362595,-3.9265997166321748e-05
158,4,13,0.21437789723193068,0.045957882821584237,1,-1,1,0,5,-1,0,6,0.061018664726118443,0.061055150147267936,3.6485421149493047e-05,0.045430286857905268,0.045589505353259202,0.00015921849535393412,0.0035957645050562551,3.6077071586011933e-05,0.0035957645050562551,0.0035753381795974974,0.0036555177613044193,0.0035959454849756383,0.0036730419942832687,0.061055150147267936,0.045496997998665772,0.049170039992949041,0.0036730419942832687,0,0,0,0,0,0.66666666666666663,-3.296966259383548e-06,8.3105754543116734e-05,0.0052494714315459538,0,1.3820619438003457e-05
158,4,13,0.21437789723193068,0.045957882821584237,1,-1,3,1,1,-1,1,1485,0.017505003335557039,0.061224859018951049,0.04371985568339401,0.0020832714605639535,0.04643095396931287,0.044347682508748917,0.0024332018426343849,0.00076580267222856675,0.0024332018426343849,0.0024030928423848866,0.0035913451196014413,0.0025508674876974263,0.0036102496255649569,0.06046697798532355,0.043128294690685201,0.046738544316250158,0.0036102496255649569,0,0,0,0,0,0.92767062314540061,-0.0069953267860711653,0.00091175218837208729,0.021231647317480413,0,0.022042120490403581
159,13,4,0.21437789723193068,0.045957882821584237,1,1,1,0,1,-1,1,1672,0.014249499666444298,0.062377134025349612,0.048127634358905311,0.0014886912732270713,0.058505670446964642,0.057016979173737568,0.002369413591697395,0.000807448399659596,0.002369413591697395,0.002359567720849224,0.0035866800454959573,0.0025032166679361165,0.0036102496255649569,0.06046697798532355,0.043128294690685201,0.046738544316250158,0.0036102496255649569,0,0,0,0,0,0.6236959761549925,-6.9830362628849136e-05,0.00091175218837208729,0.012565020567696535,0,0.0032832002495767373
159,13,4,0.21437789723193068,0.045957882821584237,1,1,3,1,1,-1,1,1485,0.017505003335557039,0.061224859018951049,0.04371985568339401,0.0020832714605639535,0.04643095396931287,0.044347682508748917,0.0024332018426343849,0.00076580267222856675,0.0024332018426343849,0.0024030928423848866,0.0035913451196014413,0.0025508674876974263,0.0036102496255649569,0.06046697798532355,0.043128294690685201,0.046738544316250158,0.0036102496255649569,0,0,0,0,0,0.92767062314540061,-0.0069953267860711653,0.00091175218837208729,0.037246739343446932,0,0.022042120490403581
159,13,4,0.21437789723193068,0.045957882821584237,1,-1,1,0,1,-1,0,9,0.017907510762711985,0.018092061374249499,0.00018455061153751368,0.0021977684863667937,0.0022562624923192576,5.8494005952463863e-05,0.0011997075611144146,1.4691822802606739e-05,0.0011997075611144146,0.001193870707458084,0.0012272007906174789,0.0011997975170220849,0.0012347228761560888,0.018038692461641092,0.0021977684863667937,0.0034324913625228826,0.0012347228761560888,0,0,0,0,0,0.81818181818181823,-5.0909017961204989e-07,9.4418937120841724e-06,0.0019809776226594718,0,2.2512768814196775e-06
159,13,4,0.21437789723193068,0.045957882821584237,1,-1,1,0,2,-1,1,1578,0.018131586337541458,0.060896865778570682,0.042765279441029223,0.002261774184152457,0.044864007723075389,0.04260223353892293,0.0025146510811739817,0.00087766364982919272,0.0025146510811739817,0.0024409640375392741,0.0039708998345200728,0.0026634120113645534,0.0051416648511005414,0.058899316628643894,0.036557705136757837,0.041699369987858378,0.0051416648511005414,0,0,0,0,0,0.54734651404786683,-1.8981026974581521e-05,0.00091175218837208729,0.011479583314576708,0,0.00022638429261498275
159,13,4,0.21437789723193068,0.045957882821584237,1,-1,1,0,3,-1,0,11,0.060900865308749885,0.060949724871551779,4.8859562801893686e-05,0.044879683608161677,0.045100291522463143,0.00022060791430146554,0.0036693454421761317,9.5283026691242182e-05,0.0036693454421761317,0.0035934469184258494,0.0038099611178154039,0.0036705823555934821,0.0038099611178154039,0.060947298198799196,0.044879683608161677,0.048689644725977081,0.0038099611178154039,0,0,0,0,0,1,1.856206227257368e-05,0.000124905290121495,0.0084348153047655444,0.0042779338115093764,-7.3202870782620565e-05
159,13,4,0.21437789723193068,0.045957882821584237,1,-1,1,0,4,-1,0,9,0.060960427485761942,0.061002673637537044,4.2246151775102159e-05,0.045156053431094259,0.045342192758950156,0.00018613932785589704,0.0036634203118267226,8.3404434431579824e-05,0.0036634203118267226,0.0036315205025480857,0.0037699713113765244,0.0036643696157439482,0.0037705907213687884,0.061002673637537044,0.045163442294863243,0.048934033016232031,0.0037705907213687884,0,0,0,0,0,1,1.0010362580062739e-05,0.00010424551359162323,0.0070747639162223241,0.0031331293129362595,-3.9265997166321748e-05
159,13,4,0.21437789723193068,0.045957882821584237,1,-1,1,0,5,-1,0,6,0.061018664726118443,0.061055150147267936,3.6485421149493047e-05,0.045430286857905268,0.045589505353259202,0.00015921849535393412,0.0035957645050562551,3.6077071586011933e-05,0.0035957645050562551,0.0035753381795974974,0.0036555177613044193,0.0035959454849756383,0.0036730419942832687,0.061055150147267936,0.045496997998665772,0.049170039992949041,0.0036730419942832687,0,0,0,0,0,0.66666666666666663,-3.296966259383548e-06,8.3105754543116734e-05,0.0052494714315459538,0,1.3820619438003457e-05
159,13,4,0.21437789723193068,0.045957882821584237,1,-1,3,1,1,-1,1,1485,0.017505003335557039,0.061224859018951049,0.04371985568339401,0.0020832714605639535,0.04643095396931287,0.044347682508748917,0.0024332018426343849,0.00076580267222856675,0.0024332018426343849,0.0024030928423848866,0.0035913451196014413,0.0025508674876974263,0.0036102496255649569,0.06046697798532355,0.043128294690685201,0.046738544316250158,0.0036102496255649569,0,0,0,0,0,0.92767062314540061,-0.0069953267860711653,0.00091175218837208729,0.021231647317480413,0,0.022042120490403581
160,8,11,0.21449927303667823,0.046009938133263435,1,1,1,0,1,-1,1,1674,0.014249499666444298,0.062376973096103086,0.048127473429658785,0.0014888411083927291,0.058505670446964642,0.057016829338571912,0.0023726624012415072,0.00080812897757135446,0.0023726624012415072,0.0023639285525025693,0.0035900290498523282,0.0025065113833086091,0.0036134038856198009,0.06046697798532355,0.043125140430630357,0.046738544316250158,0.0036134038856198009,0,0,0,0,0,0.62444113263785395,-6.9474068718158652e-05,0.00091064018165119246,0.012552417679922972,0,0.0032836713044787805
160,8,11,0.21449927303667823,0.046009938133263435,1,1,3,1,1,-1,1,1483,0.017505003335557039,0.061213744667419044,0.043708741331862005,0.0020816951119674758,0.046364242828552366,0.044282547716584887,0.0024343913745702513,0.00076583902661332942,0.0024343913745702513,0.002403302146852717,0.0035942191742106152,0.0025520130836784692,0.0036134038856198009,0.06046697798532355,0.043125140430630357,0.046738544316250158,0.0036134038856198009,0,0,0,0,0,0.92692878338278928,-0.0069976821914289056,0.00091064018165119246,0.037236936455391396,0,0.022050504157716672
160,8,11,0.21449927303667823,0.046009938133263435,1,-1,1,0,1,-1,0,9,0.017912876322869142,0.018092061374249499,0.00017918505138035667,0.0021979347263091412,0.0022546607256099921,5.6725999300850927e-05,0.0012005242638240636,1.4089330439113084e-05,0.0012005242638240636,0.0011954724741673494,0.0012270274292652745,0.0012006069370374853,0.0012345566362137344,0.018038692461641088,0.0021979347263091412,0.0034324913625228756,0.0012345566362137344,0,0,0,0,0,0.81818181818181823,-5.5498947711849443e-07,9.1011434450350857e-06,0.0019509706904501092,0,2.4223880946515692e-06
160,8,11,0.21449927303667823,0.046009938133263435,1,-1,1,0,2,-1,1,1578,0.018136899211899937,0.060896825392841671,0.042759926180941737,0.0022619503752724993,0.044861105442614353,0.042599155067341854,0.0025154294048830468,0.00087755662693807213,0.0025154294048830468,0.0024421063395268401,0.0039701289563989044,0.0026641116201152697,0.0051409194565487648,0.058899048339015866,0.036557705136757837,0.041698624593306602,0.0051409194565487648,0,0,0,0,0,0.54734651404786683,-1.9258835417717464e-05,0.00091064018165119246,0.011469496093484478,0,0.0002258489682422277
160,8,11,0.21449927303667823,0.046009938133263435,1,-1,1,0,3,-1,0,11,0.060901482991393287,0.060949688174673888,4.8205183280601582e-05,0.044880780167555326,0.045097393174655796,0.00021661300710047043,0.0036703430414425989,9.3905077276537331e-05,0.0036703430414425989,0.0035942897501398535,0.0038088645584217554,0.0036715441173169115,0.0038088645584217554,0.060947298198799196,0.044880780167555326,0.048689644725977081,0.0038088645584217554,0,0,0,0,0,1,1.8611256949334384e-05,0.0001232650454165599,0.0083920530822562817,0.0042847396820204576,-7.3435976570723096e-05
160,8,11,0.21449927303667823,0.046009938133263435,1,-1,1,0,4,-1,0,9,0.060961030063349422,0.061002640415281868,4.1610351932445944e-05,0.045156266056144326,0.045339398563582198,0.00018313250743787202,0.0036645455580021527,8.2127938829528423e-05,0.0036645455580021527,0.0036313065072989051,0.0037697974443459598,0.0036654657473518554,0.0037704426930178919,0.061002640415281868,0.045163442294863243,0.048933884987881135,0.0037704426930178919,0,0,0,0,0,1,9.6609982520543409e-06,0.00010257832132076673,0.0070143939585375443,0.0030778126836752242,-3.7891723663168344e-05
160,8,11,0.21449927303667823,0.046009938133263435,1,-1,1,0,5,-1,0,6,0.061019249789867461,0.061055115661495643,3.5865871628182333e-05,0.045430286857905268,0.04558673497097819,0.00015644811307292256,0.0035975418172160567,3.4950199226084525e-05,0.0035975418172160567,0.0035780343042062096,0.0036553544425127846,0.0035977115841940624,0.0036728854373817288,0.061055115661495643,0.045496997998665772,0.049169883436047501,0.0036728854373817288,0,0,0,0,0,0.66666666666666663,-3.6521010528251771e-06,8.1414134850957674e-05,0.0051991843584907292,0,1.5220309623064822e-05
160,8,11,0.21449927303667823,0.046009938133263435,1,-1,3,1,1,-1,1,1483,0.017505003335557039,0.061213744667419044,0.043708741331862005,0.0020816951119674758,0.046364242828552366,0.044282547716584887,0.0024343913745702513,0.00076583902661332942,0.0024343913745702513,0.002403302146852717,0.0035942191742106152,0.0025520130836784692,0.0036134038856198009,0.06046697798532355,0.043125140430630357,0.046738544316250158,0.0036134038856198009,0,0,0,0,0,0.92692878338278928,-0.0069976821914289056,0.00091064018165119246,0.021218505766129964,0,0.022050504157716672
161,11,8,0.21449927303667823,0.046009938133263435,1,1,1,0,1,-1,1,1674,0.014249499666444298,0.062376973096103086,0.048127473429658785,0.0014888411083927291,0.058505670446964642,0.057016829338571912,0.0023726624012415072,0.00080812897757135446,0.0023726624012415072,0.0023639285525025693,0.0035900290498523282,0.0025065113833086091,0.0036134038856198009,0.06046697798532355,0.043125140430630357,0.046738544316250158,0.0036134038856198009,0,0,0,0,0,0.62444113263785395,-6.9474068718158652e-05,0.00091064018165119246,0.012552417679922972,0,0.0032836713044787805
161,11,8,0.21449927303667823,0.046009938133263435,1,1,3,1,1,-1,1,1483,0.017505003335557039,0.061213744667419044,0.043708741331862005,0.0020816951119674758,0.046364242828552366,0.044282547716584887,0.0024343913745702513,0.00076583902661332942,0.0024343913745702513,0.002403302146852717,0.0035942191742106152,0.0025520130836784692,0.0036134038856198009,0.06046697798532355,0.043125140430630357,0.046738544316250158,0.0036134038856198009,0,0,0,0,0,0.92692878338278928,-0.0069976821914289056,0.00091064018165119246,0.037236936455391396,0,0.022050504157716672
161,11,8,0.21449927303667823,0.046009938133263435,1,-1,1,0,1,-1,0,9,0.017912876322869142,0.018092061374249499,0.00017918505138035667,0.0021979347263091412,0.0022546607256099921,5.6725999300850927e-05,0.0012005242638240636,1.4089330439113084e-05,0.0012005242638240636,0.0011954724741673494,0.0012270274292652745,0.0012006069370374853,0.0012345566362137344,0.018038692461641088,0.0021979347263091412,0.0034324913625228756,0.0012345566362137344,0,0,0,0,0,0.81818181818181823,-5.5498947711849443e-07,9.1011434450350857e-06,0.0019509706904501092,0,2.4223880946515692e-06
161,11,8,0.21449927303667823,0.046009938133263435,1,-1,1,0,2,-1,1,1578,0.018136899211899937,0.060896825392841671,0.042759926180941737,0.0022619503752724993,0.044861105442614353,0.042599155067341854,0.0025154294048830468,0.00087755662693807213,0.0025154294048830468,0.0024421063395268401,0.0039701289563989044,0.0026641116201152697,0.0051409194565487648,0.058899048339015866,0.036557705136757837,0.041698624593306602,0.0051409194565487648,0,0,0,0,0,0.54734651404786683,-1.9258835417717464e-05,0.00091064018165119246,0.011469496093484478,0,0.0002258489682422277
161,11,8,0.21449927303667823,0.046009938133263435,1,-1,1,0,3,-1,0,11,0.060901482991393287,0.060949688174673888,4.8205183280601582e-05,0.044880780167555326,0.045097393174655796,0.00021661300710047043,0.0036703430414425989,9.3905077276537331e-05,0.0036703430414425989,0.0035942897501398535,0.0038088645584217554,0.0036715441173169115,0.0038088645584217554,0.060947298198799196,0.044880780167555326,0.048689644725977081,0.0038088645584217554,0,0,0,0,0,1,1.8611256949334384e-05,0.0001232650454165599,0.0083920530822562817,0.0042847396820204576,-7.3435976570723096e-05
161,11,8,0.21449927303667823,0.046009938133263435,1,-1,1,0,4,-1,0,9,0.060961030063349422,0.061002640415281868,4.1610351932445944e-05,0.045156266056144326,0.045339398563582198,0.00018313250743787202,0.0036645455580021527,8.2127938829528423e-05,0.0036645455580021527,0.0036313065072989051,0.0037697974443459598,0.0036654657473518554,0.0037704426930178919,0.061002640415281868,0.045163442294863243,0.048933884987881135,0.0037704426930178919,0,0,0,0,0,1,9.6609982520543409e-06,0.00010257832132076673,0.0070143939585375443,0.0030778126836752242,-3.7891723663168344e-05
161,11,8,0.21449927303667823,0.046009938133263435,1,-1,1,0,5,-1,0,6,0.061019249789867461,0.061055115661495643,3.5865871628182333e-05,0.045430286857905268,0.04558673497097819,0.00015644811307292256,0.0035975418172160567,3.4950199226084525e-05,0.0035975418172160567,0.0035780343042062096,0.0036553544425127846,0.0035977115841940624,0.0036728854373817288,0.061055115661495643,0.045496997998665772,0.049169883436047501,0.0036728854373817288,0,0,0,0,0,0.66666666666666663,-3.6521010528251771e-06,8.1414134850957674e-05,0.0051991843584907292,0,1.5220309623064822e-05
161,11,8,0.21449927303667823,0.046009938133263435,1,-1,3,1,1,-1,1,1483,0.017505003335557039,0.061213744667419044,0.043708741331862005,0.0020816951119674758,0.046364242828552366,0.044282547716584887,0.0024343913745702513,0.00076583902661332942,0.0024343913745702513,0.002403302146852717,0.0035942191742106152,0.0025520130836784692,0.0036134038856198009,0.06046697798532355,0.043125140430630357,0.046738544316250158,0.0036134038856198009,0,0,0,0,0,0.92692878338278928,-0.0069976821914289056,0.00091064018165119246,0.021218505766129964,0,0.022050504157716672
162,7,12,0.21904569892208256,0.047981018216263646,1,1,1,0,1,-1,1,1644,0.015316877918612408,0.062369570932015658,0.04705269301340325,0.0016879535597122293,0.058438959306204144,0.056751005746491917,0.0024871963835647721,0.00081232407024750054,0.0024871963835647721,0.0024805666229422048,0.0037085816853379724,0.0026164892978036711,0.0037312944355147315,0.060360240160106736,0.042608124866931343,0.046339419302446075,0.0037312944355147315,0,0,0,0,0,0.61357702349869447,-5.7122789540487175e-05,0.00086867415108986094,0.01204047392102668,0,0.0033056705899302753
162,7,12,0.21904569892208256,0.047981018216263646,1,1,3,1,1,-1,1,1452,0.018339487613928878,0.061082861183240897,0.042743373569312015,0.0022681787858572383,0.045630420280186795,0.043362241494329559,0.0025415755513040236,0.00077611266395964033,0.0025415755513040236,0.002513196027827137,0.0037130168848777067,0.0026574343171835648,0.0037312944355147315,0.060360240160106736,0.042608124866931343,0.046339419302446075,0.0037312944355147315,0,0,0,0,0,0.92230483271375463,-0.007086962199513408,0.00086867415108986094,0.037078301511449072,0,0.022368433660955478
162,7,12,0.21904569892208256,0.047981018216263646,1,-1,1,0,1,-1,0,10,0.018776994336842667,0.018955543467829641,0.00017854913098697481,0.0023982407669435393,0.002453756411112111,5.5515644168571687e-05,0.0012936208022862263,2.0177316067080223e-05,0.0012936208022862263,0.0012826609891934825,0.0013319800437105326,0.0012937781510720184,0.0013402165227828495,0.018955543467829641,0.0024016010673782525,0.003741817590161102,0.0013402165227828495,0,0,0,0,0,0.90909090909090906,-7.7829987473161877e-08,9.6045193277708385e-06,0.0021133815792853355,0,4.9680552354668255e-07
162,7,12,0.21904569892208256,0.047981018216263646,1,-1,1,0,2,-1,1,1544,0.018992462697486057,0.060738241691002663,0.041745778993516607,0.0024621374860675505,0.044068304022374653,0.041606166536307103,0.0026195535653275514,0.00088149178708365951,0.0026195535653275514,0.0025503756186949413,0.0040724802310369516,0.0027638901302903178,0.0051699527903234302,0.058739488026900086,0.036090727151434285,0.041260679941757715,0.0051699527903234302,0,0,0,0,0,0.54849023090586146,-1.7695455194377318e-05,0.00086867415108986094,0.011252890909306241,0,0.00020633882394572776
162,7,12,0.21904569892208256,0.047981018216263646,1,-1,1,0,3,-1,0,9,0.06074009859884974,0.060789679196644325,4.9580597794585124e-05,0.044074343265879647,0.044292114926324844,0.00021777166044519708,0.0038097116401587705,9.5118093343943245e-05,0.0038097116401587705,0.0037838727329611299,0.0039334202718795189,0.0038108988746544583,0.0039334202718795189,0.060787191460973972,0.044074343265879647,0.048007763537759165,0.0039334202718795189,0,0,0,0,0,1,1.7806110780493342e-05,0.00012140084413799527,0.0079610315375275402,0.0041893063689426276,-7.0201151411453065e-05
162,7,12,0.21904569892208256,0.047981018216263646,1,-1,1,0,4,-1,0,9,0.060802927602423784,0.060842513660902035,3.9586058478251196e-05,0.044352121530369507,0.044520777645085018,0.00016865611471551106,0.0037797507104202471,7.5490266467338291e-05,0.0037797507104202471,0.0037368841612034076,0.0038790543976770925,0.0037805044918970371,0.0038790543976770925,0.060840560373582389,0.044352121530369507,0.048231175928046599,0.0038790543976770925,0,0,0,0,0,1,1.893898100589413e-05,0.00010139118811427812,0.0074926813532581243,0.0043341246328567062,-7.5138545332541112e-05
162,7,12,0.21904569892208256,0.047981018216263646,1,-1,3,1,1,-1,1,1452,0.018339487613928878,0.061082861183240897,0.042743373569312015,0.0022681787858572383,0.045630420280186795,0.043362241494329559,0.0025415755513040236,0.00077611266395964033,0.0025415755513040236,0.002513196027827137,0.0037130168848777067,0.0026574343171835648,0.0037312944355147315,0.060360240160106736,0.042608124866931343,0.046339419302446075,0.0037312944355147315,0,0,0,0,0,0.92230483271375463,-0.007086962199513408,0.00086867415108986094,0.020814464359907556,0,0.022368433660955478
163,12,7,0.21904569892208256,0.047981018216263646,1,1,1,0,1,-1,1,1644,0.015316877918612408,0.062369570932015658,0.04705269301340325,0.0016879535597122293,0.058438959306204144,0.056751005746491917,0.0024871963835647721,0.00081232407024750054,0.0024871963835647721,0.0024805666229422048,0.0037085816853379724,0.0026164892978036711,0.0037312944355147315,0.060360240160106736,0.042608124866931343,0.046339419302446075,0.0037312944355147315,0,0,0,0,0,0.61357702349869447,-5.7122789540487175e-05,0.00086867415108986094,0.01204047392102668,0,0.0033056705899302753
163,12,7,0.21904569892208256,0.047981018216263646,1,1,3,1,1,-1,1,1452,0.018339487613928878,0.061082861183240897,0.042743373569312015,0.0022681787858572383,0.045630420280186795,0.043362241494329559,0.0025415755513040236,0.00077611266395964033,0.0025415755513040236,0.002513196027827137,0.0037130168848777067,0.0026574343171835648,0.0037312944355147315,0.060360240160106736,0.042608124866931343,0.046339419302446075,0.0037312944355147315,0,0,0,0,0,0.92230483271375463,-0.007086962199513408,0.00086867415108986094,0.037078301511449072,0,0.022368433660955478
163,12,7,0.21904569892208256,0.047981018216263646,1,-1,1,0,1,-1,0,10,0.018776994336842667,0.018955543467829641,0.00017854913098697481,0.0023982407669435393,0.002453756411112111,5.5515644168571687e-05,0.0012936208022862263,2.0177316067080223e-05,0.0012936208022862263,0.0012826609891934825,0.0013319800437105326,0.0012937781510720184,0.0013402165227828495,0.018955543467829641,0.0024016010673782525,0.003741817590161102,0.0013402165227828495,0,0,0,0,0,0.90909090909090906,-7.7829987473161877e-08,9.6045193277708385e-06,0.0021133815792853355,0,4.9680552354668255e-07
163,12,7,0.21904569892208256,0.047981018216263646,1,-1,1,0,2,-1,1,1544,0.018992462697486057,0.060738241691002663,0.041745778993516607,0.0024621374860675505,0.044068304022374653,0.041606166536307103,0.0026195535653275514,0.00088149178708365951,0.0026195535653275514,0.0025503756186949413,0.0040724802310369516,0.0027638901302903178,0.0051699527903234302,0.058739488026900086,0.036090727151434285,0.041260679941757715,0.0051699527903234302,0,0,0,0,0,0.54849023090586146,-1.7695455194377318e-05,0.00086867415108986094,0.011252890909306241,0,0.00020633882394572776
163,12,7,0.21904569892208256,0.047981018216263646,1,-1,1,0,3,-1,0,9,0.06074009859884974,0.060789679196644325,4.9580597794585124e-05,0.044074343265879647,0.044292114926324844,0.00021777166044519708,0.0038097116401587705,9.5118093343943245e-05,0.0038097116401587705,0.0037838727329611299,0.0039334202718795189,0.0038108988746544583,0.0039334202718795189,0.060787191460973972,0.044074343265879647,0.048007763537759165,0.0039334202718795189,0,0,0,0,0,1,1.7806110780493342e-05,0.00012140084413799527,0.0079610315375275402,0.0041893063689426276,-7.0201151411453065e-05
163,12,7,0.21904569892208256,0.047981018216263646,1,-1,1,0,4,-1,0,9,0.060802927602423784,0.060842513660902035,3.9586058478251196e-05,0.044352121530369507,0.044520777645085018,0.00016865611471551106,0.0037797507104202471,7.5490266467338291e-05,0.0037797507104202471,0.0037368841612034076,0.0038790543976770925,0.0037805044918970371,0.0038790543976770925,0.060840560373582389,0.044352121530369507,0.048231175928046599,0.0038790543976770925,0,0,0,0,0,1,1.893898100589413e-05,0.00010139118811427812,0.0074926813532581243,0.0043341246328567062,-7.5138545332541112e-05
163,12,7,0.21904569892208256,0.047981018216263646,1,-1,3,1,1,-1,1,1452,0.018339487613928878,0.061082861183240897,0.042743373569312015,0.0022681787858572383,0.045630420280186795,0.043362241494329559,0.0025415755513040236,0.00077611266395964033,0.0025415755513040236,0.002513196027827137,0.0037130168848777067,0.0026574343171835648,0.0037312944355147315,0.060360240160106736,0.042608124866931343,0.046339419302446075,0.0037312944355147315,0,0,0,0,0,0.92230483271375463,-0.007086962199513408,0.00086867415108986094,0.020814464359907556,0,0.022368433660955478
164,5,13,0.21954272611267403,0.048199008588984606,1,1,1,0,1,-1,1,1638,0.015316877918612408,0.062323047807865434,0.047006169889253026,0.0016888834030131398,0.057304869913275512,0.055615986510262373,0.0025034301841618399,0.00080771873558362409,0.0025034301841618399,0.0024957922998264659,0.0037205921113456549,0.0026305079818896939,0.0037441789768338646,0.060360240160106736,0.04259524032561221,0.046339419302446075,0.0037441789768338646,0,0,0,0,0,0.61156716417910451,-5.5880995120863804e-05,0.00086404581879523607,0.011983209207317739,0,0.003308560042018004
164,5,13,0.21954272611267403,0.048199008588984606,1,1,3,1,1,-1,1,1447,0.018465643762508338,0.061058169617367986,0.042592525854859647,0.0022993984845102039,0.045496997998665772,0.043197599514155569,0.0025538995872544418,0.00077651957226646331,0.0025538995872544418,0.0025257166487146314,0.0037258955906555756,0.0026693418192302197,0.0037441789768338646,0.060360240160106736,0.04259524032561221,0.046339419302446075,0.0037441789768338646,0,0,0,0,0,0.92081784386617105,-0.0070968464823790755,0.00086404581879523607,0.03707778173488032,0,0.022403650302521564
164,5,13,0.21954272611267403,0.048199008588984606,1,-1,1,0,1,-1,0,8,0.018799147253391955,0.018953453913123232,0.00015430665973127644,0.002398935248129752,0.0024468930375167505,4.7957789386998424e-05,0.0013024657258079225,1.7560750167628531e-05,0.0013024657258079225,0.0012965853494677118,0.001333099219419674,0.0013025841035613816,0.0013394963926929709,0.018953453913123232,0.002401601067378252,0.003741097460071223,0.0013394963926929709,0,0,0,0,0,0.88888888888888884,-2.8266819414977606e-07,8.1113648072897377e-06,0.0017869675160876908,0,1.2702391121508525e-06
164,5,13,0.21954272611267403,0.048199008588984606,1,-1,1,0,2,-1,0,11,0.019014431893306424,0.019237462636233098,0.0002230307429266741,0.002462850441856638,0.0025303415339792872,6.7491092122649171e-05,0.0013200571128175777,2.8188370828588829e-05,0.0013200571128175777,0.0013088909562348583,0.001369732683744589,0.0013203580443766946,0.0013713034270071258,0.019237462636233098,0.0024683122081387591,0.0038396156351458849,0.0013713034270071258,0,0,0,0,0,1,8.3807178079978734e-07,1.2494220821013062e-05,0.0025110786165944993,0.00087911374049085185,-3.0913638748792674e-06
164,5,13,0.21954272611267403,0.048199008588984606,1,-1,1,0,3,-1,1,1534,0.019227591654755308,0.060736719189081641,0.041509127534326333,0.0025253719254908695,0.04405626138252404,0.04153088945703317,0.0026327431977502874,0.00087557069635352442,0.0026327431977502874,0.0025657184300372955,0.0040263008445985985,0.0027745199205652508,0.005166658889032609,0.058738273275337913,0.036090727151434285,0.041257386040466894,0.005166658889032609,0,0,0,0,0,0.5472707813057438,-1.8867032592531793e-05,0.00086404581879523607,0.011247382516259055,0,0.00020418287140711613
164,5,13,0.21954272611267403,0.048199008588984606,1,-1,1,0,4,-1,0,9,0.06074282122710406,0.060789515267821621,4.6694040717561169e-05,0.044080905074192531,0.044280368551279231,0.00019946347708670042,0.0038131297716466725,8.8031377482916776e-05,0.0038131297716466725,0.0037827089351496132,0.0039268584635667042,0.0038141457993684171,0.0039268584635667042,0.060787191460973979,0.044080905074192531,0.048007763537759235,0.0039268584635667042,0,0,0,0,0,1,1.8861401539552928e-05,0.0001145638658583066,0.0078096095526708313,0.0043181735169371561,-7.4586490089509632e-05
164,5,13,0.21954272611267403,0.048199008588984606,1,-1,1,0,5,-1,0,9,0.060805613406194933,0.060842359565195167,3.6746159000233813e-05,0.044354190394257566,0.044508997569333505,0.00015480717507593972,0.003784221899444985,7.0085341429298507e-05,0.003784221899444985,0.0037358787065813054,0.0038769855337890333,0.0037848708484335726,0.0038769855337890333,0.060840560373582389,0.044354190394257566,0.048231175928046599,0.0038769855337890333,0,0,0,0,0,1,1.776614955882709e-05,9.4392293841511087e-05,0.0072680744791174517,0.004199622973891412,-7.0547332491346183e-05
164,5,13,0.21954272611267403,0.048199008588984606,1,-1,3,1,1,-1,1,1447,0.018465643762508338,0.061058169617367986,0.042592525854859647,0.0022993984845102039,0.045496997998665772,0.043197599514155569,0.0025538995872544418,0.00077651957226646331,0.0025538995872544418,0.0025257166487146314,0.0037258955906555756,0.0026693418192302197,0.0037441789768338646,0.060360240160106736,0.04259524032561221,0.046339419302446075,0.0037441789768338646,0,0,0,0,0,0.92081784386617105,-0.0070968464823790755,0.00086404581879523607,0.020771508280946357,0,0.022403650302521564
165,13,5,0.21954272611267403,0.048199008588984606,1,1,1,0,1,-1,1,1638,0.015316877918612408,0.062323047807865434,0.047006169889253026,0.0016888834030131398,0.057304869913275512,0.055615986510262373,0.0025034301841618399,0.00080771873558362409,0.0025034301841618399,0.0024957922998264659,0.0037205921113456549,0.0026305079818896939,0.0037441789768338646,0.060360240160106736,0.04259524032561221,0.046339419302446075,0.0037441789768338646,0,0,0,0,0,0.61156716417910451,-5.5880995120863804e-05,0.00086404581879523607,0.011983209207317739,0,0.003308560042018004
165,13,5,0.21954272611267403,0.048199008588984606,1,1,3,1,1,-1,1,1447,0.018465643762508338,0.061058169617367986,0.042592525854859647,0.0022993984845102039,0.045496997998665772,0.043197599514155569,0.0025538995872544418,0.00077651957226646331,0.0025538995872544418,0.0025257166487146314,0.0037258955906555756,0.0026693418192302197,0.0037441789768338646,0.060360240160106736,0.04259524032561221,0.046339419302446075,0.0037441789768338646,0,0,0,0,0,0.92081784386617105,-0.0070968464823790755,0.00086404581879523607,0.03707778173488032,0,0.022403650302521564
165,13,5,0.21954272611267403,0.048199008588984606,1,-1,1,0,1,-1,0,8,0.018799147253391955,0.018953453913123232,0.00015430665973127644,0.002398935248129752,0.0024468930375167505,4.7957789386998424e-05,0.0013024657258079225,1.7560750167628531e-05,0.0013024657258079225,0.0012965853494677118,0.001333099219419674,0.0013025841035613816,0.0013394963926929709,0.018953453913123232,0.002401601067378252,0.003741097460071223,0.0013394963926929709,0,0,0,0,0,0.88888888888888884,-2.8266819414977606e-07,8.1113648072897377e-06,0.0017869675160876908,0,1.2702391121508525e-06
165,13,5,0.21954272611267403,0.048199008588984606,1,-1,1,0,2,-1,0,11,0.019014431893306424,0.019237462636233098,0.0002230307429266741,0.002462850441856638,0.0025303415339792872,6.7491092122649171e-05,0.0013200571128175777,2.8188370828588829e-05,0.0013200571128175777,0.0013088909562348583,0.001369732683744589,0.0013203580443766946,0.0013713034270071258,0.019237462636233098,0.0024683122081387591,0.0038396156351458849,0.0013713034270071258,0,0,0,0,0,1,8.3807178079978734e-07,1.2494220821013062e-05,0.0025110786165944993,0.00087911374049085185,-3.0913638748792674e-06
165,13,5,0.21954272611267403,0.048199008588984606,1,-1,1,0,3,-1,1,1534,0.019227591654755308,0.060736719189081641,0.041509127534326333,0.0025253719254908695,0.04405626138252404,0.04153088945703317,0.0026327431977502874,0.00087557069635352442,0.0026327431977502874,0.0025657184300372955,0.0040263008445985985,0.0027745199205652508,0.005166658889032609,0.058738273275337913,0.036090727151434285,0.041257386040466894,0.005166658889032609,0,0,0,0,0,0.5472707813057438,-1.8867032592531793e-05,0.00086404581879523607,0.011247382516259055,0,0.00020418287140711613
165,13,5,0.21954272611267403,0.048199008588984606,1,-1,1,0,4,-1,0,9,0.06074282122710406,0.060789515267821621,4.6694040717561169e-05,0.044080905074192531,0.044280368551279231,0.00019946347708670042,0.0038131297716466725,8.8031377482916776e-05,0.0038131297716466725,0.0037827089351496132,0.0039268584635667042,0.0038141457993684171,0.0039268584635667042,0.060787191460973979,0.044080905074192531,0.048007763537759235,0.0039268584635667042,0,0,0,0,0,1,1.8861401539552928e-05,0.0001145638658583066,0.0078096095526708313,0.0043181735169371561,-7.4586490089509632e-05
165,13,5,0.21954272611267403,0.048199008588984606,1,-1,1,0,5,-1,0,9,0.060805613406194933,0.060842359565195167,3.6746159000233813e-05,0.044354190394257566,0.044508997569333505,0.00015480717507593972,0.003784221899444985,7.0085341429298507e-05,0.003784221899444985,0.0037358787065813054,0.0038769855337890333,0.0037848708484335726,0.0038769855337890333,0.060840560373582389,0.044354190394257566,0.048231175928046599,0.0038769855337890333,0,0,0,0,0,1,1.776614955882709e-05,9.4392293841511087e-05,0.0072680744791174517,0.004199622973891412,-7.0547332491346183e-05
165,13,5,0.21954272611267403,0.048199008588984606,1,-1,3,1,1,-1,1,1447,0.018465643762508338,0.061058169617367986,0.042592525854859647,0.0022993984845102039,0.045496997998665772,0.043197599514155569,0.0025538995872544418,0.00077651957226646331,0.0025538995872544418,0.0025257166487146314,0.0037258955906555756,0.0026693418192302197,0.0037441789768338646,0.060360240160106736,0.04259524032561221,0.046339419302446075,0.0037441789768338646,0,0,0,0,0,0.92081784386617105,-0.0070968464823790755,0.00086404581879523607,0.020771508280946357,0,0.022403650302521564
166,0,14,0.22056699782255004,0.048649800528452795,1,1,1,0,1,-1,1,1625,0.015316877918612408,0.0623217180909919,0.047004840172379492,0.0016903802960072981,0.057304869913275505,0.055614489617268205,0.0025235417500321933,0.00081272819240587419,0.0025235417500321933,0.0025150069341383918,0.0037476294181330904,0.0026511865416991814,0.0037708234900658555,0.060360240160106736,0.042568595812380219,0.046339419302446075,0.0037708234900658555,0,0,0,0,0,0.60671641791044773,-5.3383552477967672e-05,0.00085448037553988176,0.011851927152129044,0,0.0033147965242865014
166,0,14,0.22056699782255004,0.048649800528452795,1,1,3,1,1,-1,1,1440,0.018625750500333556,0.061019451078798553,0.042393700578464998,0.002334202994223275,0.045296864576384252,0.042962661582160978,0.0025766471794486864,0.00077879912499845456,0.0025766471794486864,0.0025489767826676422,0.0037519111140327608,0.0026917724206290601,0.0037708234900658555,0.060360240160106736,0.042568595812380219,0.046339419302446075,0.0037708234900658555,0,0,0,0,0,0.921875,-0.0071172914698241401,0.00085448037553988176,0.037023293224982302,0,0.022476505496565803
166,0,14,0.22056699782255004,0.048649800528452795,1,-1,1,0,1,-1,0,9,0.019059925196545376,0.019223327866566709,0.00016340267002133355,0.002464247549763723,0.0025160579611511564,5.1810411387433458e-05,0.0013315006229328305,2.1709713903366095e-05,0.0013315006229328305,0.0013271809169243701,0.0013666068156782153,0.0013316775963228792,0.0013667648325749672,0.019212808539026016,0.002464247549763723,0.0038310123823386902,0.0013667648325749672,0,0,0,0,0,1,4.182271924151851e-07,9.3566498410928392e-06,0.0020909966259157319,0.00061626559766798385,-1.5191331474763096e-06
166,0,14,0.22056699782255004,0.048649800528452795,1,-1,1,0,2,-1,1,1529,0.019272711517090767,0.060683590015329469,0.041410878498238698,0.0025291219878249053,0.043811310435918675,0.041282188448093768,0.0026567106743106039,0.0008826646365556783,0.0026567106743106039,0.0025896664317010126,0.0041322094638650692,0.0027995014676941809,0.0052191308658447039,0.058583651237261239,0.035623749166110739,0.040842880031955443,0.0052191308658447039,0,0,0,0,0,0.54783231816553202,-1.8074628990779901e-05,0.00085448037553988176,0.011171743856710652,0,0.00019993721759117334
166,0,14,0.22056699782255004,0.048649800528452795,1,-1,1,0,3,-1,0,11,0.060684573839629663,0.060736373155578192,5.1799315948529434e-05,0.043816249516943795,0.044031357874599282,0.00021510835765548714,0.0038350958536974918,9.3568795502947595e-05,0.0038350958536974918,0.0037590664606732549,0.0039717454333910648,0.0038362371311663683,0.0039717454333910648,0.060733822548365575,0.043816249516943795,0.04778799495033486,0.0039717454333910648,0,0,0,0,0,1,1.7480516657352753e-05,0.00011999168145892874,0.0082428792620413572,0.0041509465757615651,-6.892142989930665e-05
166,0,14,0.22056699782255004,0.048649800528452795,1,-1,1,0,4,-1,0,9,0.06074845147056801,0.060789185454253054,4.0733983685044273e-05,0.044086604699928297,0.044256077702456702,0.00016947300252840442,0.0038219898161589005,7.5966142985285461e-05,0.0038219898161589005,0.0037804823960843476,0.0039211588378309375,0.0038227446958569449,0.0039211588378309375,0.060787191460973979,0.044086604699928297,0.048007763537759235,0.0039211588378309375,0,0,0,0,0,1,1.7325962735265695e-05,0.00010029682233654986,0.0073843587662611315,0.0041438338053772774,-6.8685434426350101e-05
166,0,14,0.22056699782255004,0.048649800528452795,1,-1,3,1,1,-1,1,1440,0.018625750500333556,0.061019451078798553,0.042393700578464998,0.002334202994223275,0.045296864576384252,0.042962661582160978,0.0025766471794486864,0.00077879912499845456,0.0025766471794486864,0.0025489767826676422,0.0037519111140327608,0.0026917724206290601,0.0037708234900658555,0.060360240160106736,0.042568595812380219,0.046339419302446075,0.0037708234900658555,0,0,0,0,0,0.921875,-0.0071172914698241401,0.00085448037553988176,0.02067619543080889,0,0.022476505496565803
167,14,0,0.22056699782255004,0.048649800528452795,1,1,1,0,1,-1,1,1625,0.015316877918612408,0.0623217180909919,0.047004840172379492,0.0016903802960072981,0.057304869913275505,0.055614489617268205,0.0025235417500321933,0.00081272819240587419,0.0025235417500321933,0.0025150069341383918,0.0037476294181330904,0.0026511865416991814,0.0037708234900658555,0.060360240160106736,0.042568595812380219,0.046339419302446075,0.0037708234900658555,0,0,0,0,0,0.60671641791044773,-5.3383552477967672e-05,0.00085448037553988176,0.011851927152129044,0,0.0033147965242865014
167,14,0,0.22056699782255004,0.048649800528452795,1,1,3,1,1,-1,1,1440,0.018625750500333556,0.061019451078798553,0.042393700578464998,0.002334202994223275,0.045296864576384252,0.042962661582160978,0.0025766471794486864,0.00077879912499845456,0.0025766471794486864,0.0025489767826676422,0.0037519111140327608,0.0026917724206290601,0.0037708234900658555,0.060360240160106736,0.042568595812380219,0.046339419302446075,0.0037708234900658555,0,0,0,0,0,0.921875,-0.0071172914698241401,0.00085448037553988176,0.037023293224982302,0,0.022476505496565803
167,14,0,0.22056699782255004,0.048649800528452795,1,-1,1,0,1,-1,0,9,0.019059925196545376,0.019223327866566709,0.00016340267002133355,0.002464247549763723,0.0025160579611511564,5.1810411387433458e-05,0.0013315006229328305,2.1709713903366095e-05,0.0013315006229328305,0.0013271809169243701,0.0013666068156782153,0.0013316775963228792,0.0013667648325749672,0.019212808539026016,0.002464247549763723,0.0038310123823386902,0.0013667648325749672,0,0,0,0,0,1,4.182271924151851e-07,9.3566498410928392e-06,0.0020909966259157319,0.00061626559766798385,-1.5191331474763096e-06
167,14,0,0.22056699782255004,0.048649800528452795,1,-1,1,0,2,-1,1,1529,0.019272711517090767,0.060683590015329469,0.041410878498238698,0.0025291219878249053,0.043811310435918675,0.041282188448093768,0.0026567106743106039,0.0008826646365556783,0.0026567106743106039,0.0025896664317010126,0.0041322094638650692,0.0027995014676941809,0.0052191308658447039,0.058583651237261239,0.035623749166110739,0.040842880031955443,0.0052191308658447039,0,0,0,0,0,0.54783231816553202,-1.8074628990779901e-05,0.00085448037553988176,0.011171743856710652,0,0.00019993721759117334
167,14,0,0.22056699782255004,0.048649800528452795,1,-1,1,0,3,-1,0,11,0.060684573839629663,0.060736373155578192,5.1799315948529434e-05,0.043816249516943795,0.044031357874599282,0.00021510835765548714,0.0038350958536974918,9.3568795502947595e-05,0.0038350958536974918,0.0037590664606732549,0.0039717454333910648,0.0038362371311663683,0.0039717454333910648,0.060733822548365575,0.043816249516943795,0.04778799495033486,0.0039717454333910648,0,0,0,0,0,1,1.7480516657352753e-05,0.00011999168145892874,0.0082428792620413572,0.0041509465757615651,-6.892142989930665e-05
167,14,0,0.22056699782255004,0.048649800528452795,1,-1,1,0,4,-1,0,9,0.06074845147056801,0.060789185454253054,4.0733983685044273e-05,0.044086604699928297,0.044256077702456702,0.00016947300252840442,0.0038219898161589005,7.5966142985285461e-05,0.0038219898161589005,0.0037804823960843476,0.0039211588378309375,0.0038227446958569449,0.0039211588378309375,0.060787191460973979,0.044086604699928297,0.048007763537759235,0.0039211588378309375,0,0,0,0,0,1,1.7325962735265695e-05,0.00010029682233654986,0.0073843587662611315,0.0041438338053772774,-6.8685434426350101e-05
167,14,0,0.22056699782255004,0.048649800528452795,1,-1,3,1,1,-1,1,1440,0.018625750500333556,0.061019451078798553,0.042393700578464998,0.002334202994223275,0.045296864576384252,0.042962661582160978,0.0025766471794486864,0.00077879912499845456,0.0025766471794486864,0.0025489767826676422,0.0037519111140327608,0.0026917724206290601,0.0037708234900658555,0.060360240160106736,0.042568595812380219,0.046339419302446075,0.0037708234900658555,0,0,0,0,0,0.921875,-0.0071172914698241401,0.00085448037553988176,0.02067619543080889,0,0.022476505496565803
168,1,14,0.22113123138339871,0.048899021493138219,1,1,1,0,1,-1,1,1621,0.015316877918612408,0.062321058809763491,0.047004180891151083,0.0016910223982556035,0.057304869913275512,0.05561384751501991,0.0025379551619542132,0.000814215398552652,0.0025379551619542132,0.002531074063342062,0.003763134526185874,0.0026653635998359197,0.0037855331320216373,0.060306871247498332,0.042358309569231582,0.04614384270125322,0.0037855331320216373,0,0,0,0,0,0.60507652108995891,-5.2042257584227088e-05,0.00084918902922177764,0.011792883735109675,0,0.0033183908108632906
168,1,14,0.22113123138339871,0.048899021493138219,1,1,3,1,1,-1,1,1435,0.018785857238158774,0.061008381671070408,0.042222524432911634,0.0023753454173997268,0.045230153435623748,0.042854808018224021,0.002592273504718255,0.00077930448379669984,0.002592273504718255,0.002565383217856182,0.0037676952891652266,0.0027068796430077756,0.0037855331320216373,0.060306871247498332,0.042358309569231582,0.04614384270125322,0.0037855331320216373,0,0,0,0,0,0.92113095238095233,-0.0071285994210848842,0.00084918902922177764,0.037017232773540264,0,0.022516807575667423
168,1,14,0.22113123138339871,0.048899021493138219,1,-1,1,0,1,-1,0,9,0.019085136949617811,0.019220248830309723,0.00013511188069191202,0.00246497952764677,0.0025081612676042834,4.318173995751344e-05,0.001334599512909586,1.8363945793677138e-05,0.001334599512909586,0.0013262769062547686,0.001365737912844065,0.0013347258498896382,0.0013660328546919202,0.019212808539026016,0.00246497952764677,0.0038310123823386902,0.0013660328546919202,0,0,0,0,0,1,1.8177220323064344e-07,7.6270941978702749e-06,0.0018982125335436485,0.0003937843119182537,-6.2026433725173018e-07
168,1,14,0.22113123138339871,0.048899021493138219,1,-1,1,0,2,-1,1,1537,0.019297717032193799,0.060683398072752477,0.041385681040558675,0.0025299424545287084,0.043797638237964384,0.041267695783435678,0.0026673011762143426,0.0008891558360532314,0.0026673011762143426,0.0025990877016105161,0.0041317622587300285,0.0028115998409129874,0.0052143238765955599,0.058581837583955743,0.035623749166110739,0.040838073042706299,0.0052143238765955599,0,0,0,0,0,0.55069867431028308,-1.8172286124227232e-05,0.00084918902922177764,0.011123456392774553,0,0.00019749902172112727
168,1,14,0.22113123138339871,0.048899021493138219,1,-1,1,0,3,-1,0,9,0.060687719303105667,0.060736187358992062,4.8468055886395633e-05,0.043818662762344321,0.044017937316986694,0.00019927455464237298,0.0038572913647255489,8.8612961370653683e-05,0.0038572913647255489,0.0038299743026894775,0.0039693321879905388,0.0038583090764360969,0.0039693321879905388,0.060733822548365575,0.043818662762344321,0.04778799495033486,0.0039693321879905388,0,0,0,0,0,1,1.5935090194977317e-05,0.00011222522419228174,0.0075800365716160228,0.0039649423870490438,-6.288307253047269e-05
168,1,14,0.22113123138339871,0.048899021493138219,1,-1,1,0,4,-1,0,9,0.060751564158672319,0.06078900815744348,3.7443998771161113e-05,0.04408835728494679,0.044242648472147657,0.00015429118720086676,0.0038272215455668157,6.9959664625832138e-05,0.0038272215455668157,0.003779341492483955,0.0039194062528124379,0.0038278609057181539,0.0039194062528124379,0.060787191460973986,0.04408835728494679,0.048007763537759228,0.0039194062528124379,0,0,0,0,0,1,1.5686315887283343e-05,9.2332029445145469e-05,0.0071172319953149571,0.0039440705815588159,-6.222277100927078e-05
168,1,14,0.22113123138339871,0.048899021493138219,1,-1,3,1,1,-1,1,1435,0.018785857238158774,0.061008381671070408,0.042222524432911634,0.0023753454173997268,0.045230153435623748,0.042854808018224021,0.002592273504718255,0.00077930448379669984,0.002592273504718255,0.002565383217856182,0.0037676952891652266,0.0027068796430077756,0.0037855331320216373,0.060306871247498332,0.042358309569231582,0.04614384270125322,0.0037855331320216373,0,0,0,0,0,0.92113095238095233,-0.0071285994210848842,0.00084918902922177764,0.020625568825163625,0,0.022516807575667423
169,14,1,0.22113123138339871,0.048899021493138219,1,1,1,0,1,-1,1,1621,0.015316877918612408,0.062321058809763491,0.047004180891151083,0.0016910223982556035,0.057304869913275512,0.05561384751501991,0.0025379551619542132,0.000814215398552652,0.0025379551619542132,0.002531074063342062,0.003763134526185874,0.0026653635998359197,0.0037855331320216373,0.060306871247498332,0.042358309569231582,0.04614384270125322,0.0037855331320216373,0,0,0,0,0,0.60507652108995891,-5.2042257584227088e-05,0.00084918902922177764,0.011792883735109675,0,0.0033183908108632906
169,14,1,0.22113123138339871,0.048899021493138219,1,1,3,1,1,-1,1,1435,0.018785857238158774,0.061008381671070408,0.042222524432911634,0.0023753454173997268,0.045230153435623748,0.042854808018224021,0.002592273504718255,0.00077930448379669984,0.002592273504718255,0.002565383217856182,0.0037676952891652266,0.0027068796430077756,0.0037855331320216373,0.060306871247498332,0.042358309569231582,0.04614384270125322,0.0037855331320216373,0,0,0,0,0,0.92113095238095233,-0.0071285994210848842,0.00084918902922177764,0.037017232773540264,0,0.022516807575667423
169,14,1,0.22113123138339871,0.048899021493138219,1,-1,1,0,1,-1,0,9,0.019085136949617811,0.019220248830309723,0.00013511188069191202,0.00246497952764677,0.0025081612676042834,4.318173995751344e-05,0.001334599512909586,1.8363945793677138e-05,0.001334599512909586,0.0013262769062547686,0.001365737912844065,0.0013347258498896382,0.0013660328546919202,0.019212808539026016,0.00246497952764677,0.0038310123823386902,0.0013660328546919202,0,0,0,0,0,1,1.8177220323064344e-07,7.6270941978702749e-06,0.0018982125335436485,0.0003937843119182537,-6.2026433725173018e-07
169,14,1,0.22113123138339871,0.048899021493138219,1,-1,1,0,2,-1,1,1537,0.019297717032193799,0.060683398072752477,0.041385681040558675,0.0025299424545287084,0.043797638237964384,0.041267695783435678,0.0026673011762143426,0.0008891558360532314,0.0026673011762143426,0.0025990877016105161,0.0041317622587300285,0.0028115998409129874,0.0052143238765955599,0.058581837583955743,0.035623749166110739,0.040838073042706299,0.0052143238765955599,0,0,0,0,0,0.55069867431028308,-1.8172286124227232e-05,0.00084918902922177764,0.011123456392774553,0,0.00019749902172112727
169,14,1,0.22113123138339871,0.048899021493138219,1,-1,1,0,3,-1,0,9,0.060687719303105667,0.060736187358992062,4.8468055886395633e-05,0.043818662762344321,0.044017937316986694,0.00019927455464237298,0.0038572913647255489,8.8612961370653683e-05,0.0038572913647255489,0.0038299743026894775,0.0039693321879905388,0.0038583090764360969,0.0039693321879905388,0.060733822548365575,0.043818662762344321,0.04778799495033486,0.0039693321879905388,0,0,0,0,0,1,1.5935090194977317e-05,0.00011222522419228174,0.0075800365716160228,0.0039649423870490438,-6.288307253047269e-05
169,14,1,0.22113123138339871,0.048899021493138219,1,-1,1,0,4,-1,0,9,0.060751564158672319,0.06078900815744348,3.7443998771161113e-05,0.04408835728494679,0.044242648472147657,0.00015429118720086676,0.0038272215455668157,6.9959664625832138e-05,0.0038272215455668157,0.003779341492483955,0.0039194062528124379,0.0038278609057181539,0.0039194062528124379,0.060787191460973986,0.04408835728494679,0.048007763537759228,0.0039194062528124379,0,0,0,0,0,1,1.5686315887283343e-05,9.2332029445145469e-05,0.0071172319953149571,0.0039440705815588159,-6.222277100927078e-05
169,14,1,0.22113123138339871,0.048899021493138219,1,-1,3,1,1,-1,1,1435,0.018785857238158774,0.061008381671070408,0.042222524432911634,0.0023753454173997268,0.045230153435623748,0.042854808018224021,0.002592273504718255,0.00077930448379669984,0.002592273504718255,0.002565383217856182,0.0037676952891652266,0.0027068796430077756,0.0037855331320216373,0.060306871247498332,0.042358309569231582,0.04614384270125322,0.0037855331320216373,0,0,0,0,0,0.92113095238095233,-0.0071285994210848842,0.00084918902922177764,0.020625568825163625,0,0.022516807575667423
170,2,14,0.22281522002795334,0.049646622276105265,1,1,1,0,1,-1,1,1616,0.01563709139426284,0.062319341111564466,0.04668224971730163,0.0017537247500991333,0.057304869913275519,0.055551145163176385,0.002580257983812144,0.0008173355241528692,0.002580257983812144,0.0025745005461456517,0.0038065137162061266,0.0027066157137777343,0.0038291052147023177,0.060253502334889922,0.042121691543930001,0.045950796758632319,0.0038291052147023177,0,0,0,0,0,0.60343539955190439,-4.817842331659386e-05,0.00083335232934293334,0.011607153110985272,0,0.0033297686535798446
170,2,14,0.22281522002795334,0.049646622276105265,1,1,3,1,1,-1,1,1422,0.019106070713809205,0.060947298198799196,0.041841227484989987,0.0024510365749792731,0.044907835734562931,0.042456799159583655,0.0026323274731852881,0.00078205621547141853,0.0026323274731852881,0.0026058376316385988,0.0038111694319088378,0.0027460444006322114,0.0038291052147023177,0.060253502334889922,0.042121691543930001,0.045950796758632319,0.0038291052147023177,0,0,0,0,0,0.91849646445850386,-0.0071625335243688786,0.00083335232934293334,0.036933250894629621,0,0.022637779501483171
170,2,14,0.22281522002795334,0.049646622276105265,1,-1,1,0,1,-1,0,9,0.019372876309152801,0.019486254165592198,0.00011337785643939641,0.0025322113949161028,0.0025687320907938549,3.6520695877752078e-05,0.0013638684508305544,1.6326795872090422e-05,0.0013638684508305544,0.0013540041246940969,0.0013922446027342106,0.0013639661709274119,0.0013924370553791317,0.019479653102068045,0.0025322113949161028,0.0039246484502952345,0.0013924370553791317,0,0,0,0,0,1,4.3359272207542154e-07,6.7747481934648317e-06,0.0019024187680880753,0.00064400112342861103,-1.6589497879092526e-06
170,2,14,0.22281522002795334,0.049646622276105265,1,-1,1,0,2,-1,1,1525,0.019582802507140503,0.060630054810939742,0.041047252303799242,0.0025971601481938208,0.043540095778620877,0.040942935630427058,0.0027053283454081286,0.00088908610949196224,0.0027053283454081286,0.0026393329229852658,0.0041575163080910908,0.0028476789788457958,0.005202463521692284,0.058577360712165308,0.035623749166110739,0.040826212687803023,0.005202463521692284,0,0,0,0,0,0.55074033947273382,-1.6861922306060145e-05,0.00083335232934293334,0.011023441868958025,0,0.00019056443078455934
170,2,14,0.22281522002795334,0.049646622276105265,1,-1,1,0,3,-1,0,9,0.060632294458827687,0.060682844963215223,5.0550504387535111e-05,0.04355438256320153,0.043756799885398046,0.00020241732219651587,0.0039048036079309175,9.0356430771864035e-05,0.0039048036079309175,0.0038806568919322604,0.0040183020341609853,0.0039058488835453098,0.0040189526339893325,0.060682844963215223,0.043562374916611073,0.047581327550600405,0.0040189526339893325,0,0,0,0,0,1,9.1095285455248287e-06,0.00010820219955402262,0.0071087233508102116,0.0029799209943331966,-3.5519716529870989e-05
170,2,14,0.22281522002795334,0.049646622276105265,1,-1,1,0,4,-1,0,9,0.060697154909618245,0.060735651678708383,3.8496769090137772e-05,0.04382285597390962,0.04397785660571852,0.00015500063180889923,0.0038731120105696582,7.0349909089354373e-05,0.0038731120105696582,0.0038265331897779642,0.0039658050833512688,0.0038737508639725168,0.0039662491546352888,0.060735651678708383,0.043829219479653098,0.047795468634288386,0.0039662491546352888,0,0,0,0,0,1,1.1025053099619391e-05,8.8613472055105102e-05,0.0067663400169667353,0.0032999835333736983,-4.3559565282150239e-05
170,2,14,0.22281522002795334,0.049646622276105265,1,-1,3,1,1,-1,1,1422,0.019106070713809205,0.060947298198799196,0.041841227484989987,0.0024510365749792731,0.044907835734562931,0.042456799159583655,0.0026323274731852881,0.00078205621547141853,0.0026323274731852881,0.0026058376316385988,0.0038111694319088378,0.0027460444006322114,0.0038291052147023177,0.060253502334889922,0.042121691543930001,0.045950796758632319,0.0038291052147023177,0,0,0,0,0,0.91849646445850386,-0.0071625335243688786,0.00083335232934293334,0.020459292569807528,0,0.022637779501483171
171,14,2,0.22281522002795334,0.049646622276105265,1,1,1,0,1,-1,1,1616,0.01563709139426284,0.062319341111564466,0.04668224971730163,0.0017537247500991333,0.057304869913275519,0.055551145163176385,0.002580257983812144,0.0008173355241528692,0.002580257983812144,0.0025745005461456517,0.0038065137162061266,0.0027066157137777343,0.0038291052147023177,0.060253502334889922,0.042121691543930001,0.045950796758632319,0.0038291052147023177,0,0,0,0,0,0.60343539955190439,-4.817842331659386e-05,0.00083335232934293334,0.011607153110985272,0,0.0033297686535798446
171,14,2,0.22281522002795334,0.049646622276105265,1,1,3,1,1,-1,1,1422,0.019106070713809205,0.060947298198799196,0.041841227484989987,0.0024510365749792731,0.044907835734562931,0.042456799159583655,0.0026323274731852881,0.00078205621547141853,0.0026323274731852881,0.0026058376316385988,0.0038111694319088378,0.0027460444006322114,0.0038291052147023177,0.060253502334889922,0.042121691543930001,0.045950796758632319,0.0038291052147023177,0,0,0,0,0,0.91849646445850386,-0.0071625335243688786,0.00083335232934293334,0.036933250894629621,0,0.022637779501483171
171,14,2,0.22281522002795334,0.049646622276105265,1,-1,1,0,1,-1,0,9,0.019372876309152801,0.019486254165592198,0.00011337785643939641,0.0025322113949161028,0.0025687320907938549,3.6520695877752078e-05,0.0013638684508305544,1.6326795872090422e-05,0.0013638684508305544,0.0013540041246940969,0.0013922446027342106,0.0013639661709274119,0.0013924370553791317,0.019479653102068045,0.0025322113949161028,0.0039246484502952345,0.0013924370553791317,0,0,0,0,0,1,4.3359272207542154e-07,6.7747481934648317e-06,0.0019024187680880753,0.00064400112342861103,-1.6589497879092526e-06
171,14,2,0.22281522002795334,0.049646622276105265,1,-1,1,0,2,-1,1,1525,0.019582802507140503,0.060630054810939742,0.041047252303799242,0.0025971601481938208,0.043540095778620877,0.040942935630427058,0.0027053283454081286,0.00088908610949196224,0.0027053283454081286,0.0026393329229852658,0.0041575163080910908,0.0028476789788457958,0.005202463521692284,0.058577360712165308,0.035623749166110739,0.040826212687803023,0.005202463521692284,0,0,0,0,0,0.55074033947273382,-1.6861922306060145e-05,0.00083335232934293334,0.011023441868958025,0,0.00019056443078455934
171,14,2,0.22281522002795334,0.049646622276105265,1,-1,1,0,3,-1,0,9,0.060632294458827687,0.060682844963215223,5.0550504387535111e-05,0.04355438256320153,0.043756799885398046,0.00020241732219651587,0.0039048036079309175,9.0356430771864035e-05,0.0039048036079309175,0.0038806568919322604,0.0040183020341609853,0.0039058488835453098,0.0040189526339893325,0.060682844963215223,0.043562374916611073,0.047581327550600405,0.0040189526339893325,0,0,0,0,0,1,9.1095285455248287e-06,0.00010820219955402262,0.0071087233508102116,0.0029799209943331966,-3.5519716529870989e-05
171,14,2,0.22281522002795334,0.049646622276105265,1,-1,1,0,4,-1,0,9,0.060697154909618245,0.060735651678708383,3.8496769090137772e-05,0.04382285597390962,0.04397785660571852,0.00015500063180889923,0.0038731120105696582,7.0349909089354373e-05,0.0038731120105696582,0.0038265331897779642,0.0039658050833512688,0.0038737508639725168,0.0039662491546352888,0.060735651678708383,0.043829219479653098,0.047795468634288386,0.0039662491546352888,0,0,0,0,0,1,1.1025053099619391e-05,8.8613472055105102e-05,0.0067663400169667353,0.0032999835333736983,-4.3559565282150239e-05
171,14,2,0.22281522002795334,0.049646622276105265,1,-1,3,1,1,-1,1,1422,0.019106070713809205,0.060947298198799196,0.041841227484989987,0.0024510365749792731,0.044907835734562931,0.042456799159583655,0.0026323274731852881,0.00078205621547141853,0.0026323274731852881,0.0026058376316385988,0.0038111694319088378,0.0027460444006322114,0.0038291052147023177,0.060253502334889922,0.042121691543930001,0.045950796758632319,0.0038291052147023177,0,0,0,0,0,0.91849646445850386,-0.0071625335243688786,0.00083335232934293334,0.020459292569807528,0,0.022637779501483171
172,10,10,0.22302867828578704,0.0497417913379051,1,1,1,0,1,-1,1,1610,0.016010673782521679,0.062319146352260046,0.046308472569738371,0.0018268298031420579,0.057304869913275505,0.05547804011013345,0.0025902841083111326,0.00081405967052115401,0.0025902841083111326,0.0025853359426546083,0.0038118988519418428,0.0027151915050210012,0.0038346798010320537,0.060253502334889922,0.042116116957600265,0.045950796758632319,0.0038346798010320537,0,0,0,0,0,0.60119492158327115,-4.7703091820097228e-05,0.0008313357248514292,0.011580320876280293,0,0.0033312789270788638
172,10,10,0.22302867828578704,0.0497417913379051,1,1,3,1,1,-1,1,1420,0.019106070713809205,0.060929989326418854,0.041823918612609645,0.0024479956974757687,0.044829886591060707,0.042381890893584941,0.002635614321939715,0.00078241421902288278,0.002635614321939715,0.002609154849468177,0.0038173318125449842,0.0027492971582102456,0.0038346798010320537,0.060253502334889922,0.042116116957600265,0.045950796758632319,0.0038346798010320537,0,0,0,0,0,0.91769087523277471,-0.0071668548446530171,0.0008313357248514292,0.036943426211577007,0,0.022653187718884745
172,10,10,0.22302867828578704,0.0497417913379051,1,-1,1,0,1,-1,0,9,0.019592319139154414,0.019767623441717862,0.00017530430256344764,0.0025974597793413353,0.00265105328772417,5.3593508382834745e-05,0.0013860242452549553,2.313048274568685e-05,0.0013860242452549553,0.0013814505574154955,0.001423937599600881,0.0013862172368235134,0.0014252488764408262,0.019767623441717862,0.0026017344896597729,0.0040269833661005991,0.0014252488764408262,0,0,0,0,0,1,1.0548687821439637e-06,1.0529647093768001e-05,0.0023168558778484333,0.0010054808160434908,-4.0439666857259368e-06
172,10,10,0.22302867828578704,0.0497417913379051,1,-1,1,0,2,-1,1,1514,0.019800167520846568,0.06062998550902151,0.040829817988174942,0.0026621990625987665,0.043534920684412046,0.040872721621813282,0.0027193289808473283,0.00088450762710525681,0.0027193289808473283,0.0026552225486058002,0.0041626883665556074,0.0028595635765765971,0.0052011696319639866,0.058576872139949068,0.035623749166110739,0.040824918798074726,0.0052011696319639866,0,0,0,0,0,0.54914762422923469,-1.7350904295185034e-05,0.0008313357248514292,0.011041332540110154,0,0.00018971774247972028
172,10,10,0.22302867828578704,0.0497417913379051,1,-1,1,0,3,-1,0,9,0.060633504598688277,0.060682776847741142,4.9272249052864647e-05,0.043554772873931787,0.043751734086368288,0.00019696121243650139,0.0039068311452697506,8.7988568867560017e-05,0.0039068311452697506,0.003880224042217377,0.00401798146204201,0.0039078218467454616,0.0040186785542778783,0.060682776847741142,0.043562374916611073,0.047581053470888951,0.0040186785542778783,0,0,0,0,0,1,8.48462279611427e-06,0.00010524324967063847,0.0070012252061102433,0.0028751517168802282,-3.3065989580317297e-05
172,10,10,0.22302867828578704,0.0497417913379051,1,-1,1,0,4,-1,0,9,0.060698356055791144,0.060735585680741964,3.7229624950819995e-05,0.043823225715324821,0.043972754358938451,0.00014952864361363061,0.0038751718725171754,6.8202201628813196e-05,0.0038751718725171754,0.0038261306184132968,0.0039654953465470223,0.0038757719981773035,0.0039659794209050067,0.060735585680741964,0.043829219479653091,0.047795198900558097,0.0039659794209050067,0,0,0,0,0,1,1.0396219421572241e-05,8.5572348961744605e-05,0.006650943725073361,0.0032046551077639113,-4.1079257438869306e-05
172,10,10,0.22302867828578704,0.0497417913379051,1,-1,3,1,1,-1,1,1420,0.019106070713809205,0.060929989326418854,0.041823918612609645,0.0024479956974757687,0.044829886591060707,0.042381890893584941,0.002635614321939715,0.00078241421902288278,0.002635614321939715,0.002609154849468177,0.0038173318125449842,0.0027492971582102456,0.0038346798010320537,0.060253502334889922,0.042116116957600265,0.045950796758632319,0.0038346798010320537,0,0,0,0,0,0.91769087523277471,-0.0071668548446530171,0.0008313357248514292,0.02045111546735574,0,0.022653187718884745
173,9,11,0.22412950479279772,0.050234034918664738,1,1,1,0,1,-1,1,1600,0.016010673782521679,0.062314891164285846,0.046304217381764171,0.0018278995657303478,0.057238158772515008,0.055410259206784662,0.0026167976812066685,0.00081569893223796999,0.0026167976812066685,0.0026132502725827733,0.0038398397797455297,0.0027409842853294074,0.0038633588357341528,0.060253502334889922,0.042087437922898166,0.045950796758632319,0.0038633588357341528,0,0,0,0,0,0.59805752708255511,-4.5301422229688955e-05,0.00082091732605100163,0.011445736716383699,0,0.0033393043455453007
173,9,11,0.22412950479279772,0.050234034918664738,1,1,3,1,1,-1,1,1413,0.019319546364242827,0.060905739779935457,0.041586193415692627,0.0024992722801523118,0.044696464309539691,0.042197192029387376,0.0026639271828947926,0.00078451105643108073,0.0026639271828947926,0.0026380059614311106,0.0038457250802337887,0.0027770426056199417,0.0038633588357341528,0.060253502334889922,0.042087437922898166,0.045950796758632319,0.0038633588357341528,0,0,0,0,0,0.91691505216095381,-0.0071892128019060949,0.00082091732605100163,0.03690701422714341,0,0.022732918840607748
173,9,11,0.22412950479279772,0.050234034918664738,1,-1,1,0,1,-1,1,1520,0.019849071015530399,0.060576468115572761,0.040727397100042362,0.0026638354057778985,0.043294687321014123,0.040630851915236223,0.0027462385114218287,0.00090012399909851297,0.0027462385114218287,0.0026778379613899457,0.0042811769365826008,0.0028899912067979513,0.0052504814927806925,0.05841736883817425,0.035156771180787187,0.04040725267356788,0.0052504814927806925,0,0,0,0,0,0.55333090644339278,-1.6359103120502009e-05,0.00082091732605100163,0.010959733761653172,0,0.00018516886476431112
173,9,11,0.22412950479279772,0.050234034918664738,1,-1,1,0,2,-1,0,11,0.06057391595676169,0.060629634791454938,5.5718834693248287e-05,0.043288434351506914,0.043508153509702677,0.00021971915819576221,0.0039338832953350698,9.5836834971859512e-05,0.0039338832953350698,0.0038645514516364096,0.0040718234815736581,0.0039350505054260403,0.0040733262890893795,0.060629634791454938,0.043295530353569048,0.047368856642658427,0.0040733262890893795,0,0,0,0,0,1,1.2184487306079499e-06,0.00010888575185610919,0.0070141137761684574,0.00097060437146725964,-3.7682913836454168e-06
173,9,11,0.22412950479279772,0.050234034918664738,1,-1,1,0,3,-1,0,9,0.060639763813257926,0.060682432226641721,4.2668413383795123e-05,0.043556480152147942,0.043725532219851371,0.00016905206770342907,0.0039174198312051066,7.6147514662616264e-05,0.0039174198312051066,0.0038781052716870268,0.004016466599050683,0.003918159845885354,0.0040172919681031038,0.060682432226641721,0.043562374916611073,0.047579666884714177,0.0040172919681031038,0,0,0,0,0,1,5.2394057965273911e-06,8.9818429644399891e-05,0.0063970267390585601,0.002252968310966602,-2.0303464840878817e-05
173,9,11,0.22412950479279772,0.050234034918664738,1,-1,3,1,1,-1,1,1413,0.019319546364242827,0.060905739779935457,0.041586193415692627,0.0024992722801523118,0.044696464309539691,0.042197192029387376,0.0026639271828947926,0.00078451105643108073,0.0026639271828947926,0.0026380059614311106,0.0038457250802337887,0.0027770426056199417,0.0038633588357341528,0.060253502334889922,0.042087437922898166,0.045950796758632319,0.0038633588357341528,0,0,0,0,0,0.91691505216095381,-0.0071892128019060949,0.00082091732605100163,0.020348404520458926,0,0.022732918840607748
174,11,9,0.22412950479279772,0.050234034918664738,1,1,1,0,1,-1,1,1600,0.016010673782521679,0.062314891164285846,0.046304217381764171,0.0018278995657303478,0.057238158772515008,0.055410259206784662,0.0026167976812066685,0.00081569893223796999,0.0026167976812066685,0.0026132502725827733,0.0038398397797455297,0.0027409842853294074,0.0038633588357341528,0.060253502334889922,0.042087437922898166,0.045950796758632319,0.0038633588357341528,0,0,0,0,0,0.59805752708255511,-4.5301422229688955e-05,0.00082091732605100163,0.011445736716383699,0,0.0033393043455453007
174,11,9,0.22412950479279772,0.050234034918664738,1,1,3,1,1,-1,1,1413,0.019319546364242827,0.060905739779935457,0.041586193415692627,0.0024992722801523118,0.044696464309539691,0.042197192029387376,0.0026639271828947926,0.00078451105643108073,0.0026639271828947926,0.0026380059614311106,0.0038457250802337887,0.0027770426056199417,0.0038633588357341528,0.060253502334889922,0.042087437922898166,0.045950796758632319,0.0038633588357341528,0,0,0,0,0,0.91691505216095381,-0.0071892128019060949,0.00082091732605100163,0.03690701422714341,0,0.022732918840607748
174,11,9,0.22412950479279772,0.050234034918664738,1,-1,1,0,1,-1,1,1520,0.019849071015530399,0.060576468115572761,0.040727397100042362,0.0026638354057778985,0.043294687321014123,0.040630851915236223,0.0027462385114218287,0.00090012399909851297,0.0027462385114218287,0.0026778379613899457,0.0042811769365826008,0.0028899912067979513,0.0052504814927806925,0.05841736883817425,0.035156771180787187,0.04040725267356788,0.0052504814927806925,0,0,0,0,0,0.55333090644339278,-1.6359103120502009e-05,0.00082091732605100163,0.010959733761653172,0,0.00018516886476431112
174,11,9,0.22412950479279772,0.050234034918664738,1,-1,1,0,2,-1,0,11,0.06057391595676169,0.060629634791454938,5.5718834693248287e-05,0.043288434351506914,0.043508153509702677,0.00021971915819576221,0.0039338832953350698,9.5836834971859512e-05,0.0039338832953350698,0.0038645514516364096,0.0040718234815736581,0.0039350505054260403,0.0040733262890893795,0.060629634791454938,0.043295530353569048,0.047368856642658427,0.0040733262890893795,0,0,0,0,0,1,1.2184487306079499e-06,0.00010888575185610919,0.0070141137761684574,0.00097060437146725964,-3.7682913836454168e-06
174,11,9,0.22412950479279772,0.050234034918664738,1,-1,1,0,3,-1,0,9,0.060639763813257926,0.060682432226641721,4.2668413383795123e-05,0.043556480152147942,0.043725532219851371,0.00016905206770342907,0.0039174198312051066,7.6147514662616264e-05,0.0039174198312051066,0.0038781052716870268,0.004016466599050683,0.003918159845885354,0.0040172919681031038,0.060682432226641721,0.043562374916611073,0.047579666884714177,0.0040172919681031038,0,0,0,0,0,1,5.2394057965273911e-06,8.9818429644399891e-05,0.0063970267390585601,0.002252968310966602,-2.0303464840878817e-05
174,11,9,0.22412950479279772,0.050234034918664738,1,-1,3,1,1,-1,1,1413,0.019319546364242827,0.060905739779935457,0.041586193415692627,0.0024992722801523118,0.044696464309539691,0.042197192029387376,0.0026639271828947926,0.00078451105643108073,0.0026639271828947926,0.0026380059614311106,0.0038457250802337887,0.0027770426056199417,0.0038633588357341528,0.060253502334889922,0.042087437922898166,0.045950796758632319,0.0038633588357341528,0,0,0,0,0,0.91691505216095381,-0.0071892128019060949,0.00082091732605100163,0.020348404520458926,0,0.022732918840607748
175,3,14,0.2255934763231543,0.050892416559565584,1,1,1,0,1,-1,1,1591,0.016330887258172118,0.062264576725433653,0.045933689467261535,0.0018934759070942035,0.056304202801867903,0.054410726894773699,0.0026515978107847851,0.00081648784748677994,0.0026515978107847851,0.0026454155680620331,0.0038787137377482711,0.0027744591103947198,0.0039012896964601487,0.060200133422281518,0.041858903810080443,0.045760193506540592,0.0039012896964601487,0,0,0,0,0,0.59491778774289983,-4.3502747937284933e-05,0.00080700631347277755,0.011270607493709128,0,0.0033505777559162927
175,3,14,0.2255934763231543,0.050892416559565584,1,1,3,1,1,-1,1,1401,0.019639759839893262,0.060852971019577873,0.041213211179684614,0.0025798450920074506,0.044429619746497666,0.041849774654490218,0.0027002246786899109,0.00078625092229173881,0.0027002246786899109,0.0026756607115180353,0.0038840725978451923,0.0028123662329452475,0.0039012896964601487,0.060200133422281518,0.041858903810080443,0.045760193506540592,0.0039012896964601487,0,0,0,0,0,0.91536167039522742,-0.0072191326246843447,0.00080700631347277755,0.036850874361489615,0,0.022839645582562369
175,3,14,0.2255934763231543,0.050892416559565584,1,-1,1,0,1,-1,0,11,0.020119690903086587,0.020299623620423542,0.00017993271733695443,0.0027307035476054078,0.0027877235864944292,5.7020038889021418e-05,0.0014374122647588846,2.4822634968987194e-05,0.0014374122647588846,0.0014228144209509309,0.0014830837438164319,0.0014376265795004173,0.0014844158585923684,0.020299623620423542,0.0027351567711807866,0.0042195726297731551,0.0014844158585923684,0,0,0,0,0,1,1.1114760419660971e-06,1.1247013630112741e-05,0.0025185476513091133,0.0010316632782614828,-4.2573164788529187e-06
175,3,14,0.2255934763231543,0.050892416559565584,1,-1,1,0,2,-1,1,1500,0.020322856759993058,0.060523221044384082,0.040200364284391027,0.0027954247681648598,0.043049193748233031,0.040253768980068168,0.0027884944551345115,0.00089364032614875938,0.0027884944551345115,0.0027236996615616453,0.0042779590497095,0.0029281896043178578,0.0052542050283842581,0.05836710759097892,0.035023348899266178,0.040277553927650436,0.0052542050283842581,0,0,0,0,0,0.55207949944792045,-1.645503603835484e-05,0.00080700631347277755,0.010904403286463695,0,0.00017926328023188388
175,3,14,0.2255934763231543,0.050892416559565584,1,-1,1,0,3,-1,0,9,0.060531577677059092,0.060575927677349088,4.435000028999575e-05,0.043081355465920429,0.043259265719328401,0.00017791025340797156,0.0039634155609874662,7.8898655317674124e-05,0.0039634155609874662,0.0039230890649227662,0.0040676392696913782,0.003964200790435384,0.0040676392696913782,0.060573715810540357,0.043081355465920429,0.047148994735611807,0.0040676392696913782,0,0,0,0,0,1,1.9190946404343536e-05,0.00010385128858847918,0.0075988778333431267,0.004361085884308176,-7.6076280361248087e-05
175,3,14,0.2255934763231543,0.050892416559565584,1,-1,1,0,4,-1,0,6,0.060582325477473109,0.060628617968404963,4.6292490931854058e-05,0.043295530353569048,0.043473053988759044,0.0001775236351899967,0.0039128313772603509,4.3726713403032457e-05,0.0039128313772603509,0.0038863970829087699,0.0039851466919703267,0.0039130756972410039,0.0040025863199159017,0.060628617968404963,0.043362241494329552,0.047364827814245454,0.0040025863199159017,0,0,0,0,0,0.66666666666666663,-3.1374222523668276e-06,8.8529621179806044e-05,0.0054008975868467491,0,1.3331376588125387e-05
175,3,14,0.2255934763231543,0.050892416559565584,1,-1,3,1,1,-1,1,1401,0.019639759839893262,0.060852971019577873,0.041213211179684614,0.0025798450920074506,0.044429619746497666,0.041849774654490218,0.0027002246786899109,0.00078625092229173881,0.0027002246786899109,0.0026756607115180353,0.0038840725978451923,0.0028123662329452475,0.0039012896964601487,0.060200133422281518,0.041858903810080443,0.045760193506540592,0.0039012896964601487,0,0,0,0,0,0.91536167039522742,-0.0072191326246843447,0.00080700631347277755,0.020209689558675512,0,0.022839645582562369
176,14,3,0.2255934763231543,0.050892416559565584,1,1,1,0,1,-1,1,1591,0.016330887258172118,0.062264576725433653,0.045933689467261535,0.0018934759070942035,0.056304202801867903,0.054410726894773699,0.0026515978107847851,0.00081648784748677994,0.0026515978107847851,0.0026454155680620331,0.0038787137377482711,0.0027744591103947198,0.0039012896964601487,0.060200133422281518,0.041858903810080443,0.045760193506540592,0.0039012896964601487,0,0,0,0,0,0.59491778774289983,-4.3502747937284933e-05,0.00080700631347277755,0.011270607493709128,0,0.0033505777559162927
176,14,3,0.2255934763231543,0.050892416559565584,1,1,3,1,1,-1,1,1401,0.019639759839893262,0.060852971019577873,0.041213211179684614,0.0025798450920074506,0.044429619746497666,0.041849774654490218,0.0027002246786899109,0.00078625092229173881,0.0027002246786899109,0.0026756607115180353,0.0038840725978451923,0.0028123662329452475,0.0039012896964601487,0.060200133422281518,0.041858903810080443,0.045760193506540592,0.0039012896964601487,0,0,0,0,0,0.91536167039522742,-0.0072191326246843447,0.00080700631347277755,0.036850874361489615,0,0.022839645582562369
176,14,3,0.2255934763231543,0.050892416559565584,1,-1,1,0,1,-1,0,11,0.020119690903086587,0.020299623620423542,0.00017993271733695443,0.0027307035476054078,0.0027877235864944292,5.7020038889021418e-05,0.0014374122647588846,2.4822634968987194e-05,0.0014374122647588846,0.0014228144209509309,0.0014830837438164319,0.0014376265795004173,0.0014844158585923684,0.020299623620423542,0.0027351567711807866,0.0042195726297731551,0.0014844158585923684,0,0,0,0,0,1,1.1114760419660971e-06,1.1247013630112741e-05,0.0025185476513091133,0.0010316632782614828,-4.2573164788529187e-06
176,14,3,0.2255934763231543,0.050892416559565584,1,-1,1,0,2,-1,1,1500,0.020322856759993058,0.060523221044384082,0.040200364284391027,0.0027954247681648598,0.043049193748233031,0.040253768980068168,0.0027884944551345115,0.00089364032614875938,0.0027884944551345115,0.0027236996615616453,0.0042779590497095,0.0029281896043178578,0.0052542050283842581,0.05836710759097892,0.035023348899266178,0.040277553927650436,0.0052542050283842581,0,0,0,0,0,0.55207949944792045,-1.645503603835484e-05,0.00080700631347277755,0.010904403286463695,0,0.00017926328023188388
176,14,3,0.2255934763231543,0.050892416559565584,1,-1,1,0,3,-1,0,9,0.060531577677059092,0.060575927677349088,4.435000028999575e-05,0.043081355465920429,0.043259265719328401,0.00017791025340797156,0.0039634155609874662,7.8898655317674124e-05,0.0039634155609874662,0.0039230890649227662,0.0040676392696913782,0.003964200790435384,0.0040676392696913782,0.060573715810540357,0.043081355465920429,0.047148994735611807,0.0040676392696913782,0,0,0,0,0,1,1.9190946404343536e-05,0.00010385128858847918,0.0075988778333431267,0.004361085884308176,-7.6076280361248087e-05
176,14,3,0.2255934763231543,0.050892416559565584,1,-1,1,0,4,-1,0,6,0.060582325477473109,0.060628617968404963,4.6292490931854058e-05,0.043295530353569048,0.043473053988759044,0.0001775236351899967,0.0039128313772603509,4.3726713403032457e-05,0.0039128313772603509,0.0038863970829087699,0.0039851466919703267,0.0039130756972410039,0.0040025863199159017,0.060628617968404963,0.043362241494329552,0.047364827814245454,0.0040025863199159017,0,0,0,0,0,0.66666666666666663,-3.1374222523668276e-06,8.8529621179806044e-05,0.0054008975868467491,0,1.3331376588125387e-05
176,14,3,0.2255934763231543,0.050892416559565584,1,-1,3,1,1,-1,1,1401,0.019639759839893262,0.060852971019577873,0.041213211179684614,0.0025798450920074506,0.044429619746497666,0.041849774654490218,0.0027002246786899109,0.00078625092229173881,0.0027002246786899109,0.0026756607115180353,0.0038840725978451923,0.0028123662329452475,0.0039012896964601487,0.060200133422281518,0.041858903810080443,0.045760193506540592,0.0039012896964601487,0,0,0,0,0,0.91536167039522742,-0.0072191326246843447,0.00080700631347277755,0.020209689558675512,0,0.022839645582562369
177,6,13,0.22569232216085491,0.050937024282359127,1,1,1,0,1,-1,1,1592,0.016330887258172114,0.062264488190864782,0.045933600932692664,0.0018935806965812479,0.056304202801867903,0.054410622105286653,0.0026531524630912014,0.00081658923252194327,0.0026531524630912014,0.0026464910793382642,0.0038812568877686238,0.0027759747778172777,0.0039038605402941795,0.060200133422281518,0.041856332966246412,0.045760193506540592,0.0039038605402941795,0,0,0,0,0,0.5952914798206278,-4.3833390798765045e-05,0.00080606319682119225,0.011259067890944897,0,0.0033513631078333811
177,6,13,0.22569232216085491,0.050937024282359127,1,1,3,1,1,-1,1,1400,0.019639759839893262,0.060840560373582389,0.04120080053368913,0.0025784021378825184,0.044367862055157074,0.041789459917274556,0.0027017001976576802,0.00078637883206021328,0.0027017001976576802,0.0026767334547604434,0.0038866633982951653,0.0028138186909493538,0.0039038605402941795,0.060200133422281518,0.041856332966246412,0.045760193506540592,0.0039038605402941795,0,0,0,0,0,0.91502049944092434,-0.0072211604676178202,0.00080606319682119225,0.036828467061421996,0,0.022846880285225732
177,6,13,0.22569232216085491,0.050937024282359127,1,-1,1,0,1,-1,0,9,0.020124112721654618,0.020297354659759306,0.00017324193810468874,0.0027308420998801057,0.0027862713803243327,5.5429280444226937e-05,0.0014444171058185043,2.3657646964796156e-05,0.0014444171058185043,0.0014402119578740373,0.0014827960408160968,0.0014446108333530574,0.0014835846835162965,0.020297354659759306,0.0027351567711807871,0.0042187414546970836,0.0014835846835162965,0,0,0,0,0,1,1.0857224210209543e-06,1.0919186310688409e-05,0.0023503390018898723,0.0010217780610889738,-4.1761216244909702e-06
177,6,13,0.22569232216085491,0.050937024282359127,1,-1,1,0,2,-1,1,1499,0.020327237710657722,0.060523185851207112,0.040195948140549387,0.0027955757291336816,0.043046754030339356,0.040251178301205677,0.0027907808105841103,0.00089303808804871326,0.0027907808105841103,0.0027272095208941485,0.0042784080297275555,0.0029301833661786771,0.0052534442639162252,0.058366811751945684,0.035023348899266178,0.040276793163182403,0.0052534442639162252,0,0,0,0,0,0.55171144644828851,-1.6704834085081955e-05,0.00080606319682119225,0.010896319887539118,0,0.00017888056149289693
177,6,13,0.22569232216085491,0.050937024282359127,1,-1,1,0,3,-1,0,9,0.060532170708339293,0.060575892272315184,4.3721563975890332e-05,0.043082193176703872,0.043256865778487495,0.00017467260178362365,0.0039642264125836187,7.7647222371116391e-05,0.0039642264125836187,0.0039228413547086338,0.0040668015589079357,0.0039649867769473764,0.0040668015589079357,0.060573715810540357,0.043082193176703872,0.047148994735611807,0.0040668015589079357,0,0,0,0,0,1,1.9187783813788774e-05,0.00010245275118507823,0.0075600239860900732,0.0043614207308912195,-7.6087963167390806e-05
177,6,13,0.22569232216085491,0.050937024282359127,1,-1,1,0,4,-1,0,6,0.060582895252730223,0.060628582981254057,4.5687728523834126e-05,0.043295530353569048,0.043470701349089647,0.00017517099552059878,0.0039143332419464133,4.2694114609722762e-05,0.0039143332419464133,0.0038886875661247426,0.0039850000013451591,0.0039145660700043144,0.004002447715440359,0.060628582981254057,0.043362241494329552,0.047364689209769911,0.004002447715440359,0,0,0,0,0,0.66666666666666663,-3.433744435196483e-06,8.7137618621053352e-05,0.0053610983703748522,0,1.4496778109070897e-05
177,6,13,0.22569232216085491,0.050937024282359127,1,-1,3,1,1,-1,1,1400,0.019639759839893262,0.060840560373582389,0.04120080053368913,0.0025784021378825184,0.044367862055157074,0.041789459917274556,0.0027017001976576802,0.00078637883206021328,0.0027017001976576802,0.0026767334547604434,0.0038866633982951653,0.0028138186909493538,0.0039038605402941795,0.060200133422281518,0.041856332966246412,0.045760193506540592,0.0039038605402941795,0,0,0,0,0,0.91502049944092434,-0.0072211604676178202,0.00080606319682119225,0.020190708578961689,0,0.022846880285225732
178,13,6,0.22569232216085491,0.050937024282359127,1,1,1,0,1,-1,1,1592,0.016330887258172114,0.062264488190864782,0.045933600932692664,0.0018935806965812479,0.056304202801867903,0.054410622105286653,0.0026531524630912014,0.00081658923252194327,0.0026531524630912014,0.0026464910793382642,0.0038812568877686238,0.0027759747778172777,0.0039038605402941795,0.060200133422281518,0.041856332966246412,0.045760193506540592,0.0039038605402941795,0,0,0,0,0,0.5952914798206278,-4.3833390798765045e-05,0.00080606319682119225,0.011259067890944897,0,0.0033513631078333811
178,13,6,0.22569232216085491,0.050937024282359127,1,1,3,1,1,-1,1,1400,0.019639759839893262,0.060840560373582389,0.04120080053368913,0.0025784021378825184,0.044367862055157074,0.041789459917274556,0.0027017001976576802,0.00078637883206021328,0.0027017001976576802,0.0026767334547604434,0.0038866633982951653,0.0028138186909493538,0.0039038605402941795,0.060200133422281518,0.041856332966246412,0.045760193506540592,0.0039038605402941795,0,0,0,0,0,0.91502049944092434,-0.0072211604676178202,0.00080606319682119225,0.036828467061421996,0,0.022846880285225732
178,13,6,0.22569232216085491,0.050937024282359127,1,-1,1,0,1,-1,0,9,0.020124112721654618,0.020297354659759306,0.00017324193810468874,0.0027308420998801057,0.0027862713803243327,5.5429280444226937e-05,0.0014444171058185043,2.3657646964796156e-05,0.0014444171058185043,0.0014402119578740373,0.0014827960408160968,0.0014446108333530574,0.0014835846835162965,0.020297354659759306,0.0027351567711807871,0.0042187414546970836,0.0014835846835162965,0,0,0,0,0,1,1.0857224210209543e-06,1.0919186310688409e-05,0.0023503390018898723,0.0010217780610889738,-4.1761216244909702e-06
178,13,6,0.22569232216085491,0.050937024282359127,1,-1,1,0,2,-1,1,1499,0.020327237710657722,0.060523185851207112,0.040195948140549387,0.0027955757291336816,0.043046754030339356,0.040251178301205677,0.0027907808105841103,0.00089303808804871326,0.0027907808105841103,0.0027272095208941485,0.0042784080297275555,0.0029301833661786771,0.0052534442639162252,0.058366811751945684,0.035023348899266178,0.040276793163182403,0.0052534442639162252,0,0,0,0,0,0.55171144644828851,-1.6704834085081955e-05,0.00080606319682119225,0.010896319887539118,0,0.00017888056149289693
178,13,6,0.22569232216085491,0.050937024282359127,1,-1,1,0,3,-1,0,9,0.060532170708339293,0.060575892272315184,4.3721563975890332e-05,0.043082193176703872,0.043256865778487495,0.00017467260178362365,0.0039642264125836187,7.7647222371116391e-05,0.0039642264125836187,0.0039228413547086338,0.0040668015589079357,0.0039649867769473764,0.0040668015589079357,0.060573715810540357,0.043082193176703872,0.047148994735611807,0.0040668015589079357,0,0,0,0,0,1,1.9187783813788774e-05,0.00010245275118507823,0.0075600239860900732,0.0043614207308912195,-7.6087963167390806e-05
178,13,6,0.22569232216085491,0.050937024282359127,1,-1,1,0,4,-1,0,6,0.060582895252730223,0.060628582981254057,4.5687728523834126e-05,0.043295530353569048,0.043470701349089647,0.00017517099552059878,0.0039143332419464133,4.2694114609722762e-05,0.0039143332419464133,0.0038886875661247426,0.0039850000013451591,0.0039145660700043144,0.004002447715440359,0.060628582981254057,0.043362241494329552,0.047364689209769911,0.004002447715440359,0,0,0,0,0,0.66666666666666663,-3.433744435196483e-06,8.7137618621053352e-05,0.0053610983703748522,0,1.4496778109070897e-05
178,13,6,0.22569232216085491,0.050937024282359127,1,-1,3,1,1,-1,1,1400,0.019639759839893262,0.060840560373582389,0.04120080053368913,0.0025784021378825184,0.044367862055157074,0.041789459917274556,0.0027017001976576802,0.00078637883206021328,0.0027017001976576802,0.0026767334547604434,0.0038866633982951653,0.0028138186909493538,0.0039038605402941795,0.060200133422281518,0.041856332966246412,0.045760193506540592,0.0039038605402941795,0,0,0,0,0,0.91502049944092434,-0.0072211604676178202,0.00080606319682119225,0.020190708578961689,0,0.022846880285225732
179,8,12,0.22739974270769003,0.051710642983523632,1,1,1,0,1,-1,1,1569,0.016651100733822546,0.062263103922474104,0.045612003188651558,0.0019604849219759099,0.05630420280186791,0.054343717879891999,0.0027005340813786986,0.00081713166727025903,0.0027005340813786986,0.0026955587361427863,0.0039248633976354651,0.0028214514857327895,0.0039483381246917318,0.060146764509673115,0.041623611903289122,0.045571950027980854,0.0039483381246917318,0,0,0,0,0,0.58728971962616827,-4.3541588800291586e-05,0.00078974663692218711,0.011054513486958564,0,0.0033653998153863841
179,8,12,0.22739974270769003,0.051710642983523632,1,1,3,1,1,-1,1,1385,0.019996473567113829,0.060770087430080791,0.040773613862966962,0.0026684456304202804,0.044029352901934618,0.041360907271514341,0.0027432172055270355,0.00078788310363625525,0.0027432172055270355,0.0027184049174847798,0.0039317590459547174,0.0028541199031741913,0.0039483381246917318,0.060146764509673115,0.041623611903289122,0.045571950027980854,0.0039483381246917318,0,0,0,0,0,0.91190742814483017,-0.0072563414722458296,0.00078974663692218711,0.036779908201406149,0,0.022972419369888728
179,8,12,0.22739974270769003,0.051710642983523632,1,-1,1,0,1,-1,0,9,0.020403434909545888,0.020556815711956146,0.00015338080241025787,0.0027980134616987277,0.0028494342741416695,5.1420812442941853e-05,0.0014769093406527059,2.1678117488640251e-05,0.0014769093406527059,0.0014707459964243838,0.0015126044193754414,0.0014770684280983946,0.0015126962481091821,0.020547031354236158,0.0027980134616987277,0.0043107097098079097,0.0015126962481091821,0,0,0,0,0,1,5.9965536011166373e-07,9.7765087148578322e-06,0.0021946325356708199,0.00075118245930098828,-2.2571003486459236e-06
179,8,12,0.22739974270769003,0.051710642983523632,1,-1,1,0,2,-1,1,1486,0.020604153892461879,0.060469439683734735,0.039865285791272853,0.0028628151116077655,0.042798180543146269,0.039935365431538507,0.0028145802429981243,0.00088545325628339546,0.0028145802429981243,0.0027531974043819591,0.0042479955122616542,0.0029505744209116723,0.0052573097250287956,0.058316256131221059,0.034889926617745162,0.040147236342773958,0.0052573097250287956,0,0,0,0,0,0.55180096546602297,-1.5888429203615826e-05,0.00078974663692218711,0.010788563421646415,0,0.00017212855544593649
179,8,12,0.22739974270769003,0.051710642983523632,1,-1,1,0,3,-1,0,9,0.060474459428404334,0.060522596289377971,4.8136860973636841e-05,0.042821658992206614,0.043005135450761331,0.00018347645855471689,0.0040164690288447685,8.215487234840197e-05,0.0040164690288447685,0.0039837318143385245,0.0041216941234685197,0.0040173091594648052,0.0041223974209297493,0.060522596289377971,0.042828552368245495,0.046950949789175245,0.0041223974209297493,0,0,0,0,0,1,7.5868405300722657e-06,9.7228441350356853e-05,0.006753154503334983,0.0027196386306079503,-2.9585737124380352e-05
179,8,12,0.22739974270769003,0.051710642983523632,1,-1,3,1,1,-1,1,1385,0.019996473567113829,0.060770087430080791,0.040773613862966962,0.0026684456304202804,0.044029352901934618,0.041360907271514341,0.0027432172055270355,0.00078788310363625525,0.0027432172055270355,0.0027184049174847798,0.0039317590459547174,0.0028541199031741913,0.0039483381246917318,0.060146764509673115,0.041623611903289122,0.045571950027980854,0.0039483381246917318,0,0,0,0,0,0.91190742814483017,-0.0072563414722458296,0.00078974663692218711,0.020039047278561262,0,0.022972419369888728
180,12,8,0.22739974270769003,0.051710642983523632,1,1,1,0,1,-1,1,1569,0.016651100733822546,0.062263103922474104,0.045612003188651558,0.0019604849219759099,0.05630420280186791,0.054343717879891999,0.0027005340813786986,0.00081713166727025903,0.0027005340813786986,0.0026955587361427863,0.0039248633976354651,0.0028214514857327895,0.0039483381246917318,0.060146764509673115,0.041623611903289122,0.045571950027980854,0.0039483381246917318,0,0,0,0,0,0.58728971962616827,-4.3541588800291586e-05,0.00078974663692218711,0.011054513486958564,0,0.0033653998153863841
180,12,8,0.22739974270769003,0.051710642983523632,1,1,3,1,1,-1,1,1385,0.019996473567113829,0.060770087430080791,0.040773613862966962,0.0026684456304202804,0.044029352901934618,0.041360907271514341,0.0027432172055270355,0.00078788310363625525,0.0027432172055270355,0.0027184049174847798,0.0039317590459547174,0.0028541199031741913,0.0039483381246917318,0.060146764509673115,0.041623611903289122,0.045571950027980854,0.0039483381246917318,0,0,0,0,0,0.91190742814483017,-0.0072563414722458296,0.00078974663692218711,0.036779908201406149,0,0.022972419369888728
180,12,8,0.22739974270769003,0.051710642983523632,1,-1,1,0,1,-1,0,9,0.020403434909545888,0.020556815711956146,0.00015338080241025787,0.0027980134616987277,0.0028494342741416695,5.1420812442941853e-05,0.0014769093406527059,2.1678117488640251e-05,0.0014769093406527059,0.0014707459964243838,0.0015126044193754414,0.0014770684280983946,0.0015126962481091821,0.020547031354236158,0.0027980134616987277,0.0043107097098079097,0.0015126962481091821,0,0,0,0,0,1,5.9965536011166373e-07,9.7765087148578322e-06,0.0021946325356708199,0.00075118245930098828,-2.2571003486459236e-06
180,12,8,0.22739974270769003,0.051710642983523632,1,-1,1,0,2,-1,1,1486,0.020604153892461879,0.060469439683734735,0.039865285791272853,0.0028628151116077655,0.042798180543146269,0.039935365431538507,0.0028145802429981243,0.00088545325628339546,0.0028145802429981243,0.0027531974043819591,0.0042479955122616542,0.0029505744209116723,0.0052573097250287956,0.058316256131221059,0.034889926617745162,0.040147236342773958,0.0052573097250287956,0,0,0,0,0,0.55180096546602297,-1.5888429203615826e-05,0.00078974663692218711,0.010788563421646415,0,0.00017212855544593649
180,12,8,0.22739974270769003,0.051710642983523632,1,-1,1,0,3,-1,0,9,0.060474459428404334,0.060522596289377971,4.8136860973636841e-05,0.042821658992206614,0.043005135450761331,0.00018347645855471689,0.0040164690288447685,8.215487234840197e-05,0.0040164690288447685,0.0039837318143385245,0.0041216941234685197,0.0040173091594648052,0.0041223974209297493,0.060522596289377971,0.042828552368245495,0.046950949789175245,0.0041223974209297493,0,0,0,0,0,1,7.5868405300722657e-06,9.7228441350356853e-05,0.006753154503334983,0.0027196386306079503,-2.9585737124380352e-05
180,12,8,0.22739974270769003,0.051710642983523632,1,-1,3,1,1,-1,1,1385,0.019996473567113829,0.060770087430080791,0.040773613862966962,0.0026684456304202804,0.044029352901934618,0.041360907271514341,0.0027432172055270355,0.00078788310363625525,0.0027432172055270355,0.0027184049174847798,0.0039317590459547174,0.0028541199031741913,0.0039483381246917318,0.060146764509673115,0.041623611903289122,0.045571950027980854,0.0039483381246917318,0,0,0,0,0,0.91190742814483017,-0.0072563414722458296,0.00078974663692218711,0.020039047278561262,0,0.022972419369888728
181,4,14,0.22942557369540578,0.052636093865466069,1,1,1,0,1,-1,1,1557,0.016971314209472982,0.062213022930617118,0.045241708721144136,0.0020287624476272564,0.055503669112741821,0.053474906665114563,0.0027521203965494823,0.00082009411110291479,0.0027521203965494823,0.0027512511099151739,0.0039789187585078196,0.0028717104708116652,0.0040008311906010313,0.060093395597064704,0.041385156868462558,0.045385988059063589,0.0040008311906010313,0,0,0,0,0,0.58302169035153328,-4.1067411164611369e-05,0.00077025858627601592,0.01080579765181206,0,0.0033831774942465359
181,4,14,0.22942557369540578,0.052636093865466069,1,1,3,1,1,-1,1,1370,0.02038692461641094,0.060701778600036137,0.040314853983625193,0.0027659778869927481,0.043695797198132089,0.040929819311139343,0.0027943834988137322,0.00079042213139596837,0.0027943834988137322,0.0027715353944937314,0.0039847587506478543,0.0029040224317733879,0.0040008311906010313,0.060093395597064704,0.041385156868462558,0.045385988059063589,0.0040008311906010313,0,0,0,0,0,0.9099738513261113,-0.007298460322531574,0.00077025858627601592,0.036714807569874233,0,0.023122775530163592
181,4,14,0.22942557369540578,0.052636093865466069,1,-1,1,0,1,-1,0,8,0.020694994420007662,0.020819507701405789,0.00012451328139812673,0.0028666864839020896,0.0029083923410359205,4.1705857133830879e-05,0.0015084255657763881,1.5472589238729878e-05,0.0015084255657763881,0.0015018982502026034,0.0015365968129594666,0.0015085049182901483,0.001543665811123768,0.020819507701405789,0.0028685790527018013,0.0044122448638255693,0.001543665811123768,0,0,0,0,0,0.88888888888888884,-2.5354238356308325e-07,7.4367333616754246e-06,0.001780987429968217,0,1.1110878091686328e-06
181,4,14,0.22942557369540578,0.052636093865466069,1,-1,1,0,2,-1,0,10,0.020893296048717216,0.021090175138653716,0.00019687908993649972,0.0029313461071568186,0.0029988718184454245,6.7525711288605843e-05,0.0015248388100233931,2.4264712013841926e-05,0.0015248388100233931,0.0015140050877373481,0.0015700944394718788,0.0015250318596025045,0.0015790298031356795,0.021090175138653716,0.0029352901934623079,0.0045143199965979874,0.0015790298031356795,0,0,0,0,0,0.90909090909090906,-2.8627872082413427e-07,1.2081984715612255e-05,0.002314448415146966,0,1.3887785733842731e-06
181,4,14,0.22942557369540578,0.052636093865466069,1,-1,1,0,3,-1,1,1458,0.02108985261006972,0.060362946765310337,0.03927309415524062,0.0029959392563404944,0.042343821987405141,0.039347882731064647,0.0028725941114814777,0.00088848914484650774,0.0028725941114814777,0.0028118968196233027,0.0043380840525106511,0.0030068604706284825,0.0053100409141074861,0.058098685417425106,0.034289526350900601,0.039599567265008087,0.0053100409141074861,0,0,0,0,0,0.54956652845834908,-1.5351204250584757e-05,0.00077025858627601592,0.010685337850262929,0,0.00016421430537762481
181,4,14,0.22942557369540578,0.052636093865466069,1,-1,1,0,4,-1,0,9,0.06036475883121948,0.060416030912596681,5.1272081377201628e-05,0.042353723239209613,0.042544582888299223,0.00019085964908961001,0.0040763442963589989,8.5241178031348215e-05,0.0040763442963589989,0.0040468247591510867,0.0041846209114080515,0.004077235445849395,0.0041851036623931775,0.060416030912596681,0.042361574382921936,0.046546678045315114,0.0041851036623931775,0,0,0,0,0,1,1.0152788215750665e-05,0.00010189735524831728,0.0070301145501943559,0.0031542207493872711,-3.9796434143460788e-05
181,4,14,0.22942557369540578,0.052636093865466069,1,-1,3,1,1,-1,1,1370,0.02038692461641094,0.060701778600036137,0.040314853983625193,0.0027659778869927481,0.043695797198132089,0.040929819311139343,0.0027943834988137322,0.00079042213139596837,0.0027943834988137322,0.0027715353944937314,0.0039847587506478543,0.0029040224317733879,0.0040008311906010313,0.060093395597064704,0.041385156868462558,0.045385988059063589,0.0040008311906010313,0,0,0,0,0,0.9099738513261113,-0.007298460322531574,0.00077025858627601592,0.019844708001546137,0,0.023122775530163592
182,14,4,0.22942557369540578,0.052636093865466069,1,1,1,0,1,-1,1,1557,0.016971314209472982,0.062213022930617118,0.045241708721144136,0.0020287624476272564,0.055503669112741821,0.053474906665114563,0.0027521203965494823,0.00082009411110291479,0.0027521203965494823,0.0027512511099151739,0.0039789187585078196,0.0028717104708116652,0.0040008311906010313,0.060093395597064704,0.041385156868462558,0.045385988059063589,0.0040008311906010313,0,0,0,0,0,0.58302169035153328,-4.1067411164611369e-05,0.00077025858627601592,0.01080579765181206,0,0.0033831774942465359
182,14,4,0.22942557369540578,0.052636093865466069,1,1,3,1,1,-1,1,1370,0.02038692461641094,0.060701778600036137,0.040314853983625193,0.0027659778869927481,0.043695797198132089,0.040929819311139343,0.0027943834988137322,0.00079042213139596837,0.0027943834988137322,0.0027715353944937314,0.0039847587506478543,0.0029040224317733879,0.0040008311906010313,0.060093395597064704,0.041385156868462558,0.045385988059063589,0.0040008311906010313,0,0,0,0,0,0.9099738513261113,-0.007298460322531574,0.00077025858627601592,0.036714807569874233,0,0.023122775530163592
182,14,4,0.22942557369540578,0.052636093865466069,1,-1,1,0,1,-1,0,8,0.020694994420007662,0.020819507701405789,0.00012451328139812673,0.0028666864839020896,0.0029083923410359205,4.1705857133830879e-05,0.0015084255657763881,1.5472589238729878e-05,0.0015084255657763881,0.0015018982502026034,0.0015365968129594666,0.0015085049182901483,0.001543665811123768,0.020819507701405789,0.0028685790527018013,0.0044122448638255693,0.001543665811123768,0,0,0,0,0,0.88888888888888884,-2.5354238356308325e-07,7.4367333616754246e-06,0.001780987429968217,0,1.1110878091686328e-06
182,14,4,0.22942557369540578,0.052636093865466069,1,-1,1,0,2,-1,0,10,0.020893296048717216,0.021090175138653716,0.00019687908993649972,0.0029313461071568186,0.0029988718184454245,6.7525711288605843e-05,0.0015248388100233931,2.4264712013841926e-05,0.0015248388100233931,0.0015140050877373481,0.0015700944394718788,0.0015250318596025045,0.0015790298031356795,0.021090175138653716,0.0029352901934623079,0.0045143199965979874,0.0015790298031356795,0,0,0,0,0,0.90909090909090906,-2.8627872082413427e-07,1.2081984715612255e-05,0.002314448415146966,0,1.3887785733842731e-06
182,14,4,0.22942557369540578,0.052636093865466069,1,-1,1,0,3,-1,1,1458,0.02108985261006972,0.060362946765310337,0.03927309415524062,0.0029959392563404944,0.042343821987405141,0.039347882731064647,0.0028725941114814777,0.00088848914484650774,0.0028725941114814777,0.0028118968196233027,0.0043380840525106511,0.0030068604706284825,0.0053100409141074861,0.058098685417425106,0.034289526350900601,0.039599567265008087,0.0053100409141074861,0,0,0,0,0,0.54956652845834908,-1.5351204250584757e-05,0.00077025858627601592,0.010685337850262929,0,0.00016421430537762481
182,14,4,0.22942557369540578,0.052636093865466069,1,-1,1,0,4,-1,0,9,0.06036475883121948,0.060416030912596681,5.1272081377201628e-05,0.042353723239209613,0.042544582888299223,0.00019085964908961001,0.0040763442963589989,8.5241178031348215e-05,0.0040763442963589989,0.0040468247591510867,0.0041846209114080515,0.004077235445849395,0.0041851036623931775,0.060416030912596681,0.042361574382921936,0.046546678045315114,0.0041851036623931775,0,0,0,0,0,1,1.0152788215750665e-05,0.00010189735524831728,0.0070301145501943559,0.0031542207493872711,-3.9796434143460788e-05
182,14,4,0.22942557369540578,0.052636093865466069,1,-1,3,1,1,-1,1,1370,0.02038692461641094,0.060701778600036137,0.040314853983625193,0.0027659778869927481,0.043695797198132089,0.040929819311139343,0.0027943834988137322,0.00079042213139596837,0.0027943834988137322,0.0027715353944937314,0.0039847587506478543,0.0029040224317733879,0.0040008311906010313,0.060093395597064704,0.041385156868462558,0.045385988059063589,0.0040008311906010313,0,0,0,0,0,0.9099738513261113,-0.007298460322531574,0.00077025858627601592,0.019844708001546137,0,0.023122775530163592
183,7,13,0.23274717512957135,0.054171247530795365,1,1,1,0,1,-1,1,1530,0.017558372248165442,0.062159798582165957,0.044601426334000514,0.0021579731026324864,0.054769846564376251,0.052611873461743765,0.0028341634055435408,0.00082326510259644371,0.0028341634055435408,0.0028345763224342565,0.0040630592823294107,0.0029513128669247002,0.0040870300128776418,0.059986657771847897,0.040933586731158531,0.045020616744036172,0.0040870300128776418,0,0,0,0,0,0.57388701833146283,-4.2126286257666777e-05,0.00073800919260050388,0.010388026946068326,0,0.0034148430800110077
183,7,13,0.23274717512957135,0.054171247530795365,1,1,3,1,1,-1,1,1341,0.021080720480320211,0.060557494464501524,0.039476773984181313,0.0029478136919532699,0.043028685790527016,0.040080872098573743,0.0028777581328052718,0.00079219593571362202,0.0028777581328052718,0.0028565648942317501,0.0040714553604960929,0.0029848059018113835,0.0040870300128776418,0.059986657771847897,0.040933586731158531,0.045020616744036172,0.0040870300128776418,0,0,0,0,0,0.90456586826347307,-0.0073684078938156903,0.00073800919260050388,0.036576922998660132,0,0.023372619236629345
183,7,13,0.23274717512957135,0.054171247530795365,1,-1,1,0,1,-1,0,8,0.021433064724611393,0.021567422450109053,0.00013435772549766009,0.0030665037780091072,0.0031129771222164048,4.6473344207297648e-05,0.001590393588013537,1.7107959396708217e-05,0.001590393588013537,0.0015837089559187078,0.0016212407098441729,0.0015904856010254516,0.0016285574018709585,0.021567422450109053,0.0030687124749833221,0.0046972698768542806,0.0016285574018709585,0,0,0,0,0,0.88888888888888884,-3.0149982521219371e-08,8.668141963934334e-06,0.0019566197581094755,0,2.3597639964649349e-07
183,7,13,0.23274717512957135,0.054171247530795365,1,-1,1,0,2,-1,1,1448,0.021625270954991425,0.06020295681205777,0.038577685857066349,0.0031310547330605739,0.041675904222556688,0.038544849489496116,0.0029558220175350514,0.00089701435216839776,0.0029558220175350514,0.002894731341524891,0.0044935444645023128,0.0030889348564417914,0.0053288574727171079,0.057943429186163339,0.03388925950633756,0.039218116979054668,0.0053288574727171079,0,0,0,0,0,0.55628121398386476,-1.5367044317407007e-05,0.00073800919260050388,0.010484153658902947,0,0.00015152684281654236
183,7,13,0.23274717512957135,0.054171247530795365,1,-1,1,0,3,-1,0,9,0.060205084689243175,0.060255965153356128,5.0880464112952606e-05,0.041684932842668873,0.041868360724909903,0.00018342788224103013,0.0041609422947196835,8.1798668414039102e-05,0.0041609422947196835,0.0041269473164549098,0.0042658639159634457,0.0041617462443235788,0.0042658639159634457,0.060253502334889922,0.041684932842668873,0.045950796758632319,0.0042658639159634457,0,0,0,0,0,1,1.52993020803206e-05,0.00010151204685121324,0.0073101806475721308,0.0038879434531548557,-6.0464417179718819e-05
183,7,13,0.23274717512957135,0.054171247530795365,1,-1,1,0,4,-1,0,9,0.060260379752744356,0.060309070900851768,4.8691148107411764e-05,0.041888855239154414,0.042063763482775192,0.00017490824362077773,0.0041547747611308484,7.8582102903552759e-05,0.0041547747611308484,0.0041185624679400124,0.0042563489242007663,0.0041555178332701986,0.0042572565656020731,0.060309070900851768,0.041894596397598398,0.046151852963200471,0.0042572565656020731,0,0,0,0,0,1,2.1009159695793293e-06,8.7233473939370222e-05,0.006036132267406227,0.0013873068733312199,-7.6984814431681807e-06
183,7,13,0.23274717512957135,0.054171247530795365,1,-1,3,1,1,-1,1,1341,0.021080720480320211,0.060557494464501524,0.039476773984181313,0.0029478136919532699,0.043028685790527016,0.040080872098573743,0.0028777581328052718,0.00079219593571362202,0.0028777581328052718,0.0028565648942317501,0.0040714553604960929,0.0029848059018113835,0.0040870300128776418,0.059986657771847897,0.040933586731158531,0.045020616744036172,0.0040870300128776418,0,0,0,0,0,0.90456586826347307,-0.0073684078938156903,0.00073800919260050388,0.019518586128192811,0,0.023372619236629345
184,13,7,0.23274717512957135,0.054171247530795365,1,1,1,0,1,-1,1,1530,0.017558372248165442,0.062159798582165957,0.044601426334000514,0.0021579731026324864,0.054769846564376251,0.052611873461743765,0.0028341634055435408,0.00082326510259644371,0.0028341634055435408,0.0028345763224342565,0.0040630592823294107,0.0029513128669247002,0.0040870300128776418,0.059986657771847897,0.040933586731158531,0.045020616744036172,0.0040870300128776418,0,0,0,0,0,0.57388701833146283,-4.2126286257666777e-05,0.00073800919260050388,0.010388026946068326,0,0.0034148430800110077
184,13,7,0.23274717512957135,0.054171247530795365,1,1,3,1,1,-1,1,1341,0.021080720480320211,0.060557494464501524,0.039476773984181313,0.0029478136919532699,0.043028685790527016,0.040080872098573743,0.0028777581328052718,0.00079219593571362202,0.0028777581328052718,0.0028565648942317501,0.0040714553604960929,0.0029848059018113835,0.0040870300128776418,0.059986657771847897,0.040933586731158531,0.045020616744036172,0.0040870300128776418,0,0,0,0,0,0.90456586826347307,-0.0073684078938156903,0.00073800919260050388,0.036576922998660132,0,0.023372619236629345
184,13,7,0.23274717512957135,0.054171247530795365,1,-1,1,0,1,-1,0,8,0.021433064724611393,0.021567422450109053,0.00013435772549766009,0.0030665037780091072,0.0031129771222164048,4.6473344207297648e-05,0.001590393588013537,1.7107959396708217e-05,0.001590393588013537,0.0015837089559187078,0.0016212407098441729,0.0015904856010254516,0.0016285574018709585,0.021567422450109053,0.0030687124749833221,0.0046972698768542806,0.0016285574018709585,0,0,0,0,0,0.88888888888888884,-3.0149982521219371e-08,8.668141963934334e-06,0.0019566197581094755,0,2.3597639964649349e-07
184,13,7,0.23274717512957135,0.054171247530795365,1,-1,1,0,2,-1,1,1448,0.021625270954991425,0.06020295681205777,0.038577685857066349,0.0031310547330605739,0.041675904222556688,0.038544849489496116,0.0029558220175350514,0.00089701435216839776,0.0029558220175350514,0.002894731341524891,0.0044935444645023128,0.0030889348564417914,0.0053288574727171079,0.057943429186163339,0.03388925950633756,0.039218116979054668,0.0053288574727171079,0,0,0,0,0,0.55628121398386476,-1.5367044317407007e-05,0.00073800919260050388,0.010484153658902947,0,0.00015152684281654236
184,13,7,0.23274717512957135,0.054171247530795365,1,-1,1,0,3,-1,0,9,0.060205084689243175,0.060255965153356128,5.0880464112952606e-05,0.041684932842668873,0.041868360724909903,0.00018342788224103013,0.0041609422947196835,8.1798668414039102e-05,0.0041609422947196835,0.0041269473164549098,0.0042658639159634457,0.0041617462443235788,0.0042658639159634457,0.060253502334889922,0.041684932842668873,0.045950796758632319,0.0042658639159634457,0,0,0,0,0,1,1.52993020803206e-05,0.00010151204685121324,0.0073101806475721308,0.0038879434531548557,-6.0464417179718819e-05
184,13,7,0.23274717512957135,0.054171247530795365,1,-1,1,0,4,-1,0,9,0.060260379752744356,0.060309070900851768,4.8691148107411764e-05,0.041888855239154414,0.042063763482775192,0.00017490824362077773,0.0041547747611308484,7.8582102903552759e-05,0.0041547747611308484,0.0041185624679400124,0.0042563489242007663,0.0041555178332701986,0.0042572565656020731,0.060309070900851768,0.041894596397598398,0.046151852963200471,0.0042572565656020731,0,0,0,0,0,1,2.1009159695793293e-06,8.7233473939370222e-05,0.006036132267406227,0.0013873068733312199,-7.6984814431681807e-06
184,13,7,0.23274717512957135,0.054171247530795365,1,-1,3,1,1,-1,1,1341,0.021080720480320211,0.060557494464501524,0.039476773984181313,0.0029478136919532699,0.043028685790527016,0.040080872098573743,0.0028777581328052718,0.00079219593571362202,0.0028777581328052718,0.0028565648942317501,0.0040714553604960929,0.0029848059018113835,0.0040870300128776418,0.059986657771847897,0.040933586731158531,0.045020616744036172,0.0040870300128776418,0,0,0,0,0,0.90456586826347307,-0.0073684078938156903,0.00073800919260050388,0.019518586128192811,0,0.023372619236629345
185,5,14,0.23425887311448085,0.054877219632866438,1,1,1,0,1,-1,1,1510,0.017878585723815878,0.062108638144029046,0.044230052420213169,0.0022290569718671381,0.054102735156771178,0.051873678184904043,0.0028751046049700301,0.00082383713829141305,0.0028751046049700301,0.00287859373334012,0.0041050234938138173,0.002990808272014115,0.0041263855529348609,0.05998665777184789,0.040894231191101256,0.045020616744036117,0.0041263855529348609,0,0,0,0,0,0.56661676646706582,-4.2612725146932313e-05,0.00072322700919551621,0.010203470215102754,0,0.0034302472464639686
185,5,14,0.23425887311448085,0.054877219632866438,1,1,3,1,1,-1,1,1329,0.021400933955970647,0.060498821010320065,0.039097887054349419,0.0030338139686429842,0.042761841227484991,0.039728027258842009,0.0029166465354746119,0.00079320242174537919,0.0029166465354746119,0.0028969415569612411,0.0041105552447246564,0.0030225811973806083,0.0041263855529348609,0.05998665777184789,0.040894231191101256,0.045020616744036117,0.0041263855529348609,0,0,0,0,0,0.90337078651685399,-0.0074006074882525096,0.00072322700919551621,0.036513829348681186,0,0.023487692549133018
185,5,14,0.23425887311448085,0.054877219632866438,1,-1,1,0,1,-1,0,9,0.021883494800999399,0.022051237998262696,0.00016774319726329742,0.0031978760125118393,0.0032578866684029716,6.0010655891132303e-05,0.0016443935659089983,2.5191327041635502e-05,0.0016443935659089983,0.0016404407812981871,0.0016847159368363173,0.0016445865141612433,0.0016848572301542148,0.022041360907271514,0.0031978760125118393,0.0048827332426660541,0.0016848572301542148,0,0,0,0,0,1,5.4936149026330532e-07,1.1649988568353252e-05,0.0023454187655639921,0.00071027208756751148,-2.0179457535100426e-06
185,5,14,0.23425887311448085,0.054877219632866438,1,-1,1,0,2,-1,1,1435,0.02207209759478786,0.060149736393853348,0.038077638799065491,0.0032633351905633811,0.04144815195678845,0.038184816766225066,0.0030034072833905879,0.00089722224645136901,0.0030034072833905879,0.0029443881713158565,0.0045239578421809876,0.0031345594697582105,0.0053307079294046752,0.057889163153789669,0.033755837224816544,0.039086545154221219,0.0053307079294046752,0,0,0,0,0,0.55728155339805829,-1.485693999121803e-05,0.00072322700919551621,0.010407735029473054,0,0.0001459456448515634
185,5,14,0.23425887311448085,0.054877219632866438,1,-1,1,0,3,-1,0,9,0.060159290906726642,0.060202300067414137,4.3009160687494663e-05,0.041477114993045038,0.041638023893489563,0.00016090890044452577,0.0041849045013209723,7.1649520553171265e-05,0.0041849045013209723,0.004133741998151641,0.0042830785134954988,0.0041855178101367621,0.0042830785134954988,0.060200133422281511,0.041477114993045038,0.045760193506540536,0.0042830785134954988,0,0,0,0,0,1,1.9023914602143997e-05,9.3943235990099104e-05,0.007415831495566994,0.0043453553174762714,-7.5528451340477239e-05
185,5,14,0.23425887311448085,0.054877219632866438,1,-1,1,0,4,-1,0,9,0.060215190735928001,0.060255389154491613,4.0198418563612559e-05,0.041688584500449988,0.04183075379357893,0.00014216929312894228,0.0041758029942197883,6.5303870531906985e-05,0.0041758029942197883,0.0041231657777532418,0.0042627548802351839,0.004176313594791631,0.0042631166282704192,0.060255389154491613,0.041694462975316877,0.045957579603587297,0.0042631166282704192,0,0,0,0,0,1,1.0789609004886019e-05,7.974223332397632e-05,0.0065296287968977761,0.0032673066479876685,-4.2701170927937653e-05
185,5,14,0.23425887311448085,0.054877219632866438,1,-1,3,1,1,-1,1,1329,0.021400933955970647,0.060498821010320065,0.039097887054349419,0.0030338139686429842,0.042761841227484991,0.039728027258842009,0.0029166465354746119,0.00079320242174537919,0.0029166465354746119,0.0028969415569612411,0.0041105552447246564,0.0030225811973806083,0.0041263855529348609,0.05998665777184789,0.040894231191101256,0.045020616744036117,0.0041263855529348609,0,0,0,0,0,0.90337078651685399,-0.0074006074882525096,0.00072322700919551621,0.019367590806048728,0,0.023487692549133018
186,14,5,0.23425887311448085,0.054877219632866438,1,1,1,0,1,-1,1,1510,0.017878585723815878,0.062108638144029046,0.044230052420213169,0.0022290569718671381,0.054102735156771178,0.051873678184904043,0.0028751046049700301,0.00082383713829141305,0.0028751046049700301,0.00287859373334012,0.0041050234938138173,0.002990808272014115,0.0041263855529348609,0.05998665777184789,0.040894231191101256,0.045020616744036117,0.0041263855529348609,0,0,0,0,0,0.56661676646706582,-4.2612725146932313e-05,0.00072322700919551621,0.010203470215102754,0,0.0034302472464639686
186,14,5,0.23425887311448085,0.054877219632866438,1,1,3,1,1,-1,1,1329,0.021400933955970647,0.060498821010320065,0.039097887054349419,0.0030338139686429842,0.042761841227484991,0.039728027258842009,0.0029166465354746119,0.00079320242174537919,0.0029166465354746119,0.0028969415569612411,0.0041105552447246564,0.0030225811973806083,0.0041263855529348609,0.05998665777184789,0.040894231191101256,0.045020616744036117,0.0041263855529348609,0,0,0,0,0,0.90337078651685399,-0.0074006074882525096,0.00072322700919551621,0.036513829348681186,0,0.023487692549133018
186,14,5,0.23425887311448085,0.054877219632866438,1,-1,1,0,1,-1,0,9,0.021883494800999399,0.022051237998262696,0.00016774319726329742,0.0031978760125118393,0.0032578866684029716,6.0010655891132303e-05,0.0016443935659089983,2.5191327041635502e-05,0.0016443935659089983,0.0016404407812981871,0.0016847159368363173,0.0016445865141612433,0.0016848572301542148,0.022041360907271514,0.0031978760125118393,0.0048827332426660541,0.0016848572301542148,0,0,0,0,0,1,5.4936149026330532e-07,1.1649988568353252e-05,0.0023454187655639921,0.00071027208756751148,-2.0179457535100426e-06
186,14,5,0.23425887311448085,0.054877219632866438,1,-1,1,0,2,-1,1,1435,0.02207209759478786,0.060149736393853348,0.038077638799065491,0.0032633351905633811,0.04144815195678845,0.038184816766225066,0.0030034072833905879,0.00089722224645136901,0.0030034072833905879,0.0029443881713158565,0.0045239578421809876,0.0031345594697582105,0.0053307079294046752,0.057889163153789669,0.033755837224816544,0.039086545154221219,0.0053307079294046752,0,0,0,0,0,0.55728155339805829,-1.485693999121803e-05,0.00072322700919551621,0.010407735029473054,0,0.0001459456448515634
186,14,5,0.23425887311448085,0.054877219632866438,1,-1,1,0,3,-1,0,9,0.060159290906726642,0.060202300067414137,4.3009160687494663e-05,0.041477114993045038,0.041638023893489563,0.00016090890044452577,0.0041849045013209723,7.1649520553171265e-05,0.0041849045013209723,0.004133741998151641,0.0042830785134954988,0.0041855178101367621,0.0042830785134954988,0.060200133422281511,0.041477114993045038,0.045760193506540536,0.0042830785134954988,0,0,0,0,0,1,1.9023914602143997e-05,9.3943235990099104e-05,0.007415831495566994,0.0043453553174762714,-7.5528451340477239e-05
186,14,5,0.23425887311448085,0.054877219632866438,1,-1,1,0,4,-1,0,9,0.060215190735928001,0.060255389154491613,4.0198418563612559e-05,0.041688584500449988,0.04183075379357893,0.00014216929312894228,0.0041758029942197883,6.5303870531906985e-05,0.0041758029942197883,0.0041231657777532418,0.0042627548802351839,0.004176313594791631,0.0042631166282704192,0.060255389154491613,0.041694462975316877,0.045957579603587297,0.0042631166282704192,0,0,0,0,0,1,1.0789609004886019e-05,7.974223332397632e-05,0.0065296287968977761,0.0032673066479876685,-4.2701170927937653e-05
186,14,5,0.23425887311448085,0.054877219632866438,1,-1,3,1,1,-1,1,1329,0.021400933955970647,0.060498821010320065,0.039097887054349419,0.0030338139686429842,0.042761841227484991,0.039728027258842009,0.0029166465354746119,0.00079320242174537919,0.0029166465354746119,0.0028969415569612411,0.0041105552447246564,0.0030225811973806083,0.0041263855529348609,0.05998665777184789,0.040894231191101256,0.045020616744036117,0.0041263855529348609,0,0,0,0,0,0.90337078651685399,-0.0074006074882525096,0.00072322700919551621,0.019367590806048728,0,0.023487692549133018
187,10,11,0.23441747159444323,0.054951550988731598,1,1,1,0,1,-1,1,1511,0.017878585723815878,0.062108386833563622,0.044229801109747745,0.002229202435451271,0.054102735156771185,0.051873532721319913,0.0028808195540934553,0.00082397118730505032,0.0028808195540934553,0.0028855135046690558,0.004108686432061498,0.0029963394034648533,0.0041304405215999013,0.059986657771847897,0.040890176222436271,0.045020616744036172,0.0041304405215999013,0,0,0,0,0,0.56699101796407181,-4.217712542770941e-05,0.00072167057421479658,0.010185965388229818,0,0.0034318983470419378
187,10,11,0.23441747159444323,0.054951550988731598,1,1,3,1,1,-1,1,1327,0.02145430286857905,0.060482774078116516,0.039028471209537466,0.0030497616165705405,0.04269513008672448,0.039645368470153937,0.0029205822787383654,0.00079298506434016195,0.0029205822787383654,0.0029007928433719687,0.0041150195934952383,0.0030263222166760683,0.0041304405215999013,0.059986657771847897,0.040890176222436271,0.045020616744036172,0.0041304405215999013,0,0,0,0,0,0.90265818045675772,-0.0074039986049236426,0.00072167057421479658,0.036485809886824747,0,0.023499813833731051
187,10,11,0.23441747159444323,0.054951550988731598,1,-1,1,0,1,-1,0,9,0.021890631909362517,0.022050342518265372,0.00015971060890285563,0.0031980927960074254,0.003255360938271707,5.7268142264281594e-05,0.0016453884672533111,2.4051643660116719e-05,0.0016453884672533111,0.0016401509853428585,0.0016844442063969312,0.0016455642466135906,0.0016846404466586288,0.022041360907271514,0.0031980927960074254,0.0048827332426660541,0.0016846404466586288,0,0,0,0,0,1,4.6272527788748124e-07,1.105485453292804e-05,0.0022886801945077341,0.00064950582501581942,-1.6874312669179212e-06
187,10,11,0.23441747159444323,0.054951550988731598,1,-1,1,0,2,-1,1,1439,0.022079181357593965,0.060149676105919384,0.038070494748325419,0.0032635880306246395,0.041444140902850118,0.038180552872225479,0.0030036426079893207,0.000897996542576893,0.0030036426079893207,0.0029436121435965357,0.0045216529970174852,0.0031350066518284997,0.0053291046191695848,0.057888499609073552,0.033755837224816544,0.039084941843986129,0.0053291046191695848,0,0,0,0,0,0.55883495145631068,-1.4647449088443418e-05,0.00072167057421479658,0.010391417494883903,0,0.00014537104512023235
187,10,11,0.23441747159444323,0.054951550988731598,1,-1,1,0,3,-1,0,9,0.060160378968001332,0.060202234012974962,4.1855044973629352e-05,0.041479665370230588,0.041634035497613985,0.00015437012738339639,0.0041859840531965524,6.9325705163701904e-05,0.0041859840531965524,0.004133219672907508,0.0042805281363100037,0.0041865580787816964,0.0042805281363100037,0.060200133422281518,0.041479665370230588,0.045760193506540592,0.0042805281363100037,0,0,0,0,0,1,1.9499894837029369e-05,9.1643739390193199e-05,0.0073621112124198345,0.0044010519157122547,-7.7477031859178019e-05
187,10,11,0.23441747159444323,0.054951550988731598,1,-1,3,1,1,-1,1,1327,0.02145430286857905,0.060482774078116516,0.039028471209537466,0.0030497616165705405,0.04269513008672448,0.039645368470153937,0.0029205822787383654,0.00079298506434016195,0.0029205822787383654,0.0029007928433719687,0.0041150195934952383,0.0030263222166760683,0.0041304405215999013,0.059986657771847897,0.040890176222436271,0.045020616744036172,0.0041304405215999013,0,0,0,0,0,0.90265818045675772,-0.0074039986049236426,0.00072167057421479658,0.019341301605402459,0,0.023499813833731051
188,11,10,0.23441747159444323,0.054951550988731598,1,1,1,0,1,-1,1,1511,0.017878585723815878,0.062108386833563622,0.044229801109747745,0.002229202435451271,0.054102735156771185,0.051873532721319913,0.0028808195540934553,0.00082397118730505032,0.0028808195540934553,0.0028855135046690558,0.004108686432061498,0.0029963394034648533,0.0041304405215999013,0.059986657771847897,0.040890176222436271,0.045020616744036172,0.0041304405215999013,0,0,0,0,0,0.56699101796407181,-4.217712542770941e-05,0.00072167057421479658,0.010185965388229818,0,0.0034318983470419378
188,11,10,0.23441747159444323,0.054951550988731598,1,1,3,1,1,-1,1,1327,0.02145430286857905,0.060482774078116516,0.039028471209537466,0.0030497616165705405,0.04269513008672448,0.039645368470153937,0.0029205822787383654,0.00079298506434016195,0.0029205822787383654,0.0029007928433719687,0.0041150195934952383,0.0030263222166760683,0.0041304405215999013,0.059986657771847897,0.040890176222436271,0.045020616744036172,0.0041304405215999013,0,0,0,0,0,0.90265818045675772,-0.0074039986049236426,0.00072167057421479658,0.036485809886824747,0,0.023499813833731051
188,11,10,0.23441747159444323,0.054951550988731598,1,-1,1,0,1,-1,0,9,0.021890631909362517,0.022050342518265372,0.00015971060890285563,0.0031980927960074254,0.003255360938271707,5.7268142264281594e-05,0.0016453884672533111,2.4051643660116719e-05,0.0016453884672533111,0.0016401509853428585,0.0016844442063969312,0.0016455642466135906,0.0016846404466586288,0.022041360907271514,0.0031980927960074254,0.0048827332426660541,0.0016846404466586288,0,0,0,0,0,1,4.6272527788748124e-07,1.105485453292804e-05,0.0022886801945077341,0.00064950582501581942,-1.6874312669179212e-06
188,11,10,0.23441747159444323,0.054951550988731598,1,-1,1,0,2,-1,1,1439,0.022079181357593965,0.060149676105919384,0.038070494748325419,0.0032635880306246395,0.041444140902850118,0.038180552872225479,0.0030036426079893207,0.000897996542576893,0.0030036426079893207,0.0029436121435965357,0.0045216529970174852,0.0031350066518284997,0.0053291046191695848,0.057888499609073552,0.033755837224816544,0.039084941843986129,0.0053291046191695848,0,0,0,0,0,0.55883495145631068,-1.4647449088443418e-05,0.00072167057421479658,0.010391417494883903,0,0.00014537104512023235
188,11,10,0.23441747159444323,0.054951550988731598,1,-1,1,0,3,-1,0,9,0.060160378968001332,0.060202234012974962,4.1855044973629352e-05,0.041479665370230588,0.041634035497613985,0.00015437012738339639,0.0041859840531965524,6.9325705163701904e-05,0.0041859840531965524,0.004133219672907508,0.0042805281363100037,0.0041865580787816964,0.0042805281363100037,0.060200133422281518,0.041479665370230588,0.045760193506540592,0.0042805281363100037,0,0,0,0,0,1,1.9499894837029369e-05,9.1643739390193199e-05,0.0073621112124198345,0.0044010519157122547,-7.7477031859178019e-05
188,11,10,0.23441747159444323,0.054951550988731598,1,-1,3,1,1,-1,1,1327,0.02145430286857905,0.060482774078116516,0.039028471209537466,0.0030497616165705405,0.04269513008672448,0.039645368470153937,0.0029205822787383654,0.00079298506434016195,0.0029205822787383654,0.0029007928433719687,0.0041150195934952383,0.0030263222166760683,0.0041304405215999013,0.059986657771847897,0.040890176222436271,0.045020616744036172,0.0041304405215999013,0,0,0,0,0,0.90265818045675772,-0.0074039986049236426,0.00072167057421479658,0.019341301605402459,0,0.023499813833731051
189,0,15,0.23625056391781593,0.055814328951486032,1,1,1,0,1,-1,1,1498,0.018145430286857906,0.062100427890595063,0.043954997603737153,0.0022914856238502612,0.054036024016010667,0.051744538392160408,0.0029320372336502603,0.00082353595956655352,0.0029320372336502603,0.0029396259620845487,0.0041522991970020075,0.0030454973019542601,0.0041779635122154365,0.059879919946631083,0.040485570215719614,0.044663533727935051,0.0041779635122154365,0,0,0,0,0,0.56280464941882269,-4.0575404360607156e-05,0.00070363317737206729,0.0099680659449708463,0,0.0034514552152104701
189,0,15,0.23625056391781593,0.055814328951486032,1,1,3,1,1,-1,1,1310,0.021827885256837889,0.060390095873674783,0.038562210616836894,0.0031507551040617855,0.042294863242161439,0.039144108138099654,0.0029668701864720994,0.00079293179275113891,0.0029668701864720994,0.0029479842893980011,0.0041629020532760854,0.0030710030171480656,0.0041779635122154365,0.059879919946631083,0.040485570215719614,0.044663533727935051,0.0041779635122154365,0,0,0,0,0,0.89917541229385312,-0.0074433817598891922,0.00070363317737206729,0.036445490747570398,0,0.023640615804345455
189,0,15,0.23625056391781593,0.055814328951486032,1,-1,1,0,1,-1,0,11,0.022348062614476132,0.02253131699746826,0.00018325438299212835,0.0033309234504399357,0.0033981325490394683,6.720909859953255e-05,0.0016926238186518304,2.8078276310148282e-05,0.0016926238186518304,0.0016753352056398823,0.0017432839925179578,0.0016928566924190758,0.001743656277757819,0.022521681120747164,0.0033309234504399357,0.0050745797281977548,0.001743656277757819,0,0,0,0,0,1,2.2478424070407788e-07,1.2793722780900016e-05,0.0025289871922931206,0.00041199419126450922,-6.7895685454278799e-07
189,0,15,0.23625056391781593,0.055814328951486032,1,-1,1,0,2,-1,1,1405,0.022533056777800795,0.060042942780380033,0.037509886002579235,0.0033963521966099814,0.041025503679181674,0.037629151482571691,0.0030466405517476942,0.00088873319670197193,0.0030466405517476942,0.0029922309806295483,0.0045434550495550173,0.0031736202271969473,0.0053433810500865403,0.057783287709785559,0.033488992661774512,0.038832373711861053,0.0053433810500865403,0,0,0,0,0,0.55424063116370814,-1.4485105324718939e-05,0.00070363317737206729,0.010284763677415236,0,0.00013873085092725869
189,0,15,0.23625056391781593,0.055814328951486032,1,-1,1,0,3,-1,0,9,0.060040540127902331,0.06009594058746439,5.5400459562059134e-05,0.041020297881545993,0.041210658722222696,0.00019036084067670239,0.0042585863414826919,8.512439972514317e-05,0.0042585863414826919,0.0042295812665223836,0.0043667483022700139,0.0042594370275062764,0.0043674537187716259,0.06009594058746439,0.041027351567711812,0.045394805286483438,0.0043674537187716259,0,0,0,0,0,1,6.516069327885924e-06,9.6603077367091002e-05,0.006655995691760206,0.0025121079093098934,-2.5242744592069296e-05
189,0,15,0.23625056391781593,0.055814328951486032,1,-1,1,0,4,-1,0,6,0.060097999092081841,0.060148407568886952,5.0408476805111069e-05,0.041227484989993325,0.041398395304147531,0.00017091031415420593,0.0041983434036942874,4.0884981081453087e-05,0.0041983434036942874,0.0041740052370991231,0.0042660914230345983,0.0041985424753146613,0.0042835148867069392,0.060148407568886952,0.041294196130753837,0.045577711017460776,0.0042835148867069392,0,0,0,0,0,0.66666666666666663,-2.4095295537440324e-06,8.2833486473510019e-05,0.0052744157932164944,0,1.0361588173452147e-05
189,0,15,0.23625056391781593,0.055814328951486032,1,-1,3,1,1,-1,1,1310,0.021827885256837889,0.060390095873674783,0.038562210616836894,0.0031507551040617855,0.042294863242161439,0.039144108138099654,0.0029668701864720994,0.00079293179275113891,0.0029668701864720994,0.0029479842893980011,0.0041629020532760854,0.0030710030171480656,0.0041779635122154365,0.059879919946631083,0.040485570215719614,0.044663533727935051,0.0041779635122154365,0,0,0,0,0,0.89917541229385312,-0.0074433817598891922,0.00070363317737206729,0.019167477234815412,0,0.023640615804345455
190,15,0,0.23625056391781593,0.055814328951486032,1,1,1,0,1,-1,1,1498,0.018145430286857906,0.062100427890595063,0.043954997603737153,0.0022914856238502612,0.054036024016010667,0.051744538392160408,0.0029320372336502603,0.00082353595956655352,0.0029320372336502603,0.0029396259620845487,0.0041522991970020075,0.0030454973019542601,0.0041779635122154365,0.059879919946631083,0.040485570215719614,0.044663533727935051,0.0041779635122154365,0,0,0,0,0,0.56280464941882269,-4.0575404360607156e-05,0.00070363317737206729,0.0099680659449708463,0,0.0034514552152104701
190,15,0,0.23625056391781593,0.055814328951486032,1,1,3,1,1,-1,1,1310,0.021827885256837889,0.060390095873674783,0.038562210616836894,0.0031507551040617855,0.042294863242161439,0.039144108138099654,0.0029668701864720994,0.00079293179275113891,0.0029668701864720994,0.0029479842893980011,0.0041629020532760854,0.0030710030171480656,0.0041779635122154365,0.059879919946631083,0.040485570215719614,0.044663533727935051,0.0041779635122154365,0,0,0,0,0,0.89917541229385312,-0.0074433817598891922,0.00070363317737206729,0.036445490747570398,0,0.023640615804345455
190,15,0,0.23625056391781593,0.055814328951486032,1,-1,1,0,1,-1,0,11,0.022348062614476132,0.02253131699746826,0.00018325438299212835,0.0033309234504399357,0.0033981325490394683,6.720909859953255e-05,0.0016926238186518304,2.8078276310148282e-05,0.0016926238186518304,0.0016753352056398823,0.0017432839925179578,0.0016928566924190758,0.001743656277757819,0.022521681120747164,0.0033309234504399357,0.0050745797281977548,0.001743656277757819,0,0,0,0,0,1,2.2478424070407788e-07,1.2793722780900016e-05,0.0025289871922931206,0.00041199419126450922,-6.7895685454278799e-07
190,15,0,0.23625056391781593,0.055814328951486032,1,-1,1,0,2,-1,1,1405,0.022533056777800795,0.060042942780380033,0.037509886002579235,0.0033963521966099814,0.041025503679181674,0.037629151482571691,0.0030466405517476942,0.00088873319670197193,0.0030466405517476942,0.0029922309806295483,0.0045434550495550173,0.0031736202271969473,0.0053433810500865403,0.057783287709785559,0.033488992661774512,0.038832373711861053,0.0053433810500865403,0,0,0,0,0,0.55424063116370814,-1.4485105324718939e-05,0.00070363317737206729,0.010284763677415236,0,0.00013873085092725869
190,15,0,0.23625056391781593,0.055814328951486032,1,-1,1,0,3,-1,0,9,0.060040540127902331,0.06009594058746439,5.5400459562059134e-05,0.041020297881545993,0.041210658722222696,0.00019036084067670239,0.0042585863414826919,8.512439972514317e-05,0.0042585863414826919,0.0042295812665223836,0.0043667483022700139,0.0042594370275062764,0.0043674537187716259,0.06009594058746439,0.041027351567711812,0.045394805286483438,0.0043674537187716259,0,0,0,0,0,1,6.516069327885924e-06,9.6603077367091002e-05,0.006655995691760206,0.0025121079093098934,-2.5242744592069296e-05
190,15,0,0.23625056391781593,0.055814328951486032,1,-1,1,0,4,-1,0,6,0.060097999092081841,0.060148407568886952,5.0408476805111069e-05,0.041227484989993325,0.041398395304147531,0.00017091031415420593,0.0041983434036942874,4.0884981081453087e-05,0.0041983434036942874,0.0041740052370991231,0.0042660914230345983,0.0041985424753146613,0.0042835148867069392,0.060148407568886952,0.041294196130753837,0.045577711017460776,0.0042835148867069392,0,0,0,0,0,0.66666666666666663,-2.4095295537440324e-06,8.2833486473510019e-05,0.0052744157932164944,0,1.0361588173452147e-05
190,15,0,0.23625056391781593,0.055814328951486032,1,-1,3,1,1,-1,1,1310,0.021827885256837889,0.060390095873674783,0.038562210616836894,0.0031507551040617855,0.042294863242161439,0.039144108138099654,0.0029668701864720994,0.00079293179275113891,0.0029668701864720994,0.0029479842893980011,0.0041629020532760854,0.0030710030171480656,0.0041779635122154365,0.059879919946631083,0.040485570215719614,0.044663533727935051,0.0041779635122154365,0,0,0,0,0,0.89917541229385312,-0.0074433817598891922,0.00070363317737206729,0.019167477234815412,0,0.023640615804345455
191,9,12,0.23650526372350561,0.055934739768924935,1,1,1,0,1,-1,1,1496,0.018145430286857906,0.062050063695117119,0.043904633408259217,0.0022918718998300768,0.053435623749166106,0.051143751849336026,0.0029399740279486652,0.0008237247329234658,0.0029399740279486652,0.0029499634746444972,0.004159750028976136,0.0030531900891759972,0.0041845257402600977,0.059879919946631083,0.040479007987674953,0.044663533727935051,0.0041845257402600977,0,0,0,0,0,0.56205474315710535,-4.1392468455112645e-05,0.00070111882649399686,0.0099351695718241893,0,0.0034542407099478283
191,9,12,0.23650526372350561,0.055934739768924935,1,1,3,1,1,-1,1,1309,0.021881254169446293,0.060391681247042042,0.038510427077595749,0.0031653953750950229,0.042294863242161439,0.039129467867066413,0.0029740890862861367,0.0007934583001718168,0.0029740890862861367,0.0029555895166555081,0.0041698377523836901,0.003078113377911518,0.0041845257402600977,0.059879919946631083,0.040479007987674953,0.044663533727935051,0.0041845257402600977,0,0,0,0,0,0.90071187710753087,-0.0074488810576062168,0.00070111882649399686,0.036410506927748193,0,0.02366028122897337
191,9,12,0.23650526372350561,0.055934739768924935,1,-1,1,0,1,-1,0,11,0.022359501409060598,0.022530138637212177,0.00017063722815157875,0.0033312702263958295,0.0033939950113900247,6.2724784994195194e-05,0.0016942752970316027,2.6641081894940558e-05,0.0016942752970316027,0.0016784124927322827,0.0017428727701199705,0.0016944847386081881,0.0017433095018019253,0.022521681120747164,0.0033312702263958295,0.0050745797281977548,0.0017433095018019253,0,0,0,0,0,1,7.8761058553574966e-08,1.180711866483591e-05,0.002423740978555865,0.00017554450919083638,-1.2326349882820657e-07
191,9,12,0.23650526372350561,0.055934739768924935,1,-1,1,0,2,-1,1,1407,0.022544437682822011,0.060042834817825463,0.037498397135003456,0.0033967485297893936,0.041019126366736249,0.037622377836946858,0.0030552784576852858,0.00089274770347469912,0.0030552784576852858,0.0029990190957880011,0.0045605497027766985,0.0031830370585425372,0.0053405810688620103,0.05778211368876067,0.033488992661774512,0.038829573730636523,0.0053405810688620103,0,0,0,0,0,0.55502958579881656,-1.4227789813124514e-05,0.00070111882649399686,0.010256756521674435,0,0.00013777836158971986
191,9,12,0.23650526372350561,0.055934739768924935,1,-1,1,0,3,-1,0,9,0.060042312090455789,0.060095842214665775,5.3530124209985597e-05,0.041020709656403781,0.041204304683094314,0.0001835950266905334,0.0042611435283117644,8.2224958810153199e-05,0.0042611435283117644,0.0042289568425393012,0.0043663790462708397,0.0042619367795316441,0.0043671128086781932,0.060095842214665775,0.041027351567711805,0.045394464376389998,0.0043671128086781932,0,0,0,0,0,1,5.7481810745108947e-06,9.2967899562742783e-05,0.0065105120078744853,0.0023572102249361047,-2.2225760178173283e-05
191,9,12,0.23650526372350561,0.055934739768924935,1,-1,1,0,4,-1,0,6,0.060099737492294233,0.060148299065221129,4.8561572926895946e-05,0.041227484989993325,0.041392073267132741,0.00016458827713941582,0.0042023801834552921,3.817840593041809e-05,0.0042023801834552921,0.004180180471252886,0.0042656815820231696,0.0042025536042955029,0.0042831343781419215,0.060148299065221129,0.041294196130753837,0.045577330508895758,0.0042831343781419215,0,0,0,0,0,0.66666666666666663,-3.1900483343374699e-06,7.9168120820027077e-05,0.0051662265417884972,0,1.3432698711712475e-05
191,9,12,0.23650526372350561,0.055934739768924935,1,-1,3,1,1,-1,1,1309,0.021881254169446293,0.060391681247042042,0.038510427077595749,0.0031653953750950229,0.042294863242161439,0.039129467867066413,0.0029740890862861367,0.0007934583001718168,0.0029740890862861367,0.0029555895166555081,0.0041698377523836901,0.003078113377911518,0.0041845257402600977,0.059879919946631083,0.040479007987674953,0.044663533727935051,0.0041845257402600977,0,0,0,0,0,0.90071187710753087,-0.0074488810576062168,0.00070111882649399686,0.019130925233951115,0,0.02366028122897337
192,12,9,0.23650526372350561,0.055934739768924935,1,1,1,0,1,-1,1,1496,0.018145430286857906,0.062050063695117119,0.043904633408259217,0.0022918718998300768,0.053435623749166106,0.051143751849336026,0.0029399740279486652,0.0008237247329234658,0.0029399740279486652,0.0029499634746444972,0.004159750028976136,0.0030531900891759972,0.0041845257402600977,0.059879919946631083,0.040479007987674953,0.044663533727935051,0.0041845257402600977,0,0,0,0,0,0.56205474315710535,-4.1392468455112645e-05,0.00070111882649399686,0.0099351695718241893,0,0.0034542407099478283
192,12,9,0.23650526372350561,0.055934739768924935,1,1,3,1,1,-1,1,1309,0.021881254169446293,0.060391681247042042,0.038510427077595749,0.0031653953750950229,0.042294863242161439,0.039129467867066413,0.0029740890862861367,0.0007934583001718168,0.0029740890862861367,0.0029555895166555081,0.0041698377523836901,0.003078113377911518,0.0041845257402600977,0.059879919946631083,0.040479007987674953,0.044663533727935051,0.0041845257402600977,0,0,0,0,0,0.90071187710753087,-0.0074488810576062168,0.00070111882649399686,0.036410506927748193,0,0.02366028122897337
192,12,9,0.23650526372350561,0.055934739768924935,1,-1,1,0,1,-1,0,11,0.022359501409060598,0.022530138637212177,0.00017063722815157875,0.0033312702263958295,0.0033939950113900247,6.2724784994195194e-05,0.0016942752970316027,2.6641081894940558e-05,0.0016942752970316027,0.0016784124927322827,0.0017428727701199705,0.0016944847386081881,0.0017433095018019253,0.022521681120747164,0.0033312702263958295,0.0050745797281977548,0.0017433095018019253,0,0,0,0,0,1,7.8761058553574966e-08,1.180711866483591e-05,0.002423740978555865,0.00017554450919083638,-1.2326349882820657e-07
192,12,9,0.23650526372350561,0.055934739768924935,1,-1,1,0,2,-1,1,1407,0.022544437682822011,0.060042834817825463,0.037498397135003456,0.0033967485297893936,0.041019126366736249,0.037622377836946858,0.0030552784576852858,0.00089274770347469912,0.0030552784576852858,0.0029990190957880011,0.0045605497027766985,0.0031830370585425372,0.0053405810688620103,0.05778211368876067,0.033488992661774512,0.038829573730636523,0.0053405810688620103,0,0,0,0,0,0.55502958579881656,-1.4227789813124514e-05,0.00070111882649399686,0.010256756521674435,0,0.00013777836158971986
192,12,9,0.23650526372350561,0.055934739768924935,1,-1,1,0,3,-1,0,9,0.060042312090455789,0.060095842214665775,5.3530124209985597e-05,0.041020709656403781,0.041204304683094314,0.0001835950266905334,0.0042611435283117644,8.2224958810153199e-05,0.0042611435283117644,0.0042289568425393012,0.0043663790462708397,0.0042619367795316441,0.0043671128086781932,0.060095842214665775,0.041027351567711805,0.045394464376389998,0.0043671128086781932,0,0,0,0,0,1,5.7481810745108947e-06,9.2967899562742783e-05,0.0065105120078744853,0.0023572102249361047,-2.2225760178173283e-05
192,12,9,0.23650526372350561,0.055934739768924935,1,-1,1,0,4,-1,0,6,0.060099737492294233,0.060148299065221129,4.8561572926895946e-05,0.041227484989993325,0.041392073267132741,0.00016458827713941582,0.0042023801834552921,3.817840593041809e-05,0.0042023801834552921,0.004180180471252886,0.0042656815820231696,0.0042025536042955029,0.0042831343781419215,0.060148299065221129,0.041294196130753837,0.045577330508895758,0.0042831343781419215,0,0,0,0,0,0.66666666666666663,-3.1900483343374699e-06,7.9168120820027077e-05,0.0051662265417884972,0,1.3432698711712475e-05
192,12,9,0.23650526372350561,0.055934739768924935,1,-1,3,1,1,-1,1,1309,0.021881254169446293,0.060391681247042042,0.038510427077595749,0.0031653953750950229,0.042294863242161439,0.039129467867066413,0.0029740890862861367,0.0007934583001718168,0.0029740890862861367,0.0029555895166555081,0.0041698377523836901,0.003078113377911518,0.0041845257402600977,0.059879919946631083,0.040479007987674953,0.044663533727935051,0.0041845257402600977,0,0,0,0,0,0.90071187710753087,-0.0074488810576062168,0.00070111882649399686,0.019130925233951115,0,0.02366028122897337
193,1,15,0.23677742695656495,0.056063549916171455,1,1,1,0,1,-1,1,1500,0.018412274849899931,0.062049784989986381,0.043637510140086447,0.0023498286420910062,0.053435623749166106,0.051085795107075102,0.0029450021298672068,0.00082470354436126264,0.0029450021298672068,0.0029558495072013365,0.0041670750926766607,0.0030582958458926788,0.0041915457205133413,0.059879919946631083,0.040471988007421709,0.044663533727935051,0.0041915457205133413,0,0,0,0,0,0.56371814092953521,-4.1375945936669973e-05,0.00069842727081752634,0.0098984414181381517,0,0.003457235356141041
193,1,15,0.23677742695656495,0.056063549916171455,1,1,3,1,1,-1,1,1307,0.021934623082054704,0.060375859253946694,0.03844123617189199,0.003179824805120014,0.042228152101400934,0.039048327296280917,0.002980834545206278,0.00079367742491177928,0.002980834545206278,0.0029622627628408324,0.0041769579127972946,0.0030846877379582058,0.0041915457205133413,0.059879919946631083,0.040471988007421709,0.044663533727935051,0.0041915457205133413,0,0,0,0,0,0.90029985007496249,-0.0074547641573629239,0.00069842727081752634,0.036399969237035992,0,0.023681320433928201
193,1,15,0.23677742695656495,0.056063549916171455,1,-1,1,0,1,-1,0,8,0.022371758267394508,0.022529050297180601,0.00015729202978609358,0.0033326557951815967,0.0033895688572852804,5.6913062103683756e-05,0.0016980959043531012,2.0954445925621264e-05,0.0016980959043531012,0.0016913126648528058,0.0017344424845588658,0.0016982251880080057,0.0017419967292199015,0.022529050297180601,0.0033355570380253505,0.005077553767245252,0.0017419967292199015,0,0,0,0,0,0.88888888888888884,-7.8367018643763213e-08,1.0752468362426575e-05,0.0021230356387283572,0,4.7708001370266664e-07
193,1,15,0.23677742695656495,0.056063549916171455,1,-1,1,0,2,-1,1,1410,0.022556612469795158,0.060042720849104496,0.037486108379309338,0.0033971622273518336,0.04101230420098232,0.037615141973630487,0.0030634710038129165,0.00089599656188665095,0.0030634710038129165,0.0030078955252744802,0.0045696191812878107,0.0031918120919181966,0.0053543761120044484,0.057731797546397637,0.033355570380253503,0.038709946492257952,0.0053543761120044484,0,0,0,0,0,0.55621301775147924,-1.2617391312536585e-05,0.00069842727081752634,0.01022873908766659,0,0.00013679651125157993
193,1,15,0.23677742695656495,0.056063549916171455,1,-1,1,0,3,-1,0,9,0.060044207657334925,0.060095738196903531,5.1530539568606093e-05,0.041021123188079898,0.041197507414101837,0.00017638422602193893,0.0042638902196316247,7.9169815034369964e-05,0.0042638902196316247,0.0042283140937461813,0.0043659973549019532,0.0042646251493751244,0.0043667523441808312,0.060095738196903531,0.041027351567711805,0.045394103911892636,0.0043667523441808312,0,0,0,0,0,1,4.9249993448648109e-06,8.9067692591782258e-05,0.0063485185907826485,0.0021788354517424742,-1.8989295703079326e-05
193,1,15,0.23677742695656495,0.056063549916171455,1,-1,3,1,1,-1,1,1307,0.021934623082054704,0.060375859253946694,0.03844123617189199,0.003179824805120014,0.042228152101400934,0.039048327296280917,0.002980834545206278,0.00079367742491177928,0.002980834545206278,0.0029622627628408324,0.0041769579127972946,0.0030846877379582058,0.0041915457205133413,0.059879919946631083,0.040471988007421709,0.044663533727935051,0.0041915457205133413,0,0,0,0,0,0.90029985007496249,-0.0074547641573629239,0.00069842727081752634,0.019105605025749317,0,0.023681320433928201
194,15,1,0.23677742695656495,0.056063549916171455,1,1,1,0,1,-1,1,1500,0.018412274849899931,0.062049784989986381,0.043637510140086447,0.0023498286420910062,0.053435623749166106,0.051085795107075102,0.0029450021298672068,0.00082470354436126264,0.0029450021298672068,0.0029558495072013365,0.0041670750926766607,0.0030582958458926788,0.0041915457205133413,0.059879919946631083,0.040471988007421709,0.044663533727935051,0.0041915457205133413,0,0,0,0,0,0.56371814092953521,-4.1375945936669973e-05,0.00069842727081752634,0.0098984414181381517,0,0.003457235356141041
194,15,1,0.23677742695656495,0.056063549916171455,1,1,3,1,1,-1,1,1307,0.021934623082054704,0.060375859253946694,0.03844123617189199,0.003179824805120014,0.042228152101400934,0.039048327296280917,0.002980834545206278,0.00079367742491177928,0.002980834545206278,0.0029622627628408324,0.0041769579127972946,0.0030846877379582058,0.0041915457205133413,0.059879919946631083,0.040471988007421709,0.044663533727935051,0.0041915457205133413,0,0,0,0,0,0.90029985007496249,-0.0074547641573629239,0.00069842727081752634,0.036399969237035992,0,0.023681320433928201
194,15,1,0.23677742695656495,0.056063549916171455,1,-1,1,0,1,-1,0,8,0.022371758267394508,0.022529050297180601,0.00015729202978609358,0.0033326557951815967,0.0033895688572852804,5.6913062103683756e-05,0.0016980959043531012,2.0954445925621264e-05,0.0016980959043531012,0.0016913126648528058,0.0017344424845588658,0.0016982251880080057,0.0017419967292199015,0.022529050297180601,0.0033355570380253505,0.005077553767245252,0.0017419967292199015,0,0,0,0,0,0.88888888888888884,-7.8367018643763213e-08,1.0752468362426575e-05,0.0021230356387283572,0,4.7708001370266664e-07
194,15,1,0.23677742695656495,0.056063549916171455,1,-1,1,0,2,-1,1,1410,0.022556612469795158,0.060042720849104496,0.037486108379309338,0.0033971622273518336,0.04101230420098232,0.037615141973630487,0.0030634710038129165,0.00089599656188665095,0.0030634710038129165,0.0030078955252744802,0.0045696191812878107,0.0031918120919181966,0.0053543761120044484,0.057731797546397637,0.033355570380253503,0.038709946492257952,0.0053543761120044484,0,0,0,0,0,0.55621301775147924,-1.2617391312536585e-05,0.00069842727081752634,0.01022873908766659,0,0.00013679651125157993
194,15,1,0.23677742695656495,0.056063549916171455,1,-1,1,0,3,-1,0,9,0.060044207657334925,0.060095738196903531,5.1530539568606093e-05,0.041021123188079898,0.041197507414101837,0.00017638422602193893,0.0042638902196316247,7.9169815034369964e-05,0.0042638902196316247,0.0042283140937461813,0.0043659973549019532,0.0042646251493751244,0.0043667523441808312,0.060095738196903531,0.041027351567711805,0.045394103911892636,0.0043667523441808312,0,0,0,0,0,1,4.9249993448648109e-06,8.9067692591782258e-05,0.0063485185907826485,0.0021788354517424742,-1.8989295703079326e-05
194,15,1,0.23677742695656495,0.056063549916171455,1,-1,3,1,1,-1,1,1307,0.021934623082054704,0.060375859253946694,0.03844123617189199,0.003179824805120014,0.042228152101400934,0.039048327296280917,0.002980834545206278,0.00079367742491177928,0.002980834545206278,0.0029622627628408324,0.0041769579127972946,0.0030846877379582058,0.0041915457205133413,0.059879919946631083,0.040471988007421709,0.044663533727935051,0.0041915457205133413,0,0,0,0,0,0.90029985007496249,-0.0074547641573629239,0.00069842727081752634,0.019105605025749317,0,0.023681320433928201
195,2,15,0.23835089825536321,0.056811150699138502,1,1,1,0,1,-1,1,1483,0.01873248832555037,0.062048355649629044,0.043315867324078675,0.0024270733704231167,0.053435623749166106,0.051008550378742988,0.0029872665809921664,0.00082359752654028763,0.0029872665809921664,0.0029970411113372369,0.0042033488883725803,0.0030987214317579285,0.0042322889604360578,0.05987991994663109,0.040431244767499049,0.044663533727935106,0.0042322889604360578,0,0,0,0,0,0.55755530558680166,-3.9778799706821391e-05,0.00068283540982396688,0.0096990754951001238,0,0.0034749126766100225
195,2,15,0.23835089825536321,0.056811150699138502,1,1,3,1,1,-1,1,1291,0.022308205470313543,0.060297243676796161,0.037989038206482618,0.003287069751737386,0.041894596397598405,0.038607526645861021,0.0030221193090505154,0.00079259350812604457,0.0030221193090505154,0.0030049076853166726,0.0042178789607024772,0.0031243254611610987,0.0042322889604360578,0.05987991994663109,0.040431244767499049,0.044663533727935106,0.0042322889604360578,0,0,0,0,0,0.89759939984996251,-0.0074889223903980388,0.00068283540982396688,0.036327693024755872,0,0.023803502479574273
195,2,15,0.23835089825536321,0.056811150699138502,1,-1,1,0,1,-1,0,9,0.022627375169057232,0.022741225945746318,0.00011385077668908672,0.0033993787273611442,0.0034414192976934344,4.2040570332290209e-05,0.0017289100219337727,1.8808432641934461e-05,0.0017289100219337727,0.0017174257527169147,0.0017615656918594505,0.0017290123253121952,0.001761732839292319,0.022735156771180785,0.0033993787273611442,0.0051611115666534632,0.001761732839292319,0,0,0,0,0,1,5.9063744256477614e-07,8.4907844583346435e-06,0.0021558861471421033,0.00075449626858339869,-2.2770584772250886e-06
195,2,15,0.23835089825536321,0.056811150699138502,1,-1,1,0,2,-1,1,1394,0.022810343564502476,0.059936129982952918,0.037125786418450442,0.0034649396064058095,0.040609390172182791,0.037144450565776983,0.00309162595608789,0.00089199854887362338,0.00309162595608789,0.0030348830286390082,0.0045952093547059645,0.0032177340573063228,0.0053677322085316503,0.057624161827221868,0.033088725817211471,0.038456458025743122,0.0053677322085316503,0,0,0,0,0,0.55604307937774233,-1.3444126341872323e-05,0.00068283540982396688,0.010121604911732926,0,0.00013124216234765149
195,2,15,0.23835089825536321,0.056811150699138502,1,-1,1,0,3,-1,0,9,0.059938349354249902,0.059989079095967082,5.0729741717180088e-05,0.040618825308722413,0.04078986753904467,0.00017104223032225752,0.0043024973121200656,7.669848372344871e-05,0.0043024973121200656,0.0042633231088574364,0.0044017914353137594,0.0043031808907139689,0.0044017914353137594,0.059986657771847897,0.040618825308722413,0.045020616744036172,0.0044017914353137594,0,0,0,0,0,1,1.3838007724843523e-05,9.3559534731873056e-05,0.0070482940250715283,0.003698199589991479,-5.4706720829652567e-05
195,2,15,0.23835089825536321,0.056811150699138502,1,-1,1,0,4,-1,0,9,0.059997190039411348,0.060042088347517536,4.4898308106187945e-05,0.040821500976382319,0.04097270905597096,0.00015120807958864113,0.0042905499021922864,6.8830168536375628e-05,0.0042905499021922864,0.0042426756831194373,0.0043815373801335033,0.0042911019628182898,0.0043820738641258475,0.060042088347517536,0.040827218145430284,0.045209292009556132,0.0043820738641258475,0,0,0,0,0,1,7.6696964715711543e-06,7.9998801274632232e-05,0.0063289662355383624,0.0027457951891860931,-3.0157564883829975e-05
195,2,15,0.23835089825536321,0.056811150699138502,1,-1,3,1,1,-1,1,1291,0.022308205470313543,0.060297243676796161,0.037989038206482618,0.003287069751737386,0.041894596397598405,0.038607526645861021,0.0030221193090505154,0.00079259350812604457,0.0030221193090505154,0.0030049076853166726,0.0042178789607024772,0.0031243254611610987,0.0042322889604360578,0.05987991994663109,0.040431244767499049,0.044663533727935106,0.0042322889604360578,0,0,0,0,0,0.89759939984996251,-0.0074889223903980388,0.00068283540982396688,0.018942136828063793,0,0.023803502479574273
196,15,2,0.23835089825536321,0.056811150699138502,1,1,1,0,1,-1,1,1483,0.01873248832555037,0.062048355649629044,0.043315867324078675,0.0024270733704231167,0.053435623749166106,0.051008550378742988,0.0029872665809921664,0.00082359752654028763,0.0029872665809921664,0.0029970411113372369,0.0042033488883725803,0.0030987214317579285,0.0042322889604360578,0.05987991994663109,0.040431244767499049,0.044663533727935106,0.0042322889604360578,0,0,0,0,0,0.55755530558680166,-3.9778799706821391e-05,0.00068283540982396688,0.0096990754951001238,0,0.0034749126766100225
196,15,2,0.23835089825536321,0.056811150699138502,1,1,3,1,1,-1,1,1291,0.022308205470313543,0.060297243676796161,0.037989038206482618,0.003287069751737386,0.041894596397598405,0.038607526645861021,0.0030221193090505154,0.00079259350812604457,0.0030221193090505154,0.0030049076853166726,0.0042178789607024772,0.0031243254611610987,0.0042322889604360578,0.05987991994663109,0.040431244767499049,0.044663533727935106,0.0042322889604360578,0,0,0,0,0,0.89759939984996251,-0.0074889223903980388,0.00068283540982396688,0.036327693024755872,0,0.023803502479574273
196,15,2,0.23835089825536321,0.056811150699138502,1,-1,1,0,1,-1,0,9,0.022627375169057232,0.022741225945746318,0.00011385077668908672,0.0033993787273611442,0.0034414192976934344,4.2040570332290209e-05,0.0017289100219337727,1.8808432641934461e-05,0.0017289100219337727,0.0017174257527169147,0.0017615656918594505,0.0017290123253121952,0.001761732839292319,0.022735156771180785,0.0033993787273611442,0.0051611115666534632,0.001761732839292319,0,0,0,0,0,1,5.9063744256477614e-07,8.4907844583346435e-06,0.0021558861471421033,0.00075449626858339869,-2.2770584772250886e-06
196,15,2,0.23835089825536321,0.056811150699138502,1,-1,1,0,2,-1,1,1394,0.022810343564502476,0.059936129982952918,0.037125786418450442,0.0034649396064058095,0.040609390172182791,0.037144450565776983,0.00309162595608789,0.00089199854887362338,0.00309162595608789,0.0030348830286390082,0.0045952093547059645,0.0032177340573063228,0.0053677322085316503,0.057624161827221868,0.033088725817211471,0.038456458025743122,0.0053677322085316503,0,0,0,0,0,0.55604307937774233,-1.3444126341872323e-05,0.00068283540982396688,0.010121604911732926,0,0.00013124216234765149
196,15,2,0.23835089825536321,0.056811150699138502,1,-1,1,0,3,-1,0,9,0.059938349354249902,0.059989079095967082,5.0729741717180088e-05,0.040618825308722413,0.04078986753904467,0.00017104223032225752,0.0043024973121200656,7.669848372344871e-05,0.0043024973121200656,0.0042633231088574364,0.0044017914353137594,0.0043031808907139689,0.0044017914353137594,0.059986657771847897,0.040618825308722413,0.045020616744036172,0.0044017914353137594,0,0,0,0,0,1,1.3838007724843523e-05,9.3559534731873056e-05,0.0070482940250715283,0.003698199589991479,-5.4706720829652567e-05
196,15,2,0.23835089825536321,0.056811150699138502,1,-1,1,0,4,-1,0,9,0.059997190039411348,0.060042088347517536,4.4898308106187945e-05,0.040821500976382319,0.04097270905597096,0.00015120807958864113,0.0042905499021922864,6.8830168536375628e-05,0.0042905499021922864,0.0042426756831194373,0.0043815373801335033,0.0042911019628182898,0.0043820738641258475,0.060042088347517536,0.040827218145430284,0.045209292009556132,0.0043820738641258475,0,0,0,0,0,1,7.6696964715711543e-06,7.9998801274632232e-05,0.0063289662355383624,0.0027457951891860931,-3.0157564883829975e-05
196,15,2,0.23835089825536321,0.056811150699138502,1,-1,3,1,1,-1,1,1291,0.022308205470313543,0.060297243676796161,0.037989038206482618,0.003287069751737386,0.041894596397598405,0.038607526645861021,0.0030221193090505154,0.00079259350812604457,0.0030221193090505154,0.0030049076853166726,0.0042178789607024772,0.0031243254611610987,0.0042322889604360578,0.05987991994663109,0.040431244767499049,0.044663533727935106,0.0042322889604360578,0,0,0,0,0,0.89759939984996251,-0.0074889223903980388,0.00068283540982396688,0.018942136828063793,0,0.023803502479574273
197,6,14,0.24003173816443724,0.057615235326240959,1,1,1,0,1,-1,1,1463,0.018999332888592395,0.061999601287414184,0.043000268398821789,0.0024915599523303265,0.052901934623082056,0.050410374670751726,0.0030302246930101625,0.00082404108169257802,0.0030302246930101625,0.0030385720090040889,0.0042481968273394297,0.0031402715478833368,0.0042758157739655189,0.059773182121414276,0.040038432193189775,0.044314247967155294,0.0042758157739655189,0,0,0,0,0,0.55063765941485376,-3.9107505584052356e-05,0.00066608748446294588,0.0094743434772962751,0,0.0034944712578331371
197,6,14,0.24003173816443724,0.057615235326240959,1,1,3,1,1,-1,1,1277,0.022681787858572382,0.060216923290430588,0.037535135431858206,0.0033942592624721245,0.041561040693795862,0.038166781431323737,0.0030662494658145073,0.00079265470306300316,0.0030662494658145073,0.003050531441468763,0.0042614972898408574,0.0031670470891503417,0.0042758157739655189,0.059773182121414276,0.040038432193189775,0.044314247967155294,0.0042758157739655189,0,0,0,0,0,0.89564564564564564,-0.0075256873559220051,0.00066608748446294588,0.036286714476313348,0,0.023935056129584728
197,6,14,0.24003173816443724,0.057615235326240959,1,-1,1,0,1,-1,0,7,0.023067275520442833,0.023215476984656435,0.00014820146421360217,0.0035328963285250641,0.0035906324360859537,5.7736107560889521e-05,0.0017747074690326995,1.3731996913496113e-05,0.0017747074690326995,0.0017680519831905165,0.0017966105525171786,0.0017747605946661321,0.0018036378906883996,0.023162108072048035,0.0035328963285250641,0.0053365342192134638,0.0018036378906883996,0,0,0,0,0,0.77777777777777779,-5.6448412424849222e-07,1.0589675413722946e-05,0.0020338593797731889,0,2.4210996332869564e-06
197,6,14,0.24003173816443724,0.057615235326240959,1,-1,1,0,2,-1,1,1389,0.023246960272563039,0.059829536798096244,0.036582576525533206,0.0035974169531031264,0.040212266738461205,0.036614849785358082,0.0031402713211454119,0.00089722055559385587,0.0031402713211454119,0.0030827108982671089,0.0046389229094902108,0.0032659315203764595,0.0054170277477967391,0.057355992512189688,0.032421614409606406,0.037838642157403145,0.0054170277477967391,0,0,0,0,0,0.56212059894779443,-1.263019544170326e-05,0.00066608748446294588,0.010040060012504034,0,0.00012548785703025587
197,6,14,0.24003173816443724,0.057615235326240959,1,-1,1,0,3,-1,0,9,0.059830824416317013,0.059882440555794364,5.1616139477350664e-05,0.040216433091258399,0.040388388947291617,0.00017195585603321795,0.0043467856992072673,7.682618440499751e-05,0.0043467856992072673,0.0043071648914020169,0.0044471006366767069,0.0043474645688542472,0.0044471006366767069,0.05987991994663109,0.040216433091258399,0.044663533727935106,0.0044471006366767069,0,0,0,0,0,1,1.7165100259647998e-05,9.5856288911229642e-05,0.007278757059215683,0.0041234428703891598,-6.8011124421452779e-05
197,6,14,0.24003173816443724,0.057615235326240959,1,-1,1,0,4,-1,0,9,0.059891098704367374,0.059935391699501288,4.4292995133914104e-05,0.040420022573826833,0.040566647612931765,0.00014662503910493202,0.0043324211492961132,6.695718427285494e-05,0.0043324211492961132,0.0042813908091531433,0.0044211128955786759,0.0043329385270730542,0.0044211558223714933,0.059935391699501288,0.040426951300867243,0.044848107123238737,0.0044211558223714933,0,0,0,0,0,1,1.3687366577282926e-05,8.2570584384460436e-05,0.0067739619002846136,0.003683441624190366,-5.4270968795272643e-05
197,6,14,0.24003173816443724,0.057615235326240959,1,-1,3,1,1,-1,1,1277,0.022681787858572382,0.060216923290430588,0.037535135431858206,0.0033942592624721245,0.041561040693795862,0.038166781431323737,0.0030662494658145073,0.00079265470306300316,0.0030662494658145073,0.003050531441468763,0.0042614972898408574,0.0031670470891503417,0.0042758157739655189,0.059773182121414276,0.040038432193189775,0.044314247967155294,0.0042758157739655189,0,0,0,0,0,0.89564564564564564,-0.0075256873559220051,0.00066608748446294588,0.01877657000220782,0,0.023935056129584728
198,14,6,0.24003173816443724,0.057615235326240959,1,1,1,0,1,-1,1,1463,0.018999332888592395,0.061999601287414184,0.043000268398821789,0.0024915599523303265,0.052901934623082056,0.050410374670751726,0.0030302246930101625,0.00082404108169257802,0.0030302246930101625,0.0030385720090040889,0.0042481968273394297,0.0031402715478833368,0.0042758157739655189,0.059773182121414276,0.040038432193189775,0.044314247967155294,0.0042758157739655189,0,0,0,0,0,0.55063765941485376,-3.9107505584052356e-05,0.00066608748446294588,0.0094743434772962751,0,0.0034944712578331371
198,14,6,0.24003173816443724,0.057615235326240959,1,1,3,1,1,-1,1,1277,0.022681787858572382,0.060216923290430588,0.037535135431858206,0.0033942592624721245,0.041561040693795862,0.038166781431323737,0.0030662494658145073,0.00079265470306300316,0.0030662494658145073,0.003050531441468763,0.0042614972898408574,0.0031670470891503417,0.0042758157739655189,0.059773182121414276,0.040038432193189775,0.044314247967155294,0.0042758157739655189,0,0,0,0,0,0.89564564564564564,-0.0075256873559220051,0.00066608748446294588,0.036286714476313348,0,0.023935056129584728
198,14,6,0.24003173816443724,0.057615235326240959,1,-1,1,0,1,-1,0,7,0.023067275520442833,0.023215476984656435,0.00014820146421360217,0.0035328963285250641,0.0035906324360859537,5.7736107560889521e-05,0.0017747074690326995,1.3731996913496113e-05,0.0017747074690326995,0.0017680519831905165,0.0017966105525171786,0.0017747605946661321,0.0018036378906883996,0.023162108072048035,0.0035328963285250641,0.0053365342192134638,0.0018036378906883996,0,0,0,0,0,0.77777777777777779,-5.6448412424849222e-07,1.0589675413722946e-05,0.0020338593797731889,0,2.4210996332869564e-06
198,14,6,0.24003173816443724,0.057615235326240959,1,-1,1,0,2,-1,1,1389,0.023246960272563039,0.059829536798096244,0.036582576525533206,0.0035974169531031264,0.040212266738461205,0.036614849785358082,0.0031402713211454119,0.00089722055559385587,0.0031402713211454119,0.0030827108982671089,0.0046389229094902108,0.0032659315203764595,0.0054170277477967391,0.057355992512189688,0.032421614409606406,0.037838642157403145,0.0054170277477967391,0,0,0,0,0,0.56212059894779443,-1.263019544170326e-05,0.00066608748446294588,0.010040060012504034,0,0.00012548785703025587
198,14,6,0.24003173816443724,0.057615235326240959,1,-1,1,0,3,-1,0,9,0.059830824416317013,0.059882440555794364,5.1616139477350664e-05,0.040216433091258399,0.040388388947291617,0.00017195585603321795,0.0043467856992072673,7.682618440499751e-05,0.0043467856992072673,0.0043071648914020169,0.0044471006366767069,0.0043474645688542472,0.0044471006366767069,0.05987991994663109,0.040216433091258399,0.044663533727935106,0.0044471006366767069,0,0,0,0,0,1,1.7165100259647998e-05,9.5856288911229642e-05,0.007278757059215683,0.0041234428703891598,-6.8011124421452779e-05
198,14,6,0.24003173816443724,0.057615235326240959,1,-1,1,0,4,-1,0,9,0.059891098704367374,0.059935391699501288,4.4292995133914104e-05,0.040420022573826833,0.040566647612931765,0.00014662503910493202,0.0043324211492961132,6.695718427285494e-05,0.0043324211492961132,0.0042813908091531433,0.0044211128955786759,0.0043329385270730542,0.0044211558223714933,0.059935391699501288,0.040426951300867243,0.044848107123238737,0.0044211558223714933,0,0,0,0,0,1,1.3687366577282926e-05,8.2570584384460436e-05,0.0067739619002846136,0.003683441624190366,-5.4270968795272643e-05
198,14,6,0.24003173816443724,0.057615235326240959,1,-1,3,1,1,-1,1,1277,0.022681787858572382,0.060216923290430588,0.037535135431858206,0.0033942592624721245,0.041561040693795862,0.038166781431323737,0.0030662494658145073,0.00079265470306300316,0.0030662494658145073,0.003050531441468763,0.0042614972898408574,0.0031670470891503417,0.0042758157739655189,0.059773182121414276,0.040038432193189775,0.044314247967155294,0.0042758157739655189,0,0,0,0,0,0.89564564564564564,-0.0075256873559220051,0.00066608748446294588,0.01877657000220782,0,0.023935056129584728
199,8,13,0.24062600087699448,0.05790087229805535,1,1,1,0,1,-1,1,1457,0.018999332888592395,0.061998811628514949,0.042999478739922554,0.0024925739690974053,0.052901934623082056,0.050409360653984651,0.0030403288803947572,0.00082785840083984547,0.0030403288803947572,0.0030524905038587721,0.0042640785499996597,0.0031510235214614866,0.0042912470785293408,0.059773182121414276,0.040023000888625954,0.044314247967155294,0.0042912470785293408,0,0,0,0,0,0.54804804804804808,-4.0373522132340593e-05,0.00066015264612888987,0.0094011717578542948,0,0.0035015502446754036
199,8,13,0.24062600087699448,0.05790087229805535,1,1,3,1,1,-1,1,1271,0.022788525683789196,0.060184119157006846,0.03739559347321765,0.0034232385246118356,0.041427618412274846,0.03800437988766301,0.003081278672212401,0.00079217621793407943,0.003081278672212401,0.0030653230008911223,0.0042761976937360224,0.0031814810098586724,0.0042912470785293408,0.059773182121414276,0.040023000888625954,0.044314247967155294,0.0042912470785293408,0,0,0,0,0,0.89447990987607962,-0.0075387554709185744,0.00066015264612888987,0.036245885392085855,0,0.023981828459675149
199,8,13,0.24062600087699448,0.05790087229805535,1,-1,1,0,1,-1,0,9,0.023273631421275465,0.023437139688991658,0.00016350826771619267,0.003598247795423943,0.0036604996028118913,6.2251807387948312e-05,0.0018072396244640065,2.6106238898393269e-05,0.0018072396244640065,0.001802600223435747,0.0018492459561625541,0.0018074281717241831,0.0018495343295407674,0.02342895263509006,0.003598247795423943,0.0054477821249647104,0.0018495343295407674,0,0,0,0,0,1,2.493905487860234e-07,1.213183811499064e-05,0.0023422000646863826,0.00045162329479910376,-8.1585440162079274e-07
199,8,13,0.24062600087699448,0.05790087229805535,1,-1,1,0,2,-1,1,1379,0.023451795425522278,0.059777052232099143,0.036325256806576861,0.0036636857988458426,0.040023000888625954,0.03635931508978011,0.0031626256214190795,0.00089715703604607703,0.0031626256214190795,0.0031047283553222657,0.0047005117863776957,0.0032874141157729735,0.005423793292318041,0.05729998531446881,0.03228819212808539,0.037711985420403431,0.005423793292318041,0,0,0,0,0,0.56216877293110479,-1.3441166360064947e-05,0.00066015264612888987,0.010021839376853784,0,0.00012336100726497199
199,8,13,0.24062600087699448,0.05790087229805535,1,-1,1,0,3,-1,0,9,0.059774277522950649,0.059829254126127461,5.49766031768123e-05,0.040014741689767194,0.040197092235003201,0.00018235054523600691,0.0043680993744724707,8.101363560319149e-05,0.0043680993744724707,0.0043335488363299354,0.0044732032630218077,0.0043688505758861145,0.0044732032630218077,0.059826551034022679,0.040014741689767194,0.044487944952789002,0.0044732032630218077,0,0,0,0,0,1,1.7509521752224065e-05,0.00010031675094166803,0.0074075345078263178,0.0041626124032584704,-6.9309368079045023e-05
199,8,13,0.24062600087699448,0.05790087229805535,1,-1,1,0,4,-1,0,9,0.059835280868103455,0.059882175939390735,4.6895071287279821e-05,0.04021868144394744,0.040373202429999672,0.00015452098605223119,0.0043525305212327395,6.9957730213792151e-05,0.0043525305212327395,0.0043049027784272387,0.0044448522839876659,0.0043530926962654041,0.0044448522839876659,0.05987991994663109,0.04021868144394744,0.044663533727935106,0.0044448522839876659,0,0,0,0,0,1,1.5598004916093583e-05,8.7231572564112434e-05,0.0069915749095309414,0.0039328302701286824,-6.1868615734561792e-05
199,8,13,0.24062600087699448,0.05790087229805535,1,-1,3,1,1,-1,1,1271,0.022788525683789196,0.060184119157006846,0.03739559347321765,0.0034232385246118356,0.041427618412274846,0.03800437988766301,0.003081278672212401,0.00079217621793407943,0.003081278672212401,0.0030653230008911223,0.0042761976937360224,0.0031814810098586724,0.0042912470785293408,0.059773182121414276,0.040023000888625954,0.044314247967155294,0.0042912470785293408,0,0,0,0,0,0.89447990987607962,-0.0075387554709185744,0.00066015264612888987,0.018710651173125092,0,0.023981828459675149
200,13,8,0.24062600087699448,0.05790087229805535,1,1,1,0,1,-1,1,1457,0.018999332888592395,0.061998811628514949,0.042999478739922554,0.0024925739690974053,0.052901934623082056,0.050409360653984651,0.0030403288803947572,0.00082785840083984547,0.0030403288803947572,0.0030524905038587721,0.0042640785499996597,0.0031510235214614866,0.0042912470785293408,0.059773182121414276,0.040023000888625954,0.044314247967155294,0.0042912470785293408,0,0,0,0,0,0.54804804804804808,-4.0373522132340593e-05,0.00066015264612888987,0.0094011717578542948,0,0.0035015502446754036
200,13,8,0.24062600087699448,0.05790087229805535,1,1,3,1,1,-1,1,1271,0.022788525683789196,0.060184119157006846,0.03739559347321765,0.0034232385246118356,0.041427618412274846,0.03800437988766301,0.003081278672212401,0.00079217621793407943,0.003081278672212401,0.0030653230008911223,0.0042761976937360224,0.0031814810098586724,0.0042912470785293408,0.059773182121414276,0.040023000888625954,0.044314247967155294,0.0042912470785293408,0,0,0,0,0,0.89447990987607962,-0.0075387554709185744,0.00066015264612888987,0.036245885392085855,0,0.023981828459675149
200,13,8,0.24062600087699448,0.05790087229805535,1,-1,1,0,1,-1,0,9,0.023273631421275465,0.023437139688991658,0.00016350826771619267,0.003598247795423943,0.0036604996028118913,6.2251807387948312e-05,0.0018072396244640065,2.6106238898393269e-05,0.0018072396244640065,0.001802600223435747,0.0018492459561625541,0.0018074281717241831,0.0018495343295407674,0.02342895263509006,0.003598247795423943,0.0054477821249647104,0.0018495343295407674,0,0,0,0,0,1,2.493905487860234e-07,1.213183811499064e-05,0.0023422000646863826,0.00045162329479910376,-8.1585440162079274e-07
200,13,8,0.24062600087699448,0.05790087229805535,1,-1,1,0,2,-1,1,1379,0.023451795425522278,0.059777052232099143,0.036325256806576861,0.0036636857988458426,0.040023000888625954,0.03635931508978011,0.0031626256214190795,0.00089715703604607703,0.0031626256214190795,0.0031047283553222657,0.0047005117863776957,0.0032874141157729735,0.005423793292318041,0.05729998531446881,0.03228819212808539,0.037711985420403431,0.005423793292318041,0,0,0,0,0,0.56216877293110479,-1.3441166360064947e-05,0.00066015264612888987,0.010021839376853784,0,0.00012336100726497199
200,13,8,0.24062600087699448,0.05790087229805535,1,-1,1,0,3,-1,0,9,0.059774277522950649,0.059829254126127461,5.49766031768123e-05,0.040014741689767194,0.040197092235003201,0.00018235054523600691,0.0043680993744724707,8.101363560319149e-05,0.0043680993744724707,0.0043335488363299354,0.0044732032630218077,0.0043688505758861145,0.0044732032630218077,0.059826551034022679,0.040014741689767194,0.044487944952789002,0.0044732032630218077,0,0,0,0,0,1,1.7509521752224065e-05,0.00010031675094166803,0.0074075345078263178,0.0041626124032584704,-6.9309368079045023e-05
200,13,8,0.24062600087699448,0.05790087229805535,1,-1,1,0,4,-1,0,9,0.059835280868103455,0.059882175939390735,4.6895071287279821e-05,0.04021868144394744,0.040373202429999672,0.00015452098605223119,0.0043525305212327395,6.9957730213792151e-05,0.0043525305212327395,0.0043049027784272387,0.0044448522839876659,0.0043530926962654041,0.0044448522839876659,0.05987991994663109,0.04021868144394744,0.044663533727935106,0.0044448522839876659,0,0,0,0,0,1,1.5598004916093583e-05,8.7231572564112434e-05,0.0069915749095309414,0.0039328302701286824,-6.1868615734561792e-05
200,13,8,0.24062600087699448,0.05790087229805535,1,-1,3,1,1,-1,1,1271,0.022788525683789196,0.060184119157006846,0.03739559347321765,0.0034232385246118356,0.041427618412274846,0.03800437988766301,0.003081278672212401,0.00079217621793407943,0.003081278672212401,0.0030653230008911223,0.0042761976937360224,0.0031814810098586724,0.0042912470785293408,0.059773182121414276,0.040023000888625954,0.044314247967155294,0.0042912470785293408,0,0,0,0,0,0.89447990987607962,-0.0075387554709185744,0.00066015264612888987,0.018710651173125092,0,0.023981828459675149
