mode_index,m,n,q,q2,branch_id,root_id,kind_id,source_id_0lambda_1trace,n_contour_segments,Z_min,Z_max,Z_span,zero_fraction_absZ_le_tol,skipped_flag
0,0,0,0,0,1,1,1,0,1,-0.20105148784787932,0.12265393579021694,0.32370542363809629,0,0
0,0,0,0,0,1,1,3,1,1,-0.99986657326750861,0.083889863277904375,1.0837564365454129,0,0
0,0,0,0,0,1,-1,1,0,3,-0.9997998621267481,0.013962241472636026,1.013762103599384,0.00066622251832111927,0
0,0,0,0,0,1,-1,3,1,1,-0.99986657326750861,0.083889863277904375,1.0837564365454129,0,0
0,0,0,0,0,-1,1,1,0,0,5.3368912608405602e-05,0.12265393579021694,0.12260056687760854,0,2
0,0,0,0,0,-1,1,3,1,2,-0.041868952661910312,0.083889863277904375,0.12575881593981469,0,0
0,0,0,0,0,-1,-1,1,0,0,-0.099999999999999992,0,0.099999999999999992,0.00066622251832111927,0
0,0,0,0,0,-1,-1,3,1,2,-0.041868952661910312,0.083889863277904375,0.12575881593981469,0,0
1,0,1,0.015786733819426566,0.00024922096468542646,1,1,1,0,1,-0.20108139436364159,0.1226327270805469,0.32371412144418849,0,0
1,0,1,0.015786733819426566,0.00024922096468542646,1,1,3,1,1,-0.99992638629903308,0.083830050246379878,1.0837564365454129,0,0
1,0,1,0.015786733819426566,0.00024922096468542646,1,-1,1,0,3,-0.99983974014188504,0.013932334956873774,1.0137720750987589,0,0
1,0,1,0.015786733819426566,0.00024922096468542646,1,-1,3,1,1,-0.99992638629903308,0.083830050246379878,1.0837564365454129,0,0
1,0,1,0.015786733819426566,0.00024922096468542646,-1,1,1,0,0,3.3431235433571488e-05,0.1226327270805469,0.12259929584511332,0,2
1,0,1,0.015786733819426566,0.00024922096468542646,-1,1,3,1,2,-0.041928765693434816,0.083830050246379878,0.12575881593981469,0,0
1,0,1,0.015786733819426566,0.00024922096468542646,-1,-1,1,0,0,-0.10004122727732606,-3.987535434966244e-05,0.10000135192297641,0,2
1,0,1,0.015786733819426566,0.00024922096468542646,-1,-1,3,1,2,-0.041928765693434816,0.083830050246379878,0.12575881593981469,0,0
2,1,0,0.015786733819426566,0.00024922096468542646,1,1,1,0,1,-0.20108139436364159,0.1226327270805469,0.32371412144418849,0,0
2,1,0,0.015786733819426566,0.00024922096468542646,1,1,3,1,1,-0.99992638629903308,0.083830050246379878,1.0837564365454129,0,0
2,1,0,0.015786733819426566,0.00024922096468542646,1,-1,1,0,3,-0.99983974014188504,0.013932334956873774,1.0137720750987589,0,0
2,1,0,0.015786733819426566,0.00024922096468542646,1,-1,3,1,1,-0.99992638629903308,0.083830050246379878,1.0837564365454129,0,0
2,1,0,0.015786733819426566,0.00024922096468542646,-1,1,1,0,0,3.3431235433571488e-05,0.1226327270805469,0.12259929584511332,0,2
2,1,0,0.015786733819426566,0.00024922096468542646,-1,1,3,1,2,-0.041928765693434816,0.083830050246379878,0.12575881593981469,0,0
2,1,0,0.015786733819426566,0.00024922096468542646,-1,-1,1,0,0,-0.10004122727732606,-3.987535434966244e-05,0.10000135192297641,0,2
2,1,0,0.015786733819426566,0.00024922096468542646,-1,-1,3,1,2,-0.041928765693434816,0.083830050246379878,0.12575881593981469,0,0
3,1,1,0.022325813073007059,0.00049844192937085292,1,1,1,0,1,-0.20111130087940382,0.12261151981142999,0.3237228206908338,0,0
3,1,1,0.022325813073007059,0.00049844192937085292,1,1,3,1,1,-0.99998619933055766,0.083770237214855367,1.0837564365454131,0,0
3,1,1,0.022325813073007059,0.00049844192937085292,1,-1,1,0,3,-0.99987961815691606,0.013902428441111524,1.0137820465980276,0,0
3,1,1,0.022325813073007059,0.00049844192937085292,1,-1,3,1,1,-0.99998619933055766,0.083770237214855367,1.0837564365454131,0,0
3,1,1,0.022325813073007059,0.00049844192937085292,-1,1,1,0,0,1.3493558258737375e-05,0.12261151981142999,0.12259802625317126,0,2
3,1,1,0.022325813073007059,0.00049844192937085292,-1,1,3,1,2,-0.04198857872495932,0.083770237214855367,0.12575881593981469,0,0
3,1,1,0.022325813073007059,0.00049844192937085292,-1,-1,1,0,0,-0.10008245424738893,-7.9750708699331818e-05,0.10000270353868959,0,2
3,1,1,0.022325813073007059,0.00049844192937085292,-1,-1,3,1,2,-0.04198857872495932,0.083770237214855367,0.12575881593981469,0,0
4,0,2,0.031572484027273924,0.00099682174765246701,1,1,1,0,1,-0.20117110645759761,0.12256911487835728,0.32374022133595493,0,0
4,0,2,0.031572484027273924,0.00099682174765246701,1,1,3,1,1,-1.0001058104869451,0.083650626058467778,1.0837564365454129,0,0
4,0,2,0.031572484027273924,0.00099682174765246701,1,-1,1,0,3,-0.99995936424822196,0.013831910763419421,1.0137912750116413,0,0
4,0,2,0.031572484027273924,0.00099682174765246701,1,-1,3,1,1,-1.0001058104869451,0.083650626058467778,1.0837564365454129,0,0
4,0,2,0.031572484027273924,0.00099682174765246701,-1,1,1,0,0,-2.6376827203791745e-05,0.12256911487835728,0.12259549170556107,0,0
4,0,2,0.031572484027273924,0.00099682174765246701,-1,1,3,1,2,-0.042108189881346902,0.083650626058467778,0.12575881593981469,0,0
4,0,2,0.031572484027273924,0.00099682174765246701,-1,-1,1,0,0,-0.10016489699173661,-0.00015949147962439,0.10000540551211222,0,2
4,0,2,0.031572484027273924,0.00099682174765246701,-1,-1,3,1,2,-0.042108189881346902,0.083650626058467778,0.12575881593981469,0,0
5,2,0,0.031572484027273924,0.00099682174765246701,1,1,1,0,1,-0.20117110645759761,0.12256911487835728,0.32374022133595493,0,0
5,2,0,0.031572484027273924,0.00099682174765246701,1,1,3,1,1,-1.0001058104869451,0.083650626058467778,1.0837564365454129,0,0
5,2,0,0.031572484027273924,0.00099682174765246701,1,-1,1,0,3,-0.99995936424822196,0.013831910763419421,1.0137912750116413,0,0
5,2,0,0.031572484027273924,0.00099682174765246701,1,-1,3,1,1,-1.0001058104869451,0.083650626058467778,1.0837564365454129,0,0
5,2,0,0.031572484027273924,0.00099682174765246701,-1,1,1,0,0,-2.6376827203791745e-05,0.12256911487835728,0.12259549170556107,0,0
5,2,0,0.031572484027273924,0.00099682174765246701,-1,1,3,1,2,-0.042108189881346902,0.083650626058467778,0.12575881593981469,0,0
5,2,0,0.031572484027273924,0.00099682174765246701,-1,-1,1,0,0,-0.10016489699173661,-0.00015949147962439,0.10000540551211222,0,2
5,2,0,0.031572484027273924,0.00099682174765246701,-1,-1,3,1,2,-0.042108189881346902,0.083650626058467778,0.12575881593981469,0,0
6,1,2,0.035299330196731683,0.0012460427123378935,1,1,1,0,1,-0.20120101297335988,0.12254791192919484,0.32374892490255469,0,0
6,1,2,0.035299330196731683,0.0012460427123378935,1,1,3,1,1,-1.0001656235184697,0.083590813026943281,1.0837564365454131,0,0
6,1,2,0.035299330196731683,0.0012460427123378935,1,-1,1,0,3,-0.99999924226293457,0.013786662316769987,1.0137859045797046,0,0
6,1,2,0.035299330196731683,0.0012460427123378935,1,-1,3,1,1,-1.0001656235184697,0.083590813026943281,1.0837564365454131,0,0
6,1,2,0.035299330196731683,0.0012460427123378935,-1,1,1,0,0,-4.6314504378625865e-05,0.12254791192919484,0.12259422643357347,0,0
6,1,2,0.035299330196731683,0.0012460427123378935,-1,1,3,1,2,-0.042168002912871407,0.083590813026943281,0.12575881593981469,0,0
6,1,2,0.035299330196731683,0.0012460427123378935,-1,-1,1,0,0,-0.10020612304075446,-0.00019936683397405938,0.1000067562067804,0,2
6,1,2,0.035299330196731683,0.0012460427123378935,-1,-1,3,1,2,-0.042168002912871407,0.083590813026943281,0.12575881593981469,0,0
7,2,1,0.035299330196731683,0.0012460427123378935,1,1,1,0,1,-0.20120101297335988,0.12254791192919484,0.32374892490255469,0,0
7,2,1,0.035299330196731683,0.0012460427123378935,1,1,3,1,1,-1.0001656235184697,0.083590813026943281,1.0837564365454131,0,0
7,2,1,0.035299330196731683,0.0012460427123378935,1,-1,1,0,3,-0.99999924226293457,0.013786662316769987,1.0137859045797046,0,0
7,2,1,0.035299330196731683,0.0012460427123378935,1,-1,3,1,1,-1.0001656235184697,0.083590813026943281,1.0837564365454131,0,0
7,2,1,0.035299330196731683,0.0012460427123378935,-1,1,1,0,0,-4.6314504378625865e-05,0.12254791192919484,0.12259422643357347,0,0
7,2,1,0.035299330196731683,0.0012460427123378935,-1,1,3,1,2,-0.042168002912871407,0.083590813026943281,0.12575881593981469,0,0
7,2,1,0.035299330196731683,0.0012460427123378935,-1,-1,1,0,0,-0.10020612304075446,-0.00019936683397405938,0.1000067562067804,0,2
7,2,1,0.035299330196731683,0.0012460427123378935,-1,-1,3,1,2,-0.042168002912871407,0.083590813026943281,0.12575881593981469,0,0
8,2,2,0.044650235109178697,0.001993643495304934,1,1,1,0,1,-0.20096848113008234,0.12248431700170258,0.3234527981317849,0,0
8,2,2,0.044650235109178697,0.001993643495304934,1,1,3,1,1,-1.0003450477063818,0.083411388839031195,1.0837564365454129,0,0
8,2,2,0.044650235109178697,0.001993643495304934,1,-1,1,0,2,-1.0001188663679983,0.013677467254186641,1.0137963336221849,0,0
8,2,2,0.044650235109178697,0.001993643495304934,1,-1,3,1,1,-1.0003450477063818,0.083411388839031195,1.0837564365454129,0,0
8,2,2,0.044650235109178697,0.001993643495304934,-1,1,1,0,0,-0.00010612256701598908,0.12248431700170258,0.12259043956871857,0,0
8,2,2,0.044650235109178697,0.001993643495304934,-1,1,3,1,2,-0.0423474271007835,0.083411388839031195,0.12575881593981469,0,0
8,2,2,0.044650235109178697,0.001993643495304934,-1,-1,1,0,0,-0.10032978907321626,-0.00031898295924878695,0.10001080611396747,0,2
8,2,2,0.044650235109178697,0.001993643495304934,-1,-1,3,1,2,-0.0423474271007835,0.083411388839031195,0.12575881593981469,0,0
9,0,3,0.047356267073247985,0.0022426160311127914,1,1,1,0,1,-0.20099835783437928,0.12246314093855749,0.32346149877293678,0,0
9,0,3,0.047356267073247985,0.0022426160311127914,1,1,3,1,1,-1.0004048011149758,0.083351635430437304,1.0837564365454131,0,0
9,0,3,0.047356267073247985,0.0022426160311127914,1,-1,1,0,2,-1.0001587046310147,0.013647590549889697,1.0138062951809044,0,0
9,0,3,0.047356267073247985,0.0022426160311127914,1,-1,3,1,1,-1.0004048011149758,0.083351635430437304,1.0837564365454131,0,0
9,0,3,0.047356267073247985,0.0022426160311127914,-1,1,1,0,0,-0.00012604036988061773,0.12246314093855749,0.12258918130843811,0,0
9,0,3,0.047356267073247985,0.0022426160311127914,-1,1,3,1,2,-0.042407180509377383,0.083351635430437304,0.12575881593981469,0,0
9,0,3,0.047356267073247985,0.0022426160311127914,-1,-1,1,0,0,-0.10037097280205809,-0.00035881856497804038,0.10001215423708004,0,2
9,0,3,0.047356267073247985,0.0022426160311127914,-1,-1,3,1,2,-0.042407180509377383,0.083351635430437304,0.12575881593981469,0,0
10,3,0,0.047356267073247985,0.0022426160311127914,1,1,1,0,1,-0.20099835783437928,0.12246314093855749,0.32346149877293678,0,0
10,3,0,0.047356267073247985,0.0022426160311127914,1,1,3,1,1,-1.0004048011149758,0.083351635430437304,1.0837564365454131,0,0
10,3,0,0.047356267073247985,0.0022426160311127914,1,-1,1,0,2,-1.0001587046310147,0.013647590549889697,1.0138062951809044,0,0
10,3,0,0.047356267073247985,0.0022426160311127914,1,-1,3,1,1,-1.0004048011149758,0.083351635430437304,1.0837564365454131,0,0
10,3,0,0.047356267073247985,0.0022426160311127914,-1,1,1,0,0,-0.00012604036988061773,0.12246314093855749,0.12258918130843811,0,0
10,3,0,0.047356267073247985,0.0022426160311127914,-1,1,3,1,2,-0.042407180509377383,0.083351635430437304,0.12575881593981469,0,0
10,3,0,0.047356267073247985,0.0022426160311127914,-1,-1,1,0,0,-0.10037097280205809,-0.00035881856497804038,0.10001215423708004,0,2
10,3,0,0.047356267073247985,0.0022426160311127914,-1,-1,3,1,2,-0.042407180509377383,0.083351635430437304,0.12575881593981469,0,0
11,1,3,0.049918303214334298,0.0024918369957982181,1,1,1,0,1,-0.20102826435014154,0.12244194518362667,0.3234702095337682,0,0
11,1,3,0.049918303214334298,0.0024918369957982181,1,1,3,1,1,-1.0004646141465001,0.083291822398912807,1.0837564365454129,0,0
11,1,3,0.049918303214334298,0.0024918369957982181,1,-1,1,0,2,-1.0001985826451967,0.013609992008505257,1.013808574653702,0,0
11,1,3,0.049918303214334298,0.0024918369957982181,1,-1,3,1,1,-1.0004646141465001,0.083291822398912807,1.0837564365454129,0,0
11,1,3,0.049918303214334298,0.0024918369957982181,-1,1,1,0,0,-0.00014597804705545185,0.12244194518362667,0.12258792323068211,0,0
11,1,3,0.049918303214334298,0.0024918369957982181,-1,1,3,1,2,-0.042466993540901887,0.083291822398912807,0.12575881593981469,0,0
11,1,3,0.049918303214334298,0.0024918369957982181,-1,-1,1,0,0,-0.10041219731847854,-0.00039869391932770976,0.10001350339915083,0,2
11,1,3,0.049918303214334298,0.0024918369957982181,-1,-1,3,1,2,-0.042466993540901887,0.083291822398912807,0.12575881593981469,0,0
12,3,1,0.049918303214334298,0.0024918369957982181,1,1,1,0,1,-0.20102826435014154,0.12244194518362667,0.3234702095337682,0,0
12,3,1,0.049918303214334298,0.0024918369957982181,1,1,3,1,1,-1.0004646141465001,0.083291822398912807,1.0837564365454129,0,0
12,3,1,0.049918303214334298,0.0024918369957982181,1,-1,1,0,2,-1.0001985826451967,0.013609992008505257,1.013808574653702,0,0
12,3,1,0.049918303214334298,0.0024918369957982181,1,-1,3,1,1,-1.0004646141465001,0.083291822398912807,1.0837564365454129,0,0
12,3,1,0.049918303214334298,0.0024918369957982181,-1,1,1,0,0,-0.00014597804705545185,0.12244194518362667,0.12258792323068211,0,0
12,3,1,0.049918303214334298,0.0024918369957982181,-1,1,3,1,2,-0.042466993540901887,0.083291822398912807,0.12575881593981469,0,0
12,3,1,0.049918303214334298,0.0024918369957982181,-1,-1,1,0,0,-0.10041219731847854,-0.00039869391932770976,0.10001350339915083,0,2
12,3,1,0.049918303214334298,0.0024918369957982181,-1,-1,3,1,2,-0.042466993540901887,0.083291822398912807,0.12575881593981469,0,0
13,2,3,0.056916059058628246,0.0032394377787652584,1,1,1,0,1,-0.2011179764440976,0.12237837183027388,0.32349634827437146,0,0
13,2,3,0.056916059058628246,0.0032394377787652584,1,1,3,1,1,-1.0006440383344122,0.083112398211000707,1.0837564365454129,0,0
13,2,3,0.056916059058628246,0.0032394377787652584,1,-1,1,0,3,-1.0003182067486698,0.013494218187341759,1.0138124249360116,0,0
13,2,3,0.056916059058628246,0.0032394377787652584,1,-1,3,1,1,-1.0006440383344122,0.083112398211000707,1.0837564365454129,0,0
13,2,3,0.056916059058628246,0.0032394377787652584,-1,1,1,0,1,-0.00020578610969281512,0.12237837183027388,0.12258415793996669,0,0
13,2,3,0.056916059058628246,0.0032394377787652584,-1,1,3,1,2,-0.042646417728813973,0.083112398211000707,0.12575881593981469,0,0
13,2,3,0.056916059058628246,0.0032394377787652584,-1,-1,1,0,0,-0.10053585875685907,-0.00051831004460243732,0.10001754871225663,0,2
13,2,3,0.056916059058628246,0.0032394377787652584,-1,-1,3,1,2,-0.042646417728813973,0.083112398211000707,0.12575881593981469,0,0
14,3,2,0.056916059058628246,0.0032394377787652584,1,1,1,0,1,-0.2011179764440976,0.12237837183027388,0.32349634827437146,0,0
14,3,2,0.056916059058628246,0.0032394377787652584,1,1,3,1,1,-1.0006440383344122,0.083112398211000707,1.0837564365454129,0,0
14,3,2,0.056916059058628246,0.0032394377787652584,1,-1,1,0,3,-1.0003182067486698,0.013494218187341759,1.0138124249360116,0,0
14,3,2,0.056916059058628246,0.0032394377787652584,1,-1,3,1,1,-1.0006440383344122,0.083112398211000707,1.0837564365454129,0,0
14,3,2,0.056916059058628246,0.0032394377787652584,-1,1,1,0,1,-0.00020578610969281512,0.12237837183027388,0.12258415793996669,0,0
14,3,2,0.056916059058628246,0.0032394377787652584,-1,1,3,1,2,-0.042646417728813973,0.083112398211000707,0.12575881593981469,0,0
14,3,2,0.056916059058628246,0.0032394377787652584,-1,-1,1,0,0,-0.10053585875685907,-0.00051831004460243732,0.10001754871225663,0,2
14,3,2,0.056916059058628246,0.0032394377787652584,-1,-1,3,1,2,-0.042646417728813973,0.083112398211000707,0.12575881593981469,0,0
15,0,4,0.063137099529621057,0.0039862933370132759,1,1,1,0,1,-0.20120759911108735,0.12231487476738562,0.32352247387847299,0,0
15,0,4,0.063137099529621057,0.0039862933370132759,1,1,3,1,1,-1.0008232836683917,0.082933152877021188,1.0837564365454129,0,0
15,0,4,0.063137099529621057,0.0039862933370132759,1,-1,1,0,3,-1.0004377116072818,0.013377119693772388,1.0138148313010542,0,0
15,0,4,0.063137099529621057,0.0039862933370132759,1,-1,3,1,1,-1.0008232836683917,0.082933152877021188,1.0837564365454129,0,0
15,0,4,0.063137099529621057,0.0039862933370132759,-1,1,1,0,1,-0.00026553455435265644,0.12231487476738562,0.12258040932173828,0,0
15,0,4,0.063137099529621057,0.0039862933370132759,-1,1,3,1,2,-0.042825663062793499,0.082933152877021188,0.12575881593981469,0,0
15,0,4,0.063137099529621057,0.0039862933370132759,-1,-1,1,0,0,-0.10065939417802507,-0.00063780693392212137,0.10002158724410294,0,2
15,0,4,0.063137099529621057,0.0039862933370132759,-1,-1,3,1,2,-0.042825663062793499,0.082933152877021188,0.12575881593981469,0,0
16,4,0,0.063137099529621057,0.0039862933370132759,1,1,1,0,1,-0.20120759911108735,0.12231487476738562,0.32352247387847299,0,0
16,4,0,0.063137099529621057,0.0039862933370132759,1,1,3,1,1,-1.0008232836683917,0.082933152877021188,1.0837564365454129,0,0
16,4,0,0.063137099529621057,0.0039862933370132759,1,-1,1,0,3,-1.0004377116072818,0.013377119693772388,1.0138148313010542,0,0
16,4,0,0.063137099529621057,0.0039862933370132759,1,-1,3,1,1,-1.0008232836683917,0.082933152877021188,1.0837564365454129,0,0
16,4,0,0.063137099529621057,0.0039862933370132759,-1,1,1,0,1,-0.00026553455435265644,0.12231487476738562,0.12258040932173828,0,0
16,4,0,0.063137099529621057,0.0039862933370132759,-1,1,3,1,2,-0.042825663062793499,0.082933152877021188,0.12575881593981469,0,0
16,4,0,0.063137099529621057,0.0039862933370132759,-1,-1,1,0,0,-0.10065939417802507,-0.00063780693392212137,0.10002158724410294,0,2
16,4,0,0.063137099529621057,0.0039862933370132759,-1,-1,3,1,2,-0.042825663062793499,0.082933152877021188,0.12575881593981469,0,0
17,1,4,0.065080828987488334,0.0042355143016987026,1,1,1,0,1,-0.20123750562684961,0.1222936890723899,0.32353119469923952,0,0
17,1,4,0.065080828987488334,0.0042355143016987026,1,1,3,1,1,-1.0008830966999163,0.082873339845496691,1.0837564365454129,0,0
17,1,4,0.065080828987488334,0.0042355143016987026,1,-1,1,0,3,-1.0004775896207219,0.013343362562296113,1.0138209521830179,0,0
17,1,4,0.065080828987488334,0.0042355143016987026,1,-1,3,1,1,-1.0008830966999163,0.082873339845496691,1.0837564365454129,0,0
17,1,4,0.065080828987488334,0.0042355143016987026,-1,1,1,0,1,-0.00028547223152749059,0.1222936890723899,0.12257916130391738,0,0
17,1,4,0.065080828987488334,0.0042355143016987026,-1,1,3,1,2,-0.042885476094318004,0.082873339845496691,0.12575881593981469,0,0
17,1,4,0.065080828987488334,0.0042355143016987026,-1,-1,1,0,0,-0.10070061655399741,-0.00067768228827178728,0.10002293426572562,0,2
17,1,4,0.065080828987488334,0.0042355143016987026,-1,-1,3,1,2,-0.042885476094318004,0.082873339845496691,0.12575881593981469,0,0
18,4,1,0.065080828987488334,0.0042355143016987026,1,1,1,0,1,-0.20123750562684961,0.1222936890723899,0.32353119469923952,0,0
18,4,1,0.065080828987488334,0.0042355143016987026,1,1,3,1,1,-1.0008830966999163,0.082873339845496691,1.0837564365454129,0,0
18,4,1,0.065080828987488334,0.0042355143016987026,1,-1,1,0,3,-1.0004775896207219,0.013343362562296113,1.0138209521830179,0,0
18,4,1,0.065080828987488334,0.0042355143016987026,1,-1,3,1,1,-1.0008830966999163,0.082873339845496691,1.0837564365454129,0,0
18,4,1,0.065080828987488334,0.0042355143016987026,-1,1,1,0,1,-0.00028547223152749059,0.1222936890723899,0.12257916130391738,0,0
18,4,1,0.065080828987488334,0.0042355143016987026,-1,1,3,1,2,-0.042885476094318004,0.082873339845496691,0.12575881593981469,0,0
18,4,1,0.065080828987488334,0.0042355143016987026,-1,-1,1,0,0,-0.10070061655399741,-0.00067768228827178728,0.10002293426572562,0,2
18,4,1,0.065080828987488334,0.0042355143016987026,-1,-1,3,1,2,-0.042885476094318004,0.082873339845496691,0.12575881593981469,0,0
19,3,3,0.066971875158349736,0.0044852320622255828,1,1,1,0,1,-0.20126747175811283,0.12227246258717724,0.32353993434529005,0,0
19,3,3,0.066971875158349736,0.0044852320622255828,1,1,3,1,1,-1.0009430289624428,0.082813407582970233,1.0837564365454131,0,0
19,3,3,0.066971875158349736,0.0044852320622255828,1,-1,1,0,3,-1.0005175471266909,0.013313396431032888,1.0138309435577237,0,0
19,3,3,0.066971875158349736,0.0044852320622255828,1,-1,3,1,1,-1.0009430289624428,0.082813407582970233,1.0837564365454131,0,0
19,3,3,0.066971875158349736,0.0044852320622255828,-1,1,1,0,1,-0.00030544965236964112,0.12227246258717724,0.12257791223954688,0,0
19,3,3,0.066971875158349736,0.0044852320622255828,-1,1,3,1,2,-0.042945408356844454,0.082813407582970233,0.12575881593981469,0,0
19,3,3,0.066971875158349736,0.0044852320622255828,-1,-1,1,0,0,-0.10074192079604831,-0.00071763712995608769,0.10002428366609223,0,2
19,3,3,0.066971875158349736,0.0044852320622255828,-1,-1,3,1,2,-0.042945408356844454,0.082813407582970233,0.12575881593981469,0,0
20,2,4,0.070591182768570626,0.0049831150846657429,1,1,1,0,1,-0.20100530688599366,0.12223014588682143,0.32323545277281507,0,0
20,2,4,0.070591182768570626,0.0049831150846657429,1,1,3,1,1,-1.0010625208878283,0.082693915657584591,1.0837564365454129,0,0
20,2,4,0.070591182768570626,0.0049831150846657429,1,-1,1,0,3,-1.000597213721969,0.013235335396501487,1.0138325491184705,0,0
20,2,4,0.070591182768570626,0.0049831150846657429,1,-1,3,1,1,-1.0010625208878283,0.082693915657584591,1.0837564365454129,0,0
20,2,4,0.070591182768570626,0.0049831150846657429,-1,1,1,0,1,-0.00034528029416485372,0.12223014588682143,0.12257542618098628,0,0
20,2,4,0.070591182768570626,0.0049831150846657429,-1,1,3,1,2,-0.04306490028223009,0.082693915657584591,0.12575881593981469,0,0
20,2,4,0.070591182768570626,0.0049831150846657429,-1,-1,1,0,0,-0.1008242715762122,-0.00079729841354651484,0.10002697316266568,0,2
20,2,4,0.070591182768570626,0.0049831150846657429,-1,-1,3,1,2,-0.04306490028223009,0.082693915657584591,0.12575881593981469,0,0
21,4,2,0.070591182768570626,0.0049831150846657429,1,1,1,0,1,-0.20100530688599366,0.12223014588682143,0.32323545277281507,0,0
21,4,2,0.070591182768570626,0.0049831150846657429,1,1,3,1,1,-1.0010625208878283,0.082693915657584591,1.0837564365454129,0,0
21,4,2,0.070591182768570626,0.0049831150846657429,1,-1,1,0,3,-1.000597213721969,0.013235335396501487,1.0138325491184705,0,0
21,4,2,0.070591182768570626,0.0049831150846657429,1,-1,3,1,1,-1.0010625208878283,0.082693915657584591,1.0837564365454129,0,0
21,4,2,0.070591182768570626,0.0049831150846657429,-1,1,1,0,1,-0.00034528029416485372,0.12223014588682143,0.12257542618098628,0,0
21,4,2,0.070591182768570626,0.0049831150846657429,-1,1,3,1,2,-0.04306490028223009,0.082693915657584591,0.12575881593981469,0,0
21,4,2,0.070591182768570626,0.0049831150846657429,-1,-1,1,0,0,-0.1008242715762122,-0.00079729841354651484,0.10002697316266568,0,2
21,4,2,0.070591182768570626,0.0049831150846657429,-1,-1,3,1,2,-0.04306490028223009,0.082693915657584591,0.12575881593981469,0,0
22,0,5,0.078913998152505507,0.0062274191044136423,1,1,1,0,1,-0.20115462336836343,0.12212441349412693,0.32327903686249038,0,0
22,0,5,0.078913998152505507,0.0062274191044136423,1,1,3,1,1,-1.001361153852568,0.082395282692845101,1.0837564365454131,0,0
22,0,5,0.078913998152505507,0.0062274191044136423,1,-1,1,0,3,-1.0007963156381932,0.013049772139693711,1.0138460877778868,0,0
22,0,5,0.078913998152505507,0.0062274191044136423,1,-1,3,1,1,-1.001361153852568,0.082395282692845101,1.0837564365454131,0,0
22,0,5,0.078913998152505507,0.0062274191044136423,-1,1,1,0,1,-0.00044482461574468573,0.12212441349412693,0.12256923810987162,0,0
22,0,5,0.078913998152505507,0.0062274191044136423,-1,1,3,1,2,-0.043363533246969586,0.082395282692845101,0.12575881593981469,0,0
22,0,5,0.078913998152505507,0.0062274191044136423,-1,-1,1,0,0,-0.1010300764575587,-0.0009963870567061793,0.10003368940085251,0,2
22,0,5,0.078913998152505507,0.0062274191044136423,-1,-1,3,1,2,-0.043363533246969586,0.082395282692845101,0.12575881593981469,0,0
23,5,0,0.078913998152505507,0.0062274191044136423,1,1,1,0,1,-0.20115462336836343,0.12212441349412693,0.32327903686249038,0,0
23,5,0,0.078913998152505507,0.0062274191044136423,1,1,3,1,1,-1.001361153852568,0.082395282692845101,1.0837564365454131,0,0
23,5,0,0.078913998152505507,0.0062274191044136423,1,-1,1,0,3,-1.0007963156381932,0.013049772139693711,1.0138460877778868,0,0
23,5,0,0.078913998152505507,0.0062274191044136423,1,-1,3,1,1,-1.001361153852568,0.082395282692845101,1.0837564365454131,0,0
23,5,0,0.078913998152505507,0.0062274191044136423,-1,1,1,0,1,-0.00044482461574468573,0.12212441349412693,0.12256923810987162,0,0
23,5,0,0.078913998152505507,0.0062274191044136423,-1,1,3,1,2,-0.043363533246969586,0.082395282692845101,0.12575881593981469,0,0
23,5,0,0.078913998152505507,0.0062274191044136423,-1,-1,1,0,0,-0.1010300764575587,-0.0009963870567061793,0.10003368940085251,0,2
23,5,0,0.078913998152505507,0.0062274191044136423,-1,-1,3,1,2,-0.043363533246969586,0.082395282692845101,0.12575881593981469,0,0
24,3,4,0.078923439915693408,0.0062289093681260673,1,1,1,0,1,-0.20115480220000889,0.12212428688322645,0.32327908908323533,0,0
24,3,4,0.078923439915693408,0.0062289093681260673,1,1,3,1,1,-1.0013615115158589,0.082394925029554117,1.0837564365454131,0,0
24,3,4,0.078923439915693408,0.0062289093681260673,1,-1,1,0,3,-1.0007965540962824,0.013049593308048221,1.0138461474043305,0,0
24,3,4,0.078923439915693408,0.0062289093681260673,1,-1,3,1,1,-1.0013615115158589,0.082394925029554117,1.0837564365454131,0,0
24,3,4,0.078923439915693408,0.0062289093681260673,-1,1,1,0,1,-0.00044494383684167972,0.12212428688322645,0.12256923072006813,0,0
24,3,4,0.078923439915693408,0.0062289093681260673,-1,1,3,1,2,-0.04336389091026057,0.082394925029554117,0.12575881593981469,0,0
24,3,4,0.078923439915693408,0.0062289093681260673,-1,-1,1,0,0,-0.10103032293902427,-0.00099662549890016522,0.10003369744012411,0,2
24,3,4,0.078923439915693408,0.0062289093681260673,-1,-1,3,1,2,-0.04336389091026057,0.082394925029554117,0.12575881593981469,0,0
25,4,3,0.078923439915693408,0.0062289093681260673,1,1,1,0,1,-0.20115480220000889,0.12212428688322645,0.32327908908323533,0,0
25,4,3,0.078923439915693408,0.0062289093681260673,1,1,3,1,1,-1.0013615115158589,0.082394925029554117,1.0837564365454131,0,0
25,4,3,0.078923439915693408,0.0062289093681260673,1,-1,1,0,3,-1.0007965540962824,0.013049593308048221,1.0138461474043305,0,0
25,4,3,0.078923439915693408,0.0062289093681260673,1,-1,3,1,1,-1.0013615115158589,0.082394925029554117,1.0837564365454131,0,0
25,4,3,0.078923439915693408,0.0062289093681260673,-1,1,1,0,1,-0.00044494383684167972,0.12212428688322645,0.12256923072006813,0,0
25,4,3,0.078923439915693408,0.0062289093681260673,-1,1,3,1,2,-0.04336389091026057,0.082394925029554117,0.12575881593981469,0,0
25,4,3,0.078923439915693408,0.0062289093681260673,-1,-1,1,0,0,-0.10103032293902427,-0.00099662549890016522,0.10003369744012411,0,2
25,4,3,0.078923439915693408,0.0062289093681260673,-1,-1,3,1,2,-0.04336389091026057,0.082394925029554117,0.12575881593981469,0,0
26,1,5,0.080477574945440972,0.006476640069099069,1,1,1,0,1,-0.20118452988412566,0.12210324071269797,0.32328777059682362,0,0
26,1,5,0.080477574945440972,0.006476640069099069,1,1,3,1,1,-1.0014209668840923,0.082335469661320604,1.0837564365454129,0,0
26,1,5,0.080477574945440972,0.006476640069099069,1,-1,1,0,3,-1.00083619365068,0.013019865623931461,1.0138560592746115,0,0
26,1,5,0.080477574945440972,0.006476640069099069,1,-1,3,1,1,-1.0014209668840923,0.082335469661320604,1.0837564365454129,0,0
26,1,5,0.080477574945440972,0.006476640069099069,-1,1,1,0,1,-0.00046476229291952009,0.12210324071269797,0.12256800300561749,0,0
26,1,5,0.080477574945440972,0.006476640069099069,-1,1,3,1,2,-0.04342334627849409,0.082335469661320604,0.12575881593981469,0,0
26,1,5,0.080477574945440972,0.006476640069099069,-1,-1,1,0,0,-0.10107129609038494,-0.0010362624110558452,0.10003503367932909,0,2
26,1,5,0.080477574945440972,0.006476640069099069,-1,-1,3,1,2,-0.04342334627849409,0.082335469661320604,0.12575881593981469,0,0
27,5,1,0.080477574945440972,0.006476640069099069,1,1,1,0,1,-0.20118452988412566,0.12210324071269797,0.32328777059682362,0,0
27,5,1,0.080477574945440972,0.006476640069099069,1,1,3,1,1,-1.0014209668840923,0.082335469661320604,1.0837564365454129,0,0
27,5,1,0.080477574945440972,0.006476640069099069,1,-1,1,0,3,-1.00083619365068,0.013019865623931461,1.0138560592746115,0,0
27,5,1,0.080477574945440972,0.006476640069099069,1,-1,3,1,1,-1.0014209668840923,0.082335469661320604,1.0837564365454129,0,0
27,5,1,0.080477574945440972,0.006476640069099069,-1,1,1,0,1,-0.00046476229291952009,0.12210324071269797,0.12256800300561749,0,0
27,5,1,0.080477574945440972,0.006476640069099069,-1,1,3,1,2,-0.04342334627849409,0.082335469661320604,0.12575881593981469,0,0
27,5,1,0.080477574945440972,0.006476640069099069,-1,-1,1,0,0,-0.10107129609038494,-0.0010362624110558452,0.10003503367932909,0,2
27,5,1,0.080477574945440972,0.006476640069099069,-1,-1,3,1,2,-0.04342334627849409,0.082335469661320604,0.12575881593981469,0,0
28,2,5,0.084995534306609957,0.0072242408520661093,1,1,1,0,1,-0.20127424197808172,0.12203973625229986,0.32331397823038155,0,0
28,2,5,0.084995534306609957,0.0072242408520661093,1,1,3,1,1,-1.0016003910720044,0.082156045473408504,1.0837564365454129,0,0
28,2,5,0.084995534306609957,0.0072242408520661093,1,-1,1,0,4,-1.0009558177490678,0.012903243727298667,1.0138590614763665,0,0
28,2,5,0.084995534306609957,0.0072242408520661093,1,-1,3,1,1,-1.0016003910720044,0.082156045473408504,1.0837564365454129,0,0
28,2,5,0.084995534306609957,0.0072242408520661093,-1,1,1,0,1,-0.00052457035555688333,0.12203973625229986,0.12256430660785674,0,0
28,2,5,0.084995534306609957,0.0072242408520661093,-1,1,3,1,2,-0.043602770466406177,0.082156045473408504,0.12575881593981469,0,0
28,2,5,0.084995534306609957,0.0072242408520661093,-1,-1,1,0,0,-0.10119494288979118,-0.0011558785363305728,0.1000390643534606,0,2
28,2,5,0.084995534306609957,0.0072242408520661093,-1,-1,3,1,2,-0.043602770466406177,0.082156045473408504,0.12575881593981469,0,0
29,5,2,0.084995534306609957,0.0072242408520661093,1,1,1,0,1,-0.20127424197808172,0.12203973625229986,0.32331397823038155,0,0
29,5,2,0.084995534306609957,0.0072242408520661093,1,1,3,1,1,-1.0016003910720044,0.082156045473408504,1.0837564365454129,0,0
29,5,2,0.084995534306609957,0.0072242408520661093,1,-1,1,0,4,-1.0009558177490678,0.012903243727298667,1.0138590614763665,0,0
29,5,2,0.084995534306609957,0.0072242408520661093,1,-1,3,1,1,-1.0016003910720044,0.082156045473408504,1.0837564365454129,0,0
29,5,2,0.084995534306609957,0.0072242408520661093,-1,1,1,0,1,-0.00052457035555688333,0.12203973625229986,0.12256430660785674,0,0
29,5,2,0.084995534306609957,0.0072242408520661093,-1,1,3,1,2,-0.043602770466406177,0.082156045473408504,0.12575881593981469,0,0
29,5,2,0.084995534306609957,0.0072242408520661093,-1,-1,1,0,0,-0.10119494288979118,-0.0011558785363305728,0.1000390643534606,0,2
29,5,2,0.084995534306609957,0.0072242408520661093,-1,-1,3,1,2,-0.043602770466406177,0.082156045473408504,0.12575881593981469,0,0
30,4,4,0.089289342443690065,0.0079725866740265518,1,1,1,0,1,-0.2010424650520537,0.12197618143004585,0.32301864648209955,0,0
30,4,4,0.089289342443690065,0.0079725866740265518,1,1,3,1,1,-1.0017799940692749,0.081976442476138001,1.0837564365454129,0,0
30,4,4,0.089289342443690065,0.0079725866740265518,1,-1,1,0,4,-1.0010755610606852,0.012777718585114159,1.0138532796457993,0,0
30,4,4,0.089289342443690065,0.0079725866740265518,1,-1,3,1,1,-1.0017799940692749,0.081976442476138001,1.0837564365454129,0,0
30,4,4,0.089289342443690065,0.0079725866740265518,-1,1,1,0,1,-0.00058443802131371843,0.12197618143004585,0.12256061945135957,0,0
30,4,4,0.089289342443690065,0.0079725866740265518,-1,1,3,1,2,-0.043782373463676687,0.081976442476138001,0.12575881593981469,0,0
30,4,4,0.089289342443690065,0.0079725866740265518,-1,-1,1,0,0,-0.10131871017115712,-0.0012756138678442427,0.10004309630331287,0,2
30,4,4,0.089289342443690065,0.0079725866740265518,-1,-1,3,1,2,-0.043782373463676687,0.081976442476138001,0.12575881593981469,0,0
31,3,5,0.092032793804852159,0.0084700351355264346,1,1,1,0,1,-0.20110215886743368,0.12193394173880084,0.32303610060623456,0,0
31,3,5,0.092032793804852159,0.0084700351355264346,1,1,3,1,1,-1.001899381700035,0.08185705484537803,1.0837564365454131,0,0
31,3,5,0.092032793804852159,0.0084700351355264346,1,-1,1,0,4,-1.0011551581186173,0.012714999720049363,1.0138701578386666,0,0
31,3,5,0.092032793804852159,0.0084700351355264346,1,-1,3,1,1,-1.001899381700035,0.08185705484537803,1.0837564365454131,0,0
31,3,5,0.092032793804852159,0.0084700351355264346,-1,1,1,0,1,-0.0006242338982337095,0.12193394173880084,0.12255817563703456,0,0
31,3,5,0.092032793804852159,0.0084700351355264346,-1,1,3,1,2,-0.043901761094436657,0.08185705484537803,0.12575881593981469,0,0
31,3,5,0.092032793804852159,0.0084700351355264346,-1,-1,1,0,0,-0.10140098056998367,-0.0013552056216842231,0.10004577494829944,0,2
31,3,5,0.092032793804852159,0.0084700351355264346,-1,-1,3,1,2,-0.043901761094436657,0.08185705484537803,0.12575881593981469,0,0
32,5,3,0.092032793804852159,0.0084700351355264346,1,1,1,0,1,-0.20110215886743368,0.12193394173880084,0.32303610060623456,0,0
32,5,3,0.092032793804852159,0.0084700351355264346,1,1,3,1,1,-1.001899381700035,0.08185705484537803,1.0837564365454131,0,0
32,5,3,0.092032793804852159,0.0084700351355264346,1,-1,1,0,4,-1.0011551581186173,0.012714999720049363,1.0138701578386666,0,0
32,5,3,0.092032793804852159,0.0084700351355264346,1,-1,3,1,1,-1.001899381700035,0.08185705484537803,1.0837564365454131,0,0
32,5,3,0.092032793804852159,0.0084700351355264346,-1,1,1,0,1,-0.0006242338982337095,0.12193394173880084,0.12255817563703456,0,0
32,5,3,0.092032793804852159,0.0084700351355264346,-1,1,3,1,2,-0.043901761094436657,0.08185705484537803,0.12575881593981469,0,0
32,5,3,0.092032793804852159,0.0084700351355264346,-1,-1,1,0,0,-0.10140098056998367,-0.0013552056216842231,0.10004577494829944,0,2
32,5,3,0.092032793804852159,0.0084700351355264346,-1,-1,3,1,2,-0.043901761094436657,0.08185705484537803,0.12575881593981469,0,0
33,0,6,0.094685979943115978,0.0089654347977881615,1,1,1,0,1,-0.20116160682690509,0.12189188169079929,0.32305348851770438,0,0
33,0,6,0.094685979943115978,0.0089654347977881615,1,1,3,1,1,-1.0020182776189777,0.081738158926435212,1.0837564365454129,0,0
33,0,6,0.094685979943115978,0.0089654347977881615,1,-1,1,0,4,-1.001234427346406,0.012625279902118283,1.0138597072485243,0,0
33,0,6,0.094685979943115978,0.0089654347977881615,1,-1,3,1,1,-1.0020182776189777,0.081738158926435212,1.0837564365454129,0,0
33,0,6,0.094685979943115978,0.0089654347977881615,-1,1,1,0,1,-0.00066386587121464722,0.12189188169079929,0.12255574756201393,0,0
33,0,6,0.094685979943115978,0.0089654347977881615,-1,1,3,1,2,-0.044020657013379469,0.081738158926435212,0.12575881593981469,0,0
33,0,6,0.094685979943115978,0.0089654347977881615,-1,-1,1,0,0,-0.10148291092644468,-0.001434469567646101,0.10004844135879858,0,2
33,0,6,0.094685979943115978,0.0089654347977881615,-1,-1,3,1,2,-0.044020657013379469,0.081738158926435212,0.12575881593981469,0,0
34,6,0,0.094685979943115978,0.0089654347977881615,1,1,1,0,1,-0.20116160682690509,0.12189188169079929,0.32305348851770438,0,0
34,6,0,0.094685979943115978,0.0089654347977881615,1,1,3,1,1,-1.0020182776189777,0.081738158926435212,1.0837564365454129,0,0
34,6,0,0.094685979943115978,0.0089654347977881615,1,-1,1,0,4,-1.001234427346406,0.012625279902118283,1.0138597072485243,0,0
34,6,0,0.094685979943115978,0.0089654347977881615,1,-1,3,1,1,-1.0020182776189777,0.081738158926435212,1.0837564365454129,0,0
34,6,0,0.094685979943115978,0.0089654347977881615,-1,1,1,0,1,-0.00066386587121464722,0.12189188169079929,0.12255574756201393,0,0
34,6,0,0.094685979943115978,0.0089654347977881615,-1,1,3,1,2,-0.044020657013379469,0.081738158926435212,0.12575881593981469,0,0
34,6,0,0.094685979943115978,0.0089654347977881615,-1,-1,1,0,0,-0.10148291092644468,-0.001434469567646101,0.10004844135879858,0,2
34,6,0,0.094685979943115978,0.0089654347977881615,-1,-1,3,1,2,-0.044020657013379469,0.081738158926435212,0.12575881593981469,0,0
35,1,6,0.09599299850756611,0.0092146557624735882,1,1,1,0,1,-0.20119151334266736,0.12187072466093062,0.32306223800359796,0,0
35,1,6,0.09599299850756611,0.0092146557624735882,1,1,3,1,1,-1.0020780906505022,0.081678345894910714,1.0837564365454129,0,0
35,1,6,0.09599299850756611,0.0092146557624735882,1,-1,1,0,2,-1.0012743053577289,0.012595373386356032,1.0138696787440848,0,0
35,1,6,0.09599299850756611,0.0092146557624735882,1,-1,3,1,1,-1.0020780906505022,0.081678345894910714,1.0837564365454129,0,0
35,1,6,0.09599299850756611,0.0092146557624735882,-1,1,1,0,1,-0.0006838035483894818,0.12187072466093062,0.1225545282093201,0,0
35,1,6,0.09599299850756611,0.0092146557624735882,-1,1,3,1,2,-0.044080470044903973,0.081678345894910714,0.12575881593981469,0,0
35,1,6,0.09599299850756611,0.0092146557624735882,-1,-1,1,0,0,-0.10152412722000151,-0.0014743449219957704,0.10004978229800573,0,2
35,1,6,0.09599299850756611,0.0092146557624735882,-1,-1,3,1,2,-0.044080470044903973,0.081678345894910714,0.12575881593981469,0,0
36,6,1,0.09599299850756611,0.0092146557624735882,1,1,1,0,1,-0.20119151334266736,0.12187072466093062,0.32306223800359796,0,0
36,6,1,0.09599299850756611,0.0092146557624735882,1,1,3,1,1,-1.0020780906505022,0.081678345894910714,1.0837564365454129,0,0
36,6,1,0.09599299850756611,0.0092146557624735882,1,-1,1,0,2,-1.0012743053577289,0.012595373386356032,1.0138696787440848,0,0
36,6,1,0.09599299850756611,0.0092146557624735882,1,-1,3,1,1,-1.0020780906505022,0.081678345894910714,1.0837564365454129,0,0
36,6,1,0.09599299850756611,0.0092146557624735882,-1,1,1,0,1,-0.0006838035483894818,0.12187072466093062,0.1225545282093201,0,0
36,6,1,0.09599299850756611,0.0092146557624735882,-1,1,3,1,2,-0.044080470044903973,0.081678345894910714,0.12575881593981469,0,0
36,6,1,0.09599299850756611,0.0092146557624735882,-1,-1,1,0,0,-0.10152412722000151,-0.0014743449219957704,0.10004978229800573,0,2
36,6,1,0.09599299850756611,0.0092146557624735882,-1,-1,3,1,2,-0.044080470044903973,0.081678345894910714,0.12575881593981469,0,0
37,2,6,0.099811104319312241,0.0099622565454406294,1,1,1,0,1,-0.20128122543662338,0.12180726743611939,0.32308849287274277,0,0
37,2,6,0.099811104319312241,0.0099622565454406294,1,1,3,1,1,-1.0022575148384143,0.081498921706998628,1.0837564365454129,0,0
37,2,6,0.099811104319312241,0.0099622565454406294,1,-1,1,0,4,-1.0013939294526253,0.012498833413926986,1.0138927628665522,0,0
37,2,6,0.099811104319312241,0.0099622565454406294,1,-1,3,1,1,-1.0022575148384143,0.081498921706998628,1.0837564365454129,0,0
37,2,6,0.099811104319312241,0.0099622565454406294,-1,1,1,0,1,-0.00074361161102684558,0.12180726743611939,0.12255087904714623,0,0
37,2,6,0.099811104319312241,0.0099622565454406294,-1,1,3,1,2,-0.044259894232816066,0.081498921706998628,0.12575881593981469,0,0
37,2,6,0.099811104319312241,0.0099622565454406294,-1,-1,1,0,0,-0.10164776400965939,-0.0015939610472704979,0.10005380296238889,0,2
37,2,6,0.099811104319312241,0.0099622565454406294,-1,-1,3,1,2,-0.044259894232816066,0.081498921706998628,0.12575881593981469,0,0
38,6,2,0.099811104319312241,0.0099622565454406294,1,1,1,0,1,-0.20128122543662338,0.12180726743611939,0.32308849287274277,0,0
38,6,2,0.099811104319312241,0.0099622565454406294,1,1,3,1,1,-1.0022575148384143,0.081498921706998628,1.0837564365454129,0,0
38,6,2,0.099811104319312241,0.0099622565454406294,1,-1,1,0,4,-1.0013939294526253,0.012498833413926986,1.0138927628665522,0,0
38,6,2,0.099811104319312241,0.0099622565454406294,1,-1,3,1,1,-1.0022575148384143,0.081498921706998628,1.0837564365454129,0,0
38,6,2,0.099811104319312241,0.0099622565454406294,-1,1,1,0,1,-0.00074361161102684558,0.12180726743611939,0.12255087904714623,0,0
38,6,2,0.099811104319312241,0.0099622565454406294,-1,1,3,1,2,-0.044259894232816066,0.081498921706998628,0.12575881593981469,0,0
38,6,2,0.099811104319312241,0.0099622565454406294,-1,-1,1,0,0,-0.10164776400965939,-0.0015939610472704979,0.10005380296238889,0,2
38,6,2,0.099811104319312241,0.0099622565454406294,-1,-1,3,1,2,-0.044259894232816066,0.081498921706998628,0.12575881593981469,0,0
39,4,5,0.10106291328388925,0.010213712441426919,1,1,1,0,1,-0.20131140014414173,0.12178592646255262,0.32309732660669432,0,0
39,4,5,0.10106291328388925,0.010213712441426919,1,1,3,1,1,-1.0023178642534512,0.081438572291961914,1.0837564365454131,0,0
39,4,5,0.10106291328388925,0.010213712441426919,1,-1,1,0,4,-1.0014341650763554,0.012448400053227721,1.0138825651295831,0,0
39,4,5,0.10106291328388925,0.010213712441426919,1,-1,3,1,1,-1.0023178642534512,0.081438572291961914,1.0837564365454131,0,0
39,4,5,0.10106291328388925,0.010213712441426919,-1,1,1,0,1,-0.00076372808270574815,0.12178592646255262,0.12254965454525837,0,0
39,4,5,0.10106291328388925,0.010213712441426919,-1,1,3,1,2,-0.044320243647852774,0.081438572291961914,0.12575881593981469,0,0
39,4,5,0.10106291328388925,0.010213712441426919,-1,-1,1,0,0,-0.10168934869264605,-0.0016341939906283041,0.10005515470201774,0,2
39,4,5,0.10106291328388925,0.010213712441426919,-1,-1,3,1,2,-0.044320243647852774,0.081438572291961914,0.12575881593981469,0,0
40,5,4,0.10106291328388925,0.010213712441426919,1,1,1,0,1,-0.20131140014414173,0.12178592646255262,0.32309732660669432,0,0
40,5,4,0.10106291328388925,0.010213712441426919,1,1,3,1,1,-1.0023178642534512,0.081438572291961914,1.0837564365454131,0,0
40,5,4,0.10106291328388925,0.010213712441426919,1,-1,1,0,4,-1.0014341650763554,0.012448400053227721,1.0138825651295831,0,0
40,5,4,0.10106291328388925,0.010213712441426919,1,-1,3,1,1,-1.0023178642534512,0.081438572291961914,1.0837564365454131,0,0
40,5,4,0.10106291328388925,0.010213712441426919,-1,1,1,0,1,-0.00076372808270574815,0.12178592646255262,0.12254965454525837,0,0
40,5,4,0.10106291328388925,0.010213712441426919,-1,1,3,1,2,-0.044320243647852774,0.081438572291961914,0.12575881593981469,0,0
40,5,4,0.10106291328388925,0.010213712441426919,-1,-1,1,0,0,-0.10168934869264605,-0.0016341939906283041,0.10005515470201774,0,2
40,5,4,0.10106291328388925,0.010213712441426919,-1,-1,3,1,2,-0.044320243647852774,0.081438572291961914,0.12575881593981469,0,0
41,3,6,0.10586808220092093,0.011208050828900952,1,1,1,0,1,-0.20110947404486382,0.12170155158484505,0.32281102562970887,0,0
41,3,6,0.10586808220092093,0.011208050828900952,1,1,3,1,1,-1.0025565054664449,0.081199931078968141,1.0837564365454131,0,0
41,3,6,0.10586808220092093,0.011208050828900952,1,-1,1,0,4,-1.0015932698163588,0.012302859500079213,1.0138961293164379,0,0
41,3,6,0.10586808220092093,0.011208050828900952,1,-1,3,1,1,-1.0025565054664449,0.081199931078968141,1.0837564365454131,0,0
41,3,6,0.10586808220092093,0.011208050828900952,-1,1,1,0,1,-0.00084327515370367099,0.12170155158484505,0.12254482673854872,0,0
41,3,6,0.10586808220092093,0.011208050828900952,-1,1,3,1,2,-0.04455888486084654,0.081199931078968141,0.12575881593981469,0,0
41,3,6,0.10586808220092093,0.011208050828900952,-1,-1,1,0,0,-0.10185378503375815,-0.0017932881326241483,0.100060496901134,0,2
41,3,6,0.10586808220092093,0.011208050828900952,-1,-1,3,1,2,-0.04455888486084654,0.081199931078968141,0.12575881593981469,0,0
42,6,3,0.10586808220092093,0.011208050828900952,1,1,1,0,1,-0.20110947404486382,0.12170155158484505,0.32281102562970887,0,0
42,6,3,0.10586808220092093,0.011208050828900952,1,1,3,1,1,-1.0025565054664449,0.081199931078968141,1.0837564365454131,0,0
42,6,3,0.10586808220092093,0.011208050828900952,1,-1,1,0,4,-1.0015932698163588,0.012302859500079213,1.0138961293164379,0,0
42,6,3,0.10586808220092093,0.011208050828900952,1,-1,3,1,1,-1.0025565054664449,0.081199931078968141,1.0837564365454131,0,0
42,6,3,0.10586808220092093,0.011208050828900952,-1,1,1,0,1,-0.00084327515370367099,0.12170155158484505,0.12254482673854872,0,0
42,6,3,0.10586808220092093,0.011208050828900952,-1,1,3,1,2,-0.04455888486084654,0.081199931078968141,0.12575881593981469,0,0
42,6,3,0.10586808220092093,0.011208050828900952,-1,-1,1,0,0,-0.10185378503375815,-0.0017932881326241483,0.100060496901134,0,2
42,6,3,0.10586808220092093,0.011208050828900952,-1,-1,3,1,2,-0.04455888486084654,0.081199931078968141,0.12575881593981469,0,0
43,0,7,0.11045206220901628,0.012199658046224403,1,1,1,0,1,-0.20122846691094265,0.12161743113910473,0.32284589805004738,0,0
43,0,7,0.11045206220901628,0.012199658046224403,1,1,3,1,1,-1.0027944911986024,0.080961945346810518,1.0837564365454129,0,0
43,0,7,0.11045206220901628,0.012199658046224403,1,-1,1,0,3,-1.0017519375383497,0.012158497929023548,1.0139104354673731,0,0
43,0,7,0.11045206220901628,0.012199658046224403,1,-1,3,1,1,-1.0027944911986024,0.080961945346810518,1.0837564365454129,0,0
43,0,7,0.11045206220901628,0.012199658046224403,-1,1,1,0,1,-0.000922603731089547,0.12161743113910473,0.12254003487019427,0,0
43,0,7,0.11045206220901628,0.012199658046224403,-1,1,3,1,2,-0.044796870593004169,0.080961945346810518,0.12575881593981469,0,0
43,0,7,0.11045206220901628,0.012199658046224403,-1,-1,1,0,0,-0.10201776491990759,-0.0019519452873959023,0.10006581963251168,0,2
43,0,7,0.11045206220901628,0.012199658046224403,-1,-1,3,1,2,-0.044796870593004169,0.080961945346810518,0.12575881593981469,0,0
44,7,0,0.11045206220901628,0.012199658046224403,1,1,1,0,1,-0.20122846691094265,0.12161743113910473,0.32284589805004738,0,0
44,7,0,0.11045206220901628,0.012199658046224403,1,1,3,1,1,-1.0027944911986024,0.080961945346810518,1.0837564365454129,0,0
44,7,0,0.11045206220901628,0.012199658046224403,1,-1,1,0,3,-1.0017519375383497,0.012158497929023548,1.0139104354673731,0,0
44,7,0,0.11045206220901628,0.012199658046224403,1,-1,3,1,1,-1.0027944911986024,0.080961945346810518,1.0837564365454129,0,0
44,7,0,0.11045206220901628,0.012199658046224403,-1,1,1,0,1,-0.000922603731089547,0.12161743113910473,0.12254003487019427,0,0
44,7,0,0.11045206220901628,0.012199658046224403,-1,1,3,1,2,-0.044796870593004169,0.080961945346810518,0.12575881593981469,0,0
44,7,0,0.11045206220901628,0.012199658046224403,-1,-1,1,0,0,-0.10201776491990759,-0.0019519452873959023,0.10006581963251168,0,2
44,7,0,0.11045206220901628,0.012199658046224403,-1,-1,3,1,2,-0.044796870593004169,0.080961945346810518,0.12575881593981469,0,0
45,1,7,0.11157454463680248,0.01244887901090983,1,1,1,0,1,-0.20125837342670488,0.12159629267949951,0.32285466610620439,0,0
45,1,7,0.11157454463680248,0.01244887901090983,1,1,3,1,1,-1.002854304230127,0.080902132315286021,1.0837564365454131,0,0
45,1,7,0.11157454463680248,0.01244887901090983,1,-1,1,0,4,-1.0017918155482985,0.01211035834653422,1.0139021738948328,0,0
45,1,7,0.11157454463680248,0.01244887901090983,1,-1,3,1,1,-1.002854304230127,0.080902132315286021,1.0837564365454131,0,0
45,1,7,0.11157454463680248,0.01244887901090983,-1,1,1,0,1,-0.00094254140826438072,0.12159629267949951,0.12253883408776389,0,0
45,1,7,0.11157454463680248,0.01244887901090983,-1,1,3,1,2,-0.044856683624528673,0.080902132315286021,0.12575881593981469,0,0
45,1,7,0.11157454463680248,0.01244887901090983,-1,-1,1,0,0,-0.10205897728603136,-0.0019918206417455682,0.1000671566442858,0,2
45,1,7,0.11157454463680248,0.01244887901090983,-1,-1,3,1,2,-0.044856683624528673,0.080902132315286021,0.12575881593981469,0,0
46,7,1,0.11157454463680248,0.01244887901090983,1,1,1,0,1,-0.20125837342670488,0.12159629267949951,0.32285466610620439,0,0
46,7,1,0.11157454463680248,0.01244887901090983,1,1,3,1,1,-1.002854304230127,0.080902132315286021,1.0837564365454131,0,0
46,7,1,0.11157454463680248,0.01244887901090983,1,-1,1,0,4,-1.0017918155482985,0.01211035834653422,1.0139021738948328,0,0
46,7,1,0.11157454463680248,0.01244887901090983,1,-1,3,1,1,-1.002854304230127,0.080902132315286021,1.0837564365454131,0,0
46,7,1,0.11157454463680248,0.01244887901090983,-1,1,1,0,1,-0.00094254140826438072,0.12159629267949951,0.12253883408776389,0,0
46,7,1,0.11157454463680248,0.01244887901090983,-1,1,3,1,2,-0.044856683624528673,0.080902132315286021,0.12575881593981469,0,0
46,7,1,0.11157454463680248,0.01244887901090983,-1,-1,1,0,0,-0.10205897728603136,-0.0019918206417455682,0.1000671566442858,0,2
46,7,1,0.11157454463680248,0.01244887901090983,-1,-1,3,1,2,-0.044856683624528673,0.080902132315286021,0.12575881593981469,0,0
47,5,5,0.11160124644835866,0.012454838208827285,1,1,1,0,1,-0.20125908853045499,0.12159578724889235,0.32285487577934735,0,0
47,5,5,0.11160124644835866,0.012454838208827285,1,1,3,1,1,-1.0028557344376272,0.080900702107785827,1.0837564365454131,0,0
47,5,5,0.11160124644835866,0.012454838208827285,1,-1,1,0,4,-1.0017927690834632,0.012109643242784126,1.0139024123262472,0,0
47,5,5,0.11160124644835866,0.012454838208827285,1,-1,3,1,1,-1.0028557344376272,0.080900702107785827,1.0837564365454131,0,0
47,5,5,0.11160124644835866,0.012454838208827285,-1,1,1,0,1,-0.00094301814409777755,0.12159578724889235,0.12253880539299013,0,0
47,5,5,0.11160124644835866,0.012454838208827285,-1,1,3,1,2,-0.044858113832028861,0.080900702107785827,0.12575881593981469,0,0
47,5,5,0.11160124644835866,0.012454838208827285,-1,-1,1,0,0,-0.10205996272369548,-0.0019927741134123621,0.10006718861028312,0,2
47,5,5,0.11160124644835866,0.012454838208827285,-1,-1,3,1,2,-0.044858113832028861,0.080900702107785827,0.12575881593981469,0,0
48,4,6,0.11380565950251084,0.012951728134801437,1,1,1,0,1,-0.20131871532157189,0.12155364630145625,0.32287236162302813,0,0
48,4,6,0.11380565950251084,0.012951728134801437,1,1,3,1,1,-1.0029749880198608,0.080781448525552024,1.0837564365454129,0,0
48,4,6,0.11380565950251084,0.012951728134801437,1,-1,1,0,3,-1.0018722767659587,0.012045709703271833,1.0139179864692305,0,0
48,4,6,0.11380565950251084,0.012951728134801437,1,-1,3,1,1,-1.0029749880198608,0.080781448525552024,1.0837564365454129,0,0
48,4,6,0.11380565950251084,0.012951728134801437,-1,1,1,0,1,-0.00098276933817570975,0.12155364630145625,0.12253641563963195,0,0
48,4,6,0.11380565950251084,0.012951728134801437,-1,1,3,1,2,-0.044977367414262656,0.080781448525552024,0.12575881593981469,0,0
48,4,6,0.11380565950251084,0.012951728134801437,-1,-1,1,0,0,-0.10214212989405173,-0.0020722765015682258,0.1000698533924835,0,2
48,4,6,0.11380565950251084,0.012951728134801437,-1,-1,3,1,2,-0.044977367414262656,0.080781448525552024,0.12575881593981469,0,0
49,6,4,0.11380565950251084,0.012951728134801437,1,1,1,0,1,-0.20131871532157189,0.12155364630145625,0.32287236162302813,0,0
49,6,4,0.11380565950251084,0.012951728134801437,1,1,3,1,1,-1.0029749880198608,0.080781448525552024,1.0837564365454129,0,0
49,6,4,0.11380565950251084,0.012951728134801437,1,-1,1,0,3,-1.0018722767659587,0.012045709703271833,1.0139179864692305,0,0
49,6,4,0.11380565950251084,0.012951728134801437,1,-1,3,1,1,-1.0029749880198608,0.080781448525552024,1.0837564365454129,0,0
49,6,4,0.11380565950251084,0.012951728134801437,-1,1,1,0,1,-0.00098276933817570975,0.12155364630145625,0.12253641563963195,0,0
49,6,4,0.11380565950251084,0.012951728134801437,-1,1,3,1,2,-0.044977367414262656,0.080781448525552024,0.12575881593981469,0,0
49,6,4,0.11380565950251084,0.012951728134801437,-1,-1,1,0,0,-0.10214212989405173,-0.0020722765015682258,0.1000698533924835,0,2
49,6,4,0.11380565950251084,0.012951728134801437,-1,-1,3,1,2,-0.044977367414262656,0.080781448525552024,0.12575881593981469,0,0
50,2,7,0.11487593217848929,0.013196479793876871,1,1,1,0,1,-0.20102716984352315,0.12153289114275413,0.32256006098627726,0,0
50,2,7,0.11487593217848929,0.013196479793876871,1,1,3,1,1,-1.0030337284180391,0.080722708127373921,1.0837564365454129,0,0
50,2,7,0.11487593217848929,0.013196479793876871,1,-1,1,0,4,-1.0019114396390743,0.012002676674904574,1.0139141163139789,0,0
50,2,7,0.11487593217848929,0.013196479793876871,1,-1,3,1,1,-1.0030337284180391,0.080722708127373921,1.0837564365454129,0,0
50,2,7,0.11487593217848929,0.013196479793876871,-1,1,1,0,1,-0.0010023494709017447,0.12153289114275413,0.12253524061365588,0,0
50,2,7,0.11487593217848929,0.013196479793876871,-1,1,3,1,2,-0.045036107812440759,0.080722708127373921,0.12575881593981469,0,0
50,2,7,0.11487593217848929,0.013196479793876871,-1,-1,1,0,0,-0.10218260230285449,-0.0021114367670202958,0.1000711655358342,0,2
50,2,7,0.11487593217848929,0.013196479793876871,-1,-1,3,1,2,-0.045036107812440759,0.080722708127373921,0.12575881593981469,0,0
51,7,2,0.11487593217848929,0.013196479793876871,1,1,1,0,1,-0.20102716984352315,0.12153289114275413,0.32256006098627726,0,0
51,7,2,0.11487593217848929,0.013196479793876871,1,1,3,1,1,-1.0030337284180391,0.080722708127373921,1.0837564365454129,0,0
51,7,2,0.11487593217848929,0.013196479793876871,1,-1,1,0,4,-1.0019114396390743,0.012002676674904574,1.0139141163139789,0,0
51,7,2,0.11487593217848929,0.013196479793876871,1,-1,3,1,1,-1.0030337284180391,0.080722708127373921,1.0837564365454129,0,0
51,7,2,0.11487593217848929,0.013196479793876871,-1,1,1,0,1,-0.0010023494709017447,0.12153289114275413,0.12253524061365588,0,0
51,7,2,0.11487593217848929,0.013196479793876871,-1,1,3,1,2,-0.045036107812440759,0.080722708127373921,0.12575881593981469,0,0
51,7,2,0.11487593217848929,0.013196479793876871,-1,-1,1,0,0,-0.10218260230285449,-0.0021114367670202958,0.1000711655358342,0,2
51,7,2,0.11487593217848929,0.013196479793876871,-1,-1,3,1,2,-0.045036107812440759,0.080722708127373921,0.12575881593981469,0,0
52,3,7,0.12017601290331276,0.014442274077337194,1,1,1,0,1,-0.20117666515753838,0.12142726802904924,0.32260393318658764,0,0
52,3,7,0.12017601290331276,0.014442274077337194,1,1,3,1,1,-1.0033327190460695,0.080423717499343447,1.0837564365454129,0,0
52,3,7,0.12017601290331276,0.014442274077337194,1,-1,1,0,3,-1.0021107799959419,0.011819203964397781,1.0139299839603397,0,0
52,3,7,0.12017601290331276,0.014442274077337194,1,-1,3,1,1,-1.0033327190460695,0.080423717499343447,1.0837564365454129,0,0
52,3,7,0.12017601290331276,0.014442274077337194,-1,1,1,0,1,-0.0011020130135785699,0.12142726802904924,0.12252928104262781,0,0
52,3,7,0.12017601290331276,0.014442274077337194,-1,1,3,1,2,-0.04533509844047124,0.080423717499343447,0.12575881593981469,0,0
52,3,7,0.12017601290331276,0.014442274077337194,-1,-1,1,0,0,-0.10238860373705656,-0.0023107638523739461,0.10007783988468262,0,2
52,3,7,0.12017601290331276,0.014442274077337194,-1,-1,3,1,2,-0.04533509844047124,0.080423717499343447,0.12575881593981469,0,0
53,7,3,0.12017601290331276,0.014442274077337194,1,1,1,0,1,-0.20117666515753838,0.12142726802904924,0.32260393318658764,0,0
53,7,3,0.12017601290331276,0.014442274077337194,1,1,3,1,1,-1.0033327190460695,0.080423717499343447,1.0837564365454129,0,0
53,7,3,0.12017601290331276,0.014442274077337194,1,-1,1,0,3,-1.0021107799959419,0.011819203964397781,1.0139299839603397,0,0
53,7,3,0.12017601290331276,0.014442274077337194,1,-1,3,1,1,-1.0033327190460695,0.080423717499343447,1.0837564365454129,0,0
53,7,3,0.12017601290331276,0.014442274077337194,-1,1,1,0,1,-0.0011020130135785699,0.12142726802904924,0.12252928104262781,0,0
53,7,3,0.12017601290331276,0.014442274077337194,-1,1,3,1,2,-0.04533509844047124,0.080423717499343447,0.12575881593981469,0,0
53,7,3,0.12017601290331276,0.014442274077337194,-1,-1,1,0,0,-0.10238860373705656,-0.0023107638523739461,0.10007783988468262,0,2
53,7,3,0.12017601290331276,0.014442274077337194,-1,-1,3,1,2,-0.04533509844047124,0.080423717499343447,0.12575881593981469,0,0
54,5,6,0.12325929539877227,0.015192853902201804,1,1,1,0,1,-0.20126673473652212,0.1213636482761446,0.32263038301266672,0,0
54,5,6,0.12325929539877227,0.015192853902201804,1,1,3,1,1,-1.0035128582040371,0.080243578341375937,1.0837564365454131,0,0
54,5,6,0.12325929539877227,0.015192853902201804,1,-1,1,0,4,-1.0022308807626119,0.011705414608369758,1.0139362953709816,0,0
54,5,6,0.12325929539877227,0.015192853902201804,1,-1,3,1,1,-1.0035128582040371,0.080243578341375937,1.0837564365454131,0,0
54,5,6,0.12325929539877227,0.015192853902201804,-1,1,1,0,1,-0.0011620593995677391,0.1213636482761446,0.12252570767571233,0,0
54,5,6,0.12325929539877227,0.015192853902201804,-1,1,3,1,1,-0.045515237598438743,0.080243578341375937,0.12575881593981469,0,0
54,5,6,0.12325929539877227,0.015192853902201804,-1,-1,1,0,0,-0.10251271411223718,-0.0024308566243522838,0.1000818574878849,0,2
54,5,6,0.12325929539877227,0.015192853902201804,-1,-1,3,1,1,-0.045515237598438743,0.080243578341375937,0.12575881593981469,0,0
55,6,5,0.12325929539877227,0.015192853902201804,1,1,1,0,1,-0.20126673473652212,0.1213636482761446,0.32263038301266672,0,0
55,6,5,0.12325929539877227,0.015192853902201804,1,1,3,1,1,-1.0035128582040371,0.080243578341375937,1.0837564365454131,0,0
55,6,5,0.12325929539877227,0.015192853902201804,1,-1,1,0,4,-1.0022308807626119,0.011705414608369758,1.0139362953709816,0,0
55,6,5,0.12325929539877227,0.015192853902201804,1,-1,3,1,1,-1.0035128582040371,0.080243578341375937,1.0837564365454131,0,0
55,6,5,0.12325929539877227,0.015192853902201804,-1,1,1,0,1,-0.0011620593995677391,0.1213636482761446,0.12252570767571233,0,0
55,6,5,0.12325929539877227,0.015192853902201804,-1,1,3,1,1,-0.045515237598438743,0.080243578341375937,0.12575881593981469,0,0
55,6,5,0.12325929539877227,0.015192853902201804,-1,-1,1,0,0,-0.10251271411223718,-0.0024308566243522838,0.1000818574878849,0,2
55,6,5,0.12325929539877227,0.015192853902201804,-1,-1,3,1,1,-0.045515237598438743,0.080243578341375937,0.12575881593981469,0,0
56,0,8,0.12621126262534729,0.015929282813484387,1,1,1,0,1,-0.2010345208681262,0.12130124054377595,0.32233576141190212,0,0
56,0,8,0.12621126262534729,0.015929282813484387,1,1,3,1,1,-1.003689601142745,0.080066835402668124,1.0837564365454131,0,0
56,0,8,0.12621126262534729,0.015929282813484387,1,-1,1,0,4,-1.00234871723145,0.01160178653787701,1.013950503769327,0,0
56,0,8,0.12621126262534729,0.015929282813484387,1,-1,3,1,1,-1.003689601142745,0.080066835402668124,1.0837564365454131,0,0
56,0,8,0.12621126262534729,0.015929282813484387,-1,1,1,0,1,-0.0012209737124703453,0.12130124054377595,0.12252221425624629,0,0
56,0,8,0.12621126262534729,0.015929282813484387,-1,1,3,1,1,-0.045691980537146563,0.080066835402668124,0.12575881593981469,0,0
56,0,8,0.12621126262534729,0.015929282813484387,-1,-1,1,0,0,-0.10263448194544578,-0.0025486852501575008,0.10008579669528828,0,2
56,0,8,0.12621126262534729,0.015929282813484387,-1,-1,3,1,1,-0.045691980537146563,0.080066835402668124,0.12575881593981469,0,0
57,8,0,0.12621126262534729,0.015929282813484387,1,1,1,0,1,-0.2010345208681262,0.12130124054377595,0.32233576141190212,0,0
57,8,0,0.12621126262534729,0.015929282813484387,1,1,3,1,1,-1.003689601142745,0.080066835402668124,1.0837564365454131,0,0
57,8,0,0.12621126262534729,0.015929282813484387,1,-1,1,0,4,-1.00234871723145,0.01160178653787701,1.013950503769327,0,0
57,8,0,0.12621126262534729,0.015929282813484387,1,-1,3,1,1,-1.003689601142745,0.080066835402668124,1.0837564365454131,0,0
57,8,0,0.12621126262534729,0.015929282813484387,-1,1,1,0,1,-0.0012209737124703453,0.12130124054377595,0.12252221425624629,0,0
57,8,0,0.12621126262534729,0.015929282813484387,-1,1,3,1,1,-0.045691980537146563,0.080066835402668124,0.12575881593981469,0,0
57,8,0,0.12621126262534729,0.015929282813484387,-1,-1,1,0,0,-0.10263448194544578,-0.0025486852501575008,0.10008579669528828,0,2
57,8,0,0.12621126262534729,0.015929282813484387,-1,-1,3,1,1,-0.045691980537146563,0.080066835402668124,0.12575881593981469,0,0
58,1,8,0.1271947474472504,0.016178503778169814,1,1,1,0,1,-0.20106442738388847,0.12128012345009176,0.32234455083398023,0,0
58,1,8,0.1271947474472504,0.016178503778169814,1,1,3,1,1,-1.0037494141742693,0.080007022371143627,1.0837564365454129,0,0
58,1,8,0.1271947474472504,0.016178503778169814,1,-1,1,0,4,-1.0023885952398155,0.011550667001728328,1.0139392622415437,0,0
58,1,8,0.1271947474472504,0.016178503778169814,1,-1,3,1,1,-1.0037494141742693,0.080007022371143627,1.0837564365454129,0,0
58,1,8,0.1271947474472504,0.016178503778169814,-1,1,1,0,1,-0.0012409113896451798,0.12128012345009176,0.12252103483973693,0,0
58,1,8,0.1271947474472504,0.016178503778169814,-1,1,3,1,2,-0.045751793568671068,0.080007022371143627,0.12575881593981469,0,0
58,1,8,0.1271947474472504,0.016178503778169814,-1,-1,1,0,0,-0.10267568980527292,-0.0025885606045071667,0.10008712920076575,0,2
58,1,8,0.1271947474472504,0.016178503778169814,-1,-1,3,1,2,-0.045751793568671068,0.080007022371143627,0.12575881593981469,0,0
59,8,1,0.1271947474472504,0.016178503778169814,1,1,1,0,1,-0.20106442738388847,0.12128012345009176,0.32234455083398023,0,0
59,8,1,0.1271947474472504,0.016178503778169814,1,1,3,1,1,-1.0037494141742693,0.080007022371143627,1.0837564365454129,0,0
59,8,1,0.1271947474472504,0.016178503778169814,1,-1,1,0,4,-1.0023885952398155,0.011550667001728328,1.0139392622415437,0,0
59,8,1,0.1271947474472504,0.016178503778169814,1,-1,3,1,1,-1.0037494141742693,0.080007022371143627,1.0837564365454129,0,0
59,8,1,0.1271947474472504,0.016178503778169814,-1,1,1,0,1,-0.0012409113896451798,0.12128012345009176,0.12252103483973693,0,0
59,8,1,0.1271947474472504,0.016178503778169814,-1,1,3,1,2,-0.045751793568671068,0.080007022371143627,0.12575881593981469,0,0
59,8,1,0.1271947474472504,0.016178503778169814,-1,-1,1,0,0,-0.10267568980527292,-0.0025885606045071667,0.10008712920076575,0,2
59,8,1,0.1271947474472504,0.016178503778169814,-1,-1,3,1,2,-0.045751793568671068,0.080007022371143627,0.12575881593981469,0,0
60,4,7,0.12722402046483863,0.016185951383237678,1,1,1,0,1,-0.20106532109649661,0.12127949241848629,0.3223448135149829,0,0
60,4,7,0.12722402046483863,0.016185951383237678,1,1,3,1,1,-1.0037512015994856,0.080005234945927331,1.0837564365454129,0,0
60,4,7,0.12722402046483863,0.016185951383237678,1,-1,1,0,4,-1.0023897869359364,0.011549773289120185,1.0139395602250565,0,0
60,4,7,0.12722402046483863,0.016185951383237678,1,-1,3,1,1,-1.0037512015994856,0.080005234945927331,1.0837564365454129,0,0
60,4,7,0.12722402046483863,0.016185951383237678,-1,1,1,0,1,-0.0012415071980506095,0.12127949241848629,0.1225209996165369,0,0
60,4,7,0.12722402046483863,0.016185951383237678,-1,1,3,1,2,-0.045753580993887356,0.080005234945927331,0.12575881593981469,0,0
60,4,7,0.12722402046483863,0.016185951383237678,-1,-1,1,0,0,-0.10267692123744568,-0.0025897522213180271,0.10008716901612766,0,2
60,4,7,0.12722402046483863,0.016185951383237678,-1,-1,3,1,2,-0.045753580993887356,0.080005234945927331,0.12575881593981469,0,0
61,7,4,0.12722402046483863,0.016185951383237678,1,1,1,0,1,-0.20106532109649661,0.12127949241848629,0.3223448135149829,0,0
61,7,4,0.12722402046483863,0.016185951383237678,1,1,3,1,1,-1.0037512015994856,0.080005234945927331,1.0837564365454129,0,0
61,7,4,0.12722402046483863,0.016185951383237678,1,-1,1,0,4,-1.0023897869359364,0.011549773289120185,1.0139395602250565,0,0
61,7,4,0.12722402046483863,0.016185951383237678,1,-1,3,1,1,-1.0037512015994856,0.080005234945927331,1.0837564365454129,0,0
61,7,4,0.12722402046483863,0.016185951383237678,-1,1,1,0,1,-0.0012415071980506095,0.12127949241848629,0.1225209996165369,0,0
61,7,4,0.12722402046483863,0.016185951383237678,-1,1,3,1,2,-0.045753580993887356,0.080005234945927331,0.12575881593981469,0,0
61,7,4,0.12722402046483863,0.016185951383237678,-1,-1,1,0,0,-0.10267692123744568,-0.0025897522213180271,0.10008716901612766,0,2
61,7,4,0.12722402046483863,0.016185951383237678,-1,-1,3,1,2,-0.045753580993887356,0.080005234945927331,0.12575881593981469,0,0
62,2,8,0.13010036341662098,0.016926104561136853,1,1,1,0,1,-0.2011541394778445,0.12121678598467685,0.32237092546252133,0,0
62,2,8,0.13010036341662098,0.016926104561136853,1,1,3,1,1,-1.0039288383621814,0.079827598183231527,1.0837564365454129,0,0
62,2,8,0.13010036341662098,0.016926104561136853,1,-1,1,0,4,-1.002508219325843,0.011436584794296942,1.01394480412014,0,0
62,2,8,0.13010036341662098,0.016926104561136853,1,-1,3,1,1,-1.0039288383621814,0.079827598183231527,1.0837564365454129,0,0
62,2,8,0.13010036341662098,0.016926104561136853,-1,1,1,0,1,-0.0013007194522825429,0.12121678598467685,0.12251750543695938,0,0
62,2,8,0.13010036341662098,0.016926104561136853,-1,1,3,1,1,-0.045931217756583154,0.079827598183231527,0.12575881593981469,0,0
62,2,8,0.13010036341662098,0.016926104561136853,-1,-1,1,0,0,-0.10279930131404574,-0.0027081767297818943,0.10009112458426385,0,2
62,2,8,0.13010036341662098,0.016926104561136853,-1,-1,3,1,1,-0.045931217756583154,0.079827598183231527,0.12575881593981469,0,0
63,8,2,0.13010036341662098,0.016926104561136853,1,1,1,0,1,-0.2011541394778445,0.12121678598467685,0.32237092546252133,0,0
63,8,2,0.13010036341662098,0.016926104561136853,1,1,3,1,1,-1.0039288383621814,0.079827598183231527,1.0837564365454129,0,0
63,8,2,0.13010036341662098,0.016926104561136853,1,-1,1,0,4,-1.002508219325843,0.011436584794296942,1.01394480412014,0,0
63,8,2,0.13010036341662098,0.016926104561136853,1,-1,3,1,1,-1.0039288383621814,0.079827598183231527,1.0837564365454129,0,0
63,8,2,0.13010036341662098,0.016926104561136853,-1,1,1,0,1,-0.0013007194522825429,0.12121678598467685,0.12251750543695938,0,0
63,8,2,0.13010036341662098,0.016926104561136853,-1,1,3,1,1,-0.045931217756583154,0.079827598183231527,0.12575881593981469,0,0
63,8,2,0.13010036341662098,0.016926104561136853,-1,-1,1,0,0,-0.10279930131404574,-0.0027081767297818943,0.10009112458426385,0,2
63,8,2,0.13010036341662098,0.016926104561136853,-1,-1,3,1,1,-0.045931217756583154,0.079827598183231527,0.12575881593981469,0,0
64,6,6,0.13390619700214149,0.017930869595576323,1,1,1,0,1,-0.20127471128197724,0.12113168151221629,0.32240639279419353,0,0
64,6,6,0.13390619700214149,0.017930869595576323,1,1,3,1,1,-1.0041699819704468,0.079586454574966062,1.0837564365454129,0,0
64,6,6,0.13390619700214149,0.017930869595576323,1,-1,1,0,4,-1.0026689924289958,0.011296541379310169,1.013965533808306,0,0
64,6,6,0.13390619700214149,0.017930869595576323,1,-1,3,1,1,-1.0041699819704468,0.079586454574966062,1.0837564365454129,0,0
64,6,6,0.13390619700214149,0.017930869595576323,-1,1,1,0,1,-0.0013811006550376996,0.12113168151221629,0.12251278216725399,0,0
64,6,6,0.13390619700214149,0.017930869595576323,-1,1,3,1,1,-0.046172361364848633,0.079586454574966062,0.12575881593981469,0,0
64,6,6,0.13390619700214149,0.017930869595576323,-1,-1,1,0,0,-0.10296542920859471,-0.0028689391352922089,0.1000964900733025,0,2
64,6,6,0.13390619700214149,0.017930869595576323,-1,-1,3,1,1,-0.046172361364848633,0.079586454574966062,0.12575881593981469,0,0
65,3,8,0.13480318558771962,0.018171898844597179,1,1,1,0,1,-0.20130363479185975,0.12111126956827128,0.32241490436013104,0,0
65,3,8,0.13480318558771962,0.018171898844597179,1,1,3,1,1,-1.004227828990212,0.079528607555201053,1.0837564365454131,0,0
65,3,8,0.13480318558771962,0.018171898844597179,1,-1,1,0,3,-1.0027075596748003,0.011253381599195679,1.0139609412739961,0,0
65,3,8,0.13480318558771962,0.018171898844597179,1,-1,3,1,1,-1.004227828990212,0.079528607555201053,1.0837564365454131,0,0
65,3,8,0.13480318558771962,0.018171898844597179,-1,1,1,0,1,-0.0014003829949593685,0.12111126956827128,0.12251165256323066,0,0
65,3,8,0.13480318558771962,0.018171898844597179,-1,1,3,1,1,-0.046230208384613634,0.079528607555201053,0.12575881593981469,0,0
65,3,8,0.13480318558771962,0.018171898844597179,-1,-1,1,0,0,-0.10300528027090106,-0.0029075038151355447,0.10009777645576551,0,2
65,3,8,0.13480318558771962,0.018171898844597179,-1,-1,3,1,1,-0.046230208384613634,0.079528607555201053,0.12575881593981469,0,0
66,8,3,0.13480318558771962,0.018171898844597179,1,1,1,0,1,-0.20130363479185975,0.12111126956827128,0.32241490436013104,0,0
66,8,3,0.13480318558771962,0.018171898844597179,1,1,3,1,1,-1.004227828990212,0.079528607555201053,1.0837564365454131,0,0
66,8,3,0.13480318558771962,0.018171898844597179,1,-1,1,0,3,-1.0027075596748003,0.011253381599195679,1.0139609412739961,0,0
66,8,3,0.13480318558771962,0.018171898844597179,1,-1,3,1,1,-1.004227828990212,0.079528607555201053,1.0837564365454131,0,0
66,8,3,0.13480318558771962,0.018171898844597179,-1,1,1,0,1,-0.0014003829949593685,0.12111126956827128,0.12251165256323066,0,0
66,8,3,0.13480318558771962,0.018171898844597179,-1,1,3,1,1,-0.046230208384613634,0.079528607555201053,0.12575881593981469,0,0
66,8,3,0.13480318558771962,0.018171898844597179,-1,-1,1,0,0,-0.10300528027090106,-0.0029075038151355447,0.10009777645576551,0,2
66,8,3,0.13480318558771962,0.018171898844597179,-1,-1,3,1,1,-0.046230208384613634,0.079528607555201053,0.12575881593981469,0,0
67,5,7,0.13574637067206638,0.018427077150638044,1,1,1,0,1,-0.20133425618858464,0.12108966084044309,0.32242391702902773,0,0
67,5,7,0.13574637067206638,0.018427077150638044,1,1,3,1,1,-1.0042890717836617,0.079467364761751244,1.0837564365454129,0,0
67,5,7,0.13574637067206638,0.018427077150638044,1,-1,1,0,5,-1.0027483909202488,0.011222760202470775,1.0139711511227196,0,0
67,5,7,0.13574637067206638,0.018427077150638044,1,-1,3,1,1,-1.0042890717836617,0.079467364761751244,1.0837564365454129,0,0
67,5,7,0.13574637067206638,0.018427077150638044,-1,1,1,0,1,-0.0014207972594426387,0.12108966084044309,0.12251045809988573,0,0
67,5,7,0.13574637067206638,0.018427077150638044,-1,1,3,1,1,-0.046291451178063443,0.079467364761751244,0.12575881593981469,0,0
67,5,7,0.13574637067206638,0.018427077150638044,-1,-1,1,0,0,-0.1030474703912214,-0.0029483323441020816,0.10009913804711933,0,2
67,5,7,0.13574637067206638,0.018427077150638044,-1,-1,3,1,1,-0.046291451178063443,0.079467364761751244,0.12575881593981469,0,0
68,7,5,0.13574637067206638,0.018427077150638044,1,1,1,0,1,-0.20133425618858464,0.12108966084044309,0.32242391702902773,0,0
68,7,5,0.13574637067206638,0.018427077150638044,1,1,3,1,1,-1.0042890717836617,0.079467364761751244,1.0837564365454129,0,0
68,7,5,0.13574637067206638,0.018427077150638044,1,-1,1,0,5,-1.0027483909202488,0.011222760202470775,1.0139711511227196,0,0
68,7,5,0.13574637067206638,0.018427077150638044,1,-1,3,1,1,-1.0042890717836617,0.079467364761751244,1.0837564365454129,0,0
68,7,5,0.13574637067206638,0.018427077150638044,-1,1,1,0,1,-0.0014207972594426387,0.12108966084044309,0.12251045809988573,0,0
68,7,5,0.13574637067206638,0.018427077150638044,-1,1,3,1,1,-0.046291451178063443,0.079467364761751244,0.12575881593981469,0,0
68,7,5,0.13574637067206638,0.018427077150638044,-1,-1,1,0,0,-0.1030474703912214,-0.0029483323441020816,0.10009913804711933,0,2
68,7,5,0.13574637067206638,0.018427077150638044,-1,-1,3,1,1,-0.046291451178063443,0.079467364761751244,0.12575881593981469,0,0
69,4,8,0.14112255719939906,0.019915576150497664,1,1,1,0,1,-0.20119262038195482,0.12096364314810087,0.32215626353005566,0,0
69,4,8,0.14112255719939906,0.019915576150497664,1,1,3,1,1,-1.0046463115436282,0.079110125001784937,1.0837564365454131,0,0
69,4,8,0.14112255719939906,0.019915576150497664,1,-1,1,0,4,-1.0029865666037268,0.0109979684252911,1.0139845350290178,0,0
69,4,8,0.14112255719939906,0.019915576150497664,1,-1,3,1,1,-1.0046463115436282,0.079110125001784937,1.0837564365454131,0,0
69,4,8,0.14112255719939906,0.019915576150497664,-1,1,1,0,1,-0.0015398771794314075,0.12096364314810087,0.12250352032753228,0,0
69,4,8,0.14112255719939906,0.019915576150497664,-1,1,3,1,1,-0.046648690938029751,0.079110125001784937,0.12575881593981469,0,0
69,4,8,0.14112255719939906,0.019915576150497664,-1,-1,1,0,0,-0.10329356637853795,-0.0031864921840796222,0.10010707419445833,0,2
69,4,8,0.14112255719939906,0.019915576150497664,-1,-1,3,1,1,-0.046648690938029751,0.079110125001784937,0.12575881593981469,0,0
70,8,4,0.14112255719939906,0.019915576150497664,1,1,1,0,1,-0.20119262038195482,0.12096364314810087,0.32215626353005566,0,0
70,8,4,0.14112255719939906,0.019915576150497664,1,1,3,1,1,-1.0046463115436282,0.079110125001784937,1.0837564365454131,0,0
70,8,4,0.14112255719939906,0.019915576150497664,1,-1,1,0,4,-1.0029865666037268,0.0109979684252911,1.0139845350290178,0,0
70,8,4,0.14112255719939906,0.019915576150497664,1,-1,3,1,1,-1.0046463115436282,0.079110125001784937,1.0837564365454131,0,0
70,8,4,0.14112255719939906,0.019915576150497664,-1,1,1,0,1,-0.0015398771794314075,0.12096364314810087,0.12250352032753228,0,0
70,8,4,0.14112255719939906,0.019915576150497664,-1,1,3,1,1,-0.046648690938029751,0.079110125001784937,0.12575881593981469,0,0
70,8,4,0.14112255719939906,0.019915576150497664,-1,-1,1,0,0,-0.10329356637853795,-0.0031864921840796222,0.10010707419445833,0,2
70,8,4,0.14112255719939906,0.019915576150497664,-1,-1,3,1,1,-0.046648690938029751,0.079110125001784937,0.12575881593981469,0,0
71,0,9,0.14196259929603181,0.02015337959888569,1,1,1,0,1,-0.20122115679576139,0.12094351519129704,0.32216467198705845,0,0
71,0,9,0.14196259929603181,0.02015337959888569,1,1,3,1,1,-1.0047033843712412,0.079053052174171815,1.0837564365454131,0,0
71,0,9,0.14196259929603181,0.02015337959888569,1,-1,1,0,5,-1.003024617686286,0.010954557371591005,1.013979175057877,0,0
71,0,9,0.14196259929603181,0.02015337959888569,1,-1,3,1,1,-1.0047033843712412,0.079053052174171815,1.0837564365454131,0,0
71,0,9,0.14196259929603181,0.02015337959888569,-1,1,1,0,1,-0.0015589014553024495,0.12094351519129704,0.12250241664659949,0,0
71,0,9,0.14196259929603181,0.02015337959888569,-1,1,3,1,1,-0.04670576376564288,0.079053052174171815,0.12575881593981469,0,0
71,0,9,0.14196259929603181,0.02015337959888569,-1,-1,1,0,0,-0.10333288182616691,-0.0032245407358217071,0.10010834109034521,0,2
71,0,9,0.14196259929603181,0.02015337959888569,-1,-1,3,1,1,-0.04670576376564288,0.079053052174171815,0.12575881593981469,0,0
72,9,0,0.14196259929603181,0.02015337959888569,1,1,1,0,1,-0.20122115679576139,0.12094351519129704,0.32216467198705845,0,0
72,9,0,0.14196259929603181,0.02015337959888569,1,1,3,1,1,-1.0047033843712412,0.079053052174171815,1.0837564365454131,0,0
72,9,0,0.14196259929603181,0.02015337959888569,1,-1,1,0,5,-1.003024617686286,0.010954557371591005,1.013979175057877,0,0
72,9,0,0.14196259929603181,0.02015337959888569,1,-1,3,1,1,-1.0047033843712412,0.079053052174171815,1.0837564365454131,0,0
72,9,0,0.14196259929603181,0.02015337959888569,-1,1,1,0,1,-0.0015589014553024495,0.12094351519129704,0.12250241664659949,0,0
72,9,0,0.14196259929603181,0.02015337959888569,-1,1,3,1,1,-0.04670576376564288,0.079053052174171815,0.12575881593981469,0,0
72,9,0,0.14196259929603181,0.02015337959888569,-1,-1,1,0,0,-0.10333288182616691,-0.0032245407358217071,0.10010834109034521,0,2
72,9,0,0.14196259929603181,0.02015337959888569,-1,-1,3,1,1,-0.04670576376564288,0.079053052174171815,0.12575881593981469,0,0
73,1,9,0.14283767207418047,0.020402600563571117,1,1,1,0,1,-0.20125106331152362,0.12092242223227184,0.32217348554379543,0,0
73,1,9,0.14283767207418047,0.020402600563571117,1,1,3,1,1,-1.0047631974027658,0.078993239142647304,1.0837564365454131,0,0
73,1,9,0.14283767207418047,0.020402600563571117,1,-1,1,0,5,-1.0030644956928607,0.010924650855828754,1.0139891465486894,0,0
73,1,9,0.14283767207418047,0.020402600563571117,1,-1,3,1,1,-1.0047631974027658,0.078993239142647304,1.0837564365454131,0,0
73,1,9,0.14283767207418047,0.020402600563571117,-1,1,1,0,1,-0.0015788391324772833,0.12092242223227184,0.12250126136474912,0,0
73,1,9,0.14283767207418047,0.020402600563571117,-1,1,3,1,1,-0.046765576797167377,0.078993239142647304,0.12575881593981469,0,0
73,1,9,0.14283767207418047,0.020402600563571117,-1,-1,1,0,0,-0.10337408461142315,-0.0032644160901713765,0.10010966852125178,0,2
73,1,9,0.14283767207418047,0.020402600563571117,-1,-1,3,1,1,-0.046765576797167377,0.078993239142647304,0.12575881593981469,0,0
74,9,1,0.14283767207418047,0.020402600563571117,1,1,1,0,1,-0.20125106331152362,0.12092242223227184,0.32217348554379543,0,0
74,9,1,0.14283767207418047,0.020402600563571117,1,1,3,1,1,-1.0047631974027658,0.078993239142647304,1.0837564365454131,0,0
74,9,1,0.14283767207418047,0.020402600563571117,1,-1,1,0,5,-1.0030644956928607,0.010924650855828754,1.0139891465486894,0,0
74,9,1,0.14283767207418047,0.020402600563571117,1,-1,3,1,1,-1.0047631974027658,0.078993239142647304,1.0837564365454131,0,0
74,9,1,0.14283767207418047,0.020402600563571117,-1,1,1,0,1,-0.0015788391324772833,0.12092242223227184,0.12250126136474912,0,0
74,9,1,0.14283767207418047,0.020402600563571117,-1,1,3,1,1,-0.046765576797167377,0.078993239142647304,0.12575881593981469,0,0
74,9,1,0.14283767207418047,0.020402600563571117,-1,-1,1,0,0,-0.10337408461142315,-0.0032644160901713765,0.10010966852125178,0,2
74,9,1,0.14283767207418047,0.020402600563571117,-1,-1,3,1,1,-0.046765576797167377,0.078993239142647304,0.12575881593981469,0,0
75,2,9,0.14543108796450008,0.021150201346538156,1,1,1,0,1,-0.20134077540547968,0.12085915714060554,0.3221999325460852,0,0
75,2,9,0.14543108796450008,0.021150201346538156,1,1,3,1,1,-1.0049426215906778,0.078813814954735217,1.0837564365454131,0,0
75,2,9,0.14543108796450008,0.021150201346538156,1,-1,1,0,4,-1.0031841197735156,0.010816713544310281,1.0140008333178259,0,0
75,2,9,0.14543108796450008,0.021150201346538156,1,-1,3,1,1,-1.0049426215906778,0.078813814954735217,1.0837564365454131,0,0
75,2,9,0.14543108796450008,0.021150201346538156,-1,1,1,0,1,-0.0016386471951146467,0.12085915714060554,0.12249780433572019,0,0
75,2,9,0.14543108796450008,0.021150201346538156,-1,1,3,1,1,-0.04694500098507947,0.078813814954735217,0.12575881593981469,0,0
75,2,9,0.14543108796450008,0.021150201346538156,-1,-1,1,0,0,-0.10349768090866433,-0.0033840322154461006,0.10011364869321823,0,2
75,2,9,0.14543108796450008,0.021150201346538156,-1,-1,3,1,1,-0.04694500098507947,0.078813814954735217,0.12575881593981469,0,0
76,9,2,0.14543108796450008,0.021150201346538156,1,1,1,0,1,-0.20134077540547968,0.12085915714060554,0.3221999325460852,0,0
76,9,2,0.14543108796450008,0.021150201346538156,1,1,3,1,1,-1.0049426215906778,0.078813814954735217,1.0837564365454131,0,0
76,9,2,0.14543108796450008,0.021150201346538156,1,-1,1,0,4,-1.0031841197735156,0.010816713544310281,1.0140008333178259,0,0
76,9,2,0.14543108796450008,0.021150201346538156,1,-1,3,1,1,-1.0049426215906778,0.078813814954735217,1.0837564365454131,0,0
76,9,2,0.14543108796450008,0.021150201346538156,-1,1,1,0,1,-0.0016386471951146467,0.12085915714060554,0.12249780433572019,0,0
76,9,2,0.14543108796450008,0.021150201346538156,-1,1,3,1,1,-0.04694500098507947,0.078813814954735217,0.12575881593981469,0,0
76,9,2,0.14543108796450008,0.021150201346538156,-1,-1,1,0,0,-0.10349768090866433,-0.0033840322154461006,0.10011364869321823,0,2
76,9,2,0.14543108796450008,0.021150201346538156,-1,-1,3,1,1,-0.04694500098507947,0.078813814954735217,0.12575881593981469,0,0
77,6,7,0.14548227673504621,0.021165092844012565,1,1,1,0,1,-0.20134256238517662,0.12085789708998984,0.32220045947516646,0,0
77,6,7,0.14548227673504621,0.021165092844012565,1,1,3,1,1,-1.0049461955500716,0.078810240995341355,1.0837564365454129,0,0
77,6,7,0.14548227673504621,0.021165092844012565,1,-1,1,0,4,-1.0031865025715654,0.010814926564613352,1.0140014291361787,0,0
77,6,7,0.14548227673504621,0.021165092844012565,1,-1,3,1,1,-1.0049461955500716,0.078810240995341355,1.0837564365454129,0,0
77,6,7,0.14548227673504621,0.021165092844012565,-1,1,1,0,1,-0.0016398385149125993,0.12085789708998984,0.12249773560490244,0,0
77,6,7,0.14548227673504621,0.021165092844012565,-1,1,3,1,1,-0.046948574944473326,0.078810240995341355,0.12575881593981469,0,0
77,6,7,0.14548227673504621,0.021165092844012565,-1,-1,1,0,0,-0.10350014280224604,-0.0033864148550420067,0.10011372794720402,0,2
77,6,7,0.14548227673504621,0.021165092844012565,-1,-1,3,1,1,-0.046948574944473326,0.078810240995341355,0.12575881593981469,0,0
78,7,6,0.14548227673504621,0.021165092844012565,1,1,1,0,1,-0.20134256238517662,0.12085789708998984,0.32220045947516646,0,0
78,7,6,0.14548227673504621,0.021165092844012565,1,1,3,1,1,-1.0049461955500716,0.078810240995341355,1.0837564365454129,0,0
78,7,6,0.14548227673504621,0.021165092844012565,1,-1,1,0,4,-1.0031865025715654,0.010814926564613352,1.0140014291361787,0,0
78,7,6,0.14548227673504621,0.021165092844012565,1,-1,3,1,1,-1.0049461955500716,0.078810240995341355,1.0837564365454129,0,0
78,7,6,0.14548227673504621,0.021165092844012565,-1,1,1,0,1,-0.0016398385149125993,0.12085789708998984,0.12249773560490244,0,0
78,7,6,0.14548227673504621,0.021165092844012565,-1,1,3,1,1,-0.046948574944473326,0.078810240995341355,0.12575881593981469,0,0
78,7,6,0.14548227673504621,0.021165092844012565,-1,-1,1,0,0,-0.10350014280224604,-0.0033864148550420067,0.10011372794720402,0,2
78,7,6,0.14548227673504621,0.021165092844012565,-1,-1,3,1,1,-0.046948574944473326,0.078810240995341355,0.12575881593981469,0,0
79,5,8,0.14885127449201779,0.022156701917898029,1,1,1,0,1,-0.20114162875130792,0.12077400306652693,0.32191563181783484,0,0
79,5,8,0.14885127449201779,0.022156701917898029,1,1,3,1,1,-1.0051841817278042,0.07857225481760885,1.0837564365454131,0,0
79,5,8,0.14885127449201779,0.022156701917898029,1,-1,1,0,4,-1.0033451705738206,0.010663628435377513,1.0140087990091982,0,0
79,5,8,0.14885127449201779,0.022156701917898029,1,-1,3,1,1,-1.0051841817278042,0.07857225481760885,1.0837564365454131,0,0
79,5,8,0.14885127449201779,0.022156701917898029,-1,1,1,0,1,-0.0017191672408234365,0.12077400306652693,0.12249317030735037,0,0
79,5,8,0.14885127449201779,0.022156701917898029,-1,1,3,1,1,-0.047186561122205838,0.07857225481760885,0.12575881593981469,0,0
79,5,8,0.14885127449201779,0.022156701917898029,-1,-1,1,0,0,-0.10366407529917668,-0.0035450723068636801,0.10011900299231299,0,2
79,5,8,0.14885127449201779,0.022156701917898029,-1,-1,3,1,1,-0.047186561122205838,0.07857225481760885,0.12575881593981469,0,0
80,8,5,0.14885127449201779,0.022156701917898029,1,1,1,0,1,-0.20114162875130792,0.12077400306652693,0.32191563181783484,0,0
80,8,5,0.14885127449201779,0.022156701917898029,1,1,3,1,1,-1.0051841817278042,0.07857225481760885,1.0837564365454131,0,0
80,8,5,0.14885127449201779,0.022156701917898029,1,-1,1,0,4,-1.0033451705738206,0.010663628435377513,1.0140087990091982,0,0
80,8,5,0.14885127449201779,0.022156701917898029,1,-1,3,1,1,-1.0051841817278042,0.07857225481760885,1.0837564365454131,0,0
80,8,5,0.14885127449201779,0.022156701917898029,-1,1,1,0,1,-0.0017191672408234365,0.12077400306652693,0.12249317030735037,0,0
80,8,5,0.14885127449201779,0.022156701917898029,-1,1,3,1,1,-0.047186561122205838,0.07857225481760885,0.12575881593981469,0,0
80,8,5,0.14885127449201779,0.022156701917898029,-1,-1,1,0,0,-0.10366407529917668,-0.0035450723068636801,0.10011900299231299,0,2
80,8,5,0.14885127449201779,0.022156701917898029,-1,-1,3,1,1,-0.047186561122205838,0.07857225481760885,0.12575881593981469,0,0
81,3,9,0.14965291721178869,0.022395995629998482,1,1,1,0,1,-0.20117034399675995,0.1207537612461929,0.32192410524295284,0,0
81,3,9,0.14965291721178869,0.022395995629998482,1,1,3,1,1,-1.0052416122187082,0.078514824326704744,1.0837564365454129,0,0
81,3,9,0.14965291721178869,0.022395995629998482,1,-1,1,0,5,-1.0033834601135219,0.010622825517843763,1.0140062856313656,0,0
81,3,9,0.14965291721178869,0.022395995629998482,1,-1,3,1,1,-1.0052416122187082,0.078514824326704744,1.0837564365454129,0,0
81,3,9,0.14965291721178869,0.022395995629998482,-1,1,1,0,1,-0.0017383107377914725,0.1207537612461929,0.12249207198398437,0,0
81,3,9,0.14965291721178869,0.022395995629998482,-1,1,3,1,1,-0.047243991613109951,0.078514824326704744,0.12575881593981469,0,0
81,3,9,0.14965291721178869,0.022395995629998482,-1,-1,1,0,0,-0.10370363455350128,-0.0035833593007997544,0.10012027525270152,0,2
81,3,9,0.14965291721178869,0.022395995629998482,-1,-1,3,1,1,-0.047243991613109951,0.078514824326704744,0.12575881593981469,0,0
82,9,3,0.14965291721178869,0.022395995629998482,1,1,1,0,1,-0.20117034399675995,0.1207537612461929,0.32192410524295284,0,0
82,9,3,0.14965291721178869,0.022395995629998482,1,1,3,1,1,-1.0052416122187082,0.078514824326704744,1.0837564365454129,0,0
82,9,3,0.14965291721178869,0.022395995629998482,1,-1,1,0,5,-1.0033834601135219,0.010622825517843763,1.0140062856313656,0,0
82,9,3,0.14965291721178869,0.022395995629998482,1,-1,3,1,1,-1.0052416122187082,0.078514824326704744,1.0837564365454129,0,0
82,9,3,0.14965291721178869,0.022395995629998482,-1,1,1,0,1,-0.0017383107377914725,0.1207537612461929,0.12249207198398437,0,0
82,9,3,0.14965291721178869,0.022395995629998482,-1,1,3,1,1,-0.047243991613109951,0.078514824326704744,0.12575881593981469,0,0
82,9,3,0.14965291721178869,0.022395995629998482,-1,-1,1,0,0,-0.10370363455350128,-0.0035833593007997544,0.10012027525270152,0,2
82,9,3,0.14965291721178869,0.022395995629998482,-1,-1,3,1,1,-0.047243991613109951,0.078514824326704744,0.12575881593981469,0,0
83,4,9,0.1553694723422171,0.024139672935898967,1,1,1,0,1,-0.20137958527346803,0.12060630334431985,0.32198588861778787,0,0
83,4,9,0.1553694723422171,0.024139672935898967,1,1,3,1,1,-1.0056600947721244,0.078096341773288627,1.0837564365454131,0,0
83,4,9,0.1553694723422171,0.024139672935898967,1,-1,1,0,5,-1.0036624670299248,0.010363384457791409,1.0140258514877163,0,0
83,4,9,0.1553694723422171,0.024139672935898967,1,-1,3,1,1,-1.0056600947721244,0.078096341773288627,1.0837564365454131,0,0
83,4,9,0.1553694723422171,0.024139672935898967,-1,1,1,0,1,-0.0018778049222635115,0.12060630334431985,0.12248410826658336,0,0
83,4,9,0.1553694723422171,0.024139672935898967,-1,1,3,1,1,-0.047662474166526067,0.078096341773288627,0.12575881593981469,0,0
83,4,9,0.1553694723422171,0.024139672935898967,-1,-1,1,0,0,-0.10399188530919418,-0.0038623476697438319,0.10012953763945034,0,2
83,4,9,0.1553694723422171,0.024139672935898967,-1,-1,3,1,1,-0.047662474166526067,0.078096341773288627,0.12575881593981469,0,0
84,9,4,0.1553694723422171,0.024139672935898967,1,1,1,0,1,-0.20137958527346803,0.12060630334431985,0.32198588861778787,0,0
84,9,4,0.1553694723422171,0.024139672935898967,1,1,3,1,1,-1.0056600947721244,0.078096341773288627,1.0837564365454131,0,0
84,9,4,0.1553694723422171,0.024139672935898967,1,-1,1,0,5,-1.0036624670299248,0.010363384457791409,1.0140258514877163,0,0
84,9,4,0.1553694723422171,0.024139672935898967,1,-1,3,1,1,-1.0056600947721244,0.078096341773288627,1.0837564365454131,0,0
84,9,4,0.1553694723422171,0.024139672935898967,-1,1,1,0,1,-0.0018778049222635115,0.12060630334431985,0.12248410826658336,0,0
84,9,4,0.1553694723422171,0.024139672935898967,-1,1,3,1,1,-0.047662474166526067,0.078096341773288627,0.12575881593981469,0,0
84,9,4,0.1553694723422171,0.024139672935898967,-1,-1,1,0,0,-0.10399188530919418,-0.0038623476697438319,0.10012953763945034,0,2
84,9,4,0.1553694723422171,0.024139672935898967,-1,-1,3,1,1,-0.047662474166526067,0.078096341773288627,0.12575881593981469,0,0
85,7,7,0.15620280436806763,0.024399316092448806,1,1,1,0,1,-0.20109114400712524,0.12058435199070568,0.32167549599783091,0,0
85,7,7,0.15620280436806763,0.024399316092448806,1,1,3,1,1,-1.0057224091296963,0.078034027415716661,1.0837564365454131,0,0
85,7,7,0.15620280436806763,0.024399316092448806,1,-1,1,0,4,-1.0037040126963497,0.010310181916155228,1.014014194612505,0,0
85,7,7,0.15620280436806763,0.024399316092448806,1,-1,3,1,1,-1.0057224091296963,0.078034027415716661,1.0837564365454131,0,0
85,7,7,0.15620280436806763,0.024399316092448806,-1,1,1,0,1,-0.0018985763747874989,0.12058435199070568,0.12248292836549318,0,0
85,7,7,0.15620280436806763,0.024399316092448806,-1,1,3,1,1,-0.047724788524098026,0.078034027415716661,0.12575881593981469,0,0
85,7,7,0.15620280436806763,0.024399316092448806,-1,-1,1,0,0,-0.10403480619083542,-0.0039038905747918046,0.10013091561604362,0,2
85,7,7,0.15620280436806763,0.024399316092448806,-1,-1,3,1,1,-0.047724788524098026,0.078034027415716661,0.12575881593981469,0,0
86,0,10,0.15770509081495293,0.02487089566895255,1,1,1,0,1,-0.20114773355630572,0.12054448655285666,0.32169222010916237,0,0
86,0,10,0.15770509081495293,0.02487089566895255,1,1,3,1,1,-1.0058355882280572,0.077920848317355768,1.0837564365454129,0,0
86,0,10,0.15770509081495293,0.02487089566895255,1,-1,1,0,4,-1.0037794704436767,0.010247832268078322,1.014027302711755,0,0
86,0,10,0.15770509081495293,0.02487089566895255,1,-1,3,1,1,-1.0058355882280572,0.077920848317355768,1.0837564365454129,0,0
86,0,10,0.15770509081495293,0.02487089566895255,-1,1,1,0,1,-0.0019363027409077978,0.12054448655285666,0.12248078929376445,0,0
86,0,10,0.15770509081495293,0.02487089566895255,-1,1,3,1,1,-0.047837967622458927,0.077920848317355768,0.12575881593981469,0,0
86,0,10,0.15770509081495293,0.02487089566895255,-1,-1,1,0,0,-0.10411276086375033,-0.0039793433070324027,0.10013341755671792,0,2
86,0,10,0.15770509081495293,0.02487089566895255,-1,-1,3,1,1,-0.047837967622458927,0.077920848317355768,0.12575881593981469,0,0
87,10,0,0.15770509081495293,0.02487089566895255,1,1,1,0,1,-0.20114773355630572,0.12054448655285666,0.32169222010916237,0,0
87,10,0,0.15770509081495293,0.02487089566895255,1,1,3,1,1,-1.0058355882280572,0.077920848317355768,1.0837564365454129,0,0
87,10,0,0.15770509081495293,0.02487089566895255,1,-1,1,0,4,-1.0037794704436767,0.010247832268078322,1.014027302711755,0,0
87,10,0,0.15770509081495293,0.02487089566895255,1,-1,3,1,1,-1.0058355882280572,0.077920848317355768,1.0837564365454129,0,0
87,10,0,0.15770509081495293,0.02487089566895255,-1,1,1,0,1,-0.0019363027409077978,0.12054448655285666,0.12248078929376445,0,0
87,10,0,0.15770509081495293,0.02487089566895255,-1,1,3,1,1,-0.047837967622458927,0.077920848317355768,0.12575881593981469,0,0
87,10,0,0.15770509081495293,0.02487089566895255,-1,-1,1,0,0,-0.10411276086375033,-0.0039793433070324027,0.10013341755671792,0,2
87,10,0,0.15770509081495293,0.02487089566895255,-1,-1,3,1,1,-0.047837967622458927,0.077920848317355768,0.12575881593981469,0,0
88,6,8,0.15778059960360319,0.02489471761127255,1,1,1,0,1,-0.20115059218938411,0.12054247287648651,0.32169306506587059,0,0
88,6,8,0.15778059960360319,0.02489471761127255,1,1,3,1,1,-1.0058413054942139,0.07791513105119896,1.0837564365454129,0,0
88,6,8,0.15778059960360319,0.02489471761127255,1,-1,1,0,4,-1.0037832822077759,0.010244973634999922,1.0140282558427758,0,0
88,6,8,0.15778059960360319,0.02489471761127255,1,-1,3,1,1,-1.0058413054942139,0.07791513105119896,1.0837564365454129,0,0
88,6,8,0.15778059960360319,0.02489471761127255,-1,1,1,0,1,-0.0019382084962933986,0.12054247287648651,0.1224806813727799,0,0
88,6,8,0.15778059960360319,0.02489471761127255,-1,1,3,1,1,-0.047843684888615727,0.07791513105119896,0.12575881593981469,0,0
88,6,8,0.15778059960360319,0.02489471761127255,-1,-1,1,0,0,-0.10411669873240839,-0.0039831548178036053,0.10013354391460479,0,2
88,6,8,0.15778059960360319,0.02489471761127255,-1,-1,3,1,1,-0.047843684888615727,0.07791513105119896,0.12575881593981469,0,0
89,8,6,0.15778059960360319,0.02489471761127255,1,1,1,0,1,-0.20115059218938411,0.12054247287648651,0.32169306506587059,0,0
89,8,6,0.15778059960360319,0.02489471761127255,1,1,3,1,1,-1.0058413054942139,0.07791513105119896,1.0837564365454129,0,0
89,8,6,0.15778059960360319,0.02489471761127255,1,-1,1,0,4,-1.0037832822077759,0.010244973634999922,1.0140282558427758,0,0
89,8,6,0.15778059960360319,0.02489471761127255,1,-1,3,1,1,-1.0058413054942139,0.07791513105119896,1.0837564365454129,0,0
89,8,6,0.15778059960360319,0.02489471761127255,-1,1,1,0,1,-0.0019382084962933986,0.12054247287648651,0.1224806813727799,0,0
89,8,6,0.15778059960360319,0.02489471761127255,-1,1,3,1,1,-0.047843684888615727,0.07791513105119896,0.12575881593981469,0,0
89,8,6,0.15778059960360319,0.02489471761127255,-1,-1,1,0,0,-0.10411669873240839,-0.0039831548178036053,0.10013354391460479,0,2
89,8,6,0.15778059960360319,0.02489471761127255,-1,-1,3,1,1,-0.047843684888615727,0.07791513105119896,0.12575881593981469,0,0
90,1,10,0.1584932699947792,0.025120116633637977,1,1,1,0,1,-0.20117764007206795,0.1205234204663021,0.32170106053837005,0,0
90,1,10,0.1584932699947792,0.025120116633637977,1,1,3,1,1,-1.0058954012595818,0.077861035285831257,1.0837564365454131,0,0
90,1,10,0.1584932699947792,0.025120116633637977,1,-1,1,0,4,-1.0038193484482529,0.010215721151010396,1.0140350695992633,0,0
90,1,10,0.1584932699947792,0.025120116633637977,1,-1,3,1,1,-1.0058954012595818,0.077861035285831257,1.0837564365454131,0,0
90,1,10,0.1584932699947792,0.025120116633637977,-1,1,1,0,1,-0.0019562404180826329,0.1205234204663021,0.12247966088438474,0,0
90,1,10,0.1584932699947792,0.025120116633637977,-1,1,3,1,1,-0.047897780653983424,0.077861035285831257,0.12575881593981469,0,0
90,1,10,0.1584932699947792,0.025120116633637977,-1,-1,1,0,0,-0.10415395801798191,-0.0040192186613820721,0.10013473935659983,0,2
90,1,10,0.1584932699947792,0.025120116633637977,-1,-1,3,1,1,-0.047897780653983424,0.077861035285831257,0.12575881593981469,0,0
91,10,1,0.1584932699947792,0.025120116633637977,1,1,1,0,1,-0.20117764007206795,0.1205234204663021,0.32170106053837005,0,0
91,10,1,0.1584932699947792,0.025120116633637977,1,1,3,1,1,-1.0058954012595818,0.077861035285831257,1.0837564365454131,0,0
91,10,1,0.1584932699947792,0.025120116633637977,1,-1,1,0,4,-1.0038193484482529,0.010215721151010396,1.0140350695992633,0,0
91,10,1,0.1584932699947792,0.025120116633637977,1,-1,3,1,1,-1.0058954012595818,0.077861035285831257,1.0837564365454131,0,0
91,10,1,0.1584932699947792,0.025120116633637977,-1,1,1,0,1,-0.0019562404180826329,0.1205234204663021,0.12247966088438474,0,0
91,10,1,0.1584932699947792,0.025120116633637977,-1,1,3,1,1,-0.047897780653983424,0.077861035285831257,0.12575881593981469,0,0
91,10,1,0.1584932699947792,0.025120116633637977,-1,-1,1,0,0,-0.10415395801798191,-0.0040192186613820721,0.10013473935659983,0,2
91,10,1,0.1584932699947792,0.025120116633637977,-1,-1,3,1,1,-0.047897780653983424,0.077861035285831257,0.12575881593981469,0,0
92,2,10,0.16083444101499222,0.025867717416605016,1,1,1,0,1,-0.20126735216602401,0.12046023595792585,0.32172758812394986,0,0
92,2,10,0.16083444101499222,0.025867717416605016,1,1,3,1,1,-1.0060748254474938,0.07768161109791917,1.0837564365454131,0,0
92,2,10,0.16083444101499222,0.025867717416605016,1,-1,1,0,5,-1.003938972522914,0.010096738281970333,1.0140357108048843,0,0
92,2,10,0.16083444101499222,0.025867717416605016,1,-1,3,1,1,-1.0060748254474938,0.07768161109791917,1.0837564365454131,0,0
92,2,10,0.16083444101499222,0.025867717416605016,-1,1,1,0,1,-0.0020160484807199949,0.12046023595792585,0.12247628443864585,0,0
92,2,10,0.16083444101499222,0.025867717416605016,-1,1,3,1,1,-0.048077204841895517,0.07768161109791917,0.12575881593981469,0,0
92,2,10,0.16083444101499222,0.025867717416605016,-1,-1,1,0,0,-0.10427753743563416,-0.0041388347866567997,0.10013870264897735,0,2
92,2,10,0.16083444101499222,0.025867717416605016,-1,-1,3,1,1,-0.048077204841895517,0.07768161109791917,0.12575881593981469,0,0
93,10,2,0.16083444101499222,0.025867717416605016,1,1,1,0,1,-0.20126735216602401,0.12046023595792585,0.32172758812394986,0,0
93,10,2,0.16083444101499222,0.025867717416605016,1,1,3,1,1,-1.0060748254474938,0.07768161109791917,1.0837564365454131,0,0
93,10,2,0.16083444101499222,0.025867717416605016,1,-1,1,0,5,-1.003938972522914,0.010096738281970333,1.0140357108048843,0,0
93,10,2,0.16083444101499222,0.025867717416605016,1,-1,3,1,1,-1.0060748254474938,0.07768161109791917,1.0837564365454131,0,0
93,10,2,0.16083444101499222,0.025867717416605016,-1,1,1,0,1,-0.0020160484807199949,0.12046023595792585,0.12247628443864585,0,0
93,10,2,0.16083444101499222,0.025867717416605016,-1,1,3,1,1,-0.048077204841895517,0.07768161109791917,0.12575881593981469,0,0
93,10,2,0.16083444101499222,0.025867717416605016,-1,-1,1,0,0,-0.10427753743563416,-0.0041388347866567997,0.10013870264897735,0,2
93,10,2,0.16083444101499222,0.025867717416605016,-1,-1,3,1,1,-0.048077204841895517,0.07768161109791917,0.12575881593981469,0,0
94,5,9,0.16242166943883851,0.026380798703299332,1,1,1,0,1,-0.20132892192042731,0.12041687956352339,0.32174580148395071,0,0
94,5,9,0.16242166943883851,0.026380798703299332,1,1,3,1,1,-1.0061979649563004,0.07755847158911254,1.0837564365454129,0,0
94,5,9,0.16242166943883851,0.026380798703299332,1,-1,1,0,4,-1.0040210709839301,0.010023176631532094,1.0140442476154623,0,0
94,5,9,0.16242166943883851,0.026380798703299332,1,-1,3,1,1,-1.0061979649563004,0.07755847158911254,1.0837564365454129,0,0
94,5,9,0.16242166943883851,0.026380798703299332,-1,1,1,0,1,-0.0020570949836555413,0.12041687956352339,0.12247397454717893,0,0
94,5,9,0.16242166943883851,0.026380798703299332,-1,1,3,1,1,-0.048200344350702154,0.07755847158911254,0.12575881593981469,0,0
94,5,9,0.16242166943883851,0.026380798703299332,-1,-1,1,0,0,-0.10436234892227024,-0.0042209277925278899,0.10014142112974235,0,2
94,5,9,0.16242166943883851,0.026380798703299332,-1,-1,3,1,1,-0.048200344350702154,0.07755847158911254,0.12575881593981469,0,0
95,9,5,0.16242166943883851,0.026380798703299332,1,1,1,0,1,-0.20132892192042731,0.12041687956352339,0.32174580148395071,0,0
95,9,5,0.16242166943883851,0.026380798703299332,1,1,3,1,1,-1.0061979649563004,0.07755847158911254,1.0837564365454129,0,0
95,9,5,0.16242166943883851,0.026380798703299332,1,-1,1,0,4,-1.0040210709839301,0.010023176631532094,1.0140442476154623,0,0
95,9,5,0.16242166943883851,0.026380798703299332,1,-1,3,1,1,-1.0061979649563004,0.07755847158911254,1.0837564365454129,0,0
95,9,5,0.16242166943883851,0.026380798703299332,-1,1,1,0,1,-0.0020570949836555413,0.12041687956352339,0.12247397454717893,0,0
95,9,5,0.16242166943883851,0.026380798703299332,-1,1,3,1,1,-0.048200344350702154,0.07755847158911254,0.12575881593981469,0,0
95,9,5,0.16242166943883851,0.026380798703299332,-1,-1,1,0,0,-0.10436234892227024,-0.0042209277925278899,0.10014142112974235,0,2
95,9,5,0.16242166943883851,0.026380798703299332,-1,-1,3,1,1,-0.048200344350702154,0.07755847158911254,0.12575881593981469,0,0
96,3,10,0.16466181008377548,0.027113511700065342,1,1,1,0,1,-0.20109757662722691,0.1203549742550812,0.32145255088230812,0,0
96,3,10,0.16466181008377548,0.027113511700065342,1,1,3,1,1,-1.0063738160755242,0.077382620469888697,1.0837564365454129,0,0
96,3,10,0.16466181008377548,0.027113511700065342,1,-1,1,0,4,-1.0041383128529349,0.0099129837939023694,1.0140512966468371,0,0
96,3,10,0.16466181008377548,0.027113511700065342,1,-1,3,1,1,-1.0063738160755242,0.077382620469888697,1.0837564365454129,0,0
96,3,10,0.16466181008377548,0.027113511700065342,-1,1,1,0,1,-0.0021157120233968214,0.1203549742550812,0.12247068627847801,0,0
96,3,10,0.16466181008377548,0.027113511700065342,-1,1,3,1,1,-0.048376195469925998,0.077382620469888697,0.12575881593981469,0,0
96,3,10,0.16466181008377548,0.027113511700065342,-1,-1,1,0,0,-0.10448346299269708,-0.0043381618720104501,0.10014530112068662,0,2
96,3,10,0.16466181008377548,0.027113511700065342,-1,-1,3,1,1,-0.048376195469925998,0.077382620469888697,0.12575881593981469,0,0
97,10,3,0.16466181008377548,0.027113511700065342,1,1,1,0,1,-0.20109757662722691,0.1203549742550812,0.32145255088230812,0,0
97,10,3,0.16466181008377548,0.027113511700065342,1,1,3,1,1,-1.0063738160755242,0.077382620469888697,1.0837564365454129,0,0
97,10,3,0.16466181008377548,0.027113511700065342,1,-1,1,0,4,-1.0041383128529349,0.0099129837939023694,1.0140512966468371,0,0
97,10,3,0.16466181008377548,0.027113511700065342,1,-1,3,1,1,-1.0063738160755242,0.077382620469888697,1.0837564365454129,0,0
97,10,3,0.16466181008377548,0.027113511700065342,-1,1,1,0,1,-0.0021157120233968214,0.1203549742550812,0.12247068627847801,0,0
97,10,3,0.16466181008377548,0.027113511700065342,-1,1,3,1,1,-0.048376195469925998,0.077382620469888697,0.12575881593981469,0,0
97,10,3,0.16466181008377548,0.027113511700065342,-1,-1,1,0,0,-0.10448346299269708,-0.0043381618720104501,0.10014530112068662,0,2
97,10,3,0.16466181008377548,0.027113511700065342,-1,-1,3,1,1,-0.048376195469925998,0.077382620469888697,0.12575881593981469,0,0
98,7,8,0.16771684727453229,0.028128940859708788,1,1,1,0,1,-0.20121942812638413,0.12026920310307554,0.3214886312294597,0,0
98,7,8,0.16771684727453229,0.028128940859708788,1,1,3,1,1,-1.0066175190738387,0.077138917471574267,1.0837564365454129,0,0
98,7,8,0.16771684727453229,0.028128940859708788,1,-1,1,0,4,-1.0043007923120677,0.0097594016323939246,1.0140601939444616,0,0
98,7,8,0.16771684727453229,0.028128940859708788,1,-1,3,1,1,-1.0066175190738387,0.077138917471574267,1.0837564365454129,0,0
98,7,8,0.16771684727453229,0.028128940859708788,-1,1,1,0,1,-0.0021969463561682988,0.12026920310307554,0.12246614945924383,0,0
98,7,8,0.16771684727453229,0.028128940859708788,-1,1,3,1,1,-0.04861989846824042,0.077138917471574267,0.12575881593981469,0,0
98,7,8,0.16771684727453229,0.028128940859708788,-1,-1,1,0,0,-0.10465130451445151,-0.0045006305375534031,0.10015067397689811,0,2
98,7,8,0.16771684727453229,0.028128940859708788,-1,-1,3,1,1,-0.04861989846824042,0.077138917471574267,0.12575881593981469,0,0
99,8,7,0.16771684727453229,0.028128940859708788,1,1,1,0,1,-0.20121942812638413,0.12026920310307554,0.3214886312294597,0,0
99,8,7,0.16771684727453229,0.028128940859708788,1,1,3,1,1,-1.0066175190738387,0.077138917471574267,1.0837564365454129,0,0
99,8,7,0.16771684727453229,0.028128940859708788,1,-1,1,0,4,-1.0043007923120677,0.0097594016323939246,1.0140601939444616,0,0
99,8,7,0.16771684727453229,0.028128940859708788,1,-1,3,1,1,-1.0066175190738387,0.077138917471574267,1.0837564365454129,0,0
99,8,7,0.16771684727453229,0.028128940859708788,-1,1,1,0,1,-0.0021969463561682988,0.12026920310307554,0.12246614945924383,0,0
99,8,7,0.16771684727453229,0.028128940859708788,-1,1,3,1,1,-0.04861989846824042,0.077138917471574267,0.12575881593981469,0,0
99,8,7,0.16771684727453229,0.028128940859708788,-1,-1,1,0,0,-0.10465130451445151,-0.0045006305375534031,0.10015067397689811,0,2
99,8,7,0.16771684727453229,0.028128940859708788,-1,-1,3,1,1,-0.04861989846824042,0.077138917471574267,0.12575881593981469,0,0
100,4,10,0.1698740386461858,0.028857189005965827,1,1,1,0,1,-0.20130681790393498,0.12020770398156629,0.32151452188550128,0,0
100,4,10,0.1698740386461858,0.028857189005965827,1,1,3,1,1,-1.0067922986289404,0.07696413791647258,1.0837564365454129,0,0
100,4,10,0.1698740386461858,0.028857189005965827,1,-1,1,0,5,-1.0044173197553663,0.0096410052479231484,1.0140583250032895,0,0
100,4,10,0.1698740386461858,0.028857189005965827,1,-1,3,1,1,-1.0067922986289404,0.07696413791647258,1.0837564365454129,0,0
100,4,10,0.1698740386461858,0.028857189005965827,-1,1,1,0,1,-0.0022552062078688602,0.12020770398156629,0.12246291018943514,0,0
100,4,10,0.1698740386461858,0.028857189005965827,-1,1,3,1,1,-0.048794678023342114,0.07696413791647258,0.12575881593981469,0,0
100,4,10,0.1698740386461858,0.028857189005965827,-1,-1,1,0,0,-0.10477167451947644,-0.0046171502409545276,0.10015452427852192,0,2
100,4,10,0.1698740386461858,0.028857189005965827,-1,-1,3,1,1,-0.048794678023342114,0.07696413791647258,0.12575881593981469,0,0
101,10,4,0.1698740386461858,0.028857189005965827,1,1,1,0,1,-0.20130681790393498,0.12020770398156629,0.32151452188550128,0,0
101,10,4,0.1698740386461858,0.028857189005965827,1,1,3,1,1,-1.0067922986289404,0.07696413791647258,1.0837564365454129,0,0
101,10,4,0.1698740386461858,0.028857189005965827,1,-1,1,0,5,-1.0044173197553663,0.0096410052479231484,1.0140583250032895,0,0
101,10,4,0.1698740386461858,0.028857189005965827,1,-1,3,1,1,-1.0067922986289404,0.07696413791647258,1.0837564365454129,0,0
101,10,4,0.1698740386461858,0.028857189005965827,-1,1,1,0,1,-0.0022552062078688602,0.12020770398156629,0.12246291018943514,0,0
101,10,4,0.1698740386461858,0.028857189005965827,-1,1,3,1,1,-0.048794678023342114,0.07696413791647258,0.12575881593981469,0,0
101,10,4,0.1698740386461858,0.028857189005965827,-1,-1,1,0,0,-0.10477167451947644,-0.0046171502409545276,0.10015452427852192,0,2
101,10,4,0.1698740386461858,0.028857189005965827,-1,-1,3,1,1,-0.048794678023342114,0.07696413791647258,0.12575881593981469,0,0
102,6,9,0.17064235815492546,0.029118814396673853,1,1,1,0,1,-0.20133821295081994,0.12018561317994039,0.32152382613076036,0,0
102,6,9,0.17064235815492546,0.029118814396673853,1,1,3,1,1,-1.0068550887227103,0.076901347822702651,1.0837564365454131,0,0
102,6,9,0.17064235815492546,0.029118814396673853,1,-1,1,0,5,-1.0044591825982419,0.0096096102010381854,1.01406879279928,0,0
102,6,9,0.17064235815492546,0.029118814396673853,1,-1,3,1,1,-1.0068550887227103,0.076901347822702651,1.0837564365454131,0,0
102,6,9,0.17064235815492546,0.029118814396673853,-1,1,1,0,1,-0.002276136239125503,0.12018561317994039,0.1224617494190659,0,0
102,6,9,0.17064235815492546,0.029118814396673853,-1,1,3,1,1,-0.048857468117112036,0.076901347822702651,0.12575881593981469,0,0
102,6,9,0.17064235815492546,0.029118814396673853,-1,-1,1,0,0,-0.10481491719990085,-0.0046590103034678115,0.10015590689643304,0,2
102,6,9,0.17064235815492546,0.029118814396673853,-1,-1,3,1,1,-0.048857468117112036,0.076901347822702651,0.12575881593981469,0,0
103,9,6,0.17064235815492546,0.029118814396673853,1,1,1,0,1,-0.20133821295081994,0.12018561317994039,0.32152382613076036,0,0
103,9,6,0.17064235815492546,0.029118814396673853,1,1,3,1,1,-1.0068550887227103,0.076901347822702651,1.0837564365454131,0,0
103,9,6,0.17064235815492546,0.029118814396673853,1,-1,1,0,5,-1.0044591825982419,0.0096096102010381854,1.01406879279928,0,0
103,9,6,0.17064235815492546,0.029118814396673853,1,-1,3,1,1,-1.0068550887227103,0.076901347822702651,1.0837564365454131,0,0
103,9,6,0.17064235815492546,0.029118814396673853,-1,1,1,0,1,-0.002276136239125503,0.12018561317994039,0.1224617494190659,0,0
103,9,6,0.17064235815492546,0.029118814396673853,-1,1,3,1,1,-0.048857468117112036,0.076901347822702651,0.12575881593981469,0,0
103,9,6,0.17064235815492546,0.029118814396673853,-1,-1,1,0,0,-0.10481491719990085,-0.0046590103034678115,0.10015590689643304,0,2
103,9,6,0.17064235815492546,0.029118814396673853,-1,-1,3,1,1,-0.048857468117112036,0.076901347822702651,0.12575881593981469,0,0
104,0,11,0.17343775632710154,0.030080655319779048,1,1,1,0,1,-0.20113468991678371,0.1201044118303022,0.32123910174708592,0,0
104,0,11,0.17343775632710154,0.030080655319779048,1,1,3,1,1,-1.0070859305442557,0.076670506001157407,1.0837564365454131,0,0
104,0,11,0.17343775632710154,0.030080655319779048,1,-1,1,0,4,-1.0046130873666783,0.0094638954970668477,1.0140769828637453,0,0
104,0,11,0.17343775632710154,0.030080655319779048,1,-1,3,1,1,-1.0070859305442557,0.076670506001157407,1.0837564365454131,0,0
104,0,11,0.17343775632710154,0.030080655319779048,-1,1,1,0,1,-0.0023530835129739174,0.1201044118303022,0.12245749534327612,0,0
104,0,11,0.17343775632710154,0.030080655319779048,-1,1,3,1,1,-0.049088309938657287,0.076670506001157407,0.12575881593981469,0,0
104,0,11,0.17343775632710154,0.030080655319779048,-1,-1,1,0,0,-0.10497389202005904,-0.0048129048511646455,0.10016098716889439,0,2
104,0,11,0.17343775632710154,0.030080655319779048,-1,-1,3,1,1,-0.049088309938657287,0.076670506001157407,0.12575881593981469,0,0
105,11,0,0.17343775632710154,0.030080655319779048,1,1,1,0,1,-0.20113468991678371,0.1201044118303022,0.32123910174708592,0,0
105,11,0,0.17343775632710154,0.030080655319779048,1,1,3,1,1,-1.0070859305442557,0.076670506001157407,1.0837564365454131,0,0
105,11,0,0.17343775632710154,0.030080655319779048,1,-1,1,0,4,-1.0046130873666783,0.0094638954970668477,1.0140769828637453,0,0
105,11,0,0.17343775632710154,0.030080655319779048,1,-1,3,1,1,-1.0070859305442557,0.076670506001157407,1.0837564365454131,0,0
105,11,0,0.17343775632710154,0.030080655319779048,-1,1,1,0,1,-0.0023530835129739174,0.1201044118303022,0.12245749534327612,0,0
105,11,0,0.17343775632710154,0.030080655319779048,-1,1,3,1,1,-0.049088309938657287,0.076670506001157407,0.12575881593981469,0,0
105,11,0,0.17343775632710154,0.030080655319779048,-1,-1,1,0,0,-0.10497389202005904,-0.0048129048511646455,0.10016098716889439,0,2
105,11,0,0.17343775632710154,0.030080655319779048,-1,-1,3,1,1,-0.049088309938657287,0.076670506001157407,0.12575881593981469,0,0
106,1,11,0.17415474809623904,0.030329876284464475,1,1,1,0,1,-0.20116459643254594,0.12008337531895152,0.32124797175149744,0,0
106,1,11,0.17415474809623904,0.030329876284464475,1,1,3,1,1,-1.00714574357578,0.076610692969632896,1.0837564365454129,0,0
106,1,11,0.17415474809623904,0.030329876284464475,1,-1,1,0,5,-1.0046529653690501,0.0094112050723561581,1.0140641704414064,0,0
106,1,11,0.17415474809623904,0.030329876284464475,1,-1,3,1,1,-1.00714574357578,0.076610692969632896,1.0837564365454129,0,0
106,1,11,0.17415474809623904,0.030329876284464475,-1,1,1,0,1,-0.002373021190148753,0.12008337531895152,0.12245639650910027,0,0
106,1,11,0.17415474809623904,0.030329876284464475,-1,1,3,1,1,-0.049148122970181785,0.076610692969632896,0.12575881593981469,0,0
106,1,11,0.17415474809623904,0.030329876284464475,-1,-1,1,0,0,-0.10501508299980014,-0.0048527802055143114,0.10016230279428583,0,2
106,1,11,0.17415474809623904,0.030329876284464475,-1,-1,3,1,1,-0.049148122970181785,0.076610692969632896,0.12575881593981469,0,0
107,11,1,0.17415474809623904,0.030329876284464475,1,1,1,0,1,-0.20116459643254594,0.12008337531895152,0.32124797175149744,0,0
107,11,1,0.17415474809623904,0.030329876284464475,1,1,3,1,1,-1.00714574357578,0.076610692969632896,1.0837564365454129,0,0
107,11,1,0.17415474809623904,0.030329876284464475,1,-1,1,0,5,-1.0046529653690501,0.0094112050723561581,1.0140641704414064,0,0
107,11,1,0.17415474809623904,0.030329876284464475,1,-1,3,1,1,-1.00714574357578,0.076610692969632896,1.0837564365454129,0,0
107,11,1,0.17415474809623904,0.030329876284464475,-1,1,1,0,1,-0.002373021190148753,0.12008337531895152,0.12245639650910027,0,0
107,11,1,0.17415474809623904,0.030329876284464475,-1,1,3,1,1,-0.049148122970181785,0.076610692969632896,0.12575881593981469,0,0
107,11,1,0.17415474809623904,0.030329876284464475,-1,-1,1,0,0,-0.10501508299980014,-0.0048527802055143114,0.10016230279428583,0,2
107,11,1,0.17415474809623904,0.030329876284464475,-1,-1,3,1,1,-0.049148122970181785,0.076610692969632896,0.12575881593981469,0,0
108,2,11,0.17628805140289999,0.031077477067431514,1,1,1,0,1,-0.201254308526502,0.12002027949806544,0.32127458802456743,0,0
108,2,11,0.17628805140289999,0.031077477067431514,1,1,3,1,1,-1.0073251677636921,0.07643126878172081,1.0837564365454129,0,0
108,2,11,0.17628805140289999,0.031077477067431514,1,-1,1,0,4,-1.0047725894370998,0.0093146855829236604,1.0140872750200234,0,0
108,2,11,0.17628805140289999,0.031077477067431514,1,-1,3,1,1,-1.0073251677636921,0.07643126878172081,1.0837564365454129,0,0
108,2,11,0.17628805140289999,0.031077477067431514,-1,1,1,0,1,-0.0024328292527861155,0.12002027949806544,0.12245310875085155,0,0
108,2,11,0.17628805140289999,0.031077477067431514,-1,1,3,1,1,-0.049327547158093878,0.07643126878172081,0.12575881593981469,0,0
108,2,11,0.17628805140289999,0.031077477067431514,-1,-1,1,0,0,-0.10513864390872918,-0.004972396330789039,0.10016624757794014,0,2
108,2,11,0.17628805140289999,0.031077477067431514,-1,-1,3,1,1,-0.049327547158093878,0.07643126878172081,0.12575881593981469,0,0
109,11,2,0.17628805140289999,0.031077477067431514,1,1,1,0,1,-0.201254308526502,0.12002027949806544,0.32127458802456743,0,0
109,11,2,0.17628805140289999,0.031077477067431514,1,1,3,1,1,-1.0073251677636921,0.07643126878172081,1.0837564365454129,0,0
109,11,2,0.17628805140289999,0.031077477067431514,1,-1,1,0,4,-1.0047725894370998,0.0093146855829236604,1.0140872750200234,0,0
109,11,2,0.17628805140289999,0.031077477067431514,1,-1,3,1,1,-1.0073251677636921,0.07643126878172081,1.0837564365454129,0,0
109,11,2,0.17628805140289999,0.031077477067431514,-1,1,1,0,1,-0.0024328292527861155,0.12002027949806544,0.12245310875085155,0,0
109,11,2,0.17628805140289999,0.031077477067431514,-1,1,3,1,1,-0.049327547158093878,0.07643126878172081,0.12575881593981469,0,0
109,11,2,0.17628805140289999,0.031077477067431514,-1,-1,1,0,0,-0.10513864390872918,-0.004972396330789039,0.10016624757794014,0,2
109,11,2,0.17628805140289999,0.031077477067431514,-1,-1,3,1,1,-0.049327547158093878,0.07643126878172081,0.12575881593981469,0,0
110,5,10,0.17634714279898667,0.031098314773366192,1,1,1,0,1,-0.20125680905121415,0.12001852102461462,0.32127533007582876,0,0
110,5,10,0.17634714279898667,0.031098314773366192,1,1,3,1,1,-1.0073301688131164,0.076426267732296493,1.0837564365454129,0,0
110,5,10,0.17634714279898667,0.031098314773366192,1,-1,1,0,4,-1.0047759236914229,0.0092930155649853449,1.0140689392564082,0,0
110,5,10,0.17634714279898667,0.031098314773366192,1,-1,3,1,1,-1.0073301688131164,0.076426267732296493,1.0837564365454129,0,0
110,5,10,0.17634714279898667,0.031098314773366192,-1,1,1,0,1,-0.00243449626926089,0.12001852102461462,0.1224530172938755,0,0
110,5,10,0.17634714279898667,0.031098314773366192,-1,1,3,1,1,-0.049332548207518201,0.076426267732296493,0.12575881593981469,0,0
110,5,10,0.17634714279898667,0.031098314773366192,-1,-1,1,0,0,-0.10514208785583481,-0.0049757303637385855,0.10016635749209624,0,2
110,5,10,0.17634714279898667,0.031098314773366192,-1,-1,3,1,1,-0.049332548207518201,0.076426267732296493,0.12575881593981469,0,0
111,10,5,0.17634714279898667,0.031098314773366192,1,1,1,0,1,-0.20125680905121415,0.12001852102461462,0.32127533007582876,0,0
111,10,5,0.17634714279898667,0.031098314773366192,1,1,3,1,1,-1.0073301688131164,0.076426267732296493,1.0837564365454129,0,0
111,10,5,0.17634714279898667,0.031098314773366192,1,-1,1,0,4,-1.0047759236914229,0.0092930155649853449,1.0140689392564082,0,0
111,10,5,0.17634714279898667,0.031098314773366192,1,-1,3,1,1,-1.0073301688131164,0.076426267732296493,1.0837564365454129,0,0
111,10,5,0.17634714279898667,0.031098314773366192,-1,1,1,0,1,-0.00243449626926089,0.12001852102461462,0.1224530172938755,0,0
111,10,5,0.17634714279898667,0.031098314773366192,-1,1,3,1,1,-0.049332548207518201,0.076426267732296493,0.12575881593981469,0,0
111,10,5,0.17634714279898667,0.031098314773366192,-1,-1,1,0,0,-0.10514208785583481,-0.0049757303637385855,0.10016635749209624,0,2
111,10,5,0.17634714279898667,0.031098314773366192,-1,-1,3,1,1,-0.049332548207518201,0.076426267732296493,0.12575881593981469,0,0
112,8,8,0.17848967932899867,0.031858565626968774,1,1,1,0,1,-0.20134803915364646,0.11995437095047075,0.3213024101041172,0,0
112,8,8,0.17848967932899867,0.031858565626968774,1,1,3,1,1,-1.0075126290179812,0.076243807527431873,1.0837564365454131,0,0
112,8,8,0.17848967932899867,0.031858565626968774,1,-1,1,0,5,-1.0048975719041744,0.0091950570174762387,1.0140926289216505,0,0
112,8,8,0.17848967932899867,0.031858565626968774,1,-1,3,1,1,-1.0075126290179812,0.076243807527431873,1.0837564365454131,0,0
112,8,8,0.17848967932899867,0.031858565626968774,-1,1,1,0,1,-0.0024953163375490955,0.11995437095047075,0.12244968728801985,0,0
112,8,8,0.17848967932899867,0.031858565626968774,-1,1,3,1,1,-0.049515008412382822,0.076243807527431873,0.12575881593981469,0,0
112,8,8,0.17848967932899867,0.031858565626968774,-1,-1,1,0,0,-0.1052677367382024,-0.0050973705003150016,0.1001703662378874,0,2
112,8,8,0.17848967932899867,0.031858565626968774,-1,-1,3,1,1,-0.049515008412382822,0.076243807527431873,0.12575881593981469,0,0
113,3,11,0.17978673852899116,0.032323271350891837,1,1,1,0,1,-0.20140380384051723,0.11991516548044107,0.32131896932095827,0,0
113,3,11,0.17978673852899116,0.032323271350891837,1,1,3,1,1,-1.0076241583917227,0.076132278153690336,1.0837564365454131,0,0
113,3,11,0.17978673852899116,0.032323271350891837,1,-1,1,0,4,-1.0049719297561062,0.0091133734009379991,1.0140853031570443,0,0
113,3,11,0.17978673852899116,0.032323271350891837,1,-1,3,1,1,-1.0076241583917227,0.076132278153690336,1.0837564365454131,0,0
113,3,11,0.17978673852899116,0.032323271350891837,-1,1,1,0,1,-0.0025324927954629411,0.11991516548044107,0.12244765827590401,0,0
113,3,11,0.17978673852899116,0.032323271350891837,-1,1,3,1,1,-0.049626537786124351,0.076132278153690336,0.12575881593981469,0,0
113,3,11,0.17978673852899116,0.032323271350891837,-1,-1,1,0,0,-0.10534453866699806,-0.0051717234161426894,0.10017281525085536,0,2
113,3,11,0.17978673852899116,0.032323271350891837,-1,-1,3,1,1,-0.049626537786124351,0.076132278153690336,0.12575881593981469,0,0
114,11,3,0.17978673852899116,0.032323271350891837,1,1,1,0,1,-0.20140380384051723,0.11991516548044107,0.32131896932095827,0,0
114,11,3,0.17978673852899116,0.032323271350891837,1,1,3,1,1,-1.0076241583917227,0.076132278153690336,1.0837564365454131,0,0
114,11,3,0.17978673852899116,0.032323271350891837,1,-1,1,0,4,-1.0049719297561062,0.0091133734009379991,1.0140853031570443,0,0
114,11,3,0.17978673852899116,0.032323271350891837,1,-1,3,1,1,-1.0076241583917227,0.076132278153690336,1.0837564365454131,0,0
114,11,3,0.17978673852899116,0.032323271350891837,-1,1,1,0,1,-0.0025324927954629411,0.11991516548044107,0.12244765827590401,0,0
114,11,3,0.17978673852899116,0.032323271350891837,-1,1,3,1,1,-0.049626537786124351,0.076132278153690336,0.12575881593981469,0,0
114,11,3,0.17978673852899116,0.032323271350891837,-1,-1,1,0,0,-0.10534453866699806,-0.0051717234161426894,0.10017281525085536,0,2
114,11,3,0.17978673852899116,0.032323271350891837,-1,-1,3,1,1,-0.049626537786124351,0.076132278153690336,0.12575881593981469,0,0
115,7,9,0.17986950170918384,0.032353037645110092,1,1,1,0,1,-0.20140737579582343,0.11991265437751149,0.32132003017333494,0,0
115,7,9,0.17986950170918384,0.032353037645110092,1,1,3,1,1,-1.0076313023023351,0.076125134243077958,1.0837564365454131,0,0
115,7,9,0.17986950170918384,0.032353037645110092,1,-1,1,0,4,-1.0049766926793464,0.0091098014456318082,1.0140864941249783,0,0
115,7,9,0.17986950170918384,0.032353037645110092,1,-1,3,1,1,-1.0076313023023351,0.076125134243077958,1.0837564365454131,0,0
115,7,9,0.17986950170918384,0.032353037645110092,-1,1,1,0,1,-0.0025348740990004011,0.11991265437751149,0.12244752847651189,0,0
115,7,9,0.17986950170918384,0.032353037645110092,-1,1,3,1,1,-0.049633681696736737,0.076125134243077958,0.12575881593981469,0,0
115,7,9,0.17986950170918384,0.032353037645110092,-1,-1,1,0,0,-0.1053494581085587,-0.0051764860232176094,0.10017297208534109,0,2
115,7,9,0.17986950170918384,0.032353037645110092,-1,-1,3,1,1,-0.049633681696736737,0.076125134243077958,0.12575881593981469,0,0
116,9,7,0.17986950170918384,0.032353037645110092,1,1,1,0,1,-0.20140737579582343,0.11991265437751149,0.32132003017333494,0,0
116,9,7,0.17986950170918384,0.032353037645110092,1,1,3,1,1,-1.0076313023023351,0.076125134243077958,1.0837564365454131,0,0
116,9,7,0.17986950170918384,0.032353037645110092,1,-1,1,0,4,-1.0049766926793464,0.0091098014456318082,1.0140864941249783,0,0
116,9,7,0.17986950170918384,0.032353037645110092,1,-1,3,1,1,-1.0076313023023351,0.076125134243077958,1.0837564365454131,0,0
116,9,7,0.17986950170918384,0.032353037645110092,-1,1,1,0,1,-0.0025348740990004011,0.11991265437751149,0.12244752847651189,0,0
116,9,7,0.17986950170918384,0.032353037645110092,-1,1,3,1,1,-0.049633681696736737,0.076125134243077958,0.12575881593981469,0,0
116,9,7,0.17986950170918384,0.032353037645110092,-1,-1,1,0,0,-0.1053494581085587,-0.0051764860232176094,0.10017297208534109,0,2
116,9,7,0.17986950170918384,0.032353037645110092,-1,-1,3,1,1,-0.049633681696736737,0.076125134243077958,0.12575881593981469,0,0
117,6,10,0.18394654241583536,0.033836330466740713,1,1,1,0,1,-0.20126675321427201,0.11978754834804219,0.32105430156231418,0,0
117,6,10,0.18394654241583536,0.033836330466740713,1,1,3,1,1,-1.0079872925795264,0.075769143965886604,1.0837564365454129,0,0
117,6,10,0.18394654241583536,0.033836330466740713,1,-1,1,0,4,-1.0052140352838199,0.008894408570603576,1.0141084438544234,0,0
117,6,10,0.18394654241583536,0.033836330466740713,1,-1,3,1,1,-1.0079872925795264,0.075769143965886604,1.0837564365454129,0,0
117,6,10,0.18394654241583536,0.033836330466740713,-1,1,1,0,1,-0.0026535375247308526,0.11978754834804219,0.12244108587277304,0,0
117,6,10,0.18394654241583536,0.033836330466740713,-1,1,3,1,1,-0.049989671973928083,0.075769143965886604,0.12575881593981469,0,0
117,6,10,0.18394654241583536,0.033836330466740713,-1,-1,1,0,0,-0.10559459492804683,-0.0054138128746785107,0.10018078205336832,0,2
117,6,10,0.18394654241583536,0.033836330466740713,-1,-1,3,1,1,-0.049989671973928083,0.075769143965886604,0.12575881593981469,0,0
118,10,6,0.18394654241583536,0.033836330466740713,1,1,1,0,1,-0.20126675321427201,0.11978754834804219,0.32105430156231418,0,0
118,10,6,0.18394654241583536,0.033836330466740713,1,1,3,1,1,-1.0079872925795264,0.075769143965886604,1.0837564365454129,0,0
118,10,6,0.18394654241583536,0.033836330466740713,1,-1,1,0,4,-1.0052140352838199,0.008894408570603576,1.0141084438544234,0,0
118,10,6,0.18394654241583536,0.033836330466740713,1,-1,3,1,1,-1.0079872925795264,0.075769143965886604,1.0837564365454129,0,0
118,10,6,0.18394654241583536,0.033836330466740713,-1,1,1,0,1,-0.0026535375247308526,0.11978754834804219,0.12244108587277304,0,0
118,10,6,0.18394654241583536,0.033836330466740713,-1,1,3,1,1,-0.049989671973928083,0.075769143965886604,0.12575881593981469,0,0
118,10,6,0.18394654241583536,0.033836330466740713,-1,-1,1,0,0,-0.10559459492804683,-0.0054138128746785107,0.10018078205336832,0,2
118,10,6,0.18394654241583536,0.033836330466740713,-1,-1,3,1,1,-0.049989671973928083,0.075769143965886604,0.12575881593981469,0,0
119,4,11,0.18457233990170988,0.034066948656792322,1,1,1,0,1,-0.20129442739707823,0.11976810169831387,0.32106252909539212,0,0
119,4,11,0.18457233990170988,0.034066948656792322,1,1,3,1,1,-1.0080426409451388,0.07571379560027422,1.0837564365454131,0,0
119,4,11,0.18457233990170988,0.034066948656792322,1,-1,1,0,5,-1.0052509366431273,0.0088545030980612359,1.0141054397411884,0,0
119,4,11,0.18457233990170988,0.034066948656792322,1,-1,3,1,1,-1.0080426409451388,0.07571379560027422,1.0837564365454131,0,0
119,4,11,0.18457233990170988,0.034066948656792322,-1,1,1,0,1,-0.0026719869799349807,0.11976810169831387,0.12244008867824885,0,0
119,4,11,0.18457233990170988,0.034066948656792322,-1,1,3,1,1,-0.050045020339540468,0.07571379560027422,0.12575881593981469,0,0
119,4,11,0.18457233990170988,0.034066948656792322,-1,-1,1,0,0,-0.10563270717823975,-0.0054507117850867669,0.10018199539315298,0,2
119,4,11,0.18457233990170988,0.034066948656792322,-1,-1,3,1,1,-0.050045020339540468,0.07571379560027422,0.12575881593981469,0,0
120,11,4,0.18457233990170988,0.034066948656792322,1,1,1,0,1,-0.20129442739707823,0.11976810169831387,0.32106252909539212,0,0
120,11,4,0.18457233990170988,0.034066948656792322,1,1,3,1,1,-1.0080426409451388,0.07571379560027422,1.0837564365454131,0,0
120,11,4,0.18457233990170988,0.034066948656792322,1,-1,1,0,5,-1.0052509366431273,0.0088545030980612359,1.0141054397411884,0,0
120,11,4,0.18457233990170988,0.034066948656792322,1,-1,3,1,1,-1.0080426409451388,0.07571379560027422,1.0837564365454131,0,0
120,11,4,0.18457233990170988,0.034066948656792322,-1,1,1,0,1,-0.0026719869799349807,0.11976810169831387,0.12244008867824885,0,0
120,11,4,0.18457233990170988,0.034066948656792322,-1,1,3,1,1,-0.050045020339540468,0.07571379560027422,0.12575881593981469,0,0
120,11,4,0.18457233990170988,0.034066948656792322,-1,-1,1,0,0,-0.10563270717823975,-0.0054507117850867669,0.10018199539315298,0,2
120,11,4,0.18457233990170988,0.034066948656792322,-1,-1,3,1,1,-0.050045020339540468,0.07571379560027422,0.12575881593981469,0,0
121,0,12,0.18915961558968988,0.035781360170039245,1,1,1,0,1,-0.2011818646008067,0.11962357344381264,0.32080543804461936,0,0
121,0,12,0.18915961558968988,0.035781360170039245,1,1,3,1,1,-1.008454099708318,0.07530233683709496,1.0837564365454129,0,0
121,0,12,0.18915961558968988,0.035781360170039245,1,-1,1,0,4,-1.005525260687492,0.0085869443155830085,1.0141122050030751,0,0
121,0,12,0.18915961558968988,0.035781360170039245,1,-1,3,1,1,-1.008454099708318,0.07530233683709496,1.0837564365454129,0,0
121,0,12,0.18915961558968988,0.035781360170039245,-1,1,1,0,1,-0.002809139900994735,0.11962357344381264,0.12243271334480738,0,0
121,0,12,0.18915961558968988,0.035781360170039245,-1,1,3,1,1,-0.050456479102719734,0.07530233683709496,0.12575881593981469,0,0
121,0,12,0.18915961558968988,0.035781360170039245,-1,-1,1,0,0,-0.10591602511633325,-0.0057250176272062754,0.10019100748912697,0,2
121,0,12,0.18915961558968988,0.035781360170039245,-1,-1,3,1,1,-0.050456479102719734,0.07530233683709496,0.12575881593981469,0,0
122,12,0,0.18915961558968988,0.035781360170039245,1,1,1,0,1,-0.2011818646008067,0.11962357344381264,0.32080543804461936,0,0
122,12,0,0.18915961558968988,0.035781360170039245,1,1,3,1,1,-1.008454099708318,0.07530233683709496,1.0837564365454129,0,0
122,12,0,0.18915961558968988,0.035781360170039245,1,-1,1,0,4,-1.005525260687492,0.0085869443155830085,1.0141122050030751,0,0
122,12,0,0.18915961558968988,0.035781360170039245,1,-1,3,1,1,-1.008454099708318,0.07530233683709496,1.0837564365454129,0,0
122,12,0,0.18915961558968988,0.035781360170039245,-1,1,1,0,1,-0.002809139900994735,0.11962357344381264,0.12243271334480738,0,0
122,12,0,0.18915961558968988,0.035781360170039245,-1,1,3,1,1,-0.050456479102719734,0.07530233683709496,0.12575881593981469,0,0
122,12,0,0.18915961558968988,0.035781360170039245,-1,-1,1,0,0,-0.10591602511633325,-0.0057250176272062754,0.10019100748912697,0,2
122,12,0,0.18915961558968988,0.035781360170039245,-1,-1,3,1,1,-0.050456479102719734,0.07530233683709496,0.12575881593981469,0,0
123,1,12,0.18981723086886676,0.036030581134724668,1,1,1,0,1,-0.20121177111656896,0.11960256917101335,0.32081434028758232,0,0
123,1,12,0.18981723086886676,0.036030581134724668,1,1,3,1,1,-1.0085139127398426,0.075242523805570449,1.0837564365454131,0,0
123,1,12,0.18981723086886676,0.036030581134724668,1,-1,1,0,5,-1.0055651386874556,0.0085527837065372848,1.0141179223939929,0,0
123,1,12,0.18981723086886676,0.036030581134724668,1,-1,3,1,1,-1.0085139127398426,0.075242523805570449,1.0837564365454131,0,0
123,1,12,0.18981723086886676,0.036030581134724668,-1,1,1,0,1,-0.0028290775781695671,0.11960256917101335,0.12243164674918292,0,0
123,1,12,0.18981723086886676,0.036030581134724668,-1,1,3,1,1,-0.050516292134244231,0.075242523805570449,0.12575881593981469,0,0
123,1,12,0.18981723086886676,0.036030581134724668,-1,-1,1,0,0,-0.10595720939220435,-0.0057648929815559413,0.10019231641064841,0,2
123,1,12,0.18981723086886676,0.036030581134724668,-1,-1,3,1,1,-0.050516292134244231,0.075242523805570449,0.12575881593981469,0,0
124,12,1,0.18981723086886676,0.036030581134724668,1,1,1,0,1,-0.20121177111656896,0.11960256917101335,0.32081434028758232,0,0
124,12,1,0.18981723086886676,0.036030581134724668,1,1,3,1,1,-1.0085139127398426,0.075242523805570449,1.0837564365454131,0,0
124,12,1,0.18981723086886676,0.036030581134724668,1,-1,1,0,5,-1.0055651386874556,0.0085527837065372848,1.0141179223939929,0,0
124,12,1,0.18981723086886676,0.036030581134724668,1,-1,3,1,1,-1.0085139127398426,0.075242523805570449,1.0837564365454131,0,0
124,12,1,0.18981723086886676,0.036030581134724668,-1,1,1,0,1,-0.0028290775781695671,0.11960256917101335,0.12243164674918292,0,0
124,12,1,0.18981723086886676,0.036030581134724668,-1,1,3,1,1,-0.050516292134244231,0.075242523805570449,0.12575881593981469,0,0
124,12,1,0.18981723086886676,0.036030581134724668,-1,-1,1,0,0,-0.10595720939220435,-0.0057648929815559413,0.10019231641064841,0,2
124,12,1,0.18981723086886676,0.036030581134724668,-1,-1,3,1,1,-0.050516292134244231,0.075242523805570449,0.12575881593981469,0,0
125,8,9,0.18995436929002207,0.036082662412370077,1,1,1,0,1,-0.20121802086988641,0.11959817995325477,0.32081620082314116,0,0
125,8,9,0.18995436929002207,0.036082662412370077,1,1,3,1,1,-1.0085264122464774,0.075230024298935549,1.0837564365454129,0,0
125,8,9,0.18995436929002207,0.036082662412370077,1,-1,1,0,5,-1.005573472244736,0.0085465339532198349,1.0141200061979558,0,0
125,8,9,0.18995436929002207,0.036082662412370077,1,-1,3,1,1,-1.0085264122464774,0.075230024298935549,1.0837564365454129,0,0
125,8,9,0.18995436929002207,0.036082662412370077,-1,1,1,0,1,-0.0028332440803812003,0.11959817995325477,0.12243142403363597,0,0
125,8,9,0.18995436929002207,0.036082662412370077,-1,1,3,1,1,-0.050528791640879131,0.075230024298935549,0.12575881593981469,0,0
125,8,9,0.18995436929002207,0.036082662412370077,-1,-1,1,0,0,-0.10596581589334846,-0.0057732259859792079,0.10019258990736925,0,2
125,8,9,0.18995436929002207,0.036082662412370077,-1,-1,3,1,1,-0.050528791640879131,0.075230024298935549,0.12575881593981469,0,0
126,9,8,0.18995436929002207,0.036082662412370077,1,1,1,0,1,-0.20121802086988641,0.11959817995325477,0.32081620082314116,0,0
126,9,8,0.18995436929002207,0.036082662412370077,1,1,3,1,1,-1.0085264122464774,0.075230024298935549,1.0837564365454129,0,0
126,9,8,0.18995436929002207,0.036082662412370077,1,-1,1,0,5,-1.005573472244736,0.0085465339532198349,1.0141200061979558,0,0
126,9,8,0.18995436929002207,0.036082662412370077,1,-1,3,1,1,-1.0085264122464774,0.075230024298935549,1.0837564365454129,0,0
126,9,8,0.18995436929002207,0.036082662412370077,-1,1,1,0,1,-0.0028332440803812003,0.11959817995325477,0.12243142403363597,0,0
126,9,8,0.18995436929002207,0.036082662412370077,-1,1,3,1,1,-0.050528791640879131,0.075230024298935549,0.12575881593981469,0,0
126,9,8,0.18995436929002207,0.036082662412370077,-1,-1,1,0,0,-0.10596581589334846,-0.0057732259859792079,0.10019258990736925,0,2
126,9,8,0.18995436929002207,0.036082662412370077,-1,-1,3,1,1,-0.050528791640879131,0.075230024298935549,0.12575881593981469,0,0
127,5,11,0.19054677752245691,0.036308074424192691,1,1,1,0,1,-0.20124507031130512,0.11957918376940284,0.32082425408070797,0,0
127,5,11,0.19054677752245691,0.036308074424192691,1,1,3,1,1,-1.0085805111293149,0.075175925416098133,1.0837564365454131,0,0
127,5,11,0.19054677752245691,0.036308074424192691,1,-1,1,0,4,-1.0056095405593859,0.0085079124678449636,1.0141174530272308,0,0
127,5,11,0.19054677752245691,0.036308074424192691,1,-1,3,1,1,-1.0085805111293149,0.075175925416098133,1.0837564365454131,0,0
127,5,11,0.19054677752245691,0.036308074424192691,-1,1,1,0,1,-0.0028512770413270088,0.11957918376940284,0.12243046081072985,0,0
127,5,11,0.19054677752245691,0.036308074424192691,-1,1,3,1,1,-0.050582890523716562,0.075175925416098133,0.12575881593981469,0,0
127,5,11,0.19054677752245691,0.036308074424192691,-1,-1,1,0,0,-0.1060030653843986,-0.0058092919078708283,0.10019377347652778,0,2
127,5,11,0.19054677752245691,0.036308074424192691,-1,-1,3,1,1,-0.050582890523716562,0.075175925416098133,0.12575881593981469,0,0
128,11,5,0.19054677752245691,0.036308074424192691,1,1,1,0,1,-0.20124507031130512,0.11957918376940284,0.32082425408070797,0,0
128,11,5,0.19054677752245691,0.036308074424192691,1,1,3,1,1,-1.0085805111293149,0.075175925416098133,1.0837564365454131,0,0
128,11,5,0.19054677752245691,0.036308074424192691,1,-1,1,0,4,-1.0056095405593859,0.0085079124678449636,1.0141174530272308,0,0
128,11,5,0.19054677752245691,0.036308074424192691,1,-1,3,1,1,-1.0085805111293149,0.075175925416098133,1.0837564365454131,0,0
128,11,5,0.19054677752245691,0.036308074424192691,-1,1,1,0,1,-0.0028512770413270088,0.11957918376940284,0.12243046081072985,0,0
128,11,5,0.19054677752245691,0.036308074424192691,-1,1,3,1,1,-0.050582890523716562,0.075175925416098133,0.12575881593981469,0,0
128,11,5,0.19054677752245691,0.036308074424192691,-1,-1,1,0,0,-0.1060030653843986,-0.0058092919078708283,0.10019377347652778,0,2
128,11,5,0.19054677752245691,0.036308074424192691,-1,-1,3,1,1,-0.050582890523716562,0.075175925416098133,0.12575881593981469,0,0
129,2,12,0.19177638519299428,0.036778181917691714,1,1,1,0,1,-0.20130148321052499,0.1195395700235459,0.32084105323407086,0,0
129,2,12,0.19177638519299428,0.036778181917691714,1,1,3,1,1,-1.0086933369277546,0.075063099617658363,1.0837564365454131,0,0
129,2,12,0.19177638519299428,0.036778181917691714,1,-1,1,0,4,-1.0056847627482801,0.0084301467859561677,1.0141149095342363,0,0
129,2,12,0.19177638519299428,0.036778181917691714,1,-1,3,1,1,-1.0086933369277546,0.075063099617658363,1.0837564365454131,0,0
129,2,12,0.19177638519299428,0.036778181917691714,-1,1,1,0,1,-0.0028888856408069334,0.1195395700235459,0.12242845566435283,0,0
129,2,12,0.19177638519299428,0.036778181917691714,-1,1,3,1,1,-0.050695716322156324,0.075063099617658363,0.12575881593981469,0,0
129,2,12,0.19177638519299428,0.036778181917691714,-1,-1,1,0,0,-0.10608075020549075,-0.0058845091068306698,0.10019624109866009,0,2
129,2,12,0.19177638519299428,0.036778181917691714,-1,-1,3,1,1,-0.050695716322156324,0.075063099617658363,0.12575881593981469,0,0
130,12,2,0.19177638519299428,0.036778181917691714,1,1,1,0,1,-0.20130148321052499,0.1195395700235459,0.32084105323407086,0,0
130,12,2,0.19177638519299428,0.036778181917691714,1,1,3,1,1,-1.0086933369277546,0.075063099617658363,1.0837564365454131,0,0
130,12,2,0.19177638519299428,0.036778181917691714,1,-1,1,0,4,-1.0056847627482801,0.0084301467859561677,1.0141149095342363,0,0
130,12,2,0.19177638519299428,0.036778181917691714,1,-1,3,1,1,-1.0086933369277546,0.075063099617658363,1.0837564365454131,0,0
130,12,2,0.19177638519299428,0.036778181917691714,-1,1,1,0,1,-0.0028888856408069334,0.1195395700235459,0.12242845566435283,0,0
130,12,2,0.19177638519299428,0.036778181917691714,-1,1,3,1,1,-0.050695716322156324,0.075063099617658363,0.12575881593981469,0,0
130,12,2,0.19177638519299428,0.036778181917691714,-1,-1,1,0,0,-0.10608075020549075,-0.0058845091068306698,0.10019624109866009,0,2
130,12,2,0.19177638519299428,0.036778181917691714,-1,-1,3,1,1,-0.050695716322156324,0.075063099617658363,0.12575881593981469,0,0
131,7,10,0.19253714892242732,0.037070553715176952,1,1,1,0,1,-0.20133656782622322,0.11951493575093364,0.32085150357715686,0,0
131,7,10,0.19253714892242732,0.037070553715176952,1,1,3,1,1,-1.0087635061591511,0.074992930386261911,1.0837564365454131,0,0
131,7,10,0.19253714892242732,0.037070553715176952,1,-1,1,0,4,-1.0057315453390561,0.0083950621702579397,1.014126607509314,0,0
131,7,10,0.19253714892242732,0.037070553715176952,1,-1,3,1,1,-1.0087635061591511,0.074992930386261911,1.0837564365454131,0,0
131,7,10,0.19253714892242732,0.037070553715176952,-1,1,1,0,1,-0.0029122753846057502,0.11951493575093364,0.12242721113553939,0,0
131,7,10,0.19253714892242732,0.037070553715176952,-1,1,3,1,1,-0.050765885553552784,0.074992930386261911,0.12575881593981469,0,0
131,7,10,0.19253714892242732,0.037070553715176952,-1,-1,1,0,0,-0.10612906384679438,-0.0059312885944283085,0.10019777525236608,0,2
131,7,10,0.19253714892242732,0.037070553715176952,-1,-1,3,1,1,-0.050765885553552784,0.074992930386261911,0.12575881593981469,0,0
132,10,7,0.19253714892242732,0.037070553715176952,1,1,1,0,1,-0.20133656782622322,0.11951493575093364,0.32085150357715686,0,0
132,10,7,0.19253714892242732,0.037070553715176952,1,1,3,1,1,-1.0087635061591511,0.074992930386261911,1.0837564365454131,0,0
132,10,7,0.19253714892242732,0.037070553715176952,1,-1,1,0,4,-1.0057315453390561,0.0083950621702579397,1.014126607509314,0,0
132,10,7,0.19253714892242732,0.037070553715176952,1,-1,3,1,1,-1.0087635061591511,0.074992930386261911,1.0837564365454131,0,0
132,10,7,0.19253714892242732,0.037070553715176952,-1,1,1,0,1,-0.0029122753846057502,0.11951493575093364,0.12242721113553939,0,0
132,10,7,0.19253714892242732,0.037070553715176952,-1,1,3,1,1,-0.050765885553552784,0.074992930386261911,0.12575881593981469,0,0
132,10,7,0.19253714892242732,0.037070553715176952,-1,-1,1,0,0,-0.10612906384679438,-0.0059312885944283085,0.10019777525236608,0,2
132,10,7,0.19253714892242732,0.037070553715176952,-1,-1,3,1,1,-0.050765885553552784,0.074992930386261911,0.12575881593981469,0,0
133,3,12,0.1949973748570786,0.038023976201152034,1,1,1,0,1,-0.20113301120755064,0.11943461698729502,0.32056762819484563,0,0
133,3,12,0.1949973748570786,0.038023976201152034,1,1,3,1,1,-1.0089923275557851,0.074764108989627889,1.0837564365454129,0,0
133,3,12,0.1949973748570786,0.038023976201152034,1,-1,1,0,5,-1.0058841030552499,0.0082489879570897644,1.0141330910123396,0,0
133,3,12,0.1949973748570786,0.038023976201152034,1,-1,3,1,1,-1.0089923275557851,0.074764108989627889,1.0837564365454129,0,0
133,3,12,0.1949973748570786,0.038023976201152034,-1,1,1,0,1,-0.0029885491834837569,0.11943461698729502,0.12242316617077878,0,0
133,3,12,0.1949973748570786,0.038023976201152034,-1,1,3,1,1,-0.050994706950186798,0.074764108989627889,0.12575881593981469,0,0
133,3,12,0.1949973748570786,0.038023976201152034,-1,-1,1,0,0,-0.10628661152415697,-0.0060838361921843193,0.10020277533197265,0,2
133,3,12,0.1949973748570786,0.038023976201152034,-1,-1,3,1,1,-0.050994706950186798,0.074764108989627889,0.12575881593981469,0,0
134,12,3,0.1949973748570786,0.038023976201152034,1,1,1,0,1,-0.20113301120755064,0.11943461698729502,0.32056762819484563,0,0
134,12,3,0.1949973748570786,0.038023976201152034,1,1,3,1,1,-1.0089923275557851,0.074764108989627889,1.0837564365454129,0,0
134,12,3,0.1949973748570786,0.038023976201152034,1,-1,1,0,5,-1.0058841030552499,0.0082489879570897644,1.0141330910123396,0,0
134,12,3,0.1949973748570786,0.038023976201152034,1,-1,3,1,1,-1.0089923275557851,0.074764108989627889,1.0837564365454129,0,0
134,12,3,0.1949973748570786,0.038023976201152034,-1,1,1,0,1,-0.0029885491834837569,0.11943461698729502,0.12242316617077878,0,0
134,12,3,0.1949973748570786,0.038023976201152034,-1,1,3,1,1,-0.050994706950186798,0.074764108989627889,0.12575881593981469,0,0
134,12,3,0.1949973748570786,0.038023976201152034,-1,-1,1,0,0,-0.10628661152415697,-0.0060838361921843193,0.10020277533197265,0,2
134,12,3,0.1949973748570786,0.038023976201152034,-1,-1,3,1,1,-0.050994706950186798,0.074764108989627889,0.12575881593981469,0,0
135,6,11,0.19760083531596523,0.039046090117567211,1,1,1,0,1,-0.20125566487752045,0.11934853430875224,0.3206041991862727,0,0
135,6,11,0.19760083531596523,0.039046090117567211,1,1,3,1,1,-1.0092376348957248,0.074518801649688243,1.0837564365454131,0,0
135,6,11,0.19760083531596523,0.039046090117567211,1,-1,1,0,5,-1.0060476521276098,0.0080953737830526777,1.0141430259106625,0,0
135,6,11,0.19760083531596523,0.039046090117567211,1,-1,3,1,1,-1.0092376348957248,0.074518801649688243,1.0837564365454131,0,0
135,6,11,0.19760083531596523,0.039046090117567211,-1,1,1,0,1,-0.0030703182967969722,0.11934853430875224,0.12241885260554922,0,0
135,6,11,0.19760083531596523,0.039046090117567211,-1,1,3,1,1,-0.051240014290126444,0.074518801649688243,0.12575881593981469,0,0
135,6,11,0.19760083531596523,0.039046090117567211,-1,-1,1,0,0,-0.10645550534201612,-0.00624737441881075,0.10020813092320537,0,2
135,6,11,0.19760083531596523,0.039046090117567211,-1,-1,3,1,1,-0.051240014290126444,0.074518801649688243,0.12575881593981469,0,0
136,11,6,0.19760083531596523,0.039046090117567211,1,1,1,0,1,-0.20125566487752045,0.11934853430875224,0.3206041991862727,0,0
136,11,6,0.19760083531596523,0.039046090117567211,1,1,3,1,1,-1.0092376348957248,0.074518801649688243,1.0837564365454131,0,0
136,11,6,0.19760083531596523,0.039046090117567211,1,-1,1,0,5,-1.0060476521276098,0.0080953737830526777,1.0141430259106625,0,0
136,11,6,0.19760083531596523,0.039046090117567211,1,-1,3,1,1,-1.0092376348957248,0.074518801649688243,1.0837564365454131,0,0
136,11,6,0.19760083531596523,0.039046090117567211,-1,1,1,0,1,-0.0030703182967969722,0.11934853430875224,0.12241885260554922,0,0
136,11,6,0.19760083531596523,0.039046090117567211,-1,1,3,1,1,-0.051240014290126444,0.074518801649688243,0.12575881593981469,0,0
136,11,6,0.19760083531596523,0.039046090117567211,-1,-1,1,0,0,-0.10645550534201612,-0.00624737441881075,0.10020813092320537,0,2
136,11,6,0.19760083531596523,0.039046090117567211,-1,-1,3,1,1,-0.051240014290126444,0.074518801649688243,0.12575881593981469,0,0
137,4,12,0.19941828779490742,0.039767653507052518,1,1,1,0,1,-0.20134225248425869,0.11928777828229201,0.32063003076655072,0,0
137,4,12,0.19941828779490742,0.039767653507052518,1,1,3,1,1,-1.0094108101092012,0.074345626436211773,1.0837564365454129,0,0
137,4,12,0.19941828779490742,0.039767653507052518,1,-1,1,0,4,-1.0061631099254296,0.0079820757116095889,1.0141451856370391,0,0
137,4,12,0.19941828779490742,0.039767653507052518,1,-1,3,1,1,-1.0094108101092012,0.074345626436211773,1.0837564365454129,0,0
137,4,12,0.19941828779490742,0.039767653507052518,-1,1,1,0,1,-0.0031280433679557957,0.11928777828229201,0.12241582165024781,0,0
137,4,12,0.19941828779490742,0.039767653507052518,-1,1,3,1,1,-0.051413189503602914,0.074345626436211773,0.12575881593981469,0,0
137,4,12,0.19941828779490742,0.039767653507052518,-1,-1,1,0,0,-0.10657473333122594,-0.0063628245611284003,0.10021190877009754,0,2
137,4,12,0.19941828779490742,0.039767653507052518,-1,-1,3,1,1,-0.051413189503602914,0.074345626436211773,0.12575881593981469,0,0
138,12,4,0.19941828779490742,0.039767653507052518,1,1,1,0,1,-0.20134225248425869,0.11928777828229201,0.32063003076655072,0,0
138,12,4,0.19941828779490742,0.039767653507052518,1,1,3,1,1,-1.0094108101092012,0.074345626436211773,1.0837564365454129,0,0
138,12,4,0.19941828779490742,0.039767653507052518,1,-1,1,0,4,-1.0061631099254296,0.0079820757116095889,1.0141451856370391,0,0
138,12,4,0.19941828779490742,0.039767653507052518,1,-1,3,1,1,-1.0094108101092012,0.074345626436211773,1.0837564365454129,0,0
138,12,4,0.19941828779490742,0.039767653507052518,-1,1,1,0,1,-0.0031280433679557957,0.11928777828229201,0.12241582165024781,0,0
138,12,4,0.19941828779490742,0.039767653507052518,-1,1,3,1,1,-0.051413189503602914,0.074345626436211773,0.12575881593981469,0,0
138,12,4,0.19941828779490742,0.039767653507052518,-1,-1,1,0,0,-0.10657473333122594,-0.0063628245611284003,0.10021190877009754,0,2
138,12,4,0.19941828779490742,0.039767653507052518,-1,-1,3,1,1,-0.051413189503602914,0.074345626436211773,0.12575881593981469,0,0
139,9,9,0.20076543327418536,0.04030675919777138,1,1,1,0,1,-0.20140694516714497,0.11924239296669642,0.32064933813384139,0,0
139,9,9,0.20076543327418536,0.04030675919777138,1,1,3,1,1,-1.0095401954749736,0.07421624107043924,1.0837564365454129,0,0
139,9,9,0.20076543327418536,0.04030675919777138,1,-1,1,0,5,-1.0062493725550676,0.0079023194789133513,1.014151692033981,0,0
139,9,9,0.20076543327418536,0.04030675919777138,1,-1,3,1,1,-1.0095401954749736,0.07421624107043924,1.0837564365454129,0,0
139,9,9,0.20076543327418536,0.04030675919777138,-1,1,1,0,1,-0.0031711718232133044,0.11924239296669642,0.12241356478990972,0,0
139,9,9,0.20076543327418536,0.04030675919777138,-1,1,3,1,1,-0.05154257486937544,0.07421624107043924,0.12575881593981469,0,0
139,9,9,0.20076543327418536,0.04030675919777138,-1,-1,1,0,0,-0.10666381121728664,-0.0064490814716434176,0.10021472974564323,0,2
139,9,9,0.20076543327418536,0.04030675919777138,-1,-1,3,1,1,-0.05154257486937544,0.07421624107043924,0.12575881593981469,0,0
140,8,10,0.20199054057662438,0.040800178482436937,1,1,1,0,1,-0.2011485123447278,0.11920085957110348,0.32034937191583129,0,0
140,8,10,0.20199054057662438,0.040800178482436937,1,1,3,1,1,-1.0096586161032934,0.074097820442119516,1.0837564365454129,0,0
140,8,10,0.20199054057662438,0.040800178482436937,1,-1,1,0,4,-1.0063283248746402,0.0078247499200705083,1.0141530747947107,0,0
140,8,10,0.20199054057662438,0.040800178482436937,1,-1,3,1,1,-1.0096586161032934,0.074097820442119516,1.0837564365454129,0,0
140,8,10,0.20199054057662438,0.040800178482436937,-1,1,1,0,1,-0.0032106453659865508,0.11920085957110348,0.12241150493709002,0,0
140,8,10,0.20199054057662438,0.040800178482436937,-1,1,3,1,1,-0.051660995497695178,0.074097820442119516,0.12575881593981469,0,0
140,8,10,0.20199054057662438,0.040800178482436937,-1,-1,1,0,0,-0.10674533902570216,-0.0065280285571899035,0.10021731046851226,0,2
140,8,10,0.20199054057662438,0.040800178482436937,-1,-1,3,1,1,-0.051660995497695178,0.074097820442119516,0.12575881593981469,0,0
141,10,8,0.20199054057662438,0.040800178482436937,1,1,1,0,1,-0.2011485123447278,0.11920085957110348,0.32034937191583129,0,0
141,10,8,0.20199054057662438,0.040800178482436937,1,1,3,1,1,-1.0096586161032934,0.074097820442119516,1.0837564365454129,0,0
141,10,8,0.20199054057662438,0.040800178482436937,1,-1,1,0,4,-1.0063283248746402,0.0078247499200705083,1.0141530747947107,0,0
141,10,8,0.20199054057662438,0.040800178482436937,1,-1,3,1,1,-1.0096586161032934,0.074097820442119516,1.0837564365454129,0,0
141,10,8,0.20199054057662438,0.040800178482436937,-1,1,1,0,1,-0.0032106453659865508,0.11920085957110348,0.12241150493709002,0,0
141,10,8,0.20199054057662438,0.040800178482436937,-1,1,3,1,1,-0.051660995497695178,0.074097820442119516,0.12575881593981469,0,0
141,10,8,0.20199054057662438,0.040800178482436937,-1,-1,1,0,0,-0.10674533902570216,-0.0065280285571899035,0.10021731046851226,0,2
141,10,8,0.20199054057662438,0.040800178482436937,-1,-1,3,1,1,-0.051660995497695178,0.074097820442119516,0.12575881593981469,0,0
142,0,13,0.20486968903322658,0.041971589484570963,1,1,1,0,1,-0.20128908166498388,0.11910227845999904,0.32039136012498293,0,0
142,0,13,0.20486968903322658,0.041971589484570963,1,1,3,1,1,-1.0099397547438056,0.073816681801607345,1.0837564365454129,0,0
142,0,13,0.20486968903322658,0.041971589484570963,1,-1,1,0,4,-1.0065157630592658,0.0076412411446445359,1.0141570042039103,0,0
142,0,13,0.20486968903322658,0.041971589484570963,1,-1,3,1,1,-1.0099397547438056,0.073816681801607345,1.0837564365454129,0,0
142,0,13,0.20486968903322658,0.041971589484570963,-1,1,1,0,1,-0.0033043582461572719,0.11910227845999904,0.12240663670615631,0,0
142,0,13,0.20486968903322658,0.041971589484570963,-1,1,3,1,1,-0.051942134138207342,0.073816681801607345,0.12575881593981469,0,0
142,0,13,0.20486968903322658,0.041971589484570963,-1,-1,1,0,0,-0.10693888704881974,-0.0067154543175313511,0.10022343273128839,0,2
142,0,13,0.20486968903322658,0.041971589484570963,-1,-1,3,1,1,-0.051942134138207342,0.073816681801607345,0.12575881593981469,0,0
143,13,0,0.20486968903322658,0.041971589484570963,1,1,1,0,1,-0.20128908166498388,0.11910227845999904,0.32039136012498293,0,0
143,13,0,0.20486968903322658,0.041971589484570963,1,1,3,1,1,-1.0099397547438056,0.073816681801607345,1.0837564365454129,0,0
143,13,0,0.20486968903322658,0.041971589484570963,1,-1,1,0,4,-1.0065157630592658,0.0076412411446445359,1.0141570042039103,0,0
143,13,0,0.20486968903322658,0.041971589484570963,1,-1,3,1,1,-1.0099397547438056,0.073816681801607345,1.0837564365454129,0,0
143,13,0,0.20486968903322658,0.041971589484570963,-1,1,1,0,1,-0.0033043582461572719,0.11910227845999904,0.12240663670615631,0,0
143,13,0,0.20486968903322658,0.041971589484570963,-1,1,3,1,1,-0.051942134138207342,0.073816681801607345,0.12575881593981469,0,0
143,13,0,0.20486968903322658,0.041971589484570963,-1,-1,1,0,0,-0.10693888704881974,-0.0067154543175313511,0.10022343273128839,0,2
143,13,0,0.20486968903322658,0.041971589484570963,-1,-1,3,1,1,-0.051942134138207342,0.073816681801607345,0.12575881593981469,0,0
144,5,12,0.20496043343643885,0.042008779274452887,1,1,1,0,1,-0.20129354443976971,0.11909914922774459,0.32039269366751433,0,0
144,5,12,0.20496043343643885,0.042008779274452887,1,1,3,1,1,-1.0099486802933773,0.073807756252035686,1.0837564365454129,0,0
144,5,12,0.20496043343643885,0.042008779274452887,1,-1,1,0,4,-1.0065217138200531,0.0076367783698587047,1.0141584921899118,0,0
144,5,12,0.20496043343643885,0.042008779274452887,1,-1,3,1,1,-1.0099486802933773,0.073807756252035686,1.0837564365454129,0,0
144,5,12,0.20496043343643885,0.042008779274452887,-1,1,1,0,1,-0.0033073334293478255,0.11909914922774459,0.12240648265709242,0,0
144,5,12,0.20496043343643885,0.042008779274452887,-1,1,3,1,1,-0.051951059687779008,0.073807756252035686,0.12575881593981469,0,0
144,5,12,0.20496043343643885,0.042008779274452887,-1,-1,1,0,0,-0.10694503167916553,-0.0067214046839124582,0.10022362699525307,0,2
144,5,12,0.20496043343643885,0.042008779274452887,-1,-1,3,1,1,-0.051951059687779008,0.073807756252035686,0.12575881593981469,0,0
145,12,5,0.20496043343643885,0.042008779274452887,1,1,1,0,1,-0.20129354443976971,0.11909914922774459,0.32039269366751433,0,0
145,12,5,0.20496043343643885,0.042008779274452887,1,1,3,1,1,-1.0099486802933773,0.073807756252035686,1.0837564365454129,0,0
145,12,5,0.20496043343643885,0.042008779274452887,1,-1,1,0,4,-1.0065217138200531,0.0076367783698587047,1.0141584921899118,0,0
145,12,5,0.20496043343643885,0.042008779274452887,1,-1,3,1,1,-1.0099486802933773,0.073807756252035686,1.0837564365454129,0,0
145,12,5,0.20496043343643885,0.042008779274452887,-1,1,1,0,1,-0.0033073334293478255,0.11909914922774459,0.12240648265709242,0,0
145,12,5,0.20496043343643885,0.042008779274452887,-1,1,3,1,1,-0.051951059687779008,0.073807756252035686,0.12575881593981469,0,0
145,12,5,0.20496043343643885,0.042008779274452887,-1,-1,1,0,0,-0.10694503167916553,-0.0067214046839124582,0.10022362699525307,0,2
145,12,5,0.20496043343643885,0.042008779274452887,-1,-1,3,1,1,-0.051951059687779008,0.073807756252035686,0.12575881593981469,0,0
146,1,13,0.20547703143966331,0.042220810449256387,1,1,1,0,1,-0.20131898818074612,0.11908130904524226,0.3204002972259884,0,0
146,1,13,0.20547703143966331,0.042220810449256387,1,1,3,1,1,-1.0099995677753302,0.073756868770082848,1.0837564365454131,0,0
146,1,13,0.20547703143966331,0.042220810449256387,1,-1,1,0,4,-1.0065556410566172,0.0076088307942539972,1.0141644718508711,0,0
146,1,13,0.20547703143966331,0.042220810449256387,1,-1,3,1,1,-1.0099995677753302,0.073756868770082848,1.0837564365454131,0,0
146,1,13,0.20547703143966331,0.042220810449256387,-1,1,1,0,1,-0.0033242959233321049,0.11908130904524226,0.12240560496857437,0,0
146,1,13,0.20547703143966331,0.042220810449256387,-1,1,3,1,1,-0.052001947169731846,0.073756868770082848,0.12575881593981469,0,0
146,1,13,0.20547703143966331,0.042220810449256387,-1,-1,1,0,0,-0.10698006410655231,-0.006755329671881017,0.10022473443467129,0,2
146,1,13,0.20547703143966331,0.042220810449256387,-1,-1,3,1,1,-0.052001947169731846,0.073756868770082848,0.12575881593981469,0,0
147,13,1,0.20547703143966331,0.042220810449256387,1,1,1,0,1,-0.20131898818074612,0.11908130904524226,0.3204002972259884,0,0
147,13,1,0.20547703143966331,0.042220810449256387,1,1,3,1,1,-1.0099995677753302,0.073756868770082848,1.0837564365454131,0,0
147,13,1,0.20547703143966331,0.042220810449256387,1,-1,1,0,4,-1.0065556410566172,0.0076088307942539972,1.0141644718508711,0,0
147,13,1,0.20547703143966331,0.042220810449256387,1,-1,3,1,1,-1.0099995677753302,0.073756868770082848,1.0837564365454131,0,0
147,13,1,0.20547703143966331,0.042220810449256387,-1,1,1,0,1,-0.0033242959233321049,0.11908130904524226,0.12240560496857437,0,0
147,13,1,0.20547703143966331,0.042220810449256387,-1,1,3,1,1,-0.052001947169731846,0.073756868770082848,0.12575881593981469,0,0
147,13,1,0.20547703143966331,0.042220810449256387,-1,-1,1,0,0,-0.10698006410655231,-0.006755329671881017,0.10022473443467129,0,2
147,13,1,0.20547703143966331,0.042220810449256387,-1,-1,3,1,1,-0.052001947169731846,0.073756868770082848,0.12575881593981469,0,0
148,7,11,0.20562177259717282,0.04228031336600345,1,1,1,0,1,-0.20132612853075577,0.11907630268577017,0.32040243121652595,0,0
148,7,11,0.20562177259717282,0.04228031336600345,1,1,3,1,1,-1.0100138484753494,0.07374258807006355,1.0837564365454129,0,0
148,7,11,0.20562177259717282,0.04228031336600345,1,-1,1,0,4,-1.0065651621543126,0.00760169044424435,1.014166852598557,0,0
148,7,11,0.20562177259717282,0.04228031336600345,1,-1,3,1,1,-1.0100138484753494,0.07374258807006355,1.0837564365454129,0,0
148,7,11,0.20562177259717282,0.04228031336600345,-1,1,1,0,1,-0.0033290561566718712,0.11907630268577017,0.12240535884244204,0,0
148,7,11,0.20562177259717282,0.04228031336600345,-1,1,3,1,1,-0.052016227869751137,0.07374258807006355,0.12575881593981469,0,0
148,7,11,0.20562177259717282,0.04228031336600345,-1,-1,1,0,0,-0.10698989531950437,-0.0067648501385605478,0.10022504518094383,0,2
148,7,11,0.20562177259717282,0.04228031336600345,-1,-1,3,1,1,-0.052016227869751137,0.07374258807006355,0.12575881593981469,0,0
149,11,7,0.20562177259717282,0.04228031336600345,1,1,1,0,1,-0.20132612853075577,0.11907630268577017,0.32040243121652595,0,0
149,11,7,0.20562177259717282,0.04228031336600345,1,1,3,1,1,-1.0100138484753494,0.07374258807006355,1.0837564365454129,0,0
149,11,7,0.20562177259717282,0.04228031336600345,1,-1,1,0,4,-1.0065651621543126,0.00760169044424435,1.014166852598557,0,0
149,11,7,0.20562177259717282,0.04228031336600345,1,-1,3,1,1,-1.0100138484753494,0.07374258807006355,1.0837564365454129,0,0
149,11,7,0.20562177259717282,0.04228031336600345,-1,1,1,0,1,-0.0033290561566718712,0.11907630268577017,0.12240535884244204,0,0
149,11,7,0.20562177259717282,0.04228031336600345,-1,1,3,1,1,-0.052016227869751137,0.07374258807006355,0.12575881593981469,0,0
149,11,7,0.20562177259717282,0.04228031336600345,-1,-1,1,0,0,-0.10698989531950437,-0.0067648501385605478,0.10022504518094383,0,2
149,11,7,0.20562177259717282,0.04228031336600345,-1,-1,3,1,1,-0.052016227869751137,0.07374258807006355,0.12575881593981469,0,0
150,2,13,0.2072882322569794,0.042968411232223433,1,1,1,0,1,-0.20140870027470217,0.11901841442543173,0.32042711470013391,0,0
150,2,13,0.2072882322569794,0.042968411232223433,1,1,3,1,1,-1.0101789919632422,0.073577444582170748,1.0837564365454129,0,0
150,2,13,0.2072882322569794,0.042968411232223433,1,-1,1,0,4,-1.0066752651096076,0.0074867717773337665,1.0141620368869413,0,0
150,2,13,0.2072882322569794,0.042968411232223433,1,-1,3,1,1,-1.0101789919632422,0.073577444582170748,1.0837564365454129,0,0
150,2,13,0.2072882322569794,0.042968411232223433,-1,1,1,0,1,-0.0033841039859694687,0.11901841442543173,0.12240251841140121,0,0
150,2,13,0.2072882322569794,0.042968411232223433,-1,1,3,1,1,-0.052181371357643933,0.073577444582170748,0.12575881593981469,0,0
150,2,13,0.2072882322569794,0.042968411232223433,-1,-1,1,0,0,-0.10710358328256266,-0.0068749457971557446,0.10022863748540692,0,2
150,2,13,0.2072882322569794,0.042968411232223433,-1,-1,3,1,1,-0.052181371357643933,0.073577444582170748,0.12575881593981469,0,0
151,13,2,0.2072882322569794,0.042968411232223433,1,1,1,0,1,-0.20140870027470217,0.11901841442543173,0.32042711470013391,0,0
151,13,2,0.2072882322569794,0.042968411232223433,1,1,3,1,1,-1.0101789919632422,0.073577444582170748,1.0837564365454129,0,0
151,13,2,0.2072882322569794,0.042968411232223433,1,-1,1,0,4,-1.0066752651096076,0.0074867717773337665,1.0141620368869413,0,0
151,13,2,0.2072882322569794,0.042968411232223433,1,-1,3,1,1,-1.0101789919632422,0.073577444582170748,1.0837564365454129,0,0
151,13,2,0.2072882322569794,0.042968411232223433,-1,1,1,0,1,-0.0033841039859694687,0.11901841442543173,0.12240251841140121,0,0
151,13,2,0.2072882322569794,0.042968411232223433,-1,1,3,1,1,-0.052181371357643933,0.073577444582170748,0.12575881593981469,0,0
151,13,2,0.2072882322569794,0.042968411232223433,-1,-1,1,0,0,-0.10710358328256266,-0.0068749457971557446,0.10022863748540692,0,2
151,13,2,0.2072882322569794,0.042968411232223433,-1,-1,3,1,1,-0.052181371357643933,0.073577444582170748,0.12575881593981469,0,0
152,3,13,0.21027174207601876,0.044214205515683752,1,1,1,0,1,-0.20124087595304382,0.1189136354468211,0.32015451139986495,0,0
152,3,13,0.21027174207601876,0.044214205515683752,1,1,3,1,1,-1.0104779825912726,0.073278453954140274,1.0837564365454129,0,0
152,3,13,0.21027174207601876,0.044214205515683752,1,-1,1,0,3,-1.0068746054035258,0.0073064862681596508,1.0141810916716854,0,0
152,3,13,0.21027174207601876,0.044214205515683752,1,-1,3,1,1,-1.0104779825912726,0.073278453954140274,1.0837564365454129,0,0
152,3,13,0.21027174207601876,0.044214205515683752,-1,1,1,0,1,-0.0034837675286462965,0.1189136354468211,0.12239740297546739,0,0
152,3,13,0.21027174207601876,0.044214205515683752,-1,1,3,1,1,-0.052480361985674413,0.073278453954140274,0.12575881593981469,0,0
152,3,13,0.21027174207601876,0.044214205515683752,-1,-1,1,0,0,-0.10730940859613779,-0.0070742728825093967,0.1002351357136284,0,2
152,3,13,0.21027174207601876,0.044214205515683752,-1,-1,3,1,1,-0.052480361985674413,0.073278453954140274,0.12575881593981469,0,0
153,13,3,0.21027174207601876,0.044214205515683752,1,1,1,0,1,-0.20124087595304382,0.1189136354468211,0.32015451139986495,0,0
153,13,3,0.21027174207601876,0.044214205515683752,1,1,3,1,1,-1.0104779825912726,0.073278453954140274,1.0837564365454129,0,0
153,13,3,0.21027174207601876,0.044214205515683752,1,-1,1,0,3,-1.0068746054035258,0.0073064862681596508,1.0141810916716854,0,0
153,13,3,0.21027174207601876,0.044214205515683752,1,-1,3,1,1,-1.0104779825912726,0.073278453954140274,1.0837564365454129,0,0
153,13,3,0.21027174207601876,0.044214205515683752,-1,1,1,0,1,-0.0034837675286462965,0.1189136354468211,0.12239740297546739,0,0
153,13,3,0.21027174207601876,0.044214205515683752,-1,1,3,1,1,-0.052480361985674413,0.073278453954140274,0.12575881593981469,0,0
153,13,3,0.21027174207601876,0.044214205515683752,-1,-1,1,0,0,-0.10730940859613779,-0.0070742728825093967,0.1002351357136284,0,2
153,13,3,0.21027174207601876,0.044214205515683752,-1,-1,3,1,1,-0.052480361985674413,0.073278453954140274,0.12575881593981469,0,0
154,6,12,0.21153438247204023,0.044746794967827408,1,1,1,0,1,-0.20130478668730106,0.11886885205247666,0.32017363873977772,0,0
154,6,12,0.21153438247204023,0.044746794967827408,1,1,3,1,1,-1.0106058040597872,0.073150632485625797,1.0837564365454129,0,0
154,6,12,0.21153438247204023,0.044746794967827408,1,-1,1,0,5,-1.0069598253618608,0.0072150364061136655,1.0141748617679744,0,0
154,6,12,0.21153438247204023,0.044746794967827408,1,-1,3,1,1,-1.0106058040597872,0.073150632485625797,1.0837564365454129,0,0
154,6,12,0.21153438247204023,0.044746794967827408,-1,1,1,0,1,-0.0035263746848177881,0.11886885205247666,0.12239522673729444,0,0
154,6,12,0.21153438247204023,0.044746794967827408,-1,1,3,1,1,-0.052608183454188891,0.073150632485625797,0.12575881593981469,0,0
154,6,12,0.21153438247204023,0.044746794967827408,-1,-1,1,0,0,-0.10739739876556019,-0.0071594871948523816,0.10023791157070781,0,2
154,6,12,0.21153438247204023,0.044746794967827408,-1,-1,3,1,1,-0.052608183454188891,0.073150632485625797,0.12575881593981469,0,0
155,12,6,0.21153438247204023,0.044746794967827408,1,1,1,0,1,-0.20130478668730106,0.11886885205247666,0.32017363873977772,0,0
155,12,6,0.21153438247204023,0.044746794967827408,1,1,3,1,1,-1.0106058040597872,0.073150632485625797,1.0837564365454129,0,0
155,12,6,0.21153438247204023,0.044746794967827408,1,-1,1,0,5,-1.0069598253618608,0.0072150364061136655,1.0141748617679744,0,0
155,12,6,0.21153438247204023,0.044746794967827408,1,-1,3,1,1,-1.0106058040597872,0.073150632485625797,1.0837564365454129,0,0
155,12,6,0.21153438247204023,0.044746794967827408,-1,1,1,0,1,-0.0035263746848177881,0.11886885205247666,0.12239522673729444,0,0
155,12,6,0.21153438247204023,0.044746794967827408,-1,1,3,1,1,-0.052608183454188891,0.073150632485625797,0.12575881593981469,0,0
155,12,6,0.21153438247204023,0.044746794967827408,-1,-1,1,0,0,-0.10739739876556019,-0.0071594871948523816,0.10023791157070781,0,2
155,12,6,0.21153438247204023,0.044746794967827408,-1,-1,3,1,1,-0.052608183454188891,0.073150632485625797,0.12575881593981469,0,0
156,9,10,0.21218924399657546,0.04502427526783824,1,1,1,0,1,-0.20133808432330236,0.11884552233244455,0.32018360665574691,0,0
156,9,10,0.21218924399657546,0.04502427526783824,1,1,3,1,1,-1.0106723993317899,0.073084037213623193,1.0837564365454131,0,0
156,9,10,0.21218924399657546,0.04502427526783824,1,-1,1,0,4,-1.007004225151247,0.0071791060635740195,1.014183331214821,0,0
156,9,10,0.21218924399657546,0.04502427526783824,1,-1,3,1,1,-1.0106723993317899,0.073084037213623193,1.0837564365454131,0,0
156,9,10,0.21218924399657546,0.04502427526783824,-1,1,1,0,1,-0.0035485731088186539,0.11884552233244455,0.1223940954412632,0,0
156,9,10,0.21218924399657546,0.04502427526783824,-1,1,3,1,1,-0.052674778726191487,0.073084037213623193,0.12575881593981469,0,0
156,9,10,0.21218924399657546,0.04502427526783824,-1,-1,1,0,0,-0.10744324131969729,-0.0072038840428541133,0.10023935727684317,0,2
156,9,10,0.21218924399657546,0.04502427526783824,-1,-1,3,1,1,-0.052674778726191487,0.073084037213623193,0.12575881593981469,0,0
157,10,9,0.21218924399657546,0.04502427526783824,1,1,1,0,1,-0.20133808432330236,0.11884552233244455,0.32018360665574691,0,0
157,10,9,0.21218924399657546,0.04502427526783824,1,1,3,1,1,-1.0106723993317899,0.073084037213623193,1.0837564365454131,0,0
157,10,9,0.21218924399657546,0.04502427526783824,1,-1,1,0,4,-1.007004225151247,0.0071791060635740195,1.014183331214821,0,0
157,10,9,0.21218924399657546,0.04502427526783824,1,-1,3,1,1,-1.0106723993317899,0.073084037213623193,1.0837564365454131,0,0
157,10,9,0.21218924399657546,0.04502427526783824,-1,1,1,0,1,-0.0035485731088186539,0.11884552233244455,0.1223940954412632,0,0
157,10,9,0.21218924399657546,0.04502427526783824,-1,1,3,1,1,-0.052674778726191487,0.073084037213623193,0.12575881593981469,0,0
157,10,9,0.21218924399657546,0.04502427526783824,-1,-1,1,0,0,-0.10744324131969729,-0.0072038840428541133,0.10023935727684317,0,2
157,10,9,0.21218924399657546,0.04502427526783824,-1,-1,3,1,1,-0.052674778726191487,0.073084037213623193,0.12575881593981469,0,0
158,4,13,0.21437789723193068,0.045957882821584237,1,1,1,0,1,-0.2014501172297519,0.11876704009599602,0.3202171573257479,0,0
158,4,13,0.21437789723193068,0.045957882821584237,1,1,3,1,1,-1.0108964651446888,0.072859971400724158,1.0837564365454129,0,0
158,4,13,0.21437789723193068,0.045957882821584237,1,-1,1,0,5,-1.0071536122554443,0.0070375135755977895,1.0141911258310421,0,0
158,4,13,0.21437789723193068,0.045957882821584237,1,-1,3,1,1,-1.0108964651446888,0.072859971400724158,1.0837564365454129,0,0
158,4,13,0.21437789723193068,0.045957882821584237,-1,1,1,0,1,-0.0036232617131183352,0.11876704009599602,0.12239030180911435,0,0
158,4,13,0.21437789723193068,0.045957882821584237,-1,1,3,1,1,-0.05289884453909053,0.072859971400724158,0.12575881593981469,0,0
158,4,13,0.21437789723193068,0.045957882821584237,-1,-1,1,0,0,-0.10759748011551953,-0.0073532612514534742,0.10024421886406606,0,2
158,4,13,0.21437789723193068,0.045957882821584237,-1,-1,3,1,1,-0.05289884453909053,0.072859971400724158,0.12575881593981469,0,0
159,13,4,0.21437789723193068,0.045957882821584237,1,1,1,0,1,-0.2014501172297519,0.11876704009599602,0.3202171573257479,0,0
159,13,4,0.21437789723193068,0.045957882821584237,1,1,3,1,1,-1.0108964651446888,0.072859971400724158,1.0837564365454129,0,0
159,13,4,0.21437789723193068,0.045957882821584237,1,-1,1,0,5,-1.0071536122554443,0.0070375135755977895,1.0141911258310421,0,0
159,13,4,0.21437789723193068,0.045957882821584237,1,-1,3,1,1,-1.0108964651446888,0.072859971400724158,1.0837564365454129,0,0
159,13,4,0.21437789723193068,0.045957882821584237,-1,1,1,0,1,-0.0036232617131183352,0.11876704009599602,0.12239030180911435,0,0
159,13,4,0.21437789723193068,0.045957882821584237,-1,1,3,1,1,-0.05289884453909053,0.072859971400724158,0.12575881593981469,0,0
159,13,4,0.21437789723193068,0.045957882821584237,-1,-1,1,0,0,-0.10759748011551953,-0.0073532612514534742,0.10024421886406606,0,2
159,13,4,0.21437789723193068,0.045957882821584237,-1,-1,3,1,1,-0.05289884453909053,0.072859971400724158,0.12575881593981469,0,0
160,8,11,0.21449927303667823,0.046009938133263435,1,1,1,0,1,-0.2011510167211521,0.11876266472572292,0.31991368144687504,0,0
160,8,11,0.21449927303667823,0.046009938133263435,1,1,3,1,1,-1.0109089584194919,0.072847478125921156,1.0837564365454131,0,0
160,8,11,0.21449927303667823,0.046009938133263435,1,-1,1,0,5,-1.0071619416570203,0.007031266938196285,1.0141932085952166,0,0
160,8,11,0.21449927303667823,0.046009938133263435,1,-1,3,1,1,-1.0109089584194919,0.072847478125921156,1.0837564365454131,0,0
160,8,11,0.21449927303667823,0.046009938133263435,-1,1,1,0,1,-0.00362742613805267,0.11876266472572292,0.12239009086377559,0,0
160,8,11,0.21449927303667823,0.046009938133263435,-1,1,3,1,1,-0.052911337813893539,0.072847478125921156,0.12575881593981469,0,0
160,8,11,0.21449927303667823,0.046009938133263435,-1,-1,1,0,0,-0.10760607991481415,-0.0073615901013221463,0.100244489813492,0,2
160,8,11,0.21449927303667823,0.046009938133263435,-1,-1,3,1,1,-0.052911337813893539,0.072847478125921156,0.12575881593981469,0,0
161,11,8,0.21449927303667823,0.046009938133263435,1,1,1,0,1,-0.2011510167211521,0.11876266472572292,0.31991368144687504,0,0
161,11,8,0.21449927303667823,0.046009938133263435,1,1,3,1,1,-1.0109089584194919,0.072847478125921156,1.0837564365454131,0,0
161,11,8,0.21449927303667823,0.046009938133263435,1,-1,1,0,5,-1.0071619416570203,0.007031266938196285,1.0141932085952166,0,0
161,11,8,0.21449927303667823,0.046009938133263435,1,-1,3,1,1,-1.0109089584194919,0.072847478125921156,1.0837564365454131,0,0
161,11,8,0.21449927303667823,0.046009938133263435,-1,1,1,0,1,-0.00362742613805267,0.11876266472572292,0.12239009086377559,0,0
161,11,8,0.21449927303667823,0.046009938133263435,-1,1,3,1,1,-0.052911337813893539,0.072847478125921156,0.12575881593981469,0,0
161,11,8,0.21449927303667823,0.046009938133263435,-1,-1,1,0,0,-0.10760607991481415,-0.0073615901013221463,0.100244489813492,0,2
161,11,8,0.21449927303667823,0.046009938133263435,-1,-1,3,1,1,-0.052911337813893539,0.072847478125921156,0.12575881593981469,0,0
162,7,12,0.21904569892208256,0.047981018216263646,1,1,1,0,1,-0.20137589666378014,0.11859703565019832,0.31997293231397844,0,0
162,7,12,0.21904569892208256,0.047981018216263646,1,1,3,1,1,-1.0113820176394119,0.072374418906001103,1.0837564365454131,0,0
162,7,12,0.21904569892208256,0.047981018216263646,1,-1,1,0,4,-1.0074773353573823,0.0067233542762535486,1.0142006896336357,0,0
162,7,12,0.21904569892208256,0.047981018216263646,1,-1,3,1,1,-1.0113820176394119,0.072374418906001103,1.0837564365454131,0,0
162,7,12,0.21904569892208256,0.047981018216263646,-1,1,1,0,1,-0.003785112544692687,0.11859703565019832,0.122382148194891,0,0
162,7,12,0.21904569892208256,0.047981018216263646,-1,1,3,1,1,-0.053384397033813591,0.072374418906001103,0.12575881593981469,0,0
162,7,12,0.21904569892208256,0.047981018216263646,-1,-1,1,0,0,-0.1079317030296047,-0.0076769629146021812,0.10025474011500252,0,2
162,7,12,0.21904569892208256,0.047981018216263646,-1,-1,3,1,1,-0.053384397033813591,0.072374418906001103,0.12575881593981469,0,0
163,12,7,0.21904569892208256,0.047981018216263646,1,1,1,0,1,-0.20137589666378014,0.11859703565019832,0.31997293231397844,0,0
163,12,7,0.21904569892208256,0.047981018216263646,1,1,3,1,1,-1.0113820176394119,0.072374418906001103,1.0837564365454131,0,0
163,12,7,0.21904569892208256,0.047981018216263646,1,-1,1,0,4,-1.0074773353573823,0.0067233542762535486,1.0142006896336357,0,0
163,12,7,0.21904569892208256,0.047981018216263646,1,-1,3,1,1,-1.0113820176394119,0.072374418906001103,1.0837564365454131,0,0
163,12,7,0.21904569892208256,0.047981018216263646,-1,1,1,0,1,-0.003785112544692687,0.11859703565019832,0.122382148194891,0,0
163,12,7,0.21904569892208256,0.047981018216263646,-1,1,3,1,1,-0.053384397033813591,0.072374418906001103,0.12575881593981469,0,0
163,12,7,0.21904569892208256,0.047981018216263646,-1,-1,1,0,0,-0.1079317030296047,-0.0076769629146021812,0.10025474011500252,0,2
163,12,7,0.21904569892208256,0.047981018216263646,-1,-1,3,1,1,-0.053384397033813591,0.072374418906001103,0.12575881593981469,0,0
164,5,13,0.21954272611267403,0.048199008588984606,1,1,1,0,1,-0.20140205550850665,0.11857872336382383,0.31998077887233045,0,0
164,5,13,0.21954272611267403,0.048199008588984606,1,1,3,1,1,-1.0114343353288648,0.072322101216548071,1.0837564365454129,0,0
164,5,13,0.21954272611267403,0.048199008588984606,1,-1,1,0,5,-1.0075122161266081,0.0066959406402089579,1.0142081567668171,0,0
164,5,13,0.21954272611267403,0.048199008588984606,1,-1,3,1,1,-1.0114343353288648,0.072322101216548071,1.0837564365454129,0,0
164,5,13,0.21954272611267403,0.048199008588984606,-1,1,1,0,1,-0.0038025517745103629,0.11857872336382383,0.12238127513833419,0,0
164,5,13,0.21954272611267403,0.048199008588984606,-1,1,3,1,1,-0.053436714723266616,0.072322101216548071,0.12575881593981469,0,0
164,5,13,0.21954272611267403,0.048199008588984606,-1,-1,1,0,0,-0.1079677140118166,-0.0077118413742375339,0.10025587263757907,0,2
164,5,13,0.21954272611267403,0.048199008588984606,-1,-1,3,1,1,-0.053436714723266616,0.072322101216548071,0.12575881593981469,0,0
165,13,5,0.21954272611267403,0.048199008588984606,1,1,1,0,1,-0.20140205550850665,0.11857872336382383,0.31998077887233045,0,0
165,13,5,0.21954272611267403,0.048199008588984606,1,1,3,1,1,-1.0114343353288648,0.072322101216548071,1.0837564365454129,0,0
165,13,5,0.21954272611267403,0.048199008588984606,1,-1,1,0,5,-1.0075122161266081,0.0066959406402089579,1.0142081567668171,0,0
165,13,5,0.21954272611267403,0.048199008588984606,1,-1,3,1,1,-1.0114343353288648,0.072322101216548071,1.0837564365454129,0,0
165,13,5,0.21954272611267403,0.048199008588984606,-1,1,1,0,1,-0.0038025517745103629,0.11857872336382383,0.12238127513833419,0,0
165,13,5,0.21954272611267403,0.048199008588984606,-1,1,3,1,1,-0.053436714723266616,0.072322101216548071,0.12575881593981469,0,0
165,13,5,0.21954272611267403,0.048199008588984606,-1,-1,1,0,0,-0.1079677140118166,-0.0077118413742375339,0.10025587263757907,0,2
165,13,5,0.21954272611267403,0.048199008588984606,-1,-1,3,1,1,-0.053436714723266616,0.072322101216548071,0.12575881593981469,0,0
166,0,14,0.22056699782255004,0.048649800528452795,1,1,1,0,1,-0.20145615054124283,0.1185408579591824,0.31999700850042523,0,0
166,0,14,0.22056699782255004,0.048649800528452795,1,1,3,1,1,-1.0115425253943373,0.072213911151075699,1.0837564365454131,0,0
166,0,14,0.22056699782255004,0.048649800528452795,1,-1,1,0,4,-1.0075843476127733,0.0066194745080974679,1.0142038221208707,0,0
166,0,14,0.22056699782255004,0.048649800528452795,1,-1,3,1,1,-1.0115425253943373,0.072213911151075699,1.0837564365454131,0,0
166,0,14,0.22056699782255004,0.048649800528452795,-1,1,1,0,1,-0.0038386151296678182,0.1185408579591824,0.12237947308885022,0,0
166,0,14,0.22056699782255004,0.048649800528452795,-1,1,3,1,1,-0.053544904788738981,0.072213911151075699,0.12575881593981469,0,0
166,0,14,0.22056699782255004,0.048649800528452795,-1,-1,1,0,0,-0.10804218201962702,-0.0077839680845524437,0.10025821393507459,0,2
166,0,14,0.22056699782255004,0.048649800528452795,-1,-1,3,1,1,-0.053544904788738981,0.072213911151075699,0.12575881593981469,0,0
167,14,0,0.22056699782255004,0.048649800528452795,1,1,1,0,1,-0.20145615054124283,0.1185408579591824,0.31999700850042523,0,0
167,14,0,0.22056699782255004,0.048649800528452795,1,1,3,1,1,-1.0115425253943373,0.072213911151075699,1.0837564365454131,0,0
167,14,0,0.22056699782255004,0.048649800528452795,1,-1,1,0,4,-1.0075843476127733,0.0066194745080974679,1.0142038221208707,0,0
167,14,0,0.22056699782255004,0.048649800528452795,1,-1,3,1,1,-1.0115425253943373,0.072213911151075699,1.0837564365454131,0,0
167,14,0,0.22056699782255004,0.048649800528452795,-1,1,1,0,1,-0.0038386151296678182,0.1185408579591824,0.12237947308885022,0,0
167,14,0,0.22056699782255004,0.048649800528452795,-1,1,3,1,1,-0.053544904788738981,0.072213911151075699,0.12575881593981469,0,0
167,14,0,0.22056699782255004,0.048649800528452795,-1,-1,1,0,0,-0.10804218201962702,-0.0077839680845524437,0.10025821393507459,0,2
167,14,0,0.22056699782255004,0.048649800528452795,-1,-1,3,1,1,-0.053544904788738981,0.072213911151075699,0.12575881593981469,0,0
168,1,14,0.22113123138339871,0.048899021493138219,1,1,1,0,1,-0.20116938238838838,0.11851992597346407,0.31968930836185244,0,0
168,1,14,0.22113123138339871,0.048899021493138219,1,1,3,1,1,-1.0116023384258617,0.072154098119551202,1.0837564365454129,0,0
168,1,14,0.22113123138339871,0.048899021493138219,1,-1,1,0,4,-1.0076242256073109,0.0065801545720264578,1.0142043801793375,0,0
168,1,14,0.22113123138339871,0.048899021493138219,1,-1,3,1,1,-1.0116023384258617,0.072154098119551202,1.0837564365454129,0,0
168,1,14,0.22113123138339871,0.048899021493138219,-1,1,1,0,1,-0.0038585528068426542,0.11851992597346407,0.12237847878030672,0,0
168,1,14,0.22113123138339871,0.048899021493138219,-1,1,3,1,1,-0.053604717820263485,0.072154098119551202,0.12575881593981469,0,0
168,1,14,0.22113123138339871,0.048899021493138219,-1,-1,1,0,0,-0.10808335136101065,-0.0078238434389021096,0.10025950792210854,0,2
168,1,14,0.22113123138339871,0.048899021493138219,-1,-1,3,1,1,-0.053604717820263485,0.072154098119551202,0.12575881593981469,0,0
169,14,1,0.22113123138339871,0.048899021493138219,1,1,1,0,1,-0.20116938238838838,0.11851992597346407,0.31968930836185244,0,0
169,14,1,0.22113123138339871,0.048899021493138219,1,1,3,1,1,-1.0116023384258617,0.072154098119551202,1.0837564365454129,0,0
169,14,1,0.22113123138339871,0.048899021493138219,1,-1,1,0,4,-1.0076242256073109,0.0065801545720264578,1.0142043801793375,0,0
169,14,1,0.22113123138339871,0.048899021493138219,1,-1,3,1,1,-1.0116023384258617,0.072154098119551202,1.0837564365454129,0,0
169,14,1,0.22113123138339871,0.048899021493138219,-1,1,1,0,1,-0.0038585528068426542,0.11851992597346407,0.12237847878030672,0,0
169,14,1,0.22113123138339871,0.048899021493138219,-1,1,3,1,1,-0.053604717820263485,0.072154098119551202,0.12575881593981469,0,0
169,14,1,0.22113123138339871,0.048899021493138219,-1,-1,1,0,0,-0.10808335136101065,-0.0078238434389021096,0.10025950792210854,0,2
169,14,1,0.22113123138339871,0.048899021493138219,-1,-1,3,1,1,-0.053604717820263485,0.072154098119551202,0.12575881593981469,0,0
170,2,14,0.22281522002795334,0.049646622276105265,1,1,1,0,1,-0.20125909448234444,0.11845714358993618,0.31971623807228061,0,0
170,2,14,0.22281522002795334,0.049646622276105265,1,1,3,1,1,-1.0117817626137739,0.071974673931639116,1.0837564365454131,0,0
170,2,14,0.22281522002795334,0.049646622276105265,1,-1,1,0,4,-1.0077438496518631,0.0064683389658295037,1.0142121886176927,0,0
170,2,14,0.22281522002795334,0.049646622276105265,1,-1,3,1,1,-1.0117817626137739,0.071974673931639116,1.0837564365454131,0,0
170,2,14,0.22281522002795334,0.049646622276105265,-1,1,1,0,1,-0.0039183608694800167,0.11845714358993618,0.1223755044594162,0,0
170,2,14,0.22281522002795334,0.049646622276105265,-1,1,3,1,1,-0.053784142008175578,0.071974673931639116,0.12575881593981469,0,0
170,2,14,0.22281522002795334,0.049646622276105265,-1,-1,1,0,0,-0.108206847406236,-0.0079434595641768371,0.10026338784205915,0,2
170,2,14,0.22281522002795334,0.049646622276105265,-1,-1,3,1,1,-0.053784142008175578,0.071974673931639116,0.12575881593981469,0,0
171,14,2,0.22281522002795334,0.049646622276105265,1,1,1,0,1,-0.20125909448234444,0.11845714358993618,0.31971623807228061,0,0
171,14,2,0.22281522002795334,0.049646622276105265,1,1,3,1,1,-1.0117817626137739,0.071974673931639116,1.0837564365454131,0,0
171,14,2,0.22281522002795334,0.049646622276105265,1,-1,1,0,4,-1.0077438496518631,0.0064683389658295037,1.0142121886176927,0,0
171,14,2,0.22281522002795334,0.049646622276105265,1,-1,3,1,1,-1.0117817626137739,0.071974673931639116,1.0837564365454131,0,0
171,14,2,0.22281522002795334,0.049646622276105265,-1,1,1,0,1,-0.0039183608694800167,0.11845714358993618,0.1223755044594162,0,0
171,14,2,0.22281522002795334,0.049646622276105265,-1,1,3,1,1,-0.053784142008175578,0.071974673931639116,0.12575881593981469,0,0
171,14,2,0.22281522002795334,0.049646622276105265,-1,-1,1,0,0,-0.108206847406236,-0.0079434595641768371,0.10026338784205915,0,2
171,14,2,0.22281522002795334,0.049646622276105265,-1,-1,3,1,1,-0.053784142008175578,0.071974673931639116,0.12575881593981469,0,0
172,10,10,0.22302867828578704,0.0497417913379051,1,1,1,0,1,-0.20127051476976041,0.11844915233518177,0.31971966710494215,0,0
172,10,10,0.22302867828578704,0.0497417913379051,1,1,3,1,1,-1.0118046031886059,0.071951833356807146,1.0837564365454131,0,0
172,10,10,0.22302867828578704,0.0497417913379051,1,-1,1,0,4,-1.0077590777098018,0.0064489795372384669,1.0142080572470402,0,0
172,10,10,0.22302867828578704,0.0497417913379051,1,-1,3,1,1,-1.0118046031886059,0.071951833356807146,1.0837564365454131,0,0
172,10,10,0.22302867828578704,0.0497417913379051,-1,1,1,0,1,-0.0039259743944240026,0.11844915233518177,0.12237512672960578,0,0
172,10,10,0.22302867828578704,0.0497417913379051,-1,1,3,1,1,-0.053806982583007534,0.071951833356807146,0.12575881593981469,0,0
172,10,10,0.22302867828578704,0.0497417913379051,-1,-1,1,0,0,-0.10822256818236828,-0.0079586866140648124,0.10026388156830346,0,2
172,10,10,0.22302867828578704,0.0497417913379051,-1,-1,3,1,1,-0.053806982583007534,0.071951833356807146,0.12575881593981469,0,0
173,9,11,0.22412950479279772,0.050234034918664738,1,1,1,0,1,-0.20132958399945156,0.1184078223548263,0.31973740635427783,0,0
173,9,11,0.22412950479279772,0.050234034918664738,1,1,3,1,1,-1.0119227416479881,0.071833694897424832,1.0837564365454129,0,0
173,9,11,0.22412950479279772,0.050234034918664738,1,-1,1,0,3,-1.0078378418964271,0.0063627426086705812,1.0142005845050976,0,0
173,9,11,0.22412950479279772,0.050234034918664738,1,-1,3,1,1,-1.0119227416479881,0.071833694897424832,1.0837564365454129,0,0
173,9,11,0.22412950479279772,0.050234034918664738,-1,1,1,0,1,-0.0039653538808847727,0.1184078223548263,0.12237317623571108,0,0
173,9,11,0.22412950479279772,0.050234034918664738,-1,1,3,1,1,-0.053925121042389848,0.071833694897424832,0.12575881593981469,0,0
173,9,11,0.22412950479279772,0.050234034918664738,-1,-1,1,0,0,-0.10830388019279054,-0.0080374455869863526,0.10026643460580419,0,2
173,9,11,0.22412950479279772,0.050234034918664738,-1,-1,3,1,1,-0.053925121042389848,0.071833694897424832,0.12575881593981469,0,0
174,11,9,0.22412950479279772,0.050234034918664738,1,1,1,0,1,-0.20132958399945156,0.1184078223548263,0.31973740635427783,0,0
174,11,9,0.22412950479279772,0.050234034918664738,1,1,3,1,1,-1.0119227416479881,0.071833694897424832,1.0837564365454129,0,0
174,11,9,0.22412950479279772,0.050234034918664738,1,-1,1,0,3,-1.0078378418964271,0.0063627426086705812,1.0142005845050976,0,0
174,11,9,0.22412950479279772,0.050234034918664738,1,-1,3,1,1,-1.0119227416479881,0.071833694897424832,1.0837564365454129,0,0
174,11,9,0.22412950479279772,0.050234034918664738,-1,1,1,0,1,-0.0039653538808847727,0.1184078223548263,0.12237317623571108,0,0
174,11,9,0.22412950479279772,0.050234034918664738,-1,1,3,1,1,-0.053925121042389848,0.071833694897424832,0.12575881593981469,0,0
174,11,9,0.22412950479279772,0.050234034918664738,-1,-1,1,0,0,-0.10830388019279054,-0.0080374455869863526,0.10026643460580419,0,2
174,11,9,0.22412950479279772,0.050234034918664738,-1,-1,3,1,1,-0.053925121042389848,0.071833694897424832,0.12575881593981469,0,0
175,3,14,0.2255934763231543,0.050892416559565584,1,1,1,0,1,-0.20140858979635967,0.11835255150212327,0.31976114129848293,0,0
175,3,14,0.2255934763231543,0.050892416559565584,1,1,3,1,1,-1.0120807532418044,0.071675683303608628,1.0837564365454129,0,0
175,3,14,0.2255934763231543,0.050892416559565584,1,-1,1,0,4,-1.0079431899317224,0.0062814513169691926,1.0142246412486915,0,0
175,3,14,0.2255934763231543,0.050892416559565584,1,-1,3,1,1,-1.0120807532418044,0.071675683303608628,1.0837564365454129,0,0
175,3,14,0.2255934763231543,0.050892416559565584,-1,1,1,0,1,-0.0040180244121568419,0.11835255150212327,0.12237057591428012,0,0
175,3,14,0.2255934763231543,0.050892416559565584,-1,1,3,1,1,-0.054083132636206052,0.071675683303608628,0.12575881593981469,0,0
175,3,14,0.2255934763231543,0.050892416559565584,-1,-1,1,0,0,-0.10841263422927375,-0.008142786649530491,0.10026984757974325,0,2
175,3,14,0.2255934763231543,0.050892416559565584,-1,-1,3,1,1,-0.054083132636206052,0.071675683303608628,0.12575881593981469,0,0
176,14,3,0.2255934763231543,0.050892416559565584,1,1,1,0,1,-0.20140858979635967,0.11835255150212327,0.31976114129848293,0,0
176,14,3,0.2255934763231543,0.050892416559565584,1,1,3,1,1,-1.0120807532418044,0.071675683303608628,1.0837564365454129,0,0
176,14,3,0.2255934763231543,0.050892416559565584,1,-1,1,0,4,-1.0079431899317224,0.0062814513169691926,1.0142246412486915,0,0
176,14,3,0.2255934763231543,0.050892416559565584,1,-1,3,1,1,-1.0120807532418044,0.071675683303608628,1.0837564365454129,0,0
176,14,3,0.2255934763231543,0.050892416559565584,-1,1,1,0,1,-0.0040180244121568419,0.11835255150212327,0.12237057591428012,0,0
176,14,3,0.2255934763231543,0.050892416559565584,-1,1,3,1,1,-0.054083132636206052,0.071675683303608628,0.12575881593981469,0,0
176,14,3,0.2255934763231543,0.050892416559565584,-1,-1,1,0,0,-0.10841263422927375,-0.008142786649530491,0.10026984757974325,0,2
176,14,3,0.2255934763231543,0.050892416559565584,-1,-1,3,1,1,-0.054083132636206052,0.071675683303608628,0.12575881593981469,0,0
177,6,13,0.22569232216085491,0.050937024282359127,1,1,1,0,1,-0.2014139427230949,0.11834880705440308,0.31976274977749797,0,0
177,6,13,0.22569232216085491,0.050937024282359127,1,1,3,1,1,-1.0120914590952748,0.071664977450138181,1.0837564365454129,0,0
177,6,13,0.22569232216085491,0.050937024282359127,1,-1,1,0,4,-1.0079503276397717,0.0062760983902339675,1.0142264260300056,0,0
177,6,13,0.22569232216085491,0.050937024282359127,1,-1,3,1,1,-1.0120914590952748,0.071664977450138181,1.0837564365454129,0,0
177,6,13,0.22569232216085491,0.050937024282359127,-1,1,1,0,1,-0.004021593029980325,0.11834880705440308,0.12237040008438341,0,0
177,6,13,0.22569232216085491,0.050937024282359127,-1,1,3,1,1,-0.054093838489676499,0.071664977450138181,0.12575881593981469,0,0
177,6,13,0.22569232216085491,0.050937024282359127,-1,-1,1,0,0,-0.10842000263401844,-0.0081499238851774555,0.10027007874884097,0,2
177,6,13,0.22569232216085491,0.050937024282359127,-1,-1,3,1,1,-0.054093838489676499,0.071664977450138181,0.12575881593981469,0,0
178,13,6,0.22569232216085491,0.050937024282359127,1,1,1,0,1,-0.2014139427230949,0.11834880705440308,0.31976274977749797,0,0
178,13,6,0.22569232216085491,0.050937024282359127,1,1,3,1,1,-1.0120914590952748,0.071664977450138181,1.0837564365454129,0,0
178,13,6,0.22569232216085491,0.050937024282359127,1,-1,1,0,4,-1.0079503276397717,0.0062760983902339675,1.0142264260300056,0,0
178,13,6,0.22569232216085491,0.050937024282359127,1,-1,3,1,1,-1.0120914590952748,0.071664977450138181,1.0837564365454129,0,0
178,13,6,0.22569232216085491,0.050937024282359127,-1,1,1,0,1,-0.004021593029980325,0.11834880705440308,0.12237040008438341,0,0
178,13,6,0.22569232216085491,0.050937024282359127,-1,1,3,1,1,-0.054093838489676499,0.071664977450138181,0.12575881593981469,0,0
178,13,6,0.22569232216085491,0.050937024282359127,-1,-1,1,0,0,-0.10842000263401844,-0.0081499238851774555,0.10027007874884097,0,2
178,13,6,0.22569232216085491,0.050937024282359127,-1,-1,3,1,1,-0.054093838489676499,0.071664977450138181,0.12575881593981469,0,0
179,8,12,0.22739974270769003,0.051710642983523632,1,1,1,0,1,-0.20119042376664498,0.11828387527889074,0.3194742990455357,0,0
179,8,12,0.22739974270769003,0.051710642983523632,1,1,3,1,1,-1.0122771275835543,0.071479308961858709,1.0837564365454129,0,0
179,8,12,0.22739974270769003,0.051710642983523632,1,-1,1,0,3,-1.0080741148241619,0.0061543956499576996,1.0142285104741195,0,0
179,8,12,0.22739974270769003,0.051710642983523632,1,-1,3,1,1,-1.0122771275835543,0.071479308961858709,1.0837564365454129,0,0
179,8,12,0.22739974270769003,0.051710642983523632,-1,1,1,0,1,-0.0040834825260734854,0.11828387527889074,0.12236735780496423,0,0
179,8,12,0.22739974270769003,0.051710642983523632,-1,1,3,1,1,-0.054279506977955985,0.071479308961858709,0.12575881593981469,0,0
179,8,12,0.22739974270769003,0.051710642983523632,-1,-1,1,0,0,-0.10854778926883607,-0.0082737028773637762,0.1002740863914723,0,2
179,8,12,0.22739974270769003,0.051710642983523632,-1,-1,3,1,1,-0.054279506977955985,0.071479308961858709,0.12575881593981469,0,0
180,12,8,0.22739974270769003,0.051710642983523632,1,1,1,0,1,-0.20119042376664498,0.11828387527889074,0.3194742990455357,0,0
180,12,8,0.22739974270769003,0.051710642983523632,1,1,3,1,1,-1.0122771275835543,0.071479308961858709,1.0837564365454129,0,0
180,12,8,0.22739974270769003,0.051710642983523632,1,-1,1,0,3,-1.0080741148241619,0.0061543956499576996,1.0142285104741195,0,0
180,12,8,0.22739974270769003,0.051710642983523632,1,-1,3,1,1,-1.0122771275835543,0.071479308961858709,1.0837564365454129,0,0
180,12,8,0.22739974270769003,0.051710642983523632,-1,1,1,0,1,-0.0040834825260734854,0.11828387527889074,0.12236735780496423,0,0
180,12,8,0.22739974270769003,0.051710642983523632,-1,1,3,1,1,-0.054279506977955985,0.071479308961858709,0.12575881593981469,0,0
180,12,8,0.22739974270769003,0.051710642983523632,-1,-1,1,0,0,-0.10854778926883607,-0.0082737028773637762,0.1002740863914723,0,2
180,12,8,0.22739974270769003,0.051710642983523632,-1,-1,3,1,1,-0.054279506977955985,0.071479308961858709,0.12575881593981469,0,0
181,4,14,0.22942557369540578,0.052636093865466069,1,1,1,0,1,-0.20130147787247807,0.11820621744129574,0.31950769531377382,0,0
181,4,14,0.22942557369540578,0.052636093865466069,1,1,3,1,1,-1.0124992357952205,0.071257200750192512,1.0837564365454131,0,0
181,4,14,0.22942557369540578,0.052636093865466069,1,-1,1,0,4,-1.0082221967639704,0.0060060733678423944,1.0142282701318128,0,0
181,4,14,0.22942557369540578,0.052636093865466069,1,-1,3,1,1,-1.0124992357952205,0.071257200750192512,1.0837564365454131,0,0
181,4,14,0.22942557369540578,0.052636093865466069,-1,1,1,0,1,-0.0041575185966288824,0.11820621744129574,0.12236373603792462,0,0
181,4,14,0.22942557369540578,0.052636093865466069,-1,1,3,1,1,-0.054501615189622168,0.071257200750192512,0.12575881593981469,0,0
181,4,14,0.22942557369540578,0.052636093865466069,-1,-1,1,0,0,-0.10870065198916688,-0.008421775018474565,0.10027887697069232,0,2
181,4,14,0.22942557369540578,0.052636093865466069,-1,-1,3,1,1,-0.054501615189622168,0.071257200750192512,0.12575881593981469,0,0
182,14,4,0.22942557369540578,0.052636093865466069,1,1,1,0,1,-0.20130147787247807,0.11820621744129574,0.31950769531377382,0,0
182,14,4,0.22942557369540578,0.052636093865466069,1,1,3,1,1,-1.0124992357952205,0.071257200750192512,1.0837564365454131,0,0
182,14,4,0.22942557369540578,0.052636093865466069,1,-1,1,0,4,-1.0082221967639704,0.0060060733678423944,1.0142282701318128,0,0
182,14,4,0.22942557369540578,0.052636093865466069,1,-1,3,1,1,-1.0124992357952205,0.071257200750192512,1.0837564365454131,0,0
182,14,4,0.22942557369540578,0.052636093865466069,-1,1,1,0,1,-0.0041575185966288824,0.11820621744129574,0.12236373603792462,0,0
182,14,4,0.22942557369540578,0.052636093865466069,-1,1,3,1,1,-0.054501615189622168,0.071257200750192512,0.12575881593981469,0,0
182,14,4,0.22942557369540578,0.052636093865466069,-1,-1,1,0,0,-0.10870065198916688,-0.008421775018474565,0.10027887697069232,0,2
182,14,4,0.22942557369540578,0.052636093865466069,-1,-1,3,1,1,-0.054501615189622168,0.071257200750192512,0.12575881593981469,0,0
183,7,13,0.23274717512957135,0.054171247530795365,1,1,1,0,1,-0.20116966390399516,0.11807743953845443,0.31924710344244955,0,0
183,7,13,0.23274717512957135,0.054171247530795365,1,1,3,1,1,-1.0128676726748995,0.070888763870513488,1.0837564365454131,0,0
183,7,13,0.23274717512957135,0.054171247530795365,1,-1,1,0,4,-1.0084678376014824,0.0057708203781720313,1.0142386579796545,0,0
183,7,13,0.23274717512957135,0.054171247530795365,1,-1,3,1,1,-1.0128676726748995,0.070888763870513488,1.0837564365454131,0,0
183,7,13,0.23274717512957135,0.054171247530795365,-1,1,1,0,1,-0.0042803308898552231,0.11807743953845443,0.12235777042830964,0,0
183,7,13,0.23274717512957135,0.054171247530795365,-1,1,3,1,1,-0.054870052069301199,0.070888763870513488,0.12575881593981469,0,0
183,7,13,0.23274717512957135,0.054171247530795365,-1,-1,1,0,0,-0.10895421460465533,-0.0086673996049272534,0.10028681499972808,0,2
183,7,13,0.23274717512957135,0.054171247530795365,-1,-1,3,1,1,-0.054870052069301199,0.070888763870513488,0.12575881593981469,0,0
184,13,7,0.23274717512957135,0.054171247530795365,1,1,1,0,1,-0.20116966390399516,0.11807743953845443,0.31924710344244955,0,0
184,13,7,0.23274717512957135,0.054171247530795365,1,1,3,1,1,-1.0128676726748995,0.070888763870513488,1.0837564365454131,0,0
184,13,7,0.23274717512957135,0.054171247530795365,1,-1,1,0,4,-1.0084678376014824,0.0057708203781720313,1.0142386579796545,0,0
184,13,7,0.23274717512957135,0.054171247530795365,1,-1,3,1,1,-1.0128676726748995,0.070888763870513488,1.0837564365454131,0,0
184,13,7,0.23274717512957135,0.054171247530795365,-1,1,1,0,1,-0.0042803308898552231,0.11807743953845443,0.12235777042830964,0,0
184,13,7,0.23274717512957135,0.054171247530795365,-1,1,3,1,1,-0.054870052069301199,0.070888763870513488,0.12575881593981469,0,0
184,13,7,0.23274717512957135,0.054171247530795365,-1,-1,1,0,0,-0.10895421460465533,-0.0086673996049272534,0.10028681499972808,0,2
184,13,7,0.23274717512957135,0.054171247530795365,-1,-1,3,1,1,-0.054870052069301199,0.070888763870513488,0.12575881593981469,0,0
185,5,14,0.23425887311448085,0.054877219632866438,1,1,1,0,1,-0.20125438055624367,0.1180182360392811,0.31927261659552475,0,0
185,5,14,0.23425887311448085,0.054877219632866438,1,1,3,1,1,-1.0130371059793966,0.070719330566016425,1.0837564365454129,0,0
185,5,14,0.23425887311448085,0.054877219632866438,1,-1,1,0,4,-1.008580800609864,0.005664696331078513,1.0142454969409425,0,0
185,5,14,0.23425887311448085,0.054877219632866438,1,-1,3,1,1,-1.0130371059793966,0.070719330566016425,1.0837564365454129,0,0
185,5,14,0.23425887311448085,0.054877219632866438,-1,1,1,0,1,-0.0043368086580209096,0.1180182360392811,0.12235504469730202,0,0
185,5,14,0.23425887311448085,0.054877219632866438,-1,1,3,1,1,-0.055039485373798255,0.070719330566016425,0.12575881593981469,0,0
185,5,14,0.23425887311448085,0.054877219632866438,-1,-1,1,0,0,-0.10907081698343886,-0.0087803551412586264,0.10029046184218024,0,2
185,5,14,0.23425887311448085,0.054877219632866438,-1,-1,3,1,1,-0.055039485373798255,0.070719330566016425,0.12575881593981469,0,0
186,14,5,0.23425887311448085,0.054877219632866438,1,1,1,0,1,-0.20125438055624367,0.1180182360392811,0.31927261659552475,0,0
186,14,5,0.23425887311448085,0.054877219632866438,1,1,3,1,1,-1.0130371059793966,0.070719330566016425,1.0837564365454129,0,0
186,14,5,0.23425887311448085,0.054877219632866438,1,-1,1,0,4,-1.008580800609864,0.005664696331078513,1.0142454969409425,0,0
186,14,5,0.23425887311448085,0.054877219632866438,1,-1,3,1,1,-1.0130371059793966,0.070719330566016425,1.0837564365454129,0,0
186,14,5,0.23425887311448085,0.054877219632866438,-1,1,1,0,1,-0.0043368086580209096,0.1180182360392811,0.12235504469730202,0,0
186,14,5,0.23425887311448085,0.054877219632866438,-1,1,3,1,1,-0.055039485373798255,0.070719330566016425,0.12575881593981469,0,0
186,14,5,0.23425887311448085,0.054877219632866438,-1,-1,1,0,0,-0.10907081698343886,-0.0087803551412586264,0.10029046184218024,0,2
186,14,5,0.23425887311448085,0.054877219632866438,-1,-1,3,1,1,-0.055039485373798255,0.070719330566016425,0.12575881593981469,0,0
187,10,11,0.23441747159444323,0.054951550988731598,1,1,1,0,1,-0.20126330031894749,0.11801200318798635,0.31927530350693384,0,0
187,10,11,0.23441747159444323,0.054951550988731598,1,1,3,1,1,-1.0130549455048041,0.070701491040608799,1.0837564365454129,0,0
187,10,11,0.23441747159444323,0.054951550988731598,1,-1,1,0,3,-1.0085926944134811,0.0056422486197060476,1.0142349430331872,0,0
187,10,11,0.23441747159444323,0.054951550988731598,1,-1,3,1,1,-1.0130549455048041,0.070701491040608799,1.0837564365454129,0,0
187,10,11,0.23441747159444323,0.054951550988731598,-1,1,1,0,1,-0.0043427551664901223,0.11801200318798635,0.12235475835447647,0,0
187,10,11,0.23441747159444323,0.054951550988731598,-1,1,3,1,1,-0.055057324899205895,0.070701491040608799,0.12575881593981469,0,0
187,10,11,0.23441747159444323,0.054951550988731598,-1,-1,1,0,0,-0.10908309384140102,-0.0087922481581970517,0.10029084568320397,0,2
187,10,11,0.23441747159444323,0.054951550988731598,-1,-1,3,1,1,-0.055057324899205895,0.070701491040608799,0.12575881593981469,0,0
188,11,10,0.23441747159444323,0.054951550988731598,1,1,1,0,1,-0.20126330031894749,0.11801200318798635,0.31927530350693384,0,0
188,11,10,0.23441747159444323,0.054951550988731598,1,1,3,1,1,-1.0130549455048041,0.070701491040608799,1.0837564365454129,0,0
188,11,10,0.23441747159444323,0.054951550988731598,1,-1,1,0,3,-1.0085926944134811,0.0056422486197060476,1.0142349430331872,0,0
188,11,10,0.23441747159444323,0.054951550988731598,1,-1,3,1,1,-1.0130549455048041,0.070701491040608799,1.0837564365454129,0,0
188,11,10,0.23441747159444323,0.054951550988731598,-1,1,1,0,1,-0.0043427551664901223,0.11801200318798635,0.12235475835447647,0,0
188,11,10,0.23441747159444323,0.054951550988731598,-1,1,3,1,1,-0.055057324899205895,0.070701491040608799,0.12575881593981469,0,0
188,11,10,0.23441747159444323,0.054951550988731598,-1,-1,1,0,0,-0.10908309384140102,-0.0087922481581970517,0.10029084568320397,0,2
188,11,10,0.23441747159444323,0.054951550988731598,-1,-1,3,1,1,-0.055057324899205895,0.070701491040608799,0.12575881593981469,0,0
189,0,15,0.23625056391781593,0.055814328951486032,1,1,1,0,1,-0.20136683367447802,0.11793966634069269,0.31930650001517069,0,0
189,0,15,0.23625056391781593,0.055814328951486032,1,1,3,1,1,-1.0132620122158653,0.070494424329547722,1.0837564365454131,0,0
189,0,15,0.23625056391781593,0.055814328951486032,1,-1,1,0,4,-1.0087307480179653,0.0055043583562484335,1.0142351063742137,0,0
189,0,15,0.23625056391781593,0.055814328951486032,1,-1,3,1,1,-1.0132620122158653,0.070494424329547722,1.0837564365454131,0,0
189,0,15,0.23625056391781593,0.055814328951486032,-1,1,1,0,1,-0.0044117774035104754,0.11793966634069269,0.12235144374420318,0,0
189,0,15,0.23625056391781593,0.055814328951486032,-1,1,3,1,1,-0.055264391610266958,0.070494424329547722,0.12575881593981469,0,0
189,0,15,0.23625056391781593,0.055814328951486032,-1,-1,1,0,0,-0.10922559178154677,-0.0089302926322377615,0.10029529914930901,0,2
189,0,15,0.23625056391781593,0.055814328951486032,-1,-1,3,1,1,-0.055264391610266958,0.070494424329547722,0.12575881593981469,0,0
190,15,0,0.23625056391781593,0.055814328951486032,1,1,1,0,1,-0.20136683367447802,0.11793966634069269,0.31930650001517069,0,0
190,15,0,0.23625056391781593,0.055814328951486032,1,1,3,1,1,-1.0132620122158653,0.070494424329547722,1.0837564365454131,0,0
190,15,0,0.23625056391781593,0.055814328951486032,1,-1,1,0,4,-1.0087307480179653,0.0055043583562484335,1.0142351063742137,0,0
190,15,0,0.23625056391781593,0.055814328951486032,1,-1,3,1,1,-1.0132620122158653,0.070494424329547722,1.0837564365454131,0,0
190,15,0,0.23625056391781593,0.055814328951486032,-1,1,1,0,1,-0.0044117774035104754,0.11793966634069269,0.12235144374420318,0,0
190,15,0,0.23625056391781593,0.055814328951486032,-1,1,3,1,1,-0.055264391610266958,0.070494424329547722,0.12575881593981469,0,0
190,15,0,0.23625056391781593,0.055814328951486032,-1,-1,1,0,0,-0.10922559178154677,-0.0089302926322377615,0.10029529914930901,0,2
190,15,0,0.23625056391781593,0.055814328951486032,-1,-1,3,1,1,-0.055264391610266958,0.070494424329547722,0.12575881593981469,0,0
191,9,12,0.23650526372350561,0.055934739768924935,1,1,1,0,1,-0.20138128297257069,0.11792957220347919,0.31931085517604985,0,0
191,9,12,0.23650526372350561,0.055934739768924935,1,1,3,1,1,-1.0132909108120507,0.070465525733362386,1.0837564365454131,0,0
191,9,12,0.23650526372350561,0.055934739768924935,1,-1,1,0,4,-1.0087500150229165,0.0054899090581557652,1.0142399240810722,0,0
191,9,12,0.23650526372350561,0.055934739768924935,1,-1,3,1,1,-1.0132909108120507,0.070465525733362386,1.0837564365454131,0,0
191,9,12,0.23650526372350561,0.055934739768924935,-1,1,1,0,1,-0.0044214102689055894,0.11792957220347919,0.12235098247238478,0,0
191,9,12,0.23650526372350561,0.055934739768924935,-1,1,3,1,1,-0.055293290206452295,0.070465525733362386,0.12575881593981469,0,0
191,9,12,0.23650526372350561,0.055934739768924935,-1,-1,1,0,0,-0.10924547877540507,-0.008949558363027986,0.10029592041237709,0,2
191,9,12,0.23650526372350561,0.055934739768924935,-1,-1,3,1,1,-0.055293290206452295,0.070465525733362386,0.12575881593981469,0,0
192,12,9,0.23650526372350561,0.055934739768924935,1,1,1,0,1,-0.20138128297257069,0.11792957220347919,0.31931085517604985,0,0
192,12,9,0.23650526372350561,0.055934739768924935,1,1,3,1,1,-1.0132909108120507,0.070465525733362386,1.0837564365454131,0,0
192,12,9,0.23650526372350561,0.055934739768924935,1,-1,1,0,4,-1.0087500150229165,0.0054899090581557652,1.0142399240810722,0,0
192,12,9,0.23650526372350561,0.055934739768924935,1,-1,3,1,1,-1.0132909108120507,0.070465525733362386,1.0837564365454131,0,0
192,12,9,0.23650526372350561,0.055934739768924935,-1,1,1,0,1,-0.0044214102689055894,0.11792957220347919,0.12235098247238478,0,0
192,12,9,0.23650526372350561,0.055934739768924935,-1,1,3,1,1,-0.055293290206452295,0.070465525733362386,0.12575881593981469,0,0
192,12,9,0.23650526372350561,0.055934739768924935,-1,-1,1,0,0,-0.10924547877540507,-0.008949558363027986,0.10029592041237709,0,2
192,12,9,0.23650526372350561,0.055934739768924935,-1,-1,3,1,1,-0.055293290206452295,0.070465525733362386,0.12575881593981469,0,0
193,1,15,0.23677742695656495,0.056063549916171455,1,1,1,0,1,-0.20139674019024026,0.11791877430170424,0.31931551449194451,0,0
193,1,15,0.23677742695656495,0.056063549916171455,1,1,3,1,1,-1.0133218252473897,0.070434611298023225,1.0837564365454129,0,0
193,1,15,0.23677742695656495,0.056063549916171455,1,-1,1,0,3,-1.0087706260094897,0.0054744518404861832,1.0142450778499759,0,0
193,1,15,0.23677742695656495,0.056063549916171455,1,-1,3,1,1,-1.0133218252473897,0.070434611298023225,1.0837564365454129,0,0
193,1,15,0.23677742695656495,0.056063549916171455,-1,1,1,0,1,-0.0044317150806853101,0.11791877430170424,0.12235048938238954,0,0
193,1,15,0.23677742695656495,0.056063549916171455,-1,1,3,1,1,-0.055324204641791462,0.070434611298023225,0.12575881593981469,0,0
193,1,15,0.23677742695656495,0.056063549916171455,-1,-1,1,0,0,-0.10926675292529524,-0.0089701679865874274,0.10029658493870781,0,2
193,1,15,0.23677742695656495,0.056063549916171455,-1,-1,3,1,1,-0.055324204641791462,0.070434611298023225,0.12575881593981469,0,0
194,15,1,0.23677742695656495,0.056063549916171455,1,1,1,0,1,-0.20139674019024026,0.11791877430170424,0.31931551449194451,0,0
194,15,1,0.23677742695656495,0.056063549916171455,1,1,3,1,1,-1.0133218252473897,0.070434611298023225,1.0837564365454129,0,0
194,15,1,0.23677742695656495,0.056063549916171455,1,-1,1,0,3,-1.0087706260094897,0.0054744518404861832,1.0142450778499759,0,0
194,15,1,0.23677742695656495,0.056063549916171455,1,-1,3,1,1,-1.0133218252473897,0.070434611298023225,1.0837564365454129,0,0
194,15,1,0.23677742695656495,0.056063549916171455,-1,1,1,0,1,-0.0044317150806853101,0.11791877430170424,0.12235048938238954,0,0
194,15,1,0.23677742695656495,0.056063549916171455,-1,1,3,1,1,-0.055324204641791462,0.070434611298023225,0.12575881593981469,0,0
194,15,1,0.23677742695656495,0.056063549916171455,-1,-1,1,0,0,-0.10926675292529524,-0.0089701679865874274,0.10029658493870781,0,2
194,15,1,0.23677742695656495,0.056063549916171455,-1,-1,3,1,1,-0.055324204641791462,0.070434611298023225,0.12575881593981469,0,0
195,2,15,0.23835089825536321,0.056811150699138502,1,1,1,0,1,-0.20117073999330481,0.11785611170303997,0.31902685169634482,0,0
195,2,15,0.23835089825536321,0.056811150699138502,1,1,3,1,1,-1.013501249435302,0.070255187110111139,1.0837564365454131,0,0
195,2,15,0.23835089825536321,0.056811150699138502,1,-1,1,0,4,-1.0088902500450034,0.0053562971644837958,1.0142465472094873,0,0
195,2,15,0.23835089825536321,0.056811150699138502,1,-1,3,1,1,-1.013501249435302,0.070255187110111139,1.0837564365454131,0,0
195,2,15,0.23835089825536321,0.056811150699138502,-1,1,1,0,1,-0.0044915231433226756,0.11785611170303997,0.12234763484636264,0,0
195,2,15,0.23835089825536321,0.056811150699138502,-1,1,3,1,1,-0.055503628829703555,0.070255187110111139,0.12575881593981469,0,0
195,2,15,0.23835089825536321,0.056811150699138502,-1,-1,1,0,0,-0.10939022439694725,-0.009089784111862155,0.10030044028508509,0,2
195,2,15,0.23835089825536321,0.056811150699138502,-1,-1,3,1,1,-0.055503628829703555,0.070255187110111139,0.12575881593981469,0,0
196,15,2,0.23835089825536321,0.056811150699138502,1,1,1,0,1,-0.20117073999330481,0.11785611170303997,0.31902685169634482,0,0
196,15,2,0.23835089825536321,0.056811150699138502,1,1,3,1,1,-1.013501249435302,0.070255187110111139,1.0837564365454131,0,0
196,15,2,0.23835089825536321,0.056811150699138502,1,-1,1,0,4,-1.0088902500450034,0.0053562971644837958,1.0142465472094873,0,0
196,15,2,0.23835089825536321,0.056811150699138502,1,-1,3,1,1,-1.013501249435302,0.070255187110111139,1.0837564365454131,0,0
196,15,2,0.23835089825536321,0.056811150699138502,-1,1,1,0,1,-0.0044915231433226756,0.11785611170303997,0.12234763484636264,0,0
196,15,2,0.23835089825536321,0.056811150699138502,-1,1,3,1,1,-0.055503628829703555,0.070255187110111139,0.12575881593981469,0,0
196,15,2,0.23835089825536321,0.056811150699138502,-1,-1,1,0,0,-0.10939022439694725,-0.009089784111862155,0.10030044028508509,0,2
196,15,2,0.23835089825536321,0.056811150699138502,-1,-1,3,1,1,-0.055503628829703555,0.070255187110111139,0.12575881593981469,0,0
197,6,14,0.24003173816443724,0.057615235326240959,1,1,1,0,1,-0.2012672301485571,0.11778872863584351,0.31905595878440063,0,0
197,6,14,0.24003173816443724,0.057615235326240959,1,1,3,1,1,-1.0136942297458065,0.07006220679960655,1.0837564365454131,0,0
197,6,14,0.24003173816443724,0.057615235326240959,1,-1,1,0,4,-1.0090189120921731,0.0052354837072694348,1.0142543957994425,0,0
197,6,14,0.24003173816443724,0.057615235326240959,1,-1,3,1,1,-1.0136942297458065,0.07006220679960655,1.0837564365454131,0,0
197,6,14,0.24003173816443724,0.057615235326240959,-1,1,1,0,1,-0.0045558499134908713,0.11778872863584351,0.12234457854933438,0,0
197,6,14,0.24003173816443724,0.057615235326240959,-1,1,3,1,1,-0.055696609140208145,0.07006220679960655,0.12575881593981469,0,0
197,6,14,0.24003173816443724,0.057615235326240959,-1,-1,1,0,0,-0.10952302172240949,-0.0092184376521985481,0.10030458407021095,0,2
197,6,14,0.24003173816443724,0.057615235326240959,-1,-1,3,1,1,-0.055696609140208145,0.07006220679960655,0.12575881593981469,0,0
198,14,6,0.24003173816443724,0.057615235326240959,1,1,1,0,1,-0.2012672301485571,0.11778872863584351,0.31905595878440063,0,0
198,14,6,0.24003173816443724,0.057615235326240959,1,1,3,1,1,-1.0136942297458065,0.07006220679960655,1.0837564365454131,0,0
198,14,6,0.24003173816443724,0.057615235326240959,1,-1,1,0,4,-1.0090189120921731,0.0052354837072694348,1.0142543957994425,0,0
198,14,6,0.24003173816443724,0.057615235326240959,1,-1,3,1,1,-1.0136942297458065,0.07006220679960655,1.0837564365454131,0,0
198,14,6,0.24003173816443724,0.057615235326240959,-1,1,1,0,1,-0.0045558499134908713,0.11778872863584351,0.12234457854933438,0,0
198,14,6,0.24003173816443724,0.057615235326240959,-1,1,3,1,1,-0.055696609140208145,0.07006220679960655,0.12575881593981469,0,0
198,14,6,0.24003173816443724,0.057615235326240959,-1,-1,1,0,0,-0.10952302172240949,-0.0092184376521985481,0.10030458407021095,0,2
198,14,6,0.24003173816443724,0.057615235326240959,-1,-1,3,1,1,-0.055696609140208145,0.07006220679960655,0.12575881593981469,0,0
199,8,13,0.24062600087699448,0.05790087229805535,1,1,1,0,1,-0.20130150658517484,0.11776479545046639,0.31906630203564124,0,0
199,8,13,0.24062600087699448,0.05790087229805535,1,1,3,1,1,-1.0137627826190418,0.069993653926371094,1.0837564365454129,0,0
199,8,13,0.24062600087699448,0.05790087229805535,1,-1,1,0,4,-1.0090646170293045,0.0051955595697366101,1.0142601765990411,0,0
199,8,13,0.24062600087699448,0.05790087229805535,1,-1,3,1,1,-1.0137627826190418,0.069993653926371094,1.0837564365454129,0,0
199,8,13,0.24062600087699448,0.05790087229805535,-1,1,1,0,1,-0.0045787008712360232,0.11776479545046639,0.12234349632170241,0,0
199,8,13,0.24062600087699448,0.05790087229805535,-1,1,3,1,1,-0.055765162013443594,0.069993653926371094,0.12575881593981469,0,0
199,8,13,0.24062600087699448,0.05790087229805535,-1,-1,1,0,0,-0.10957019493552811,-0.0092641395676888519,0.10030605536783926,0,2
199,8,13,0.24062600087699448,0.05790087229805535,-1,-1,3,1,1,-0.055765162013443594,0.069993653926371094,0.12575881593981469,0,0
200,13,8,0.24062600087699448,0.05790087229805535,1,1,1,0,1,-0.20130150658517484,0.11776479545046639,0.31906630203564124,0,0
200,13,8,0.24062600087699448,0.05790087229805535,1,1,3,1,1,-1.0137627826190418,0.069993653926371094,1.0837564365454129,0,0
200,13,8,0.24062600087699448,0.05790087229805535,1,-1,1,0,4,-1.0090646170293045,0.0051955595697366101,1.0142601765990411,0,0
200,13,8,0.24062600087699448,0.05790087229805535,1,-1,3,1,1,-1.0137627826190418,0.069993653926371094,1.0837564365454129,0,0
200,13,8,0.24062600087699448,0.05790087229805535,-1,1,1,0,1,-0.0045787008712360232,0.11776479545046639,0.12234349632170241,0,0
200,13,8,0.24062600087699448,0.05790087229805535,-1,1,3,1,1,-0.055765162013443594,0.069993653926371094,0.12575881593981469,0,0
200,13,8,0.24062600087699448,0.05790087229805535,-1,-1,1,0,0,-0.10957019493552811,-0.0092641395676888519,0.10030605536783926,0,2
200,13,8,0.24062600087699448,0.05790087229805535,-1,-1,3,1,1,-0.055765162013443594,0.069993653926371094,0.12575881593981469,0,0
