mode_index,m,n,q,q2,branch_id,root_id,kind_id,source_id_0lambda_1trace,curve_id,raw_n_points,raw_K_min,raw_K_max,raw_K_span,raw_F_min,raw_F_max,raw_F_span,raw_contour_length,raw_touch_Kmin,raw_touch_Kmax,raw_touch_Fmin,raw_touch_Fmax,raw_edge_fraction,valid_n_points,valid_K_min,valid_K_max,valid_K_span,valid_F_min,valid_F_max,valid_F_span,valid_contour_length,valid_touch_Kmin,valid_touch_Kmax,valid_touch_Fmin,valid_touch_Fmax,valid_edge_fraction,complex_fraction,det_min,det_max,mean_abs_imag_lambda,min_abs_imag_lambda,rad_real_max
0,0,0,0,0,1,1,1,0,1,2754,2.9649395893559546e-05,0.062497723599706935,0.062468074203813374,1.9081746585370985e-05,0.10000000000000001,0.099980918253414638,0.13593142825316165,0,0,0,1,0.00036310820624546115,2281,0.00053368912608405602,0.062497720877570648,0.061964031751486591,1.9081746585370985e-05,0.082988659106070714,0.082969577359485347,0.11767738444245082,0,0,0,0,0,0.99201161946259986,-1.1643416962392428e-05,0.0019340586469194752,0.025547911476321385,0,0.062396254367094013
0,0,0,0,0,1,1,3,1,1,2830,5.3366064139530388e-05,0.070997598276491519,0.070944232212351993,3.5605860940147357e-09,0.10000000000000001,0.099999996439413916,0.13606597687092065,0,0,1,1,0.00070671378091872788,2080,0.00090727151434289517,0.062494996664442949,0.061587725150100053,1.3282044338538847e-05,0.061709245682512064,0.061695963638173527,0.095923448506037137,0,0,0,0,0,0.99399293286219081,-0.0049593428902694782,0.0019340586469194752,0.040449079721109359,0,0.014878028984802165
0,0,0,0,0,1,-1,1,0,1,4041,0.0015555096553953865,0.062396434510793033,0.060840924855397646,0,0.058765185042795168,0.058765185042795168,0.19084153672983994,0,0,1,0,0.011630784459292255,2163,0.0015555096553953865,0.062395318652387906,0.060839808996992518,6.6711140760507002e-05,0.058765185042795168,0.058698473902034663,0.10777175934688722,0,0,0,0,0,0.98440979955456576,-4.8347783967782927e-06,0.0019340586469194752,0.016784502838632018,0,0.00098968621231960508
0,0,0,0,0,1,-1,1,0,2,35,0.062388521233677614,0.062447475480984768,5.8954247307153873e-05,0.058752712585805097,0.059799920273839513,0.0010472076880344156,0.0021335399984139937,0,0,0,0,0,33,0.062388521233677614,0.062446313561674946,5.7792327997331638e-05,0.058752712585805097,0.059799920273839513,0.0010472076880344156,0.0021327610852027506,0,0,0,0,0,1,-1.1222556228490101e-06,0.00043889227320032187,0.016043423527570419,0.006006265336015045,1.6974341191821734e-05
0,0,0,0,0,1,-1,1,0,3,13,0.062483966354260817,0.062496273614479861,1.2307260219043825e-05,0.061433119205787083,0.061709245682512064,0.00027612647672498047,0.00055828098904542073,0,0,0,0,0,12,0.062483966354260817,0.062495870422086722,1.1904067825904696e-05,0.061433119205787083,0.061709245682512064,0.00027612647672498047,0.00055818159760700147,0,0,0,0,0,1,-1.9618976635292849e-07,0.00021039213059402496,0.0093195199180830836,0.0049316565422178691,1.7072713917557127e-06
0,0,0,0,0,1,-1,3,1,1,2830,5.3366064139530388e-05,0.070997598276491519,0.070944232212351993,3.5605860940147357e-09,0.10000000000000001,0.099999996439413916,0.13606597687092065,0,0,1,1,0.00070671378091872788,2080,0.00090727151434289517,0.062494996664442949,0.061587725150100053,1.3282044338538847e-05,0.061709245682512064,0.061695963638173527,0.095923448506037137,0,0,0,0,0,0.99399293286219081,-0.0049593428902694782,0.0019340586469194752,0.02962364377690933,0,0.014878028984802165
0,0,0,0,0,-1,1,3,1,1,1922,4.4505989997799882e-09,0.022571027142629523,0.022571022692030523,6.670557751175728e-05,0.10000000000000001,0.099933294422488245,0.10458383119395152,1,0,0,1,0.0015608740894901144,0,nan,nan,nan,nan,nan,nan,0,0,0,0,0,nan,0,-0.0094905489460574335,-4.4496340365102973e-09,0,0,0.037962195784229734
0,0,0,0,0,-1,1,3,1,2,1550,0.048072109990826326,0.070997598276491519,0.022925488285665194,0.062645323564241628,0.10000000000000001,0.037354676435758377,0.079510465575874628,0,0,0,1,0.0012903225806451613,0,nan,nan,nan,nan,nan,nan,0,0,0,0,0,nan,0.4696774193548387,-0.0076890780650346255,-1.1256978067843385e-06,0.032818762483099173,0,0.030756312260140049
0,0,0,0,0,-1,-1,3,1,1,1922,4.4505989997799882e-09,0.022571027142629523,0.022571022692030523,6.670557751175728e-05,0.10000000000000001,0.099933294422488245,0.10458383119395152,1,0,0,1,0.0015608740894901144,0,nan,nan,nan,nan,nan,nan,0,0,0,0,0,nan,0,-0.0094905489460574335,-4.4496340365102973e-09,0,0,0.037962195784229734
0,0,0,0,0,-1,-1,3,1,2,1550,0.048072109990826326,0.070997598276491519,0.022925488285665194,0.062645323564241628,0.10000000000000001,0.037354676435758377,0.079510465575874628,0,0,0,1,0.0012903225806451613,0,nan,nan,nan,nan,nan,nan,0,0,0,0,0,nan,0.4696774193548387,-0.0076890780650346255,-1.1256978067843385e-06,0.013062138364889151,0,0.030756312260140049
1,0,1,0.015786733819426566,0.00024922096468542646,1,1,1,0,1,2754,3.8510256504314299e-05,0.06249781793967276,0.062459307683168444,1.2856236779765456e-05,0.10000000000000001,0.099987143763220238,0.13593537429142549,0,0,0,1,0.00036310820624546115,2280,0.00053368912608405602,0.062497796619594599,0.061964107493510542,1.8574184148773543e-05,0.082988659106070714,0.082970084921921941,0.11768813219107234,0,0,0,0,0,0.99055918663761799,-1.3949277244009856e-05,0.0019283131311410239,0.0254762133152437,0,0.011171671191770163
1,0,1,0.015786733819426566,0.00024922096468542646,1,1,3,1,1,2829,5.9813031524502347e-05,0.071017538225143506,0.070957725193619009,0,0.10000000000000001,0.10000000000000001,0.13607266429922016,0,0,1,1,0.00070696359137504422,2078,0.00096064042695130083,0.062494996664442956,0.061534356237491657,1.4721823845619463e-05,0.061680959320448266,0.061666237496602647,0.095851587451532494,0,0,0,0,0,0.99505125486037471,-0.0049701502557500258,0.0019283131311410239,0.040425941802289124,0,0.014915598274282339
1,0,1,0.015786733819426566,0.00024922096468542646,1,-1,1,0,1,4041,0.0015753230465208753,0.062396298936256922,0.060820975889736048,2.5581195927332955e-06,0.058737212844837419,0.058734654725244688,0.19056631522713124,0,0,0,0,0,2169,0.0015753230465208753,0.062395178352280437,0.060819855305759563,3.3786260670171535e-05,0.058737212844837419,0.058703426584167245,0.18124805337284031,0,0,0,0,0,0.97673843108141545,-7.1964944976983282e-06,0.0019283131311410239,0.016721244452547843,0,0.00099269425229436543
1,0,1,0.015786733819426566,0.00024922096468542646,1,-1,1,0,2,33,0.062389522568244003,0.06244734905688365,5.7826488639646512e-05,0.058753488121457351,0.059771258415513541,0.0010177702940561903,0.002074213566036689,0,0,0,0,0,31,0.062389522568244003,0.062446184943822772,5.6662375578768465e-05,0.058753488121457351,0.059771258415513541,0.0010177702940561903,0.0020734349092656774,0,0,0,0,0,1,-3.5820305733334375e-06,0.00043228234339989379,0.015794473254596261,0.0058215812850539268,2.6402409916489074e-05
1,0,1,0.015786733819426566,0.00024922096468542646,1,-1,1,0,3,11,0.062484893547095237,0.062496163054657446,1.1269507562208791e-05,0.06143422016361301,0.061680959320448266,0.00024673915683525588,0.00049920137597518177,0,0,0,0,0,10,0.062484893547095237,0.062495760127440902,1.0866580345665622e-05,0.06143422016361301,0.061680959320448266,0.00024673915683525588,0.00049910395352868535,0,0,0,0,0,1,-2.6603071376681236e-06,0.0001991682802246125,0.008967174370789489,0.0047025154903922511,1.1467167904987676e-05
1,0,1,0.015786733819426566,0.00024922096468542646,1,-1,3,1,1,2829,5.9813031524502347e-05,0.071017538225143506,0.070957725193619009,0,0.10000000000000001,0.10000000000000001,0.13607266429922016,0,0,1,1,0.00070696359137504422,2078,0.00096064042695130083,0.062494996664442956,0.061534356237491657,1.4721823845619463e-05,0.061680959320448266,0.061666237496602647,0.095851587451532494,0,0,0,0,0,0.99505125486037471,-0.0049701502557500258,0.0019283131311410239,0.029583479517589512,0,0.014915598274282339
1,0,1,0.015786733819426566,0.00024922096468542646,-1,1,3,1,1,1924,5.9813031524502347e-05,0.022714912514544848,0.022655099483020344,0,0.10000000000000001,0.10000000000000001,0.10468908085432918,0,0,1,1,0.0010395010395010396,0,nan,nan,nan,nan,nan,nan,0,0,0,0,0,nan,0,-0.0094938204719181157,-1.5900438845116051e-09,0,0,0.037975281887672498
1,0,1,0.015786733819426566,0.00024922096468542646,-1,1,3,1,2,1553,0.048001418735365536,0.071017538225143506,0.02301611948977797,0.062585356479275142,0.10000000000000001,0.037414643520724863,0.079669337605803608,0,0,0,1,0.00128783000643915,0,nan,nan,nan,nan,nan,nan,0,0,0,0,0,nan,0.46941403734707021,-0.0077076749612570239,-4.4834990223167746e-06,0.032790169338402543,0,0.030830699845030694
1,0,1,0.015786733819426566,0.00024922096468542646,-1,-1,3,1,1,1924,5.9813031524502347e-05,0.022714912514544848,0.022655099483020344,0,0.10000000000000001,0.10000000000000001,0.10468908085432918,0,0,1,1,0.0010395010395010396,0,nan,nan,nan,nan,nan,nan,0,0,0,0,0,nan,0,-0.0094938204719181157,-1.5900438845116051e-09,0,0,0.037975281887672498
1,0,1,0.015786733819426566,0.00024922096468542646,-1,-1,3,1,2,1553,0.048001418735365536,0.071017538225143506,0.02301611948977797,0.062585356479275142,0.10000000000000001,0.037414643520724863,0.079669337605803608,0,0,0,1,0.00128783000643915,0,nan,nan,nan,nan,nan,nan,0,0,0,0,0,nan,0.46941403734707021,-0.0077076749612570239,-4.4834990223167746e-06,0.013046448019824153,0,0.030830699845030694
2,1,0,0.015786733819426566,0.00024922096468542646,1,1,1,0,1,2754,3.8510256504314299e-05,0.06249781793967276,0.062459307683168444,1.2856236779765456e-05,0.10000000000000001,0.099987143763220238,0.13593537429142549,0,0,0,1,0.00036310820624546115,2280,0.00053368912608405602,0.062497796619594599,0.061964107493510542,1.8574184148773543e-05,0.082988659106070714,0.082970084921921941,0.11768813219107234,0,0,0,0,0,0.99055918663761799,-1.3949277244009856e-05,0.0019283131311410239,0.0254762133152437,0,0.011171671191770163
2,1,0,0.015786733819426566,0.00024922096468542646,1,1,3,1,1,2829,5.9813031524502347e-05,0.071017538225143506,0.070957725193619009,0,0.10000000000000001,0.10000000000000001,0.13607266429922016,0,0,1,1,0.00070696359137504422,2078,0.00096064042695130083,0.062494996664442956,0.061534356237491657,1.4721823845619463e-05,0.061680959320448266,0.061666237496602647,0.095851587451532494,0,0,0,0,0,0.99505125486037471,-0.0049701502557500258,0.0019283131311410239,0.040425941802289124,0,0.014915598274282339
2,1,0,0.015786733819426566,0.00024922096468542646,1,-1,1,0,1,4041,0.0015753230465208753,0.062396298936256922,0.060820975889736048,2.5581195927332955e-06,0.058737212844837419,0.058734654725244688,0.19056631522713124,0,0,0,0,0,2169,0.0015753230465208753,0.062395178352280437,0.060819855305759563,3.3786260670171535e-05,0.058737212844837419,0.058703426584167245,0.18124805337284031,0,0,0,0,0,0.97673843108141545,-7.1964944976983282e-06,0.0019283131311410239,0.016721244452547843,0,0.00099269425229436543
2,1,0,0.015786733819426566,0.00024922096468542646,1,-1,1,0,2,33,0.062389522568244003,0.06244734905688365,5.7826488639646512e-05,0.058753488121457351,0.059771258415513541,0.0010177702940561903,0.002074213566036689,0,0,0,0,0,31,0.062389522568244003,0.062446184943822772,5.6662375578768465e-05,0.058753488121457351,0.059771258415513541,0.0010177702940561903,0.0020734349092656774,0,0,0,0,0,1,-3.5820305733334375e-06,0.00043228234339989379,0.015794473254596261,0.0058215812850539268,2.6402409916489074e-05
2,1,0,0.015786733819426566,0.00024922096468542646,1,-1,1,0,3,11,0.062484893547095237,0.062496163054657446,1.1269507562208791e-05,0.06143422016361301,0.061680959320448266,0.00024673915683525588,0.00049920137597518177,0,0,0,0,0,10,0.062484893547095237,0.062495760127440902,1.0866580345665622e-05,0.06143422016361301,0.061680959320448266,0.00024673915683525588,0.00049910395352868535,0,0,0,0,0,1,-2.6603071376681236e-06,0.0001991682802246125,0.008967174370789489,0.0047025154903922511,1.1467167904987676e-05
2,1,0,0.015786733819426566,0.00024922096468542646,1,-1,3,1,1,2829,5.9813031524502347e-05,0.071017538225143506,0.070957725193619009,0,0.10000000000000001,0.10000000000000001,0.13607266429922016,0,0,1,1,0.00070696359137504422,2078,0.00096064042695130083,0.062494996664442956,0.061534356237491657,1.4721823845619463e-05,0.061680959320448266,0.061666237496602647,0.095851587451532494,0,0,0,0,0,0.99505125486037471,-0.0049701502557500258,0.0019283131311410239,0.029583479517589512,0,0.014915598274282339
2,1,0,0.015786733819426566,0.00024922096468542646,-1,1,3,1,1,1924,5.9813031524502347e-05,0.022714912514544848,0.022655099483020344,0,0.10000000000000001,0.10000000000000001,0.10468908085432918,0,0,1,1,0.0010395010395010396,0,nan,nan,nan,nan,nan,nan,0,0,0,0,0,nan,0,-0.0094938204719181157,-1.5900438845116051e-09,0,0,0.037975281887672498
2,1,0,0.015786733819426566,0.00024922096468542646,-1,1,3,1,2,1553,0.048001418735365536,0.071017538225143506,0.02301611948977797,0.062585356479275142,0.10000000000000001,0.037414643520724863,0.079669337605803608,0,0,0,1,0.00128783000643915,0,nan,nan,nan,nan,nan,nan,0,0,0,0,0,nan,0.46941403734707021,-0.0077076749612570239,-4.4834990223167746e-06,0.032790169338402543,0,0.030830699845030694
2,1,0,0.015786733819426566,0.00024922096468542646,-1,-1,3,1,1,1924,5.9813031524502347e-05,0.022714912514544848,0.022655099483020344,0,0.10000000000000001,0.10000000000000001,0.10468908085432918,0,0,1,1,0.0010395010395010396,0,nan,nan,nan,nan,nan,nan,0,0,0,0,0,nan,0,-0.0094938204719181157,-1.5900438845116051e-09,0,0,0.037975281887672498
2,1,0,0.015786733819426566,0.00024922096468542646,-1,-1,3,1,2,1553,0.048001418735365536,0.071017538225143506,0.02301611948977797,0.062585356479275142,0.10000000000000001,0.037414643520724863,0.079669337605803608,0,0,0,1,0.00128783000643915,0,nan,nan,nan,nan,nan,nan,0,0,0,0,0,nan,0.46941403734707021,-0.0077076749612570239,-4.4834990223167746e-06,0.013046448019824153,0,0.030830699845030694
3,1,1,0.022325813073007059,0.00049844192937085292,1,1,1,0,1,2754,4.7371509823576609e-05,0.062497911757736044,0.062450540247912467,5.1895155619587177e-06,0.10000000000000001,0.099994810484438049,0.13593888188871311,0,0,0,1,0.00036310820624546115,2281,0.00053368912608405612,0.062497890574918349,0.061964201448834293,1.8860753887187631e-05,0.082988659106070714,0.08296979835218353,0.11769883533421539,0,0,0,0,0,0.99019607843137258,-1.6306180995199754e-05,0.0019225628428807878,0.025407151686520895,0,0.0017991927632014125
3,1,1,0.022325813073007059,0.00049844192937085292,1,1,3,1,1,2829,0.00011962606304900469,0.071037480330490441,0.070917854267441433,0,0.10000000000000001,0.10000000000000001,0.13602600583151322,0,0,1,1,0.00070696359137504422,2077,0.0010140093395597065,0.062494996664442956,0.061480987324883246,1.6232099053271963e-05,0.061652790803819059,0.061636558704765788,0.095779847680417848,0,0,0,0,0,0.99505125486037471,-0.0049809592161780963,0.0019225628428807878,0.040426541246225411,0,0.01495317848973237
3,1,1,0.022325813073007059,0.00049844192937085292,1,-1,1,0,1,4041,0.0015951364376463638,0.062396164076211194,0.060801027638564833,5.0676578143627294e-06,0.058709240646879664,0.058704172989065301,0.19034035338848401,0,0,0,0,0,2172,0.0015951364376463638,0.062395038865010959,0.060799902427364598,5.9978413750327159e-05,0.058709240646879664,0.058649262233129336,0.18113622949992533,0,0,0,0,0,0.94926998267755502,-9.5568102437354691e-06,0.0019225628428807878,0.016657794886512988,0,0.00099572302653008174
3,1,1,0.022325813073007059,0.00049844192937085292,1,-1,1,0,2,33,0.062390523902810392,0.062447223299012644,5.6699396202251895e-05,0.058754238201199294,0.059743262830714822,0.00098902462951552805,0.0020162553645893819,0,0,0,0,0,31,0.062390523902810392,0.062446057056193695,5.5533153383302558e-05,0.058754238201199294,0.059743262830714822,0.00098902462951552805,0.0020154774423974159,0,0,0,0,0,1,-6.0403523133910657e-06,0.00042563515493977824,0.015657770861587816,0.0056310074329624944,3.5831772496527991e-05
3,1,1,0.022325813073007059,0.00049844192937085292,1,-1,1,0,3,11,0.062485820739929643,0.062496053094002739,1.0232354073096139e-05,0.061435208340059923,0.061652790803819059,0.00021758246375913615,0.00044054226329253657,0,0,0,0,0,10,0.062485820739929643,0.062495650439913807,9.8296999841637756e-06,0.061435208340059923,0.061652790803819059,0.00021758246375913615,0.00044044779333903846,0,0,0,0,0,1,-5.1229642298069408e-06,0.00018756017333805281,0.0086635056666028009,0.0043778551217071538,2.1228315139490893e-05
3,1,1,0.022325813073007059,0.00049844192937085292,1,-1,3,1,1,2829,0.00011962606304900469,0.071037480330490441,0.070917854267441433,0,0.10000000000000001,0.10000000000000001,0.13602600583151322,0,0,1,1,0.00070696359137504422,2077,0.0010140093395597065,0.062494996664442956,0.061480987324883246,1.6232099053271963e-05,0.061652790803819059,0.061636558704765788,0.095779847680417848,0,0,0,0,0,0.99505125486037471,-0.0049809592161780963,0.0019225628428807878,0.029545978548159262,0,0.01495317848973237
3,1,1,0.022325813073007059,0.00049844192937085292,-1,1,3,1,1,1926,0.00011962606304900469,0.022859671150409138,0.022740045087360133,0,0.10000000000000001,0.10000000000000001,0.10472826356523313,0,0,1,1,0.0010384215991692627,0,nan,nan,nan,nan,nan,nan,0,0,0,0,0,nan,0,-0.0094970340056403143,-6.3601755380464205e-09,0,0,0.037988136022561292
3,1,1,0.022325813073007059,0.00049844192937085292,-1,1,3,1,2,1557,0.047929903238098842,0.071037480330490441,0.023107577092391599,0.062525446197340268,0.10000000000000001,0.037474553802659738,0.079828713264851345,0,0,0,1,0.0012845215157353885,0,nan,nan,nan,nan,nan,nan,0,0,0,0,0,nan,0.47013487475915222,-0.0077263234101087354,-5.8823011387942112e-06,0.032810658971107964,0,0.030905293640435209
3,1,1,0.022325813073007059,0.00049844192937085292,-1,-1,3,1,1,1926,0.00011962606304900469,0.022859671150409138,0.022740045087360133,0,0.10000000000000001,0.10000000000000001,0.10472826356523313,0,0,1,1,0.0010384215991692627,0,nan,nan,nan,nan,nan,nan,0,0,0,0,0,nan,0,-0.0094970340056403143,-6.3601755380464205e-09,0,0,0.037988136022561292
3,1,1,0.022325813073007059,0.00049844192937085292,-1,-1,3,1,2,1557,0.047929903238098842,0.071037480330490441,0.023107577092391599,0.062525446197340268,0.10000000000000001,0.037474553802659738,0.079828713264851345,0,0,0,1,0.0012845215157353885,0,nan,nan,nan,nan,nan,nan,0,0,0,0,0,nan,0.47013487475915222,-0.0077263234101087354,-5.8823011387942112e-06,0.013046695948905243,0,0.030905293640435209
4,0,2,0.031572484027273924,0.00099682174765246701,1,1,1,0,1,2753,7.9745739812197346e-05,0.062498097814031567,0.06241835207421937,0,0.10000000000000001,0.10000000000000001,0.13592751930915253,0,0,1,1,0.00072648020341445699,2282,0.00048032021347565047,0.062498076896430631,0.062017756682954978,1.9468939003404892e-05,0.083388925950633755,0.083369457011630344,0.11817739666243514,0,0,0,0,0,0.98910279694878311,-2.0957411862060515e-05,0.0019110809792945438,0.025272573902005237,0,0.0018274123982862391
4,0,2,0.031572484027273924,0.00099682174765246701,1,1,3,1,1,2827,0.00023923721943659205,0.071077380145696201,0.070838142926259604,0,0.10000000000000001,0.10000000000000001,0.13593277709752721,0,0,1,1,0.00070746374248319773,2074,0.0011207471647765176,0.062494996664442956,0.061374249499666439,1.9464165050185191e-05,0.061600915884625844,0.061581451719575658,0.09564082392125435,0,0,0,0,0,0.99540148567385922,-0.0050025844613229963,0.0019110809792945438,0.040381447225687879,0,0.015028379261344687
4,0,2,0.031572484027273924,0.00099682174765246701,1,-1,1,0,1,4037,0.0016369492909636856,0.062395896523331884,0.060758947232368202,1.0336203946609689e-05,0.058654264858830518,0.058643928654883909,0.18992478466504803,0,0,0,0,0,2171,0.0016369492909636856,0.062394762350550505,0.060757813059586822,4.1630883512827406e-05,0.058654264858830518,0.058612633975317692,0.18106995814345389,0,0,0,0,0,0.88332920485509037,-1.4272650147248517e-05,0.0019110809792945438,0.016533691410207933,0,0.0010017707457416931
4,0,2,0.031572484027273924,0.00099682174765246701,1,-1,1,0,2,31,0.062392526322389605,0.062446973803729648,5.4447481340043347e-05,0.058755663208520152,0.059687784798495215,0.00093212158997506289,0.0019014719348236814,0,0,0,0,0,29,0.062392526322389605,0.06244580349147779,5.3277169088185306e-05,0.058755663208520152,0.059687784798495215,0.00093212158997506289,0.0019006970408915992,0,0,0,0,0,1,-1.0952022876092047e-05,0.00041222622546165756,0.015249263421061251,0.0052297468588006569,5.4692021379429034e-05
4,0,2,0.031572484027273924,0.00099682174765246701,1,-1,1,0,3,9,0.062487674894522588,0.062495834987817793,8.1600932952050065e-06,0.061436882171216657,0.061600915884625844,0.00016403371340918682,0.00033262655736508685,0,0,0,0,0,8,0.062487674894522588,0.062495432903325175,7.7580088025872018e-06,0.061436882171216657,0.061600915884625844,0.00016403371340918682,0.00033254142303279342,0,0,0,0,0,1,-1.0043282997191817e-05,0.000162951269843352,0.007869930343081746,0.0035956094103121584,4.0751920995163201e-05
4,0,2,0.031572484027273924,0.00099682174765246701,1,-1,3,1,1,2827,0.00023923721943659205,0.071077380145696201,0.070838142926259604,0,0.10000000000000001,0.10000000000000001,0.13593277709752721,0,0,1,1,0.00070746374248319773,2074,0.0011207471647765176,0.062494996664442956,0.061374249499666439,1.9464165050185191e-05,0.061600915884625844,0.061581451719575658,0.09564082392125435,0,0,0,0,0,0.99540148567385922,-0.0050025844613229963,0.0019110809792945438,0.029466856891677076,0,0.015028379261344687
4,0,2,0.031572484027273924,0.00099682174765246701,-1,1,3,1,1,1929,0.00023923721943659205,0.023151894102366778,0.022912656882930184,0,0.10000000000000001,0.10000000000000001,0.1048086361015555,0,0,1,1,0.0010368066355624676,0,nan,nan,nan,nan,nan,nan,0,0,0,0,0,nan,0,-0.0095032800024141585,-2.5437532072778714e-08,0,0,0.038013120009656648
4,0,2,0.031572484027273924,0.00099682174765246701,-1,1,3,1,2,1564,0.047784039550105961,0.071077380145696201,0.02329334059559024,0.062405810212829239,0.10000000000000001,0.037594189787170766,0.080149232268319409,0,0,0,1,0.0012787723785166241,0,nan,nan,nan,nan,nan,nan,0,0,0,0,0,nan,0.46994884910485935,-0.0077638393186036962,-1.0540491397213967e-05,0.032736618357363571,0,0.031055357274416901
4,0,2,0.031572484027273924,0.00099682174765246701,-1,-1,3,1,1,1929,0.00023923721943659205,0.023151894102366778,0.022912656882930184,0,0.10000000000000001,0.10000000000000001,0.1048086361015555,0,0,1,1,0.0010368066355624676,0,nan,nan,nan,nan,nan,nan,0,0,0,0,0,nan,0,-0.0095032800024141585,-2.5437532072778714e-08,0,0,0.038013120009656648
4,0,2,0.031572484027273924,0.00099682174765246701,-1,-1,3,1,2,1564,0.047784039550105961,0.071077380145696201,0.02329334059559024,0.062405810212829239,0.10000000000000001,0.037594189787170766,0.080149232268319409,0,0,0,1,0.0012787723785166241,0,nan,nan,nan,nan,nan,nan,0,0,0,0,0,nan,0.46994884910485935,-0.0077638393186036962,-1.0540491397213967e-05,0.013010606567915162,0,0.031055357274416901
5,2,0,0.031572484027273924,0.00099682174765246701,1,1,1,0,1,2753,7.9745739812197346e-05,0.062498097814031567,0.06241835207421937,0,0.10000000000000001,0.10000000000000001,0.13592751930915253,0,0,1,1,0.00072648020341445699,2282,0.00048032021347565047,0.062498076896430631,0.062017756682954978,1.9468939003404892e-05,0.083388925950633755,0.083369457011630344,0.11817739666243514,0,0,0,0,0,0.98910279694878311,-2.0957411862060515e-05,0.0019110809792945438,0.025272573902005237,0,0.0018274123982862391
5,2,0,0.031572484027273924,0.00099682174765246701,1,1,3,1,1,2827,0.00023923721943659205,0.071077380145696201,0.070838142926259604,0,0.10000000000000001,0.10000000000000001,0.13593277709752721,0,0,1,1,0.00070746374248319773,2074,0.0011207471647765176,0.062494996664442956,0.061374249499666439,1.9464165050185191e-05,0.061600915884625844,0.061581451719575658,0.09564082392125435,0,0,0,0,0,0.99540148567385922,-0.0050025844613229963,0.0019110809792945438,0.040381447225687879,0,0.015028379261344687
5,2,0,0.031572484027273924,0.00099682174765246701,1,-1,1,0,1,4037,0.0016369492909636856,0.062395896523331884,0.060758947232368202,1.0336203946609689e-05,0.058654264858830518,0.058643928654883909,0.18992478466504803,0,0,0,0,0,2171,0.0016369492909636856,0.062394762350550505,0.060757813059586822,4.1630883512827406e-05,0.058654264858830518,0.058612633975317692,0.18106995814345389,0,0,0,0,0,0.88332920485509037,-1.4272650147248517e-05,0.0019110809792945438,0.016533691410207933,0,0.0010017707457416931
5,2,0,0.031572484027273924,0.00099682174765246701,1,-1,1,0,2,31,0.062392526322389605,0.062446973803729648,5.4447481340043347e-05,0.058755663208520152,0.059687784798495215,0.00093212158997506289,0.0019014719348236814,0,0,0,0,0,29,0.062392526322389605,0.06244580349147779,5.3277169088185306e-05,0.058755663208520152,0.059687784798495215,0.00093212158997506289,0.0019006970408915992,0,0,0,0,0,1,-1.0952022876092047e-05,0.00041222622546165756,0.015249263421061251,0.0052297468588006569,5.4692021379429034e-05
5,2,0,0.031572484027273924,0.00099682174765246701,1,-1,1,0,3,9,0.062487674894522588,0.062495834987817793,8.1600932952050065e-06,0.061436882171216657,0.061600915884625844,0.00016403371340918682,0.00033262655736508685,0,0,0,0,0,8,0.062487674894522588,0.062495432903325175,7.7580088025872018e-06,0.061436882171216657,0.061600915884625844,0.00016403371340918682,0.00033254142303279342,0,0,0,0,0,1,-1.0043282997191817e-05,0.000162951269843352,0.007869930343081746,0.0035956094103121584,4.0751920995163201e-05
5,2,0,0.031572484027273924,0.00099682174765246701,1,-1,3,1,1,2827,0.00023923721943659205,0.071077380145696201,0.070838142926259604,0,0.10000000000000001,0.10000000000000001,0.13593277709752721,0,0,1,1,0.00070746374248319773,2074,0.0011207471647765176,0.062494996664442956,0.061374249499666439,1.9464165050185191e-05,0.061600915884625844,0.061581451719575658,0.09564082392125435,0,0,0,0,0,0.99540148567385922,-0.0050025844613229963,0.0019110809792945438,0.029466856891677076,0,0.015028379261344687
5,2,0,0.031572484027273924,0.00099682174765246701,-1,1,3,1,1,1929,0.00023923721943659205,0.023151894102366778,0.022912656882930184,0,0.10000000000000001,0.10000000000000001,0.1048086361015555,0,0,1,1,0.0010368066355624676,0,nan,nan,nan,nan,nan,nan,0,0,0,0,0,nan,0,-0.0095032800024141585,-2.5437532072778714e-08,0,0,0.038013120009656648
5,2,0,0.031572484027273924,0.00099682174765246701,-1,1,3,1,2,1564,0.047784039550105961,0.071077380145696201,0.02329334059559024,0.062405810212829239,0.10000000000000001,0.037594189787170766,0.080149232268319409,0,0,0,1,0.0012787723785166241,0,nan,nan,nan,nan,nan,nan,0,0,0,0,0,nan,0.46994884910485935,-0.0077638393186036962,-1.0540491397213967e-05,0.032736618357363571,0,0.031055357274416901
5,2,0,0.031572484027273924,0.00099682174765246701,-1,-1,3,1,1,1929,0.00023923721943659205,0.023151894102366778,0.022912656882930184,0,0.10000000000000001,0.10000000000000001,0.1048086361015555,0,0,1,1,0.0010368066355624676,0,nan,nan,nan,nan,nan,nan,0,0,0,0,0,nan,0,-0.0095032800024141585,-2.5437532072778714e-08,0,0,0.038013120009656648
5,2,0,0.031572484027273924,0.00099682174765246701,-1,-1,3,1,2,1564,0.047784039550105961,0.071077380145696201,0.02329334059559024,0.062405810212829239,0.10000000000000001,0.037594189787170766,0.080149232268319409,0,0,0,1,0.0012787723785166241,0,nan,nan,nan,nan,nan,nan,0,0,0,0,0,nan,0.46994884910485935,-0.0077638393186036962,-1.0540491397213967e-05,0.013010606567915162,0,0.031055357274416901
6,1,2,0.035299330196731683,0.0012460427123378935,1,1,1,0,1,2753,9.9683416987031466e-05,0.062498190079980635,0.062398506662993604,0,0.10000000000000001,0.10000000000000001,0.13591805775238455,0,0,1,1,0.00072648020341445699,2283,0.00010673782521681122,0.062498137865537609,0.062391400040320795,1.6795215169008126e-06,0.083388925950633755,0.083387246429116851,0.11856638140432496,0,0,0,0,0,0.98801307664366145,-2.3141082105977664e-05,0.0019053401303142064,0.025202590066862887,0,0.0018415244346148298
6,1,2,0.035299330196731683,0.0012460427123378935,1,1,3,1,1,2827,0.00029905025096109444,0.071097338740199661,0.070798288489238567,0,0.10000000000000001,0.10000000000000001,0.13588618427908922,0,0,1,1,0.00070746374248319773,2073,0.0011741160773849233,0.062494996664442956,0.061320880587058035,2.1185727149279996e-05,0.061575559023529222,0.061554373296379944,0.095571895867527901,0,0,0,0,0,0.99540148567385922,-0.0050134019242161626,0.0019053401303142064,0.040380507263491433,0,0.015066004279673282
6,1,2,0.035299330196731683,0.0012460427123378935,1,-1,1,0,1,4033,0.0016582709991118817,0.06239576379234564,0.06073749279323376,1.2796490449818439e-05,0.058627039901145955,0.05861424341069614,0.1897329257896162,0,0,0,0,0,2170,0.0016582709991118817,0.062394625282437187,0.060736354283325307,3.9938653464256918e-05,0.058627039901145955,0.058587101247681697,0.18099764613189373,0,0,0,0,0,0.85841805107860158,-1.6645199840641127e-05,0.0019053401303142064,0.01647602180909406,0,0.0010047904628181523
6,1,2,0.035299330196731683,0.0012460427123378935,1,-1,1,0,2,31,0.062393527656955994,0.06244685003055913,5.332237360313602e-05,0.058756339207754679,0.059660527542193434,0.00090418833443875468,0.0018450943644490018,0,0,0,0,0,29,0.062393527656955994,0.062445677776922288,5.215011996629465e-05,0.058756339207754679,0.059660527542193434,0.00090418833443875468,0.0018443218213960574,0,0,0,0,0,1,-1.3405983035515358e-05,0.00040546044623516022,0.015101298080308185,0.0050174583980544824,6.4125254576523301e-05
6,1,2,0.035299330196731683,0.0012460427123378935,1,-1,1,0,3,9,0.062488602087357001,0.062495726810330471,7.1247229734699991e-06,0.061437589320709071,0.061575559023529222,0.00013796970282015097,0.00028002986848872852,0,0,0,0,0,8,0.062488602087357001,0.062495325022157829,6.7229348008276957e-06,0.061437589320709071,0.061575559023529222,0.00013796970282015097,0.00027995126787433829,0,0,0,0,0,1,-1.2501556981291608e-05,0.00014978019452711725,0.0074438003839586448,0.0030901032905828775,5.0516809056329089e-05
6,1,2,0.035299330196731683,0.0012460427123378935,1,-1,3,1,1,2827,0.00029905025096109444,0.071097338740199661,0.070798288489238567,0,0.10000000000000001,0.10000000000000001,0.13588618427908922,0,0,1,1,0.00070746374248319773,2073,0.0011741160773849233,0.062494996664442956,0.061320880587058035,2.1185727149279996e-05,0.061575559023529222,0.061554373296379944,0.095571895867527901,0,0,0,0,0,0.99540148567385922,-0.0050134019242161626,0.0019053401303142064,0.029427907441013999,0,0.015066004279673282
6,1,2,0.035299330196731683,0.0012460427123378935,-1,1,3,1,1,1931,0.00029905025096109444,0.023299453114140327,0.023000402863179233,0,0.10000000000000001,0.10000000000000001,0.10484988507478288,0,0,1,1,0.0010357327809425167,0,nan,nan,nan,nan,nan,nan,0,0,0,0,0,nan,0,-0.0095063098428645899,-3.9747134488841588e-08,0,0,0.038025239371458401
6,1,2,0.035299330196731683,0.0012460427123378935,-1,1,3,1,2,1569,0.04770974980806391,0.071097338740199661,0.023387588932135751,0.062346069236571613,0.10000000000000001,0.037653930763428392,0.080310356803171903,0,0,0,1,0.0012746972594008922,0,nan,nan,nan,nan,nan,nan,0,0,0,0,0,nan,0.4697259400892288,-0.0077826876474141196,-1.362212053781185e-05,0.032731734914848931,0,0.031130750589656534
6,1,2,0.035299330196731683,0.0012460427123378935,-1,-1,3,1,1,1931,0.00029905025096109444,0.023299453114140327,0.023000402863179233,0,0.10000000000000001,0.10000000000000001,0.10484988507478288,0,0,1,1,0.0010357327809425167,0,nan,nan,nan,nan,nan,nan,0,0,0,0,0,nan,0,-0.0095063098428645899,-3.9747134488841588e-08,0,0,0.038025239371458401
6,1,2,0.035299330196731683,0.0012460427123378935,-1,-1,3,1,2,1569,0.04770974980806391,0.071097338740199661,0.023387588932135751,0.062346069236571613,0.10000000000000001,0.037653930763428392,0.080310356803171903,0,0,0,1,0.0012746972594008922,0,nan,nan,nan,nan,nan,nan,0,0,0,0,0,nan,0.4697259400892288,-0.0077826876474141196,-1.362212053781185e-05,0.012998570735271506,0,0.031130750589656534
7,2,1,0.035299330196731683,0.0012460427123378935,1,1,1,0,1,2753,9.9683416987031466e-05,0.062498190079980635,0.062398506662993604,0,0.10000000000000001,0.10000000000000001,0.13591805775238455,0,0,1,1,0.00072648020341445699,2283,0.00010673782521681122,0.062498137865537609,0.062391400040320795,1.6795215169008126e-06,0.083388925950633755,0.083387246429116851,0.11856638140432496,0,0,0,0,0,0.98801307664366145,-2.3141082105977664e-05,0.0019053401303142064,0.025202590066862887,0,0.0018415244346148298
7,2,1,0.035299330196731683,0.0012460427123378935,1,1,3,1,1,2827,0.00029905025096109444,0.071097338740199661,0.070798288489238567,0,0.10000000000000001,0.10000000000000001,0.13588618427908922,0,0,1,1,0.00070746374248319773,2073,0.0011741160773849233,0.062494996664442956,0.061320880587058035,2.1185727149279996e-05,0.061575559023529222,0.061554373296379944,0.095571895867527901,0,0,0,0,0,0.99540148567385922,-0.0050134019242161626,0.0019053401303142064,0.040380507263491433,0,0.015066004279673282
7,2,1,0.035299330196731683,0.0012460427123378935,1,-1,1,0,1,4033,0.0016582709991118817,0.06239576379234564,0.06073749279323376,1.2796490449818439e-05,0.058627039901145955,0.05861424341069614,0.1897329257896162,0,0,0,0,0,2170,0.0016582709991118817,0.062394625282437187,0.060736354283325307,3.9938653464256918e-05,0.058627039901145955,0.058587101247681697,0.18099764613189373,0,0,0,0,0,0.85841805107860158,-1.6645199840641127e-05,0.0019053401303142064,0.01647602180909406,0,0.0010047904628181523
7,2,1,0.035299330196731683,0.0012460427123378935,1,-1,1,0,2,31,0.062393527656955994,0.06244685003055913,5.332237360313602e-05,0.058756339207754679,0.059660527542193434,0.00090418833443875468,0.0018450943644490018,0,0,0,0,0,29,0.062393527656955994,0.062445677776922288,5.215011996629465e-05,0.058756339207754679,0.059660527542193434,0.00090418833443875468,0.0018443218213960574,0,0,0,0,0,1,-1.3405983035515358e-05,0.00040546044623516022,0.015101298080308185,0.0050174583980544824,6.4125254576523301e-05
7,2,1,0.035299330196731683,0.0012460427123378935,1,-1,1,0,3,9,0.062488602087357001,0.062495726810330471,7.1247229734699991e-06,0.061437589320709071,0.061575559023529222,0.00013796970282015097,0.00028002986848872852,0,0,0,0,0,8,0.062488602087357001,0.062495325022157829,6.7229348008276957e-06,0.061437589320709071,0.061575559023529222,0.00013796970282015097,0.00027995126787433829,0,0,0,0,0,1,-1.2501556981291608e-05,0.00014978019452711725,0.0074438003839586448,0.0030901032905828775,5.0516809056329089e-05
7,2,1,0.035299330196731683,0.0012460427123378935,1,-1,3,1,1,2827,0.00029905025096109444,0.071097338740199661,0.070798288489238567,0,0.10000000000000001,0.10000000000000001,0.13588618427908922,0,0,1,1,0.00070746374248319773,2073,0.0011741160773849233,0.062494996664442956,0.061320880587058035,2.1185727149279996e-05,0.061575559023529222,0.061554373296379944,0.095571895867527901,0,0,0,0,0,0.99540148567385922,-0.0050134019242161626,0.0019053401303142064,0.029427907441013999,0,0.015066004279673282
7,2,1,0.035299330196731683,0.0012460427123378935,-1,1,3,1,1,1931,0.00029905025096109444,0.023299453114140327,0.023000402863179233,0,0.10000000000000001,0.10000000000000001,0.10484988507478288,0,0,1,1,0.0010357327809425167,0,nan,nan,nan,nan,nan,nan,0,0,0,0,0,nan,0,-0.0095063098428645899,-3.9747134488841588e-08,0,0,0.038025239371458401
7,2,1,0.035299330196731683,0.0012460427123378935,-1,1,3,1,2,1569,0.04770974980806391,0.071097338740199661,0.023387588932135751,0.062346069236571613,0.10000000000000001,0.037653930763428392,0.080310356803171903,0,0,0,1,0.0012746972594008922,0,nan,nan,nan,nan,nan,nan,0,0,0,0,0,nan,0.4697259400892288,-0.0077826876474141196,-1.362212053781185e-05,0.032731734914848931,0,0.031130750589656534
7,2,1,0.035299330196731683,0.0012460427123378935,-1,-1,3,1,1,1931,0.00029905025096109444,0.023299453114140327,0.023000402863179233,0,0.10000000000000001,0.10000000000000001,0.10484988507478288,0,0,1,1,0.0010357327809425167,0,nan,nan,nan,nan,nan,nan,0,0,0,0,0,nan,0,-0.0095063098428645899,-3.9747134488841588e-08,0,0,0.038025239371458401
7,2,1,0.035299330196731683,0.0012460427123378935,-1,-1,3,1,2,1569,0.04770974980806391,0.071097338740199661,0.023387588932135751,0.062346069236571613,0.10000000000000001,0.037653930763428392,0.080310356803171903,0,0,0,1,0.0012746972594008922,0,nan,nan,nan,nan,nan,nan,0,0,0,0,0,nan,0.4697259400892288,-0.0077826876474141196,-1.362212053781185e-05,0.012998570735271506,0,0.031130750589656534
8,2,2,0.044650235109178697,0.001993643495304934,1,1,1,0,1,2752,0.00015949147962439469,0.062498463787537331,0.062338972307912938,0,0.10000000000000001,0.10000000000000001,0.13588884910127602,0,0,1,1,0.00072674418604651162,2279,0.00042695130086724481,0.062498412340466498,0.062071461039599256,1.7741157593444657e-05,0.083388925950633741,0.083371184793040301,0.11827795363801837,0,0,0,0,0,0.98473837209302328,-3.0049789585119353e-05,0.001888134496321167,0.024997594304631138,0,0.0018838588326702062
8,2,2,0.044650235109178697,0.001993643495304934,1,1,3,1,1,2825,0.00047847443887318416,0.071157238547146201,0.070678764108273021,0,0.10000000000000001,0.10000000000000001,0.13574665660064186,0,0,1,1,0.0010619469026548673,2069,0.0013342228152101402,0.062494996664442949,0.061160773849232811,2.6775907671909825e-05,0.061509400941895907,0.061482625034223998,0.095375005971116797,0,0,0,0,0,0.99539823008849559,-0.0050458671447487259,0.001888134496321167,0.040331966884839414,0,0.015178954773163262
8,2,2,0.044650235109178697,0.001993643495304934,1,-1,1,0,1,4029,0.0017264218812783098,0.062395369851063774,0.060668947969785461,2.0700274153333673e-05,0.058546764891297079,0.058526064617143748,0.18919746557643252,0,0,0,0,0,2173,0.0017264218812783098,0.062394218897643981,0.060667797016365668,4.360607381042718e-05,0.058546764891297079,0.058503158817486654,0.18094927107721881,0,0,0,0,0,0.79374534623976167,-2.3788178898532225e-05,0.001888134496321167,0.016297652442489104,0,0.0010138308940436721
8,2,2,0.044650235109178697,0.001993643495304934,1,-1,1,0,2,29,0.062396531411101602,0.062446482673030317,4.9951261928714297e-05,0.058758227475287139,0.059580474863157477,0.00082224738787033819,0.0016795913549396933,0,0,0,0,0,27,0.062396531411101602,0.062445304962746639,4.8773551645037161e-05,0.058758227475287139,0.059580474863157477,0.00082224738787033819,0.001678829492421162,0,0,0,0,0,1,-2.0758522856354262e-05,0.00038490739115220441,0.01450236615943689,0.0043208290385539335,9.2430314789330745e-05
8,2,2,0.044650235109178697,0.001993643495304934,1,-1,3,1,1,2825,0.00047847443887318416,0.071157238547146201,0.070678764108273021,0,0.10000000000000001,0.10000000000000001,0.13574665660064186,0,0,1,1,0.0010619469026548673,2069,0.0013342228152101402,0.062494996664442949,0.061160773849232811,2.6775907671909825e-05,0.061509400941895907,0.061482625034223998,0.095375005971116797,0,0,0,0,0,0.99539823008849559,-0.0050458671447487259,0.001888134496321167,0.029307324683718224,0,0.015178954773163262
8,2,2,0.044650235109178697,0.001993643495304934,-1,1,3,1,1,1936,0.00047847443887318416,0.023748066070530743,0.023269591631657559,0,0.10000000000000001,0.10000000000000001,0.10497808053729858,0,0,1,1,0.0010330578512396695,0,nan,nan,nan,nan,nan,nan,0,0,0,0,0,nan,0,-0.009515001910002813,-1.0175012829111486e-07,0,0,0.038060007640011252
8,2,2,0.044650235109178697,0.001993643495304934,-1,1,3,1,2,1580,0.047480731619069724,0.071157238547146201,0.023676506928076477,0.062167196905594545,0.10000000000000001,0.037832803094405461,0.080797681901922422,0,0,0,1,0.0012658227848101266,0,nan,nan,nan,nan,nan,nan,0,0,0,0,0,nan,0.46962025316455697,-0.0078396994996372364,-2.1005269417239992e-05,0.032673419258123594,0,0.031358797998550743
8,2,2,0.044650235109178697,0.001993643495304934,-1,-1,3,1,1,1936,0.00047847443887318416,0.023748066070530743,0.023269591631657559,0,0.10000000000000001,0.10000000000000001,0.10497808053729858,0,0,1,1,0.0010330578512396695,0,nan,nan,nan,nan,nan,nan,0,0,0,0,0,nan,0,-0.009515001910002813,-1.0175012829111486e-07,0,0,0.038060007640011252
8,2,2,0.044650235109178697,0.001993643495304934,-1,-1,3,1,2,1580,0.047480731619069724,0.071157238547146201,0.023676506928076477,0.062167196905594545,0.10000000000000001,0.037832803094405461,0.080797681901922422,0,0,0,1,0.0012658227848101266,0,nan,nan,nan,nan,nan,nan,0,0,0,0,0,nan,0.46962025316455697,-0.0078396994996372364,-2.1005269417239992e-05,0.012958231661299597,0,0.031358797998550743
9,0,3,0.047356267073247985,0.0022426160311127914,1,1,1,0,1,2751,0.00017940928248902333,0.06249855392658786,0.062319144644098837,0,0.10000000000000001,0.10000000000000001,0.13588027745684572,0,0,1,1,0.00072700836059614682,2279,0.00021347565043362241,0.062498460552868916,0.062284984902435295,4.6003843012759631e-06,0.083388925950633755,0.083384325566332476,0.11850307345677755,0,0,0,0,0,0.98473282442748089,-3.2416262962700418e-05,0.0018824107784136737,0.02493614944153219,0,0.0018979579978891099
9,0,3,0.047356267073247985,0.0022426160311127914,1,1,3,1,1,2823,0.00053822784746706989,0.071177195917669633,0.070638968070202562,0,0.10000000000000001,0.10000000000000001,0.13570035510485584,0,0,1,1,0.00070846617074034714,2067,0.0013875917278185455,0.062494996664442956,0.061107404936624407,2.8784123035911697e-05,0.061491591112305129,0.061462806989269217,0.09531360452980038,0,0,0,0,0,0.99574920297555791,-0.0050566839279124563,0.0018824107784136737,0.040322366821997184,0,0.015216597998608253
9,0,3,0.047356267073247985,0.0022426160311127914,1,-1,1,0,1,4029,0.0017500559876442573,0.062395240053428336,0.060645184065784077,2.3061972195934862e-05,0.058520395269190145,0.058497333296994213,0.18903482309687689,0,0,0,0,0,2173,0.0017500559876442573,0.062394085141841971,0.060644029154197712,4.8070729243259778e-05,0.058520395269190145,0.058472324539946885,0.18085836447449849,0,0,0,0,0,0.77364110201042446,-2.6176731538955414e-05,0.0018824107784136737,0.01623658552544659,0,0.0010168729135394427
9,0,3,0.047356267073247985,0.0022426160311127914,1,-1,1,0,2,27,0.062397531747515916,0.062446361633127251,4.88298856113345e-05,0.058758812059917703,0.059554581771693441,0.0007957697117757373,0.001626067019100675,0,0,0,0,0,25,0.062397531747515916,0.062445182225780389,4.765047826447294e-05,0.058758812059917703,0.059554581771693441,0.0007957697117757373,0.0016253099820098742,0,0,0,0,0,1,-2.3204222105207097e-05,0.0003779722268089191,0.014194984200148249,0.0040634297090115252,0.00010185927420918254
9,0,3,0.047356267073247985,0.0022426160311127914,1,-1,3,1,1,2823,0.00053822784746706989,0.071177195917669633,0.070638968070202562,0,0.10000000000000001,0.10000000000000001,0.13570035510485584,0,0,1,1,0.00070846617074034714,2067,0.0013875917278185455,0.062494996664442956,0.061107404936624407,2.8784123035911697e-05,0.061491591112305129,0.061462806989269217,0.09531360452980038,0,0,0,0,0,0.99574920297555791,-0.0050566839279124563,0.0018824107784136737,0.029276701686325953,0,0.015216597998608253
9,0,3,0.047356267073247985,0.0022426160311127914,-1,1,3,1,1,1937,0.00053822784746706989,0.023899575573175694,0.023361347725708623,0,0.10000000000000001,0.10000000000000001,0.10502235936051579,0,0,1,1,0.0010325245224574084,0,nan,nan,nan,nan,nan,nan,0,0,0,0,0,nan,0,-0.0095177579010942027,-1.2875076257290465e-07,0,0,0.038071031604376825
9,0,3,0.047356267073247985,0.0022426160311127914,-1,1,3,1,2,1583,0.047402405574218751,0.071177195917669633,0.023774790343450883,0.062107738427694612,0.10000000000000001,0.037892261572305394,0.080961312052134096,0,0,0,1,0.0012634238787113076,0,nan,nan,nan,nan,nan,nan,0,0,0,0,0,nan,0.46999368288060644,-0.007858830100615808,-2.2573672594525738e-05,0.032647632036251602,0,0.031435320402464176
9,0,3,0.047356267073247985,0.0022426160311127914,-1,-1,3,1,1,1937,0.00053822784746706989,0.023899575573175694,0.023361347725708623,0,0.10000000000000001,0.10000000000000001,0.10502235936051579,0,0,1,1,0.0010325245224574084,0,nan,nan,nan,nan,nan,nan,0,0,0,0,0,nan,0,-0.0095177579010942027,-1.2875076257290465e-07,0,0,0.038071031604376825
9,0,3,0.047356267073247985,0.0022426160311127914,-1,-1,3,1,2,1583,0.047402405574218751,0.071177195917669633,0.023774790343450883,0.062107738427694612,0.10000000000000001,0.037892261572305394,0.080961312052134096,0,0,0,1,0.0012634238787113076,0,nan,nan,nan,nan,nan,nan,0,0,0,0,0,nan,0.46999368288060644,-0.007858830100615808,-2.2573672594525738e-05,0.012944903511206193,0,0.031435320402464176
10,3,0,0.047356267073247985,0.0022426160311127914,1,1,1,0,1,2751,0.00017940928248902333,0.06249855392658786,0.062319144644098837,0,0.10000000000000001,0.10000000000000001,0.13588027745684572,0,0,1,1,0.00072700836059614682,2279,0.00021347565043362241,0.062498460552868916,0.062284984902435295,4.6003843012759631e-06,0.083388925950633755,0.083384325566332476,0.11850307345677755,0,0,0,0,0,0.98473282442748089,-3.2416262962700418e-05,0.0018824107784136737,0.02493614944153219,0,0.0018979579978891099
10,3,0,0.047356267073247985,0.0022426160311127914,1,1,3,1,1,2823,0.00053822784746706989,0.071177195917669633,0.070638968070202562,0,0.10000000000000001,0.10000000000000001,0.13570035510485584,0,0,1,1,0.00070846617074034714,2067,0.0013875917278185455,0.062494996664442956,0.061107404936624407,2.8784123035911697e-05,0.061491591112305129,0.061462806989269217,0.09531360452980038,0,0,0,0,0,0.99574920297555791,-0.0050566839279124563,0.0018824107784136737,0.040322366821997184,0,0.015216597998608253
10,3,0,0.047356267073247985,0.0022426160311127914,1,-1,1,0,1,4029,0.0017500559876442573,0.062395240053428336,0.060645184065784077,2.3061972195934862e-05,0.058520395269190145,0.058497333296994213,0.18903482309687689,0,0,0,0,0,2173,0.0017500559876442573,0.062394085141841971,0.060644029154197712,4.8070729243259778e-05,0.058520395269190145,0.058472324539946885,0.18085836447449849,0,0,0,0,0,0.77364110201042446,-2.6176731538955414e-05,0.0018824107784136737,0.01623658552544659,0,0.0010168729135394427
10,3,0,0.047356267073247985,0.0022426160311127914,1,-1,1,0,2,27,0.062397531747515916,0.062446361633127251,4.88298856113345e-05,0.058758812059917703,0.059554581771693441,0.0007957697117757373,0.001626067019100675,0,0,0,0,0,25,0.062397531747515916,0.062445182225780389,4.765047826447294e-05,0.058758812059917703,0.059554581771693441,0.0007957697117757373,0.0016253099820098742,0,0,0,0,0,1,-2.3204222105207097e-05,0.0003779722268089191,0.014194984200148249,0.0040634297090115252,0.00010185927420918254
10,3,0,0.047356267073247985,0.0022426160311127914,1,-1,3,1,1,2823,0.00053822784746706989,0.071177195917669633,0.070638968070202562,0,0.10000000000000001,0.10000000000000001,0.13570035510485584,0,0,1,1,0.00070846617074034714,2067,0.0013875917278185455,0.062494996664442956,0.061107404936624407,2.8784123035911697e-05,0.061491591112305129,0.061462806989269217,0.09531360452980038,0,0,0,0,0,0.99574920297555791,-0.0050566839279124563,0.0018824107784136737,0.029276701686325953,0,0.015216597998608253
10,3,0,0.047356267073247985,0.0022426160311127914,-1,1,3,1,1,1937,0.00053822784746706989,0.023899575573175694,0.023361347725708623,0,0.10000000000000001,0.10000000000000001,0.10502235936051579,0,0,1,1,0.0010325245224574084,0,nan,nan,nan,nan,nan,nan,0,0,0,0,0,nan,0,-0.0095177579010942027,-1.2875076257290465e-07,0,0,0.038071031604376825
10,3,0,0.047356267073247985,0.0022426160311127914,-1,1,3,1,2,1583,0.047402405574218751,0.071177195917669633,0.023774790343450883,0.062107738427694612,0.10000000000000001,0.037892261572305394,0.080961312052134096,0,0,0,1,0.0012634238787113076,0,nan,nan,nan,nan,nan,nan,0,0,0,0,0,nan,0.46999368288060644,-0.007858830100615808,-2.2573672594525738e-05,0.032647632036251602,0,0.031435320402464176
10,3,0,0.047356267073247985,0.0022426160311127914,-1,-1,3,1,1,1937,0.00053822784746706989,0.023899575573175694,0.023361347725708623,0,0.10000000000000001,0.10000000000000001,0.10502235936051579,0,0,1,1,0.0010325245224574084,0,nan,nan,nan,nan,nan,nan,0,0,0,0,0,nan,0,-0.0095177579010942027,-1.2875076257290465e-07,0,0,0.038071031604376825
10,3,0,0.047356267073247985,0.0022426160311127914,-1,-1,3,1,2,1583,0.047402405574218751,0.071177195917669633,0.023774790343450883,0.062107738427694612,0.10000000000000001,0.037892261572305394,0.080961312052134096,0,0,0,1,0.0012634238787113076,0,nan,nan,nan,nan,nan,nan,0,0,0,0,0,nan,0.46999368288060644,-0.007858830100615808,-2.2573672594525738e-05,0.012944903511206193,0,0.031435320402464176
11,1,3,0.049918303214334298,0.0024918369957982181,1,1,1,0,1,2751,0.00019934695966385743,0.062498643652422539,0.062299296692758681,0,0.10000000000000001,0.10000000000000001,0.1358705705888904,0,0,1,1,0.00072700836059614682,2280,0.00026684456304202801,0.062498550686115963,0.062231706123073938,7.4853873252767477e-06,0.083388925950633755,0.083381440563308484,0.11846087047956579,0,0,0,0,0,0.98618684114867317,-3.4672820721431811e-05,0.0018766823917626403,0.02486653256125558,0,0.0019120715267896236
11,1,3,0.049918303214334298,0.0024918369957982181,1,1,3,1,1,2823,0.00059804087899157233,0.071197175098161702,0.070599134219170134,0,0.10000000000000001,0.10000000000000001,0.13565403928231595,0,0,1,1,0.00070846617074034714,2066,0.0014409606404269513,0.062494996664442956,0.061054036024016003,3.0862832986720952e-05,0.06147411999549228,0.061443257162505559,0.095252546133633015,0,0,0,0,0,0.99574920297555791,-0.0050675130012511069,0.0018766823917626403,0.04032027833506481,0,0.015254289379731261
11,1,3,0.049918303214334298,0.0024918369957982181,1,-1,1,0,1,4025,0.0017743803942368995,0.06239511082059699,0.060620730426360091,2.5381070795380276e-05,0.058494244682871226,0.058468863612075844,0.1888798658678959,0,0,0,0,0,2172,0.0017743803942368995,0.062393952038478494,0.060619571644241595,4.6971889609428455e-05,0.058494244682871226,0.058447272793261798,0.18078586119716622,0,0,0,0,0,0.75751552795031052,-2.8566245248025664e-05,0.0018766823917626403,0.016182381116256622,0,0.0010200102685067288
11,1,3,0.049918303214334298,0.0024918369957982181,1,-1,1,0,2,27,0.062398533082082305,0.062446241119172172,4.7708037089866373e-05,0.058759376279372236,0.05952888640287432,0.00076951012350208459,0.0015729644103168532,0,0,0,0,0,25,0.062398533082082305,0.062445060072166436,4.6526990084130859e-05,0.058759376279372236,0.05952888640287432,0.00076951012350208459,0.0015722128604785746,0,0,0,0,0,1,-2.5650905952199209e-05,0.00037098235300122206,0.014027715167988073,0.0037889834314350384,0.00011129892050552813
11,1,3,0.049918303214334298,0.0024918369957982181,1,-1,3,1,1,2823,0.00059804087899157233,0.071197175098161702,0.070599134219170134,0,0.10000000000000001,0.10000000000000001,0.13565403928231595,0,0,1,1,0.00070846617074034714,2066,0.0014409606404269513,0.062494996664442956,0.061054036024016003,3.0862832986720952e-05,0.06147411999549228,0.061443257162505559,0.095252546133633015,0,0,0,0,0,0.99574920297555791,-0.0050675130012511069,0.0018766823917626403,0.029236468899229671,0,0.015254289379731261
11,1,3,0.049918303214334298,0.0024918369957982181,-1,1,3,1,1,1939,0.00059804087899157233,0.024052332252311664,0.023454291373320092,0,0.10000000000000001,0.10000000000000001,0.10506751294034844,0,0,1,1,0.0010314595152140279,0,nan,nan,nan,nan,nan,nan,0,0,0,0,0,nan,0,-0.009520443596991942,-1.589568413088944e-07,0,0,0.038081774387967803
11,1,3,0.049918303214334298,0.0024918369957982181,-1,1,3,1,2,1586,0.047322880348091172,0.071197175098161702,0.023874294750070531,0.062048283312888378,0.10000000000000001,0.037951716687111628,0.081125839631445401,0,0,0,1,0.0012610340479192938,0,nan,nan,nan,nan,nan,nan,0,0,0,0,0,nan,0.46910466582597732,-0.0078780638628657557,-2.5403103744333119e-05,0.03266433107947108,0,0.031512255451464494
11,1,3,0.049918303214334298,0.0024918369957982181,-1,-1,3,1,1,1939,0.00059804087899157233,0.024052332252311664,0.023454291373320092,0,0.10000000000000001,0.10000000000000001,0.10506751294034844,0,0,1,1,0.0010314595152140279,0,nan,nan,nan,nan,nan,nan,0,0,0,0,0,nan,0,-0.009520443596991942,-1.589568413088944e-07,0,0,0.038081774387967803
11,1,3,0.049918303214334298,0.0024918369957982181,-1,-1,3,1,2,1586,0.047322880348091172,0.071197175098161702,0.023874294750070531,0.062048283312888378,0.10000000000000001,0.037951716687111628,0.081125839631445401,0,0,0,1,0.0012610340479192938,0,nan,nan,nan,nan,nan,nan,0,0,0,0,0,nan,0.46910466582597732,-0.0078780638628657557,-2.5403103744333119e-05,0.012933827443440191,0,0.031512255451464494
12,3,1,0.049918303214334298,0.0024918369957982181,1,1,1,0,1,2751,0.00019934695966385743,0.062498643652422539,0.062299296692758681,0,0.10000000000000001,0.10000000000000001,0.1358705705888904,0,0,1,1,0.00072700836059614682,2280,0.00026684456304202801,0.062498550686115963,0.062231706123073938,7.4853873252767477e-06,0.083388925950633755,0.083381440563308484,0.11846087047956579,0,0,0,0,0,0.98618684114867317,-3.4672820721431811e-05,0.0018766823917626403,0.02486653256125558,0,0.0019120715267896236
12,3,1,0.049918303214334298,0.0024918369957982181,1,1,3,1,1,2823,0.00059804087899157233,0.071197175098161702,0.070599134219170134,0,0.10000000000000001,0.10000000000000001,0.13565403928231595,0,0,1,1,0.00070846617074034714,2066,0.0014409606404269513,0.062494996664442956,0.061054036024016003,3.0862832986720952e-05,0.06147411999549228,0.061443257162505559,0.095252546133633015,0,0,0,0,0,0.99574920297555791,-0.0050675130012511069,0.0018766823917626403,0.04032027833506481,0,0.015254289379731261
12,3,1,0.049918303214334298,0.0024918369957982181,1,-1,1,0,1,4025,0.0017743803942368995,0.06239511082059699,0.060620730426360091,2.5381070795380276e-05,0.058494244682871226,0.058468863612075844,0.1888798658678959,0,0,0,0,0,2172,0.0017743803942368995,0.062393952038478494,0.060619571644241595,4.6971889609428455e-05,0.058494244682871226,0.058447272793261798,0.18078586119716622,0,0,0,0,0,0.75751552795031052,-2.8566245248025664e-05,0.0018766823917626403,0.016182381116256622,0,0.0010200102685067288
12,3,1,0.049918303214334298,0.0024918369957982181,1,-1,1,0,2,27,0.062398533082082305,0.062446241119172172,4.7708037089866373e-05,0.058759376279372236,0.05952888640287432,0.00076951012350208459,0.0015729644103168532,0,0,0,0,0,25,0.062398533082082305,0.062445060072166436,4.6526990084130859e-05,0.058759376279372236,0.05952888640287432,0.00076951012350208459,0.0015722128604785746,0,0,0,0,0,1,-2.5650905952199209e-05,0.00037098235300122206,0.014027715167988073,0.0037889834314350384,0.00011129892050552813
12,3,1,0.049918303214334298,0.0024918369957982181,1,-1,3,1,1,2823,0.00059804087899157233,0.071197175098161702,0.070599134219170134,0,0.10000000000000001,0.10000000000000001,0.13565403928231595,0,0,1,1,0.00070846617074034714,2066,0.0014409606404269513,0.062494996664442956,0.061054036024016003,3.0862832986720952e-05,0.06147411999549228,0.061443257162505559,0.095252546133633015,0,0,0,0,0,0.99574920297555791,-0.0050675130012511069,0.0018766823917626403,0.029236468899229671,0,0.015254289379731261
12,3,1,0.049918303214334298,0.0024918369957982181,-1,1,3,1,1,1939,0.00059804087899157233,0.024052332252311664,0.023454291373320092,0,0.10000000000000001,0.10000000000000001,0.10506751294034844,0,0,1,1,0.0010314595152140279,0,nan,nan,nan,nan,nan,nan,0,0,0,0,0,nan,0,-0.009520443596991942,-1.589568413088944e-07,0,0,0.038081774387967803
12,3,1,0.049918303214334298,0.0024918369957982181,-1,1,3,1,2,1586,0.047322880348091172,0.071197175098161702,0.023874294750070531,0.062048283312888378,0.10000000000000001,0.037951716687111628,0.081125839631445401,0,0,0,1,0.0012610340479192938,0,nan,nan,nan,nan,nan,nan,0,0,0,0,0,nan,0.46910466582597732,-0.0078780638628657557,-2.5403103744333119e-05,0.03266433107947108,0,0.031512255451464494
12,3,1,0.049918303214334298,0.0024918369957982181,-1,-1,3,1,1,1939,0.00059804087899157233,0.024052332252311664,0.023454291373320092,0,0.10000000000000001,0.10000000000000001,0.10506751294034844,0,0,1,1,0.0010314595152140279,0,nan,nan,nan,nan,nan,nan,0,0,0,0,0,nan,0,-0.009520443596991942,-1.589568413088944e-07,0,0,0.038081774387967803
12,3,1,0.049918303214334298,0.0024918369957982181,-1,-1,3,1,2,1586,0.047322880348091172,0.071197175098161702,0.023874294750070531,0.062048283312888378,0.10000000000000001,0.037951716687111628,0.081125839631445401,0,0,0,1,0.0012610340479192938,0,nan,nan,nan,nan,nan,nan,0,0,0,0,0,nan,0.46910466582597732,-0.0078780638628657557,-2.5403103744333119e-05,0.012933827443440191,0,0.031512255451464494
13,2,3,0.056916059058628246,0.0032394377787652584,1,1,1,0,1,2750,0.00025915502230122067,0.062498909811790009,0.062239754789488788,0,0.10000000000000001,0.10000000000000001,0.13584016650371461,0,0,1,1,0.00072727272727272723,2275,0.00037358238825883916,0.062498766561310169,0.06212518417305133,9.3263831136582939e-06,0.083388925950633755,0.083379599567520099,0.1183874500588335,0,0,0,0,0,0.98472727272727267,-4.1434837372746335e-05,0.0018595097928343744,0.024658037189172557,0,0.0019544103629742264
13,2,3,0.056916059058628246,0.0032394377787652584,1,1,3,1,1,2821,0.00077746506690366194,0.071257145307099076,0.070479680240195408,0,0.10000000000000001,0.10000000000000001,0.13551617658419607,0,0,1,1,0.00070896845090393477,2062,0.0016010673782521682,0.062494996664442956,0.060893929286190786,3.7541554570869829e-05,0.061430222185360622,0.061392680630789752,0.095077852376786953,0,0,0,0,0,0.99574618929457637,-0.0051000162624341757,0.0018595097928343744,0.040266141257406754,0,0.015367449340005526
13,2,3,0.056916059058628246,0.0032394377787652584,1,-1,1,0,1,31,0.0018508402931673917,0.0026045500967410472,0.00075370980357365551,3.3387334425936248e-05,0.0001029126806594731,6.9525346233536845e-05,0.0015164298691356807,0,0,0,0,0,19,0.0018508402931673917,0.0025617078052034689,0.00071086751203607718,5.3030325164696417e-05,0.0001029126806594731,4.9882355494776684e-05,0.0014259389375286444,0,0,0,0,0,0.61290322580645162,-9.0079489720359743e-07,2.6828069879839647e-06,0.00073979896788797035,0,5.8921347963734394e-06
13,2,3,0.056916059058628246,0.0032394377787652584,1,-1,1,0,2,3987,0.002707505720700621,0.06239472729511767,0.059687221574417047,8.6943949607353496e-05,0.058417220810729073,0.058330276861121723,0.18671925917973287,0,0,0,0,0,2159,0.002707505720700621,0.06239355744335992,0.059686051722659297,9.4365833941461929e-05,0.058417220810729073,0.058322854976787609,0.17917610429089267,0,0,0,0,0,0.71682969651366946,-3.5725648986273909e-05,0.0018595097928343744,0.016144251186588326,0,0.0010294062214671186
13,2,3,0.056916059058628246,0.0032394377787652584,1,-1,1,0,3,25,0.062401536836227907,0.06244588346348752,4.434662725961297e-05,0.058760950720595312,0.059453576868159524,0.00069262614756421259,0.0014173653563798964,0,0,0,0,0,23,0.062401536836227907,0.062444697846391624,4.3161010163716984e-05,0.058760950720595312,0.059453576868159524,0.00069262614756421259,0.0014166342816585161,0,0,0,0,0,1,-3.2981605570970473e-05,0.00034971054187705151,0.013334329343393394,0.0028162244701817117,0.00013962316105174585
13,2,3,0.056916059058628246,0.0032394377787652584,1,-1,3,1,1,2821,0.00077746506690366194,0.071257145307099076,0.070479680240195408,0,0.10000000000000001,0.10000000000000001,0.13551617658419607,0,0,1,1,0.00070896845090393477,2062,0.0016010673782521682,0.062494996664442956,0.060893929286190786,3.7541554570869829e-05,0.061430222185360622,0.061392680630789752,0.095077852376786953,0,0,0,0,0,0.99574618929457637,-0.0051000162624341757,0.0018595097928343744,0.02911021994320772,0,0.015367449340005526
13,2,3,0.056916059058628246,0.0032394377787652584,-1,1,1,0,1,9,0,0.00025915502230122067,0.00025915502230122067,0,0.0002592002694191284,0.0002592002694191284,0.00036653255269201784,1,0,1,0,0.22222222222222221,0,nan,nan,nan,nan,nan,nan,0,0,0,0,0,nan,0,-6.8551923852546976e-13,6.7987296906571423e-12,0,0,6.0455780240154944e-07
13,2,3,0.056916059058628246,0.0032394377787652584,-1,1,3,1,1,1945,0.00077746506690366194,0.024517493964774869,0.023740028897871208,0,0.10000000000000001,0.10000000000000001,0.10520825462641835,0,0,1,1,0.0010282776349614395,0,nan,nan,nan,nan,nan,nan,0,0,0,0,0,nan,0,-0.0095280378062716047,-2.6864530233578468e-07,0,0,0.03811215122508646
13,2,3,0.056916059058628246,0.0032394377787652584,-1,1,3,1,2,1597,0.047077466592346462,0.071257145307099076,0.024179678714752614,0.061870264489098756,0.10000000000000001,0.03812973551090125,0.081623989502397257,0,0,0,1,0.0012523481527864746,0,nan,nan,nan,nan,nan,nan,0,0,0,0,0,nan,0.46900438321853477,-0.0079362454501751955,-3.2486215525732969e-05,0.032604783417461487,0,0.031744981800701115
13,2,3,0.056916059058628246,0.0032394377787652584,-1,-1,3,1,1,1945,0.00077746506690366194,0.024517493964774869,0.023740028897871208,0,0.10000000000000001,0.10000000000000001,0.10520825462641835,0,0,1,1,0.0010282776349614395,0,nan,nan,nan,nan,nan,nan,0,0,0,0,0,nan,0,-0.0095280378062716047,-2.6864530233578468e-07,0,0,0.03811215122508646
13,2,3,0.056916059058628246,0.0032394377787652584,-1,-1,3,1,2,1597,0.047077466592346462,0.071257145307099076,0.024179678714752614,0.061870264489098756,0.10000000000000001,0.03812973551090125,0.081623989502397257,0,0,0,1,0.0012523481527864746,0,nan,nan,nan,nan,nan,nan,0,0,0,0,0,nan,0.46900438321853477,-0.0079362454501751955,-3.2486215525732969e-05,0.012892183790608393,0,0.031744981800701115
14,3,2,0.056916059058628246,0.0032394377787652584,1,1,1,0,1,2750,0.00025915502230122067,0.062498909811790009,0.062239754789488788,0,0.10000000000000001,0.10000000000000001,0.13584016650371461,0,0,1,1,0.00072727272727272723,2275,0.00037358238825883916,0.062498766561310169,0.06212518417305133,9.3263831136582939e-06,0.083388925950633755,0.083379599567520099,0.1183874500588335,0,0,0,0,0,0.98472727272727267,-4.1434837372746335e-05,0.0018595097928343744,0.024658037189172557,0,0.0019544103629742264
14,3,2,0.056916059058628246,0.0032394377787652584,1,1,3,1,1,2821,0.00077746506690366194,0.071257145307099076,0.070479680240195408,0,0.10000000000000001,0.10000000000000001,0.13551617658419607,0,0,1,1,0.00070896845090393477,2062,0.0016010673782521682,0.062494996664442956,0.060893929286190786,3.7541554570869829e-05,0.061430222185360622,0.061392680630789752,0.095077852376786953,0,0,0,0,0,0.99574618929457637,-0.0051000162624341757,0.0018595097928343744,0.040266141257406754,0,0.015367449340005526
14,3,2,0.056916059058628246,0.0032394377787652584,1,-1,1,0,1,31,0.0018508402931673917,0.0026045500967410472,0.00075370980357365551,3.3387334425936248e-05,0.0001029126806594731,6.9525346233536845e-05,0.0015164298691356807,0,0,0,0,0,19,0.0018508402931673917,0.0025617078052034689,0.00071086751203607718,5.3030325164696417e-05,0.0001029126806594731,4.9882355494776684e-05,0.0014259389375286444,0,0,0,0,0,0.61290322580645162,-9.0079489720359743e-07,2.6828069879839647e-06,0.00073979896788797035,0,5.8921347963734394e-06
14,3,2,0.056916059058628246,0.0032394377787652584,1,-1,1,0,2,3987,0.002707505720700621,0.06239472729511767,0.059687221574417047,8.6943949607353496e-05,0.058417220810729073,0.058330276861121723,0.18671925917973287,0,0,0,0,0,2159,0.002707505720700621,0.06239355744335992,0.059686051722659297,9.4365833941461929e-05,0.058417220810729073,0.058322854976787609,0.17917610429089267,0,0,0,0,0,0.71682969651366946,-3.5725648986273909e-05,0.0018595097928343744,0.016144251186588326,0,0.0010294062214671186
14,3,2,0.056916059058628246,0.0032394377787652584,1,-1,1,0,3,25,0.062401536836227907,0.06244588346348752,4.434662725961297e-05,0.058760950720595312,0.059453576868159524,0.00069262614756421259,0.0014173653563798964,0,0,0,0,0,23,0.062401536836227907,0.062444697846391624,4.3161010163716984e-05,0.058760950720595312,0.059453576868159524,0.00069262614756421259,0.0014166342816585161,0,0,0,0,0,1,-3.2981605570970473e-05,0.00034971054187705151,0.013334329343393394,0.0028162244701817117,0.00013962316105174585
14,3,2,0.056916059058628246,0.0032394377787652584,1,-1,3,1,1,2821,0.00077746506690366194,0.071257145307099076,0.070479680240195408,0,0.10000000000000001,0.10000000000000001,0.13551617658419607,0,0,1,1,0.00070896845090393477,2062,0.0016010673782521682,0.062494996664442956,0.060893929286190786,3.7541554570869829e-05,0.061430222185360622,0.061392680630789752,0.095077852376786953,0,0,0,0,0,0.99574618929457637,-0.0051000162624341757,0.0018595097928343744,0.02911021994320772,0,0.015367449340005526
14,3,2,0.056916059058628246,0.0032394377787652584,-1,1,1,0,1,9,0,0.00025915502230122067,0.00025915502230122067,0,0.0002592002694191284,0.0002592002694191284,0.00036653255269201784,1,0,1,0,0.22222222222222221,0,nan,nan,nan,nan,nan,nan,0,0,0,0,0,nan,0,-6.8551923852546976e-13,6.7987296906571423e-12,0,0,6.0455780240154944e-07
14,3,2,0.056916059058628246,0.0032394377787652584,-1,1,3,1,1,1945,0.00077746506690366194,0.024517493964774869,0.023740028897871208,0,0.10000000000000001,0.10000000000000001,0.10520825462641835,0,0,1,1,0.0010282776349614395,0,nan,nan,nan,nan,nan,nan,0,0,0,0,0,nan,0,-0.0095280378062716047,-2.6864530233578468e-07,0,0,0.03811215122508646
14,3,2,0.056916059058628246,0.0032394377787652584,-1,1,3,1,2,1597,0.047077466592346462,0.071257145307099076,0.024179678714752614,0.061870264489098756,0.10000000000000001,0.03812973551090125,0.081623989502397257,0,0,0,1,0.0012523481527864746,0,nan,nan,nan,nan,nan,nan,0,0,0,0,0,nan,0.46900438321853477,-0.0079362454501751955,-3.2486215525732969e-05,0.032604783417461487,0,0.031744981800701115
14,3,2,0.056916059058628246,0.0032394377787652584,-1,-1,3,1,1,1945,0.00077746506690366194,0.024517493964774869,0.023740028897871208,0,0.10000000000000001,0.10000000000000001,0.10520825462641835,0,0,1,1,0.0010282776349614395,0,nan,nan,nan,nan,nan,nan,0,0,0,0,0,nan,0,-0.0095280378062716047,-2.6864530233578468e-07,0,0,0.03811215122508646
14,3,2,0.056916059058628246,0.0032394377787652584,-1,-1,3,1,2,1597,0.047077466592346462,0.071257145307099076,0.024179678714752614,0.061870264489098756,0.10000000000000001,0.03812973551090125,0.081623989502397257,0,0,0,1,0.0012523481527864746,0,nan,nan,nan,nan,nan,nan,0,0,0,0,0,nan,0.46900438321853477,-0.0079362454501751955,-3.2486215525732969e-05,0.012892183790608393,0,0.031744981800701115
15,0,4,0.063137099529621057,0.0039862933370132759,1,1,1,0,1,2749,0.00031890346696106204,0.062499171270656725,0.062180267803695663,0,0.10000000000000001,0.10000000000000001,0.13580935124575738,0,0,1,1,0.00072753728628592216,2264,0.00048032021347565041,0.062498901534158463,0.06201858132068281,1.0349528574844913e-05,0.083388925950633755,0.083378576422058912,0.11829840739524136,0,0,0,0,0,0.97999272462713716,-4.8548561680408256e-05,0.0018423704382289623,0.02444317512774824,0,0.001996709643338829
15,0,4,0.063137099529621057,0.0039862933370132759,1,1,3,1,1,2819,0.00095671040088318618,0.071317097127152285,0.070360386726269097,0,0.10000000000000001,0.10000000000000001,0.13538045913551644,0,0,1,1,0.00070947144377438804,2058,0.0017611741160773848,0.062492666050530839,0.060731491934453451,4.491550607821773e-05,0.061374249499666432,0.061329333993588211,0.094890877470634127,0,0,0,0,0,0.99574317133735368,-0.0051325096229139083,0.0018423704382289623,0.040205542099241605,0,0.015480621035125187
15,0,4,0.063137099529621057,0.0039862933370132759,1,-1,1,0,1,23,0.0019325403415727947,0.0024772091046488904,0.00054466876307609569,4.1620599853671968e-05,9.2434191506085664e-05,5.0813591652413697e-05,0.0010961184536011886,0,0,0,0,0,14,0.0019325403415727947,0.0024549699799866578,0.00052242963841386304,5.7842879750010606e-05,9.2434191506085664e-05,3.4591311756075058e-05,0.0010483647772298152,0,0,0,0,0,0.60869565217391308,-8.3311617577827445e-07,1.8795974840812742e-06,0.00062043818652462285,0,4.7240084632409689e-06
15,0,4,0.063137099529621057,0.0039862933370132759,1,-1,1,0,2,3981,0.0027789676139650353,0.062394350296631207,0.059615382682666168,9.2184070944229912e-05,0.058342219942199625,0.058250035871255393,0.18632361335253469,0,0,0,0,0,2156,0.0027789676139650353,0.062393170178065553,0.059614202564100521,0.00010142420916476406,0.058342219942199625,0.05824079573303486,0.17892778860163416,0,0,0,0,0,0.67972871137905044,-4.2653760935807793e-05,0.0018423704382289623,0.015982214885988843,0,0.0010387884599460855
15,0,4,0.063137099529621057,0.0039862933370132759,1,-1,1,0,3,23,0.06240453759616605,0.062445531884941854,4.0994288775804411e-05,0.058762363002250143,0.059381213992130741,0.00061885098988059828,0.0012678716752965594,0,0,0,0,0,21,0.06240453759616605,0.062444342211071362,3.9804614905311619e-05,0.058762363002250143,0.059381213992130741,0.00061885098988059828,0.0012671671004102528,0,0,0,0,0,1,-4.0291894648626223e-05,0.00032796441584226268,0.012550885584017391,0.0012631385261647114,0.00016793058946639605
15,0,4,0.063137099529621057,0.0039862933370132759,1,-1,3,1,1,2819,0.00095671040088318618,0.071317097127152285,0.070360386726269097,0,0.10000000000000001,0.10000000000000001,0.13538045913551644,0,0,1,1,0.00070947144377438804,2058,0.0017611741160773848,0.062492666050530839,0.060731491934453451,4.491550607821773e-05,0.061374249499666432,0.061329333993588211,0.094890877470634127,0,0,0,0,0,0.99538843561546653,-0.0051325096229139083,0.0018423704382289623,0.028977907247371908,0,0.015480621035125187
15,0,4,0.063137099529621057,0.0039862933370132759,-1,1,1,0,1,11,0,0.00031890346696106204,0.00031890346696106204,0,0.00031897207219164247,0.00031897207219164247,0.0004510461438376398,1,0,1,0,0.18181818181818182,0,nan,nan,nan,nan,nan,nan,0,0,0,0,0,nan,0,-8.8114339065366885e-13,9.3213311163328194e-12,0,0,9.1549239982366608e-07
15,0,4,0.063137099529621057,0.0039862933370132759,-1,1,3,1,1,1951,0.00095671040088318618,0.024993377869449183,0.024036667468565996,0,0.10000000000000001,0.10000000000000001,0.10535749261070039,0,0,1,1,0.0010251153254741158,0,nan,nan,nan,nan,nan,nan,0,0,0,0,0,nan,0,-0.0095348768071982018,-4.0679768495914075e-07,0,0,0.038139507228792842
15,0,4,0.063137099529621057,0.0039862933370132759,-1,1,3,1,2,1609,0.046821092541228633,0.071317097127152285,0.024496004585923652,0.061692914579457338,0.10000000000000001,0.038307085420542668,0.082129377509272766,0,0,0,1,0.001243008079552517,0,nan,nan,nan,nan,nan,nan,0,0,0,0,0,nan,0.46799254195152268,-0.0079951794943919369,-4.0340283412124298e-05,0.032522498349869415,0,0.031980717977569136
15,0,4,0.063137099529621057,0.0039862933370132759,-1,-1,3,1,1,1951,0.00095671040088318618,0.024993377869449183,0.024036667468565996,0,0.10000000000000001,0.10000000000000001,0.10535749261070039,0,0,1,1,0.0010251153254741158,0,nan,nan,nan,nan,nan,nan,0,0,0,0,0,nan,0,-0.0095348768071982018,-4.0679768495914075e-07,0,0,0.038139507228792842
15,0,4,0.063137099529621057,0.0039862933370132759,-1,-1,3,1,2,1609,0.046821092541228633,0.071317097127152285,0.024496004585923652,0.061692914579457338,0.10000000000000001,0.038307085420542668,0.082129377509272766,0,0,0,1,0.001243008079552517,0,nan,nan,nan,nan,nan,nan,0,0,0,0,0,nan,0.46799254195152268,-0.0079951794943919369,-4.0340283412124298e-05,0.012840196677612667,0,0.031980717977569136
16,4,0,0.063137099529621057,0.0039862933370132759,1,1,1,0,1,2749,0.00031890346696106204,0.062499171270656725,0.062180267803695663,0,0.10000000000000001,0.10000000000000001,0.13580935124575738,0,0,1,1,0.00072753728628592216,2264,0.00048032021347565041,0.062498901534158463,0.06201858132068281,1.0349528574844913e-05,0.083388925950633755,0.083378576422058912,0.11829840739524136,0,0,0,0,0,0.97999272462713716,-4.8548561680408256e-05,0.0018423704382289623,0.02444317512774824,0,0.001996709643338829
16,4,0,0.063137099529621057,0.0039862933370132759,1,1,3,1,1,2819,0.00095671040088318618,0.071317097127152285,0.070360386726269097,0,0.10000000000000001,0.10000000000000001,0.13538045913551644,0,0,1,1,0.00070947144377438804,2058,0.0017611741160773848,0.062492666050530839,0.060731491934453451,4.491550607821773e-05,0.061374249499666432,0.061329333993588211,0.094890877470634127,0,0,0,0,0,0.99574317133735368,-0.0051325096229139083,0.0018423704382289623,0.040205542099241605,0,0.015480621035125187
16,4,0,0.063137099529621057,0.0039862933370132759,1,-1,1,0,1,23,0.0019325403415727947,0.0024772091046488904,0.00054466876307609569,4.1620599853671968e-05,9.2434191506085664e-05,5.0813591652413697e-05,0.0010961184536011886,0,0,0,0,0,14,0.0019325403415727947,0.0024549699799866578,0.00052242963841386304,5.7842879750010606e-05,9.2434191506085664e-05,3.4591311756075058e-05,0.0010483647772298152,0,0,0,0,0,0.60869565217391308,-8.3311617577827445e-07,1.8795974840812742e-06,0.00062043818652462285,0,4.7240084632409689e-06
16,4,0,0.063137099529621057,0.0039862933370132759,1,-1,1,0,2,3981,0.0027789676139650353,0.062394350296631207,0.059615382682666168,9.2184070944229912e-05,0.058342219942199625,0.058250035871255393,0.18632361335253469,0,0,0,0,0,2156,0.0027789676139650353,0.062393170178065553,0.059614202564100521,0.00010142420916476406,0.058342219942199625,0.05824079573303486,0.17892778860163416,0,0,0,0,0,0.67972871137905044,-4.2653760935807793e-05,0.0018423704382289623,0.015982214885988843,0,0.0010387884599460855
16,4,0,0.063137099529621057,0.0039862933370132759,1,-1,1,0,3,23,0.06240453759616605,0.062445531884941854,4.0994288775804411e-05,0.058762363002250143,0.059381213992130741,0.00061885098988059828,0.0012678716752965594,0,0,0,0,0,21,0.06240453759616605,0.062444342211071362,3.9804614905311619e-05,0.058762363002250143,0.059381213992130741,0.00061885098988059828,0.0012671671004102528,0,0,0,0,0,1,-4.0291894648626223e-05,0.00032796441584226268,0.012550885584017391,0.0012631385261647114,0.00016793058946639605
16,4,0,0.063137099529621057,0.0039862933370132759,1,-1,3,1,1,2819,0.00095671040088318618,0.071317097127152285,0.070360386726269097,0,0.10000000000000001,0.10000000000000001,0.13538045913551644,0,0,1,1,0.00070947144377438804,2058,0.0017611741160773848,0.062492666050530839,0.060731491934453451,4.491550607821773e-05,0.061374249499666432,0.061329333993588211,0.094890877470634127,0,0,0,0,0,0.99538843561546653,-0.0051325096229139083,0.0018423704382289623,0.028977907247371908,0,0.015480621035125187
16,4,0,0.063137099529621057,0.0039862933370132759,-1,1,1,0,1,11,0,0.00031890346696106204,0.00031890346696106204,0,0.00031897207219164247,0.00031897207219164247,0.0004510461438376398,1,0,1,0,0.18181818181818182,0,nan,nan,nan,nan,nan,nan,0,0,0,0,0,nan,0,-8.8114339065366885e-13,9.3213311163328194e-12,0,0,9.1549239982366608e-07
16,4,0,0.063137099529621057,0.0039862933370132759,-1,1,3,1,1,1951,0.00095671040088318618,0.024993377869449183,0.024036667468565996,0,0.10000000000000001,0.10000000000000001,0.10535749261070039,0,0,1,1,0.0010251153254741158,0,nan,nan,nan,nan,nan,nan,0,0,0,0,0,nan,0,-0.0095348768071982018,-4.0679768495914075e-07,0,0,0.038139507228792842
16,4,0,0.063137099529621057,0.0039862933370132759,-1,1,3,1,2,1609,0.046821092541228633,0.071317097127152285,0.024496004585923652,0.061692914579457338,0.10000000000000001,0.038307085420542668,0.082129377509272766,0,0,0,1,0.001243008079552517,0,nan,nan,nan,nan,nan,nan,0,0,0,0,0,nan,0.46799254195152268,-0.0079951794943919369,-4.0340283412124298e-05,0.032522498349869415,0,0.031980717977569136
16,4,0,0.063137099529621057,0.0039862933370132759,-1,-1,3,1,1,1951,0.00095671040088318618,0.024993377869449183,0.024036667468565996,0,0.10000000000000001,0.10000000000000001,0.10535749261070039,0,0,1,1,0.0010251153254741158,0,nan,nan,nan,nan,nan,nan,0,0,0,0,0,nan,0,-0.0095348768071982018,-4.0679768495914075e-07,0,0,0.038139507228792842
16,4,0,0.063137099529621057,0.0039862933370132759,-1,-1,3,1,2,1609,0.046821092541228633,0.071317097127152285,0.024496004585923652,0.061692914579457338,0.10000000000000001,0.038307085420542668,0.082129377509272766,0,0,0,1,0.001243008079552517,0,nan,nan,nan,nan,nan,nan,0,0,0,0,0,nan,0.46799254195152268,-0.0079951794943919369,-4.0340283412124298e-05,0.012840196677612667,0,0.031980717977569136
17,1,4,0.065080828987488334,0.0042355143016987026,1,1,1,0,1,2748,0.00033884114413589613,0.062499257543056692,0.062160416398920795,0,0.10000000000000001,0.10000000000000001,0.13579495699831351,0,0,1,1,0.000727802037845706,2261,0.00053368912608405602,0.062498988804615213,0.061965299678531156,1.1246695166845185e-05,0.083388925950633755,0.083377679255466908,0.11825356650060476,0,0,0,0,0,0.97852983988355169,-5.0828730721048681e-05,0.0018366543141551818,0.024378958292567896,0,0.0020108252372337439
17,1,4,0.065080828987488334,0.0042355143016987026,1,1,3,1,1,2817,0.0010165234324076885,0.071337111746991394,0.07032058831458371,0,0.10000000000000001,0.10000000000000001,0.13533528887741603,0,0,1,1,0.00070997515086971955,2057,0.0018145430286857903,0.062493514717245992,0.0606789716885602,4.7529184529117327e-05,0.061374249499666446,0.061326720315137327,0.094847278944070051,0,0,0,0,0,0.9957401490947817,-0.0051433574077139948,0.0018366543141551818,0.04018936569632104,0,0.015518413252196503
17,1,4,0.065080828987488334,0.0042355143016987026,1,-1,1,0,1,21,0.001961102469179671,0.0024426450844213642,0.00048154261524169326,4.3795630818929919e-05,9.0433420579160182e-05,4.6637789760230264e-05,0.00097027969724451603,0,0,0,0,0,14,0.001961102469179671,0.002401601067378252,0.00044049859819858105,5.670355931651803e-05,9.0433420579160182e-05,3.3729861262642152e-05,0.00088448091781251131,0,0,0,0,0,0.66666666666666663,-8.269479839109173e-07,1.6851208635892992e-06,0.00064481299277735786,0,4.5004416920859427e-06
17,1,4,0.065080828987488334,0.0042355143016987026,1,-1,1,0,2,3981,0.0028037258908725727,0.062394225848271881,0.059590499957399311,9.3795277568254425e-05,0.058317544934489998,0.058223749656921744,0.18619791736004382,0,0,0,0,0,2156,0.0028037258908725727,0.06239304247569346,0.059589316584820889,0.00010423119323445549,0.058317544934489998,0.058213313741255546,0.17883828386981498,0,0,0,0,0,0.66641547349912078,-4.4996792928882372e-05,0.0018366543141551818,0.015924771090993897,0,0.0010420707585506481
17,1,4,0.065080828987488334,0.0042355143016987026,1,-1,1,0,3,21,0.062405538930732446,0.062445415825281091,3.9876894548644681e-05,0.058762802107077274,0.059357841444657375,0.00059503933758010136,0.0012195760438520097,0,0,0,0,0,19,0.062405538930732446,0.062444224907898173,3.8685977165726915e-05,0.058762802107077274,0.059357841444657375,0.00059503933758010136,0.001218881640765872,0,0,0,0,0,0.95238095238095233,-4.2728375230799287e-05,0.00032058753732639448,0.012092547529913001,0,0.00017737912976707935
17,1,4,0.065080828987488334,0.0042355143016987026,1,-1,3,1,1,2817,0.0010165234324076885,0.071337111746991394,0.07032058831458371,0,0.10000000000000001,0.10000000000000001,0.13533528887741603,0,0,1,1,0.00070997515086971955,2057,0.0018145430286857903,0.062493514717245992,0.0606789716885602,4.7529184529117327e-05,0.061374249499666446,0.061326720315137327,0.094847278944070051,0,0,0,0,0,0.9957401490947817,-0.0051433574077139948,0.0018366543141551818,0.028941005730350682,0,0.015518413252196503
17,1,4,0.065080828987488334,0.0042355143016987026,-1,1,1,0,1,13,0,0.00033884114413589613,0.00033884114413589613,0,0.00033891809455133183,0.00033891809455133183,0.00047924818546773778,1,0,1,0,0.15384615384615385,0,nan,nan,nan,nan,nan,nan,0,0,0,0,0,nan,0,-9.9605308899420297e-13,5.0186234882755925e-11,0,0,1.0335548826463935e-06
17,1,4,0.065080828987488334,0.0042355143016987026,-1,1,3,1,1,1952,0.0010165234324076885,0.025154863007591628,0.02413833957518394,0,0.10000000000000001,0.10000000000000001,0.10540938864725213,0,0,1,1,0.0010245901639344263,0,nan,nan,nan,nan,nan,nan,0,0,0,0,0,nan,0,-0.0095369789467109247,-4.5925328383729274e-07,0,0,0.03814791578684374
17,1,4,0.065080828987488334,0.0042355143016987026,-1,1,3,1,2,1613,0.046732873094074763,0.071337111746991394,0.024604238652916631,0.061633842543546632,0.10000000000000001,0.038366157456453373,0.082299910812223265,0,0,0,1,0.0012399256044637321,0,nan,nan,nan,nan,nan,nan,0,0,0,0,0,nan,0.46745195288282704,-0.0080150356073977868,-4.2877479093623243e-05,0.032473599896097764,0,0.032060142429592639
17,1,4,0.065080828987488334,0.0042355143016987026,-1,-1,3,1,1,1952,0.0010165234324076885,0.025154863007591628,0.02413833957518394,0,0.10000000000000001,0.10000000000000001,0.10540938864725213,0,0,1,1,0.0010245901639344263,0,nan,nan,nan,nan,nan,nan,0,0,0,0,0,nan,0,-0.0095369789467109247,-4.5925328383729274e-07,0,0,0.03814791578684374
17,1,4,0.065080828987488334,0.0042355143016987026,-1,-1,3,1,2,1613,0.046732873094074763,0.071337111746991394,0.024604238652916631,0.061633842543546632,0.10000000000000001,0.038366157456453373,0.082299910812223265,0,0,0,1,0.0012399256044637321,0,nan,nan,nan,nan,nan,nan,0,0,0,0,0,nan,0.46745195288282704,-0.0080150356073977868,-4.2877479093623243e-05,0.012816064881322186,0,0.032060142429592639
18,4,1,0.065080828987488334,0.0042355143016987026,1,1,1,0,1,2748,0.00033884114413589613,0.062499257543056692,0.062160416398920795,0,0.10000000000000001,0.10000000000000001,0.13579495699831351,0,0,1,1,0.000727802037845706,2261,0.00053368912608405602,0.062498988804615213,0.061965299678531156,1.1246695166845185e-05,0.083388925950633755,0.083377679255466908,0.11825356650060476,0,0,0,0,0,0.97852983988355169,-5.0828730721048681e-05,0.0018366543141551818,0.024378958292567896,0,0.0020108252372337439
18,4,1,0.065080828987488334,0.0042355143016987026,1,1,3,1,1,2817,0.0010165234324076885,0.071337111746991394,0.07032058831458371,0,0.10000000000000001,0.10000000000000001,0.13533528887741603,0,0,1,1,0.00070997515086971955,2057,0.0018145430286857903,0.062493514717245992,0.0606789716885602,4.7529184529117327e-05,0.061374249499666446,0.061326720315137327,0.094847278944070051,0,0,0,0,0,0.9957401490947817,-0.0051433574077139948,0.0018366543141551818,0.04018936569632104,0,0.015518413252196503
18,4,1,0.065080828987488334,0.0042355143016987026,1,-1,1,0,1,21,0.001961102469179671,0.0024426450844213642,0.00048154261524169326,4.3795630818929919e-05,9.0433420579160182e-05,4.6637789760230264e-05,0.00097027969724451603,0,0,0,0,0,14,0.001961102469179671,0.002401601067378252,0.00044049859819858105,5.670355931651803e-05,9.0433420579160182e-05,3.3729861262642152e-05,0.00088448091781251131,0,0,0,0,0,0.66666666666666663,-8.269479839109173e-07,1.6851208635892992e-06,0.00064481299277735786,0,4.5004416920859427e-06
18,4,1,0.065080828987488334,0.0042355143016987026,1,-1,1,0,2,3981,0.0028037258908725727,0.062394225848271881,0.059590499957399311,9.3795277568254425e-05,0.058317544934489998,0.058223749656921744,0.18619791736004382,0,0,0,0,0,2156,0.0028037258908725727,0.06239304247569346,0.059589316584820889,0.00010423119323445549,0.058317544934489998,0.058213313741255546,0.17883828386981498,0,0,0,0,0,0.66641547349912078,-4.4996792928882372e-05,0.0018366543141551818,0.015924771090993897,0,0.0010420707585506481
18,4,1,0.065080828987488334,0.0042355143016987026,1,-1,1,0,3,21,0.062405538930732446,0.062445415825281091,3.9876894548644681e-05,0.058762802107077274,0.059357841444657375,0.00059503933758010136,0.0012195760438520097,0,0,0,0,0,19,0.062405538930732446,0.062444224907898173,3.8685977165726915e-05,0.058762802107077274,0.059357841444657375,0.00059503933758010136,0.001218881640765872,0,0,0,0,0,0.95238095238095233,-4.2728375230799287e-05,0.00032058753732639448,0.012092547529913001,0,0.00017737912976707935
18,4,1,0.065080828987488334,0.0042355143016987026,1,-1,3,1,1,2817,0.0010165234324076885,0.071337111746991394,0.07032058831458371,0,0.10000000000000001,0.10000000000000001,0.13533528887741603,0,0,1,1,0.00070997515086971955,2057,0.0018145430286857903,0.062493514717245992,0.0606789716885602,4.7529184529117327e-05,0.061374249499666446,0.061326720315137327,0.094847278944070051,0,0,0,0,0,0.9957401490947817,-0.0051433574077139948,0.0018366543141551818,0.028941005730350682,0,0.015518413252196503
18,4,1,0.065080828987488334,0.0042355143016987026,-1,1,1,0,1,13,0,0.00033884114413589613,0.00033884114413589613,0,0.00033891809455133183,0.00033891809455133183,0.00047924818546773778,1,0,1,0,0.15384615384615385,0,nan,nan,nan,nan,nan,nan,0,0,0,0,0,nan,0,-9.9605308899420297e-13,5.0186234882755925e-11,0,0,1.0335548826463935e-06
18,4,1,0.065080828987488334,0.0042355143016987026,-1,1,3,1,1,1952,0.0010165234324076885,0.025154863007591628,0.02413833957518394,0,0.10000000000000001,0.10000000000000001,0.10540938864725213,0,0,1,1,0.0010245901639344263,0,nan,nan,nan,nan,nan,nan,0,0,0,0,0,nan,0,-0.0095369789467109247,-4.5925328383729274e-07,0,0,0.03814791578684374
18,4,1,0.065080828987488334,0.0042355143016987026,-1,1,3,1,2,1613,0.046732873094074763,0.071337111746991394,0.024604238652916631,0.061633842543546632,0.10000000000000001,0.038366157456453373,0.082299910812223265,0,0,0,1,0.0012399256044637321,0,nan,nan,nan,nan,nan,nan,0,0,0,0,0,nan,0.46745195288282704,-0.0080150356073977868,-4.2877479093623243e-05,0.032473599896097764,0,0.032060142429592639
18,4,1,0.065080828987488334,0.0042355143016987026,-1,-1,3,1,1,1952,0.0010165234324076885,0.025154863007591628,0.02413833957518394,0,0.10000000000000001,0.10000000000000001,0.10540938864725213,0,0,1,1,0.0010245901639344263,0,nan,nan,nan,nan,nan,nan,0,0,0,0,0,nan,0,-0.0095369789467109247,-4.5925328383729274e-07,0,0,0.03814791578684374
18,4,1,0.065080828987488334,0.0042355143016987026,-1,-1,3,1,2,1613,0.046732873094074763,0.071337111746991394,0.024604238652916631,0.061633842543546632,0.10000000000000001,0.038366157456453373,0.082299910812223265,0,0,0,1,0.0012399256044637321,0,nan,nan,nan,nan,nan,nan,0,0,0,0,0,nan,0.46745195288282704,-0.0080150356073977868,-4.2877479093623243e-05,0.012816064881322186,0,0.032060142429592639
19,3,3,0.066971875158349736,0.0044852320622255828,1,1,1,0,1,2748,0.00035881856497804667,0.062499343502440234,0.062140524937462187,0,0.10000000000000001,0.10000000000000001,0.13577730481974443,0,0,1,1,0.000727802037845706,2255,0.00064042695130086722,0.062499000105786962,0.061858573154486098,1.3377278665483734e-05,0.083388925950633741,0.083375548671968253,0.1181601166368997,0,0,0,0,0,0.97525473071324598,-5.299341682176709e-05,0.0018309292320258586,0.024311200241289729,0,0.0020249692682986586
19,3,3,0.066971875158349736,0.0044852320622255828,1,1,3,1,1,2817,0.0010764556949341398,0.071357168085819628,0.070280712390885486,0,0.10000000000000001,0.10000000000000001,0.13529008546754517,0,0,1,1,0.00070997515086971955,2055,0.0018679119412941961,0.062493390533166451,0.060625478591872256,5.0217490192019385e-05,0.061307538358905941,0.061257320868713924,0.09473697320427886,0,0,0,0,0,0.9957401490947817,-0.0051542282877455655,0.0018309292320258586,0.040177442191836374,0,0.015556291323667646
19,3,3,0.066971875158349736,0.0044852320622255828,1,-1,1,0,1,19,0.0019903351693699675,0.0024095093506884082,0.00041917418131844075,4.5933266213436558e-05,8.842866132533991e-05,4.2495395111903352e-05,0.00084697012594739515,0,0,0,0,0,11,0.0019903351693699675,0.0023482321547698467,0.00035789698539987922,5.9303711902696615e-05,8.842866132533991e-05,2.9124949422643295e-05,0.00071834807243446994,0,0,0,0,0,0.57894736842105265,-8.1535429509191998e-07,1.4931650691433288e-06,0.0005480633844646924,0,4.2682723221453683e-06
19,3,3,0.066971875158349736,0.0044852320622255828,1,-1,1,0,2,3979,0.0028285335208071511,0.062394101826468359,0.059565568305661211,9.538545776581486e-05,0.05829313839853071,0.058197752940764895,0.18607780517074238,0,0,0,0,0,2157,0.0028285335208071511,0.062392915278194377,0.059564381757387229,0.00010512189253765125,0.05829313839853071,0.058188016505993055,0.17909899308187743,0,0,0,0,0,0.65317919075144504,-4.7374826406415153e-05,0.0018309292320258586,0.015867260552281586,0,0.0010453575531121978
19,3,3,0.066971875158349736,0.0044852320622255828,1,-1,1,0,3,21,0.062406542261354211,0.062445300162039662,3.8757900685450208e-05,0.058763227165323097,0.059334745685913404,0.000571518520590307,0.0011718495716812115,0,0,0,0,0,19,0.062406542261354211,0.062444108052916759,3.7565791562547968e-05,0.058763227165323097,0.059334745685913404,0.000571518520590307,0.00117116601532753,0,0,0,0,0,0.95238095238095233,-4.5168248035297107e-05,0.00031313144125029668,0.011892849828930274,0,0.00018684777154032289
19,3,3,0.066971875158349736,0.0044852320622255828,1,-1,3,1,1,2817,0.0010764556949341398,0.071357168085819628,0.070280712390885486,0,0.10000000000000001,0.10000000000000001,0.13529008546754517,0,0,1,1,0.00070997515086971955,2055,0.0018679119412941961,0.062493390533166451,0.060625478591872256,5.0217490192019385e-05,0.061307538358905941,0.061257320868713924,0.09473697320427886,0,0,0,0,0,0.9957401490947817,-0.0051542282877455655,0.0018309292320258586,0.028891059008117847,0,0.015556291323667646
19,3,3,0.066971875158349736,0.0044852320622255828,-1,1,1,0,1,13,0,0.00035881856497804667,0.00035881856497804667,0,0.00035890551816682056,0.00035890551816682056,0.00050750760686751677,1,0,1,0,0.15384615384615385,0,nan,nan,nan,nan,nan,nan,0,0,0,0,0,nan,0,-1.0900781762011538e-12,3.0243000758374712e-11,0,0,1.1590387626730287e-06
19,3,3,0.066971875158349736,0.0044852320622255828,-1,1,3,1,1,1954,0.0010764556949341398,0.025318096210328517,0.024241640515394378,0,0.10000000000000001,0.10000000000000001,0.10546251005494164,0,0,1,1,0.0010235414534288639,0,nan,nan,nan,nan,nan,nan,0,0,0,0,0,nan,0,-0.0095389894546929564,-5.1500305029161861e-07,0,0,0.038155957818771874
19,3,3,0.066971875158349736,0.0044852320622255828,-1,1,3,1,2,1616,0.046643110750114292,0.071357168085819628,0.024714057335705336,0.061574707336794966,0.10000000000000001,0.038425292663205039,0.082471769605743817,0,0,0,1,0.0012376237623762376,0,nan,nan,nan,nan,nan,nan,0,0,0,0,0,nan,0.46658415841584161,-0.0080350226515317619,-4.5378826569708354e-05,0.032488627670635158,0,0.032140090606127061
19,3,3,0.066971875158349736,0.0044852320622255828,-1,-1,3,1,1,1954,0.0010764556949341398,0.025318096210328517,0.024241640515394378,0,0.10000000000000001,0.10000000000000001,0.10546251005494164,0,0,1,1,0.0010235414534288639,0,nan,nan,nan,nan,nan,nan,0,0,0,0,0,nan,0,-0.0095389894546929564,-5.1500305029161861e-07,0,0,0.038155957818771874
19,3,3,0.066971875158349736,0.0044852320622255828,-1,-1,3,1,2,1616,0.046643110750114292,0.071357168085819628,0.024714057335705336,0.061574707336794966,0.10000000000000001,0.038425292663205039,0.082471769605743817,0,0,0,1,0.0012376237623762376,0,nan,nan,nan,nan,nan,nan,0,0,0,0,0,nan,0.46658415841584161,-0.0080350226515317619,-4.5378826569708354e-05,0.012803970276765709,0,0.032140090606127061
20,2,4,0.070591182768570626,0.0049831150846657429,1,1,1,0,1,2747,0.00039864920677325943,0.062499513448179639,0.06210086424140638,0,0.10000000000000001,0.10000000000000001,0.13575240651535406,0,0,1,1,0.00072806698216235891,2248,0.00133422281521014,0.062499089908050448,0.06116486709284031,3.2297135776371218e-05,0.083388925950633755,0.083356628814857378,0.11748823564372732,0,0,0,0,0,0.97196942118674923,-5.736387655738672e-05,0.0018195218627001279,0.024169633819428171,0,0.0020531702969417073
20,2,4,0.070591182768570626,0.0049831150846657429,1,1,3,1,1,2815,0.0011959476203197783,0.071397177302723561,0.070201229682403776,0,0.10000000000000001,0.10000000000000001,0.13519402421558047,0,0,1,1,0.00071047957371225573,2047,0.0019746497665110072,0.062488970867437557,0.060514321100926548,5.5872814649912331e-05,0.060907271514342894,0.060851398699692978,0.094249395212306339,0,0,0,0,0,0.99502664298401422,-0.0051759127269015021,0.0018195218627001279,0.040110326111731036,0,0.015631862463512704
20,2,4,0.070591182768570626,0.0049831150846657429,1,-1,1,0,1,15,0.0020505453199577096,0.0023548179979098979,0.00030427267795218827,5.2255465988439852e-05,8.0805959750134749e-05,2.8550493761694898e-05,0.00061274907853228191,0,0,0,0,0,10,0.0020505453199577096,0.0023482321547698467,0.00029768683481213708,6.0639240373484782e-05,8.0805959750134749e-05,2.0166719376649968e-05,0.00059757463635430239,0,0,0,0,0,0.66666666666666663,-6.008182901747035e-07,1.007035183629904e-06,0.0004790776484853409,0,2.9143063480383705e-06
20,2,4,0.070591182768570626,0.0049831150846657429,1,-1,1,0,2,3977,0.0028795536949334077,0.062393856557725461,0.059514302862792051,9.9186879401510483e-05,0.058245075123981596,0.058145888244580085,0.18584403611440542,0,0,0,0,0,2159,0.0028795536949334077,0.062392663927537159,0.05951311023260375,0.00010997409243314632,0.058245075123981596,0.058135101031548453,0.17892384838260528,0,0,0,0,0,0.63188332914256973,-5.2111851597888591e-05,0.0018195218627001279,0.015769166978509122,0,0.0010322341737577468
20,2,4,0.070591182768570626,0.0049831150846657429,1,-1,1,0,3,19,0.062408542684878041,0.062445071418989397,3.6528734111355987e-05,0.058764032824520557,0.059289456285161649,0.0005254234606410918,0.0010782626237464316,0,0,0,0,0,17,0.062408542684878041,0.06244387709332009,3.5334408442048992e-05,0.058764032824520557,0.059289456285161649,0.0005254234606410918,0.0010776026085939582,0,0,0,0,0,0.94736842105263153,-5.0028447335889538e-05,0.00029806181911964312,0.011204928240757021,0,0.00020572996448487471
20,2,4,0.070591182768570626,0.0049831150846657429,1,-1,3,1,1,2815,0.0011959476203197783,0.071397177302723561,0.070201229682403776,0,0.10000000000000001,0.10000000000000001,0.13519402421558047,0,0,1,1,0.00071047957371225573,2047,0.0019746497665110072,0.062488970867437557,0.060514321100926548,5.5872814649912331e-05,0.060907271514342894,0.060851398699692978,0.094249395212306339,0,0,0,0,0,0.99502664298401422,-0.0051759127269015021,0.0018195218627001279,0.028789151029213537,0,0.015631862463512704
20,2,4,0.070591182768570626,0.0049831150846657429,-1,1,1,0,1,14,0,0.00039864920677325943,0.00039864920677325943,0,0.00039875539466074336,0.00039875539466074336,0.00056385026312329265,1,0,1,0,0.14285714285714285,0,nan,nan,nan,nan,nan,nan,0,0,0,0,0,nan,0,-1.1478269837088425e-12,6.9635612352171892e-11,0,0,1.4306718176595696e-06
20,2,4,0.070591182768570626,0.0049831150846657429,-1,1,3,1,1,1958,0.0011959476203197783,0.025648011756568515,0.024452064136248737,0,0.10000000000000001,0.10000000000000001,0.1055719570928101,0,0,1,1,0.0010214504596527069,0,nan,nan,nan,nan,nan,nan,0,0,0,0,0,nan,0,-0.0095426972294912933,-6.3568476024379588e-07,0,0,0.038170788917965222
20,2,4,0.070591182768570626,0.0049831150846657429,-1,1,3,1,2,1623,0.046459530896492039,0.071397177302723561,0.024937646406231521,0.061456981256894465,0.10000000000000001,0.038543018743105541,0.082817908872003382,0,0,0,1,0.0012322858903265558,0,nan,nan,nan,nan,nan,nan,0,0,0,0,0,nan,0.46580406654343809,-0.0080752208432967165,-5.0247329774787483e-05,0.032410039626131558,0,0.032300883373188552
20,2,4,0.070591182768570626,0.0049831150846657429,-1,-1,3,1,1,1958,0.0011959476203197783,0.025648011756568515,0.024452064136248737,0,0.10000000000000001,0.10000000000000001,0.1055719570928101,0,0,1,1,0.0010214504596527069,0,nan,nan,nan,nan,nan,nan,0,0,0,0,0,nan,0,-0.0095426972294912933,-6.3568476024379588e-07,0,0,0.038170788917965222
20,2,4,0.070591182768570626,0.0049831150846657429,-1,-1,3,1,2,1623,0.046459530896492039,0.071397177302723561,0.024937646406231521,0.061456981256894465,0.10000000000000001,0.038543018743105541,0.082817908872003382,0,0,0,1,0.0012322858903265558,0,nan,nan,nan,nan,nan,nan,0,0,0,0,0,nan,0.46580406654343809,-0.0080752208432967165,-5.0247329774787483e-05,0.012762927568996952,0,0.032300883373188552
21,4,2,0.070591182768570626,0.0049831150846657429,1,1,1,0,1,2747,0.00039864920677325943,0.062499513448179639,0.06210086424140638,0,0.10000000000000001,0.10000000000000001,0.13575240651535406,0,0,1,1,0.00072806698216235891,2248,0.00133422281521014,0.062499089908050448,0.06116486709284031,3.2297135776371218e-05,0.083388925950633755,0.083356628814857378,0.11748823564372732,0,0,0,0,0,0.97196942118674923,-5.736387655738672e-05,0.0018195218627001279,0.024169633819428171,0,0.0020531702969417073
21,4,2,0.070591182768570626,0.0049831150846657429,1,1,3,1,1,2815,0.0011959476203197783,0.071397177302723561,0.070201229682403776,0,0.10000000000000001,0.10000000000000001,0.13519402421558047,0,0,1,1,0.00071047957371225573,2047,0.0019746497665110072,0.062488970867437557,0.060514321100926548,5.5872814649912331e-05,0.060907271514342894,0.060851398699692978,0.094249395212306339,0,0,0,0,0,0.99502664298401422,-0.0051759127269015021,0.0018195218627001279,0.040110326111731036,0,0.015631862463512704
21,4,2,0.070591182768570626,0.0049831150846657429,1,-1,1,0,1,15,0.0020505453199577096,0.0023548179979098979,0.00030427267795218827,5.2255465988439852e-05,8.0805959750134749e-05,2.8550493761694898e-05,0.00061274907853228191,0,0,0,0,0,10,0.0020505453199577096,0.0023482321547698467,0.00029768683481213708,6.0639240373484782e-05,8.0805959750134749e-05,2.0166719376649968e-05,0.00059757463635430239,0,0,0,0,0,0.66666666666666663,-6.008182901747035e-07,1.007035183629904e-06,0.0004790776484853409,0,2.9143063480383705e-06
21,4,2,0.070591182768570626,0.0049831150846657429,1,-1,1,0,2,3977,0.0028795536949334077,0.062393856557725461,0.059514302862792051,9.9186879401510483e-05,0.058245075123981596,0.058145888244580085,0.18584403611440542,0,0,0,0,0,2159,0.0028795536949334077,0.062392663927537159,0.05951311023260375,0.00010997409243314632,0.058245075123981596,0.058135101031548453,0.17892384838260528,0,0,0,0,0,0.63188332914256973,-5.2111851597888591e-05,0.0018195218627001279,0.015769166978509122,0,0.0010322341737577468
21,4,2,0.070591182768570626,0.0049831150846657429,1,-1,1,0,3,19,0.062408542684878041,0.062445071418989397,3.6528734111355987e-05,0.058764032824520557,0.059289456285161649,0.0005254234606410918,0.0010782626237464316,0,0,0,0,0,17,0.062408542684878041,0.06244387709332009,3.5334408442048992e-05,0.058764032824520557,0.059289456285161649,0.0005254234606410918,0.0010776026085939582,0,0,0,0,0,0.94736842105263153,-5.0028447335889538e-05,0.00029806181911964312,0.011204928240757021,0,0.00020572996448487471
21,4,2,0.070591182768570626,0.0049831150846657429,1,-1,3,1,1,2815,0.0011959476203197783,0.071397177302723561,0.070201229682403776,0,0.10000000000000001,0.10000000000000001,0.13519402421558047,0,0,1,1,0.00071047957371225573,2047,0.0019746497665110072,0.062488970867437557,0.060514321100926548,5.5872814649912331e-05,0.060907271514342894,0.060851398699692978,0.094249395212306339,0,0,0,0,0,0.99502664298401422,-0.0051759127269015021,0.0018195218627001279,0.028789151029213537,0,0.015631862463512704
21,4,2,0.070591182768570626,0.0049831150846657429,-1,1,1,0,1,14,0,0.00039864920677325943,0.00039864920677325943,0,0.00039875539466074336,0.00039875539466074336,0.00056385026312329265,1,0,1,0,0.14285714285714285,0,nan,nan,nan,nan,nan,nan,0,0,0,0,0,nan,0,-1.1478269837088425e-12,6.9635612352171892e-11,0,0,1.4306718176595696e-06
21,4,2,0.070591182768570626,0.0049831150846657429,-1,1,3,1,1,1958,0.0011959476203197783,0.025648011756568515,0.024452064136248737,0,0.10000000000000001,0.10000000000000001,0.1055719570928101,0,0,1,1,0.0010214504596527069,0,nan,nan,nan,nan,nan,nan,0,0,0,0,0,nan,0,-0.0095426972294912933,-6.3568476024379588e-07,0,0,0.038170788917965222
21,4,2,0.070591182768570626,0.0049831150846657429,-1,1,3,1,2,1623,0.046459530896492039,0.071397177302723561,0.024937646406231521,0.061456981256894465,0.10000000000000001,0.038543018743105541,0.082817908872003382,0,0,0,1,0.0012322858903265558,0,nan,nan,nan,nan,nan,nan,0,0,0,0,0,nan,0.46580406654343809,-0.0080752208432967165,-5.0247329774787483e-05,0.032410039626131558,0,0.032300883373188552
21,4,2,0.070591182768570626,0.0049831150846657429,-1,-1,3,1,1,1958,0.0011959476203197783,0.025648011756568515,0.024452064136248737,0,0.10000000000000001,0.10000000000000001,0.1055719570928101,0,0,1,1,0.0010214504596527069,0,nan,nan,nan,nan,nan,nan,0,0,0,0,0,nan,0,-0.0095426972294912933,-6.3568476024379588e-07,0,0,0.038170788917965222
21,4,2,0.070591182768570626,0.0049831150846657429,-1,-1,3,1,2,1623,0.046459530896492039,0.071397177302723561,0.024937646406231521,0.061456981256894465,0.10000000000000001,0.038543018743105541,0.082817908872003382,0,0,0,1,0.0012322858903265558,0,nan,nan,nan,nan,nan,nan,0,0,0,0,0,nan,0.46580406654343809,-0.0080752208432967165,-5.0247329774787483e-05,0.012762927568996952,0,0.032300883373188552
22,0,5,0.078913998152505507,0.0062274191044136423,1,1,1,0,1,2745,0.00049819352835309149,0.062499929917386704,0.062001736389033613,0,0.10000000000000001,0.10000000000000001,0.13568990406890163,0,0,1,1,0.00072859744990892532,2218,0.0017078052034689793,0.062468033993934628,0.060760228790465651,4.6344264241325803e-05,0.083388925950633755,0.083342581686392428,0.117141838314159,0,0,0,0,0,0.95956284153005467,-6.9091410845493985e-05,0.0017910530551286628,0.023804775937091283,0,0.0021236553459020669
22,0,5,0.078913998152505507,0.0062274191044136423,1,1,3,1,1,2811,0.0014945805850592742,0.071497246084813393,0.070002665499754119,0,0.10000000000000001,0.10000000000000001,0.1349615528016099,0,0,1,1,0.00071149057274991104,2022,0.0022122133531484048,0.062463086173691298,0.060250872820542895,6.6711140760507002e-05,0.059573048699132755,0.059506337558372251,0.092726086563156285,0,0,0,0,0,0.99573105656350058,-0.005230149121430187,0.0017910530551286628,0.040054011584372849,0,0.015820968157017362
22,0,5,0.078913998152505507,0.0062274191044136423,1,-1,1,0,1,3941,0.0030137166582225685,0.062341430513801283,0.059327713855578716,0.00010780902999171893,0.057320806046398318,0.0572129970164066,0.18364128874974739,0,0,0,0,0,2133,0.0030137166582225685,0.062340314229615147,0.059326597571392581,0.00011648881534503095,0.057320806046398318,0.057204317231053285,0.17695912396190394,0,0,0,0,0,0.5957878710987059,-6.3965001086820726e-05,0.0017910530551286628,0.015552920862927018,0,0.00097965501395285608
22,0,5,0.078913998152505507,0.0062274191044136423,1,-1,1,0,2,27,0.062337194694987337,0.062393255116969575,5.6060421982237485e-05,0.057360118115399414,0.058129268290791257,0.00076915017539184311,0.0015819686030667445,0,0,0,0,0,25,0.062337194694987337,0.062392048699036501,5.4854004049163796e-05,0.057360118115399414,0.058129268290791257,0.00076915017539184311,0.0015809710942703611,0,0,0,0,0,0.96296296296296291,-6.2364810741132636e-05,0.00036147610456345274,0.013800305494816071,0,0.0002612788206407339
22,0,5,0.078913998152505507,0.0062274191044136423,1,-1,1,0,3,15,0.062418572034149855,0.062443828408199203,2.5256374049348329e-05,0.058803860131627694,0.059182308450332607,0.00037844831870491313,0.00076459773159515663,0,0,0,0,0,14,0.062418572034149855,0.062443311507336521,2.473947318666625e-05,0.058803860131627694,0.059182308450332607,0.00037844831870491313,0.00076454121287792209,0,0,0,0,0,0.93333333333333335,-5.1757917704011633e-06,0.00024238548403440126,0.010445040497869242,0,2.3411485726493864e-05
22,0,5,0.078913998152505507,0.0062274191044136423,1,-1,3,1,1,2811,0.0014945805850592742,0.071497246084813393,0.070002665499754119,0,0.10000000000000001,0.10000000000000001,0.1349615528016099,0,0,1,1,0.00071149057274991104,2022,0.0022122133531484048,0.062463086173691298,0.060250872820542895,6.6711140760507002e-05,0.059573048699132755,0.059506337558372251,0.092726086563156285,0,0,0,0,0,0.99573105656350058,-0.005230149121430187,0.0017910530551286628,0.0285926687779577,0,0.015820968157017362
22,0,5,0.078913998152505507,0.0062274191044136423,-1,1,1,0,1,18,0,0.00049819352835309149,0.00049819352835309149,0,0.00049836034874622449,0.00049836034874622449,0.0007046701567634165,1,0,1,0,0.1111111111111111,0,nan,nan,nan,nan,nan,nan,0,0,0,0,0,nan,0,-1.6001988753757199e-12,1.7338508982056943e-10,0,0,2.2345207258717096e-06
22,0,5,0.078913998152505507,0.0062274191044136423,-1,1,3,1,1,1968,0.0014945805850592742,0.026501314080041409,0.025006733494982135,0,0.10000000000000001,0.10000000000000001,0.10586858147482864,0,0,1,1,0.0010162601626016261,0,nan,nan,nan,nan,nan,nan,0,0,0,0,0,nan,0,-0.0095500180432958881,-9.9278716677160983e-07,0,0,0.038200072173183608
22,0,5,0.078913998152505507,0.0062274191044136423,-1,1,3,1,2,1650,0.045972169878254462,0.071497246084813393,0.02552507620655893,0.06100833784218998,0.10000000000000001,0.038991662157810025,0.084021607106983462,0,0,0,1,0.0012121212121212121,0,nan,nan,nan,nan,nan,nan,0,0,0,0,0,nan,0.46121212121212118,-0.0081777027981681794,-6.1833891262677636e-05,0.032117713063814259,0,0.032710811192674098
22,0,5,0.078913998152505507,0.0062274191044136423,-1,-1,3,1,1,1968,0.0014945805850592742,0.026501314080041409,0.025006733494982135,0,0.10000000000000001,0.10000000000000001,0.10586858147482864,0,0,1,1,0.0010162601626016261,0,nan,nan,nan,nan,nan,nan,0,0,0,0,0,nan,0,-0.0095500180432958881,-9.9278716677160983e-07,0,0,0.038200072173183608
22,0,5,0.078913998152505507,0.0062274191044136423,-1,-1,3,1,2,1650,0.045972169878254462,0.071497246084813393,0.02552507620655893,0.06100833784218998,0.10000000000000001,0.038991662157810025,0.084021607106983462,0,0,0,1,0.0012121212121212121,0,nan,nan,nan,nan,nan,nan,0,0,0,0,0,nan,0.46121212121212118,-0.0081777027981681794,-6.1833891262677636e-05,0.012597272269370506,0,0.032710811192674098
23,5,0,0.078913998152505507,0.0062274191044136423,1,1,1,0,1,2745,0.00049819352835309149,0.062499929917386704,0.062001736389033613,0,0.10000000000000001,0.10000000000000001,0.13568990406890163,0,0,1,1,0.00072859744990892532,2218,0.0017078052034689793,0.062468033993934628,0.060760228790465651,4.6344264241325803e-05,0.083388925950633755,0.083342581686392428,0.117141838314159,0,0,0,0,0,0.95956284153005467,-6.9091410845493985e-05,0.0017910530551286628,0.023804775937091283,0,0.0021236553459020669
23,5,0,0.078913998152505507,0.0062274191044136423,1,1,3,1,1,2811,0.0014945805850592742,0.071497246084813393,0.070002665499754119,0,0.10000000000000001,0.10000000000000001,0.1349615528016099,0,0,1,1,0.00071149057274991104,2022,0.0022122133531484048,0.062463086173691298,0.060250872820542895,6.6711140760507002e-05,0.059573048699132755,0.059506337558372251,0.092726086563156285,0,0,0,0,0,0.99573105656350058,-0.005230149121430187,0.0017910530551286628,0.040054011584372849,0,0.015820968157017362
23,5,0,0.078913998152505507,0.0062274191044136423,1,-1,1,0,1,3941,0.0030137166582225685,0.062341430513801283,0.059327713855578716,0.00010780902999171893,0.057320806046398318,0.0572129970164066,0.18364128874974739,0,0,0,0,0,2133,0.0030137166582225685,0.062340314229615147,0.059326597571392581,0.00011648881534503095,0.057320806046398318,0.057204317231053285,0.17695912396190394,0,0,0,0,0,0.5957878710987059,-6.3965001086820726e-05,0.0017910530551286628,0.015552920862927018,0,0.00097965501395285608
23,5,0,0.078913998152505507,0.0062274191044136423,1,-1,1,0,2,27,0.062337194694987337,0.062393255116969575,5.6060421982237485e-05,0.057360118115399414,0.058129268290791257,0.00076915017539184311,0.0015819686030667445,0,0,0,0,0,25,0.062337194694987337,0.062392048699036501,5.4854004049163796e-05,0.057360118115399414,0.058129268290791257,0.00076915017539184311,0.0015809710942703611,0,0,0,0,0,0.96296296296296291,-6.2364810741132636e-05,0.00036147610456345274,0.013800305494816071,0,0.0002612788206407339
23,5,0,0.078913998152505507,0.0062274191044136423,1,-1,1,0,3,15,0.062418572034149855,0.062443828408199203,2.5256374049348329e-05,0.058803860131627694,0.059182308450332607,0.00037844831870491313,0.00076459773159515663,0,0,0,0,0,14,0.062418572034149855,0.062443311507336521,2.473947318666625e-05,0.058803860131627694,0.059182308450332607,0.00037844831870491313,0.00076454121287792209,0,0,0,0,0,0.93333333333333335,-5.1757917704011633e-06,0.00024238548403440126,0.010445040497869242,0,2.3411485726493864e-05
23,5,0,0.078913998152505507,0.0062274191044136423,1,-1,3,1,1,2811,0.0014945805850592742,0.071497246084813393,0.070002665499754119,0,0.10000000000000001,0.10000000000000001,0.1349615528016099,0,0,1,1,0.00071149057274991104,2022,0.0022122133531484048,0.062463086173691298,0.060250872820542895,6.6711140760507002e-05,0.059573048699132755,0.059506337558372251,0.092726086563156285,0,0,0,0,0,0.99573105656350058,-0.005230149121430187,0.0017910530551286628,0.0285926687779577,0,0.015820968157017362
23,5,0,0.078913998152505507,0.0062274191044136423,-1,1,1,0,1,18,0,0.00049819352835309149,0.00049819352835309149,0,0.00049836034874622449,0.00049836034874622449,0.0007046701567634165,1,0,1,0,0.1111111111111111,0,nan,nan,nan,nan,nan,nan,0,0,0,0,0,nan,0,-1.6001988753757199e-12,1.7338508982056943e-10,0,0,2.2345207258717096e-06
23,5,0,0.078913998152505507,0.0062274191044136423,-1,1,3,1,1,1968,0.0014945805850592742,0.026501314080041409,0.025006733494982135,0,0.10000000000000001,0.10000000000000001,0.10586858147482864,0,0,1,1,0.0010162601626016261,0,nan,nan,nan,nan,nan,nan,0,0,0,0,0,nan,0,-0.0095500180432958881,-9.9278716677160983e-07,0,0,0.038200072173183608
23,5,0,0.078913998152505507,0.0062274191044136423,-1,1,3,1,2,1650,0.045972169878254462,0.071497246084813393,0.02552507620655893,0.06100833784218998,0.10000000000000001,0.038991662157810025,0.084021607106983462,0,0,0,1,0.0012121212121212121,0,nan,nan,nan,nan,nan,nan,0,0,0,0,0,nan,0.46121212121212118,-0.0081777027981681794,-6.1833891262677636e-05,0.032117713063814259,0,0.032710811192674098
23,5,0,0.078913998152505507,0.0062274191044136423,-1,-1,3,1,1,1968,0.0014945805850592742,0.026501314080041409,0.025006733494982135,0,0.10000000000000001,0.10000000000000001,0.10586858147482864,0,0,1,1,0.0010162601626016261,0,nan,nan,nan,nan,nan,nan,0,0,0,0,0,nan,0,-0.0095500180432958881,-9.9278716677160983e-07,0,0,0.038200072173183608
23,5,0,0.078913998152505507,0.0062274191044136423,-1,-1,3,1,2,1650,0.045972169878254462,0.071497246084813393,0.02552507620655893,0.06100833784218998,0.10000000000000001,0.038991662157810025,0.084021607106983462,0,0,0,1,0.0012121212121212121,0,nan,nan,nan,nan,nan,nan,0,0,0,0,0,nan,0.46121212121212118,-0.0081777027981681794,-6.1833891262677636e-05,0.012597272269370506,0,0.032710811192674098
24,3,4,0.078923439915693408,0.0062289093681260673,1,1,1,0,1,2745,0.00049831274945008532,0.062499930409198781,0.062001617659748695,0,0.10000000000000001,0.10000000000000001,0.13568981851017581,0,0,1,1,0.00072859744990892532,2218,0.0017078052034689793,0.062468029000136947,0.06076022379666797,4.6338110081397959e-05,0.083388925950633755,0.08334258784055236,0.11714190526240548,0,0,0,0,0,0.95956284153005467,-6.9098411266432891e-05,0.0017910189822963076,0.023804328134488021,0,0.0021237397682726902
24,3,4,0.078923439915693408,0.0062289093681260673,1,1,3,1,1,2811,0.0014949382483502561,0.071497365989256739,0.070002427740906481,0,0.10000000000000001,0.10000000000000001,0.13496127519730922,0,0,1,1,0.00071149057274991104,2022,0.0022124170048699598,0.062463093853653028,0.060250676848783068,6.6711140760507002e-05,0.059573048699132755,0.059506337558372251,0.092725942497200453,0,0,0,0,0,0.99573105656350058,-0.0052302141110038619,0.0017910189822963076,0.040053820507739375,0,0.015821194833486596
24,3,4,0.078923439915693408,0.0062289093681260673,1,-1,1,0,1,3941,0.0030138830536277708,0.062341429762472991,0.05932754670884522,0.00010781807684397399,0.057320665225856618,0.057212847149012647,0.18364067637353168,0,0,0,0,0,2133,0.0030138830536277708,0.062340313451722251,0.05932643039809448,0.0001165001078865806,0.057320665225856618,0.057204165117970038,0.17695853162787406,0,0,0,0,0,0.5957878710987059,-6.3979300539697382e-05,0.0017910189822963076,0.015552656129586616,0,0.00097968277750557094
24,3,4,0.078923439915693408,0.0062289093681260673,1,-1,1,0,2,27,0.062337201087083474,0.06239325440641412,5.6053319330645612e-05,0.057360120527191527,0.058129132300797068,0.00076901177360554074,0.0015816872242533757,0,0,0,0,0,25,0.062337201087083474,0.062392047973145362,5.4846886061887812e-05,0.057360120527191527,0.058129132300797068,0.00076901177360554074,0.0015806897801844294,0,0,0,0,0,0.96296296296296291,-6.2379286558741993e-05,0.00036143564844701007,0.013799263990703213,0,0.00026133433845450227
24,3,4,0.078923439915693408,0.0062289093681260673,1,-1,1,0,3,15,0.062418578603447822,0.062443827743224413,2.5249139776591101e-05,0.058804022240450476,0.059182183056649365,0.00037816081619888864,0.00076404564261976966,0,0,0,0,0,14,0.062418578603447822,0.062443310839786,2.4732236338177727e-05,0.058804022240450476,0.059182183056649365,0.00037816081619888864,0.00076398886205440752,0,0,0,0,0,0.93333333333333335,-5.1702409173571685e-06,0.00024233220625829804,0.010445150713329099,0,2.3387558680724748e-05
24,3,4,0.078923439915693408,0.0062289093681260673,1,-1,3,1,1,2811,0.0014949382483502561,0.071497365989256739,0.070002427740906481,0,0.10000000000000001,0.10000000000000001,0.13496127519730922,0,0,1,1,0.00071149057274991104,2022,0.0022124170048699598,0.062463093853653028,0.060250676848783068,6.6711140760507002e-05,0.059573048699132755,0.059506337558372251,0.092725942497200453,0,0,0,0,0,0.99573105656350058,-0.0052302141110038619,0.0017910189822963076,0.028592390264111957,0,0.015821194833486596
24,3,4,0.078923439915693408,0.0062289093681260673,-1,1,1,0,1,18,0,0.00049831274945008532,0.00049831274945008532,0,0.000498479649679182,0.000498479649679182,0.00070483881748330344,1,0,1,0,0.1111111111111111,0,nan,nan,nan,nan,nan,nan,0,0,0,0,0,nan,0,-1.6012216812120566e-12,1.7296228488934633e-10,0,0,2.2355905051050084e-06
24,3,4,0.078923439915693408,0.0062289093681260673,-1,1,3,1,1,1968,0.0014949382483502561,0.026502362787449392,0.025007424539099137,0,0.10000000000000001,0.10000000000000001,0.10586895843010218,0,0,1,1,0.0010162601626016261,0,nan,nan,nan,nan,nan,nan,0,0,0,0,0,nan,0,-0.0095500249817109355,-9.9326238505801425e-07,0,0,0.038200099926843797
24,3,4,0.078923439915693408,0.0062289093681260673,-1,1,3,1,2,1650,0.045971559845761192,0.071497365989256739,0.025525806143495547,0.061007988547821732,0.10000000000000001,0.038992011452178274,0.084022683103858992,0,0,0,1,0.0012121212121212121,0,nan,nan,nan,nan,nan,nan,0,0,0,0,0,nan,0.46121212121212118,-0.0081778273485414721,-6.1842088509406952e-05,0.032117733802270454,0,0.032711309394167241
24,3,4,0.078923439915693408,0.0062289093681260673,-1,-1,3,1,1,1968,0.0014949382483502561,0.026502362787449392,0.025007424539099137,0,0.10000000000000001,0.10000000000000001,0.10586895843010218,0,0,1,1,0.0010162601626016261,0,nan,nan,nan,nan,nan,nan,0,0,0,0,0,nan,0,-0.0095500249817109355,-9.9326238505801425e-07,0,0,0.038200099926843797
24,3,4,0.078923439915693408,0.0062289093681260673,-1,-1,3,1,2,1650,0.045971559845761192,0.071497365989256739,0.025525806143495547,0.061007988547821732,0.10000000000000001,0.038992011452178274,0.084022683103858992,0,0,0,1,0.0012121212121212121,0,nan,nan,nan,nan,nan,nan,0,0,0,0,0,nan,0.46121212121212118,-0.0081778273485414721,-6.1842088509406952e-05,0.012597177907372683,0,0.032711309394167241
25,4,3,0.078923439915693408,0.0062289093681260673,1,1,1,0,1,2745,0.00049831274945008532,0.062499930409198781,0.062001617659748695,0,0.10000000000000001,0.10000000000000001,0.13568981851017581,0,0,1,1,0.00072859744990892532,2218,0.0017078052034689793,0.062468029000136947,0.06076022379666797,4.6338110081397959e-05,0.083388925950633755,0.08334258784055236,0.11714190526240548,0,0,0,0,0,0.95956284153005467,-6.9098411266432891e-05,0.0017910189822963076,0.023804328134488021,0,0.0021237397682726902
25,4,3,0.078923439915693408,0.0062289093681260673,1,1,3,1,1,2811,0.0014949382483502561,0.071497365989256739,0.070002427740906481,0,0.10000000000000001,0.10000000000000001,0.13496127519730922,0,0,1,1,0.00071149057274991104,2022,0.0022124170048699598,0.062463093853653028,0.060250676848783068,6.6711140760507002e-05,0.059573048699132755,0.059506337558372251,0.092725942497200453,0,0,0,0,0,0.99573105656350058,-0.0052302141110038619,0.0017910189822963076,0.040053820507739375,0,0.015821194833486596
25,4,3,0.078923439915693408,0.0062289093681260673,1,-1,1,0,1,3941,0.0030138830536277708,0.062341429762472991,0.05932754670884522,0.00010781807684397399,0.057320665225856618,0.057212847149012647,0.18364067637353168,0,0,0,0,0,2133,0.0030138830536277708,0.062340313451722251,0.05932643039809448,0.0001165001078865806,0.057320665225856618,0.057204165117970038,0.17695853162787406,0,0,0,0,0,0.5957878710987059,-6.3979300539697382e-05,0.0017910189822963076,0.015552656129586616,0,0.00097968277750557094
25,4,3,0.078923439915693408,0.0062289093681260673,1,-1,1,0,2,27,0.062337201087083474,0.06239325440641412,5.6053319330645612e-05,0.057360120527191527,0.058129132300797068,0.00076901177360554074,0.0015816872242533757,0,0,0,0,0,25,0.062337201087083474,0.062392047973145362,5.4846886061887812e-05,0.057360120527191527,0.058129132300797068,0.00076901177360554074,0.0015806897801844294,0,0,0,0,0,0.96296296296296291,-6.2379286558741993e-05,0.00036143564844701007,0.013799263990703213,0,0.00026133433845450227
25,4,3,0.078923439915693408,0.0062289093681260673,1,-1,1,0,3,15,0.062418578603447822,0.062443827743224413,2.5249139776591101e-05,0.058804022240450476,0.059182183056649365,0.00037816081619888864,0.00076404564261976966,0,0,0,0,0,14,0.062418578603447822,0.062443310839786,2.4732236338177727e-05,0.058804022240450476,0.059182183056649365,0.00037816081619888864,0.00076398886205440752,0,0,0,0,0,0.93333333333333335,-5.1702409173571685e-06,0.00024233220625829804,0.010445150713329099,0,2.3387558680724748e-05
25,4,3,0.078923439915693408,0.0062289093681260673,1,-1,3,1,1,2811,0.0014949382483502561,0.071497365989256739,0.070002427740906481,0,0.10000000000000001,0.10000000000000001,0.13496127519730922,0,0,1,1,0.00071149057274991104,2022,0.0022124170048699598,0.062463093853653028,0.060250676848783068,6.6711140760507002e-05,0.059573048699132755,0.059506337558372251,0.092725942497200453,0,0,0,0,0,0.99573105656350058,-0.0052302141110038619,0.0017910189822963076,0.028592390264111957,0,0.015821194833486596
25,4,3,0.078923439915693408,0.0062289093681260673,-1,1,1,0,1,18,0,0.00049831274945008532,0.00049831274945008532,0,0.000498479649679182,0.000498479649679182,0.00070483881748330344,1,0,1,0,0.1111111111111111,0,nan,nan,nan,nan,nan,nan,0,0,0,0,0,nan,0,-1.6012216812120566e-12,1.7296228488934633e-10,0,0,2.2355905051050084e-06
25,4,3,0.078923439915693408,0.0062289093681260673,-1,1,3,1,1,1968,0.0014949382483502561,0.026502362787449392,0.025007424539099137,0,0.10000000000000001,0.10000000000000001,0.10586895843010218,0,0,1,1,0.0010162601626016261,0,nan,nan,nan,nan,nan,nan,0,0,0,0,0,nan,0,-0.0095500249817109355,-9.9326238505801425e-07,0,0,0.038200099926843797
25,4,3,0.078923439915693408,0.0062289093681260673,-1,1,3,1,2,1650,0.045971559845761192,0.071497365989256739,0.025525806143495547,0.061007988547821732,0.10000000000000001,0.038992011452178274,0.084022683103858992,0,0,0,1,0.0012121212121212121,0,nan,nan,nan,nan,nan,nan,0,0,0,0,0,nan,0.46121212121212118,-0.0081778273485414721,-6.1842088509406952e-05,0.032117733802270454,0,0.032711309394167241
25,4,3,0.078923439915693408,0.0062289093681260673,-1,-1,3,1,1,1968,0.0014949382483502561,0.026502362787449392,0.025007424539099137,0,0.10000000000000001,0.10000000000000001,0.10586895843010218,0,0,1,1,0.0010162601626016261,0,nan,nan,nan,nan,nan,nan,0,0,0,0,0,nan,0,-0.0095500249817109355,-9.9326238505801425e-07,0,0,0.038200099926843797
25,4,3,0.078923439915693408,0.0062289093681260673,-1,-1,3,1,2,1650,0.045971559845761192,0.071497365989256739,0.025525806143495547,0.061007988547821732,0.10000000000000001,0.038992011452178274,0.084022683103858992,0,0,0,1,0.0012121212121212121,0,nan,nan,nan,nan,nan,nan,0,0,0,0,0,nan,0.46121212121212118,-0.0081778273485414721,-6.1842088509406952e-05,0.012597177907372683,0,0.032711309394167241
26,1,5,0.080477574945440972,0.006476640069099069,1,1,1,0,1,2745,0.00051813120552792564,0.062500011935019598,0.061981880729491672,0,0.10000000000000001,0.10000000000000001,0.13567081996356956,0,0,1,1,0.00072859744990892532,2217,0.0019212808539026014,0.062494996664442956,0.060573715810540357,5.461942291923962e-05,0.083388925950633755,0.083334306527714522,0.11694791870081438,0,0,0,0,0,0.95846994535519126,-7.1422301121206727e-05,0.0017853567725497966,0.02373878586584242,0,0.0021377736919960663
26,1,5,0.080477574945440972,0.006476640069099069,1,1,3,1,1,2811,0.0015543936165837765,0.071517299873982074,0.069962906257398302,0,0.099999999999999992,0.099999999999999992,0.13491513873943611,0,0,1,1,0.00071149057274991104,2019,0.0022948632421614409,0.062461726796874575,0.060166863554713138,6.9352790008446474e-05,0.059506337558372244,0.059436984768363794,0.092586569360289278,0,0,0,0,0,0.99573105656350058,-0.0052410185844144822,0.0017853567725497966,0.040058038759607062,0,0.01585888222824727
26,1,5,0.080477574945440972,0.006476640069099069,1,-1,1,0,1,3939,0.0030415434267723205,0.062341305212522964,0.059299761785750645,0.00010931047550796363,0.057297428332543483,0.057188117857035523,0.18353738382075352,0,0,0,0,0,2132,0.0030415434267723205,0.062340184538527327,0.059298641111755007,0.00011835714218157487,0.057297428332543483,0.057179071190361912,0.17687643034891987,0,0,0,0,0,0.59228230515359226,-6.628469494384164e-05,0.0017853567725497966,0.015507226463781512,0,0.00095957479213606913
26,1,5,0.080477574945440972,0.006476640069099069,1,-1,1,0,2,27,0.062338263663085328,0.06239313661068422,5.4872947598892663e-05,0.05736051527035322,0.058106526304082085,0.00074601103372886474,0.0015349206322289219,0,0,0,0,0,25,0.062338263663085328,0.062391927666364956,5.3664003279628447e-05,0.05736051527035322,0.058106526304082085,0.00074601103372886474,0.0015339342805356093,0,0,0,0,0,0.96296296296296291,-6.4784917184642385e-05,0.00035468962459402433,0.013620564715525288,0,0.00027056385320444761
26,1,5,0.080477574945440972,0.006476640069099069,1,-1,1,0,3,13,0.062419670636204114,0.062443717514358954,2.4046878154840301e-05,0.058817916659157685,0.059161986056623733,0.00034406939746604859,0.00069828215117389539,0,0,0,0,0,12,0.062419670636204114,0.062443200194488284,2.3529558284170193e-05,0.058817916659157685,0.059161986056623733,0.00034406939746604859,0.00069819196629676756,0,0,0,0,0,0.92307692307692313,-4.3482674360853178e-06,0.00023340888837194046,0.010054010482466728,0,1.9823380347156544e-05
26,1,5,0.080477574945440972,0.006476640069099069,1,-1,3,1,1,2811,0.0015543936165837765,0.071517299873982074,0.069962906257398302,0,0.099999999999999992,0.099999999999999992,0.13491513873943611,0,0,1,1,0.00071149057274991104,2019,0.0022948632421614409,0.062461726796874575,0.060166863554713138,6.9352790008446474e-05,0.059506337558372244,0.059436984768363794,0.092586569360289278,0,0,0,0,0,0.99573105656350058,-0.0052410185844144822,0.0017853567725497966,0.028556563936944095,0,0.01585888222824727
26,1,5,0.080477574945440972,0.006476640069099069,-1,1,1,0,1,18,0,0.00051813120552792564,0.00051813120552792564,0,0.00051831126021049934,0.00051831126021049934,0.0007328756765625586,1,0,1,0,0.1111111111111111,0,nan,nan,nan,nan,nan,nan,0,0,0,0,0,nan,0,-1.4848607311474429e-12,1.0393842649432273e-10,0,0,2.4169803496951825e-06
26,1,5,0.080477574945440972,0.006476640069099069,-1,1,3,1,1,1970,0.0015543936165837765,0.026677701116472944,0.025123307499889169,0,0.10000000000000001,0.10000000000000001,0.1059324474183789,0,0,1,1,0.0010152284263959391,0,nan,nan,nan,nan,nan,nan,0,0,0,0,0,nan,0,-0.0095511118359721467,-1.0738397845672856e-06,0,0,0.038204447343888601
26,1,5,0.080477574945440972,0.006476640069099069,-1,1,3,1,2,1655,0.045869075002074419,0.071517299873982074,0.025648224871907654,0.060949949402139963,0.10000000000000001,0.039050050597860042,0.084202460889722636,0,0,0,1,0.0012084592145015106,0,nan,nan,nan,nan,nan,nan,0,0,0,0,0,nan,0.45861027190332326,-0.0081986192498308616,-6.4286581277088082e-05,0.032100218418158952,0,0.032794476999324883
26,1,5,0.080477574945440972,0.006476640069099069,-1,-1,3,1,1,1970,0.0015543936165837765,0.026677701116472944,0.025123307499889169,0,0.10000000000000001,0.10000000000000001,0.1059324474183789,0,0,1,1,0.0010152284263959391,0,nan,nan,nan,nan,nan,nan,0,0,0,0,0,nan,0,-0.0095511118359721467,-1.0738397845672856e-06,0,0,0.038204447343888601
26,1,5,0.080477574945440972,0.006476640069099069,-1,-1,3,1,2,1655,0.045869075002074419,0.071517299873982074,0.025648224871907654,0.060949949402139963,0.10000000000000001,0.039050050597860042,0.084202460889722636,0,0,0,1,0.0012084592145015106,0,nan,nan,nan,nan,nan,nan,0,0,0,0,0,nan,0.45861027190332326,-0.0081986192498308616,-6.4286581277088082e-05,0.012574031517295225,0,0.032794476999324883
27,5,1,0.080477574945440972,0.006476640069099069,1,1,1,0,1,2745,0.00051813120552792564,0.062500011935019598,0.061981880729491672,0,0.10000000000000001,0.10000000000000001,0.13567081996356956,0,0,1,1,0.00072859744990892532,2217,0.0019212808539026014,0.062494996664442956,0.060573715810540357,5.461942291923962e-05,0.083388925950633755,0.083334306527714522,0.11694791870081438,0,0,0,0,0,0.95846994535519126,-7.1422301121206727e-05,0.0017853567725497966,0.02373878586584242,0,0.0021377736919960663
27,5,1,0.080477574945440972,0.006476640069099069,1,1,3,1,1,2811,0.0015543936165837765,0.071517299873982074,0.069962906257398302,0,0.099999999999999992,0.099999999999999992,0.13491513873943611,0,0,1,1,0.00071149057274991104,2019,0.0022948632421614409,0.062461726796874575,0.060166863554713138,6.9352790008446474e-05,0.059506337558372244,0.059436984768363794,0.092586569360289278,0,0,0,0,0,0.99573105656350058,-0.0052410185844144822,0.0017853567725497966,0.040058038759607062,0,0.01585888222824727
27,5,1,0.080477574945440972,0.006476640069099069,1,-1,1,0,1,3939,0.0030415434267723205,0.062341305212522964,0.059299761785750645,0.00010931047550796363,0.057297428332543483,0.057188117857035523,0.18353738382075352,0,0,0,0,0,2132,0.0030415434267723205,0.062340184538527327,0.059298641111755007,0.00011835714218157487,0.057297428332543483,0.057179071190361912,0.17687643034891987,0,0,0,0,0,0.59228230515359226,-6.628469494384164e-05,0.0017853567725497966,0.015507226463781512,0,0.00095957479213606913
27,5,1,0.080477574945440972,0.006476640069099069,1,-1,1,0,2,27,0.062338263663085328,0.06239313661068422,5.4872947598892663e-05,0.05736051527035322,0.058106526304082085,0.00074601103372886474,0.0015349206322289219,0,0,0,0,0,25,0.062338263663085328,0.062391927666364956,5.3664003279628447e-05,0.05736051527035322,0.058106526304082085,0.00074601103372886474,0.0015339342805356093,0,0,0,0,0,0.96296296296296291,-6.4784917184642385e-05,0.00035468962459402433,0.013620564715525288,0,0.00027056385320444761
27,5,1,0.080477574945440972,0.006476640069099069,1,-1,1,0,3,13,0.062419670636204114,0.062443717514358954,2.4046878154840301e-05,0.058817916659157685,0.059161986056623733,0.00034406939746604859,0.00069828215117389539,0,0,0,0,0,12,0.062419670636204114,0.062443200194488284,2.3529558284170193e-05,0.058817916659157685,0.059161986056623733,0.00034406939746604859,0.00069819196629676756,0,0,0,0,0,0.92307692307692313,-4.3482674360853178e-06,0.00023340888837194046,0.010054010482466728,0,1.9823380347156544e-05
27,5,1,0.080477574945440972,0.006476640069099069,1,-1,3,1,1,2811,0.0015543936165837765,0.071517299873982074,0.069962906257398302,0,0.099999999999999992,0.099999999999999992,0.13491513873943611,0,0,1,1,0.00071149057274991104,2019,0.0022948632421614409,0.062461726796874575,0.060166863554713138,6.9352790008446474e-05,0.059506337558372244,0.059436984768363794,0.092586569360289278,0,0,0,0,0,0.99573105656350058,-0.0052410185844144822,0.0017853567725497966,0.028556563936944095,0,0.01585888222824727
27,5,1,0.080477574945440972,0.006476640069099069,-1,1,1,0,1,18,0,0.00051813120552792564,0.00051813120552792564,0,0.00051831126021049934,0.00051831126021049934,0.0007328756765625586,1,0,1,0,0.1111111111111111,0,nan,nan,nan,nan,nan,nan,0,0,0,0,0,nan,0,-1.4848607311474429e-12,1.0393842649432273e-10,0,0,2.4169803496951825e-06
27,5,1,0.080477574945440972,0.006476640069099069,-1,1,3,1,1,1970,0.0015543936165837765,0.026677701116472944,0.025123307499889169,0,0.10000000000000001,0.10000000000000001,0.1059324474183789,0,0,1,1,0.0010152284263959391,0,nan,nan,nan,nan,nan,nan,0,0,0,0,0,nan,0,-0.0095511118359721467,-1.0738397845672856e-06,0,0,0.038204447343888601
27,5,1,0.080477574945440972,0.006476640069099069,-1,1,3,1,2,1655,0.045869075002074419,0.071517299873982074,0.025648224871907654,0.060949949402139963,0.10000000000000001,0.039050050597860042,0.084202460889722636,0,0,0,1,0.0012084592145015106,0,nan,nan,nan,nan,nan,nan,0,0,0,0,0,nan,0.45861027190332326,-0.0081986192498308616,-6.4286581277088082e-05,0.032100218418158952,0,0.032794476999324883
27,5,1,0.080477574945440972,0.006476640069099069,-1,-1,3,1,1,1970,0.0015543936165837765,0.026677701116472944,0.025123307499889169,0,0.10000000000000001,0.10000000000000001,0.1059324474183789,0,0,1,1,0.0010152284263959391,0,nan,nan,nan,nan,nan,nan,0,0,0,0,0,nan,0,-0.0095511118359721467,-1.0738397845672856e-06,0,0,0.038204447343888601
27,5,1,0.080477574945440972,0.006476640069099069,-1,-1,3,1,2,1655,0.045869075002074419,0.071517299873982074,0.025648224871907654,0.060949949402139963,0.10000000000000001,0.039050050597860042,0.084202460889722636,0,0,0,1,0.0012084592145015106,0,nan,nan,nan,nan,nan,nan,0,0,0,0,0,nan,0.45861027190332326,-0.0081986192498308616,-6.4286581277088082e-05,0.012574031517295225,0,0.032794476999324883
28,2,5,0.084995534306609957,0.0072242408520661093,1,1,1,0,1,2744,0.00057793926816528877,0.062500255219102963,0.061922315950937674,0,0.10000000000000001,0.10000000000000001,0.13563720386640851,0,0,1,1,0.00072886297376093293,2205,0.0022414943295530352,0.062494996664442956,0.060253502334889922,7.8236769066493853e-05,0.082988659106070728,0.082910422337004228,0.11624064295964021,0,0,0,0,0,0.95262390670553931,-7.8212514792952328e-05,0.0017682830145355811,0.023534099359861928,0,0.0021801271315202491
28,2,5,0.084995534306609957,0.0072242408520661093,1,1,3,1,1,2809,0.0017338178044958661,0.071577494137536293,0.069843676333040422,0,0.10000000000000001,0.10000000000000001,0.13477601435126238,0,0,1,1,0.00071199715201139199,2009,0.0026684456304202795,0.062456380735583419,0.059787935105163142,8.7632567756431743e-05,0.059306204136090723,0.059218571568334294,0.092041955809305159,0,0,0,0,0,0.99430402278390884,-0.0052736431025110792,0.0017682830145355811,0.040021711621583432,0,0.015972710503163727
28,2,5,0.084995534306609957,0.0072242408520661093,1,-1,1,0,1,23,0.0031280427486262293,0.0036679222209089852,0.00053987947228275593,0.00011497872273086326,0.00017357922328432645,5.8600500553463195e-05,0.0010940723990471943,0,0,0,0,0,17,0.0031280427486262293,0.0036290860573715807,0.00050104330874535139,0.00012159010821389658,0.00017357922328432645,5.1989115070429876e-05,0.0010085635208916114,0,0,0,0,0,0.73913043478260865,-8.7267382294283644e-07,3.4831431947344262e-06,0.00099658538675907672,0,4.7442187798148185e-06
28,2,5,0.084995534306609957,0.0072242408520661093,1,-1,1,0,2,3905,0.0038078762284492625,0.062340933482673812,0.058533057254224551,0.00016724680287341534,0.057228617073022688,0.057061370270149271,0.1818135522439967,0,0,0,0,0,2110,0.0038078762284492625,0.062339800266285127,0.058531924037835865,0.0001730584821048637,0.057228617073022688,0.057055558590917821,0.17524525085910364,0,0,0,0,0,0.58361075544174135,-7.3288154375366189e-05,0.0017682830145355811,0.015495127826902266,0,0.00090735013972670093
28,2,5,0.084995534306609957,0.0072242408520661093,1,-1,1,0,3,25,0.062341470300970044,0.0623927849817121,5.1314680742056695e-05,0.057361636859043746,0.058040398849519143,0.00067876199047539609,0.0013980558259120018,0,0,0,0,0,21,0.062341470300970044,0.062391568913125181,5.0098612155137501e-05,0.057371581054036024,0.058040398849519143,0.00066881779548311898,0.0012058685154384542,0,0,0,0,0,0.88,-7.2035877934279363e-05,0.00033406880970172079,0.012818932343802613,0,0.00029842426401696344
28,2,5,0.084995534306609957,0.0072242408520661093,1,-1,1,0,4,11,0.062422966168572222,0.062443388597121542,2.0422428549320137e-05,0.058828572546950161,0.059102870948317274,0.00027429840136711237,0.00056024210983397359,0,0,0,0,0,10,0.062422966168572222,0.062442870159526175,1.9903990953952511e-05,0.058828572546950161,0.059102870948317274,0.00027429840136711237,0.00056010553345856116,0,0,0,0,0,0.90909090909090906,-2.8594507344007996e-06,0.00020559874586405889,0.009102215524675444,0,1.3146051849085966e-05
28,2,5,0.084995534306609957,0.0072242408520661093,1,-1,3,1,1,2809,0.0017338178044958661,0.071577494137536293,0.069843676333040422,0,0.10000000000000001,0.10000000000000001,0.13477601435126238,0,0,1,1,0.00071199715201139199,2009,0.0026684456304202795,0.062456380735583419,0.059787935105163142,8.7632567756431743e-05,0.059306204136090723,0.059218571568334294,0.092041955809305159,0,0,0,0,0,0.99430402278390884,-0.0052736431025110792,0.0017682830145355811,0.028443169537550876,0,0.015972710503163727
28,2,5,0.084995534306609957,0.0072242408520661093,-1,1,1,0,1,20,0,0.00057793926816528877,0.00057793926816528877,0,0.00057816334335553078,0.00057816334335553078,0.00081748827798272549,1,0,1,0,0.10000000000000001,0,nan,nan,nan,nan,nan,nan,0,0,0,0,0,nan,0,-1.667423121768196e-12,1.1106067495830931e-10,0,0,3.0072913880430903e-06
28,2,5,0.084995534306609957,0.0072242408520661093,-1,1,3,1,1,1978,0.0017338178044958661,0.027219337350450481,0.025485519545954613,0,0.10000000000000001,0.10000000000000001,0.10613436172620298,0,0,1,1,0.0010111223458038423,0,nan,nan,nan,nan,nan,nan,0,0,0,0,0,nan,0,-0.0095535419795891585,-1.3360551907497178e-06,0,0,0.038214167918356634
28,2,5,0.084995534306609957,0.0072242408520661093,-1,1,3,1,2,1664,0.045547357695346055,0.071577494137536293,0.026030136442190238,0.060775111459247737,0.10000000000000001,0.039224888540752269,0.084755372422246927,0,0,0,1,0.001201923076923077,0,nan,nan,nan,nan,nan,nan,0,0,0,0,0,nan,0.45793269230769229,-0.00826224761471985,-7.1835272835000217e-05,0.03207689506095171,0,0.033048990458880698
28,2,5,0.084995534306609957,0.0072242408520661093,-1,-1,3,1,1,1978,0.0017338178044958661,0.027219337350450481,0.025485519545954613,0,0.10000000000000001,0.10000000000000001,0.10613436172620298,0,0,1,1,0.0010111223458038423,0,nan,nan,nan,nan,nan,nan,0,0,0,0,0,nan,0,-0.0095535419795891585,-1.3360551907497178e-06,0,0,0.038214167918356634
28,2,5,0.084995534306609957,0.0072242408520661093,-1,-1,3,1,2,1664,0.045547357695346055,0.071577494137536293,0.026030136442190238,0.060775111459247737,0.10000000000000001,0.039224888540752269,0.084755372422246927,0,0,0,1,0.001201923076923077,0,nan,nan,nan,nan,nan,nan,0,0,0,0,0,nan,0.45793269230769229,-0.00826224761471985,-7.1835272835000217e-05,0.012543944368182411,0,0.033048990458880698
29,5,2,0.084995534306609957,0.0072242408520661093,1,1,1,0,1,2744,0.00057793926816528877,0.062500255219102963,0.061922315950937674,0,0.10000000000000001,0.10000000000000001,0.13563720386640851,0,0,1,1,0.00072886297376093293,2205,0.0022414943295530352,0.062494996664442956,0.060253502334889922,7.8236769066493853e-05,0.082988659106070728,0.082910422337004228,0.11624064295964021,0,0,0,0,0,0.95262390670553931,-7.8212514792952328e-05,0.0017682830145355811,0.023534099359861928,0,0.0021801271315202491
29,5,2,0.084995534306609957,0.0072242408520661093,1,1,3,1,1,2809,0.0017338178044958661,0.071577494137536293,0.069843676333040422,0,0.10000000000000001,0.10000000000000001,0.13477601435126238,0,0,1,1,0.00071199715201139199,2009,0.0026684456304202795,0.062456380735583419,0.059787935105163142,8.7632567756431743e-05,0.059306204136090723,0.059218571568334294,0.092041955809305159,0,0,0,0,0,0.99430402278390884,-0.0052736431025110792,0.0017682830145355811,0.040021711621583432,0,0.015972710503163727
29,5,2,0.084995534306609957,0.0072242408520661093,1,-1,1,0,1,23,0.0031280427486262293,0.0036679222209089852,0.00053987947228275593,0.00011497872273086326,0.00017357922328432645,5.8600500553463195e-05,0.0010940723990471943,0,0,0,0,0,17,0.0031280427486262293,0.0036290860573715807,0.00050104330874535139,0.00012159010821389658,0.00017357922328432645,5.1989115070429876e-05,0.0010085635208916114,0,0,0,0,0,0.73913043478260865,-8.7267382294283644e-07,3.4831431947344262e-06,0.00099658538675907672,0,4.7442187798148185e-06
29,5,2,0.084995534306609957,0.0072242408520661093,1,-1,1,0,2,3905,0.0038078762284492625,0.062340933482673812,0.058533057254224551,0.00016724680287341534,0.057228617073022688,0.057061370270149271,0.1818135522439967,0,0,0,0,0,2110,0.0038078762284492625,0.062339800266285127,0.058531924037835865,0.0001730584821048637,0.057228617073022688,0.057055558590917821,0.17524525085910364,0,0,0,0,0,0.58361075544174135,-7.3288154375366189e-05,0.0017682830145355811,0.015495127826902266,0,0.00090735013972670093
29,5,2,0.084995534306609957,0.0072242408520661093,1,-1,1,0,3,25,0.062341470300970044,0.0623927849817121,5.1314680742056695e-05,0.057361636859043746,0.058040398849519143,0.00067876199047539609,0.0013980558259120018,0,0,0,0,0,21,0.062341470300970044,0.062391568913125181,5.0098612155137501e-05,0.057371581054036024,0.058040398849519143,0.00066881779548311898,0.0012058685154384542,0,0,0,0,0,0.88,-7.2035877934279363e-05,0.00033406880970172079,0.012818932343802613,0,0.00029842426401696344
29,5,2,0.084995534306609957,0.0072242408520661093,1,-1,1,0,4,11,0.062422966168572222,0.062443388597121542,2.0422428549320137e-05,0.058828572546950161,0.059102870948317274,0.00027429840136711237,0.00056024210983397359,0,0,0,0,0,10,0.062422966168572222,0.062442870159526175,1.9903990953952511e-05,0.058828572546950161,0.059102870948317274,0.00027429840136711237,0.00056010553345856116,0,0,0,0,0,0.90909090909090906,-2.8594507344007996e-06,0.00020559874586405889,0.009102215524675444,0,1.3146051849085966e-05
29,5,2,0.084995534306609957,0.0072242408520661093,1,-1,3,1,1,2809,0.0017338178044958661,0.071577494137536293,0.069843676333040422,0,0.10000000000000001,0.10000000000000001,0.13477601435126238,0,0,1,1,0.00071199715201139199,2009,0.0026684456304202795,0.062456380735583419,0.059787935105163142,8.7632567756431743e-05,0.059306204136090723,0.059218571568334294,0.092041955809305159,0,0,0,0,0,0.99430402278390884,-0.0052736431025110792,0.0017682830145355811,0.028443169537550876,0,0.015972710503163727
29,5,2,0.084995534306609957,0.0072242408520661093,-1,1,1,0,1,20,0,0.00057793926816528877,0.00057793926816528877,0,0.00057816334335553078,0.00057816334335553078,0.00081748827798272549,1,0,1,0,0.10000000000000001,0,nan,nan,nan,nan,nan,nan,0,0,0,0,0,nan,0,-1.667423121768196e-12,1.1106067495830931e-10,0,0,3.0072913880430903e-06
29,5,2,0.084995534306609957,0.0072242408520661093,-1,1,3,1,1,1978,0.0017338178044958661,0.027219337350450481,0.025485519545954613,0,0.10000000000000001,0.10000000000000001,0.10613436172620298,0,0,1,1,0.0010111223458038423,0,nan,nan,nan,nan,nan,nan,0,0,0,0,0,nan,0,-0.0095535419795891585,-1.3360551907497178e-06,0,0,0.038214167918356634
29,5,2,0.084995534306609957,0.0072242408520661093,-1,1,3,1,2,1664,0.045547357695346055,0.071577494137536293,0.026030136442190238,0.060775111459247737,0.10000000000000001,0.039224888540752269,0.084755372422246927,0,0,0,1,0.001201923076923077,0,nan,nan,nan,nan,nan,nan,0,0,0,0,0,nan,0.45793269230769229,-0.00826224761471985,-7.1835272835000217e-05,0.03207689506095171,0,0.033048990458880698
29,5,2,0.084995534306609957,0.0072242408520661093,-1,-1,3,1,1,1978,0.0017338178044958661,0.027219337350450481,0.025485519545954613,0,0.10000000000000001,0.10000000000000001,0.10613436172620298,0,0,1,1,0.0010111223458038423,0,nan,nan,nan,nan,nan,nan,0,0,0,0,0,nan,0,-0.0095535419795891585,-1.3360551907497178e-06,0,0,0.038214167918356634
29,5,2,0.084995534306609957,0.0072242408520661093,-1,-1,3,1,2,1664,0.045547357695346055,0.071577494137536293,0.026030136442190238,0.060775111459247737,0.10000000000000001,0.039224888540752269,0.084755372422246927,0,0,0,1,0.001201923076923077,0,nan,nan,nan,nan,nan,nan,0,0,0,0,0,nan,0.45793269230769229,-0.00826224761471985,-7.1835272835000217e-05,0.012543944368182411,0,0.033048990458880698
30,4,4,0.089289342443690065,0.0079725866740265518,1,1,1,0,1,2743,0.00063780693392212419,0.062500494673975657,0.061862687740053532,0,0.10000000000000001,0.10000000000000001,0.1355966717559679,0,0,1,1,0.00072912869121399923,2207,0.0021881254169446298,0.062494996664442949,0.060306871247498318,7.0283881926045937e-05,0.0829886591060707,0.08291837522414465,0.11632667687879536,0,0,0,0,0,0.95260663507109,-8.5305488426635858e-05,0.00175121147824728,0.023333528697224232,0,0.0022225257273113348
30,4,4,0.089289342443690065,0.0079725866740265518,1,1,3,1,1,2807,0.0019134208017663724,0.071637790039350793,0.069724369237584419,0,0.10000000000000001,0.10000000000000001,0.13463693136312443,0,0,1,1,0.00071250445315283219,2001,0.0029352901934623079,0.062447428420996848,0.059512138227534539,0.00010227294235253537,0.059106070713809203,0.059003797771456666,0.091603920166345165,0,0,0,0,0,0.99358745992162456,-0.0053063227500576545,0.00175121147824728,0.039983331914102395,0,0.016086777189650302
30,4,4,0.089289342443690065,0.0079725866740265518,1,-1,1,0,1,17,0.0032180330461168151,0.0035993352907748525,0.00038130224465803735,0.00012083251327994643,0.00015965823736544037,3.8825724085493938e-05,0.00077086287219517414,0,0,0,0,0,12,0.0032180330461168151,0.0035757171447631754,0.00035768409864636022,0.00012647345201819143,0.00015965823736544037,3.3184785347248943e-05,0.00071890590536229765,0,0,0,0,0,0.70588235294117652,-5.9649653868496851e-07,2.3023500828344449e-06,0.00081299278705312169,0,2.9756857038287333e-06
30,4,4,0.089289342443690065,0.0079725866740265518,1,-1,1,0,2,3901,0.0038887291246147713,0.062340567533686692,0.058451838409071921,0.00017205538489028501,0.057161431434695952,0.056989376049805668,0.18149931115713888,0,0,0,0,0,2112,0.0038887291246147713,0.062339422677019793,0.058450693552405023,0.00017772769827552768,0.057161431434695952,0.056983703736420421,0.17509819585106365,0,0,0,0,0,0.57908228659318128,-8.0237558762671235e-05,0.00175121147824728,0.01537305902119142,0,0.00087078892576820022
30,4,4,0.089289342443690065,0.0079725866740265518,1,-1,1,0,3,23,0.062348977588220375,0.062391753560800747,4.2775972580372246e-05,0.057365717045277431,0.057976438310317381,0.00061072126503994989,0.0012573079685418806,0,0,0,0,0,19,0.062348977588220375,0.062391216197814445,4.2238609594069665e-05,0.057371581054036024,0.057976438310317381,0.00060485725628135756,0.0010777369767014692,0,0,0,0,0,0.86956521739130432,-7.8935419113097149e-05,0.00030732380909596869,0.012018512986659225,0,0.00032524233159390408
30,4,4,0.089289342443690065,0.0079725866740265518,1,-1,1,0,4,11,0.062426264985179968,0.062443064895256993,1.6799910077025526e-05,0.058832440848945344,0.059047448868175083,0.0002150080192297385,0.0004407471474651368,0,0,0,0,0,10,0.062426264985179968,0.062442545541380283,1.6280556200315432e-05,0.058832440848945344,0.059047448868175083,0.0002150080192297385,0.00044060033052278121,0,0,0,0,0,0.90909090909090906,-2.4661989028421217e-06,0.00017618681735546475,0.0083440694430373316,0,1.0996882739401283e-05
30,4,4,0.089289342443690065,0.0079725866740265518,1,-1,3,1,1,2807,0.0019134208017663724,0.071637790039350793,0.069724369237584419,0,0.10000000000000001,0.10000000000000001,0.13463693136312443,0,0,1,1,0.00071250445315283219,2001,0.0029352901934623079,0.062447428420996848,0.059512138227534539,0.00010227294235253537,0.059106070713809203,0.059003797771456666,0.091603920166345165,0,0,0,0,0,0.99358745992162456,-0.0053063227500576545,0.00175121147824728,0.028327916753139597,0,0.016086777189650302
30,4,4,0.089289342443690065,0.0079725866740265518,-1,1,1,0,1,22,0,0.00063780693392212419,0.00063780693392212419,0,0.00063807978722613774,0.00063807978722613774,0.00090218857278888528,1,0,1,0,0.090909090909090912,0,nan,nan,nan,nan,nan,nan,0,0,0,0,0,nan,0,-2.0217094109770175e-12,1.0472620814214591e-10,0,0,3.6627474917441673e-06
30,4,4,0.089289342443690065,0.0079725866740265518,-1,1,3,1,1,1985,0.0019134208017663724,0.027782493619227702,0.025869072817461331,0,0.10000000000000001,0.10000000000000001,0.10635400738402377,0,0,1,1,0.0010075566750629723,0,nan,nan,nan,nan,nan,nan,0,0,0,0,0,nan,0,-0.0095545431168568493,-1.627190739836563e-06,0,0,0.038218172467427459
30,4,4,0.089289342443690065,0.0079725866740265518,-1,1,3,1,2,1677,0.045204471980017119,0.071637790039350793,0.026433318059333674,0.060600589112952588,0.10000000000000001,0.039399410887047417,0.085325280782349175,0,0,0,1,0.0011926058437686344,0,nan,nan,nan,nan,nan,nan,0,0,0,0,0,nan,0.45796064400715564,-0.0083274125628620081,-7.8921106460284069e-05,0.031988050610913712,0,0.033309650251448039
30,4,4,0.089289342443690065,0.0079725866740265518,-1,-1,3,1,1,1985,0.0019134208017663724,0.027782493619227702,0.025869072817461331,0,0.10000000000000001,0.10000000000000001,0.10635400738402377,0,0,1,1,0.0010075566750629723,0,nan,nan,nan,nan,nan,nan,0,0,0,0,0,nan,0,-0.0095545431168568493,-1.627190739836563e-06,0,0,0.038218172467427459
30,4,4,0.089289342443690065,0.0079725866740265518,-1,-1,3,1,2,1677,0.045204471980017119,0.071637790039350793,0.026433318059333674,0.060600589112952588,0.10000000000000001,0.039399410887047417,0.085325280782349175,0,0,0,1,0.0011926058437686344,0,nan,nan,nan,nan,nan,nan,0,0,0,0,0,nan,0.45796064400715564,-0.0083274125628620081,-7.8921106460284069e-05,0.012492933763848956,0,0.033309650251448039
31,3,5,0.092032793804852159,0.0084700351355264346,1,1,1,0,1,2742,0.00067760281084211483,0.06250065162933946,0.061823048818497345,0,0.10000000000000001,0.10000000000000001,0.13557462821872354,0,0,1,1,0.00072939460247994166,2203,0.0021881254169446298,0.062494996664442956,0.060306871247498325,7.1889524628328873e-05,0.082988659106070714,0.082916769581442382,0.11634692364918009,0,0,0,0,0,0.95003646973012401,-8.9670698774260569e-05,0.0017398727810401516,0.023199052309375533,0,0.0022507110517609942
31,3,5,0.092032793804852159,0.0084700351355264346,1,1,3,1,1,2805,0.0020328084325263443,0.071677890667766891,0.069645082235240546,0,0.10000000000000001,0.10000000000000001,0.13454458981049081,0,0,1,1,0.00071301247771836005,1997,0.0030953969312875248,0.062444731680372394,0.059349334749084867,0.0001118662403979718,0.059039359573048698,0.058927493332650724,0.091396362302569686,0,0,0,0,0,0.99358288770053471,-0.0053280573312260576,0.0017398727810401516,0.039978020186950361,0,0.016162666391381995
31,3,5,0.092032793804852159,0.0084700351355264346,1,-1,1,0,1,13,0.0032798931420045889,0.0035561300172442731,0.00027623687523968413,0.00012366548203529996,0.00015407263697139951,3.0407154936099549e-05,0.00056074622254518116,0,0,0,0,0,10,0.0032798931420045889,0.0035223482321547696,0.00024245509015018065,0.00012740450763345401,0.00015407263697139951,2.6668129337945501e-05,0.00048920560209854403,0,0,0,0,0,0.76923076923076927,-5.5988430395493409e-07,1.7070841046867558e-06,0.0007300070999174817,0,2.603996153421007e-06
31,3,5,0.092032793804852159,0.0084700351355264346,1,-1,1,0,2,3899,0.0039439623930779665,0.062340327635149226,0.058396365242071258,0.00017477356020268941,0.057117751423013577,0.056942977862810884,0.18129674580225374,0,0,0,0,0,2116,0.0039439623930779665,0.062339175530870407,0.058395213137792439,0.00018124419069054016,0.057117751423013577,0.05693650723232304,0.17494584261404367,0,0,0,0,0,0.57604513977943061,-8.5000580966183303e-05,0.0017398727810401516,0.015297156753797468,0,0.00084831996122591196
31,3,5,0.092032793804852159,0.0084700351355264346,1,-1,1,0,3,19,0.062351334411673121,0.062391524625810345,4.0190214137224289e-05,0.057406935707294188,0.05793539189403115,0.00052845618673696276,0.001075550376156477,0,0,0,0,0,18,0.062351334411673121,0.062390985222462433,3.9650810789312874e-05,0.057406935707294188,0.05793539189403115,0.00052845618673696276,0.0010754164787483856,0,0,0,0,0,0.94736842105263153,-1.1294536699635249e-05,0.00029187149514543569,0.01212953848244998,0,5.0561125514008711e-05
31,3,5,0.092032793804852159,0.0084700351355264346,1,-1,1,0,4,9,0.062428457809938435,0.062442852744404941,1.4394934466505083e-05,0.058834063273886267,0.059012975359116912,0.00017891208523064528,0.00036745365621971031,0,0,0,0,0,8,0.062428457809938435,0.062442332889452751,1.3875079514315269e-05,0.058834063273886267,0.059012975359116912,0.00017891208523064528,0.00036731175273137256,0,0,0,0,0,0.88888888888888884,-2.653932843171951e-06,0.00015555408276290324,0.0074006812710402025,0,1.1437018061955268e-05
31,3,5,0.092032793804852159,0.0084700351355264346,1,-1,3,1,1,2805,0.0020328084325263443,0.071677890667766891,0.069645082235240546,0,0.10000000000000001,0.10000000000000001,0.13454458981049081,0,0,1,1,0.00071301247771836005,1997,0.0030953969312875248,0.062444731680372394,0.059349334749084867,0.0001118662403979718,0.059039359573048698,0.058927493332650724,0.091396362302569686,0,0,0,0,0,0.99358288770053471,-0.0053280573312260576,0.0017398727810401516,0.028260424530099103,0,0.016162666391381995
31,3,5,0.092032793804852159,0.0084700351355264346,-1,1,1,0,1,24,0,0.00067760281084211483,0.00067760281084211483,0,0.0006779102094302108,0.0006779102094302108,0.00095849299103621557,1,0,1,0,0.083333333333333329,0,nan,nan,nan,nan,nan,nan,0,0,0,0,0,nan,0,-2.0625026575831e-12,2.5186680316438118e-10,0,0,4.1341860298347418e-06
31,3,5,0.092032793804852159,0.0084700351355264346,-1,1,3,1,1,1989,0.0020328084325263443,0.02817006999474491,0.026137261562218565,0,0.10000000000000001,0.10000000000000001,0.10651122095828494,0,0,1,1,0.0010055304172951231,0,nan,nan,nan,nan,nan,nan,0,0,0,0,0,nan,0,-0.0095543004906413487,-1.836582277044539e-06,0,0,0.038217201962565416
31,3,5,0.092032793804852159,0.0084700351355264346,-1,1,3,1,2,1687,0.044963205900657777,0.071677890667766891,0.026714684767109115,0.060484833888603734,0.10000000000000001,0.039515166111396272,0.085714906309584588,0,0,0,1,0.0011855364552459987,0,nan,nan,nan,nan,nan,nan,0,0,0,0,0,nan,0.45761707172495553,-0.0083716840885788325,-8.3784708366374126e-05,0.031924997267095585,0,0.033486736354316475
31,3,5,0.092032793804852159,0.0084700351355264346,-1,-1,3,1,1,1989,0.0020328084325263443,0.02817006999474491,0.026137261562218565,0,0.10000000000000001,0.10000000000000001,0.10651122095828494,0,0,1,1,0.0010055304172951231,0,nan,nan,nan,nan,nan,nan,0,0,0,0,0,nan,0,-0.0095543004906413487,-1.836582277044539e-06,0,0,0.038217201962565416
31,3,5,0.092032793804852159,0.0084700351355264346,-1,-1,3,1,2,1687,0.044963205900657777,0.071677890667766891,0.026714684767109115,0.060484833888603734,0.10000000000000001,0.039515166111396272,0.085714906309584588,0,0,0,1,0.0011855364552459987,0,nan,nan,nan,nan,nan,nan,0,0,0,0,0,nan,0.45761707172495553,-0.0083716840885788325,-8.3784708366374126e-05,0.012455873222653341,0,0.033486736354316475
32,5,3,0.092032793804852159,0.0084700351355264346,1,1,1,0,1,2742,0.00067760281084211483,0.06250065162933946,0.061823048818497345,0,0.10000000000000001,0.10000000000000001,0.13557462821872354,0,0,1,1,0.00072939460247994166,2203,0.0021881254169446298,0.062494996664442956,0.060306871247498325,7.1889524628328873e-05,0.082988659106070714,0.082916769581442382,0.11634692364918009,0,0,0,0,0,0.95003646973012401,-8.9670698774260569e-05,0.0017398727810401516,0.023199052309375533,0,0.0022507110517609942
32,5,3,0.092032793804852159,0.0084700351355264346,1,1,3,1,1,2805,0.0020328084325263443,0.071677890667766891,0.069645082235240546,0,0.10000000000000001,0.10000000000000001,0.13454458981049081,0,0,1,1,0.00071301247771836005,1997,0.0030953969312875248,0.062444731680372394,0.059349334749084867,0.0001118662403979718,0.059039359573048698,0.058927493332650724,0.091396362302569686,0,0,0,0,0,0.99358288770053471,-0.0053280573312260576,0.0017398727810401516,0.039978020186950361,0,0.016162666391381995
32,5,3,0.092032793804852159,0.0084700351355264346,1,-1,1,0,1,13,0.0032798931420045889,0.0035561300172442731,0.00027623687523968413,0.00012366548203529996,0.00015407263697139951,3.0407154936099549e-05,0.00056074622254518116,0,0,0,0,0,10,0.0032798931420045889,0.0035223482321547696,0.00024245509015018065,0.00012740450763345401,0.00015407263697139951,2.6668129337945501e-05,0.00048920560209854403,0,0,0,0,0,0.76923076923076927,-5.5988430395493409e-07,1.7070841046867558e-06,0.0007300070999174817,0,2.603996153421007e-06
32,5,3,0.092032793804852159,0.0084700351355264346,1,-1,1,0,2,3899,0.0039439623930779665,0.062340327635149226,0.058396365242071258,0.00017477356020268941,0.057117751423013577,0.056942977862810884,0.18129674580225374,0,0,0,0,0,2116,0.0039439623930779665,0.062339175530870407,0.058395213137792439,0.00018124419069054016,0.057117751423013577,0.05693650723232304,0.17494584261404367,0,0,0,0,0,0.57604513977943061,-8.5000580966183303e-05,0.0017398727810401516,0.015297156753797468,0,0.00084831996122591196
32,5,3,0.092032793804852159,0.0084700351355264346,1,-1,1,0,3,19,0.062351334411673121,0.062391524625810345,4.0190214137224289e-05,0.057406935707294188,0.05793539189403115,0.00052845618673696276,0.001075550376156477,0,0,0,0,0,18,0.062351334411673121,0.062390985222462433,3.9650810789312874e-05,0.057406935707294188,0.05793539189403115,0.00052845618673696276,0.0010754164787483856,0,0,0,0,0,0.94736842105263153,-1.1294536699635249e-05,0.00029187149514543569,0.01212953848244998,0,5.0561125514008711e-05
32,5,3,0.092032793804852159,0.0084700351355264346,1,-1,1,0,4,9,0.062428457809938435,0.062442852744404941,1.4394934466505083e-05,0.058834063273886267,0.059012975359116912,0.00017891208523064528,0.00036745365621971031,0,0,0,0,0,8,0.062428457809938435,0.062442332889452751,1.3875079514315269e-05,0.058834063273886267,0.059012975359116912,0.00017891208523064528,0.00036731175273137256,0,0,0,0,0,0.88888888888888884,-2.653932843171951e-06,0.00015555408276290324,0.0074006812710402025,0,1.1437018061955268e-05
32,5,3,0.092032793804852159,0.0084700351355264346,1,-1,3,1,1,2805,0.0020328084325263443,0.071677890667766891,0.069645082235240546,0,0.10000000000000001,0.10000000000000001,0.13454458981049081,0,0,1,1,0.00071301247771836005,1997,0.0030953969312875248,0.062444731680372394,0.059349334749084867,0.0001118662403979718,0.059039359573048698,0.058927493332650724,0.091396362302569686,0,0,0,0,0,0.99358288770053471,-0.0053280573312260576,0.0017398727810401516,0.028260424530099103,0,0.016162666391381995
32,5,3,0.092032793804852159,0.0084700351355264346,-1,1,1,0,1,24,0,0.00067760281084211483,0.00067760281084211483,0,0.0006779102094302108,0.0006779102094302108,0.00095849299103621557,1,0,1,0,0.083333333333333329,0,nan,nan,nan,nan,nan,nan,0,0,0,0,0,nan,0,-2.0625026575831e-12,2.5186680316438118e-10,0,0,4.1341860298347418e-06
32,5,3,0.092032793804852159,0.0084700351355264346,-1,1,3,1,1,1989,0.0020328084325263443,0.02817006999474491,0.026137261562218565,0,0.10000000000000001,0.10000000000000001,0.10651122095828494,0,0,1,1,0.0010055304172951231,0,nan,nan,nan,nan,nan,nan,0,0,0,0,0,nan,0,-0.0095543004906413487,-1.836582277044539e-06,0,0,0.038217201962565416
32,5,3,0.092032793804852159,0.0084700351355264346,-1,1,3,1,2,1687,0.044963205900657777,0.071677890667766891,0.026714684767109115,0.060484833888603734,0.10000000000000001,0.039515166111396272,0.085714906309584588,0,0,0,1,0.0011855364552459987,0,nan,nan,nan,nan,nan,nan,0,0,0,0,0,nan,0.45761707172495553,-0.0083716840885788325,-8.3784708366374126e-05,0.031924997267095585,0,0.033486736354316475
32,5,3,0.092032793804852159,0.0084700351355264346,-1,-1,3,1,1,1989,0.0020328084325263443,0.02817006999474491,0.026137261562218565,0,0.10000000000000001,0.10000000000000001,0.10651122095828494,0,0,1,1,0.0010055304172951231,0,nan,nan,nan,nan,nan,nan,0,0,0,0,0,nan,0,-0.0095543004906413487,-1.836582277044539e-06,0,0,0.038217201962565416
32,5,3,0.092032793804852159,0.0084700351355264346,-1,-1,3,1,2,1687,0.044963205900657777,0.071677890667766891,0.026714684767109115,0.060484833888603734,0.10000000000000001,0.039515166111396272,0.085714906309584588,0,0,0,1,0.0011855364552459987,0,nan,nan,nan,nan,nan,nan,0,0,0,0,0,nan,0.45761707172495553,-0.0083716840885788325,-8.3784708366374126e-05,0.012455873222653341,0,0.033486736354316475
33,0,6,0.094685979943115978,0.0089654347977881615,1,1,1,0,1,2741,0.00071723478382305298,0.062500806203539677,0.061783571419716625,0,0.10000000000000001,0.10000000000000001,0.13554288983507581,0,0,1,1,0.00072966070777088653,2200,0.0021881254169446298,0.062494566480028768,0.060306441063084137,7.2556761890563878e-05,0.082588392261507659,0.082515835499617093,0.11596193881610482,0,0,0,0,0,0.94709959868661076,-9.4404466068411796e-05,0.0017285868120385857,0.023059201306919588,0,0.0022787816528891023
33,0,6,0.094685979943115978,0.0089654347977881615,1,1,3,1,1,2803,0.0021517043514691588,0.071717848753309013,0.069566144401839849,0,0.10000000000000001,0.10000000000000001,0.13445271852843807,0,0,1,1,0.00071352122725651087,1993,0.0032555036691127416,0.062441627751834552,0.059186124082721808,0.00012257695547931175,0.058979307121822817,0.058856730166343504,0.091195197643998457,0,0,0,0,0,0.99322154834106313,-0.0053497139399126823,0.0017285868120385857,0.039934550492954406,0,0.016238303167775834
33,0,6,0.094685979943115978,0.0089654347977881615,1,-1,1,0,1,9,0.0033430628467410002,0.0035036401044675511,0.00016057725772655089,0.00012825692357622807,0.00014379722423142591,1.5540300655197844e-05,0.00032359005630284272,0,0,0,0,0,8,0.0033430628467410002,0.0035036401044675511,0.00016057725772655089,0.00013029574093845761,0.00014379722423142591,1.3501483292968299e-05,0.00032322385894825495,0,0,0,0,0,0.88888888888888884,-1.9379416592779358e-07,9.7459621259498006e-07,0.00061663085185220635,0,8.7696251070946324e-07
33,0,6,0.094685979943115978,0.0089654347977881615,1,-1,1,0,2,3895,0.0040001317003019315,0.06234009135809096,0.058339959657789028,0.00017833792168680477,0.057075098582240517,0.056896760660553714,0.18109426705897988,0,0,0,0,0,2114,0.0040001317003019315,0.062338932413702926,0.058338800713400994,0.00018457649637808018,0.057075098582240517,0.056890522085862434,0.17477070297519193,0,0,0,0,0,0.57150192554557122,-8.9738273491720346e-05,0.0017285868120385857,0.015217548502501349,0,0.00082765597979400174
33,0,6,0.094685979943115978,0.0089654347977881615,1,-1,1,0,3,17,0.062353681528274869,0.062391299224478586,3.7617696203716411e-05,0.057417936548444889,0.057895127064203543,0.0004771905157586534,0.00097569373674363672,0,0,0,0,0,16,0.062353681528274869,0.062390757926094241,3.7076397819371665e-05,0.057417936548444889,0.057895127064203543,0.0004771905157586534,0.00097550159067498834,0,0,0,0,0,0.94117647058823528,-1.1205434475171893e-05,0.00027619287546691676,0.011567536608622902,0,4.9488874289559618e-05
33,0,6,0.094685979943115978,0.0089654347977881615,1,-1,1,0,4,9,0.062430641603293563,0.062442643835740198,1.2002232446635397e-05,0.058835314693906043,0.058979307121822817,0.00014399242791677397,0.00029629911207184744,0,0,0,0,0,8,0.062430641603293563,0.06244212356465044,1.1481961356876735e-05,0.058835314693906043,0.058979307121822817,0.00014399242791677397,0.00029616900344755647,0,0,0,0,0,0.88888888888888884,-3.127023874961107e-06,0.00013393891580173531,0.0067546512086543173,0,1.3072961132771774e-05
33,0,6,0.094685979943115978,0.0089654347977881615,1,-1,3,1,1,2803,0.0021517043514691588,0.071717848753309013,0.069566144401839849,0,0.10000000000000001,0.10000000000000001,0.13445271852843807,0,0,1,1,0.00071352122725651087,1993,0.0032555036691127416,0.062441627751834552,0.059186124082721808,0.00012257695547931175,0.058979307121822817,0.058856730166343504,0.091195197643998457,0,0,0,0,0,0.99322154834106313,-0.0053497139399126823,0.0017285868120385857,0.028180646015791819,0,0.016238303167775834
33,0,6,0.094685979943115978,0.0089654347977881615,-1,1,1,0,1,25,0,0.00071723478382305298,0.00071723478382305298,0,0.00071757937627363344,0.00071757937627363344,0.0010145675062552652,1,0,1,0,0.080000000000000002,0,nan,nan,nan,nan,nan,nan,0,0,0,0,0,nan,0,-2.1000532802726467e-12,4.728911930820689e-10,0,0,4.6320577912752298e-06
33,0,6,0.094685979943115978,0.0089654347977881615,-1,1,3,1,1,1995,0.0021517043514691588,0.028568017053698685,0.026416312702229525,0,0.10000000000000001,0.10000000000000001,0.10667805199961281,0,0,1,1,0.0010025062656641604,0,nan,nan,nan,nan,nan,nan,0,0,0,0,0,nan,0,-0.0095532375627020265,-2.0577029405028063e-06,0,0,0.038212950250808154
33,0,6,0.094685979943115978,0.0089654347977881615,-1,1,3,1,2,1696,0.044711088051087963,0.071717848753309013,0.02700676070222105,0.060369756011851614,0.10000000000000001,0.039630243988148392,0.086112682999579609,0,0,0,1,0.0011792452830188679,0,nan,nan,nan,nan,nan,nan,0,0,0,0,0,nan,0.4569575471698113,-0.008416603664935381,-8.8627577533277051e-05,0.031820874595991644,0,0.033666414659742051
33,0,6,0.094685979943115978,0.0089654347977881615,-1,-1,3,1,1,1995,0.0021517043514691588,0.028568017053698685,0.026416312702229525,0,0.10000000000000001,0.10000000000000001,0.10667805199961281,0,0,1,1,0.0010025062656641604,0,nan,nan,nan,nan,nan,nan,0,0,0,0,0,nan,0,-0.0095532375627020265,-2.0577029405028063e-06,0,0,0.038212950250808154
33,0,6,0.094685979943115978,0.0089654347977881615,-1,-1,3,1,2,1696,0.044711088051087963,0.071717848753309013,0.02700676070222105,0.060369756011851614,0.10000000000000001,0.039630243988148392,0.086112682999579609,0,0,0,1,0.0011792452830188679,0,nan,nan,nan,nan,nan,nan,0,0,0,0,0,nan,0.4569575471698113,-0.008416603664935381,-8.8627577533277051e-05,0.012408353196717032,0,0.033666414659742051
34,6,0,0.094685979943115978,0.0089654347977881615,1,1,1,0,1,2741,0.00071723478382305298,0.062500806203539677,0.061783571419716625,0,0.10000000000000001,0.10000000000000001,0.13554288983507581,0,0,1,1,0.00072966070777088653,2200,0.0021881254169446298,0.062494566480028768,0.060306441063084137,7.2556761890563878e-05,0.082588392261507659,0.082515835499617093,0.11596193881610482,0,0,0,0,0,0.94709959868661076,-9.4404466068411796e-05,0.0017285868120385857,0.023059201306919588,0,0.0022787816528891023
34,6,0,0.094685979943115978,0.0089654347977881615,1,1,3,1,1,2803,0.0021517043514691588,0.071717848753309013,0.069566144401839849,0,0.10000000000000001,0.10000000000000001,0.13445271852843807,0,0,1,1,0.00071352122725651087,1993,0.0032555036691127416,0.062441627751834552,0.059186124082721808,0.00012257695547931175,0.058979307121822817,0.058856730166343504,0.091195197643998457,0,0,0,0,0,0.99322154834106313,-0.0053497139399126823,0.0017285868120385857,0.039934550492954406,0,0.016238303167775834
34,6,0,0.094685979943115978,0.0089654347977881615,1,-1,1,0,1,9,0.0033430628467410002,0.0035036401044675511,0.00016057725772655089,0.00012825692357622807,0.00014379722423142591,1.5540300655197844e-05,0.00032359005630284272,0,0,0,0,0,8,0.0033430628467410002,0.0035036401044675511,0.00016057725772655089,0.00013029574093845761,0.00014379722423142591,1.3501483292968299e-05,0.00032322385894825495,0,0,0,0,0,0.88888888888888884,-1.9379416592779358e-07,9.7459621259498006e-07,0.00061663085185220635,0,8.7696251070946324e-07
34,6,0,0.094685979943115978,0.0089654347977881615,1,-1,1,0,2,3895,0.0040001317003019315,0.06234009135809096,0.058339959657789028,0.00017833792168680477,0.057075098582240517,0.056896760660553714,0.18109426705897988,0,0,0,0,0,2114,0.0040001317003019315,0.062338932413702926,0.058338800713400994,0.00018457649637808018,0.057075098582240517,0.056890522085862434,0.17477070297519193,0,0,0,0,0,0.57150192554557122,-8.9738273491720346e-05,0.0017285868120385857,0.015217548502501349,0,0.00082765597979400174
34,6,0,0.094685979943115978,0.0089654347977881615,1,-1,1,0,3,17,0.062353681528274869,0.062391299224478586,3.7617696203716411e-05,0.057417936548444889,0.057895127064203543,0.0004771905157586534,0.00097569373674363672,0,0,0,0,0,16,0.062353681528274869,0.062390757926094241,3.7076397819371665e-05,0.057417936548444889,0.057895127064203543,0.0004771905157586534,0.00097550159067498834,0,0,0,0,0,0.94117647058823528,-1.1205434475171893e-05,0.00027619287546691676,0.011567536608622902,0,4.9488874289559618e-05
34,6,0,0.094685979943115978,0.0089654347977881615,1,-1,1,0,4,9,0.062430641603293563,0.062442643835740198,1.2002232446635397e-05,0.058835314693906043,0.058979307121822817,0.00014399242791677397,0.00029629911207184744,0,0,0,0,0,8,0.062430641603293563,0.06244212356465044,1.1481961356876735e-05,0.058835314693906043,0.058979307121822817,0.00014399242791677397,0.00029616900344755647,0,0,0,0,0,0.88888888888888884,-3.127023874961107e-06,0.00013393891580173531,0.0067546512086543173,0,1.3072961132771774e-05
34,6,0,0.094685979943115978,0.0089654347977881615,1,-1,3,1,1,2803,0.0021517043514691588,0.071717848753309013,0.069566144401839849,0,0.10000000000000001,0.10000000000000001,0.13445271852843807,0,0,1,1,0.00071352122725651087,1993,0.0032555036691127416,0.062441627751834552,0.059186124082721808,0.00012257695547931175,0.058979307121822817,0.058856730166343504,0.091195197643998457,0,0,0,0,0,0.99322154834106313,-0.0053497139399126823,0.0017285868120385857,0.028180646015791819,0,0.016238303167775834
34,6,0,0.094685979943115978,0.0089654347977881615,-1,1,1,0,1,25,0,0.00071723478382305298,0.00071723478382305298,0,0.00071757937627363344,0.00071757937627363344,0.0010145675062552652,1,0,1,0,0.080000000000000002,0,nan,nan,nan,nan,nan,nan,0,0,0,0,0,nan,0,-2.1000532802726467e-12,4.728911930820689e-10,0,0,4.6320577912752298e-06
34,6,0,0.094685979943115978,0.0089654347977881615,-1,1,3,1,1,1995,0.0021517043514691588,0.028568017053698685,0.026416312702229525,0,0.10000000000000001,0.10000000000000001,0.10667805199961281,0,0,1,1,0.0010025062656641604,0,nan,nan,nan,nan,nan,nan,0,0,0,0,0,nan,0,-0.0095532375627020265,-2.0577029405028063e-06,0,0,0.038212950250808154
34,6,0,0.094685979943115978,0.0089654347977881615,-1,1,3,1,2,1696,0.044711088051087963,0.071717848753309013,0.02700676070222105,0.060369756011851614,0.10000000000000001,0.039630243988148392,0.086112682999579609,0,0,0,1,0.0011792452830188679,0,nan,nan,nan,nan,nan,nan,0,0,0,0,0,nan,0.4569575471698113,-0.008416603664935381,-8.8627577533277051e-05,0.031820874595991644,0,0.033666414659742051
34,6,0,0.094685979943115978,0.0089654347977881615,-1,-1,3,1,1,1995,0.0021517043514691588,0.028568017053698685,0.026416312702229525,0,0.10000000000000001,0.10000000000000001,0.10667805199961281,0,0,1,1,0.0010025062656641604,0,nan,nan,nan,nan,nan,nan,0,0,0,0,0,nan,0,-0.0095532375627020265,-2.0577029405028063e-06,0,0,0.038212950250808154
34,6,0,0.094685979943115978,0.0089654347977881615,-1,-1,3,1,2,1696,0.044711088051087963,0.071717848753309013,0.02700676070222105,0.060369756011851614,0.10000000000000001,0.039630243988148392,0.086112682999579609,0,0,0,1,0.0011792452830188679,0,nan,nan,nan,nan,nan,nan,0,0,0,0,0,nan,0.4569575471698113,-0.008416603664935381,-8.8627577533277051e-05,0.012408353196717032,0,0.033666414659742051
35,1,6,0.09599299850756611,0.0092146557624735882,1,1,1,0,1,2741,0.00073717246099788713,0.062500883317623449,0.061763710856625562,0,0.10000000000000001,0.10000000000000001,0.13552933041478205,0,0,1,1,0.00072966070777088653,2200,0.0021881254169446298,0.062494996664442956,0.060306871247498325,7.2704503531709818e-05,0.08172114743162108,0.081648442928089371,0.11510043151515269,0,0,0,0,0,0.94855892010215248,-9.6789771841865864e-05,0.0017229154873032876,0.022993503543619814,0,0.0022929036671839108
35,1,6,0.09599299850756611,0.0092146557624735882,1,1,3,1,1,2803,0.0022115173829936612,0.071737956760680038,0.069526439377686378,0,0.10000000000000001,0.10000000000000001,0.13440654319412232,0,0,1,1,0.00071352122725651087,1992,0.0033088725817211474,0.062442975965726621,0.059134103384005474,0.00012503362348092564,0.058972648432288187,0.058847614808807264,0.091145073820067576,0,0,0,0,0,0.99322154834106313,-0.0053606122551191687,0.0017229154873032876,0.039934866462941969,0,0.016276373742389608
35,1,6,0.09599299850756611,0.0092146557624735882,1,-1,1,0,1,3893,0.0040289508253765769,0.062339973478795871,0.058311022653419295,0.00017966780448686821,0.057053823167181036,0.056874155362694169,0.18099279832421025,0,0,0,0,0,2115,0.0040289508253765769,0.062338811232804998,0.058309860407428422,0.0001846136528299946,0.057053823167181036,0.056869209514351045,0.17468789036993543,0,0,0,0,0,0.57025430259440024,-9.1873489437376227e-05,0.0017229154873032876,0.015187032251181103,0,0.00081831980504073565
35,1,6,0.09599299850756611,0.0092146557624735882,1,-1,1,0,2,17,0.062354862293439395,0.062391186799896137,3.6324506456741901e-05,0.057420818117573498,0.05787550846359097,0.00045469034601747227,0.00093112671552093699,0,0,0,0,0,16,0.062354862293439395,0.062390644598675576,3.5782305236181644e-05,0.057420818117573498,0.05787550846359097,0.00045469034601747227,0.00093091470404656662,0,0,0,0,0,0.94117647058823528,-1.1288970443486096e-05,0.00026818783046063014,0.011391870303997182,0,4.9486758911645136e-05
35,1,6,0.09599299850756611,0.0092146557624735882,1,-1,3,1,1,2803,0.0022115173829936612,0.071737956760680038,0.069526439377686378,0,0.10000000000000001,0.10000000000000001,0.13440654319412232,0,0,1,1,0.00071352122725651087,1992,0.0033088725817211474,0.062442975965726621,0.059134103384005474,0.00012503362348092564,0.058972648432288187,0.058847614808807264,0.091145073820067576,0,0,0,0,0,0.99322154834106313,-0.0053606122551191687,0.0017229154873032876,0.028141398431071933,0,0.016276373742389608
35,1,6,0.09599299850756611,0.0092146557624735882,-1,1,1,0,1,26,0,0.00073717246099788713,0.00073717246099788713,0,0.0007375358928034632,0.0007375358928034632,0.001042777043526996,1,0,1,0,0.076923076923076927,0,nan,nan,nan,nan,nan,nan,0,0,0,0,0,nan,0,-2.4010644282122291e-12,2.5300921506349361e-10,0,0,4.8932209428228323e-06
35,1,6,0.09599299850756611,0.0092146557624735882,-1,1,3,1,1,1998,0.0022115173829936612,0.02877316795445484,0.02656165057146118,0,0.10000000000000001,0.10000000000000001,0.10676626846191301,0,0,1,1,0.001001001001001001,0,nan,nan,nan,nan,nan,nan,0,0,0,0,0,nan,0,-0.0095523608945400507,-2.173692949014725e-06,0,0,0.038209443578160217
35,1,6,0.09599299850756611,0.0092146557624735882,-1,1,3,1,2,1699,0.044579270115239406,0.071737956760680038,0.027158686645440633,0.060311944448149572,0.10000000000000001,0.039688055551850433,0.086316943728402706,0,0,0,1,0.0011771630370806356,0,nan,nan,nan,nan,nan,nan,0,0,0,0,0,nan,0.45615067686874633,-0.008439555493646389,-9.1311822691600886e-05,0.031847091647208586,0,0.033758221974586305
35,1,6,0.09599299850756611,0.0092146557624735882,-1,-1,3,1,1,1998,0.0022115173829936612,0.02877316795445484,0.02656165057146118,0,0.10000000000000001,0.10000000000000001,0.10676626846191301,0,0,1,1,0.001001001001001001,0,nan,nan,nan,nan,nan,nan,0,0,0,0,0,nan,0,-0.0095523608945400507,-2.173692949014725e-06,0,0,0.038209443578160217
35,1,6,0.09599299850756611,0.0092146557624735882,-1,-1,3,1,2,1699,0.044579270115239406,0.071737956760680038,0.027158686645440633,0.060311944448149572,0.10000000000000001,0.039688055551850433,0.086316943728402706,0,0,0,1,0.0011771630370806356,0,nan,nan,nan,nan,nan,nan,0,0,0,0,0,nan,0.45615067686874633,-0.008439555493646389,-9.1311822691600886e-05,0.012405146875806645,0,0.033758221974586305
36,6,1,0.09599299850756611,0.0092146557624735882,1,1,1,0,1,2741,0.00073717246099788713,0.062500883317623449,0.061763710856625562,0,0.10000000000000001,0.10000000000000001,0.13552933041478205,0,0,1,1,0.00072966070777088653,2200,0.0021881254169446298,0.062494996664442956,0.060306871247498325,7.2704503531709818e-05,0.08172114743162108,0.081648442928089371,0.11510043151515269,0,0,0,0,0,0.94855892010215248,-9.6789771841865864e-05,0.0017229154873032876,0.022993503543619814,0,0.0022929036671839108
36,6,1,0.09599299850756611,0.0092146557624735882,1,1,3,1,1,2803,0.0022115173829936612,0.071737956760680038,0.069526439377686378,0,0.10000000000000001,0.10000000000000001,0.13440654319412232,0,0,1,1,0.00071352122725651087,1992,0.0033088725817211474,0.062442975965726621,0.059134103384005474,0.00012503362348092564,0.058972648432288187,0.058847614808807264,0.091145073820067576,0,0,0,0,0,0.99322154834106313,-0.0053606122551191687,0.0017229154873032876,0.039934866462941969,0,0.016276373742389608
36,6,1,0.09599299850756611,0.0092146557624735882,1,-1,1,0,1,3893,0.0040289508253765769,0.062339973478795871,0.058311022653419295,0.00017966780448686821,0.057053823167181036,0.056874155362694169,0.18099279832421025,0,0,0,0,0,2115,0.0040289508253765769,0.062338811232804998,0.058309860407428422,0.0001846136528299946,0.057053823167181036,0.056869209514351045,0.17468789036993543,0,0,0,0,0,0.57025430259440024,-9.1873489437376227e-05,0.0017229154873032876,0.015187032251181103,0,0.00081831980504073565
36,6,1,0.09599299850756611,0.0092146557624735882,1,-1,1,0,2,17,0.062354862293439395,0.062391186799896137,3.6324506456741901e-05,0.057420818117573498,0.05787550846359097,0.00045469034601747227,0.00093112671552093699,0,0,0,0,0,16,0.062354862293439395,0.062390644598675576,3.5782305236181644e-05,0.057420818117573498,0.05787550846359097,0.00045469034601747227,0.00093091470404656662,0,0,0,0,0,0.94117647058823528,-1.1288970443486096e-05,0.00026818783046063014,0.011391870303997182,0,4.9486758911645136e-05
36,6,1,0.09599299850756611,0.0092146557624735882,1,-1,3,1,1,2803,0.0022115173829936612,0.071737956760680038,0.069526439377686378,0,0.10000000000000001,0.10000000000000001,0.13440654319412232,0,0,1,1,0.00071352122725651087,1992,0.0033088725817211474,0.062442975965726621,0.059134103384005474,0.00012503362348092564,0.058972648432288187,0.058847614808807264,0.091145073820067576,0,0,0,0,0,0.99322154834106313,-0.0053606122551191687,0.0017229154873032876,0.028141398431071933,0,0.016276373742389608
36,6,1,0.09599299850756611,0.0092146557624735882,-1,1,1,0,1,26,0,0.00073717246099788713,0.00073717246099788713,0,0.0007375358928034632,0.0007375358928034632,0.001042777043526996,1,0,1,0,0.076923076923076927,0,nan,nan,nan,nan,nan,nan,0,0,0,0,0,nan,0,-2.4010644282122291e-12,2.5300921506349361e-10,0,0,4.8932209428228323e-06
36,6,1,0.09599299850756611,0.0092146557624735882,-1,1,3,1,1,1998,0.0022115173829936612,0.02877316795445484,0.02656165057146118,0,0.10000000000000001,0.10000000000000001,0.10676626846191301,0,0,1,1,0.001001001001001001,0,nan,nan,nan,nan,nan,nan,0,0,0,0,0,nan,0,-0.0095523608945400507,-2.173692949014725e-06,0,0,0.038209443578160217
36,6,1,0.09599299850756611,0.0092146557624735882,-1,1,3,1,2,1699,0.044579270115239406,0.071737956760680038,0.027158686645440633,0.060311944448149572,0.10000000000000001,0.039688055551850433,0.086316943728402706,0,0,0,1,0.0011771630370806356,0,nan,nan,nan,nan,nan,nan,0,0,0,0,0,nan,0.45615067686874633,-0.008439555493646389,-9.1311822691600886e-05,0.031847091647208586,0,0.033758221974586305
36,6,1,0.09599299850756611,0.0092146557624735882,-1,-1,3,1,1,1998,0.0022115173829936612,0.02877316795445484,0.02656165057146118,0,0.10000000000000001,0.10000000000000001,0.10676626846191301,0,0,1,1,0.001001001001001001,0,nan,nan,nan,nan,nan,nan,0,0,0,0,0,nan,0,-0.0095523608945400507,-2.173692949014725e-06,0,0,0.038209443578160217
36,6,1,0.09599299850756611,0.0092146557624735882,-1,-1,3,1,2,1699,0.044579270115239406,0.071737956760680038,0.027158686645440633,0.060311944448149572,0.10000000000000001,0.039688055551850433,0.086316943728402706,0,0,0,1,0.0011771630370806356,0,nan,nan,nan,nan,nan,nan,0,0,0,0,0,nan,0.45615067686874633,-0.008439555493646389,-9.1311822691600886e-05,0.012405146875806645,0,0.033758221974586305
37,2,6,0.099811104319312241,0.0099622565454406294,1,1,1,0,1,2740,0.00079698052363525048,0.06250110997820213,0.061704129454566881,0,0.10000000000000001,0.10000000000000001,0.13548932410425216,0,0,1,1,0.00072992700729927003,2196,0.0022414943295530352,0.062492784584264861,0.060251290254711827,7.7868021947657701e-05,0.08172114743162108,0.081643279409673419,0.11507917165827869,0,0,0,0,0,0.94124087591240879,-0.00010384016286786425,0.0017059106175055963,0.022784200991245798,0,0.0023352683327208259
37,2,6,0.099811104319312241,0.0099622565454406294,1,1,3,1,1,2801,0.0023909415709057508,0.071798304870555343,0.069407363299649596,0,0.10000000000000001,0.10000000000000001,0.1342681933107194,0,0,1,1,0.0007140307033202428,1986,0.0035223482321547696,0.062441627751834552,0.058919279519679783,0.0001373172278379954,0.058918082413448425,0.058780765185610429,0.090906120355208092,0,0,0,0,0,0.99285969296679755,-0.0053933200515008843,0.0017059106175055963,0.03988861449484802,0,0.016390660803179927
37,2,6,0.099811104319312241,0.0099622565454406294,1,-1,1,0,1,21,0.0041168195036486799,0.0046348556314933327,0.00051803612784465276,0.00018472881955850371,0.00024826408916966221,6.3535269611158493e-05,0.0010617116432202018,0,0,0,0,0,16,0.0041168195036486799,0.0045897264843228818,0.00047290698067420193,0.00018906205112944141,0.00024826408916966221,5.9202038040220801e-05,0.00095662925727519211,0,0,0,0,0,0.76190476190476186,-8.1863850778467958e-07,4.4478049526286011e-06,0.0011874177753693285,0,4.4284492421027311e-06
37,2,6,0.099811104319312241,0.0099622565454406294,1,-1,1,0,2,3839,0.0047060322831854705,0.062287224420149612,0.057581192136964138,0.00023862553403944961,0.056300937989606691,0.05606231245556724,0.17809029185176947,0,0,0,0,0,2077,0.0047060322831854705,0.062286679661865393,0.057580647378679919,0.00024337409665228728,0.056300937989606691,0.056057563892954403,0.17194701977681798,0,0,0,0,0,0.56186506902839284,-9.8993034737830036e-05,0.0017059106175055963,0.015177688773192017,0,0.00081743904796846892
37,2,6,0.099811104319312241,0.0099622565454406294,1,-1,1,0,3,25,0.062281698235042607,0.062339623781581172,5.7925546538564743e-05,0.056294628921640881,0.056991449942221051,0.00069682102058016976,0.0014413224427891936,0,0,0,0,0,21,0.062281698235042607,0.062338452177031344,5.6753941988736678e-05,0.05630420280186791,0.056991449942221051,0.00068724714035314077,0.0012431682608286827,0,0,0,0,0,0.88,-9.8389807299607477e-05,0.00033056046322240621,0.012896264894434914,0,0.00040658290862839687
37,2,6,0.099811104319312241,0.0099622565454406294,1,-1,1,0,4,15,0.062358404294661544,0.062390853396928278,3.2449102266733643e-05,0.057426085855389934,0.057817702229546936,0.0003916163741570014,0.00080473476569058254,0,0,0,0,0,14,0.062358404294661544,0.062390308684652972,3.1904389991427307e-05,0.057426085855389934,0.057817702229546936,0.0003916163741570014,0.00080448645820832933,0,0,0,0,0,0.93333333333333335,-1.1970082718679185e-05,0.0002436565493253247,0.010519928205596579,0,5.1291545306762108e-05
37,2,6,0.099811104319312241,0.0099622565454406294,1,-1,3,1,1,2801,0.0023909415709057508,0.071798304870555343,0.069407363299649596,0,0.10000000000000001,0.10000000000000001,0.1342681933107194,0,0,1,1,0.0007140307033202428,1986,0.0035223482321547696,0.062441627751834552,0.058919279519679783,0.0001373172278379954,0.058918082413448425,0.058780765185610429,0.090906120355208092,0,0,0,0,0,0.99285969296679755,-0.0053933200515008843,0.0017059106175055963,0.028019079659235259,0,0.016390660803179927
37,2,6,0.099811104319312241,0.0099622565454406294,-1,1,1,0,1,27,0,0.00079698052363525048,0.00079698052363525048,0,0.0007974053341764806,0.0007974053341764806,0.0011274021069816256,1,0,1,0,0.07407407407407407,0,nan,nan,nan,nan,nan,nan,0,0,0,0,0,nan,0,-2.7916992818797099e-12,2.2727774235022808e-10,0,0,5.7196492813359839e-06
37,2,6,0.099811104319312241,0.0099622565454406294,-1,1,3,1,1,2007,0.0023909415709057508,0.029411296197677791,0.02702035462677204,0,0.10000000000000001,0.10000000000000001,0.10705078464730008,0,0,1,1,0.00099651220727453907,0,nan,nan,nan,nan,nan,nan,0,0,0,0,0,nan,0,-0.0095481643653590898,-2.5407118202156704e-06,0,0,0.038192657461436366
37,2,6,0.099811104319312241,0.0099622565454406294,-1,1,3,1,2,1714,0.044161195591400706,0.071798304870555343,0.027637109279154637,0.060138837174107028,0.10000000000000001,0.039861162825892978,0.086948862051597159,0,0,0,1,0.0011668611435239206,0,nan,nan,nan,nan,nan,nan,0,0,0,0,0,nan,0.45565927654609101,-0.0085100030707437706,-9.8355641515300059e-05,0.031726544055051542,0,0.034040012282976012
37,2,6,0.099811104319312241,0.0099622565454406294,-1,-1,3,1,1,2007,0.0023909415709057508,0.029411296197677791,0.02702035462677204,0,0.10000000000000001,0.10000000000000001,0.10705078464730008,0,0,1,1,0.00099651220727453907,0,nan,nan,nan,nan,nan,nan,0,0,0,0,0,nan,0,-0.0095481643653590898,-2.5407118202156704e-06,0,0,0.038192657461436366
37,2,6,0.099811104319312241,0.0099622565454406294,-1,-1,3,1,2,1714,0.044161195591400706,0.071798304870555343,0.027637109279154637,0.060138837174107028,0.10000000000000001,0.039861162825892978,0.086948862051597159,0,0,0,1,0.0011668611435239206,0,nan,nan,nan,nan,nan,nan,0,0,0,0,0,nan,0.45565927654609101,-0.0085100030707437706,-9.8355641515300059e-05,0.012342664085005579,0,0.034040012282976012
38,6,2,0.099811104319312241,0.0099622565454406294,1,1,1,0,1,2740,0.00079698052363525048,0.06250110997820213,0.061704129454566881,0,0.10000000000000001,0.10000000000000001,0.13548932410425216,0,0,1,1,0.00072992700729927003,2196,0.0022414943295530352,0.062492784584264861,0.060251290254711827,7.7868021947657701e-05,0.08172114743162108,0.081643279409673419,0.11507917165827869,0,0,0,0,0,0.94124087591240879,-0.00010384016286786425,0.0017059106175055963,0.022784200991245798,0,0.0023352683327208259
38,6,2,0.099811104319312241,0.0099622565454406294,1,1,3,1,1,2801,0.0023909415709057508,0.071798304870555343,0.069407363299649596,0,0.10000000000000001,0.10000000000000001,0.1342681933107194,0,0,1,1,0.0007140307033202428,1986,0.0035223482321547696,0.062441627751834552,0.058919279519679783,0.0001373172278379954,0.058918082413448425,0.058780765185610429,0.090906120355208092,0,0,0,0,0,0.99285969296679755,-0.0053933200515008843,0.0017059106175055963,0.03988861449484802,0,0.016390660803179927
38,6,2,0.099811104319312241,0.0099622565454406294,1,-1,1,0,1,21,0.0041168195036486799,0.0046348556314933327,0.00051803612784465276,0.00018472881955850371,0.00024826408916966221,6.3535269611158493e-05,0.0010617116432202018,0,0,0,0,0,16,0.0041168195036486799,0.0045897264843228818,0.00047290698067420193,0.00018906205112944141,0.00024826408916966221,5.9202038040220801e-05,0.00095662925727519211,0,0,0,0,0,0.76190476190476186,-8.1863850778467958e-07,4.4478049526286011e-06,0.0011874177753693285,0,4.4284492421027311e-06
38,6,2,0.099811104319312241,0.0099622565454406294,1,-1,1,0,2,3839,0.0047060322831854705,0.062287224420149612,0.057581192136964138,0.00023862553403944961,0.056300937989606691,0.05606231245556724,0.17809029185176947,0,0,0,0,0,2077,0.0047060322831854705,0.062286679661865393,0.057580647378679919,0.00024337409665228728,0.056300937989606691,0.056057563892954403,0.17194701977681798,0,0,0,0,0,0.56186506902839284,-9.8993034737830036e-05,0.0017059106175055963,0.015177688773192017,0,0.00081743904796846892
38,6,2,0.099811104319312241,0.0099622565454406294,1,-1,1,0,3,25,0.062281698235042607,0.062339623781581172,5.7925546538564743e-05,0.056294628921640881,0.056991449942221051,0.00069682102058016976,0.0014413224427891936,0,0,0,0,0,21,0.062281698235042607,0.062338452177031344,5.6753941988736678e-05,0.05630420280186791,0.056991449942221051,0.00068724714035314077,0.0012431682608286827,0,0,0,0,0,0.88,-9.8389807299607477e-05,0.00033056046322240621,0.012896264894434914,0,0.00040658290862839687
38,6,2,0.099811104319312241,0.0099622565454406294,1,-1,1,0,4,15,0.062358404294661544,0.062390853396928278,3.2449102266733643e-05,0.057426085855389934,0.057817702229546936,0.0003916163741570014,0.00080473476569058254,0,0,0,0,0,14,0.062358404294661544,0.062390308684652972,3.1904389991427307e-05,0.057426085855389934,0.057817702229546936,0.0003916163741570014,0.00080448645820832933,0,0,0,0,0,0.93333333333333335,-1.1970082718679185e-05,0.0002436565493253247,0.010519928205596579,0,5.1291545306762108e-05
38,6,2,0.099811104319312241,0.0099622565454406294,1,-1,3,1,1,2801,0.0023909415709057508,0.071798304870555343,0.069407363299649596,0,0.10000000000000001,0.10000000000000001,0.1342681933107194,0,0,1,1,0.0007140307033202428,1986,0.0035223482321547696,0.062441627751834552,0.058919279519679783,0.0001373172278379954,0.058918082413448425,0.058780765185610429,0.090906120355208092,0,0,0,0,0,0.99285969296679755,-0.0053933200515008843,0.0017059106175055963,0.028019079659235259,0,0.016390660803179927
38,6,2,0.099811104319312241,0.0099622565454406294,-1,1,1,0,1,27,0,0.00079698052363525048,0.00079698052363525048,0,0.0007974053341764806,0.0007974053341764806,0.0011274021069816256,1,0,1,0,0.07407407407407407,0,nan,nan,nan,nan,nan,nan,0,0,0,0,0,nan,0,-2.7916992818797099e-12,2.2727774235022808e-10,0,0,5.7196492813359839e-06
38,6,2,0.099811104319312241,0.0099622565454406294,-1,1,3,1,1,2007,0.0023909415709057508,0.029411296197677791,0.02702035462677204,0,0.10000000000000001,0.10000000000000001,0.10705078464730008,0,0,1,1,0.00099651220727453907,0,nan,nan,nan,nan,nan,nan,0,0,0,0,0,nan,0,-0.0095481643653590898,-2.5407118202156704e-06,0,0,0.038192657461436366
38,6,2,0.099811104319312241,0.0099622565454406294,-1,1,3,1,2,1714,0.044161195591400706,0.071798304870555343,0.027637109279154637,0.060138837174107028,0.10000000000000001,0.039861162825892978,0.086948862051597159,0,0,0,1,0.0011668611435239206,0,nan,nan,nan,nan,nan,nan,0,0,0,0,0,nan,0.45565927654609101,-0.0085100030707437706,-9.8355641515300059e-05,0.031726544055051542,0,0.034040012282976012
38,6,2,0.099811104319312241,0.0099622565454406294,-1,-1,3,1,1,2007,0.0023909415709057508,0.029411296197677791,0.02702035462677204,0,0.10000000000000001,0.10000000000000001,0.10705078464730008,0,0,1,1,0.00099651220727453907,0,nan,nan,nan,nan,nan,nan,0,0,0,0,0,nan,0,-0.0095481643653590898,-2.5407118202156704e-06,0,0,0.038192657461436366
38,6,2,0.099811104319312241,0.0099622565454406294,-1,-1,3,1,2,1714,0.044161195591400706,0.071798304870555343,0.027637109279154637,0.060138837174107028,0.10000000000000001,0.039861162825892978,0.086948862051597159,0,0,0,1,0.0011668611435239206,0,nan,nan,nan,nan,nan,nan,0,0,0,0,0,nan,0.45565927654609101,-0.0085100030707437706,-9.8355641515300059e-05,0.012342664085005579,0,0.034040012282976012
39,4,5,0.10106291328388925,0.010213712441426919,1,1,1,0,1,2739,0.00081709699531415337,0.062501186056272556,0.061684089060958402,0,0.10000000000000001,0.10000000000000001,0.13547704047096082,0,0,1,1,0.00073019350127783865,2195,0.0022414943295530352,0.062491507587567621,0.060250013258014587,7.7570613728193027e-05,0.08172114743162108,0.081643576817892888,0.11508872668110717,0,0,0,0,0,0.94048922964585613,-0.00010599662988285468,0.001700197259911912,0.022724261256448882,0,0.0023495184439574672
39,4,5,0.10106291328388925,0.010213712441426919,1,1,3,1,1,2800,0.0024512909859424606,0.071818611983749739,0.069367320997807277,0,0.10000000000000001,0.10000000000000001,0.13422172022376222,0,0,1,1,0.00071428571428571429,1983,0.0036824549699799865,0.062442157067559838,0.058759702097579851,0.00014850766157687497,0.058905937291527682,0.058757429629950807,0.090743482758641983,0,0,0,0,0,0.9921428571428571,-0.0054043262798724491,0.001700197259911912,0.039864433058493548,0,0.01642912891684695
39,4,5,0.10106291328388925,0.010213712441426919,1,-1,1,0,1,21,0.0041470504245274976,0.0046135336051562718,0.00046648318062877427,0.00018602465974012133,0.00024176562354968827,5.5740963809566938e-05,0.00095203428542522093,0,0,0,0,0,16,0.0041470504245274976,0.0045897264843228818,0.00044267605979538428,0.00019049667248222105,0.00024176562354968827,5.1268951067467224e-05,0.00089272574545601997,0,0,0,0,0,0.76190476190476186,-7.4035553093725739e-07,4.029031764861698e-06,0.0011294183422133463,0,3.8365427656516365e-06
39,4,5,0.10106291328388925,0.010213712441426919,1,-1,1,0,2,3839,0.0047339467780190235,0.062287101553084485,0.057553154775065465,0.0002404889616157662,0.056279631802960667,0.056039142841344904,0.17799056212012512,0,0,0,0,0,2080,0.0047339467780190235,0.062286554524325854,0.057552607746306828,0.00024421786984890343,0.056279631802960667,0.056035413933111761,0.17186783355761026,0,0,0,0,0,0.56108361552487629,-0.00010138478660106895,0.001700197259911912,0.015137045216295062,0,0.00080373574729609445
39,4,5,0.10106291328388925,0.010213712441426919,1,-1,1,0,3,23,0.062282854780690684,0.062339507467004632,5.6652686313947431e-05,0.056294945376788884,0.056970653383799356,0.00067570800701047262,0.0013981694015908666,0,0,0,0,0,19,0.062282854780690684,0.062338332894464464,5.5478113773779758e-05,0.05630420280186791,0.056970653383799356,0.00066645058193144646,0.0012015445631359343,0,0,0,0,0,0.86956521739130432,-0.0001008064579359874,0.00032365696516770755,0.012478418022221801,0,0.00041583541636935352
39,4,5,0.10106291328388925,0.010213712441426919,1,-1,1,0,4,15,0.062359595648538095,0.062390742539253821,3.1146890715726128e-05,0.057427277555532369,0.05779885187467166,0.0003715743191392909,0.00076426367394849873,0,0,0,0,0,14,0.062359595648538095,0.062390197047307118,3.0601398769022903e-05,0.057427277555532369,0.05779885187467166,0.0003715743191392909,0.00076400905212069097,0,0,0,0,0,0.93333333333333335,-1.2325733528986295e-05,0.00023521591965738078,0.010308189837664412,0,5.2433311219499225e-05
39,4,5,0.10106291328388925,0.010213712441426919,1,-1,3,1,1,2800,0.0024512909859424606,0.071818611983749739,0.069367320997807277,0,0.10000000000000001,0.10000000000000001,0.13422172022376222,0,0,1,1,0.00071428571428571429,1983,0.0036824549699799865,0.062442157067559838,0.058759702097579851,0.00014850766157687497,0.058905937291527682,0.058757429629950807,0.090743482758641983,0,0,0,0,0,0.9921428571428571,-0.0054043262798724491,0.001700197259911912,0.027976665056036416,0,0.01642912891684695
39,4,5,0.10106291328388925,0.010213712441426919,-1,1,1,0,1,29,0,0.00081709699531415337,0.00081709699531415337,0,0.00081754417016350635,0.00081754417016350635,0.0011558670213134448,1,0,1,0,0.068965517241379309,0,nan,nan,nan,nan,nan,nan,0,0,0,0,0,nan,0,-2.5730777628288137e-12,8.7245227612414602e-10,0,0,6.0121181213617428e-06
39,4,5,0.10106291328388925,0.010213712441426919,-1,1,3,1,1,2010,0.0024512909859424606,0.029634538328848652,0.02718324734290619,0,0.10000000000000001,0.10000000000000001,0.10715408523626029,0,0,1,1,0.00099502487562189048,0,nan,nan,nan,nan,nan,nan,0,0,0,0,0,nan,0,-0.0095461587086571129,-2.670589999005671e-06,0,0,0.038184634834628507
39,4,5,0.10106291328388925,0.010213712441426919,-1,1,3,1,2,1719,0.044012007028207123,0.071818611983749739,0.027806604955542616,0.06008071351223352,0.10000000000000001,0.039919286487766485,0.087168768820743925,0,0,0,1,0.0011634671320535194,0,nan,nan,nan,nan,nan,nan,0,0,0,0,0,nan,0.45491564863292611,-0.0085343018223261926,-0.00010106346790321832,0.031667375980429131,0,0.034137207289305464
39,4,5,0.10106291328388925,0.010213712441426919,-1,-1,3,1,1,2010,0.0024512909859424606,0.029634538328848652,0.02718324734290619,0,0.10000000000000001,0.10000000000000001,0.10715408523626029,0,0,1,1,0.00099502487562189048,0,nan,nan,nan,nan,nan,nan,0,0,0,0,0,nan,0,-0.0095461587086571129,-2.670589999005671e-06,0,0,0.038184634834628507
39,4,5,0.10106291328388925,0.010213712441426919,-1,-1,3,1,2,1719,0.044012007028207123,0.071818611983749739,0.027806604955542616,0.06008071351223352,0.10000000000000001,0.039919286487766485,0.087168768820743925,0,0,0,1,0.0011634671320535194,0,nan,nan,nan,nan,nan,nan,0,0,0,0,0,nan,0.45491564863292611,-0.0085343018223261926,-0.00010106346790321832,0.012316286057525971,0,0.034137207289305464
40,5,4,0.10106291328388925,0.010213712441426919,1,1,1,0,1,2739,0.00081709699531415337,0.062501186056272556,0.061684089060958402,0,0.10000000000000001,0.10000000000000001,0.13547704047096082,0,0,1,1,0.00073019350127783865,2195,0.0022414943295530352,0.062491507587567621,0.060250013258014587,7.7570613728193027e-05,0.08172114743162108,0.081643576817892888,0.11508872668110717,0,0,0,0,0,0.94048922964585613,-0.00010599662988285468,0.001700197259911912,0.022724261256448882,0,0.0023495184439574672
40,5,4,0.10106291328388925,0.010213712441426919,1,1,3,1,1,2800,0.0024512909859424606,0.071818611983749739,0.069367320997807277,0,0.10000000000000001,0.10000000000000001,0.13422172022376222,0,0,1,1,0.00071428571428571429,1983,0.0036824549699799865,0.062442157067559838,0.058759702097579851,0.00014850766157687497,0.058905937291527682,0.058757429629950807,0.090743482758641983,0,0,0,0,0,0.9921428571428571,-0.0054043262798724491,0.001700197259911912,0.039864433058493548,0,0.01642912891684695
40,5,4,0.10106291328388925,0.010213712441426919,1,-1,1,0,1,21,0.0041470504245274976,0.0046135336051562718,0.00046648318062877427,0.00018602465974012133,0.00024176562354968827,5.5740963809566938e-05,0.00095203428542522093,0,0,0,0,0,16,0.0041470504245274976,0.0045897264843228818,0.00044267605979538428,0.00019049667248222105,0.00024176562354968827,5.1268951067467224e-05,0.00089272574545601997,0,0,0,0,0,0.76190476190476186,-7.4035553093725739e-07,4.029031764861698e-06,0.0011294183422133463,0,3.8365427656516365e-06
40,5,4,0.10106291328388925,0.010213712441426919,1,-1,1,0,2,3839,0.0047339467780190235,0.062287101553084485,0.057553154775065465,0.0002404889616157662,0.056279631802960667,0.056039142841344904,0.17799056212012512,0,0,0,0,0,2080,0.0047339467780190235,0.062286554524325854,0.057552607746306828,0.00024421786984890343,0.056279631802960667,0.056035413933111761,0.17186783355761026,0,0,0,0,0,0.56108361552487629,-0.00010138478660106895,0.001700197259911912,0.015137045216295062,0,0.00080373574729609445
40,5,4,0.10106291328388925,0.010213712441426919,1,-1,1,0,3,23,0.062282854780690684,0.062339507467004632,5.6652686313947431e-05,0.056294945376788884,0.056970653383799356,0.00067570800701047262,0.0013981694015908666,0,0,0,0,0,19,0.062282854780690684,0.062338332894464464,5.5478113773779758e-05,0.05630420280186791,0.056970653383799356,0.00066645058193144646,0.0012015445631359343,0,0,0,0,0,0.86956521739130432,-0.0001008064579359874,0.00032365696516770755,0.012478418022221801,0,0.00041583541636935352
40,5,4,0.10106291328388925,0.010213712441426919,1,-1,1,0,4,15,0.062359595648538095,0.062390742539253821,3.1146890715726128e-05,0.057427277555532369,0.05779885187467166,0.0003715743191392909,0.00076426367394849873,0,0,0,0,0,14,0.062359595648538095,0.062390197047307118,3.0601398769022903e-05,0.057427277555532369,0.05779885187467166,0.0003715743191392909,0.00076400905212069097,0,0,0,0,0,0.93333333333333335,-1.2325733528986295e-05,0.00023521591965738078,0.010308189837664412,0,5.2433311219499225e-05
40,5,4,0.10106291328388925,0.010213712441426919,1,-1,3,1,1,2800,0.0024512909859424606,0.071818611983749739,0.069367320997807277,0,0.10000000000000001,0.10000000000000001,0.13422172022376222,0,0,1,1,0.00071428571428571429,1983,0.0036824549699799865,0.062442157067559838,0.058759702097579851,0.00014850766157687497,0.058905937291527682,0.058757429629950807,0.090743482758641983,0,0,0,0,0,0.9921428571428571,-0.0054043262798724491,0.001700197259911912,0.027976665056036416,0,0.01642912891684695
40,5,4,0.10106291328388925,0.010213712441426919,-1,1,1,0,1,29,0,0.00081709699531415337,0.00081709699531415337,0,0.00081754417016350635,0.00081754417016350635,0.0011558670213134448,1,0,1,0,0.068965517241379309,0,nan,nan,nan,nan,nan,nan,0,0,0,0,0,nan,0,-2.5730777628288137e-12,8.7245227612414602e-10,0,0,6.0121181213617428e-06
40,5,4,0.10106291328388925,0.010213712441426919,-1,1,3,1,1,2010,0.0024512909859424606,0.029634538328848652,0.02718324734290619,0,0.10000000000000001,0.10000000000000001,0.10715408523626029,0,0,1,1,0.00099502487562189048,0,nan,nan,nan,nan,nan,nan,0,0,0,0,0,nan,0,-0.0095461587086571129,-2.670589999005671e-06,0,0,0.038184634834628507
40,5,4,0.10106291328388925,0.010213712441426919,-1,1,3,1,2,1719,0.044012007028207123,0.071818611983749739,0.027806604955542616,0.06008071351223352,0.10000000000000001,0.039919286487766485,0.087168768820743925,0,0,0,1,0.0011634671320535194,0,nan,nan,nan,nan,nan,nan,0,0,0,0,0,nan,0.45491564863292611,-0.0085343018223261926,-0.00010106346790321832,0.031667375980429131,0,0.034137207289305464
40,5,4,0.10106291328388925,0.010213712441426919,-1,-1,3,1,1,2010,0.0024512909859424606,0.029634538328848652,0.02718324734290619,0,0.10000000000000001,0.10000000000000001,0.10715408523626029,0,0,1,1,0.00099502487562189048,0,nan,nan,nan,nan,nan,nan,0,0,0,0,0,nan,0,-0.0095461587086571129,-2.670589999005671e-06,0,0,0.038184634834628507
40,5,4,0.10106291328388925,0.010213712441426919,-1,-1,3,1,2,1719,0.044012007028207123,0.071818611983749739,0.027806604955542616,0.06008071351223352,0.10000000000000001,0.039919286487766485,0.087168768820743925,0,0,0,1,0.0011634671320535194,0,nan,nan,nan,nan,nan,nan,0,0,0,0,0,nan,0.45491564863292611,-0.0085343018223261926,-0.00010106346790321832,0.012316286057525971,0,0.034137207289305464
41,3,6,0.10586808220092093,0.011208050828900952,1,1,1,0,1,2738,0.00089664406631207621,0.06250143975654042,0.061604795690228344,0,0.10000000000000001,0.10000000000000001,0.13542199150470169,0,0,1,1,0.00073046018991964939,2191,0.0023482321547698467,0.062488202824225243,0.060139970669455395,8.3946791220559827e-05,0.08172114743162108,0.081637200640400517,0.11502233582029706,0,0,0,0,0,0.93535427319211106,-0.00011508750629894872,0.0016776170344839564,0.022462508071871414,0,0.002405871744339452
41,3,6,0.10586808220092093,0.011208050828900952,1,1,3,1,1,2797,0.0026899321989362285,0.0718989595202328,0.069209027321296565,0,0.10000000000000001,0.10000000000000001,0.13403836214513434,0,0,1,1,0.00071505184125849122,1975,0.0040560373582388259,0.062441627751834552,0.058385590393595727,0.0001736967972468357,0.058852081785648214,0.058678384988401375,0.090354465612881366,0,0,0,0,0,0.99106185198426888,-0.0054478737050475965,0.0016776170344839564,0.039822138054630543,0,0.016581383172436261
41,3,6,0.10586808220092093,0.011208050828900952,1,-1,1,0,1,13,0.004269352878250531,0.0045283157174050232,0.00025896283915449216,0.00019244375701550368,0.00022217410948528423,2.973035246978055e-05,0.0005249236384883471,0,0,0,0,0,10,0.004269352878250531,0.0044829886591060703,0.0002136357808555393,0.00019589439275978504,0.00022217410948528423,2.6279716725499192e-05,0.00043167886645300999,0,0,0,0,0,0.76923076923076927,-3.6925396176697962e-07,2.1676574890399362e-06,0.00089613732156879609,0,1.7398472435007818e-06
41,3,6,0.10586808220092093,0.011208050828900952,1,-1,1,0,2,3833,0.0048466108512151837,0.062286622689767542,0.057440011838552359,0.00024547722510871338,0.056196482874602258,0.055951005649493547,0.17759279782306181,0,0,0,0,0,2082,0.0048466108512151837,0.062286067236410739,0.057439456385195556,0.00025048438609577274,0.056196482874602258,0.055945998488506482,0.17153046971050934,0,0,0,0,0,0.55752674145577874,-0.00011070751370393746,0.0016776170344839564,0.014991428817467204,0,0.00079960586702457757
41,3,6,0.10586808220092093,0.011208050828900952,1,-1,1,0,3,19,0.062291914547882563,0.062338403353980866,4.648880609830347e-05,0.056345567198545624,0.056891534454447848,0.00054596725590222439,0.0011185144756142677,0,0,0,0,0,18,0.062291914547882563,0.062337868410384523,4.5953862501960097e-05,0.056345567198545624,0.056891534454447848,0.00054596725590222439,0.0011183181543800492,0,0,0,0,0,0.94736842105263153,-6.1205232213339846e-06,0.00029264504541871302,0.012259608509258673,0,3.0278220583011553e-05
41,3,6,0.10586808220092093,0.011208050828900952,1,-1,1,0,4,13,0.062364306649200348,0.062390310394533202,2.60037453328546e-05,0.057430685419859392,0.057726930854557504,0.00029624543469811138,0.00061128645282373343,0,0,0,0,0,12,0.062364306649200348,0.062389762127418896,2.5455478218548711e-05,0.057430685419859392,0.057726930854557504,0.00029624543469811138,0.00061102760491253802,0,0,0,0,0,0.92307692307692313,-1.4245930727958981e-05,0.0002007624863217344,0.009050146635813338,0,5.9134767544701475e-05
41,3,6,0.10586808220092093,0.011208050828900952,1,-1,3,1,1,2797,0.0026899321989362285,0.0718989595202328,0.069209027321296565,0,0.10000000000000001,0.10000000000000001,0.13403836214513434,0,0,1,1,0.00071505184125849122,1975,0.0040560373582388259,0.062441627751834552,0.058385590393595727,0.0001736967972468357,0.058852081785648214,0.058678384988401375,0.090354465612881366,0,0,0,0,0,0.99106185198426888,-0.0054478737050475965,0.0016776170344839564,0.027815087624677468,0,0.016581383172436261
41,3,6,0.10586808220092093,0.011208050828900952,-1,1,1,0,1,31,0,0.00089664406631207621,0.00089664406631207621,0,0.00089718277511066993,0.00089718277511066993,0.0012684288489282121,1,0,1,0,0.064516129032258063,0,nan,nan,nan,nan,nan,nan,0,0,0,0,0,nan,0,-4.0978847722213471e-12,4.8716748559209707e-10,0,0,7.2400855890960921e-06
41,3,6,0.10586808220092093,0.011208050828900952,-1,1,3,1,1,2022,0.0026899321989362285,0.030569415766006299,0.027879483567070071,0,0.10000000000000001,0.10000000000000001,0.10760931113662532,0,0,1,1,0.00098911968348170125,0,nan,nan,nan,nan,nan,nan,0,0,0,0,0,nan,0,-0.0095346127889859508,-3.2158823266106193e-06,0,0,0.038138451155943845
41,3,6,0.10586808220092093,0.011208050828900952,-1,1,3,1,2,1739,0.043369899949037088,0.0718989595202328,0.028529059571195711,0.059851378721334822,0.10000000000000001,0.040148621278665184,0.088084090955782679,0,0,0,1,0.0011500862564692352,0,nan,nan,nan,nan,nan,nan,0,0,0,0,0,nan,0.45313398504887864,-0.0086340665291144252,-0.00011075320086051292,0.03153901838415215,0,0.03453626611645836
41,3,6,0.10586808220092093,0.011208050828900952,-1,-1,3,1,1,2022,0.0026899321989362285,0.030569415766006299,0.027879483567070071,0,0.10000000000000001,0.10000000000000001,0.10760931113662532,0,0,1,1,0.00098911968348170125,0,nan,nan,nan,nan,nan,nan,0,0,0,0,0,nan,0,-0.0095346127889859508,-3.2158823266106193e-06,0,0,0.038138451155943845
41,3,6,0.10586808220092093,0.011208050828900952,-1,-1,3,1,2,1739,0.043369899949037088,0.0718989595202328,0.028529059571195711,0.059851378721334822,0.10000000000000001,0.040148621278665184,0.088084090955782679,0,0,0,1,0.0011500862564692352,0,nan,nan,nan,nan,nan,nan,0,0,0,0,0,nan,0.45313398504887864,-0.0086340665291144252,-0.00011075320086051292,0.012237647183482012,0,0.03453626611645836
42,6,3,0.10586808220092093,0.011208050828900952,1,1,1,0,1,2738,0.00089664406631207621,0.06250143975654042,0.061604795690228344,0,0.10000000000000001,0.10000000000000001,0.13542199150470169,0,0,1,1,0.00073046018991964939,2191,0.0023482321547698467,0.062488202824225243,0.060139970669455395,8.3946791220559827e-05,0.08172114743162108,0.081637200640400517,0.11502233582029706,0,0,0,0,0,0.93535427319211106,-0.00011508750629894872,0.0016776170344839564,0.022462508071871414,0,0.002405871744339452
42,6,3,0.10586808220092093,0.011208050828900952,1,1,3,1,1,2797,0.0026899321989362285,0.0718989595202328,0.069209027321296565,0,0.10000000000000001,0.10000000000000001,0.13403836214513434,0,0,1,1,0.00071505184125849122,1975,0.0040560373582388259,0.062441627751834552,0.058385590393595727,0.0001736967972468357,0.058852081785648214,0.058678384988401375,0.090354465612881366,0,0,0,0,0,0.99106185198426888,-0.0054478737050475965,0.0016776170344839564,0.039822138054630543,0,0.016581383172436261
42,6,3,0.10586808220092093,0.011208050828900952,1,-1,1,0,1,13,0.004269352878250531,0.0045283157174050232,0.00025896283915449216,0.00019244375701550368,0.00022217410948528423,2.973035246978055e-05,0.0005249236384883471,0,0,0,0,0,10,0.004269352878250531,0.0044829886591060703,0.0002136357808555393,0.00019589439275978504,0.00022217410948528423,2.6279716725499192e-05,0.00043167886645300999,0,0,0,0,0,0.76923076923076927,-3.6925396176697962e-07,2.1676574890399362e-06,0.00089613732156879609,0,1.7398472435007818e-06
42,6,3,0.10586808220092093,0.011208050828900952,1,-1,1,0,2,3833,0.0048466108512151837,0.062286622689767542,0.057440011838552359,0.00024547722510871338,0.056196482874602258,0.055951005649493547,0.17759279782306181,0,0,0,0,0,2082,0.0048466108512151837,0.062286067236410739,0.057439456385195556,0.00025048438609577274,0.056196482874602258,0.055945998488506482,0.17153046971050934,0,0,0,0,0,0.55752674145577874,-0.00011070751370393746,0.0016776170344839564,0.014991428817467204,0,0.00079960586702457757
42,6,3,0.10586808220092093,0.011208050828900952,1,-1,1,0,3,19,0.062291914547882563,0.062338403353980866,4.648880609830347e-05,0.056345567198545624,0.056891534454447848,0.00054596725590222439,0.0011185144756142677,0,0,0,0,0,18,0.062291914547882563,0.062337868410384523,4.5953862501960097e-05,0.056345567198545624,0.056891534454447848,0.00054596725590222439,0.0011183181543800492,0,0,0,0,0,0.94736842105263153,-6.1205232213339846e-06,0.00029264504541871302,0.012259608509258673,0,3.0278220583011553e-05
42,6,3,0.10586808220092093,0.011208050828900952,1,-1,1,0,4,13,0.062364306649200348,0.062390310394533202,2.60037453328546e-05,0.057430685419859392,0.057726930854557504,0.00029624543469811138,0.00061128645282373343,0,0,0,0,0,12,0.062364306649200348,0.062389762127418896,2.5455478218548711e-05,0.057430685419859392,0.057726930854557504,0.00029624543469811138,0.00061102760491253802,0,0,0,0,0,0.92307692307692313,-1.4245930727958981e-05,0.0002007624863217344,0.009050146635813338,0,5.9134767544701475e-05
42,6,3,0.10586808220092093,0.011208050828900952,1,-1,3,1,1,2797,0.0026899321989362285,0.0718989595202328,0.069209027321296565,0,0.10000000000000001,0.10000000000000001,0.13403836214513434,0,0,1,1,0.00071505184125849122,1975,0.0040560373582388259,0.062441627751834552,0.058385590393595727,0.0001736967972468357,0.058852081785648214,0.058678384988401375,0.090354465612881366,0,0,0,0,0,0.99106185198426888,-0.0054478737050475965,0.0016776170344839564,0.027815087624677468,0,0.016581383172436261
42,6,3,0.10586808220092093,0.011208050828900952,-1,1,1,0,1,31,0,0.00089664406631207621,0.00089664406631207621,0,0.00089718277511066993,0.00089718277511066993,0.0012684288489282121,1,0,1,0,0.064516129032258063,0,nan,nan,nan,nan,nan,nan,0,0,0,0,0,nan,0,-4.0978847722213471e-12,4.8716748559209707e-10,0,0,7.2400855890960921e-06
42,6,3,0.10586808220092093,0.011208050828900952,-1,1,3,1,1,2022,0.0026899321989362285,0.030569415766006299,0.027879483567070071,0,0.10000000000000001,0.10000000000000001,0.10760931113662532,0,0,1,1,0.00098911968348170125,0,nan,nan,nan,nan,nan,nan,0,0,0,0,0,nan,0,-0.0095346127889859508,-3.2158823266106193e-06,0,0,0.038138451155943845
42,6,3,0.10586808220092093,0.011208050828900952,-1,1,3,1,2,1739,0.043369899949037088,0.0718989595202328,0.028529059571195711,0.059851378721334822,0.10000000000000001,0.040148621278665184,0.088084090955782679,0,0,0,1,0.0011500862564692352,0,nan,nan,nan,nan,nan,nan,0,0,0,0,0,nan,0.45313398504887864,-0.0086340665291144252,-0.00011075320086051292,0.03153901838415215,0,0.03453626611645836
42,6,3,0.10586808220092093,0.011208050828900952,-1,-1,3,1,1,2022,0.0026899321989362285,0.030569415766006299,0.027879483567070071,0,0.10000000000000001,0.10000000000000001,0.10760931113662532,0,0,1,1,0.00098911968348170125,0,nan,nan,nan,nan,nan,nan,0,0,0,0,0,nan,0,-0.0095346127889859508,-3.2158823266106193e-06,0,0,0.038138451155943845
42,6,3,0.10586808220092093,0.011208050828900952,-1,-1,3,1,2,1739,0.043369899949037088,0.0718989595202328,0.028529059571195711,0.059851378721334822,0.10000000000000001,0.040148621278665184,0.088084090955782679,0,0,0,1,0.0011500862564692352,0,nan,nan,nan,nan,nan,nan,0,0,0,0,0,nan,0.45313398504887864,-0.0086340665291144252,-0.00011075320086051292,0.012237647183482012,0,0.03453626611645836
43,0,7,0.11045206220901628,0.012199658046224403,1,1,1,0,1,2736,0.00097597264369795223,0.062501692806227388,0.061525720162529433,0,0.10000000000000001,0.10000000000000001,0.13536889352001541,0,0,1,1,0.00073099415204678359,2177,0.0034156104069379581,0.062489991129173764,0.059074380722235809,0.00014685296471366054,0.08172114743162108,0.081574294466907421,0.11399655395891621,0,0,0,0,0,0.92726608187134507,-0.00012449791469080828,0.001655133007755028,0.022201871069007388,0,0.0024620763699517269
43,0,7,0.11045206220901628,0.012199658046224403,1,1,3,1,1,2794,0.0029279179310938565,0.071979162286162315,0.069051244355068458,0,0.10000000000000001,0.10000000000000001,0.13385648301304673,0,0,1,1,0.0007158196134574087,1967,0.0043762508338892597,0.062437537733213422,0.05806128689932416,0.00019742102506707418,0.05877251501000666,0.058575093984939583,0.089992693306941901,0,0,0,0,0,0.99033643521832493,-0.0054913422909977734,0.001655133007755028,0.039734139139935752,0,0.016733442120724598
43,0,7,0.11045206220901628,0.012199658046224403,1,-1,1,0,1,3827,0.0049628162136151326,0.062286156054448968,0.057323339840833834,0.00025112256984566854,0.056116251589514596,0.055865129019668926,0.17724755871656533,0,0,0,0,0,2079,0.0049628162136151326,0.062285593043689601,0.057322776830074466,0.00025613582191168314,0.056116251589514596,0.055860115767602914,0.17127400518485084,0,0,0,0,0,0.55317481055657169,-0.00011993087373480305,0.001655133007755028,0.01484386427995156,0,0.00082621184517014316
43,0,7,0.11045206220901628,0.012199658046224403,1,-1,1,0,2,17,0.062296935964756064,0.062337956298734905,4.1020333978840362e-05,0.056355845780275138,0.056815956295352091,0.000460110515076953,0.000947927802190527,0,0,0,0,0,16,0.062296935964756064,0.062337416412851621,4.0480448095556176e-05,0.056355845780275138,0.056815956295352091,0.000460110515076953,0.00094765579639691981,0,0,0,0,0,0.94117647058823528,-9.1066124592890972e-06,0.00026196348416213734,0.011291034968171779,0,4.0897380119010085e-05
43,0,7,0.11045206220901628,0.012199658046224403,1,-1,1,0,3,11,0.06236900471005806,0.06238988914624144,2.0884436183379873e-05,0.0574329666360111,0.057659851578553495,0.00022688494254239494,0.0004695065177859277,0,0,0,0,0,10,0.06236900471005806,0.062389338579517055,2.0333869458995235e-05,0.0574329666360111,0.057659851578553495,0.00022688494254239494,0.00046926838301851052,0,0,0,0,0,0.90909090909090906,-1.683703226527124e-05,0.0001643560700293256,0.007510273811394721,0,6.8718741906195185e-05
43,0,7,0.11045206220901628,0.012199658046224403,1,-1,3,1,1,2794,0.0029279179310938565,0.071979162286162315,0.069051244355068458,0,0.10000000000000001,0.10000000000000001,0.13385648301304673,0,0,1,1,0.0007158196134574087,1967,0.0043762508338892597,0.062437537733213422,0.05806128689932416,0.00019742102506707418,0.05877251501000666,0.058575093984939583,0.089992693306941901,0,0,0,0,0,0.99033643521832493,-0.0054913422909977734,0.001655133007755028,0.027633936629594274,0,0.016733442120724598
43,0,7,0.11045206220901628,0.012199658046224403,-1,1,1,0,1,34,0,0.00097597264369795223,0.00097597264369795223,0,0.00097661079646349925,0.00097661079646349925,0.0013806874403564336,1,0,1,0,0.058823529411764705,0,nan,nan,nan,nan,nan,nan,0,0,0,0,0,nan,0,-2.9284354376487166e-12,1.6326904324896355e-09,0,0,8.5783120003092026e-06
43,0,7,0.11045206220901628,0.012199658046224403,-1,1,3,1,1,2038,0.0029279179310938565,0.031611863589318223,0.028683945658224366,0,0.099999999999999992,0.099999999999999992,0.10816391298663282,0,0,1,1,0.0009813542688910696,0,nan,nan,nan,nan,nan,nan,0,0,0,0,0,nan,0,-0.0095154421259141982,-3.8100904049870798e-06,0,0,0.038061768503656876
43,0,7,0.11045206220901628,0.012199658046224403,-1,1,3,1,2,1762,0.04261950043319529,0.071979162286162315,0.029359661852967026,0.059623477459781679,0.10000000000000001,0.040376522540218326,0.089095712868481697,0,0,0,1,0.0011350737797956867,0,nan,nan,nan,nan,nan,nan,0,0,0,0,0,nan,0.45119182746878544,-0.0087413052224456847,-0.00012039162909817391,0.031314607388541069,0,0.034965220889783363
43,0,7,0.11045206220901628,0.012199658046224403,-1,-1,3,1,1,2038,0.0029279179310938565,0.031611863589318223,0.028683945658224366,0,0.099999999999999992,0.099999999999999992,0.10816391298663282,0,0,1,1,0.0009813542688910696,0,nan,nan,nan,nan,nan,nan,0,0,0,0,0,nan,0,-0.0095154421259141982,-3.8100904049870798e-06,0,0,0.038061768503656876
43,0,7,0.11045206220901628,0.012199658046224403,-1,-1,3,1,2,1762,0.04261950043319529,0.071979162286162315,0.029359661852967026,0.059623477459781679,0.10000000000000001,0.040376522540218326,0.089095712868481697,0,0,0,1,0.0011350737797956867,0,nan,nan,nan,nan,nan,nan,0,0,0,0,0,nan,0.45119182746878544,-0.0087413052224456847,-0.00012039162909817391,0.012132598905628495,0,0.034965220889783363
44,7,0,0.11045206220901628,0.012199658046224403,1,1,1,0,1,2736,0.00097597264369795223,0.062501692806227388,0.061525720162529433,0,0.10000000000000001,0.10000000000000001,0.13536889352001541,0,0,1,1,0.00073099415204678359,2177,0.0034156104069379581,0.062489991129173764,0.059074380722235809,0.00014685296471366054,0.08172114743162108,0.081574294466907421,0.11399655395891621,0,0,0,0,0,0.92726608187134507,-0.00012449791469080828,0.001655133007755028,0.022201871069007388,0,0.0024620763699517269
44,7,0,0.11045206220901628,0.012199658046224403,1,1,3,1,1,2794,0.0029279179310938565,0.071979162286162315,0.069051244355068458,0,0.10000000000000001,0.10000000000000001,0.13385648301304673,0,0,1,1,0.0007158196134574087,1967,0.0043762508338892597,0.062437537733213422,0.05806128689932416,0.00019742102506707418,0.05877251501000666,0.058575093984939583,0.089992693306941901,0,0,0,0,0,0.99033643521832493,-0.0054913422909977734,0.001655133007755028,0.039734139139935752,0,0.016733442120724598
44,7,0,0.11045206220901628,0.012199658046224403,1,-1,1,0,1,3827,0.0049628162136151326,0.062286156054448968,0.057323339840833834,0.00025112256984566854,0.056116251589514596,0.055865129019668926,0.17724755871656533,0,0,0,0,0,2079,0.0049628162136151326,0.062285593043689601,0.057322776830074466,0.00025613582191168314,0.056116251589514596,0.055860115767602914,0.17127400518485084,0,0,0,0,0,0.55317481055657169,-0.00011993087373480305,0.001655133007755028,0.01484386427995156,0,0.00082621184517014316
44,7,0,0.11045206220901628,0.012199658046224403,1,-1,1,0,2,17,0.062296935964756064,0.062337956298734905,4.1020333978840362e-05,0.056355845780275138,0.056815956295352091,0.000460110515076953,0.000947927802190527,0,0,0,0,0,16,0.062296935964756064,0.062337416412851621,4.0480448095556176e-05,0.056355845780275138,0.056815956295352091,0.000460110515076953,0.00094765579639691981,0,0,0,0,0,0.94117647058823528,-9.1066124592890972e-06,0.00026196348416213734,0.011291034968171779,0,4.0897380119010085e-05
44,7,0,0.11045206220901628,0.012199658046224403,1,-1,1,0,3,11,0.06236900471005806,0.06238988914624144,2.0884436183379873e-05,0.0574329666360111,0.057659851578553495,0.00022688494254239494,0.0004695065177859277,0,0,0,0,0,10,0.06236900471005806,0.062389338579517055,2.0333869458995235e-05,0.0574329666360111,0.057659851578553495,0.00022688494254239494,0.00046926838301851052,0,0,0,0,0,0.90909090909090906,-1.683703226527124e-05,0.0001643560700293256,0.007510273811394721,0,6.8718741906195185e-05
44,7,0,0.11045206220901628,0.012199658046224403,1,-1,3,1,1,2794,0.0029279179310938565,0.071979162286162315,0.069051244355068458,0,0.10000000000000001,0.10000000000000001,0.13385648301304673,0,0,1,1,0.0007158196134574087,1967,0.0043762508338892597,0.062437537733213422,0.05806128689932416,0.00019742102506707418,0.05877251501000666,0.058575093984939583,0.089992693306941901,0,0,0,0,0,0.99033643521832493,-0.0054913422909977734,0.001655133007755028,0.027633936629594274,0,0.016733442120724598
44,7,0,0.11045206220901628,0.012199658046224403,-1,1,1,0,1,34,0,0.00097597264369795223,0.00097597264369795223,0,0.00097661079646349925,0.00097661079646349925,0.0013806874403564336,1,0,1,0,0.058823529411764705,0,nan,nan,nan,nan,nan,nan,0,0,0,0,0,nan,0,-2.9284354376487166e-12,1.6326904324896355e-09,0,0,8.5783120003092026e-06
44,7,0,0.11045206220901628,0.012199658046224403,-1,1,3,1,1,2038,0.0029279179310938565,0.031611863589318223,0.028683945658224366,0,0.099999999999999992,0.099999999999999992,0.10816391298663282,0,0,1,1,0.0009813542688910696,0,nan,nan,nan,nan,nan,nan,0,0,0,0,0,nan,0,-0.0095154421259141982,-3.8100904049870798e-06,0,0,0.038061768503656876
44,7,0,0.11045206220901628,0.012199658046224403,-1,1,3,1,2,1762,0.04261950043319529,0.071979162286162315,0.029359661852967026,0.059623477459781679,0.10000000000000001,0.040376522540218326,0.089095712868481697,0,0,0,1,0.0011350737797956867,0,nan,nan,nan,nan,nan,nan,0,0,0,0,0,nan,0.45119182746878544,-0.0087413052224456847,-0.00012039162909817391,0.031314607388541069,0,0.034965220889783363
44,7,0,0.11045206220901628,0.012199658046224403,-1,-1,3,1,1,2038,0.0029279179310938565,0.031611863589318223,0.028683945658224366,0,0.099999999999999992,0.099999999999999992,0.10816391298663282,0,0,1,1,0.0009813542688910696,0,nan,nan,nan,nan,nan,nan,0,0,0,0,0,nan,0,-0.0095154421259141982,-3.8100904049870798e-06,0,0,0.038061768503656876
44,7,0,0.11045206220901628,0.012199658046224403,-1,-1,3,1,2,1762,0.04261950043319529,0.071979162286162315,0.029359661852967026,0.059623477459781679,0.10000000000000001,0.040376522540218326,0.089095712868481697,0,0,0,1,0.0011350737797956867,0,nan,nan,nan,nan,nan,nan,0,0,0,0,0,nan,0.45119182746878544,-0.0087413052224456847,-0.00012039162909817391,0.012132598905628495,0,0.034965220889783363
45,1,7,0.11157454463680248,0.01244887901090983,1,1,1,0,1,2736,0.00099591032087278648,0.062501719261015665,0.061505808940142875,0,0.10000000000000001,0.10000000000000001,0.13535625617175387,0,0,1,1,0.00073099415204678359,2177,0.0034156104069379585,0.062490241162477714,0.059074630755539759,0.0001472102449325379,0.08172114743162108,0.081573937186688539,0.11400788909557852,0,0,0,0,0,0.92580409356725146,-0.00012685906369477125,0.0016494920604003575,0.02212920963197899,0,0.0024762032865819836
45,1,7,0.11157454463680248,0.01244887901090983,1,1,3,1,1,2794,0.0029877309626183597,0.071999329122004005,0.069011598159385651,0,0.10000000000000001,0.10000000000000001,0.1338109147746018,0,0,1,1,0.0007158196134574087,1965,0.0044288965409062615,0.062430541334441023,0.058001644793534764,0.00020013342228152102,0.058705803869246162,0.058505670446964642,0.089882713038084164,0,0,0,0,0,0.98997852541159626,-0.0055022727451234932,0.0016494920604003575,0.039722617340811256,0,0.016771691123617389
45,1,7,0.11157454463680248,0.01244887901090983,1,-1,1,0,1,21,0.0049927450388535877,0.0054704186494091795,0.00047767361055559183,0.00025340613204977126,0.00031526697759623121,6.186084554645995e-05,0.00098564765852048996,0,0,0,0,0,16,0.0049927450388535877,0.0054436290860573715,0.00045088404720378377,0.00025747455709596175,0.00031526697759623121,5.7792420500269457e-05,0.00091186414081159499,0,0,0,0,0,0.76190476190476186,-7.0518629004513973e-07,5.0905771207255642e-06,0.0012998279870368812,0,3.6988309038652116e-06
45,1,7,0.11157454463680248,0.01244887901090983,1,-1,1,0,2,3801,0.0055219074642810558,0.062286040456246188,0.05676413299196513,0.00030907466401933014,0.056096510401761807,0.055787435737742475,0.17602582555875018,0,0,0,0,0,2060,0.0055219074642810558,0.062285475673029736,0.056763568208748678,0.00031235018282953252,0.056096510401761807,0.055784160218932274,0.17010509316278313,0,0,0,0,0,0.55090765588003154,-0.0001219593698310848,0.0016494920604003575,0.014888748096635549,0,0.00079813617840555971
45,1,7,0.11157454463680248,0.01244887901090983,1,-1,1,0,3,17,0.06229819799909328,0.062337845563790031,3.9647564696751458e-05,0.056357265331189392,0.056797508366318812,0.00044024303512942009,0.00090789095570431707,0,0,0,0,0,16,0.06229819799909328,0.062337304536094644,3.9106537001364072e-05,0.056357265331189392,0.056797508366318812,0.00044024303512942009,0.00090760867167700282,0,0,0,0,0,0.94117647058823528,-9.9329950010345534e-06,0.00025407656042814042,0.011098329154766603,0,4.3899634374453027e-05
45,1,7,0.11157454463680248,0.01244887901090983,1,-1,1,0,4,11,0.062370185475222585,0.062389784769655052,1.9599294432466607e-05,0.057433438787311789,0.057643349841127456,0.00020991105381566733,0.00043471733462266415,0,0,0,0,0,10,0.062370185475222585,0.062389233695107189,1.9048219884604256e-05,0.057433438787311789,0.057643349841127456,0.00020991105381566733,0.00043448747069812582,0,0,0,0,0,0.90909090909090906,-1.7577276246804414e-05,0.00015481620519033212,0.0071332325345820876,0,7.1512827859168752e-05
45,1,7,0.11157454463680248,0.01244887901090983,1,-1,3,1,1,2794,0.0029877309626183597,0.071999329122004005,0.069011598159385651,0,0.10000000000000001,0.10000000000000001,0.1338109147746018,0,0,1,1,0.0007158196134574087,1965,0.0044288965409062615,0.062430541334441023,0.058001644793534764,0.00020013342228152102,0.058705803869246162,0.058505670446964642,0.089882713038084164,0,0,0,0,0,0.98997852541159626,-0.0055022727451234932,0.0016494920604003575,0.027582986678964697,0,0.016771691123617389
45,1,7,0.11157454463680248,0.01244887901090983,-1,1,1,0,1,34,0,0.00099591032087278648,0.00099591032087278648,0,0.00099657407178131057,0.00099657407178131057,0.0014089019017832305,1,0,1,0,0.058823529411764705,0,nan,nan,nan,nan,nan,nan,0,0,0,0,0,nan,0,-5.7866297804558416e-12,9.2848741451332056e-10,0,0,8.9324867029735423e-06
45,1,7,0.11157454463680248,0.01244887901090983,-1,1,3,1,1,2042,0.0029877309626183597,0.031897642538748452,0.028909911576130091,0,0.10000000000000001,0.10000000000000001,0.10832539730760245,0,0,1,1,0.00097943192948090111,0,nan,nan,nan,nan,nan,nan,0,0,0,0,0,nan,0.00048971596474045055,-0.0095089663469437868,-3.9673494688837463e-06,2.2490240115176076e-09,0,0.038035865387775231
45,1,7,0.11157454463680248,0.01244887901090983,-1,1,3,1,2,1769,0.042407132321518652,0.071999329122004005,0.029592196800485353,0.059566319849019042,0.10000000000000001,0.040433680150980963,0.089371774635943563,0,0,0,1,0.0011305822498586771,0,nan,nan,nan,nan,nan,nan,0,0,0,0,0,nan,0.4511023176936122,-0.0087699293488313085,-0.00012253232670667933,0.031281412813367555,0,0.035079717395325817
45,1,7,0.11157454463680248,0.01244887901090983,-1,-1,3,1,1,2042,0.0029877309626183597,0.031897642538748452,0.028909911576130091,0,0.10000000000000001,0.10000000000000001,0.10832539730760245,0,0,1,1,0.00097943192948090111,0,nan,nan,nan,nan,nan,nan,0,0,0,0,0,nan,0.00048971596474045055,-0.0095089663469437868,-3.9673494688837463e-06,7.4736318913121782e-10,0,0.038035865387775231
45,1,7,0.11157454463680248,0.01244887901090983,-1,-1,3,1,2,1769,0.042407132321518652,0.071999329122004005,0.029592196800485353,0.059566319849019042,0.10000000000000001,0.040433680150980963,0.089371774635943563,0,0,0,1,0.0011305822498586771,0,nan,nan,nan,nan,nan,nan,0,0,0,0,0,nan,0.4511023176936122,-0.0087699293488313085,-0.00012253232670667933,0.012111398467446841,0,0.035079717395325817
46,7,1,0.11157454463680248,0.01244887901090983,1,1,1,0,1,2736,0.00099591032087278648,0.062501719261015665,0.061505808940142875,0,0.10000000000000001,0.10000000000000001,0.13535625617175387,0,0,1,1,0.00073099415204678359,2177,0.0034156104069379585,0.062490241162477714,0.059074630755539759,0.0001472102449325379,0.08172114743162108,0.081573937186688539,0.11400788909557852,0,0,0,0,0,0.92580409356725146,-0.00012685906369477125,0.0016494920604003575,0.02212920963197899,0,0.0024762032865819836
46,7,1,0.11157454463680248,0.01244887901090983,1,1,3,1,1,2794,0.0029877309626183597,0.071999329122004005,0.069011598159385651,0,0.10000000000000001,0.10000000000000001,0.1338109147746018,0,0,1,1,0.0007158196134574087,1965,0.0044288965409062615,0.062430541334441023,0.058001644793534764,0.00020013342228152102,0.058705803869246162,0.058505670446964642,0.089882713038084164,0,0,0,0,0,0.98997852541159626,-0.0055022727451234932,0.0016494920604003575,0.039722617340811256,0,0.016771691123617389
46,7,1,0.11157454463680248,0.01244887901090983,1,-1,1,0,1,21,0.0049927450388535877,0.0054704186494091795,0.00047767361055559183,0.00025340613204977126,0.00031526697759623121,6.186084554645995e-05,0.00098564765852048996,0,0,0,0,0,16,0.0049927450388535877,0.0054436290860573715,0.00045088404720378377,0.00025747455709596175,0.00031526697759623121,5.7792420500269457e-05,0.00091186414081159499,0,0,0,0,0,0.76190476190476186,-7.0518629004513973e-07,5.0905771207255642e-06,0.0012998279870368812,0,3.6988309038652116e-06
46,7,1,0.11157454463680248,0.01244887901090983,1,-1,1,0,2,3801,0.0055219074642810558,0.062286040456246188,0.05676413299196513,0.00030907466401933014,0.056096510401761807,0.055787435737742475,0.17602582555875018,0,0,0,0,0,2060,0.0055219074642810558,0.062285475673029736,0.056763568208748678,0.00031235018282953252,0.056096510401761807,0.055784160218932274,0.17010509316278313,0,0,0,0,0,0.55090765588003154,-0.0001219593698310848,0.0016494920604003575,0.014888748096635549,0,0.00079813617840555971
46,7,1,0.11157454463680248,0.01244887901090983,1,-1,1,0,3,17,0.06229819799909328,0.062337845563790031,3.9647564696751458e-05,0.056357265331189392,0.056797508366318812,0.00044024303512942009,0.00090789095570431707,0,0,0,0,0,16,0.06229819799909328,0.062337304536094644,3.9106537001364072e-05,0.056357265331189392,0.056797508366318812,0.00044024303512942009,0.00090760867167700282,0,0,0,0,0,0.94117647058823528,-9.9329950010345534e-06,0.00025407656042814042,0.011098329154766603,0,4.3899634374453027e-05
46,7,1,0.11157454463680248,0.01244887901090983,1,-1,1,0,4,11,0.062370185475222585,0.062389784769655052,1.9599294432466607e-05,0.057433438787311789,0.057643349841127456,0.00020991105381566733,0.00043471733462266415,0,0,0,0,0,10,0.062370185475222585,0.062389233695107189,1.9048219884604256e-05,0.057433438787311789,0.057643349841127456,0.00020991105381566733,0.00043448747069812582,0,0,0,0,0,0.90909090909090906,-1.7577276246804414e-05,0.00015481620519033212,0.0071332325345820876,0,7.1512827859168752e-05
46,7,1,0.11157454463680248,0.01244887901090983,1,-1,3,1,1,2794,0.0029877309626183597,0.071999329122004005,0.069011598159385651,0,0.10000000000000001,0.10000000000000001,0.1338109147746018,0,0,1,1,0.0007158196134574087,1965,0.0044288965409062615,0.062430541334441023,0.058001644793534764,0.00020013342228152102,0.058705803869246162,0.058505670446964642,0.089882713038084164,0,0,0,0,0,0.98997852541159626,-0.0055022727451234932,0.0016494920604003575,0.027582986678964697,0,0.016771691123617389
46,7,1,0.11157454463680248,0.01244887901090983,-1,1,1,0,1,34,0,0.00099591032087278648,0.00099591032087278648,0,0.00099657407178131057,0.00099657407178131057,0.0014089019017832305,1,0,1,0,0.058823529411764705,0,nan,nan,nan,nan,nan,nan,0,0,0,0,0,nan,0,-5.7866297804558416e-12,9.2848741451332056e-10,0,0,8.9324867029735423e-06
46,7,1,0.11157454463680248,0.01244887901090983,-1,1,3,1,1,2042,0.0029877309626183597,0.031897642538748452,0.028909911576130091,0,0.10000000000000001,0.10000000000000001,0.10832539730760245,0,0,1,1,0.00097943192948090111,0,nan,nan,nan,nan,nan,nan,0,0,0,0,0,nan,0.00048971596474045055,-0.0095089663469437868,-3.9673494688837463e-06,2.2490240115176076e-09,0,0.038035865387775231
46,7,1,0.11157454463680248,0.01244887901090983,-1,1,3,1,2,1769,0.042407132321518652,0.071999329122004005,0.029592196800485353,0.059566319849019042,0.10000000000000001,0.040433680150980963,0.089371774635943563,0,0,0,1,0.0011305822498586771,0,nan,nan,nan,nan,nan,nan,0,0,0,0,0,nan,0.4511023176936122,-0.0087699293488313085,-0.00012253232670667933,0.031281412813367555,0,0.035079717395325817
46,7,1,0.11157454463680248,0.01244887901090983,-1,-1,3,1,1,2042,0.0029877309626183597,0.031897642538748452,0.028909911576130091,0,0.10000000000000001,0.10000000000000001,0.10832539730760245,0,0,1,1,0.00097943192948090111,0,nan,nan,nan,nan,nan,nan,0,0,0,0,0,nan,0.00048971596474045055,-0.0095089663469437868,-3.9673494688837463e-06,7.4736318913121782e-10,0,0.038035865387775231
46,7,1,0.11157454463680248,0.01244887901090983,-1,-1,3,1,2,1769,0.042407132321518652,0.071999329122004005,0.029592196800485353,0.059566319849019042,0.10000000000000001,0.040433680150980963,0.089371774635943563,0,0,0,1,0.0011305822498586771,0,nan,nan,nan,nan,nan,nan,0,0,0,0,0,nan,0.4511023176936122,-0.0087699293488313085,-0.00012253232670667933,0.012111398467446841,0,0.035079717395325817
47,5,5,0.11160124644835866,0.012454838208827285,1,1,1,0,1,2736,0.00099638705670618277,0.062501720979759076,0.061505333923052893,0,0.10000000000000001,0.10000000000000001,0.13535598502707452,0,0,1,1,0.00073099415204678359,2177,0.0034156104069379585,0.062490117348883163,0.059074506941945201,0.00014721698663885973,0.081721147431621094,0.081573930444982234,0.11400815073458584,0,0,0,0,0,0.92580409356725146,-0.00012691550232354031,0.0016493571158922708,0.022127448072791652,0,0.0024765410845116863
47,5,5,0.11160124644835866,0.012454838208827285,1,1,3,1,1,2793,0.0029891611701185483,0.071999811566066774,0.069010650395948225,0,0.10000000000000001,0.10000000000000001,0.1338098259552658,0,0,1,1,0.00071607590404582891,1965,0.004429619746497665,0.062430562473168409,0.058000942726670744,0.00020012575697091222,0.058705803869246162,0.05850567811227525,0.089882230058614246,0,0,0,0,0,0.9899749373433584,-0.0055025342014521691,0.0016493571158922708,0.039735578613689287,0,0.016772606086811793
47,5,5,0.11160124644835866,0.012454838208827285,1,-1,1,0,1,21,0.0049934608533323526,0.005469877409611669,0.00047641655627931635,0.00025343446009389351,0.00031517518127894997,6.1740721185056459e-05,0.0009829578176742469,0,0,0,0,0,16,0.0049934608533323526,0.0054436290860573715,0.00045016823272501887,0.00025750619540779895,0.00031517518127894997,5.7668985871151023e-05,0.00091031612103903881,0,0,0,0,0,0.76190476190476186,-7.0551002783124035e-07,5.0787086080105626e-06,0.0012981979760098188,0,3.6967453595090494e-06
47,5,5,0.11160124644835866,0.012454838208827285,1,-1,1,0,2,3801,0.0055225798823131675,0.062286037700321963,0.056763457818008796,0.00030910305567755862,0.056096047345292471,0.055786944289614913,0.17602355560619881,0,0,0,0,0,2060,0.0055225798823131675,0.062285472875332815,0.056762892993019648,0.00031238683032922432,0.056096047345292471,0.055783660514963244,0.17010297997340781,0,0,0,0,0,0.55064456721915289,-0.00012201605188174326,0.0016493571158922708,0.014887776949467654,0,0.00079826781922938796
47,5,5,0.11160124644835866,0.012454838208827285,1,-1,1,0,3,17,0.062298228175978285,0.062337842923869444,3.9614747891159041e-05,0.056357296458936175,0.056797067252304129,0.00043977079336795372,0.00090693762898596468,0,0,0,0,0,16,0.062298228175978285,0.062337301869352657,3.9073693374372387e-05,0.056357296458936175,0.056797067252304129,0.00043977079336795372,0.00090665513170370634,0,0,0,0,0,0.94117647058823528,-9.953099139352768e-06,0.00025388704804231205,0.011093614627640998,0,4.39729422299863e-05
47,5,5,0.11160124644835866,0.012454838208827285,1,-1,1,0,4,11,0.062370213708855808,0.06238978228115153,1.9568572295722286e-05,0.057433449692382219,0.057642955263089338,0.00020950557070711917,0.00043388596936021103,0,0,0,0,0,10,0.062370213708855808,0.062389231194796779,1.9017485940971135e-05,0.057433449692382219,0.057642955263089338,0.00020950557070711917,0.00043365631657435889,0,0,0,0,0,0.90909090909090906,-1.7595376279155458e-05,0.00015458593889384844,0.0071228993898594826,0,7.1581377755607588e-05
47,5,5,0.11160124644835866,0.012454838208827285,1,-1,3,1,1,2793,0.0029891611701185483,0.071999811566066774,0.069010650395948225,0,0.10000000000000001,0.10000000000000001,0.1338098259552658,0,0,1,1,0.00071607590404582891,1965,0.004429619746497665,0.062430562473168409,0.058000942726670744,0.00020012575697091222,0.058705803869246162,0.05850567811227525,0.089882230058614246,0,0,0,0,0,0.9899749373433584,-0.0055025342014521691,0.0016493571158922708,0.027591275991901185,0,0.016772606086811793
47,5,5,0.11160124644835866,0.012454838208827285,-1,1,1,0,1,34,0,0.00099638705670618277,0.00099638705670618277,0,0.0009970514168309299,0.0009970514168309299,0.0014095765441771639,1,0,1,0,0.058823529411764705,0,nan,nan,nan,nan,nan,nan,0,0,0,0,0,nan,0,-5.8257755639672614e-12,9.1361938304251146e-10,0,0,8.9410431295431494e-06
47,5,5,0.11160124644835866,0.012454838208827285,-1,1,3,1,1,2041,0.0029891611701185483,0.031904606262316629,0.02891544509219808,0,0.10000000000000001,0.10000000000000001,0.10832938088660635,0,0,1,1,0.00097991180793728563,0,nan,nan,nan,nan,nan,nan,0,0,0,0,0,nan,0,-0.0095088019096291089,-3.9711486670864393e-06,0,0,0.038035207638516477
47,5,5,0.11160124644835866,0.012454838208827285,-1,1,3,1,2,1769,0.042401906716262962,0.071999811566066774,0.029597904849803812,0.059564954360744937,0.10000000000000001,0.040435045639255068,0.089378511462007454,0,0,0,1,0.0011305822498586771,0,nan,nan,nan,nan,nan,nan,0,0,0,0,0,nan,0.4511023176936122,-0.0087706243663308956,-0.00012258349193153273,0.031281856215017917,0,0.035082497465324214
47,5,5,0.11160124644835866,0.012454838208827285,-1,-1,3,1,1,2041,0.0029891611701185483,0.031904606262316629,0.02891544509219808,0,0.10000000000000001,0.10000000000000001,0.10832938088660635,0,0,1,1,0.00097991180793728563,0,nan,nan,nan,nan,nan,nan,0,0,0,0,0,nan,0,-0.0095088019096291089,-3.9711486670864393e-06,0,0,0.038035207638516477
47,5,5,0.11160124644835866,0.012454838208827285,-1,-1,3,1,2,1769,0.042401906716262962,0.071999811566066774,0.029597904849803812,0.059564954360744937,0.10000000000000001,0.040435045639255068,0.089378511462007454,0,0,0,1,0.0011305822498586771,0,nan,nan,nan,nan,nan,nan,0,0,0,0,0,nan,0.4511023176936122,-0.0087706243663308956,-0.00012258349193153273,0.012111363407816449,0,0.035082497465324214
48,4,6,0.11380565950251084,0.012951728134801437,1,1,1,0,1,2735,0.0010361382507841149,0.062501810241549008,0.061465671990764893,0,0.10000000000000001,0.10000000000000001,0.13532529614056005,0,0,1,1,0.00073126142595978066,2178,0.0033622414943295527,0.0624906956716565,0.059128454177326949,0.0001383434352703869,0.08172114743162108,0.081582803996350692,0.11407992120204445,0,0,0,0,0,0.92431444241316274,-0.00013159132156221281,0.0016381064666320293,0.021992866670713967,0,0.0025047081780350221
48,4,6,0.11380565950251084,0.012951728134801437,1,1,3,1,1,2791,0.0031084147523523448,0.07204003872380943,0.068931623971457079,0,0.10000000000000001,0.10000000000000001,0.13371913656381995,0,0,1,1,0.00071658903618774627,1951,0.0046430953969312872,0.062432325062837267,0.057789229665905981,0.00021562726702509624,0.058705803869246162,0.058490176602221063,0.089687909798710663,0,0,0,0,0,0.98566821927624504,-0.0055243365374881698,0.0016381064666320293,0.039669850086343113,0,0.016848914076856986
48,4,6,0.11380565950251084,0.012951728134801437,1,-1,1,0,1,17,0.0050536810611128968,0.0054289879860513748,0.00037530692493847797,0.00025575396281612246,0.000307521019438653,5.1767056622530538e-05,0.00077225190964540311,0,0,0,0,0,14,0.0050536810611128968,0.0053902601734489661,0.00033657911233606931,0.00025850006870695229,0.000307521019438653,4.9020950731700711e-05,0.00068648638656738968,0,0,0,0,0,0.82352941176470584,-7.3067779168594005e-07,4.0981127170088973e-06,0.001190835632728112,0,3.5391465854873684e-06
48,4,6,0.11380565950251084,0.012951728134801437,1,-1,1,0,2,3799,0.005579042627367887,0.062285809240944935,0.056706766613577049,0.00031209785968990607,0.056057436764144319,0.055745338904454413,0.17583380747143523,0,0,0,0,0,2062,0.005579042627367887,0.062285241031444484,0.056706198404076598,0.00031535723248378412,0.056057436764144319,0.055742079531660535,0.16994127680345755,0,0,0,0,0,0.54935509344564359,-0.00012673939602531869,0.0016381064666320293,0.014819468893584374,0,0.00080701333261004116
48,4,6,0.11380565950251084,0.012951728134801437,1,-1,1,0,3,15,0.062300744385436001,0.062337624090685988,3.687970524998696e-05,0.056359542176798519,0.05676078648792969,0.00040124431113117143,0.00082893476120591951,0,0,0,0,0,14,0.062300744385436001,0.062337080877516458,3.6336492080457639e-05,0.056359542176798519,0.05676078648792969,0.00040124431113117143,0.00082863920603713944,0,0,0,0,0,0.93333333333333335,-1.1683479652446169e-05,0.00023792610375511223,0.010370306427010111,0,5.0324922921662713e-05
48,4,6,0.11380565950251084,0.012951728134801437,1,-1,3,1,1,2791,0.0031084147523523448,0.07204003872380943,0.068931623971457079,0,0.10000000000000001,0.10000000000000001,0.13371913656381995,0,0,1,1,0.00071658903618774627,1951,0.0046430953969312872,0.062432325062837267,0.057789229665905981,0.00021562726702509624,0.058705803869246162,0.058490176602221063,0.089687909798710663,0,0,0,0,0,0.98566821927624504,-0.0055243365374881698,0.0016381064666320293,0.027489992251361714,0,0.016848914076856986
48,4,6,0.11380565950251084,0.012951728134801437,-1,1,1,0,1,36,0,0.0010361382507841149,0.0010361382507841149,0,0.0010368576090155823,0.0010368576090155823,0.0014658325849140977,1,0,1,0,0.055555555555555552,0,nan,nan,nan,nan,nan,nan,0,0,0,0,0,nan,0,-4.4112366148552952e-12,1.6205460844101214e-09,0,0,9.6689541763072137e-06
48,4,6,0.11380565950251084,0.012951728134801437,-1,1,3,1,1,2051,0.0031084147523523448,0.03251386997901836,0.029405455226666016,0,0.10000000000000001,0.10000000000000001,0.10868853246915071,0,0,1,1,0.00097513408093612868,0,nan,nan,nan,nan,nan,nan,0,0,0,0,0,nan,0,-0.0094931336349760569,-4.2943298989518621e-06,0,0,0.03797253453990429
48,4,6,0.11380565950251084,0.012951728134801437,-1,1,3,1,2,1780,0.041939066649011585,0.07204003872380943,0.030100972074797845,0.059451153234845802,0.10000000000000001,0.040548846765154203,0.089965671158219254,0,0,0,1,0.0011235955056179776,0,nan,nan,nan,nan,nan,nan,0,0,0,0,0,nan,0.44887640449438204,-0.0088304641570644479,-0.00012739069739490819,0.031139122998600638,0,0.035321856628257965
48,4,6,0.11380565950251084,0.012951728134801437,-1,-1,3,1,1,2051,0.0031084147523523448,0.03251386997901836,0.029405455226666016,0,0.10000000000000001,0.10000000000000001,0.10868853246915071,0,0,1,1,0.00097513408093612868,0,nan,nan,nan,nan,nan,nan,0,0,0,0,0,nan,0,-0.0094931336349760569,-4.2943298989518621e-06,0,0,0.03797253453990429
48,4,6,0.11380565950251084,0.012951728134801437,-1,-1,3,1,2,1780,0.041939066649011585,0.07204003872380943,0.030100972074797845,0.059451153234845802,0.10000000000000001,0.040548846765154203,0.089965671158219254,0,0,0,1,0.0011235955056179776,0,nan,nan,nan,nan,nan,nan,0,0,0,0,0,nan,0.44887640449438204,-0.0088304641570644479,-0.00012739069739490819,0.01204451017385339,0,0.035321856628257965
49,6,4,0.11380565950251084,0.012951728134801437,1,1,1,0,1,2735,0.0010361382507841149,0.062501810241549008,0.061465671990764893,0,0.10000000000000001,0.10000000000000001,0.13532529614056005,0,0,1,1,0.00073126142595978066,2178,0.0033622414943295527,0.0624906956716565,0.059128454177326949,0.0001383434352703869,0.08172114743162108,0.081582803996350692,0.11407992120204445,0,0,0,0,0,0.92431444241316274,-0.00013159132156221281,0.0016381064666320293,0.021992866670713967,0,0.0025047081780350221
49,6,4,0.11380565950251084,0.012951728134801437,1,1,3,1,1,2791,0.0031084147523523448,0.07204003872380943,0.068931623971457079,0,0.10000000000000001,0.10000000000000001,0.13371913656381995,0,0,1,1,0.00071658903618774627,1951,0.0046430953969312872,0.062432325062837267,0.057789229665905981,0.00021562726702509624,0.058705803869246162,0.058490176602221063,0.089687909798710663,0,0,0,0,0,0.98566821927624504,-0.0055243365374881698,0.0016381064666320293,0.039669850086343113,0,0.016848914076856986
49,6,4,0.11380565950251084,0.012951728134801437,1,-1,1,0,1,17,0.0050536810611128968,0.0054289879860513748,0.00037530692493847797,0.00025575396281612246,0.000307521019438653,5.1767056622530538e-05,0.00077225190964540311,0,0,0,0,0,14,0.0050536810611128968,0.0053902601734489661,0.00033657911233606931,0.00025850006870695229,0.000307521019438653,4.9020950731700711e-05,0.00068648638656738968,0,0,0,0,0,0.82352941176470584,-7.3067779168594005e-07,4.0981127170088973e-06,0.001190835632728112,0,3.5391465854873684e-06
49,6,4,0.11380565950251084,0.012951728134801437,1,-1,1,0,2,3799,0.005579042627367887,0.062285809240944935,0.056706766613577049,0.00031209785968990607,0.056057436764144319,0.055745338904454413,0.17583380747143523,0,0,0,0,0,2062,0.005579042627367887,0.062285241031444484,0.056706198404076598,0.00031535723248378412,0.056057436764144319,0.055742079531660535,0.16994127680345755,0,0,0,0,0,0.54935509344564359,-0.00012673939602531869,0.0016381064666320293,0.014819468893584374,0,0.00080701333261004116
49,6,4,0.11380565950251084,0.012951728134801437,1,-1,1,0,3,15,0.062300744385436001,0.062337624090685988,3.687970524998696e-05,0.056359542176798519,0.05676078648792969,0.00040124431113117143,0.00082893476120591951,0,0,0,0,0,14,0.062300744385436001,0.062337080877516458,3.6336492080457639e-05,0.056359542176798519,0.05676078648792969,0.00040124431113117143,0.00082863920603713944,0,0,0,0,0,0.93333333333333335,-1.1683479652446169e-05,0.00023792610375511223,0.010370306427010111,0,5.0324922921662713e-05
49,6,4,0.11380565950251084,0.012951728134801437,1,-1,3,1,1,2791,0.0031084147523523448,0.07204003872380943,0.068931623971457079,0,0.10000000000000001,0.10000000000000001,0.13371913656381995,0,0,1,1,0.00071658903618774627,1951,0.0046430953969312872,0.062432325062837267,0.057789229665905981,0.00021562726702509624,0.058705803869246162,0.058490176602221063,0.089687909798710663,0,0,0,0,0,0.98566821927624504,-0.0055243365374881698,0.0016381064666320293,0.027489992251361714,0,0.016848914076856986
49,6,4,0.11380565950251084,0.012951728134801437,-1,1,1,0,1,36,0,0.0010361382507841149,0.0010361382507841149,0,0.0010368576090155823,0.0010368576090155823,0.0014658325849140977,1,0,1,0,0.055555555555555552,0,nan,nan,nan,nan,nan,nan,0,0,0,0,0,nan,0,-4.4112366148552952e-12,1.6205460844101214e-09,0,0,9.6689541763072137e-06
49,6,4,0.11380565950251084,0.012951728134801437,-1,1,3,1,1,2051,0.0031084147523523448,0.03251386997901836,0.029405455226666016,0,0.10000000000000001,0.10000000000000001,0.10868853246915071,0,0,1,1,0.00097513408093612868,0,nan,nan,nan,nan,nan,nan,0,0,0,0,0,nan,0,-0.0094931336349760569,-4.2943298989518621e-06,0,0,0.03797253453990429
49,6,4,0.11380565950251084,0.012951728134801437,-1,1,3,1,2,1780,0.041939066649011585,0.07204003872380943,0.030100972074797845,0.059451153234845802,0.10000000000000001,0.040548846765154203,0.089965671158219254,0,0,0,1,0.0011235955056179776,0,nan,nan,nan,nan,nan,nan,0,0,0,0,0,nan,0.44887640449438204,-0.0088304641570644479,-0.00012739069739490819,0.031139122998600638,0,0.035321856628257965
49,6,4,0.11380565950251084,0.012951728134801437,-1,-1,3,1,1,2051,0.0031084147523523448,0.03251386997901836,0.029405455226666016,0,0.10000000000000001,0.10000000000000001,0.10868853246915071,0,0,1,1,0.00097513408093612868,0,nan,nan,nan,nan,nan,nan,0,0,0,0,0,nan,0,-0.0094931336349760569,-4.2943298989518621e-06,0,0,0.03797253453990429
49,6,4,0.11380565950251084,0.012951728134801437,-1,-1,3,1,2,1780,0.041939066649011585,0.07204003872380943,0.030100972074797845,0.059451153234845802,0.10000000000000001,0.040548846765154203,0.089965671158219254,0,0,0,1,0.0011235955056179776,0,nan,nan,nan,nan,nan,nan,0,0,0,0,0,nan,0.44887640449438204,-0.0088304641570644479,-0.00012739069739490819,0.01204451017385339,0,0.035321856628257965
50,2,7,0.11487593217848929,0.013196479793876871,1,1,1,0,1,2735,0.0010557183835101498,0.062501819459522295,0.061446101076012144,0,0.10000000000000001,0.10000000000000001,0.13531051393302329,0,0,1,1,0.00073126142595978066,2177,0.0033622414943295527,0.062490245060770992,0.059128003566441441,0.00013911230836579196,0.081721147431621066,0.081582035123255278,0.1140893855536908,0,0,0,0,0,0.92248628884826323,-0.00013378655569993211,0.0016325725620769448,0.021921277194240585,0,0.002518582966242119
50,2,7,0.11487593217848929,0.013196479793876871,1,1,3,1,1,2791,0.0031671551505304488,0.072059860591671202,0.068892705441140747,0,0.10000000000000001,0.10000000000000001,0.13367454837155104,0,0,1,1,0.00071658903618774627,1946,0.0047498332221480987,0.062433193256622596,0.057683360034474496,0.00022407920720430446,0.058705803869246162,0.058481724662041858,0.089590505533450673,0,0,0,0,0,0.98423504120386962,-0.0055350795198751083,0.0016325725620769448,0.039663465368453124,0,0.016886521784046912
50,2,7,0.11487593217848929,0.013196479793876871,1,-1,1,0,1,15,0.0050837029821653836,0.0054199303840388319,0.00033622740187344829,0.00025686657911196651,0.00030375083068795168,4.6884251575985162e-05,0.00069415671101439962,0,0,0,0,0,12,0.0050837029821653836,0.0053902601734489661,0.00030655719128358256,0.00025968776219602589,0.00030375083068795168,4.4063068491925783e-05,0.00062419972920220044,0,0,0,0,0,0.80000000000000004,-7.4171852531736185e-07,3.6217379197804892e-06,0.0010851795945168877,0,3.4730904496366285e-06
50,2,7,0.11487593217848929,0.013196479793876871,1,-1,1,0,2,3775,0.0056070907481124387,0.062233537989971284,0.056626447241858849,0.00031325732707800281,0.055424706113229069,0.055111448786151068,0.1744951536031481,0,0,0,0,0,2041,0.0056070907481124387,0.06223297853437891,0.056625887786266468,0.00031676154100258739,0.055424706113229069,0.05510794457222648,0.16860015062539652,0,0,0,0,0,0.5464900662251656,-0.00012906383810102939,0.0016325725620769448,0.014801894547498457,0,0.00081380487460766125
50,2,7,0.11487593217848929,0.013196479793876871,1,-1,1,0,3,23,0.062228941682465372,0.062285697672928617,5.6755990463244754e-05,0.055423808777013028,0.056038418459888398,0.00061460968287536943,0.0012732522138638545,0,0,0,0,0,22,0.062228941682465372,0.062285127866873347,5.6186184407974737e-05,0.055423808777013028,0.056038418459888398,0.00061460968287536943,0.0012726837979574212,0,0,0,0,0,0.95652173913043481,-4.0906887252863334e-05,0.00030254331378692532,0.012523522838723678,0,0.00017225669321302485
50,2,7,0.11487593217848929,0.013196479793876871,1,-1,1,0,4,15,0.062301983787579535,0.062337517230574346,3.5533442994811759e-05,0.056360450289861128,0.056743501216375787,0.0003830509265146595,0.00079195419148152897,0,0,0,0,0,14,0.062301983787579535,0.062336973009735355,3.4989222155820676e-05,0.056360450289861128,0.056743501216375787,0.0003830509265146595,0.00079165527763695915,0,0,0,0,0,0.93333333333333335,-1.2573393355188767e-05,0.00022994337039411745,0.010159999040634584,0,5.3620685478285419e-05
50,2,7,0.11487593217848929,0.013196479793876871,1,-1,3,1,1,2791,0.0031671551505304488,0.072059860591671202,0.068892705441140747,0,0.10000000000000001,0.10000000000000001,0.13367454837155104,0,0,1,1,0.00071658903618774627,1946,0.0047498332221480987,0.062433193256622596,0.057683360034474496,0.00022407920720430446,0.058705803869246162,0.058481724662041858,0.089590505533450673,0,0,0,0,0,0.98423504120386962,-0.0055350795198751083,0.0016325725620769448,0.027444479694400826,0,0.016886521784046912
50,2,7,0.11487593217848929,0.013196479793876871,-1,1,1,0,1,36,0,0.0010557183835101498,0.0010557183835101498,0,0.0010564647150674395,0.0010564647150674395,0.0014935424085793464,1,0,1,0,0.055555555555555552,0,nan,nan,nan,nan,nan,nan,0,0,0,0,0,nan,0,-7.4811928782222829e-12,8.616586458023786e-10,0,0,1.0037965274404745e-05
50,2,7,0.11487593217848929,0.013196479793876871,-1,1,3,1,1,2056,0.0031671551505304488,0.032837642163669238,0.029670487013138791,0,0.10000000000000001,0.10000000000000001,0.1088879128770569,0,0,1,1,0.0009727626459143969,0,nan,nan,nan,nan,nan,nan,0,0,0,0,0,nan,0,-0.0094837616140682757,-4.4581652211251321e-06,0,0,0.037935046456273193
50,2,7,0.11487593217848929,0.013196479793876871,-1,1,3,1,2,1787,0.041687424219375969,0.072059860591671202,0.030372436372295232,0.059395172913215978,0.10000000000000001,0.040604827086784027,0.090277168572093752,0,0,0,1,0.0011191941801902631,0,nan,nan,nan,nan,nan,nan,0,0,0,0,0,nan,0.44823726916620033,-0.0088616026672822916,-0.00013003759334436821,0.031106595094416791,0,0.035446410669129264
50,2,7,0.11487593217848929,0.013196479793876871,-1,-1,3,1,1,2056,0.0031671551505304488,0.032837642163669238,0.029670487013138791,0,0.10000000000000001,0.10000000000000001,0.1088879128770569,0,0,1,1,0.0009727626459143969,0,nan,nan,nan,nan,nan,nan,0,0,0,0,0,nan,0,-0.0094837616140682757,-4.4581652211251321e-06,0,0,0.037935046456273193
50,2,7,0.11487593217848929,0.013196479793876871,-1,-1,3,1,2,1787,0.041687424219375969,0.072059860591671202,0.030372436372295232,0.059395172913215978,0.10000000000000001,0.040604827086784027,0.090277168572093752,0,0,0,1,0.0011191941801902631,0,nan,nan,nan,nan,nan,nan,0,0,0,0,0,nan,0.44823726916620033,-0.0088616026672822916,-0.00013003759334436821,0.012023775987532893,0,0.035446410669129264
51,7,2,0.11487593217848929,0.013196479793876871,1,1,1,0,1,2735,0.0010557183835101498,0.062501819459522295,0.061446101076012144,0,0.10000000000000001,0.10000000000000001,0.13531051393302329,0,0,1,1,0.00073126142595978066,2177,0.0033622414943295527,0.062490245060770992,0.059128003566441441,0.00013911230836579196,0.081721147431621066,0.081582035123255278,0.1140893855536908,0,0,0,0,0,0.92248628884826323,-0.00013378655569993211,0.0016325725620769448,0.021921277194240585,0,0.002518582966242119
51,7,2,0.11487593217848929,0.013196479793876871,1,1,3,1,1,2791,0.0031671551505304488,0.072059860591671202,0.068892705441140747,0,0.10000000000000001,0.10000000000000001,0.13367454837155104,0,0,1,1,0.00071658903618774627,1946,0.0047498332221480987,0.062433193256622596,0.057683360034474496,0.00022407920720430446,0.058705803869246162,0.058481724662041858,0.089590505533450673,0,0,0,0,0,0.98423504120386962,-0.0055350795198751083,0.0016325725620769448,0.039663465368453124,0,0.016886521784046912
51,7,2,0.11487593217848929,0.013196479793876871,1,-1,1,0,1,15,0.0050837029821653836,0.0054199303840388319,0.00033622740187344829,0.00025686657911196651,0.00030375083068795168,4.6884251575985162e-05,0.00069415671101439962,0,0,0,0,0,12,0.0050837029821653836,0.0053902601734489661,0.00030655719128358256,0.00025968776219602589,0.00030375083068795168,4.4063068491925783e-05,0.00062419972920220044,0,0,0,0,0,0.80000000000000004,-7.4171852531736185e-07,3.6217379197804892e-06,0.0010851795945168877,0,3.4730904496366285e-06
51,7,2,0.11487593217848929,0.013196479793876871,1,-1,1,0,2,3775,0.0056070907481124387,0.062233537989971284,0.056626447241858849,0.00031325732707800281,0.055424706113229069,0.055111448786151068,0.1744951536031481,0,0,0,0,0,2041,0.0056070907481124387,0.06223297853437891,0.056625887786266468,0.00031676154100258739,0.055424706113229069,0.05510794457222648,0.16860015062539652,0,0,0,0,0,0.5464900662251656,-0.00012906383810102939,0.0016325725620769448,0.014801894547498457,0,0.00081380487460766125
51,7,2,0.11487593217848929,0.013196479793876871,1,-1,1,0,3,23,0.062228941682465372,0.062285697672928617,5.6755990463244754e-05,0.055423808777013028,0.056038418459888398,0.00061460968287536943,0.0012732522138638545,0,0,0,0,0,22,0.062228941682465372,0.062285127866873347,5.6186184407974737e-05,0.055423808777013028,0.056038418459888398,0.00061460968287536943,0.0012726837979574212,0,0,0,0,0,0.95652173913043481,-4.0906887252863334e-05,0.00030254331378692532,0.012523522838723678,0,0.00017225669321302485
51,7,2,0.11487593217848929,0.013196479793876871,1,-1,1,0,4,15,0.062301983787579535,0.062337517230574346,3.5533442994811759e-05,0.056360450289861128,0.056743501216375787,0.0003830509265146595,0.00079195419148152897,0,0,0,0,0,14,0.062301983787579535,0.062336973009735355,3.4989222155820676e-05,0.056360450289861128,0.056743501216375787,0.0003830509265146595,0.00079165527763695915,0,0,0,0,0,0.93333333333333335,-1.2573393355188767e-05,0.00022994337039411745,0.010159999040634584,0,5.3620685478285419e-05
51,7,2,0.11487593217848929,0.013196479793876871,1,-1,3,1,1,2791,0.0031671551505304488,0.072059860591671202,0.068892705441140747,0,0.10000000000000001,0.10000000000000001,0.13367454837155104,0,0,1,1,0.00071658903618774627,1946,0.0047498332221480987,0.062433193256622596,0.057683360034474496,0.00022407920720430446,0.058705803869246162,0.058481724662041858,0.089590505533450673,0,0,0,0,0,0.98423504120386962,-0.0055350795198751083,0.0016325725620769448,0.027444479694400826,0,0.016886521784046912
51,7,2,0.11487593217848929,0.013196479793876871,-1,1,1,0,1,36,0,0.0010557183835101498,0.0010557183835101498,0,0.0010564647150674395,0.0010564647150674395,0.0014935424085793464,1,0,1,0,0.055555555555555552,0,nan,nan,nan,nan,nan,nan,0,0,0,0,0,nan,0,-7.4811928782222829e-12,8.616586458023786e-10,0,0,1.0037965274404745e-05
51,7,2,0.11487593217848929,0.013196479793876871,-1,1,3,1,1,2056,0.0031671551505304488,0.032837642163669238,0.029670487013138791,0,0.10000000000000001,0.10000000000000001,0.1088879128770569,0,0,1,1,0.0009727626459143969,0,nan,nan,nan,nan,nan,nan,0,0,0,0,0,nan,0,-0.0094837616140682757,-4.4581652211251321e-06,0,0,0.037935046456273193
51,7,2,0.11487593217848929,0.013196479793876871,-1,1,3,1,2,1787,0.041687424219375969,0.072059860591671202,0.030372436372295232,0.059395172913215978,0.10000000000000001,0.040604827086784027,0.090277168572093752,0,0,0,1,0.0011191941801902631,0,nan,nan,nan,nan,nan,nan,0,0,0,0,0,nan,0.44823726916620033,-0.0088616026672822916,-0.00013003759334436821,0.031106595094416791,0,0.035446410669129264
51,7,2,0.11487593217848929,0.013196479793876871,-1,-1,3,1,1,2056,0.0031671551505304488,0.032837642163669238,0.029670487013138791,0,0.10000000000000001,0.10000000000000001,0.1088879128770569,0,0,1,1,0.0009727626459143969,0,nan,nan,nan,nan,nan,nan,0,0,0,0,0,nan,0,-0.0094837616140682757,-4.4581652211251321e-06,0,0,0.037935046456273193
51,7,2,0.11487593217848929,0.013196479793876871,-1,-1,3,1,2,1787,0.041687424219375969,0.072059860591671202,0.030372436372295232,0.059395172913215978,0.10000000000000001,0.040604827086784027,0.090277168572093752,0,0,0,1,0.0011191941801902631,0,nan,nan,nan,nan,nan,nan,0,0,0,0,0,nan,0.44823726916620033,-0.0088616026672822916,-0.00013003759334436821,0.012023775987532893,0,0.035446410669129264
52,3,7,0.12017601290331276,0.014442274077337194,1,1,1,0,1,2733,0.0011553819261869752,0.06249547363060505,0.061340091704418072,0,0.10000000000000001,0.10000000000000001,0.13523469937380789,0,0,1,1,0.00073179656055616534,2172,0.0034156104069379585,0.062493060025199561,0.059077449618261599,0.0001470821515443297,0.08172114743162108,0.081574065280076755,0.11408450436251008,0,0,0,0,0,0.91255031101353823,-0.00014536017060001998,0.0016044189011266176,0.021586078505098184,0,0.0025892124439123683
52,3,7,0.12017601290331276,0.014442274077337194,1,1,3,1,1,2788,0.0034661457785609266,0.072160819993681832,0.068694674215120904,0,0.10000000000000001,0.10000000000000001,0.13345129613840065,0,0,1,1,0.0007173601147776184,1932,0.0051767845230153431,0.062388258839226149,0.057211474316210806,0.00025784970175824856,0.057526669520756663,0.057268819818998416,0.088031113089513433,0,0,0,0,0,0.9860114777618364,-0.0055897978114497716,0.0016044189011266176,0.039591507467316836,0,0.017078148839941971
52,3,7,0.12017601290331276,0.014442274077337194,1,-1,1,0,1,3769,0.0057533828666519581,0.062232957414301703,0.056479574547649743,0.00031983072047764695,0.055327330353279858,0.055007499632802208,0.17407921008821658,0,0,0,0,0,2051,0.0057533828666519581,0.06223238743373781,0.05647900456708585,0.00032338281455905626,0.055327330353279858,0.055003947538720802,0.16796236991319918,0,0,0,0,0,0.54709472008490312,-0.00014023737007844066,0.0016044189011266176,0.014639400668061566,0,0.00077148067653102397
52,3,7,0.12017601290331276,0.014442274077337194,1,-1,1,0,2,19,0.062235297400138001,0.06228513947161006,4.9842071472058769e-05,0.055426742416273808,0.055945823914627012,0.00051908149835320355,0.0010780310266389282,0,0,0,0,0,16,0.062235297400138001,0.062284562231884819,4.9264831746817506e-05,0.055436957971981317,0.055945823914627012,0.00050886594264569485,0.00095314092499867314,0,0,0,0,0,0.84210526315789469,-4.3757969866171256e-05,0.00026643874674996593,0.010953471349585129,0,0.00018159509052405903
52,3,7,0.12017601290331276,0.014442274077337194,1,-1,1,0,3,13,0.062308292386716958,0.062336982650865541,2.8690264148582834e-05,0.056363895295493668,0.056658105572645528,0.0002942102771518601,0.00061045236598398806,0,0,0,0,0,12,0.062308292386716958,0.062336433846086017,2.8141459369059041e-05,0.056363895295493668,0.056658105572645528,0.0002942102771518601,0.00061016092403927912,0,0,0,0,0,0.92307692307692313,-1.7447428544520356e-05,0.00018790262668614237,0.0085256398620837358,0,7.1938884591801516e-05
52,3,7,0.12017601290331276,0.014442274077337194,1,-1,3,1,1,2788,0.0034661457785609266,0.072160819993681832,0.068694674215120904,0,0.10000000000000001,0.10000000000000001,0.13345129613840065,0,0,1,1,0.0007173601147776184,1932,0.0051767845230153431,0.062388258839226149,0.057211474316210806,0.00025784970175824856,0.057526669520756663,0.057268819818998416,0.088031113089513433,0,0,0,0,0,0.9860114777618364,-0.0055897978114497716,0.0016044189011266176,0.027236325333500584,0,0.017078148839941971
52,3,7,0.12017601290331276,0.014442274077337194,-1,1,1,0,1,40,0,0.0011553819261869752,0.0011553819261869752,0,0.0011562763828424144,0.0011562763828424144,0.0016345942688289242,1,0,1,0,0.050000000000000003,0,nan,nan,nan,nan,nan,nan,0,0,0,0,0,nan,0,-1.0840445151324166e-11,1.5399784275058653e-09,0,0,1.2023471429462836e-05
52,3,7,0.12017601290331276,0.014442274077337194,-1,1,3,1,1,2090,0.0034661457785609266,0.034953670387529813,0.031487524608968885,0,0.10000000000000001,0.10000000000000001,0.11035575862855868,0,0,1,1,0.00095693779904306223,0,nan,nan,nan,nan,nan,nan,0,0,0,0,0,nan,0.00047846889952153111,-0.0094307553659173076,-5.3396295814381034e-06,4.6412142278974963e-09,0,0.037723021463669258
52,3,7,0.12017601290331276,0.014442274077337194,-1,1,3,1,2,1830,0.039938353551686602,0.072160819993681832,0.03222246644199523,0.059110946542607797,0.10000000000000001,0.040889053457392209,0.092313734776573897,0,0,0,1,0.001092896174863388,0,nan,nan,nan,nan,nan,nan,0,0,0,0,0,nan,0.44207650273224042,-0.0090529943129806969,-0.00014173732908983108,0.030630954352261892,0,0.036211977251923107
52,3,7,0.12017601290331276,0.014442274077337194,-1,-1,3,1,1,2090,0.0034661457785609266,0.034953670387529813,0.031487524608968885,0,0.10000000000000001,0.10000000000000001,0.11035575862855868,0,0,1,1,0.00095693779904306223,0,nan,nan,nan,nan,nan,nan,0,0,0,0,0,nan,0.00047846889952153111,-0.0094307553659173076,-5.3396295814381034e-06,1.5402487121168071e-09,0,0.037723021463669258
52,3,7,0.12017601290331276,0.014442274077337194,-1,-1,3,1,2,1830,0.039938353551686602,0.072160819993681832,0.03222246644199523,0.059110946542607797,0.10000000000000001,0.040889053457392209,0.092313734776573897,0,0,0,1,0.001092896174863388,0,nan,nan,nan,nan,nan,nan,0,0,0,0,0,nan,0.44207650273224042,-0.0090529943129806969,-0.00014173732908983108,0.011808843580338272,0,0.036211977251923107
53,7,3,0.12017601290331276,0.014442274077337194,1,1,1,0,1,2733,0.0011553819261869752,0.06249547363060505,0.061340091704418072,0,0.10000000000000001,0.10000000000000001,0.13523469937380789,0,0,1,1,0.00073179656055616534,2172,0.0034156104069379585,0.062493060025199561,0.059077449618261599,0.0001470821515443297,0.08172114743162108,0.081574065280076755,0.11408450436251008,0,0,0,0,0,0.91255031101353823,-0.00014536017060001998,0.0016044189011266176,0.021586078505098184,0,0.0025892124439123683
53,7,3,0.12017601290331276,0.014442274077337194,1,1,3,1,1,2788,0.0034661457785609266,0.072160819993681832,0.068694674215120904,0,0.10000000000000001,0.10000000000000001,0.13345129613840065,0,0,1,1,0.0007173601147776184,1932,0.0051767845230153431,0.062388258839226149,0.057211474316210806,0.00025784970175824856,0.057526669520756663,0.057268819818998416,0.088031113089513433,0,0,0,0,0,0.9860114777618364,-0.0055897978114497716,0.0016044189011266176,0.039591507467316836,0,0.017078148839941971
53,7,3,0.12017601290331276,0.014442274077337194,1,-1,1,0,1,3769,0.0057533828666519581,0.062232957414301703,0.056479574547649743,0.00031983072047764695,0.055327330353279858,0.055007499632802208,0.17407921008821658,0,0,0,0,0,2051,0.0057533828666519581,0.06223238743373781,0.05647900456708585,0.00032338281455905626,0.055327330353279858,0.055003947538720802,0.16796236991319918,0,0,0,0,0,0.54709472008490312,-0.00014023737007844066,0.0016044189011266176,0.014639400668061566,0,0.00077148067653102397
53,7,3,0.12017601290331276,0.014442274077337194,1,-1,1,0,2,19,0.062235297400138001,0.06228513947161006,4.9842071472058769e-05,0.055426742416273808,0.055945823914627012,0.00051908149835320355,0.0010780310266389282,0,0,0,0,0,16,0.062235297400138001,0.062284562231884819,4.9264831746817506e-05,0.055436957971981317,0.055945823914627012,0.00050886594264569485,0.00095314092499867314,0,0,0,0,0,0.84210526315789469,-4.3757969866171256e-05,0.00026643874674996593,0.010953471349585129,0,0.00018159509052405903
53,7,3,0.12017601290331276,0.014442274077337194,1,-1,1,0,3,13,0.062308292386716958,0.062336982650865541,2.8690264148582834e-05,0.056363895295493668,0.056658105572645528,0.0002942102771518601,0.00061045236598398806,0,0,0,0,0,12,0.062308292386716958,0.062336433846086017,2.8141459369059041e-05,0.056363895295493668,0.056658105572645528,0.0002942102771518601,0.00061016092403927912,0,0,0,0,0,0.92307692307692313,-1.7447428544520356e-05,0.00018790262668614237,0.0085256398620837358,0,7.1938884591801516e-05
53,7,3,0.12017601290331276,0.014442274077337194,1,-1,3,1,1,2788,0.0034661457785609266,0.072160819993681832,0.068694674215120904,0,0.10000000000000001,0.10000000000000001,0.13345129613840065,0,0,1,1,0.0007173601147776184,1932,0.0051767845230153431,0.062388258839226149,0.057211474316210806,0.00025784970175824856,0.057526669520756663,0.057268819818998416,0.088031113089513433,0,0,0,0,0,0.9860114777618364,-0.0055897978114497716,0.0016044189011266176,0.027236325333500584,0,0.017078148839941971
53,7,3,0.12017601290331276,0.014442274077337194,-1,1,1,0,1,40,0,0.0011553819261869752,0.0011553819261869752,0,0.0011562763828424144,0.0011562763828424144,0.0016345942688289242,1,0,1,0,0.050000000000000003,0,nan,nan,nan,nan,nan,nan,0,0,0,0,0,nan,0,-1.0840445151324166e-11,1.5399784275058653e-09,0,0,1.2023471429462836e-05
53,7,3,0.12017601290331276,0.014442274077337194,-1,1,3,1,1,2090,0.0034661457785609266,0.034953670387529813,0.031487524608968885,0,0.10000000000000001,0.10000000000000001,0.11035575862855868,0,0,1,1,0.00095693779904306223,0,nan,nan,nan,nan,nan,nan,0,0,0,0,0,nan,0.00047846889952153111,-0.0094307553659173076,-5.3396295814381034e-06,4.6412142278974963e-09,0,0.037723021463669258
53,7,3,0.12017601290331276,0.014442274077337194,-1,1,3,1,2,1830,0.039938353551686602,0.072160819993681832,0.03222246644199523,0.059110946542607797,0.10000000000000001,0.040889053457392209,0.092313734776573897,0,0,0,1,0.001092896174863388,0,nan,nan,nan,nan,nan,nan,0,0,0,0,0,nan,0.44207650273224042,-0.0090529943129806969,-0.00014173732908983108,0.030630954352261892,0,0.036211977251923107
53,7,3,0.12017601290331276,0.014442274077337194,-1,-1,3,1,1,2090,0.0034661457785609266,0.034953670387529813,0.031487524608968885,0,0.10000000000000001,0.10000000000000001,0.11035575862855868,0,0,1,1,0.00095693779904306223,0,nan,nan,nan,nan,nan,nan,0,0,0,0,0,nan,0.00047846889952153111,-0.0094307553659173076,-5.3396295814381034e-06,1.5402487121168071e-09,0,0.037723021463669258
53,7,3,0.12017601290331276,0.014442274077337194,-1,-1,3,1,2,1830,0.039938353551686602,0.072160819993681832,0.03222246644199523,0.059110946542607797,0.10000000000000001,0.040889053457392209,0.092313734776573897,0,0,0,1,0.001092896174863388,0,nan,nan,nan,nan,nan,nan,0,0,0,0,0,nan,0.44207650273224042,-0.0090529943129806969,-0.00014173732908983108,0.011808843580338272,0,0.036211977251923107
54,5,6,0.12325929539877227,0.015192853902201804,1,1,1,0,1,2730,0.0012154283121761443,0.062483048812660036,0.061267620500483892,0,0.10000000000000001,0.10000000000000001,0.13519188415787117,0,0,1,1,0.0007326007326007326,2170,0.0034689793195463643,0.062483048812660036,0.05901406949311367,0.00015120074486828304,0.08172114743162108,0.081569946686752798,0.11406740536455869,0,0,0,0,0,0.91135531135531134,-0.0001522904479714172,0.0015874854884176919,0.021407958176836557,0,0.0026317713282919103
54,5,6,0.12325929539877227,0.015192853902201804,1,1,3,1,1,2785,0.0036462849365284326,0.072221706131133545,0.068575421194605107,0,0.10000000000000001,0.10000000000000001,0.13331851032592562,0,0,1,1,0.000718132854578097,1925,0.0054436290860573715,0.062388258839226149,0.056944629753168774,0.00027940694630370559,0.057488419890579144,0.057209012944275439,0.087754779801692578,0,0,0,0,0,0.98635547576301619,-0.0056227965764771102,0.0015874854884176919,0.039557096959165677,0,0.017193773435384734
54,5,6,0.12325929539877227,0.015192853902201804,1,-1,1,0,1,15,0.0058440728786736465,0.0061779826631778931,0.00033390978450424658,0.00032426184407755335,0.00037238000582647294,4.8118161748919586e-05,0.00068717160924526859,0,0,0,0,0,12,0.0058440728786736465,0.0061374249499666442,0.00029335207129299774,0.00032700334921645417,0.00037238000582647294,4.5376656610018765e-05,0.00059862739333624033,0,0,0,0,0,0.80000000000000004,-5.4547129984344097e-07,4.2500246435706458e-06,0.001236844621892661,0,2.6435304988551573e-06
54,5,6,0.12325929539877227,0.015192853902201804,1,-1,1,0,2,3743,0.0063266538604071897,0.062232039983358481,0.055905386122951289,0.00038143947881627051,0.05527063123076785,0.054889191751951581,0.17277482341178452,0,0,0,0,0,2035,0.0063266538604071897,0.062232039983358481,0.055905386122951289,0.00038480477858304774,0.05527063123076785,0.054885826452184802,0.16681972158790459,0,0,0,0,0,0.54528453112476627,-0.00014728373917424973,0.0015874854884176919,0.014614081042695071,0,0.00077348051412430682
54,5,6,0.12325929539877227,0.015192853902201804,1,-1,1,0,3,15,0.062244599571122702,0.062284229631554063,3.9630060431360137e-05,0.055480481470383772,0.055892109971849936,0.00041162850146616442,0.00084559078246737454,0,0,0,0,0,15,0.062244599571122702,0.062284229631554063,3.9630060431360137e-05,0.055480481470383772,0.055892109971849936,0.00041162850146616442,0.00084559078246737454,0,0,0,0,0,1,9.1317360910644761e-06,0.00023890915816493773,0.010971563680947528,0.0028831614774460401,-3.3250480420115333e-05
54,5,6,0.12325929539877227,0.015192853902201804,1,-1,1,0,4,9,0.062318383851564484,0.062336116806328765,1.7732954764280995e-05,0.056391262560820353,0.056609755836593847,0.00021849327577349448,0.00044064740873640964,0,0,0,0,0,9,0.062318383851564484,0.062336116806328765,1.7732954764280995e-05,0.056391262560820353,0.056609755836593847,0.00021849327577349448,0.00044064740873640964,0,0,0,0,0,1,1.1003115857096028e-05,0.00014654548414834366,0.0080408291126757934,0.0032816754181715477,-4.3077574200925605e-05
54,5,6,0.12325929539877227,0.015192853902201804,1,-1,3,1,1,2785,0.0036462849365284326,0.072221706131133545,0.068575421194605107,0,0.10000000000000001,0.10000000000000001,0.13331851032592562,0,0,1,1,0.000718132854578097,1925,0.0054436290860573715,0.062388258839226149,0.056944629753168774,0.00027940694630370559,0.057488419890579144,0.057209012944275439,0.087754779801692578,0,0,0,0,0,0.98635547576301619,-0.0056227965764771102,0.0015874854884176919,0.027119638671465263,0,0.017193773435384734
54,5,6,0.12325929539877227,0.015192853902201804,-1,1,1,0,1,42,0,0.0012154283121761443,0.0012154283121761443,0,0.0012164180760557875,0.0012164180760557875,0.0017195812740147991,1,0,1,0,0.047619047619047616,0,nan,nan,nan,nan,nan,nan,0,0,0,0,0,nan,0,-1.3904189462673788e-11,1.3820502721347467e-09,0,0,1.3306224279050771e-05
54,5,6,0.12325929539877227,0.015192853902201804,-1,1,3,1,1,4015,0.0036462849365284326,0.072221706131133545,0.068575421194605107,0,0.10000000000000001,0.10000000000000001,0.20739403179527899,0,0,1,1,0.00049813200498132002,0,nan,nan,nan,nan,nan,nan,0,0,0,0,0,nan,0.20273972602739726,-0.0093987812545144166,-5.9090639281574028e-06,0.014029906455395629,0,0.037595125018057687
54,5,6,0.12325929539877227,0.015192853902201804,-1,-1,3,1,1,4015,0.0036462849365284326,0.072221706131133545,0.068575421194605107,0,0.10000000000000001,0.10000000000000001,0.20739403179527899,0,0,1,1,0.00049813200498132002,0,nan,nan,nan,nan,nan,nan,0,0,0,0,0,nan,0.20273972602739726,-0.0093987812545144166,-5.9090639281574028e-06,0.0054021176868099376,0,0.037595125018057687
55,6,5,0.12325929539877227,0.015192853902201804,1,1,1,0,1,2730,0.0012154283121761443,0.062483048812660036,0.061267620500483892,0,0.10000000000000001,0.10000000000000001,0.13519188415787117,0,0,1,1,0.0007326007326007326,2170,0.0034689793195463643,0.062483048812660036,0.05901406949311367,0.00015120074486828304,0.08172114743162108,0.081569946686752798,0.11406740536455869,0,0,0,0,0,0.91135531135531134,-0.0001522904479714172,0.0015874854884176919,0.021407958176836557,0,0.0026317713282919103
55,6,5,0.12325929539877227,0.015192853902201804,1,1,3,1,1,2785,0.0036462849365284326,0.072221706131133545,0.068575421194605107,0,0.10000000000000001,0.10000000000000001,0.13331851032592562,0,0,1,1,0.000718132854578097,1925,0.0054436290860573715,0.062388258839226149,0.056944629753168774,0.00027940694630370559,0.057488419890579144,0.057209012944275439,0.087754779801692578,0,0,0,0,0,0.98635547576301619,-0.0056227965764771102,0.0015874854884176919,0.039557096959165677,0,0.017193773435384734
55,6,5,0.12325929539877227,0.015192853902201804,1,-1,1,0,1,15,0.0058440728786736465,0.0061779826631778931,0.00033390978450424658,0.00032426184407755335,0.00037238000582647294,4.8118161748919586e-05,0.00068717160924526859,0,0,0,0,0,12,0.0058440728786736465,0.0061374249499666442,0.00029335207129299774,0.00032700334921645417,0.00037238000582647294,4.5376656610018765e-05,0.00059862739333624033,0,0,0,0,0,0.80000000000000004,-5.4547129984344097e-07,4.2500246435706458e-06,0.001236844621892661,0,2.6435304988551573e-06
55,6,5,0.12325929539877227,0.015192853902201804,1,-1,1,0,2,3743,0.0063266538604071897,0.062232039983358481,0.055905386122951289,0.00038143947881627051,0.05527063123076785,0.054889191751951581,0.17277482341178452,0,0,0,0,0,2035,0.0063266538604071897,0.062232039983358481,0.055905386122951289,0.00038480477858304774,0.05527063123076785,0.054885826452184802,0.16681972158790459,0,0,0,0,0,0.54528453112476627,-0.00014728373917424973,0.0015874854884176919,0.014614081042695071,0,0.00077348051412430682
55,6,5,0.12325929539877227,0.015192853902201804,1,-1,1,0,3,15,0.062244599571122702,0.062284229631554063,3.9630060431360137e-05,0.055480481470383772,0.055892109971849936,0.00041162850146616442,0.00084559078246737454,0,0,0,0,0,15,0.062244599571122702,0.062284229631554063,3.9630060431360137e-05,0.055480481470383772,0.055892109971849936,0.00041162850146616442,0.00084559078246737454,0,0,0,0,0,1,9.1317360910644761e-06,0.00023890915816493773,0.010971563680947528,0.0028831614774460401,-3.3250480420115333e-05
55,6,5,0.12325929539877227,0.015192853902201804,1,-1,1,0,4,9,0.062318383851564484,0.062336116806328765,1.7732954764280995e-05,0.056391262560820353,0.056609755836593847,0.00021849327577349448,0.00044064740873640964,0,0,0,0,0,9,0.062318383851564484,0.062336116806328765,1.7732954764280995e-05,0.056391262560820353,0.056609755836593847,0.00021849327577349448,0.00044064740873640964,0,0,0,0,0,1,1.1003115857096028e-05,0.00014654548414834366,0.0080408291126757934,0.0032816754181715477,-4.3077574200925605e-05
55,6,5,0.12325929539877227,0.015192853902201804,1,-1,3,1,1,2785,0.0036462849365284326,0.072221706131133545,0.068575421194605107,0,0.10000000000000001,0.10000000000000001,0.13331851032592562,0,0,1,1,0.000718132854578097,1925,0.0054436290860573715,0.062388258839226149,0.056944629753168774,0.00027940694630370559,0.057488419890579144,0.057209012944275439,0.087754779801692578,0,0,0,0,0,0.98635547576301619,-0.0056227965764771102,0.0015874854884176919,0.027119638671465263,0,0.017193773435384734
55,6,5,0.12325929539877227,0.015192853902201804,-1,1,1,0,1,42,0,0.0012154283121761443,0.0012154283121761443,0,0.0012164180760557875,0.0012164180760557875,0.0017195812740147991,1,0,1,0,0.047619047619047616,0,nan,nan,nan,nan,nan,nan,0,0,0,0,0,nan,0,-1.3904189462673788e-11,1.3820502721347467e-09,0,0,1.3306224279050771e-05
55,6,5,0.12325929539877227,0.015192853902201804,-1,1,3,1,1,4015,0.0036462849365284326,0.072221706131133545,0.068575421194605107,0,0.10000000000000001,0.10000000000000001,0.20739403179527899,0,0,1,1,0.00049813200498132002,0,nan,nan,nan,nan,nan,nan,0,0,0,0,0,nan,0.20273972602739726,-0.0093987812545144166,-5.9090639281574028e-06,0.014029906455395629,0,0.037595125018057687
55,6,5,0.12325929539877227,0.015192853902201804,-1,-1,3,1,1,4015,0.0036462849365284326,0.072221706131133545,0.068575421194605107,0,0.10000000000000001,0.10000000000000001,0.20739403179527899,0,0,1,1,0.00049813200498132002,0,nan,nan,nan,nan,nan,nan,0,0,0,0,0,nan,0.20273972602739726,-0.0093987812545144166,-5.9090639281574028e-06,0.0054021176868099376,0,0.037595125018057687
56,0,8,0.12621126262534729,0.015929282813484387,1,1,1,0,1,2729,0.0012743426250787508,0.062477330323991651,0.0612029876989129,0,0.10000000000000001,0.10000000000000001,0.13514827495177559,0,0,1,1,0.00073286918285086111,2154,0.0043762508338892597,0.062477330323991651,0.058101079490102389,0.00021489962500585778,0.080853902601734487,0.08063900297672863,0.11230736920073975,0,0,0,0,0,0.9014290949065592,-0.00015894180731092477,0.0015708878962023896,0.021187485469475804,0,0.0026735318158288583
56,0,8,0.12621126262534729,0.015929282813484387,1,1,3,1,1,2783,0.0038230278752362534,0.072281485227956063,0.068458457352719812,0,0.10000000000000001,0.10000000000000001,0.13318313126878623,0,0,1,1,0.00071864893999281352,1918,0.005710473649099399,0.062378808300043172,0.056668334650943772,0.00030147749542037722,0.057371581054036024,0.057070103558615644,0.087398739757357014,0,0,0,0,0,0.98562702120014378,-0.0056551953740125258,0.0015708878962023896,0.039508049530871496,0,0.0173073403241828
56,0,8,0.12621126262534729,0.015929282813484387,1,-1,1,0,1,9,0.0059348586080640846,0.0061286858803033554,0.00019382727223927077,0.00032877862088258195,0.00035286606628899542,2.4087445406413468e-05,0.00039322979738952121,0,0,0,0,0,8,0.0059348586080640846,0.0061286858803033554,0.00019382727223927077,0.00033032729667750092,0.00035286606628899542,2.2538769611494495e-05,0.00039300555874815699,0,0,0,0,0,0.88888888888888884,-6.8916536575395138e-08,2.3238794062452757e-06,0.00093198988178514646,0,3.9576524850359425e-07
56,0,8,0.12621126262534729,0.015929282813484387,1,-1,1,0,2,3719,0.0064125271454269729,0.062179511810827343,0.055766984665400372,0.00038555028977924413,0.054658095897124816,0.054272545607345568,0.17138697020910992,0,0,0,0,0,2018,0.0064125271454269729,0.062179003429704165,0.055766476284277194,0.0003875601855354987,0.054658095897124816,0.054270535711589317,0.16539641664692264,0,0,0,0,0,0.54288787308416242,-0.00015337566455083412,0.0015708878962023896,0.014532960628720394,0,0.00072001790483168699
56,0,8,0.12621126262534729,0.015929282813484387,1,-1,1,0,3,19,0.062178168398048954,0.06223170525365964,5.3536855610686329e-05,0.054676444174466911,0.055216431961905801,0.00053998778743889059,0.0011126432667592071,0,0,0,0,0,19,0.062178168398048954,0.06223170525365964,5.3536855610686329e-05,0.054676444174466911,0.055216431961905801,0.00053998778743889059,0.0011126432667592071,0,0,0,0,0,1,4.0256162711614939e-06,0.00028055985008539145,0.012268226629216963,0.0016237369740659466,-1.0546087043795346e-05
56,0,8,0.12621126262534729,0.015929282813484387,1,-1,1,0,4,15,0.062248675220665226,0.062283909123927443,3.5233903262217592e-05,0.055489763027560819,0.05584113963454556,0.00035137660698474071,0.00072632487582778202,0,0,0,0,0,15,0.062248675220665226,0.062283909123927443,3.5233903262217592e-05,0.055489763027560819,0.05584113963454556,0.00035137660698474071,0.00072632487582778202,0,0,0,0,0,1,5.2589782698783916e-06,0.00021471214050233523,0.010359942791093098,0.0021478658291783242,-1.8453310480607561e-05
56,0,8,0.12621126262534729,0.015929282813484387,1,-1,3,1,1,2783,0.0038230278752362534,0.072281485227956063,0.068458457352719812,0,0.10000000000000001,0.10000000000000001,0.13318313126878623,0,0,1,1,0.00071864893999281352,1918,0.005710473649099399,0.062378808300043172,0.056668334650943772,0.00030147749542037722,0.057371581054036024,0.057070103558615644,0.087398739757357014,0,0,0,0,0,0.98562702120014378,-0.0056551953740125258,0.0015708878962023896,0.026993260130973161,0,0.0173073403241828
56,0,8,0.12621126262534729,0.015929282813484387,-1,1,1,0,1,44,0,0.0012743426250787508,0.0012743426250787508,0,0.0012754304886941105,0.0012754304886941105,0.0018029694456830432,1,0,1,0,0.045454545454545456,0,nan,nan,nan,nan,nan,nan,0,0,0,0,0,nan,0,-1.6483493342663702e-11,1.2101022913379302e-09,0,0,1.4628021548923368e-05
56,0,8,0.12621126262534729,0.015929282813484387,-1,1,3,1,1,4009,0.0038230278752362534,0.072281485227956063,0.068458457352719812,0,0.10000000000000001,0.10000000000000001,0.20711678155667995,0,0,1,1,0.00049887752556747322,0,nan,nan,nan,nan,nan,nan,0,0,0,0,0,nan,0.20404090795709653,-0.0093674009292553512,-6.4957965043704089e-06,0.014111780483459091,0,0.037469603717021419
56,0,8,0.12621126262534729,0.015929282813484387,-1,-1,3,1,1,4009,0.0038230278752362534,0.072281485227956063,0.068458457352719812,0,0.10000000000000001,0.10000000000000001,0.20711678155667995,0,0,1,1,0.00049887752556747322,0,nan,nan,nan,nan,nan,nan,0,0,0,0,0,nan,0.20404090795709653,-0.0093674009292553512,-6.4957965043704089e-06,0.0054244020343488675,0,0.037469603717021419
57,8,0,0.12621126262534729,0.015929282813484387,1,1,1,0,1,2729,0.0012743426250787508,0.062477330323991651,0.0612029876989129,0,0.10000000000000001,0.10000000000000001,0.13514827495177559,0,0,1,1,0.00073286918285086111,2154,0.0043762508338892597,0.062477330323991651,0.058101079490102389,0.00021489962500585778,0.080853902601734487,0.08063900297672863,0.11230736920073975,0,0,0,0,0,0.9014290949065592,-0.00015894180731092477,0.0015708878962023896,0.021187485469475804,0,0.0026735318158288583
57,8,0,0.12621126262534729,0.015929282813484387,1,1,3,1,1,2783,0.0038230278752362534,0.072281485227956063,0.068458457352719812,0,0.10000000000000001,0.10000000000000001,0.13318313126878623,0,0,1,1,0.00071864893999281352,1918,0.005710473649099399,0.062378808300043172,0.056668334650943772,0.00030147749542037722,0.057371581054036024,0.057070103558615644,0.087398739757357014,0,0,0,0,0,0.98562702120014378,-0.0056551953740125258,0.0015708878962023896,0.039508049530871496,0,0.0173073403241828
57,8,0,0.12621126262534729,0.015929282813484387,1,-1,1,0,1,9,0.0059348586080640846,0.0061286858803033554,0.00019382727223927077,0.00032877862088258195,0.00035286606628899542,2.4087445406413468e-05,0.00039322979738952121,0,0,0,0,0,8,0.0059348586080640846,0.0061286858803033554,0.00019382727223927077,0.00033032729667750092,0.00035286606628899542,2.2538769611494495e-05,0.00039300555874815699,0,0,0,0,0,0.88888888888888884,-6.8916536575395138e-08,2.3238794062452757e-06,0.00093198988178514646,0,3.9576524850359425e-07
57,8,0,0.12621126262534729,0.015929282813484387,1,-1,1,0,2,3719,0.0064125271454269729,0.062179511810827343,0.055766984665400372,0.00038555028977924413,0.054658095897124816,0.054272545607345568,0.17138697020910992,0,0,0,0,0,2018,0.0064125271454269729,0.062179003429704165,0.055766476284277194,0.0003875601855354987,0.054658095897124816,0.054270535711589317,0.16539641664692264,0,0,0,0,0,0.54288787308416242,-0.00015337566455083412,0.0015708878962023896,0.014532960628720394,0,0.00072001790483168699
57,8,0,0.12621126262534729,0.015929282813484387,1,-1,1,0,3,19,0.062178168398048954,0.06223170525365964,5.3536855610686329e-05,0.054676444174466911,0.055216431961905801,0.00053998778743889059,0.0011126432667592071,0,0,0,0,0,19,0.062178168398048954,0.06223170525365964,5.3536855610686329e-05,0.054676444174466911,0.055216431961905801,0.00053998778743889059,0.0011126432667592071,0,0,0,0,0,1,4.0256162711614939e-06,0.00028055985008539145,0.012268226629216963,0.0016237369740659466,-1.0546087043795346e-05
57,8,0,0.12621126262534729,0.015929282813484387,1,-1,1,0,4,15,0.062248675220665226,0.062283909123927443,3.5233903262217592e-05,0.055489763027560819,0.05584113963454556,0.00035137660698474071,0.00072632487582778202,0,0,0,0,0,15,0.062248675220665226,0.062283909123927443,3.5233903262217592e-05,0.055489763027560819,0.05584113963454556,0.00035137660698474071,0.00072632487582778202,0,0,0,0,0,1,5.2589782698783916e-06,0.00021471214050233523,0.010359942791093098,0.0021478658291783242,-1.8453310480607561e-05
57,8,0,0.12621126262534729,0.015929282813484387,1,-1,3,1,1,2783,0.0038230278752362534,0.072281485227956063,0.068458457352719812,0,0.10000000000000001,0.10000000000000001,0.13318313126878623,0,0,1,1,0.00071864893999281352,1918,0.005710473649099399,0.062378808300043172,0.056668334650943772,0.00030147749542037722,0.057371581054036024,0.057070103558615644,0.087398739757357014,0,0,0,0,0,0.98562702120014378,-0.0056551953740125258,0.0015708878962023896,0.026993260130973161,0,0.0173073403241828
57,8,0,0.12621126262534729,0.015929282813484387,-1,1,1,0,1,44,0,0.0012743426250787508,0.0012743426250787508,0,0.0012754304886941105,0.0012754304886941105,0.0018029694456830432,1,0,1,0,0.045454545454545456,0,nan,nan,nan,nan,nan,nan,0,0,0,0,0,nan,0,-1.6483493342663702e-11,1.2101022913379302e-09,0,0,1.4628021548923368e-05
57,8,0,0.12621126262534729,0.015929282813484387,-1,1,3,1,1,4009,0.0038230278752362534,0.072281485227956063,0.068458457352719812,0,0.10000000000000001,0.10000000000000001,0.20711678155667995,0,0,1,1,0.00049887752556747322,0,nan,nan,nan,nan,nan,nan,0,0,0,0,0,nan,0.20404090795709653,-0.0093674009292553512,-6.4957965043704089e-06,0.014111780483459091,0,0.037469603717021419
57,8,0,0.12621126262534729,0.015929282813484387,-1,-1,3,1,1,4009,0.0038230278752362534,0.072281485227956063,0.068458457352719812,0,0.10000000000000001,0.10000000000000001,0.20711678155667995,0,0,1,1,0.00049887752556747322,0,nan,nan,nan,nan,nan,nan,0,0,0,0,0,nan,0.20404090795709653,-0.0093674009292553512,-6.4957965043704089e-06,0.0054244020343488675,0,0.037469603717021419
58,1,8,0.1271947474472504,0.016178503778169814,1,1,1,0,1,2728,0.0012942803022535851,0.062476008646170651,0.061181728343917066,0,0.10000000000000001,0.10000000000000001,0.13513575124949029,0,0,1,1,0.00073313782991202346,2152,0.0043762508338892597,0.062476008646170651,0.05809975781228139,0.00021520567668416112,0.080853902601734487,0.080638696925050324,0.1123171348083227,0,0,0,0,0,0.89956011730205276,-0.00016130381795755402,0.0015652731001121274,0.021119784102992589,0,0.0026876652375637227
58,1,8,0.1271947474472504,0.016178503778169814,1,1,3,1,1,2782,0.0038828409067607548,0.072301723850734065,0.068418882943973316,0,0.10000000000000001,0.10000000000000001,0.13313957143489324,0,0,1,1,0.00071890726096333576,1916,0.0058172114743162105,0.062379877268141162,0.056562665793824948,0.00031179290773934064,0.057371581054036017,0.057059788146296676,0.087301365390748009,0,0,0,0,0,0.98526240115025165,-0.0056661643616870956,0.0015652731001121274,0.039482891021585594,0,0.017345799757947995
58,1,8,0.1271947474472504,0.016178503778169814,1,-1,1,0,1,9,0.0059660121078495103,0.006101841115252379,0.00013582900740286875,0.0003298240946774158,0.0003487844747914222,1.89603801140064e-05,0.0002787120257021106,0,0,0,0,0,8,0.0059660121078495103,0.006101841115252379,0.00013582900740286875,0.00033140579150446245,0.0003487844747914222,1.737868328695975e-05,0.0002783338037034152,0,0,0,0,0,0.88888888888888884,-7.7215899032203821e-08,1.8018832601664436e-06,0.0008776090201745401,0,3.8333917335925522e-07
58,1,8,0.1271947474472504,0.016178503778169814,1,-1,1,0,2,3719,0.0064419892269340267,0.062179395967221593,0.055737406740287564,0.00038664447368200595,0.054639129420165092,0.054252484946483083,0.17129759829052243,0,0,0,0,0,2018,0.0064419892269340267,0.062178885223522523,0.055736895996588494,0.00038875514804658493,0.054639129420165092,0.054250374272118505,0.16530338068416389,0,0,0,0,0,0.5426189835977413,-0.00014997914881429263,0.0015652731001121274,0.014495422879725382,0,0.00070415095483902573
58,1,8,0.1271947474472504,0.016178503778169814,1,-1,1,0,3,19,0.062179593934646879,0.062231593334281923,5.1999399635044297e-05,0.054680474015512945,0.055198476535938283,0.00051800252042533829,0.0010695926993325843,0,0,0,0,0,19,0.062179593934646879,0.062231593334281923,5.1999399635044297e-05,0.054680474015512945,0.055198476535938283,0.00051800252042533829,0.0010695926993325843,0,0,0,0,0,1,2.7122803442919965e-06,0.00027306865901890396,0.012087674155903111,0.0011844778851342319,-5.611951441488252e-06
58,1,8,0.1271947474472504,0.016178503778169814,1,-1,1,0,4,13,0.062250054494747423,0.062283801941204135,3.3747446456712515e-05,0.05549144153769317,0.055824529789060329,0.00033308825136715847,0.00068946819399132056,0,0,0,0,0,13,0.062250054494747423,0.062283801941204135,3.3747446456712515e-05,0.05549144153769317,0.055824529789060329,0.00033308825136715847,0.00068946819399132056,0,0,0,0,0,1,3.9270879117255269e-06,0.00020635062785680108,0.0097932912379560012,0.0018262828396622074,-1.3341236041778623e-05
58,1,8,0.1271947474472504,0.016178503778169814,1,-1,3,1,1,2782,0.0038828409067607548,0.072301723850734065,0.068418882943973316,0,0.10000000000000001,0.10000000000000001,0.13313957143489324,0,0,1,1,0.00071890726096333576,1916,0.0058172114743162105,0.062379877268141162,0.056562665793824948,0.00031179290773934064,0.057371581054036017,0.057059788146296676,0.087301365390748009,0,0,0,0,0,0.98526240115025165,-0.0056661643616870956,0.0015652731001121274,0.026949147321927058,0,0.017345799757947995
58,1,8,0.1271947474472504,0.016178503778169814,-1,1,1,0,1,45,0,0.0012942803022535851,0.0012942803022535851,0,0.0012954031349465653,0.0012954031349465653,0.0018311908136382428,1,0,1,0,0.044444444444444446,0,nan,nan,nan,nan,nan,nan,0,0,0,0,0,nan,0,-8.3177322163550211e-12,4.8526112289910052e-09,0,0,1.5089537872778134e-05
58,1,8,0.1271947474472504,0.016178503778169814,-1,1,3,1,1,4006,0.0038828409067607548,0.072301723850734065,0.068418882943973316,0,0.10000000000000001,0.10000000000000001,0.2070254524835341,0,0,1,1,0.0004992511233150275,0,nan,nan,nan,nan,nan,nan,0,0,0,0,0,nan,0.20469296055916125,-0.0093567843893212991,-6.7006460032065252e-06,0.014136409808340635,0,0.037427137557285203
58,1,8,0.1271947474472504,0.016178503778169814,-1,1,3,1,2,9,0.062439280299575885,0.062491005568184599,5.1725268608714126e-05,0.058569341847365099,0.058728620734568998,0.00015927888720389943,0.00035893500370465036,0,0,0,0,0,0,nan,nan,nan,nan,nan,nan,0,0,0,0,0,nan,0.88888888888888884,-0.00022504556913374493,-0.00015835604925517816,0.0057734449450518094,0,0.00090033905340992546
58,1,8,0.1271947474472504,0.016178503778169814,-1,-1,3,1,1,4006,0.0038828409067607548,0.072301723850734065,0.068418882943973316,0,0.10000000000000001,0.10000000000000001,0.2070254524835341,0,0,1,1,0.0004992511233150275,0,nan,nan,nan,nan,nan,nan,0,0,0,0,0,nan,0.20469296055916125,-0.0093567843893212991,-6.7006460032065252e-06,0.0054323468626755224,0,0.037427137557285203
58,1,8,0.1271947474472504,0.016178503778169814,-1,-1,3,1,2,9,0.062439280299575885,0.062491005568184599,5.1725268608714126e-05,0.058569341847365099,0.058728620734568998,0.00015927888720389943,0.00035893500370465036,0,0,0,0,0,0,nan,nan,nan,nan,nan,nan,0,0,0,0,0,nan,0.88888888888888884,-0.00022504556913374493,-0.00015835604925517816,0.0045087660566562821,0,0.00090033905340992546
59,8,1,0.1271947474472504,0.016178503778169814,1,1,1,0,1,2728,0.0012942803022535851,0.062476008646170651,0.061181728343917066,0,0.10000000000000001,0.10000000000000001,0.13513575124949029,0,0,1,1,0.00073313782991202346,2152,0.0043762508338892597,0.062476008646170651,0.05809975781228139,0.00021520567668416112,0.080853902601734487,0.080638696925050324,0.1123171348083227,0,0,0,0,0,0.89956011730205276,-0.00016130381795755402,0.0015652731001121274,0.021119784102992589,0,0.0026876652375637227
59,8,1,0.1271947474472504,0.016178503778169814,1,1,3,1,1,2782,0.0038828409067607548,0.072301723850734065,0.068418882943973316,0,0.10000000000000001,0.10000000000000001,0.13313957143489324,0,0,1,1,0.00071890726096333576,1916,0.0058172114743162105,0.062379877268141162,0.056562665793824948,0.00031179290773934064,0.057371581054036017,0.057059788146296676,0.087301365390748009,0,0,0,0,0,0.98526240115025165,-0.0056661643616870956,0.0015652731001121274,0.039482891021585594,0,0.017345799757947995
59,8,1,0.1271947474472504,0.016178503778169814,1,-1,1,0,1,9,0.0059660121078495103,0.006101841115252379,0.00013582900740286875,0.0003298240946774158,0.0003487844747914222,1.89603801140064e-05,0.0002787120257021106,0,0,0,0,0,8,0.0059660121078495103,0.006101841115252379,0.00013582900740286875,0.00033140579150446245,0.0003487844747914222,1.737868328695975e-05,0.0002783338037034152,0,0,0,0,0,0.88888888888888884,-7.7215899032203821e-08,1.8018832601664436e-06,0.0008776090201745401,0,3.8333917335925522e-07
59,8,1,0.1271947474472504,0.016178503778169814,1,-1,1,0,2,3719,0.0064419892269340267,0.062179395967221593,0.055737406740287564,0.00038664447368200595,0.054639129420165092,0.054252484946483083,0.17129759829052243,0,0,0,0,0,2018,0.0064419892269340267,0.062178885223522523,0.055736895996588494,0.00038875514804658493,0.054639129420165092,0.054250374272118505,0.16530338068416389,0,0,0,0,0,0.5426189835977413,-0.00014997914881429263,0.0015652731001121274,0.014495422879725382,0,0.00070415095483902573
59,8,1,0.1271947474472504,0.016178503778169814,1,-1,1,0,3,19,0.062179593934646879,0.062231593334281923,5.1999399635044297e-05,0.054680474015512945,0.055198476535938283,0.00051800252042533829,0.0010695926993325843,0,0,0,0,0,19,0.062179593934646879,0.062231593334281923,5.1999399635044297e-05,0.054680474015512945,0.055198476535938283,0.00051800252042533829,0.0010695926993325843,0,0,0,0,0,1,2.7122803442919965e-06,0.00027306865901890396,0.012087674155903111,0.0011844778851342319,-5.611951441488252e-06
59,8,1,0.1271947474472504,0.016178503778169814,1,-1,1,0,4,13,0.062250054494747423,0.062283801941204135,3.3747446456712515e-05,0.05549144153769317,0.055824529789060329,0.00033308825136715847,0.00068946819399132056,0,0,0,0,0,13,0.062250054494747423,0.062283801941204135,3.3747446456712515e-05,0.05549144153769317,0.055824529789060329,0.00033308825136715847,0.00068946819399132056,0,0,0,0,0,1,3.9270879117255269e-06,0.00020635062785680108,0.0097932912379560012,0.0018262828396622074,-1.3341236041778623e-05
59,8,1,0.1271947474472504,0.016178503778169814,1,-1,3,1,1,2782,0.0038828409067607548,0.072301723850734065,0.068418882943973316,0,0.10000000000000001,0.10000000000000001,0.13313957143489324,0,0,1,1,0.00071890726096333576,1916,0.0058172114743162105,0.062379877268141162,0.056562665793824948,0.00031179290773934064,0.057371581054036017,0.057059788146296676,0.087301365390748009,0,0,0,0,0,0.98526240115025165,-0.0056661643616870956,0.0015652731001121274,0.026949147321927058,0,0.017345799757947995
59,8,1,0.1271947474472504,0.016178503778169814,-1,1,1,0,1,45,0,0.0012942803022535851,0.0012942803022535851,0,0.0012954031349465653,0.0012954031349465653,0.0018311908136382428,1,0,1,0,0.044444444444444446,0,nan,nan,nan,nan,nan,nan,0,0,0,0,0,nan,0,-8.3177322163550211e-12,4.8526112289910052e-09,0,0,1.5089537872778134e-05
59,8,1,0.1271947474472504,0.016178503778169814,-1,1,3,1,1,4006,0.0038828409067607548,0.072301723850734065,0.068418882943973316,0,0.10000000000000001,0.10000000000000001,0.2070254524835341,0,0,1,1,0.0004992511233150275,0,nan,nan,nan,nan,nan,nan,0,0,0,0,0,nan,0.20469296055916125,-0.0093567843893212991,-6.7006460032065252e-06,0.014136409808340635,0,0.037427137557285203
59,8,1,0.1271947474472504,0.016178503778169814,-1,1,3,1,2,9,0.062439280299575885,0.062491005568184599,5.1725268608714126e-05,0.058569341847365099,0.058728620734568998,0.00015927888720389943,0.00035893500370465036,0,0,0,0,0,0,nan,nan,nan,nan,nan,nan,0,0,0,0,0,nan,0.88888888888888884,-0.00022504556913374493,-0.00015835604925517816,0.0057734449450518094,0,0.00090033905340992546
59,8,1,0.1271947474472504,0.016178503778169814,-1,-1,3,1,1,4006,0.0038828409067607548,0.072301723850734065,0.068418882943973316,0,0.10000000000000001,0.10000000000000001,0.2070254524835341,0,0,1,1,0.0004992511233150275,0,nan,nan,nan,nan,nan,nan,0,0,0,0,0,nan,0.20469296055916125,-0.0093567843893212991,-6.7006460032065252e-06,0.0054323468626755224,0,0.037427137557285203
59,8,1,0.1271947474472504,0.016178503778169814,-1,-1,3,1,2,9,0.062439280299575885,0.062491005568184599,5.1725268608714126e-05,0.058569341847365099,0.058728620734568998,0.00015927888720389943,0.00035893500370465036,0,0,0,0,0,0,nan,nan,nan,nan,nan,nan,0,0,0,0,0,nan,0.88888888888888884,-0.00022504556913374493,-0.00015835604925517816,0.0045087660566562821,0,0.00090033905340992546
60,4,7,0.12722402046483863,0.016185951383237678,1,1,1,0,1,2728,0.0012948761106590142,0.062475972289952379,0.061181096179293362,0,0.10000000000000001,0.10000000000000001,0.1351352926379446,0,0,1,1,0.00073313782991202346,2152,0.0043762508338892597,0.062475972289952379,0.058099721456063118,0.00021521312474140136,0.080853902601734487,0.080638689476993083,0.11231749974846553,0,0,0,0,0,0.89956011730205276,-0.00016137437844676681,0.0015651052377752255,0.021117512236138569,0,0.0026880876014398407
60,4,7,0.12722402046483863,0.016185951383237678,1,1,3,1,1,2782,0.0038846283319770424,0.072302328652459946,0.068417700320482902,0,0.10000000000000001,0.10000000000000001,0.13313828721399007,0,0,1,1,0.00071890726096333576,1916,0.0058172114743162105,0.062379909212693804,0.05656269773837759,0.00031165848057286712,0.057371581054036024,0.057059922573463158,0.087301675881800656,0,0,0,0,0,0.98526240115025165,-0.0056664921659366286,0.0015651052377752255,0.03948174356124437,0,0.017346949187793035
60,4,7,0.12722402046483863,0.016185951383237678,1,-1,1,0,1,9,0.0059669430847565956,0.0061014971950589629,0.00013455411030236734,0.00032985502879677008,0.00034866250238207595,1.8807473585305871e-05,0.00027615849948752988,0,0,0,0,0,8,0.0059669430847565956,0.0061014971950589629,0.00013455411030236734,0.00033143767904351637,0.00034866250238207595,1.7224823338559585e-05,0.00027577842376772031,0,0,0,0,0,0.88888888888888884,-7.7455823783220074e-08,1.7863575339198163e-06,0.00087502370280028677,0,3.8310428939572239e-07
60,4,7,0.12722402046483863,0.016185951383237678,1,-1,1,0,2,3719,0.0064428696582726121,0.062179392516238607,0.055736522857965994,0.00038667682785631163,0.054638562634661693,0.054251885806805379,0.17129494702580225,0,0,0,0,0,2018,0.0064428696582726121,0.062178881702939427,0.055736012044666813,0.00038879041327245578,0.054638562634661693,0.054249772221389235,0.16530080379282941,0,0,0,0,0,0.5426189835977413,-0.00014931780648055001,0.0015651052377752255,0.014494292135324546,0,0.00070133333830050854
60,4,7,0.12722402046483863,0.016185951383237678,1,-1,1,0,3,19,0.062179636534729112,0.062231590000202099,5.1953465472986959e-05,0.054680573743541946,0.055197939964219275,0.00051736622067732885,0.0010683380636742554,0,0,0,0,0,19,0.062179636534729112,0.062231590000202099,5.1953465472986959e-05,0.054680573743541946,0.055197939964219275,0.00051736622067732885,0.0010683380636742554,0,0,0,0,0,1,2.6728666521697192e-06,0.00027284391980809394,0.012081917364260685,0.001168726100496509,-5.4636827919271053e-06
60,4,7,0.12722402046483863,0.016185951383237678,1,-1,1,0,4,13,0.062250095712341844,0.062283798748085699,3.3703035743855303e-05,0.055491486268494143,0.055824039038161563,0.00033255276966741992,0.00068838581767298197,0,0,0,0,0,13,0.062250095712341844,0.062283798748085699,3.3703035743855303e-05,0.055491486268494143,0.055824039038161563,0.00033255276966741992,0.00068838581767298197,0,0,0,0,0,1,3.8871264173256164e-06,0.00020609932545142352,0.0097860559742350521,0.0018157422877710225,-1.3187680222399787e-05
60,4,7,0.12722402046483863,0.016185951383237678,1,-1,3,1,1,2782,0.0038846283319770424,0.072302328652459946,0.068417700320482902,0,0.10000000000000001,0.10000000000000001,0.13313828721399007,0,0,1,1,0.00071890726096333576,1916,0.0058172114743162105,0.062379909212693804,0.05656269773837759,0.00031165848057286712,0.057371581054036024,0.057059922573463158,0.087301675881800656,0,0,0,0,0,0.98526240115025165,-0.0056664921659366286,0.0015651052377752255,0.026947558575681835,0,0.017346949187793035
60,4,7,0.12722402046483863,0.016185951383237678,-1,1,1,0,1,45,0,0.0012948761106590142,0.0012948761106590142,0,0.0012959999846771249,0.0012959999846771249,0.0018320341677252787,1,0,1,0,0.044444444444444446,0,nan,nan,nan,nan,nan,nan,0,0,0,0,0,nan,0,-7.9475984221354231e-12,4.7203357573561955e-09,0,0,1.5103439826357849e-05
60,4,7,0.12722402046483863,0.016185951383237678,-1,1,3,1,1,4006,0.0038846283319770424,0.072302328652459946,0.068417700320482902,0,0.10000000000000001,0.10000000000000001,0.20702276353087173,0,0,1,1,0.0004992511233150275,0,nan,nan,nan,nan,nan,nan,0,0,0,0,0,nan,0.20469296055916125,-0.0093564666855700269,-6.7068165678216605e-06,0.014136610674224738,0,0.037425866742280114
60,4,7,0.12722402046483863,0.016185951383237678,-1,1,3,1,2,9,0.062439251367013553,0.062491614154256581,5.2362787243027953e-05,0.058567662403314243,0.058728901954506779,0.00016123955119253658,0.00036335413288612678,0,0,0,0,0,0,nan,nan,nan,nan,nan,nan,0,0,0,0,0,nan,0.88888888888888884,-0.00022584209079737116,-0.00015842526075462692,0.0058144529189108323,0,0.0009035284073980888
60,4,7,0.12722402046483863,0.016185951383237678,-1,-1,3,1,1,4006,0.0038846283319770424,0.072302328652459946,0.068417700320482902,0,0.10000000000000001,0.10000000000000001,0.20702276353087173,0,0,1,1,0.0004992511233150275,0,nan,nan,nan,nan,nan,nan,0,0,0,0,0,nan,0.20469296055916125,-0.0093564666855700269,-6.7068165678216605e-06,0.0054322991987771413,0,0.037425866742280114
60,4,7,0.12722402046483863,0.016185951383237678,-1,-1,3,1,2,9,0.062439251367013553,0.062491614154256581,5.2362787243027953e-05,0.058567662403314243,0.058728901954506779,0.00016123955119253658,0.00036335413288612678,0,0,0,0,0,0,nan,nan,nan,nan,nan,nan,0,0,0,0,0,nan,0.88888888888888884,-0.00022584209079737116,-0.00015842526075462692,0.0045384067121223039,0,0.0009035284073980888
61,7,4,0.12722402046483863,0.016185951383237678,1,1,1,0,1,2728,0.0012948761106590142,0.062475972289952379,0.061181096179293362,0,0.10000000000000001,0.10000000000000001,0.1351352926379446,0,0,1,1,0.00073313782991202346,2152,0.0043762508338892597,0.062475972289952379,0.058099721456063118,0.00021521312474140136,0.080853902601734487,0.080638689476993083,0.11231749974846553,0,0,0,0,0,0.89956011730205276,-0.00016137437844676681,0.0015651052377752255,0.021117512236138569,0,0.0026880876014398407
61,7,4,0.12722402046483863,0.016185951383237678,1,1,3,1,1,2782,0.0038846283319770424,0.072302328652459946,0.068417700320482902,0,0.10000000000000001,0.10000000000000001,0.13313828721399007,0,0,1,1,0.00071890726096333576,1916,0.0058172114743162105,0.062379909212693804,0.05656269773837759,0.00031165848057286712,0.057371581054036024,0.057059922573463158,0.087301675881800656,0,0,0,0,0,0.98526240115025165,-0.0056664921659366286,0.0015651052377752255,0.03948174356124437,0,0.017346949187793035
61,7,4,0.12722402046483863,0.016185951383237678,1,-1,1,0,1,9,0.0059669430847565956,0.0061014971950589629,0.00013455411030236734,0.00032985502879677008,0.00034866250238207595,1.8807473585305871e-05,0.00027615849948752988,0,0,0,0,0,8,0.0059669430847565956,0.0061014971950589629,0.00013455411030236734,0.00033143767904351637,0.00034866250238207595,1.7224823338559585e-05,0.00027577842376772031,0,0,0,0,0,0.88888888888888884,-7.7455823783220074e-08,1.7863575339198163e-06,0.00087502370280028677,0,3.8310428939572239e-07
61,7,4,0.12722402046483863,0.016185951383237678,1,-1,1,0,2,3719,0.0064428696582726121,0.062179392516238607,0.055736522857965994,0.00038667682785631163,0.054638562634661693,0.054251885806805379,0.17129494702580225,0,0,0,0,0,2018,0.0064428696582726121,0.062178881702939427,0.055736012044666813,0.00038879041327245578,0.054638562634661693,0.054249772221389235,0.16530080379282941,0,0,0,0,0,0.5426189835977413,-0.00014931780648055001,0.0015651052377752255,0.014494292135324546,0,0.00070133333830050854
61,7,4,0.12722402046483863,0.016185951383237678,1,-1,1,0,3,19,0.062179636534729112,0.062231590000202099,5.1953465472986959e-05,0.054680573743541946,0.055197939964219275,0.00051736622067732885,0.0010683380636742554,0,0,0,0,0,19,0.062179636534729112,0.062231590000202099,5.1953465472986959e-05,0.054680573743541946,0.055197939964219275,0.00051736622067732885,0.0010683380636742554,0,0,0,0,0,1,2.6728666521697192e-06,0.00027284391980809394,0.012081917364260685,0.001168726100496509,-5.4636827919271053e-06
61,7,4,0.12722402046483863,0.016185951383237678,1,-1,1,0,4,13,0.062250095712341844,0.062283798748085699,3.3703035743855303e-05,0.055491486268494143,0.055824039038161563,0.00033255276966741992,0.00068838581767298197,0,0,0,0,0,13,0.062250095712341844,0.062283798748085699,3.3703035743855303e-05,0.055491486268494143,0.055824039038161563,0.00033255276966741992,0.00068838581767298197,0,0,0,0,0,1,3.8871264173256164e-06,0.00020609932545142352,0.0097860559742350521,0.0018157422877710225,-1.3187680222399787e-05
61,7,4,0.12722402046483863,0.016185951383237678,1,-1,3,1,1,2782,0.0038846283319770424,0.072302328652459946,0.068417700320482902,0,0.10000000000000001,0.10000000000000001,0.13313828721399007,0,0,1,1,0.00071890726096333576,1916,0.0058172114743162105,0.062379909212693804,0.05656269773837759,0.00031165848057286712,0.057371581054036024,0.057059922573463158,0.087301675881800656,0,0,0,0,0,0.98526240115025165,-0.0056664921659366286,0.0015651052377752255,0.026947558575681835,0,0.017346949187793035
61,7,4,0.12722402046483863,0.016185951383237678,-1,1,1,0,1,45,0,0.0012948761106590142,0.0012948761106590142,0,0.0012959999846771249,0.0012959999846771249,0.0018320341677252787,1,0,1,0,0.044444444444444446,0,nan,nan,nan,nan,nan,nan,0,0,0,0,0,nan,0,-7.9475984221354231e-12,4.7203357573561955e-09,0,0,1.5103439826357849e-05
61,7,4,0.12722402046483863,0.016185951383237678,-1,1,3,1,1,4006,0.0038846283319770424,0.072302328652459946,0.068417700320482902,0,0.10000000000000001,0.10000000000000001,0.20702276353087173,0,0,1,1,0.0004992511233150275,0,nan,nan,nan,nan,nan,nan,0,0,0,0,0,nan,0.20469296055916125,-0.0093564666855700269,-6.7068165678216605e-06,0.014136610674224738,0,0.037425866742280114
61,7,4,0.12722402046483863,0.016185951383237678,-1,1,3,1,2,9,0.062439251367013553,0.062491614154256581,5.2362787243027953e-05,0.058567662403314243,0.058728901954506779,0.00016123955119253658,0.00036335413288612678,0,0,0,0,0,0,nan,nan,nan,nan,nan,nan,0,0,0,0,0,nan,0.88888888888888884,-0.00022584209079737116,-0.00015842526075462692,0.0058144529189108323,0,0.0009035284073980888
61,7,4,0.12722402046483863,0.016185951383237678,-1,-1,3,1,1,4006,0.0038846283319770424,0.072302328652459946,0.068417700320482902,0,0.10000000000000001,0.10000000000000001,0.20702276353087173,0,0,1,1,0.0004992511233150275,0,nan,nan,nan,nan,nan,nan,0,0,0,0,0,nan,0.20469296055916125,-0.0093564666855700269,-6.7068165678216605e-06,0.0054322991987771413,0,0.037425866742280114
61,7,4,0.12722402046483863,0.016185951383237678,-1,-1,3,1,2,9,0.062439251367013553,0.062491614154256581,5.2362787243027953e-05,0.058567662403314243,0.058728901954506779,0.00016123955119253658,0.00036335413288612678,0,0,0,0,0,0,nan,nan,nan,nan,nan,nan,0,0,0,0,0,nan,0.88888888888888884,-0.00022584209079737116,-0.00015842526075462692,0.0045384067121223039,0,0.0009035284073980888
62,2,8,0.13010036341662098,0.016926104561136853,1,1,1,0,1,2727,0.0013540883648909482,0.062473027348909221,0.061118938984018274,0,0.10000000000000001,0.10000000000000001,0.13508804224984183,0,0,1,1,0.0007334066740007334,2151,0.0043762508338892597,0.062473027348909221,0.05809677651501996,0.0002155916486517813,0.080853902601734487,0.080638310953082701,0.11234918031006873,0,0,0,0,0,0.8958562522918958,-0.00016834830953663075,0.0015484514846017961,0.020910423954007142,0,0.0027300648040638285
62,2,8,0.13010036341662098,0.016926104561136853,1,1,3,1,1,2779,0.0040622650946728449,0.072362463916371633,0.068300198821698785,0,0.10000000000000001,0.10000000000000001,0.13300927518449016,0,0,1,1,0.00071968333933069444,1905,0.006060749209051473,0.062372881071562053,0.056312131862510578,0.000333555703802535,0.057304869913275519,0.056971314209472983,0.087018940276737095,0,0,0,0,0,0.98344728319539398,-0.0056990842115154363,0.0015484514846017961,0.039432703828452542,0,0.01746125336621893
62,2,8,0.13010036341662098,0.016926104561136853,1,-1,1,0,1,17,0.0065314129274105506,0.00690225594961339,0.00037084302220283943,0.00039093032961405702,0.00044320078086385051,5.2270451249793485e-05,0.00077265306910184967,0,0,0,0,0,14,0.0065314129274105506,0.0068845897264843223,0.00035317679907377175,0.00039217413500282057,0.00044320078086385051,5.1026645861029936e-05,0.00072024068372917834,0,0,0,0,0,0.82352941176470584,-4.5416361847804018e-07,5.1078474558379455e-06,0.0013560711084253095,0,2.3721118043408327e-06
62,2,8,0.13010036341662098,0.016926104561136853,1,-1,1,0,2,3695,0.0069828677148601765,0.062179052656303635,0.05519618494144346,0.00044890986470919861,0.054583785053372788,0.054134875188663591,0.17008948257937012,0,0,0,0,0,2000,0.0069828677148601765,0.062178535209341343,0.055195667494481168,0.00045117204398507032,0.054583785053372788,0.054132613009387716,0.1642131451054096,0,0,0,0,0,0.54127198917456021,-0.00010801853589319806,0.0015484514846017961,0.014456564713492681,0,0.00063284617149195253
62,2,8,0.13010036341662098,0.016926104561136853,1,-1,1,0,3,17,0.062183870189167025,0.062231261653039327,4.7391463872302475e-05,0.054687368631131099,0.05514557111853774,0.00045820248740664066,0.00095018002644949658,0,0,0,0,0,16,0.062183870189167025,0.062230744238943578,4.6874049776553239e-05,0.054687368631131099,0.05514557111853774,0.00045820248740664066,0.00094991503286158039,0,0,0,0,0,0.94117647058823528,-1.2906903566687773e-06,0.00025024295214651801,0.011192990141053745,0,9.5016890087484518e-06
62,2,8,0.13010036341662098,0.016926104561136853,1,-1,1,0,4,13,0.062254191973249967,0.062283484242225955,2.9292268975987523e-05,0.055494928146365238,0.055775267542630583,0.00028033939626534443,0.00058222820184769455,0,0,0,0,0,12,0.062254191973249967,0.062282962768703591,2.8770795453623987e-05,0.055494928146365238,0.055775267542630583,0.00028033939626534443,0.00058202217826697623,0,0,0,0,0,0.92307692307692313,-1.2903119241891711e-07,0.00018068161718074629,0.0089545418429927953,0,2.2947700996852248e-06
62,2,8,0.13010036341662098,0.016926104561136853,1,-1,3,1,1,2779,0.0040622650946728449,0.072362463916371633,0.068300198821698785,0,0.10000000000000001,0.10000000000000001,0.13300927518449016,0,0,1,1,0.00071968333933069444,1905,0.006060749209051473,0.062372881071562053,0.056312131862510578,0.000333555703802535,0.057304869913275519,0.056971314209472983,0.087018940276737095,0,0,0,0,0,0.98344728319539398,-0.0056990842115154363,0.0015484514846017961,0.02681607961042563,0,0.01746125336621893
62,2,8,0.13010036341662098,0.016926104561136853,-1,1,1,0,1,47,0,0.0013540883648909482,0.0013540883648909482,0,0.0013553174051176477,0.0013553174051176477,0.0019158490414431736,1,0,1,0,0.042553191489361701,0,nan,nan,nan,nan,nan,nan,0,0,0,0,0,nan,0,-1.4089980987999634e-11,4.3911628585066783e-09,0,0,1.651698068779657e-05
62,2,8,0.13010036341662098,0.016926104561136853,-1,1,3,1,1,4009,0.0040622650946728449,0.072362463916371633,0.068300198821698785,0,0.10000000000000001,0.10000000000000001,0.20706182514303736,0,0,1,1,0.00049887752556747322,0,nan,nan,nan,nan,nan,nan,0,0,0,0,0,nan,0.20678473434771763,-0.0093249191618770075,-7.3342211997321689e-06,0.014193987746797504,0,0.03729967664750803
62,2,8,0.13010036341662098,0.016926104561136853,-1,-1,3,1,1,4009,0.0040622650946728449,0.072362463916371633,0.068300198821698785,0,0.10000000000000001,0.10000000000000001,0.20706182514303736,0,0,1,1,0.00049887752556747322,0,nan,nan,nan,nan,nan,nan,0,0,0,0,0,nan,0.20678473434771763,-0.0093249191618770075,-7.3342211997321689e-06,0.0054479144110089923,0,0.03729967664750803
63,8,2,0.13010036341662098,0.016926104561136853,1,1,1,0,1,2727,0.0013540883648909482,0.062473027348909221,0.061118938984018274,0,0.10000000000000001,0.10000000000000001,0.13508804224984183,0,0,1,1,0.0007334066740007334,2151,0.0043762508338892597,0.062473027348909221,0.05809677651501996,0.0002155916486517813,0.080853902601734487,0.080638310953082701,0.11234918031006873,0,0,0,0,0,0.8958562522918958,-0.00016834830953663075,0.0015484514846017961,0.020910423954007142,0,0.0027300648040638285
63,8,2,0.13010036341662098,0.016926104561136853,1,1,3,1,1,2779,0.0040622650946728449,0.072362463916371633,0.068300198821698785,0,0.10000000000000001,0.10000000000000001,0.13300927518449016,0,0,1,1,0.00071968333933069444,1905,0.006060749209051473,0.062372881071562053,0.056312131862510578,0.000333555703802535,0.057304869913275519,0.056971314209472983,0.087018940276737095,0,0,0,0,0,0.98344728319539398,-0.0056990842115154363,0.0015484514846017961,0.039432703828452542,0,0.01746125336621893
63,8,2,0.13010036341662098,0.016926104561136853,1,-1,1,0,1,17,0.0065314129274105506,0.00690225594961339,0.00037084302220283943,0.00039093032961405702,0.00044320078086385051,5.2270451249793485e-05,0.00077265306910184967,0,0,0,0,0,14,0.0065314129274105506,0.0068845897264843223,0.00035317679907377175,0.00039217413500282057,0.00044320078086385051,5.1026645861029936e-05,0.00072024068372917834,0,0,0,0,0,0.82352941176470584,-4.5416361847804018e-07,5.1078474558379455e-06,0.0013560711084253095,0,2.3721118043408327e-06
63,8,2,0.13010036341662098,0.016926104561136853,1,-1,1,0,2,3695,0.0069828677148601765,0.062179052656303635,0.05519618494144346,0.00044890986470919861,0.054583785053372788,0.054134875188663591,0.17008948257937012,0,0,0,0,0,2000,0.0069828677148601765,0.062178535209341343,0.055195667494481168,0.00045117204398507032,0.054583785053372788,0.054132613009387716,0.1642131451054096,0,0,0,0,0,0.54127198917456021,-0.00010801853589319806,0.0015484514846017961,0.014456564713492681,0,0.00063284617149195253
63,8,2,0.13010036341662098,0.016926104561136853,1,-1,1,0,3,17,0.062183870189167025,0.062231261653039327,4.7391463872302475e-05,0.054687368631131099,0.05514557111853774,0.00045820248740664066,0.00095018002644949658,0,0,0,0,0,16,0.062183870189167025,0.062230744238943578,4.6874049776553239e-05,0.054687368631131099,0.05514557111853774,0.00045820248740664066,0.00094991503286158039,0,0,0,0,0,0.94117647058823528,-1.2906903566687773e-06,0.00025024295214651801,0.011192990141053745,0,9.5016890087484518e-06
63,8,2,0.13010036341662098,0.016926104561136853,1,-1,1,0,4,13,0.062254191973249967,0.062283484242225955,2.9292268975987523e-05,0.055494928146365238,0.055775267542630583,0.00028033939626534443,0.00058222820184769455,0,0,0,0,0,12,0.062254191973249967,0.062282962768703591,2.8770795453623987e-05,0.055494928146365238,0.055775267542630583,0.00028033939626534443,0.00058202217826697623,0,0,0,0,0,0.92307692307692313,-1.2903119241891711e-07,0.00018068161718074629,0.0089545418429927953,0,2.2947700996852248e-06
63,8,2,0.13010036341662098,0.016926104561136853,1,-1,3,1,1,2779,0.0040622650946728449,0.072362463916371633,0.068300198821698785,0,0.10000000000000001,0.10000000000000001,0.13300927518449016,0,0,1,1,0.00071968333933069444,1905,0.006060749209051473,0.062372881071562053,0.056312131862510578,0.000333555703802535,0.057304869913275519,0.056971314209472983,0.087018940276737095,0,0,0,0,0,0.98344728319539398,-0.0056990842115154363,0.0015484514846017961,0.02681607961042563,0,0.01746125336621893
63,8,2,0.13010036341662098,0.016926104561136853,-1,1,1,0,1,47,0,0.0013540883648909482,0.0013540883648909482,0,0.0013553174051176477,0.0013553174051176477,0.0019158490414431736,1,0,1,0,0.042553191489361701,0,nan,nan,nan,nan,nan,nan,0,0,0,0,0,nan,0,-1.4089980987999634e-11,4.3911628585066783e-09,0,0,1.651698068779657e-05
63,8,2,0.13010036341662098,0.016926104561136853,-1,1,3,1,1,4009,0.0040622650946728449,0.072362463916371633,0.068300198821698785,0,0.10000000000000001,0.10000000000000001,0.20706182514303736,0,0,1,1,0.00049887752556747322,0,nan,nan,nan,nan,nan,nan,0,0,0,0,0,nan,0.20678473434771763,-0.0093249191618770075,-7.3342211997321689e-06,0.014193987746797504,0,0.03729967664750803
63,8,2,0.13010036341662098,0.016926104561136853,-1,-1,3,1,1,4009,0.0040622650946728449,0.072362463916371633,0.068300198821698785,0,0.10000000000000001,0.10000000000000001,0.20706182514303736,0,0,1,1,0.00049887752556747322,0,nan,nan,nan,nan,nan,nan,0,0,0,0,0,nan,0.20678473434771763,-0.0093249191618770075,-7.3342211997321689e-06,0.0054479144110089923,0,0.03729967664750803
64,6,6,0.13390619700214149,0.017930869595576323,1,1,1,0,1,2726,0.0014344695676461057,0.062470385310971176,0.061035915743325071,0,0.10000000000000001,0.10000000000000001,0.13504080639778651,0,0,1,1,0.00073367571533382249,2136,0.0043762508338892597,0.062470385310971176,0.058094134477081914,0.00021538096986184428,0.078519012675116739,0.078303631705254895,0.11004049699105227,0,0,0,0,0,0.88774761555392512,-0.00017749056466519555,0.0015258777272547299,0.020603344089669948,0,0.0027870560589843183
64,6,6,0.13390619700214149,0.017930869595576323,1,1,3,1,1,2777,0.0043034087029383177,0.072444169044391341,0.068140760341453027,0,0.10000000000000001,0.10000000000000001,0.13282982748930072,0,0,1,1,0.00072020165646380992,1890,0.006457638425617078,0.062376506146270876,0.055918867720653798,0.00037024811482788819,0.057304869913275519,0.056934621798447632,0.086659859247173426,0,0,0,0,0,0.97983435361901328,-0.0057433657746193013,0.0015258777272547299,0.03936540604063013,0,0.017616624711838811
64,6,6,0.13390619700214149,0.017930869595576323,1,-1,1,0,1,11,0.0066542026482752908,0.0068424350991652619,0.00018823245088997118,0.00039626303375410265,0.00042099144152323709,2.4728407769134442e-05,0.00039088316931449105,0,0,0,0,0,9,0.0066542026482752908,0.006831220813875917,0.00017701816560062623,0.00039642182167009784,0.00042099144152323709,2.456961985313925e-05,0.00036079521404074868,0,0,0,0,0,0.81818181818181823,-3.7766187865268949e-07,2.3122610925191327e-06,0.0009478446004546684,0,1.6609454215099138e-06
64,6,6,0.13390619700214149,0.017930869595576323,1,-1,1,0,2,3687,0.0070999702779482969,0.062178600945433489,0.055078630667485196,0.00045408396343676253,0.054511389341788126,0.054057305378351364,0.16975012761931391,0,0,0,0,0,2000,0.0070999702779482969,0.062178075353953699,0.055078105076005399,0.0004561436352498814,0.054511389341788126,0.054055245706538246,0.16396884874087303,0,0,0,0,0,0.54244643341470034,-8.9260548643479507e-05,0.0015258777272547299,0.014322377562715427,0,0.00061475143995375178
64,6,6,0.13390619700214149,0.017930869595576323,1,-1,1,0,3,15,0.06218961741565221,0.062230825242588869,4.1207826936659475e-05,0.054692180990901978,0.055077055496144937,0.00038487450524295891,0.00080117371231101472,0,0,0,0,0,14,0.06218961741565221,0.062230301840479632,4.0684424827422405e-05,0.054692180990901978,0.055077055496144937,0.00038487450524295891,0.00080087996630632142,0,0,0,0,0,0.93333333333333335,-6.8102722690510684e-06,0.00021863973368353766,0.010026129778461014,0,3.0510936838209257e-05
64,6,6,0.13390619700214149,0.017930869595576323,1,-1,1,0,4,11,0.062259752686701357,0.062283066102337928,2.33134156365708e-05,0.055497861070485176,0.055712478290090725,0.0002146172196055493,0.00044729589305392953,0,0,0,0,0,10,0.062259752686701357,0.062282540783774862,2.2788097073504765e-05,0.055497861070485176,0.055712478290090725,0.0002146172196055493,0.00044709899071786034,0,0,0,0,0,0.90909090909090906,-5.7146416709116591e-06,0.0001445818379390164,0.0074159827380752327,0,2.3981447535980801e-05
64,6,6,0.13390619700214149,0.017930869595576323,1,-1,3,1,1,2777,0.0043034087029383177,0.072444169044391341,0.068140760341453027,0,0.10000000000000001,0.10000000000000001,0.13282982748930072,0,0,1,1,0.00072020165646380992,1890,0.006457638425617078,0.062376506146270876,0.055918867720653798,0.00037024811482788819,0.057304869913275519,0.056934621798447632,0.086659859247173426,0,0,0,0,0,0.97983435361901328,-0.0057433657746193013,0.0015258777272547299,0.026630437657638804,0,0.017616624711838811
64,6,6,0.13390619700214149,0.017930869595576323,-1,1,1,0,1,49,0,0.0014344695676461057,0.0014344695676461057,0,0.0014358492688140959,0.0014358492688140959,0.002029634563336301,1,0,1,0,0.040816326530612242,0,nan,nan,nan,nan,nan,nan,0,0,0,0,0,nan,0,-2.951253358111027e-11,1.7658834468528036e-09,0,0,1.8537144782447342e-05
64,6,6,0.13390619700214149,0.017930869595576323,-1,1,3,1,1,3999,0.0043034087029383177,0.072444169044391341,0.068140760341453027,0,0.10000000000000001,0.10000000000000001,0.2066489699612957,0,0,1,1,0.00050012503125781451,0,nan,nan,nan,nan,nan,nan,0,0,0,0,0,nan,0.20805201300325082,-0.0092820941558035483,-8.230811762011225e-06,0.014322266211657022,0,0.037128376623214214
64,6,6,0.13390619700214149,0.017930869595576323,-1,-1,3,1,1,3999,0.0043034087029383177,0.072444169044391341,0.068140760341453027,0,0.10000000000000001,0.10000000000000001,0.2066489699612957,0,0,1,1,0.00050012503125781451,0,nan,nan,nan,nan,nan,nan,0,0,0,0,0,nan,0.20805201300325082,-0.0092820941558035483,-8.230811762011225e-06,0.0054803033087140254,0,0.037128376623214214
65,3,8,0.13480318558771962,0.018171898844597179,1,1,1,0,1,2725,0.0014537519075677743,0.062469895444728279,0.061016143537160505,0,0.10000000000000001,0.10000000000000001,0.13502787099289326,0,0,1,1,0.00073394495412844036,2134,0.004429619746497665,0.062469895444728279,0.058040275698230614,0.00022046184233365362,0.078519012675116739,0.078298550832783087,0.11000011573689017,0,0,0,0,0,0.88697247706422022,-0.0001797697754112693,0.0015204696453781515,0.020535747010628335,0,0.0028007286646656074
65,3,8,0.13480318558771962,0.018171898844597179,1,1,3,1,1,2776,0.004361255722703323,0.072463778541919835,0.068102522819216513,0,0.10000000000000001,0.10000000000000001,0.13278698864637262,0,0,1,1,0.00072046109510086451,1888,0.0065643762508338886,0.062377375751606214,0.055812999500772328,0.00038160714521056607,0.057304869913275512,0.056923262768064947,0.08656200293976421,0,0,0,0,0,0.97946685878962536,-0.0057539937756598348,0.0015204696453781515,0.039339014324201331,0,0.017653927625683383
65,3,8,0.13480318558771962,0.018171898844597179,1,-1,1,0,1,3685,0.0071285233802041532,0.062178494204475042,0.055049970824270891,0.00045509958949033398,0.054494433928028087,0.054039334338537755,0.16966274719079039,0,0,0,0,0,2001,0.0071285233802041532,0.062177966799664149,0.055049443419459998,0.00045725777587697685,0.054494433928028087,0.05403717615215111,0.163879894520678,0,0,0,0,0,0.5430122116689281,-8.4550135894047217e-05,0.0015204696453781515,0.014284643317667508,0,0.00061070524285169894
65,3,8,0.13480318558771962,0.018171898844597179,1,-1,1,0,2,15,0.062190996095877138,0.062230722116757634,3.9726020880495594e-05,0.05469300654324738,0.055061045701954164,0.00036803915870678439,0.00076672031993049901,0,0,0,0,0,14,0.062190996095877138,0.062230197395656127,3.9201299778988952e-05,0.05469300654324738,0.055061045701954164,0.00036803915870678439,0.00076642451033815859,0,0,0,0,0,0.93333333333333335,-8.1566041613571304e-06,0.00021088314286993843,0.0098051014852954706,0,3.5663054845867852e-05
65,3,8,0.13480318558771962,0.018171898844597179,1,-1,1,0,3,9,0.062261086625026496,0.062282967272753065,2.1880647726568725e-05,0.055498406309891821,0.055697897592124006,0.0001994912822321851,0.0004160936706070267,0,0,0,0,0,8,0.062261086625026496,0.062282441123855219,2.135449882872259e-05,0.055498406309891821,0.055697897592124006,0.0001994912822321851,0.00041590237183958164,0,0,0,0,0,0.88888888888888884,-7.0759722160823101e-06,0.0001356039942278286,0.0065623740679649533,0,2.9292227815489391e-05
65,3,8,0.13480318558771962,0.018171898844597179,1,-1,3,1,1,2776,0.004361255722703323,0.072463778541919835,0.068102522819216513,0,0.10000000000000001,0.10000000000000001,0.13278698864637262,0,0,1,1,0.00072046109510086451,1888,0.0065643762508338886,0.062377375751606214,0.055812999500772328,0.00038160714521056607,0.057304869913275512,0.056923262768064947,0.08656200293976421,0,0,0,0,0,0.97946685878962536,-0.0057539937756598348,0.0015204696453781515,0.026586015150882384,0,0.017653927625683383
65,3,8,0.13480318558771962,0.018171898844597179,-1,1,1,0,1,50,0,0.0014537519075677743,0.0014537519075677743,0,0.0014551685940013943,0.0014551685940013943,0.0020569308003128904,1,0,1,0,0.040000000000000001,0,nan,nan,nan,nan,nan,nan,0,0,0,0,0,nan,0,-1.4915448247294428e-11,8.1676493719203564e-09,0,0,1.9039091441437547e-05
65,3,8,0.13480318558771962,0.018171898844597179,-1,1,3,1,1,3998,0.004361255722703323,0.072463778541919835,0.068102522819216513,0,0.10000000000000001,0.10000000000000001,0.20655129811379763,0,0,1,1,0.00050025012506253123,0,nan,nan,nan,nan,nan,nan,0,0,0,0,0,nan,0.20860430215107553,-0.0092718195601033549,-8.4535784350277696e-06,0.014337237564503334,0,0.037087278240413434
65,3,8,0.13480318558771962,0.018171898844597179,-1,-1,3,1,1,3998,0.004361255722703323,0.072463778541919835,0.068102522819216513,0,0.10000000000000001,0.10000000000000001,0.20655129811379763,0,0,1,1,0.00050025012506253123,0,nan,nan,nan,nan,nan,nan,0,0,0,0,0,nan,0.20860430215107553,-0.0092718195601033549,-8.4535784350277696e-06,0.0054836778808237457,0,0.037087278240413434
66,8,3,0.13480318558771962,0.018171898844597179,1,1,1,0,1,2725,0.0014537519075677743,0.062469895444728279,0.061016143537160505,0,0.10000000000000001,0.10000000000000001,0.13502787099289326,0,0,1,1,0.00073394495412844036,2134,0.004429619746497665,0.062469895444728279,0.058040275698230614,0.00022046184233365362,0.078519012675116739,0.078298550832783087,0.11000011573689017,0,0,0,0,0,0.88697247706422022,-0.0001797697754112693,0.0015204696453781515,0.020535747010628335,0,0.0028007286646656074
66,8,3,0.13480318558771962,0.018171898844597179,1,1,3,1,1,2776,0.004361255722703323,0.072463778541919835,0.068102522819216513,0,0.10000000000000001,0.10000000000000001,0.13278698864637262,0,0,1,1,0.00072046109510086451,1888,0.0065643762508338886,0.062377375751606214,0.055812999500772328,0.00038160714521056607,0.057304869913275512,0.056923262768064947,0.08656200293976421,0,0,0,0,0,0.97946685878962536,-0.0057539937756598348,0.0015204696453781515,0.039339014324201331,0,0.017653927625683383
66,8,3,0.13480318558771962,0.018171898844597179,1,-1,1,0,1,3685,0.0071285233802041532,0.062178494204475042,0.055049970824270891,0.00045509958949033398,0.054494433928028087,0.054039334338537755,0.16966274719079039,0,0,0,0,0,2001,0.0071285233802041532,0.062177966799664149,0.055049443419459998,0.00045725777587697685,0.054494433928028087,0.05403717615215111,0.163879894520678,0,0,0,0,0,0.5430122116689281,-8.4550135894047217e-05,0.0015204696453781515,0.014284643317667508,0,0.00061070524285169894
66,8,3,0.13480318558771962,0.018171898844597179,1,-1,1,0,2,15,0.062190996095877138,0.062230722116757634,3.9726020880495594e-05,0.05469300654324738,0.055061045701954164,0.00036803915870678439,0.00076672031993049901,0,0,0,0,0,14,0.062190996095877138,0.062230197395656127,3.9201299778988952e-05,0.05469300654324738,0.055061045701954164,0.00036803915870678439,0.00076642451033815859,0,0,0,0,0,0.93333333333333335,-8.1566041613571304e-06,0.00021088314286993843,0.0098051014852954706,0,3.5663054845867852e-05
66,8,3,0.13480318558771962,0.018171898844597179,1,-1,1,0,3,9,0.062261086625026496,0.062282967272753065,2.1880647726568725e-05,0.055498406309891821,0.055697897592124006,0.0001994912822321851,0.0004160936706070267,0,0,0,0,0,8,0.062261086625026496,0.062282441123855219,2.135449882872259e-05,0.055498406309891821,0.055697897592124006,0.0001994912822321851,0.00041590237183958164,0,0,0,0,0,0.88888888888888884,-7.0759722160823101e-06,0.0001356039942278286,0.0065623740679649533,0,2.9292227815489391e-05
66,8,3,0.13480318558771962,0.018171898844597179,1,-1,3,1,1,2776,0.004361255722703323,0.072463778541919835,0.068102522819216513,0,0.10000000000000001,0.10000000000000001,0.13278698864637262,0,0,1,1,0.00072046109510086451,1888,0.0065643762508338886,0.062377375751606214,0.055812999500772328,0.00038160714521056607,0.057304869913275512,0.056923262768064947,0.08656200293976421,0,0,0,0,0,0.97946685878962536,-0.0057539937756598348,0.0015204696453781515,0.026586015150882384,0,0.017653927625683383
66,8,3,0.13480318558771962,0.018171898844597179,-1,1,1,0,1,50,0,0.0014537519075677743,0.0014537519075677743,0,0.0014551685940013943,0.0014551685940013943,0.0020569308003128904,1,0,1,0,0.040000000000000001,0,nan,nan,nan,nan,nan,nan,0,0,0,0,0,nan,0,-1.4915448247294428e-11,8.1676493719203564e-09,0,0,1.9039091441437547e-05
66,8,3,0.13480318558771962,0.018171898844597179,-1,1,3,1,1,3998,0.004361255722703323,0.072463778541919835,0.068102522819216513,0,0.10000000000000001,0.10000000000000001,0.20655129811379763,0,0,1,1,0.00050025012506253123,0,nan,nan,nan,nan,nan,nan,0,0,0,0,0,nan,0.20860430215107553,-0.0092718195601033549,-8.4535784350277696e-06,0.014337237564503334,0,0.037087278240413434
66,8,3,0.13480318558771962,0.018171898844597179,-1,-1,3,1,1,3998,0.004361255722703323,0.072463778541919835,0.068102522819216513,0,0.10000000000000001,0.10000000000000001,0.20655129811379763,0,0,1,1,0.00050025012506253123,0,nan,nan,nan,nan,nan,nan,0,0,0,0,0,nan,0.20860430215107553,-0.0092718195601033549,-8.4535784350277696e-06,0.0054836778808237457,0,0.037087278240413434
67,5,7,0.13574637067206638,0.018427077150638044,1,1,1,0,1,2725,0.0014741661720510438,0.062469424256101136,0.06099525808405009,0,0.10000000000000001,0.10000000000000001,0.13501494372728717,0,0,1,1,0.00073394495412844036,2129,0.004429619746497665,0.062469424256101136,0.058039804509603471,0.00022014475727860926,0.078519012675116739,0.078298867917838133,0.11001025111924893,0,0,0,0,0,0.88366972477064221,-0.00018218113963555259,0.0015147436387004485,0.020454200294428931,0,0.0028152043992552703
67,5,7,0.13574637067206638,0.018427077150638044,1,1,3,1,1,2776,0.0044224985161531302,0.072484545033467379,0.068062046517314248,0,0.10000000000000001,0.10000000000000001,0.13274211685986459,0,0,1,1,0.00072046109510086451,1884,0.0066177451634422948,0.062328471099659208,0.055710725936216912,0.00038483038641339695,0.056370913942628414,0.055986083556215017,0.08558329377144433,0,0,0,0,0,0.97982708933717577,-0.0057652486576873765,0.0015147436387004485,0.039334252304328375,0,0.017693435840842243
67,5,7,0.13574637067206638,0.018427077150638044,1,-1,1,0,1,17,0.0071588261498907275,0.0075623272872039488,0.00040350113731322124,0.00045615215474818034,0.00052356313678138581,6.7410982033205467e-05,0.00084353335666471723,0,0,0,0,0,14,0.0071588261498907275,0.0075250166777851898,0.00036619052789446226,0.00045840756514528173,0.00052356313678138581,6.5155571636104075e-05,0.0007551962641268265,0,0,0,0,0,0.82352941176470584,-7.6268395471219075e-07,6.6556222901201597e-06,0.0015435021418946989,0,3.7567910015797725e-06
67,5,7,0.13574637067206638,0.018427077150638044,1,-1,1,0,2,3647,0.007585650479454871,0.062126027867078812,0.054540377387623941,0.00051528303027824438,0.05396090204387393,0.053445619013595687,0.16762938189814258,0,0,0,0,0,1969,0.007585650479454871,0.062125503460950034,0.054539852981495163,0.00051719843769748185,0.05396090204387393,0.053443703606176451,0.16188042795747121,0,0,0,0,0,0.53989580477104471,-8.0240916315484499e-05,0.0015147436387004485,0.014326305113371846,0,0.00060617630126413966
67,5,7,0.13574637067206638,0.018427077150638044,1,-1,1,0,3,19,0.062122094713552879,0.062178381868906354,5.6287155353475227e-05,0.053956906072121037,0.054476789165962096,0.00051988309384105869,0.0010847676814041331,0,0,0,0,0,18,0.062122094713552879,0.062177852601363236,5.575788781035651e-05,0.053956906072121037,0.054476789165962096,0.00051988309384105869,0.0010843137265371529,0,0,0,0,0,0.94736842105263153,-2.0872599493872973e-05,0.00026060718441889551,0.011200814206316823,0,8.9455725282509022e-05
67,5,7,0.13574637067206638,0.018427077150638044,1,-1,1,0,4,15,0.062192455708292627,0.062230613585558273,3.8157877265646012e-05,0.054693794610316426,0.055044096090327121,0.00035030148001069517,0.00073035630771978589,0,0,0,0,0,14,0.062192455708292627,0.06223008751570569,3.7631807413063267e-05,0.054693794610316426,0.055044096090327121,0.00035030148001069517,0.00073005997512673936,0,0,0,0,0,0.93333333333333335,-9.5908986335311756e-06,0.00020259078526497338,0.009556586775754607,0,4.1163044189713594e-05
67,5,7,0.13574637067206638,0.018427077150638044,1,-1,1,0,5,9,0.062262498869073882,0.062282863254203312,2.0364385129430229e-05,0.055498938167769039,0.05568306836674658,0.0001841301989775404,0.00038432859339779414,0,0,0,0,0,8,0.062262498869073882,0.062282336263564893,1.9837394491011018e-05,0.055498938167769039,0.05568306836674658,0.0001841301989775404,0.0003841444412538387,0,0,0,0,0,0.88888888888888884,-8.5258143010028112e-06,0.00012594724553288418,0.00612782572059956,0,3.4958674139580076e-05
67,5,7,0.13574637067206638,0.018427077150638044,1,-1,3,1,1,2776,0.0044224985161531302,0.072484545033467379,0.068062046517314248,0,0.10000000000000001,0.10000000000000001,0.13274211685986459,0,0,1,1,0.00072046109510086451,1884,0.0066177451634422948,0.062328471099659208,0.055710725936216912,0.00038483038641339695,0.056370913942628414,0.055986083556215017,0.08558329377144433,0,0,0,0,0,0.97982708933717577,-0.0057652486576873765,0.0015147436387004485,0.026540239352174665,0,0.017693435840842243
67,5,7,0.13574637067206638,0.018427077150638044,-1,1,1,0,1,51,0,0.0014741661720510438,0.0014741661720510438,0,0.0014756228086639323,0.0014756228086639323,0.0020858300565092607,1,0,1,0,0.039215686274509803,0,nan,nan,nan,nan,nan,nan,0,0,0,0,0,nan,0,-3.6054340749203529e-11,3.6666487274681018e-09,0,0,1.9577822649912722e-05
67,5,7,0.13574637067206638,0.018427077150638044,-1,1,3,1,1,3998,0.0044224985161531302,0.072484545033467379,0.068062046517314248,0,0.10000000000000001,0.10000000000000001,0.20644814650164411,0,0,1,1,0.00050025012506253123,0,nan,nan,nan,nan,nan,nan,0,0,0,0,0,nan,0.20860430215107553,-0.0092609429688781057,-8.6926636112785053e-06,0.014374234604375145,0,0.037043771875512443
67,5,7,0.13574637067206638,0.018427077150638044,-1,-1,3,1,1,3998,0.0044224985161531302,0.072484545033467379,0.068062046517314248,0,0.10000000000000001,0.10000000000000001,0.20644814650164411,0,0,1,1,0.00050025012506253123,0,nan,nan,nan,nan,nan,nan,0,0,0,0,0,nan,0.20860430215107553,-0.0092609429688781057,-8.6926636112785053e-06,0.0054926133731330561,0,0.037043771875512443
68,7,5,0.13574637067206638,0.018427077150638044,1,1,1,0,1,2725,0.0014741661720510438,0.062469424256101136,0.06099525808405009,0,0.10000000000000001,0.10000000000000001,0.13501494372728717,0,0,1,1,0.00073394495412844036,2129,0.004429619746497665,0.062469424256101136,0.058039804509603471,0.00022014475727860926,0.078519012675116739,0.078298867917838133,0.11001025111924893,0,0,0,0,0,0.88366972477064221,-0.00018218113963555259,0.0015147436387004485,0.020454200294428931,0,0.0028152043992552703
68,7,5,0.13574637067206638,0.018427077150638044,1,1,3,1,1,2776,0.0044224985161531302,0.072484545033467379,0.068062046517314248,0,0.10000000000000001,0.10000000000000001,0.13274211685986459,0,0,1,1,0.00072046109510086451,1884,0.0066177451634422948,0.062328471099659208,0.055710725936216912,0.00038483038641339695,0.056370913942628414,0.055986083556215017,0.08558329377144433,0,0,0,0,0,0.97982708933717577,-0.0057652486576873765,0.0015147436387004485,0.039334252304328375,0,0.017693435840842243
68,7,5,0.13574637067206638,0.018427077150638044,1,-1,1,0,1,17,0.0071588261498907275,0.0075623272872039488,0.00040350113731322124,0.00045615215474818034,0.00052356313678138581,6.7410982033205467e-05,0.00084353335666471723,0,0,0,0,0,14,0.0071588261498907275,0.0075250166777851898,0.00036619052789446226,0.00045840756514528173,0.00052356313678138581,6.5155571636104075e-05,0.0007551962641268265,0,0,0,0,0,0.82352941176470584,-7.6268395471219075e-07,6.6556222901201597e-06,0.0015435021418946989,0,3.7567910015797725e-06
68,7,5,0.13574637067206638,0.018427077150638044,1,-1,1,0,2,3647,0.007585650479454871,0.062126027867078812,0.054540377387623941,0.00051528303027824438,0.05396090204387393,0.053445619013595687,0.16762938189814258,0,0,0,0,0,1969,0.007585650479454871,0.062125503460950034,0.054539852981495163,0.00051719843769748185,0.05396090204387393,0.053443703606176451,0.16188042795747121,0,0,0,0,0,0.53989580477104471,-8.0240916315484499e-05,0.0015147436387004485,0.014326305113371846,0,0.00060617630126413966
68,7,5,0.13574637067206638,0.018427077150638044,1,-1,1,0,3,19,0.062122094713552879,0.062178381868906354,5.6287155353475227e-05,0.053956906072121037,0.054476789165962096,0.00051988309384105869,0.0010847676814041331,0,0,0,0,0,18,0.062122094713552879,0.062177852601363236,5.575788781035651e-05,0.053956906072121037,0.054476789165962096,0.00051988309384105869,0.0010843137265371529,0,0,0,0,0,0.94736842105263153,-2.0872599493872973e-05,0.00026060718441889551,0.011200814206316823,0,8.9455725282509022e-05
68,7,5,0.13574637067206638,0.018427077150638044,1,-1,1,0,4,15,0.062192455708292627,0.062230613585558273,3.8157877265646012e-05,0.054693794610316426,0.055044096090327121,0.00035030148001069517,0.00073035630771978589,0,0,0,0,0,14,0.062192455708292627,0.06223008751570569,3.7631807413063267e-05,0.054693794610316426,0.055044096090327121,0.00035030148001069517,0.00073005997512673936,0,0,0,0,0,0.93333333333333335,-9.5908986335311756e-06,0.00020259078526497338,0.009556586775754607,0,4.1163044189713594e-05
68,7,5,0.13574637067206638,0.018427077150638044,1,-1,1,0,5,9,0.062262498869073882,0.062282863254203312,2.0364385129430229e-05,0.055498938167769039,0.05568306836674658,0.0001841301989775404,0.00038432859339779414,0,0,0,0,0,8,0.062262498869073882,0.062282336263564893,1.9837394491011018e-05,0.055498938167769039,0.05568306836674658,0.0001841301989775404,0.0003841444412538387,0,0,0,0,0,0.88888888888888884,-8.5258143010028112e-06,0.00012594724553288418,0.00612782572059956,0,3.4958674139580076e-05
68,7,5,0.13574637067206638,0.018427077150638044,1,-1,3,1,1,2776,0.0044224985161531302,0.072484545033467379,0.068062046517314248,0,0.10000000000000001,0.10000000000000001,0.13274211685986459,0,0,1,1,0.00072046109510086451,1884,0.0066177451634422948,0.062328471099659208,0.055710725936216912,0.00038483038641339695,0.056370913942628414,0.055986083556215017,0.08558329377144433,0,0,0,0,0,0.97982708933717577,-0.0057652486576873765,0.0015147436387004485,0.026540239352174665,0,0.017693435840842243
68,7,5,0.13574637067206638,0.018427077150638044,-1,1,1,0,1,51,0,0.0014741661720510438,0.0014741661720510438,0,0.0014756228086639323,0.0014756228086639323,0.0020858300565092607,1,0,1,0,0.039215686274509803,0,nan,nan,nan,nan,nan,nan,0,0,0,0,0,nan,0,-3.6054340749203529e-11,3.6666487274681018e-09,0,0,1.9577822649912722e-05
68,7,5,0.13574637067206638,0.018427077150638044,-1,1,3,1,1,3998,0.0044224985161531302,0.072484545033467379,0.068062046517314248,0,0.10000000000000001,0.10000000000000001,0.20644814650164411,0,0,1,1,0.00050025012506253123,0,nan,nan,nan,nan,nan,nan,0,0,0,0,0,nan,0.20860430215107553,-0.0092609429688781057,-8.6926636112785053e-06,0.014374234604375145,0,0.037043771875512443
68,7,5,0.13574637067206638,0.018427077150638044,-1,-1,3,1,1,3998,0.0044224985161531302,0.072484545033467379,0.068062046517314248,0,0.10000000000000001,0.10000000000000001,0.20644814650164411,0,0,1,1,0.00050025012506253123,0,nan,nan,nan,nan,nan,nan,0,0,0,0,0,nan,0.20860430215107553,-0.0092609429688781057,-8.6926636112785053e-06,0.0054926133731330561,0,0.037043771875512443
69,4,8,0.14112255719939906,0.019915576150497664,1,1,1,0,1,2723,0.001593246092039813,0.062467355421003942,0.060874109328964129,0,0.10000000000000001,0.10000000000000001,0.13493495898939811,0,0,1,1,0.00073448402497245681,2110,0.0051767845230153431,0.062467355421003942,0.057290570897988599,0.00027766165104483979,0.078519012675116739,0.078241351024071898,0.10931638298959707,0,0,0,0,0,0.87183253764230628,-0.00019544059284800028,0.0014813948135014856,0.020019240635934736,0,0.0028996545441586979
69,4,8,0.14112255719939906,0.019915576150497664,1,1,3,1,1,2771,0.0047797382761194393,0.072605781855237722,0.067826043579118284,0,0.10000000000000001,0.10000000000000001,0.13248199999911808,0,0,1,1,0.0007217610970768675,1870,0.0072048032021347561,0.062314947489554573,0.055110144287419817,0.00044503056471917861,0.056237491661107405,0.055792461096388225,0.084916934163687979,0,0,0,0,0,0.98051245037892454,-0.0058309548997652902,0.0014813948135014856,0.039238213959316953,0,0.017924190170155282
69,4,8,0.14112255719939906,0.019915576150497664,1,-1,1,0,1,9,0.0073392643043360354,0.0074818966892220805,0.00014263238488604509,0.00046316034075749487,0.00048691514716930987,2.3754806411814999e-05,0.00029966941548140137,0,0,0,0,0,7,0.0073392643043360354,0.0074716477651767844,0.00013238346084074905,0.00046457739971310846,0.00048691514716930987,2.2337747456201412e-05,0.00027078276301692434,0,0,0,0,0,0.77777777777777779,-3.6193277704644501e-07,2.224891324438852e-06,0.00086843974369114332,0,1.5382152693187054e-06
69,4,8,0.14112255719939906,0.019915576150497664,1,-1,1,0,2,3639,0.0077588173792967957,0.062124828918895439,0.054366011539598642,0.0005221451825264047,0.053855866469733726,0.053333721287207321,0.16713645577918512,0,0,0,0,0,1980,0.0077588173792967957,0.062124828918895439,0.054366011539598642,0.00052416393623490581,0.053855866469733726,0.053331702533498823,0.16145063313728361,0,0,0,0,0,0.54410552349546581,-5.8135369855580771e-05,0.0014813948135014856,0.014137000735608722,0,0.00058040005767242696
69,4,8,0.14112255719939906,0.019915576150497664,1,-1,1,0,3,15,0.062137053999942009,0.062177201042251905,4.0147042309895964e-05,0.054013666419602299,0.054376259247878297,0.00036259282827599826,0.00074891448338613856,0,0,0,0,0,15,0.062137053999942009,0.062177201042251905,4.0147042309895964e-05,0.054013666419602299,0.054376259247878297,0.00036259282827599826,0.00074891448338613856,0,0,0,0,0,1,1.4999712638107759e-05,0.00021164425320073765,0.010623911249909251,0.0037899052832956856,-5.745352822541021e-05
69,4,8,0.14112255719939906,0.019915576150497664,1,-1,1,0,4,9,0.062208000734735598,0.062229460499797315,2.1459765061716818e-05,0.054753871424811008,0.054950753139000302,0.00019688171418929395,0.00040468111900095996,0,0,0,0,0,9,0.062208000734735598,0.062229460499797315,2.1459765061716818e-05,0.054753871424811008,0.054950753139000302,0.00019688171418929395,0.00040468111900095996,0,0,0,0,0,1,2.1612147191084583e-05,0.00014161731801016209,0.0083279430230886169,0.0046285659603294369,-8.5694491396481458e-05
69,4,8,0.14112255719939906,0.019915576150497664,1,-1,3,1,1,2771,0.0047797382761194393,0.072605781855237722,0.067826043579118284,0,0.10000000000000001,0.10000000000000001,0.13248199999911808,0,0,1,1,0.0007217610970768675,1870,0.0072048032021347561,0.062314947489554573,0.055110144287419817,0.00044503056471917861,0.056237491661107405,0.055792461096388225,0.084916934163687979,0,0,0,0,0,0.98051245037892454,-0.0058309548997652902,0.0014813948135014856,0.026282044355825009,0,0.017924190170155282
69,4,8,0.14112255719939906,0.019915576150497664,-1,1,1,0,1,54,0,0.001593246092039813,0.001593246092039813,0,0.0015949480922169107,0.0015949480922169107,0.002254413801833647,1,0,1,0,0.037037037037037035,0,nan,nan,nan,nan,nan,nan,0,0,0,0,0,nan,0,-5.2034775903008412e-11,2.6833979329972713e-09,0,0,2.2870307226689343e-05
69,4,8,0.14112255719939906,0.019915576150497664,-1,1,3,1,1,3985,0.0047797382761194393,0.072605781855237722,0.067826043579118284,0,0.10000000000000001,0.10000000000000001,0.20585290582180887,0,0,1,1,0.0005018820577164366,0,nan,nan,nan,nan,nan,nan,0,0,0,0,0,nan,0.20978670012547052,-0.0091974716067276772,-1.0153732439200546e-05,0.014545368830451134,0,0.036789886426910723
69,4,8,0.14112255719939906,0.019915576150497664,-1,-1,3,1,1,3985,0.0047797382761194393,0.072605781855237722,0.067826043579118284,0,0.10000000000000001,0.10000000000000001,0.20585290582180887,0,0,1,1,0.0005018820577164366,0,nan,nan,nan,nan,nan,nan,0,0,0,0,0,nan,0.20978670012547052,-0.0091974716067276772,-1.0153732439200546e-05,0.0055391233811304397,0,0.036789886426910723
70,8,4,0.14112255719939906,0.019915576150497664,1,1,1,0,1,2723,0.001593246092039813,0.062467355421003942,0.060874109328964129,0,0.10000000000000001,0.10000000000000001,0.13493495898939811,0,0,1,1,0.00073448402497245681,2110,0.0051767845230153431,0.062467355421003942,0.057290570897988599,0.00027766165104483979,0.078519012675116739,0.078241351024071898,0.10931638298959707,0,0,0,0,0,0.87183253764230628,-0.00019544059284800028,0.0014813948135014856,0.020019240635934736,0,0.0028996545441586979
70,8,4,0.14112255719939906,0.019915576150497664,1,1,3,1,1,2771,0.0047797382761194393,0.072605781855237722,0.067826043579118284,0,0.10000000000000001,0.10000000000000001,0.13248199999911808,0,0,1,1,0.0007217610970768675,1870,0.0072048032021347561,0.062314947489554573,0.055110144287419817,0.00044503056471917861,0.056237491661107405,0.055792461096388225,0.084916934163687979,0,0,0,0,0,0.98051245037892454,-0.0058309548997652902,0.0014813948135014856,0.039238213959316953,0,0.017924190170155282
70,8,4,0.14112255719939906,0.019915576150497664,1,-1,1,0,1,9,0.0073392643043360354,0.0074818966892220805,0.00014263238488604509,0.00046316034075749487,0.00048691514716930987,2.3754806411814999e-05,0.00029966941548140137,0,0,0,0,0,7,0.0073392643043360354,0.0074716477651767844,0.00013238346084074905,0.00046457739971310846,0.00048691514716930987,2.2337747456201412e-05,0.00027078276301692434,0,0,0,0,0,0.77777777777777779,-3.6193277704644501e-07,2.224891324438852e-06,0.00086843974369114332,0,1.5382152693187054e-06
70,8,4,0.14112255719939906,0.019915576150497664,1,-1,1,0,2,3639,0.0077588173792967957,0.062124828918895439,0.054366011539598642,0.0005221451825264047,0.053855866469733726,0.053333721287207321,0.16713645577918512,0,0,0,0,0,1980,0.0077588173792967957,0.062124828918895439,0.054366011539598642,0.00052416393623490581,0.053855866469733726,0.053331702533498823,0.16145063313728361,0,0,0,0,0,0.54410552349546581,-5.8135369855580771e-05,0.0014813948135014856,0.014137000735608722,0,0.00058040005767242696
70,8,4,0.14112255719939906,0.019915576150497664,1,-1,1,0,3,15,0.062137053999942009,0.062177201042251905,4.0147042309895964e-05,0.054013666419602299,0.054376259247878297,0.00036259282827599826,0.00074891448338613856,0,0,0,0,0,15,0.062137053999942009,0.062177201042251905,4.0147042309895964e-05,0.054013666419602299,0.054376259247878297,0.00036259282827599826,0.00074891448338613856,0,0,0,0,0,1,1.4999712638107759e-05,0.00021164425320073765,0.010623911249909251,0.0037899052832956856,-5.745352822541021e-05
70,8,4,0.14112255719939906,0.019915576150497664,1,-1,1,0,4,9,0.062208000734735598,0.062229460499797315,2.1459765061716818e-05,0.054753871424811008,0.054950753139000302,0.00019688171418929395,0.00040468111900095996,0,0,0,0,0,9,0.062208000734735598,0.062229460499797315,2.1459765061716818e-05,0.054753871424811008,0.054950753139000302,0.00019688171418929395,0.00040468111900095996,0,0,0,0,0,1,2.1612147191084583e-05,0.00014161731801016209,0.0083279430230886169,0.0046285659603294369,-8.5694491396481458e-05
70,8,4,0.14112255719939906,0.019915576150497664,1,-1,3,1,1,2771,0.0047797382761194393,0.072605781855237722,0.067826043579118284,0,0.10000000000000001,0.10000000000000001,0.13248199999911808,0,0,1,1,0.0007217610970768675,1870,0.0072048032021347561,0.062314947489554573,0.055110144287419817,0.00044503056471917861,0.056237491661107405,0.055792461096388225,0.084916934163687979,0,0,0,0,0,0.98051245037892454,-0.0058309548997652902,0.0014813948135014856,0.026282044355825009,0,0.017924190170155282
70,8,4,0.14112255719939906,0.019915576150497664,-1,1,1,0,1,54,0,0.001593246092039813,0.001593246092039813,0,0.0015949480922169107,0.0015949480922169107,0.002254413801833647,1,0,1,0,0.037037037037037035,0,nan,nan,nan,nan,nan,nan,0,0,0,0,0,nan,0,-5.2034775903008412e-11,2.6833979329972713e-09,0,0,2.2870307226689343e-05
70,8,4,0.14112255719939906,0.019915576150497664,-1,1,3,1,1,3985,0.0047797382761194393,0.072605781855237722,0.067826043579118284,0,0.10000000000000001,0.10000000000000001,0.20585290582180887,0,0,1,1,0.0005018820577164366,0,nan,nan,nan,nan,nan,nan,0,0,0,0,0,nan,0.20978670012547052,-0.0091974716067276772,-1.0153732439200546e-05,0.014545368830451134,0,0.036789886426910723
70,8,4,0.14112255719939906,0.019915576150497664,-1,-1,3,1,1,3985,0.0047797382761194393,0.072605781855237722,0.067826043579118284,0,0.10000000000000001,0.10000000000000001,0.20585290582180887,0,0,1,1,0.0005018820577164366,0,nan,nan,nan,nan,nan,nan,0,0,0,0,0,nan,0.20978670012547052,-0.0091974716067276772,-1.0153732439200546e-05,0.0055391233811304397,0,0.036789886426910723
71,0,9,0.14196259929603181,0.02015337959888569,1,1,1,0,1,2722,0.0016122703679108553,0.062467100212933876,0.060854829845023023,0,0.10000000000000001,0.10000000000000001,0.1349188728938864,0,0,1,1,0.0007347538574577516,2109,0.0051767845230153431,0.062467100212933876,0.057290315689918533,0.00027801754951329113,0.078519012675116739,0.078240995125603452,0.10933071559031647,0,0,0,0,0,0.87068332108743574,-0.00019769214679639076,0.0014760698833284375,0.019950983351010441,0,0.0029131480739389829
71,0,9,0.14196259929603181,0.02015337959888569,1,1,3,1,1,2770,0.0048368111037325658,0.072625164529776354,0.067788353426043793,0,0.10000000000000001,0.10000000000000001,0.1324407288412055,0,0,1,1,0.00072202166064981946,1865,0.0072581721147431614,0.06231581107903697,0.05505763896429381,0.00044880516153632385,0.056237491661107399,0.055788686499571076,0.084872823835693958,0,0,0,0,0,0.97942238267148019,-0.0058414599122928014,0.0014760698833284375,0.039210360097896912,0,0.017961099521629428
71,0,9,0.14196259929603181,0.02015337959888569,1,-1,1,0,1,19,0.0077869336023439484,0.0081710844306130542,0.00038415082826910585,0.00052407429663347172,0.00058652163189718139,6.2447335263709678e-05,0.00081192173683828771,0,0,0,0,0,16,0.0077869336023439484,0.0081654436290860572,0.00037851002674210883,0.00052517747939885768,0.00058652163189718139,6.1344152498323716e-05,0.00077402897507889725,0,0,0,0,0,0.84210526315789469,-4.4612615293104152e-07,6.6906850522933755e-06,0.0015918199047446284,0,2.3464587519873578e-06
71,0,9,0.14196259929603181,0.02015337959888569,1,-1,1,0,2,3603,0.0081918555567269628,0.062072671619376914,0.053880816062649953,0.00058319053615203372,0.053359387460002787,0.05277619692385075,0.16522468365223267,0,0,0,0,0,1950,0.0081918555567269628,0.062072154401066747,0.053880298844339786,0.00058510293985572373,0.053359387460002787,0.052774284520147062,0.15956132501376141,0,0,0,0,0,0.54121565362198165,-5.9277080942133294e-05,0.0014760698833284375,0.014172543897103871,0,0.00057634773615620712
71,0,9,0.14196259929603181,0.02015337959888569,1,-1,1,0,3,19,0.06206890721718232,0.062124723505378371,5.5816288196050556e-05,0.053344470348099665,0.053839380114172539,0.00049490976607287351,0.0010264730962670826,0,0,0,0,0,19,0.06206890721718232,0.062124723505378371,5.5816288196050556e-05,0.053344470348099665,0.053839380114172539,0.00049490976607287351,0.0010264730962670826,0,0,0,0,0,1,9.1033444062511132e-06,0.00025810263139981147,0.012001195634408468,0.0028143643542680595,-3.1682586874298683e-05
71,0,9,0.14196259929603181,0.02015337959888569,1,-1,1,0,4,13,0.062138535176391042,0.062177099199982898,3.8564023591855512e-05,0.054018037923526413,0.054360841711855547,0.00034280378832913377,0.00071026452740827954,0,0,0,0,0,13,0.062138535176391042,0.062177099199982898,3.8564023591855512e-05,0.054018037923526413,0.054360841711855547,0.00034280378832913377,0.00071026452740827954,0,0,0,0,0,1,1.3505214442150274e-05,0.00020382902003472756,0.010110347257355034,0.0035942087585914034,-5.1673346401340634e-05
71,0,9,0.14196259929603181,0.02015337959888569,1,-1,1,0,5,9,0.062209455050494571,0.062229362478902206,1.9907428407635319e-05,0.054758589685248313,0.054936554425645677,0.00017796474039736415,0.00036761150675169074,0,0,0,0,0,9,0.062209455050494571,0.062229362478902206,1.9907428407635319e-05,0.054758589685248313,0.054936554425645677,0.00017796474039736415,0.00036761150675169074,0,0,0,0,0,1,2.009115113100396e-05,0.00013260226994605637,0.0081029421338524171,0.0044641891306232443,-7.9715938375898867e-05
71,0,9,0.14196259929603181,0.02015337959888569,1,-1,3,1,1,2770,0.0048368111037325658,0.072625164529776354,0.067788353426043793,0,0.10000000000000001,0.10000000000000001,0.1324407288412055,0,0,1,1,0.00072202166064981946,1865,0.0072581721147431614,0.06231581107903697,0.05505763896429381,0.00044880516153632385,0.056237491661107399,0.055788686499571076,0.084872823835693958,0,0,0,0,0,0.97942238267148019,-0.0058414599122928014,0.0014760698833284375,0.026235954685791506,0,0.017961099521629428
71,0,9,0.14196259929603181,0.02015337959888569,-1,1,1,0,1,56,0,0.0016122703679108553,0.0016122703679108553,0,0.0016140136804562205,0.0016140136804562205,0.0022813484545950008,1,0,1,0,0.035714285714285712,0,nan,nan,nan,nan,nan,nan,0,0,0,0,0,nan,0,-2.7740100827667181e-11,1.7050491887680674e-08,0,0,2.3420043425830497e-05
71,0,9,0.14196259929603181,0.02015337959888569,-1,1,3,1,1,3984,0.0048368111037325658,0.072625164529776354,0.067788353426043793,0,0.10000000000000001,0.10000000000000001,0.20575858201633029,0,0,1,1,0.00050200803212851401,0,nan,nan,nan,nan,nan,nan,0,0,0,0,0,nan,0.2103413654618474,-0.0091873257417105815,-1.0397662956973617e-05,0.0145634630579122,0,0.036749302966842326
71,0,9,0.14196259929603181,0.02015337959888569,-1,-1,3,1,1,3984,0.0048368111037325658,0.072625164529776354,0.067788353426043793,0,0.10000000000000001,0.10000000000000001,0.20575858201633029,0,0,1,1,0.00050200803212851401,0,nan,nan,nan,nan,nan,nan,0,0,0,0,0,nan,0.2103413654618474,-0.0091873257417105815,-1.0397662956973617e-05,0.0055448688234851591,0,0.036749302966842326
72,9,0,0.14196259929603181,0.02015337959888569,1,1,1,0,1,2722,0.0016122703679108553,0.062467100212933876,0.060854829845023023,0,0.10000000000000001,0.10000000000000001,0.1349188728938864,0,0,1,1,0.0007347538574577516,2109,0.0051767845230153431,0.062467100212933876,0.057290315689918533,0.00027801754951329113,0.078519012675116739,0.078240995125603452,0.10933071559031647,0,0,0,0,0,0.87068332108743574,-0.00019769214679639076,0.0014760698833284375,0.019950983351010441,0,0.0029131480739389829
72,9,0,0.14196259929603181,0.02015337959888569,1,1,3,1,1,2770,0.0048368111037325658,0.072625164529776354,0.067788353426043793,0,0.10000000000000001,0.10000000000000001,0.1324407288412055,0,0,1,1,0.00072202166064981946,1865,0.0072581721147431614,0.06231581107903697,0.05505763896429381,0.00044880516153632385,0.056237491661107399,0.055788686499571076,0.084872823835693958,0,0,0,0,0,0.97942238267148019,-0.0058414599122928014,0.0014760698833284375,0.039210360097896912,0,0.017961099521629428
72,9,0,0.14196259929603181,0.02015337959888569,1,-1,1,0,1,19,0.0077869336023439484,0.0081710844306130542,0.00038415082826910585,0.00052407429663347172,0.00058652163189718139,6.2447335263709678e-05,0.00081192173683828771,0,0,0,0,0,16,0.0077869336023439484,0.0081654436290860572,0.00037851002674210883,0.00052517747939885768,0.00058652163189718139,6.1344152498323716e-05,0.00077402897507889725,0,0,0,0,0,0.84210526315789469,-4.4612615293104152e-07,6.6906850522933755e-06,0.0015918199047446284,0,2.3464587519873578e-06
72,9,0,0.14196259929603181,0.02015337959888569,1,-1,1,0,2,3603,0.0081918555567269628,0.062072671619376914,0.053880816062649953,0.00058319053615203372,0.053359387460002787,0.05277619692385075,0.16522468365223267,0,0,0,0,0,1950,0.0081918555567269628,0.062072154401066747,0.053880298844339786,0.00058510293985572373,0.053359387460002787,0.052774284520147062,0.15956132501376141,0,0,0,0,0,0.54121565362198165,-5.9277080942133294e-05,0.0014760698833284375,0.014172543897103871,0,0.00057634773615620712
72,9,0,0.14196259929603181,0.02015337959888569,1,-1,1,0,3,19,0.06206890721718232,0.062124723505378371,5.5816288196050556e-05,0.053344470348099665,0.053839380114172539,0.00049490976607287351,0.0010264730962670826,0,0,0,0,0,19,0.06206890721718232,0.062124723505378371,5.5816288196050556e-05,0.053344470348099665,0.053839380114172539,0.00049490976607287351,0.0010264730962670826,0,0,0,0,0,1,9.1033444062511132e-06,0.00025810263139981147,0.012001195634408468,0.0028143643542680595,-3.1682586874298683e-05
72,9,0,0.14196259929603181,0.02015337959888569,1,-1,1,0,4,13,0.062138535176391042,0.062177099199982898,3.8564023591855512e-05,0.054018037923526413,0.054360841711855547,0.00034280378832913377,0.00071026452740827954,0,0,0,0,0,13,0.062138535176391042,0.062177099199982898,3.8564023591855512e-05,0.054018037923526413,0.054360841711855547,0.00034280378832913377,0.00071026452740827954,0,0,0,0,0,1,1.3505214442150274e-05,0.00020382902003472756,0.010110347257355034,0.0035942087585914034,-5.1673346401340634e-05
72,9,0,0.14196259929603181,0.02015337959888569,1,-1,1,0,5,9,0.062209455050494571,0.062229362478902206,1.9907428407635319e-05,0.054758589685248313,0.054936554425645677,0.00017796474039736415,0.00036761150675169074,0,0,0,0,0,9,0.062209455050494571,0.062229362478902206,1.9907428407635319e-05,0.054758589685248313,0.054936554425645677,0.00017796474039736415,0.00036761150675169074,0,0,0,0,0,1,2.009115113100396e-05,0.00013260226994605637,0.0081029421338524171,0.0044641891306232443,-7.9715938375898867e-05
72,9,0,0.14196259929603181,0.02015337959888569,1,-1,3,1,1,2770,0.0048368111037325658,0.072625164529776354,0.067788353426043793,0,0.10000000000000001,0.10000000000000001,0.1324407288412055,0,0,1,1,0.00072202166064981946,1865,0.0072581721147431614,0.06231581107903697,0.05505763896429381,0.00044880516153632385,0.056237491661107399,0.055788686499571076,0.084872823835693958,0,0,0,0,0,0.97942238267148019,-0.0058414599122928014,0.0014760698833284375,0.026235954685791506,0,0.017961099521629428
72,9,0,0.14196259929603181,0.02015337959888569,-1,1,1,0,1,56,0,0.0016122703679108553,0.0016122703679108553,0,0.0016140136804562205,0.0016140136804562205,0.0022813484545950008,1,0,1,0,0.035714285714285712,0,nan,nan,nan,nan,nan,nan,0,0,0,0,0,nan,0,-2.7740100827667181e-11,1.7050491887680674e-08,0,0,2.3420043425830497e-05
72,9,0,0.14196259929603181,0.02015337959888569,-1,1,3,1,1,3984,0.0048368111037325658,0.072625164529776354,0.067788353426043793,0,0.10000000000000001,0.10000000000000001,0.20575858201633029,0,0,1,1,0.00050200803212851401,0,nan,nan,nan,nan,nan,nan,0,0,0,0,0,nan,0.2103413654618474,-0.0091873257417105815,-1.0397662956973617e-05,0.0145634630579122,0,0.036749302966842326
72,9,0,0.14196259929603181,0.02015337959888569,-1,-1,3,1,1,3984,0.0048368111037325658,0.072625164529776354,0.067788353426043793,0,0.10000000000000001,0.10000000000000001,0.20575858201633029,0,0,1,1,0.00050200803212851401,0,nan,nan,nan,nan,nan,nan,0,0,0,0,0,nan,0.2103413654618474,-0.0091873257417105815,-1.0397662956973617e-05,0.0055448688234851591,0,0.036749302966842326
73,1,9,0.14283767207418047,0.020402600563571117,1,1,1,0,1,2722,0.0016322080450856893,0.062466849548004771,0.060834641502919083,0,0.10000000000000001,0.10000000000000001,0.13490653820271253,0,0,1,1,0.0007347538574577516,2104,0.0052301534356237502,0.062466849548004771,0.057236696112381025,0.0002851906295751276,0.078519012675116739,0.078233822045541607,0.10929093848705301,0,0,0,0,0,0.86847905951506243,-0.00020005021578529595,0.0014704957796024048,0.019871759209455719,0,0.0029272899813763656
73,1,9,0.14283767207418047,0.020402600563571117,1,1,3,1,1,2770,0.0048966241352570682,0.07264548417625083,0.067748860040993758,0,0.099999999999999992,0.099999999999999992,0.13239754866134038,0,0,1,1,0.00072202166064981946,1861,0.007364909939959972,0.062316716131530336,0.054951806191570363,0.00046117694736325213,0.056237491661107405,0.055776314713744155,0.084775044436413483,0,0,0,0,0,0.97870036101083036,-0.0058524724388083465,0.0014704957796024048,0.03920478962746228,0,0.017999796770455642
73,1,9,0.14283767207418047,0.020402600563571117,1,-1,1,0,1,15,0.0078166235635642733,0.0081475631516256045,0.00033093958806133111,0.00052506626893401485,0.0005815866636746822,5.6520394740667353e-05,0.00069102755411318989,0,0,0,0,0,13,0.0078166235635642733,0.0081120747164776519,0.00029545115291337853,0.00052621416502538377,0.0005815866636746822,5.5372498649298432e-05,0.0006184180428090763,0,0,0,0,0,0.8666666666666667,-4.9360133779925934e-07,5.9531673375286777e-06,0.0015143970745210857,0,2.4349476639969116e-06
73,1,9,0.14283767207418047,0.020402600563571117,1,-1,1,0,2,3601,0.0082204095535950272,0.062072040528879525,0.053851630975284497,0.00058484659809582469,0.053341899462231002,0.052757052864135179,0.16514154164485959,0,0,0,0,0,1947,0.0082204095535950272,0.062072040528879525,0.053851630975284497,0.00058630006951036794,0.053341899462231002,0.052755599392720634,0.15947061558222891,0,0,0,0,0,0.54068314357123026,-6.0486969010739416e-05,0.0014704957796024048,0.014141735333106663,0,0.00057211468837598813
73,1,9,0.14283767207418047,0.020402600563571117,1,-1,1,0,3,17,0.06207048956459725,0.062124613709251736,5.4124144654485451e-05,0.053348014350327919,0.053822583079355169,0.00047456872902724989,0.00098640936237571249,0,0,0,0,0,17,0.06207048956459725,0.062124613709251736,5.4124144654485451e-05,0.053348014350327919,0.053822583079355169,0.00047456872902724989,0.00098640936237571249,0,0,0,0,0,1,7.552514319090619e-06,0.00025055770144406434,0.011528646193917177,0.0025379040165526105,-2.5763827188935489e-05
73,1,9,0.14283767207418047,0.020402600563571117,1,-1,1,0,4,13,0.062140087467688732,0.06217699311769239,3.6905650003658808e-05,0.054021019882739746,0.05434498666851495,0.00032396678577520377,0.00067284627920464329,0,0,0,0,0,13,0.062140087467688732,0.06217699311769239,3.6905650003658808e-05,0.054021019882739746,0.05434498666851495,0.00032396678577520377,0.00067284627920464329,0,0,0,0,0,1,1.1933730176906261e-05,0.00019555899997175541,0.0098966487651972173,0.0033758685819669817,-4.5585954730847045e-05
73,1,9,0.14283767207418047,0.020402600563571117,1,-1,1,0,5,9,0.062210979191455788,0.062229260372743213,1.8281181287424508e-05,0.054761263870784761,0.054921673997865836,0.00016041012708107455,0.00033247933308982715,0,0,0,0,0,9,0.062210979191455788,0.062229260372743213,1.8281181287424508e-05,0.054761263870784761,0.054921673997865836,0.00016041012708107455,0.00033247933308982715,0,0,0,0,0,1,1.849232370822615e-05,0.00012300915293472138,0.0078278439361810694,0.0042843471689971505,-7.3422522657975591e-05
73,1,9,0.14283767207418047,0.020402600563571117,1,-1,3,1,1,2770,0.0048966241352570682,0.07264548417625083,0.067748860040993758,0,0.099999999999999992,0.099999999999999992,0.13239754866134038,0,0,1,1,0.00072202166064981946,1861,0.007364909939959972,0.062316716131530336,0.054951806191570363,0.00046117694736325213,0.056237491661107405,0.055776314713744155,0.084775044436413483,0,0,0,0,0,0.97870036101083036,-0.0058524724388083465,0.0014704957796024048,0.026189752652779143,0,0.017999796770455642
73,1,9,0.14283767207418047,0.020402600563571117,-1,1,1,0,1,56,0,0.0016322080450856893,0.0016322080450856893,0,0.001633995252322701,0.001633995252322701,0.0023095768700008984,1,0,1,0,0.035714285714285712,0,nan,nan,nan,nan,nan,nan,0,0,0,0,0,nan,0,-6.1459914806025781e-11,5.667941822659011e-09,0,0,2.4003189455942552e-05
73,1,9,0.14283767207418047,0.020402600563571117,-1,1,3,1,1,3984,0.0048966241352570682,0.07264548417625083,0.067748860040993758,0,0.099999999999999992,0.099999999999999992,0.20565996645421172,0,0,1,1,0.00050200803212851401,0,nan,nan,nan,nan,nan,nan,0,0,0,0,0,nan,0.21109437751004015,-0.0091766980827058808,-1.0656412409769793e-05,0.01460431547397481,0,0.036706792330823544
73,1,9,0.14283767207418047,0.020402600563571117,-1,-1,3,1,1,3984,0.0048966241352570682,0.07264548417625083,0.067748860040993758,0,0.099999999999999992,0.099999999999999992,0.20565996645421172,0,0,1,1,0.00050200803212851401,0,nan,nan,nan,nan,nan,nan,0,0,0,0,0,nan,0.21109437751004015,-0.0091766980827058808,-1.0656412409769793e-05,0.0055567868636532108,0,0.036706792330823544
74,9,1,0.14283767207418047,0.020402600563571117,1,1,1,0,1,2722,0.0016322080450856893,0.062466849548004771,0.060834641502919083,0,0.10000000000000001,0.10000000000000001,0.13490653820271253,0,0,1,1,0.0007347538574577516,2104,0.0052301534356237502,0.062466849548004771,0.057236696112381025,0.0002851906295751276,0.078519012675116739,0.078233822045541607,0.10929093848705301,0,0,0,0,0,0.86847905951506243,-0.00020005021578529595,0.0014704957796024048,0.019871759209455719,0,0.0029272899813763656
74,9,1,0.14283767207418047,0.020402600563571117,1,1,3,1,1,2770,0.0048966241352570682,0.07264548417625083,0.067748860040993758,0,0.099999999999999992,0.099999999999999992,0.13239754866134038,0,0,1,1,0.00072202166064981946,1861,0.007364909939959972,0.062316716131530336,0.054951806191570363,0.00046117694736325213,0.056237491661107405,0.055776314713744155,0.084775044436413483,0,0,0,0,0,0.97870036101083036,-0.0058524724388083465,0.0014704957796024048,0.03920478962746228,0,0.017999796770455642
74,9,1,0.14283767207418047,0.020402600563571117,1,-1,1,0,1,15,0.0078166235635642733,0.0081475631516256045,0.00033093958806133111,0.00052506626893401485,0.0005815866636746822,5.6520394740667353e-05,0.00069102755411318989,0,0,0,0,0,13,0.0078166235635642733,0.0081120747164776519,0.00029545115291337853,0.00052621416502538377,0.0005815866636746822,5.5372498649298432e-05,0.0006184180428090763,0,0,0,0,0,0.8666666666666667,-4.9360133779925934e-07,5.9531673375286777e-06,0.0015143970745210857,0,2.4349476639969116e-06
74,9,1,0.14283767207418047,0.020402600563571117,1,-1,1,0,2,3601,0.0082204095535950272,0.062072040528879525,0.053851630975284497,0.00058484659809582469,0.053341899462231002,0.052757052864135179,0.16514154164485959,0,0,0,0,0,1947,0.0082204095535950272,0.062072040528879525,0.053851630975284497,0.00058630006951036794,0.053341899462231002,0.052755599392720634,0.15947061558222891,0,0,0,0,0,0.54068314357123026,-6.0486969010739416e-05,0.0014704957796024048,0.014141735333106663,0,0.00057211468837598813
74,9,1,0.14283767207418047,0.020402600563571117,1,-1,1,0,3,17,0.06207048956459725,0.062124613709251736,5.4124144654485451e-05,0.053348014350327919,0.053822583079355169,0.00047456872902724989,0.00098640936237571249,0,0,0,0,0,17,0.06207048956459725,0.062124613709251736,5.4124144654485451e-05,0.053348014350327919,0.053822583079355169,0.00047456872902724989,0.00098640936237571249,0,0,0,0,0,1,7.552514319090619e-06,0.00025055770144406434,0.011528646193917177,0.0025379040165526105,-2.5763827188935489e-05
74,9,1,0.14283767207418047,0.020402600563571117,1,-1,1,0,4,13,0.062140087467688732,0.06217699311769239,3.6905650003658808e-05,0.054021019882739746,0.05434498666851495,0.00032396678577520377,0.00067284627920464329,0,0,0,0,0,13,0.062140087467688732,0.06217699311769239,3.6905650003658808e-05,0.054021019882739746,0.05434498666851495,0.00032396678577520377,0.00067284627920464329,0,0,0,0,0,1,1.1933730176906261e-05,0.00019555899997175541,0.0098966487651972173,0.0033758685819669817,-4.5585954730847045e-05
74,9,1,0.14283767207418047,0.020402600563571117,1,-1,1,0,5,9,0.062210979191455788,0.062229260372743213,1.8281181287424508e-05,0.054761263870784761,0.054921673997865836,0.00016041012708107455,0.00033247933308982715,0,0,0,0,0,9,0.062210979191455788,0.062229260372743213,1.8281181287424508e-05,0.054761263870784761,0.054921673997865836,0.00016041012708107455,0.00033247933308982715,0,0,0,0,0,1,1.849232370822615e-05,0.00012300915293472138,0.0078278439361810694,0.0042843471689971505,-7.3422522657975591e-05
74,9,1,0.14283767207418047,0.020402600563571117,1,-1,3,1,1,2770,0.0048966241352570682,0.07264548417625083,0.067748860040993758,0,0.099999999999999992,0.099999999999999992,0.13239754866134038,0,0,1,1,0.00072202166064981946,1861,0.007364909939959972,0.062316716131530336,0.054951806191570363,0.00046117694736325213,0.056237491661107405,0.055776314713744155,0.084775044436413483,0,0,0,0,0,0.97870036101083036,-0.0058524724388083465,0.0014704957796024048,0.026189752652779143,0,0.017999796770455642
74,9,1,0.14283767207418047,0.020402600563571117,-1,1,1,0,1,56,0,0.0016322080450856893,0.0016322080450856893,0,0.001633995252322701,0.001633995252322701,0.0023095768700008984,1,0,1,0,0.035714285714285712,0,nan,nan,nan,nan,nan,nan,0,0,0,0,0,nan,0,-6.1459914806025781e-11,5.667941822659011e-09,0,0,2.4003189455942552e-05
74,9,1,0.14283767207418047,0.020402600563571117,-1,1,3,1,1,3984,0.0048966241352570682,0.07264548417625083,0.067748860040993758,0,0.099999999999999992,0.099999999999999992,0.20565996645421172,0,0,1,1,0.00050200803212851401,0,nan,nan,nan,nan,nan,nan,0,0,0,0,0,nan,0.21109437751004015,-0.0091766980827058808,-1.0656412409769793e-05,0.01460431547397481,0,0.036706792330823544
74,9,1,0.14283767207418047,0.020402600563571117,-1,-1,3,1,1,3984,0.0048966241352570682,0.07264548417625083,0.067748860040993758,0,0.099999999999999992,0.099999999999999992,0.20565996645421172,0,0,1,1,0.00050200803212851401,0,nan,nan,nan,nan,nan,nan,0,0,0,0,0,nan,0.21109437751004015,-0.0091766980827058808,-1.0656412409769793e-05,0.0055567868636532108,0,0.036706792330823544
75,2,9,0.14543108796450008,0.021150201346538156,1,1,1,0,1,2721,0.0016920161077230522,0.062466186452364902,0.060774170344641852,0,0.10000000000000001,0.10000000000000001,0.13486958393650686,0,0,1,1,0.00073502388827636903,2095,0.0053368912608405599,0.062466186452364902,0.057129295191524342,0.00029389612426666812,0.078519012675116739,0.078225116550850071,0.10921334047416237,0,0,0,0,0,0.86255053289231898,-0.00020711409411644638,0.0014537878750338076,0.019643217605866195,0,0.0029697154159751549
75,2,9,0.14543108796450008,0.021150201346538156,1,1,3,1,1,2767,0.0050760483231691569,0.072706467307244005,0.067630418984074847,0,0.10000000000000001,0.10000000000000001,0.1322685284794487,0,0,1,1,0.00072280448138778463,1851,0.0076317545030020013,0.062319431063452391,0.054687676560450392,0.0004881950877484748,0.056237491661107405,0.055749296573358934,0.084536135522593175,0,0,0,0,0,0.97759306107697863,-0.0058855229006993413,0.0014537878750338076,0.039157432819878636,0,0.018115963722768941
75,2,9,0.14543108796450008,0.021150201346538156,1,-1,1,0,1,9,0.0079064315347060436,0.0081090939699552337,0.00020266243524919014,0.00052917926614600623,0.00055796592828261072,2.8786662136604489e-05,0.00041306043530760797,0,0,0,0,0,8,0.0079064315347060436,0.0080587058038692466,0.000152274269163203,0.00052917926614600623,0.00055796592828261072,2.8786662136604489e-05,0.00033532603280164253,0,0,0,0,0,0.88888888888888884,2.85356841681285e-08,3.3449840315532086e-06,0.0011373896877901887,0,4.2185742679592343e-08
75,2,9,0.14543108796450008,0.021150201346538156,1,-1,1,0,2,3597,0.0083070846065026807,0.062071703312442092,0.053764618705939411,0.0005878842678238512,0.053289836913746877,0.052701952645923027,0.16492287205118283,0,0,0,0,0,1955,0.0083070846065026807,0.062071703312442092,0.053764618705939411,0.00058968937850913334,0.053289836913746877,0.052700147535237746,0.15935953034639838,0,0,0,0,0,0.54350847928829582,-4.7851067698360406e-05,0.0014537878750338076,0.014039407563997623,0,0.00055956328261703547
75,2,9,0.14543108796450008,0.021150201346538156,1,-1,1,0,3,17,0.062075236212487866,0.062124288451185831,4.9052238697964989e-05,0.053354275787464676,0.053772561222174449,0.00041828543470977253,0.00087331287360891329,0,0,0,0,0,17,0.062075236212487866,0.062124288451185831,4.9052238697964989e-05,0.053354275787464676,0.053772561222174449,0.00041828543470977253,0.00087331287360891329,0,0,0,0,0,1,2.8673837179599848e-06,0.00022757525112444875,0.01090213639727947,0.0013984378900074414,-7.8225141288338604e-06
75,2,9,0.14543108796450008,0.021150201346538156,1,-1,1,0,4,11,0.062144743954718293,0.06217667882607178,3.1934871353486716e-05,0.054026148008846107,0.054297694913628562,0.0002715469047824548,0.00056674692202790555,0,0,0,0,0,11,0.062144743954718293,0.06217667882607178,3.1934871353486716e-05,0.054026148008846107,0.054297694913628562,0.0002715469047824548,0.00056674692202790555,0,0,0,0,0,1,7.1886477822148778e-06,0.00017022457776412651,0.008781882074817381,0.0026051716395314034,-2.7147677085674958e-05
75,2,9,0.14543108796450008,0.021150201346538156,1,-1,3,1,1,2767,0.0050760483231691569,0.072706467307244005,0.067630418984074847,0,0.10000000000000001,0.10000000000000001,0.1322685284794487,0,0,1,1,0.00072280448138778463,1851,0.0076317545030020013,0.062319431063452391,0.054687676560450392,0.0004881950877484748,0.056237491661107405,0.055749296573358934,0.084536135522593175,0,0,0,0,0,0.97759306107697863,-0.0058855229006993413,0.0014537878750338076,0.026059220941396174,0,0.018115963722768941
75,2,9,0.14543108796450008,0.021150201346538156,-1,1,1,0,1,58,0,0.0016920161077230522,0.0016920161077230522,0,0.0016939369582442353,0.0016939369582442353,0.002394256657086466,1,0,1,0,0.034482758620689655,0,nan,nan,nan,nan,nan,nan,0,0,0,0,0,nan,0,-7.7340060591413792e-11,4.9184322439222981e-09,0,0,2.5795525570978295e-05
75,2,9,0.14543108796450008,0.021150201346538156,-1,1,3,1,1,3977,0.0050760483231691569,0.072706467307244005,0.067630418984074847,0,0.10000000000000001,0.10000000000000001,0.20536581421025307,0,0,1,1,0.00050289162685441288,0,nan,nan,nan,nan,nan,nan,0,0,0,0,0,nan,0.21222026653256224,-0.0091448055311074937,-1.1451674035177071e-05,0.014694231628108101,0,0.036579222124429996
75,2,9,0.14543108796450008,0.021150201346538156,-1,-1,3,1,1,3977,0.0050760483231691569,0.072706467307244005,0.067630418984074847,0,0.10000000000000001,0.10000000000000001,0.20536581421025307,0,0,1,1,0.00050289162685441288,0,nan,nan,nan,nan,nan,nan,0,0,0,0,0,nan,0.21222026653256224,-0.0091448055311074937,-1.1451674035177071e-05,0.0055823204217006111,0,0.036579222124429996
76,9,2,0.14543108796450008,0.021150201346538156,1,1,1,0,1,2721,0.0016920161077230522,0.062466186452364902,0.060774170344641852,0,0.10000000000000001,0.10000000000000001,0.13486958393650686,0,0,1,1,0.00073502388827636903,2095,0.0053368912608405599,0.062466186452364902,0.057129295191524342,0.00029389612426666812,0.078519012675116739,0.078225116550850071,0.10921334047416237,0,0,0,0,0,0.86255053289231898,-0.00020711409411644638,0.0014537878750338076,0.019643217605866195,0,0.0029697154159751549
76,9,2,0.14543108796450008,0.021150201346538156,1,1,3,1,1,2767,0.0050760483231691569,0.072706467307244005,0.067630418984074847,0,0.10000000000000001,0.10000000000000001,0.1322685284794487,0,0,1,1,0.00072280448138778463,1851,0.0076317545030020013,0.062319431063452391,0.054687676560450392,0.0004881950877484748,0.056237491661107405,0.055749296573358934,0.084536135522593175,0,0,0,0,0,0.97759306107697863,-0.0058855229006993413,0.0014537878750338076,0.039157432819878636,0,0.018115963722768941
76,9,2,0.14543108796450008,0.021150201346538156,1,-1,1,0,1,9,0.0079064315347060436,0.0081090939699552337,0.00020266243524919014,0.00052917926614600623,0.00055796592828261072,2.8786662136604489e-05,0.00041306043530760797,0,0,0,0,0,8,0.0079064315347060436,0.0080587058038692466,0.000152274269163203,0.00052917926614600623,0.00055796592828261072,2.8786662136604489e-05,0.00033532603280164253,0,0,0,0,0,0.88888888888888884,2.85356841681285e-08,3.3449840315532086e-06,0.0011373896877901887,0,4.2185742679592343e-08
76,9,2,0.14543108796450008,0.021150201346538156,1,-1,1,0,2,3597,0.0083070846065026807,0.062071703312442092,0.053764618705939411,0.0005878842678238512,0.053289836913746877,0.052701952645923027,0.16492287205118283,0,0,0,0,0,1955,0.0083070846065026807,0.062071703312442092,0.053764618705939411,0.00058968937850913334,0.053289836913746877,0.052700147535237746,0.15935953034639838,0,0,0,0,0,0.54350847928829582,-4.7851067698360406e-05,0.0014537878750338076,0.014039407563997623,0,0.00055956328261703547
76,9,2,0.14543108796450008,0.021150201346538156,1,-1,1,0,3,17,0.062075236212487866,0.062124288451185831,4.9052238697964989e-05,0.053354275787464676,0.053772561222174449,0.00041828543470977253,0.00087331287360891329,0,0,0,0,0,17,0.062075236212487866,0.062124288451185831,4.9052238697964989e-05,0.053354275787464676,0.053772561222174449,0.00041828543470977253,0.00087331287360891329,0,0,0,0,0,1,2.8673837179599848e-06,0.00022757525112444875,0.01090213639727947,0.0013984378900074414,-7.8225141288338604e-06
76,9,2,0.14543108796450008,0.021150201346538156,1,-1,1,0,4,11,0.062144743954718293,0.06217667882607178,3.1934871353486716e-05,0.054026148008846107,0.054297694913628562,0.0002715469047824548,0.00056674692202790555,0,0,0,0,0,11,0.062144743954718293,0.06217667882607178,3.1934871353486716e-05,0.054026148008846107,0.054297694913628562,0.0002715469047824548,0.00056674692202790555,0,0,0,0,0,1,7.1886477822148778e-06,0.00017022457776412651,0.008781882074817381,0.0026051716395314034,-2.7147677085674958e-05
76,9,2,0.14543108796450008,0.021150201346538156,1,-1,3,1,1,2767,0.0050760483231691569,0.072706467307244005,0.067630418984074847,0,0.10000000000000001,0.10000000000000001,0.1322685284794487,0,0,1,1,0.00072280448138778463,1851,0.0076317545030020013,0.062319431063452391,0.054687676560450392,0.0004881950877484748,0.056237491661107405,0.055749296573358934,0.084536135522593175,0,0,0,0,0,0.97759306107697863,-0.0058855229006993413,0.0014537878750338076,0.026059220941396174,0,0.018115963722768941
76,9,2,0.14543108796450008,0.021150201346538156,-1,1,1,0,1,58,0,0.0016920161077230522,0.0016920161077230522,0,0.0016939369582442353,0.0016939369582442353,0.002394256657086466,1,0,1,0,0.034482758620689655,0,nan,nan,nan,nan,nan,nan,0,0,0,0,0,nan,0,-7.7340060591413792e-11,4.9184322439222981e-09,0,0,2.5795525570978295e-05
76,9,2,0.14543108796450008,0.021150201346538156,-1,1,3,1,1,3977,0.0050760483231691569,0.072706467307244005,0.067630418984074847,0,0.10000000000000001,0.10000000000000001,0.20536581421025307,0,0,1,1,0.00050289162685441288,0,nan,nan,nan,nan,nan,nan,0,0,0,0,0,nan,0.21222026653256224,-0.0091448055311074937,-1.1451674035177071e-05,0.014694231628108101,0,0.036579222124429996
76,9,2,0.14543108796450008,0.021150201346538156,-1,-1,3,1,1,3977,0.0050760483231691569,0.072706467307244005,0.067630418984074847,0,0.10000000000000001,0.10000000000000001,0.20536581421025307,0,0,1,1,0.00050289162685441288,0,nan,nan,nan,nan,nan,nan,0,0,0,0,0,nan,0.21222026653256224,-0.0091448055311074937,-1.1451674035177071e-05,0.0055823204217006111,0,0.036579222124429996
77,6,7,0.14548227673504621,0.021165092844012565,1,1,1,0,1,2721,0.0016932074275210051,0.062466174445097042,0.060772967017576035,0,0.10000000000000001,0.10000000000000001,0.13486880743536497,0,0,1,1,0.00073502388827636903,2095,0.0053368912608405599,0.062466174445097042,0.057129283184256481,0.00029387256651329605,0.078519012675116739,0.078225140108603444,0.10921405083117622,0,0,0,0,0,0.86255053289231898,-0.00020725465151629914,0.0014534557721341164,0.019638445421020272,0,0.0029705605401374388
77,6,7,0.14548227673504621,0.021165092844012565,1,1,3,1,1,2767,0.0050796222825630153,0.072707682557315953,0.067628060274752932,0,0.10000000000000001,0.10000000000000001,0.13226596633311183,0,0,1,1,0.00072280448138778463,1851,0.0076317545030020013,0.062319485142317443,0.054687730639315445,0.00048790332519531461,0.056237491661107405,0.055749588335912093,0.084536760007985906,0,0,0,0,0,0.97759306107697863,-0.005886181501906367,0.0014534557721341164,0.039154683826267613,0,0.018118279047511811
77,6,7,0.14548227673504621,0.021165092844012565,1,-1,1,0,1,9,0.0079082399174884924,0.0081032947828288664,0.00019505486534037407,0.00052923626062043776,0.00055767503017766298,2.8438769557225223e-05,0.00039834021677890609,0,0,0,0,0,9,0.0079082399174884924,0.0081032947828288664,0.00019505486534037407,0.00052923626062043776,0.00055767503017766298,2.8438769557225223e-05,0.00039834021677890609,0,0,0,0,0,1,7.1317509428004421e-08,3.3027183778484261e-06,0.0011555566559905972,0.00020334100727230098,-1.6539026095405584e-07
77,6,7,0.14548227673504621,0.021165092844012565,1,-1,1,0,2,3597,0.0083088200928802328,0.062071696661157971,0.053762876568277738,0.00058794268875932327,0.053288824481802832,0.052700881793043511,0.16491857019488618,0,0,0,0,0,1954,0.0083088200928802328,0.062071696661157971,0.053762876568277738,0.000589754044019711,0.053288824481802832,0.052699070437783123,0.15934705955783857,0,0,0,0,0,0.54323046983597445,-4.7931739999111378e-05,0.0014534557721341164,0.014036998494070601,0,0.00055931584094622705
77,6,7,0.14548227673504621,0.021165092844012565,1,-1,1,0,3,17,0.062075330761205166,0.062124282034087111,4.8951272881944674e-05,0.053354364456908727,0.053771564834293586,0.00041720037738485899,0.00087111057156304952,0,0,0,0,0,17,0.062075330761205166,0.062124282034087111,4.8951272881944674e-05,0.053354364456908727,0.053771564834293586,0.00041720037738485899,0.00087111057156304952,0,0,0,0,0,1,2.7735715544203824e-06,0.00022711187401333377,0.01088822940968113,0.0013658659966333528,-7.4623596830368886e-06
77,6,7,0.14548227673504621,0.021165092844012565,1,-1,1,0,4,11,0.062144836707516873,0.062176672624799881,3.1835917283007387e-05,0.054026219888165292,0.054296794433516794,0.00027057454535150266,0.00056475890105957109,0,0,0,0,0,11,0.062144836707516873,0.062176672624799881,3.1835917283007387e-05,0.054026219888165292,0.054296794433516794,0.00027057454535150266,0.00056475890105957109,0,0,0,0,0,1,7.0936709428813981e-06,0.00016971139826435641,0.0087661372761275308,0.0025873613225499766,-2.6777754453710258e-05
77,6,7,0.14548227673504621,0.021165092844012565,1,-1,3,1,1,2767,0.0050796222825630153,0.072707682557315953,0.067628060274752932,0,0.10000000000000001,0.10000000000000001,0.13226596633311183,0,0,1,1,0.00072280448138778463,1851,0.0076317545030020013,0.062319485142317443,0.054687730639315445,0.00048790332519531461,0.056237491661107405,0.055749588335912093,0.084536760007985906,0,0,0,0,0,0.97759306107697863,-0.005886181501906367,0.0014534557721341164,0.026055638147014244,0,0.018118279047511811
77,6,7,0.14548227673504621,0.021165092844012565,-1,1,1,0,1,58,0,0.0016932074275210051,0.0016932074275210051,0,0.0016951310056930462,0.0016951310056930462,0.0023959434484101469,1,0,1,0,0.034482758620689655,0,nan,nan,nan,nan,nan,nan,0,0,0,0,0,nan,0,-7.7335311364075897e-11,4.6693131381300013e-09,0,0,2.5831883775972791e-05
77,6,7,0.14548227673504621,0.021165092844012565,-1,1,3,1,1,3977,0.0050796222825630153,0.072707682557315953,0.067628060274752932,0,0.10000000000000001,0.10000000000000001,0.20535999451666909,0,0,1,1,0.00050289162685441288,0,nan,nan,nan,nan,nan,nan,0,0,0,0,0,nan,0.21222026653256224,-0.0091441711392871595,-1.1467805570449201e-05,0.014694707692315418,0,0.036576684557148659
77,6,7,0.14548227673504621,0.021165092844012565,-1,-1,3,1,1,3977,0.0050796222825630153,0.072707682557315953,0.067628060274752932,0,0.10000000000000001,0.10000000000000001,0.20535999451666909,0,0,1,1,0.00050289162685441288,0,nan,nan,nan,nan,nan,nan,0,0,0,0,0,nan,0.21222026653256224,-0.0091441711392871595,-1.1467805570449201e-05,0.0055822725186366025,0,0.036576684557148659
78,7,6,0.14548227673504621,0.021165092844012565,1,1,1,0,1,2721,0.0016932074275210051,0.062466174445097042,0.060772967017576035,0,0.10000000000000001,0.10000000000000001,0.13486880743536497,0,0,1,1,0.00073502388827636903,2095,0.0053368912608405599,0.062466174445097042,0.057129283184256481,0.00029387256651329605,0.078519012675116739,0.078225140108603444,0.10921405083117622,0,0,0,0,0,0.86255053289231898,-0.00020725465151629914,0.0014534557721341164,0.019638445421020272,0,0.0029705605401374388
78,7,6,0.14548227673504621,0.021165092844012565,1,1,3,1,1,2767,0.0050796222825630153,0.072707682557315953,0.067628060274752932,0,0.10000000000000001,0.10000000000000001,0.13226596633311183,0,0,1,1,0.00072280448138778463,1851,0.0076317545030020013,0.062319485142317443,0.054687730639315445,0.00048790332519531461,0.056237491661107405,0.055749588335912093,0.084536760007985906,0,0,0,0,0,0.97759306107697863,-0.005886181501906367,0.0014534557721341164,0.039154683826267613,0,0.018118279047511811
78,7,6,0.14548227673504621,0.021165092844012565,1,-1,1,0,1,9,0.0079082399174884924,0.0081032947828288664,0.00019505486534037407,0.00052923626062043776,0.00055767503017766298,2.8438769557225223e-05,0.00039834021677890609,0,0,0,0,0,9,0.0079082399174884924,0.0081032947828288664,0.00019505486534037407,0.00052923626062043776,0.00055767503017766298,2.8438769557225223e-05,0.00039834021677890609,0,0,0,0,0,1,7.1317509428004421e-08,3.3027183778484261e-06,0.0011555566559905972,0.00020334100727230098,-1.6539026095405584e-07
78,7,6,0.14548227673504621,0.021165092844012565,1,-1,1,0,2,3597,0.0083088200928802328,0.062071696661157971,0.053762876568277738,0.00058794268875932327,0.053288824481802832,0.052700881793043511,0.16491857019488618,0,0,0,0,0,1954,0.0083088200928802328,0.062071696661157971,0.053762876568277738,0.000589754044019711,0.053288824481802832,0.052699070437783123,0.15934705955783857,0,0,0,0,0,0.54323046983597445,-4.7931739999111378e-05,0.0014534557721341164,0.014036998494070601,0,0.00055931584094622705
78,7,6,0.14548227673504621,0.021165092844012565,1,-1,1,0,3,17,0.062075330761205166,0.062124282034087111,4.8951272881944674e-05,0.053354364456908727,0.053771564834293586,0.00041720037738485899,0.00087111057156304952,0,0,0,0,0,17,0.062075330761205166,0.062124282034087111,4.8951272881944674e-05,0.053354364456908727,0.053771564834293586,0.00041720037738485899,0.00087111057156304952,0,0,0,0,0,1,2.7735715544203824e-06,0.00022711187401333377,0.01088822940968113,0.0013658659966333528,-7.4623596830368886e-06
78,7,6,0.14548227673504621,0.021165092844012565,1,-1,1,0,4,11,0.062144836707516873,0.062176672624799881,3.1835917283007387e-05,0.054026219888165292,0.054296794433516794,0.00027057454535150266,0.00056475890105957109,0,0,0,0,0,11,0.062144836707516873,0.062176672624799881,3.1835917283007387e-05,0.054026219888165292,0.054296794433516794,0.00027057454535150266,0.00056475890105957109,0,0,0,0,0,1,7.0936709428813981e-06,0.00016971139826435641,0.0087661372761275308,0.0025873613225499766,-2.6777754453710258e-05
78,7,6,0.14548227673504621,0.021165092844012565,1,-1,3,1,1,2767,0.0050796222825630153,0.072707682557315953,0.067628060274752932,0,0.10000000000000001,0.10000000000000001,0.13226596633311183,0,0,1,1,0.00072280448138778463,1851,0.0076317545030020013,0.062319485142317443,0.054687730639315445,0.00048790332519531461,0.056237491661107405,0.055749588335912093,0.084536760007985906,0,0,0,0,0,0.97759306107697863,-0.005886181501906367,0.0014534557721341164,0.026055638147014244,0,0.018118279047511811
78,7,6,0.14548227673504621,0.021165092844012565,-1,1,1,0,1,58,0,0.0016932074275210051,0.0016932074275210051,0,0.0016951310056930462,0.0016951310056930462,0.0023959434484101469,1,0,1,0,0.034482758620689655,0,nan,nan,nan,nan,nan,nan,0,0,0,0,0,nan,0,-7.7335311364075897e-11,4.6693131381300013e-09,0,0,2.5831883775972791e-05
78,7,6,0.14548227673504621,0.021165092844012565,-1,1,3,1,1,3977,0.0050796222825630153,0.072707682557315953,0.067628060274752932,0,0.10000000000000001,0.10000000000000001,0.20535999451666909,0,0,1,1,0.00050289162685441288,0,nan,nan,nan,nan,nan,nan,0,0,0,0,0,nan,0.21222026653256224,-0.0091441711392871595,-1.1467805570449201e-05,0.014694707692315418,0,0.036576684557148659
78,7,6,0.14548227673504621,0.021165092844012565,-1,-1,3,1,1,3977,0.0050796222825630153,0.072707682557315953,0.067628060274752932,0,0.10000000000000001,0.10000000000000001,0.20535999451666909,0,0,1,1,0.00050289162685441288,0,nan,nan,nan,nan,nan,nan,0,0,0,0,0,nan,0.21222026653256224,-0.0091441711392871595,-1.1467805570449201e-05,0.0055822725186366025,0,0.036576684557148659
79,5,8,0.14885127449201779,0.022156701917898029,1,1,1,0,1,2719,0.0017725361534318422,0.062465462008225142,0.0606929258547933,0,0.10000000000000001,0.10000000000000001,0.13481603342827772,0,0,1,1,0.000735564545788893,2083,0.0059773182121414274,0.062465462008225142,0.056488143796083717,0.0003517173487770053,0.077518345563709137,0.077166628214932129,0.10759925291418464,0,0,0,0,0,0.85399043766090477,-0.00021611371165869398,0.0014313324440574677,0.019331459660892669,0,0.0030268409158478202
79,5,8,0.14885127449201779,0.022156701917898029,1,1,3,1,1,2764,0.0053176084602955271,0.07278863339243577,0.067471024932140244,0,0.10000000000000001,0.10000000000000001,0.13208730011634268,0,0,1,1,0.00072358900144717795,1840,0.0080053368912608395,0.062265579955752132,0.054260243064491294,0.00052945272586891621,0.055370246831220812,0.054840794105351899,0.083330335315294907,0,0,0,0,0,0.97539797395079597,-0.0059300540343288806,0.0014313324440574677,0.039072185081479686,0,0.018272554644896223
79,5,8,0.14885127449201779,0.022156701917898029,1,-1,1,0,1,15,0.0084256225422910565,0.0087216966764411853,0.00029607413415012884,0.00059270041626620991,0.00064695618859461255,5.4255772328402636e-05,0.00062664665261716313,0,0,0,0,0,13,0.0084256225422910565,0.0086991327551701123,0.00027351021287905578,0.00059383953396031507,0.00064695618859461255,5.3116654634297478e-05,0.00057298522229094631,0,0,0,0,0,0.8666666666666667,-6.2036214557192959e-07,5.7626759885579165e-06,0.0014963308010811141,0,2.872799547935403e-06
79,5,8,0.14885127449201779,0.022156701917898029,1,-1,1,0,2,3573,0.0088104986937067448,0.062071259408730255,0.05326076071502351,0.00065337642947578187,0.053221891147003784,0.052568514717528006,0.16380401961274643,0,0,0,0,0,1940,0.0088104986937067448,0.062071259408730255,0.05326076071502351,0.00065495455252092747,0.053221891147003784,0.05256693659448286,0.15830849761153074,0,0,0,0,0,0.54296109711726837,-4.6865205344353832e-05,0.0014313324440574677,0.013954178608406944,0,0.00054293149952412169
79,5,8,0.14885127449201779,0.022156701917898029,1,-1,1,0,3,15,0.062081626660334913,0.062123860035074328,4.2233374739415741e-05,0.053358780967332681,0.05370770515680269,0.00034892418947000958,0.00073141003865411728,0,0,0,0,0,14,0.062081626660334913,0.062123352922580165,4.1726262245252166e-05,0.053358780967332681,0.05370770515680269,0.00034892418947000958,0.00073114154102621866,0,0,0,0,0,0.93333333333333335,-3.5141500916347788e-06,0.00019571958936295369,0.0095987342714034512,0,1.675543449102017e-05
79,5,8,0.14885127449201779,0.022156701917898029,1,-1,1,0,4,11,0.062151013018318227,0.062176264773481434,2.5251755163206713e-05,0.054029796565122495,0.05423683241484073,0.00020703584971823452,0.00043399881033577293,0,0,0,0,0,11,0.062151013018318227,0.062176264773481434,2.5251755163206713e-05,0.054029796565122495,0.05423683241484073,0.00020703584971823452,0.00043399881033577293,0,0,0,0,0,1,7.3083863985652304e-07,0.00013469499856383273,0.0075329697463317104,0.00069288525937778722,-1.9203599306520938e-06
79,5,8,0.14885127449201779,0.022156701917898029,1,-1,3,1,1,2764,0.0053176084602955271,0.07278863339243577,0.067471024932140244,0,0.10000000000000001,0.10000000000000001,0.13208730011634268,0,0,1,1,0.00072358900144717795,1840,0.0080053368912608395,0.062265579955752132,0.054260243064491294,0.00052945272586891621,0.055370246831220812,0.054840794105351899,0.083330335315294907,0,0,0,0,0,0.97539797395079597,-0.0059300540343288806,0.0014313324440574677,0.025874434092923015,0,0.018272554644896223
79,5,8,0.14885127449201779,0.022156701917898029,-1,1,1,0,1,61,0,0.0017725361534318422,0.0017725361534318422,0,0.0017746446681988072,0.0017746446681988072,0.0025082679916471075,1,0,1,0,0.032786885245901641,0,nan,nan,nan,nan,nan,nan,0,0,0,0,0,nan,0.016393442622950821,-4.4153275317441217e-11,3.6579810261889908e-08,8.0082935021104268e-08,0,2.8310605351374393e-05
79,5,8,0.14885127449201779,0.022156701917898029,-1,1,3,1,1,3976,0.0053176084602955271,0.07278863339243577,0.067471024932140244,0,0.10000000000000001,0.10000000000000001,0.20528745763456843,0,0,1,1,0.00050301810865191151,0,nan,nan,nan,nan,nan,nan,0,0,0,0,0,nan,0.2152917505030181,-0.0091018624301250975,-1.2567537660891808e-05,0.014786195202388918,0,0.036407449720500404
79,5,8,0.14885127449201779,0.022156701917898029,-1,-1,3,1,1,3976,0.0053176084602955271,0.07278863339243577,0.067471024932140244,0,0.10000000000000001,0.10000000000000001,0.20528745763456843,0,0,1,1,0.00050301810865191151,0,nan,nan,nan,nan,nan,nan,0,0,0,0,0,nan,0.2152917505030181,-0.0091018624301250975,-1.2567537660891808e-05,0.0056104799239279357,0,0.036407449720500404
80,8,5,0.14885127449201779,0.022156701917898029,1,1,1,0,1,2719,0.0017725361534318422,0.062465462008225142,0.0606929258547933,0,0.10000000000000001,0.10000000000000001,0.13481603342827772,0,0,1,1,0.000735564545788893,2083,0.0059773182121414274,0.062465462008225142,0.056488143796083717,0.0003517173487770053,0.077518345563709137,0.077166628214932129,0.10759925291418464,0,0,0,0,0,0.85399043766090477,-0.00021611371165869398,0.0014313324440574677,0.019331459660892669,0,0.0030268409158478202
80,8,5,0.14885127449201779,0.022156701917898029,1,1,3,1,1,2764,0.0053176084602955271,0.07278863339243577,0.067471024932140244,0,0.10000000000000001,0.10000000000000001,0.13208730011634268,0,0,1,1,0.00072358900144717795,1840,0.0080053368912608395,0.062265579955752132,0.054260243064491294,0.00052945272586891621,0.055370246831220812,0.054840794105351899,0.083330335315294907,0,0,0,0,0,0.97539797395079597,-0.0059300540343288806,0.0014313324440574677,0.039072185081479686,0,0.018272554644896223
80,8,5,0.14885127449201779,0.022156701917898029,1,-1,1,0,1,15,0.0084256225422910565,0.0087216966764411853,0.00029607413415012884,0.00059270041626620991,0.00064695618859461255,5.4255772328402636e-05,0.00062664665261716313,0,0,0,0,0,13,0.0084256225422910565,0.0086991327551701123,0.00027351021287905578,0.00059383953396031507,0.00064695618859461255,5.3116654634297478e-05,0.00057298522229094631,0,0,0,0,0,0.8666666666666667,-6.2036214557192959e-07,5.7626759885579165e-06,0.0014963308010811141,0,2.872799547935403e-06
80,8,5,0.14885127449201779,0.022156701917898029,1,-1,1,0,2,3573,0.0088104986937067448,0.062071259408730255,0.05326076071502351,0.00065337642947578187,0.053221891147003784,0.052568514717528006,0.16380401961274643,0,0,0,0,0,1940,0.0088104986937067448,0.062071259408730255,0.05326076071502351,0.00065495455252092747,0.053221891147003784,0.05256693659448286,0.15830849761153074,0,0,0,0,0,0.54296109711726837,-4.6865205344353832e-05,0.0014313324440574677,0.013954178608406944,0,0.00054293149952412169
80,8,5,0.14885127449201779,0.022156701917898029,1,-1,1,0,3,15,0.062081626660334913,0.062123860035074328,4.2233374739415741e-05,0.053358780967332681,0.05370770515680269,0.00034892418947000958,0.00073141003865411728,0,0,0,0,0,14,0.062081626660334913,0.062123352922580165,4.1726262245252166e-05,0.053358780967332681,0.05370770515680269,0.00034892418947000958,0.00073114154102621866,0,0,0,0,0,0.93333333333333335,-3.5141500916347788e-06,0.00019571958936295369,0.0095987342714034512,0,1.675543449102017e-05
80,8,5,0.14885127449201779,0.022156701917898029,1,-1,1,0,4,11,0.062151013018318227,0.062176264773481434,2.5251755163206713e-05,0.054029796565122495,0.05423683241484073,0.00020703584971823452,0.00043399881033577293,0,0,0,0,0,11,0.062151013018318227,0.062176264773481434,2.5251755163206713e-05,0.054029796565122495,0.05423683241484073,0.00020703584971823452,0.00043399881033577293,0,0,0,0,0,1,7.3083863985652304e-07,0.00013469499856383273,0.0075329697463317104,0.00069288525937778722,-1.9203599306520938e-06
80,8,5,0.14885127449201779,0.022156701917898029,1,-1,3,1,1,2764,0.0053176084602955271,0.07278863339243577,0.067471024932140244,0,0.10000000000000001,0.10000000000000001,0.13208730011634268,0,0,1,1,0.00072358900144717795,1840,0.0080053368912608395,0.062265579955752132,0.054260243064491294,0.00052945272586891621,0.055370246831220812,0.054840794105351899,0.083330335315294907,0,0,0,0,0,0.97539797395079597,-0.0059300540343288806,0.0014313324440574677,0.025874434092923015,0,0.018272554644896223
80,8,5,0.14885127449201779,0.022156701917898029,-1,1,1,0,1,61,0,0.0017725361534318422,0.0017725361534318422,0,0.0017746446681988072,0.0017746446681988072,0.0025082679916471075,1,0,1,0,0.032786885245901641,0,nan,nan,nan,nan,nan,nan,0,0,0,0,0,nan,0.016393442622950821,-4.4153275317441217e-11,3.6579810261889908e-08,8.0082935021104268e-08,0,2.8310605351374393e-05
80,8,5,0.14885127449201779,0.022156701917898029,-1,1,3,1,1,3976,0.0053176084602955271,0.07278863339243577,0.067471024932140244,0,0.10000000000000001,0.10000000000000001,0.20528745763456843,0,0,1,1,0.00050301810865191151,0,nan,nan,nan,nan,nan,nan,0,0,0,0,0,nan,0.2152917505030181,-0.0091018624301250975,-1.2567537660891808e-05,0.014786195202388918,0,0.036407449720500404
80,8,5,0.14885127449201779,0.022156701917898029,-1,-1,3,1,1,3976,0.0053176084602955271,0.07278863339243577,0.067471024932140244,0,0.10000000000000001,0.10000000000000001,0.20528745763456843,0,0,1,1,0.00050301810865191151,0,nan,nan,nan,nan,nan,nan,0,0,0,0,0,nan,0.2152917505030181,-0.0091018624301250975,-1.2567537660891808e-05,0.0056104799239279357,0,0.036407449720500404
81,3,9,0.14965291721178869,0.022395995629998482,1,1,1,0,1,2719,0.0017916796503998789,0.062465312697632239,0.060673633047232362,0,0.10000000000000001,0.10000000000000001,0.13479288358269453,0,0,1,1,0.000735564545788893,2085,0.0059773182121414282,0.062465312697632239,0.056487994485490814,0.00035180435572060119,0.077518345563709137,0.077166541207988534,0.10761142960168643,0,0,0,0,0,0.85288709084222136,-0.00021836776742057416,0.0014259988287847144,0.019262332322438867,0,0.0030404237461572493
81,3,9,0.14965291721178869,0.022395995629998482,1,1,3,1,1,2764,0.0053750389511996359,0.072808181309567663,0.067433142358368031,0,0.10000000000000001,0.10000000000000001,0.13204615752834487,0,0,1,1,0.00072358900144717795,1837,0.0081120747164776519,0.062266662637211284,0.054154587920733632,0.00054211429697341874,0.055370246831220812,0.054828132534247391,0.083232240394479254,0,0,0,0,0,0.97539797395079597,-0.0059406479975247645,0.0014259988287847144,0.03906958154832893,0,0.018309819489140924
81,3,9,0.14965291721178869,0.022395995629998482,1,-1,1,0,1,13,0.0084541663815258464,0.0087167132597633749,0.00026254687823752849,0.00059358832177159389,0.00064201328532487525,4.8424963553281362e-05,0.00055756950382328534,0,0,0,0,0,11,0.0084541663815258464,0.0086991327551701123,0.00024496637364426581,0.00059476569030951834,0.00064201328532487525,4.7247595015356908e-05,0.00051143737419674575,0,0,0,0,0,0.84615384615384615,-6.7583205121294055e-07,5.0105657239180552e-06,0.0013360359050502944,0,3.0151824241997026e-06
81,3,9,0.14965291721178869,0.022395995629998482,1,-1,1,0,2,3557,0.0088381342538908503,0.062018811724785204,0.053180677470894354,0.00065434254691699111,0.052753780695316874,0.052099438148399881,0.16279454116170197,0,0,0,0,0,1924,0.0088381342538908503,0.062018314904613431,0.05318018065072258,0.00065604244430202087,0.052753780695316874,0.052097738251014852,0.15729826700922159,0,0,0,0,0,0.54090525723924654,-4.8232834236773081e-05,0.0014259988287847144,0.013925950507929387,0,0.00053900813821387914
81,3,9,0.14965291721178869,0.022395995629998482,1,-1,1,0,3,17,0.062016106646439161,0.062071155532181461,5.5048885742300935e-05,0.052753214826066541,0.053206180716853652,0.00045296589078711036,0.00094819554231042138,0,0,0,0,0,17,0.062016106646439161,0.062071155532181461,5.5048885742300935e-05,0.052753214826066541,0.053206180716853652,0.00045296589078711036,0.00094819554231042138,0,0,0,0,0,1,1.5401907885933526e-06,0.00023694509822733196,0.011031758134385341,0.00069053196193472879,-1.9073375618137028e-06
81,3,9,0.14965291721178869,0.022395995629998482,1,-1,1,0,4,13,0.062083145977890032,0.062123759741360231,4.0613763470198627e-05,0.053359556193992796,0.053692763294350736,0.00033320710035793927,0.00069901105653241247,0,0,0,0,0,12,0.062083145977890032,0.062123251127787944,4.010514989791214e-05,0.053359556193992796,0.053692763294350736,0.00033320710035793927,0.00069874179058042308,0,0,0,0,0,0.92307692307692313,-5.0431353571576526e-06,0.00018797495224206652,0.0089565420020193999,0,2.2667350730408212e-05
81,3,9,0.14965291721178869,0.022395995629998482,1,-1,1,0,5,9,0.062152503476985532,0.062176167828959024,2.3664351973491649e-05,0.054030426077004798,0.054223159502824962,0.00019273342582016434,0.00040433713995538929,0,0,0,0,0,8,0.062152503476985532,0.062175656954575963,2.315347759043046e-05,0.054030426077004798,0.054223159502824962,0.00019273342582016434,0.00040417176075301548,0,0,0,0,0,0.88888888888888884,-8.155803294747827e-07,0.00012597248606195557,0.0066632800742208852,0,4.1428285442378e-06
81,3,9,0.14965291721178869,0.022395995629998482,1,-1,3,1,1,2764,0.0053750389511996359,0.072808181309567663,0.067433142358368031,0,0.10000000000000001,0.10000000000000001,0.13204615752834487,0,0,1,1,0.00072358900144717795,1837,0.0081120747164776519,0.062266662637211284,0.054154587920733632,0.00054211429697341874,0.055370246831220812,0.054828132534247391,0.083232240394479254,0,0,0,0,0,0.97539797395079597,-0.0059406479975247645,0.0014259988287847144,0.025831198183262891,0,0.018309819489140924
81,3,9,0.14965291721178869,0.022395995629998482,-1,1,1,0,1,61,0,0.0017916796503998789,0.0017916796503998789,0,0.0017938334628851205,0.0017938334628851205,0.0025353747095818425,1,0,1,0,0.032786885245901641,0,nan,nan,nan,nan,nan,nan,0,0,0,0,0,nan,0,-1.0356801049943006e-10,8.1651026241523407e-09,0,0,2.8925779967258191e-05
81,3,9,0.14965291721178869,0.022395995629998482,-1,1,3,1,1,3974,0.0053750389511996359,0.072808181309567663,0.067433142358368031,0,0.10000000000000001,0.10000000000000001,0.20519566616580487,0,0,1,1,0.00050327126321087065,0,nan,nan,nan,nan,nan,nan,0,0,0,0,0,nan,0.21565173628585807,-0.0090916467998997229,-1.2840463878628124e-05,0.01482842528566612,0,0.036366587199598906
81,3,9,0.14965291721178869,0.022395995629998482,-1,-1,3,1,1,3974,0.0053750389511996359,0.072808181309567663,0.067433142358368031,0,0.10000000000000001,0.10000000000000001,0.20519566616580487,0,0,1,1,0.00050327126321087065,0,nan,nan,nan,nan,nan,nan,0,0,0,0,0,nan,0.21565173628585807,-0.0090916467998997229,-1.2840463878628124e-05,0.005620799904870499,0,0.036366587199598906
82,9,3,0.14965291721178869,0.022395995629998482,1,1,1,0,1,2719,0.0017916796503998789,0.062465312697632239,0.060673633047232362,0,0.10000000000000001,0.10000000000000001,0.13479288358269453,0,0,1,1,0.000735564545788893,2085,0.0059773182121414282,0.062465312697632239,0.056487994485490814,0.00035180435572060119,0.077518345563709137,0.077166541207988534,0.10761142960168643,0,0,0,0,0,0.85288709084222136,-0.00021836776742057416,0.0014259988287847144,0.019262332322438867,0,0.0030404237461572493
82,9,3,0.14965291721178869,0.022395995629998482,1,1,3,1,1,2764,0.0053750389511996359,0.072808181309567663,0.067433142358368031,0,0.10000000000000001,0.10000000000000001,0.13204615752834487,0,0,1,1,0.00072358900144717795,1837,0.0081120747164776519,0.062266662637211284,0.054154587920733632,0.00054211429697341874,0.055370246831220812,0.054828132534247391,0.083232240394479254,0,0,0,0,0,0.97539797395079597,-0.0059406479975247645,0.0014259988287847144,0.03906958154832893,0,0.018309819489140924
82,9,3,0.14965291721178869,0.022395995629998482,1,-1,1,0,1,13,0.0084541663815258464,0.0087167132597633749,0.00026254687823752849,0.00059358832177159389,0.00064201328532487525,4.8424963553281362e-05,0.00055756950382328534,0,0,0,0,0,11,0.0084541663815258464,0.0086991327551701123,0.00024496637364426581,0.00059476569030951834,0.00064201328532487525,4.7247595015356908e-05,0.00051143737419674575,0,0,0,0,0,0.84615384615384615,-6.7583205121294055e-07,5.0105657239180552e-06,0.0013360359050502944,0,3.0151824241997026e-06
82,9,3,0.14965291721178869,0.022395995629998482,1,-1,1,0,2,3557,0.0088381342538908503,0.062018811724785204,0.053180677470894354,0.00065434254691699111,0.052753780695316874,0.052099438148399881,0.16279454116170197,0,0,0,0,0,1924,0.0088381342538908503,0.062018314904613431,0.05318018065072258,0.00065604244430202087,0.052753780695316874,0.052097738251014852,0.15729826700922159,0,0,0,0,0,0.54090525723924654,-4.8232834236773081e-05,0.0014259988287847144,0.013925950507929387,0,0.00053900813821387914
82,9,3,0.14965291721178869,0.022395995629998482,1,-1,1,0,3,17,0.062016106646439161,0.062071155532181461,5.5048885742300935e-05,0.052753214826066541,0.053206180716853652,0.00045296589078711036,0.00094819554231042138,0,0,0,0,0,17,0.062016106646439161,0.062071155532181461,5.5048885742300935e-05,0.052753214826066541,0.053206180716853652,0.00045296589078711036,0.00094819554231042138,0,0,0,0,0,1,1.5401907885933526e-06,0.00023694509822733196,0.011031758134385341,0.00069053196193472879,-1.9073375618137028e-06
82,9,3,0.14965291721178869,0.022395995629998482,1,-1,1,0,4,13,0.062083145977890032,0.062123759741360231,4.0613763470198627e-05,0.053359556193992796,0.053692763294350736,0.00033320710035793927,0.00069901105653241247,0,0,0,0,0,12,0.062083145977890032,0.062123251127787944,4.010514989791214e-05,0.053359556193992796,0.053692763294350736,0.00033320710035793927,0.00069874179058042308,0,0,0,0,0,0.92307692307692313,-5.0431353571576526e-06,0.00018797495224206652,0.0089565420020193999,0,2.2667350730408212e-05
82,9,3,0.14965291721178869,0.022395995629998482,1,-1,1,0,5,9,0.062152503476985532,0.062176167828959024,2.3664351973491649e-05,0.054030426077004798,0.054223159502824962,0.00019273342582016434,0.00040433713995538929,0,0,0,0,0,8,0.062152503476985532,0.062175656954575963,2.315347759043046e-05,0.054030426077004798,0.054223159502824962,0.00019273342582016434,0.00040417176075301548,0,0,0,0,0,0.88888888888888884,-8.155803294747827e-07,0.00012597248606195557,0.0066632800742208852,0,4.1428285442378e-06
82,9,3,0.14965291721178869,0.022395995629998482,1,-1,3,1,1,2764,0.0053750389511996359,0.072808181309567663,0.067433142358368031,0,0.10000000000000001,0.10000000000000001,0.13204615752834487,0,0,1,1,0.00072358900144717795,1837,0.0081120747164776519,0.062266662637211284,0.054154587920733632,0.00054211429697341874,0.055370246831220812,0.054828132534247391,0.083232240394479254,0,0,0,0,0,0.97539797395079597,-0.0059406479975247645,0.0014259988287847144,0.025831198183262891,0,0.018309819489140924
82,9,3,0.14965291721178869,0.022395995629998482,-1,1,1,0,1,61,0,0.0017916796503998789,0.0017916796503998789,0,0.0017938334628851205,0.0017938334628851205,0.0025353747095818425,1,0,1,0,0.032786885245901641,0,nan,nan,nan,nan,nan,nan,0,0,0,0,0,nan,0,-1.0356801049943006e-10,8.1651026241523407e-09,0,0,2.8925779967258191e-05
82,9,3,0.14965291721178869,0.022395995629998482,-1,1,3,1,1,3974,0.0053750389511996359,0.072808181309567663,0.067433142358368031,0,0.10000000000000001,0.10000000000000001,0.20519566616580487,0,0,1,1,0.00050327126321087065,0,nan,nan,nan,nan,nan,nan,0,0,0,0,0,nan,0.21565173628585807,-0.0090916467998997229,-1.2840463878628124e-05,0.01482842528566612,0,0.036366587199598906
82,9,3,0.14965291721178869,0.022395995629998482,-1,-1,3,1,1,3974,0.0053750389511996359,0.072808181309567663,0.067433142358368031,0,0.10000000000000001,0.10000000000000001,0.20519566616580487,0,0,1,1,0.00050327126321087065,0,nan,nan,nan,nan,nan,nan,0,0,0,0,0,nan,0.21565173628585807,-0.0090916467998997229,-1.2840463878628124e-05,0.005620799904870499,0,0.036366587199598906
83,4,9,0.1553694723422171,0.024139672935898967,1,1,1,0,1,2716,0.0019311738348719177,0.062464435924983394,0.060533262090111478,0,0.10000000000000001,0.10000000000000001,0.13471803286740469,0,0,1,1,0.00073637702503681884,2054,0.0066711140760507001,0.062464435924983394,0.055793321848932695,0.00041885633547798529,0.075850567044696462,0.075431710709218475,0.10531076202626659,0,0,0,0,0,0.83284241531664216,-0.00023406942666422288,0.0013871949047020739,0.018716093532002376,0,0.0031394146752114381
83,4,9,0.1553694723422171,0.024139672935898967,1,1,3,1,1,2758,0.0057916501294481039,0.072950743814191366,0.067159093684743265,0,0.10000000000000001,0.10000000000000001,0.13174710620105293,0,0,1,1,0.00072516316171138508,1812,0.0087525016677785193,0.062216393708036249,0.053463892040257727,0.00061504885153429553,0.054636424282855235,0.054021375431320941,0.081919374677941359,0,0,0,0,0,0.97244379985496732,-0.0060179108667705733,0.0013871949047020739,0.038933609383156702,0,0.018581735474103168
83,4,9,0.1553694723422171,0.024139672935898967,1,-1,1,0,1,11,0.0090427443096776829,0.00924654706587511,0.00020380275619742705,0.00066188711580886684,0.0007007001138749061,3.881299806603926e-05,0.00043414433003875405,0,0,0,0,0,9,0.0090427443096776829,0.009232821881254169,0.0001900775715764861,0.00066312782396135705,0.0007007001138749061,3.7572289913549045e-05,0.00039505846915564391,0,0,0,0,0,0.81818181818181823,-4.9069096750933803e-07,4.1956523598579258e-06,0.0012366753403128317,0,2.1512753817703053e-06
83,4,9,0.1553694723422171,0.024139672935898967,1,-1,1,0,2,3515,0.0094102014204726532,0.061964895212223203,0.052554693791750554,0.00072261209066744802,0.052210052803764444,0.051487440713096994,0.16058601712263598,0,0,0,0,0,1907,0.0094102014204726532,0.061964895212223203,0.052554693791750554,0.00072440026147084242,0.052210052803764444,0.051485652542293599,0.1553373798376485,0,0,0,0,0,0.54253200568990045,-4.0127960756862946e-05,0.0013871949047020739,0.013753951638379848,0,0.00051093188619204526
83,4,9,0.1553694723422171,0.024139672935898967,1,-1,1,0,3,17,0.06196390566729134,0.062017545159645762,5.363949235442228e-05,0.052213669736025148,0.052637823236143744,0.00042415350011859587,0.00088556263101582065,0,0,0,0,0,17,0.06196390566729134,0.062017545159645762,5.363949235442228e-05,0.052213669736025148,0.052637823236143744,0.00042415350011859587,0.00088556263101582065,0,0,0,0,0,1,1.2679978227761387e-05,0.00022716077681216368,0.011227212668286428,0.0034342320571281336,-4.7175799288826133e-05
83,4,9,0.1553694723422171,0.024139672935898967,1,-1,1,0,4,13,0.062027572557003599,0.06207041713682148,4.2844579817881423e-05,0.052759814368678756,0.053094971377049924,0.00033515700837116746,0.00070584677380217098,0,0,0,0,0,10,0.062027572557003599,0.062069910642845519,4.2338085841919781e-05,0.052768512341561033,0.053094971377049924,0.00032645903548889077,0.00058872127229155254,0,0,0,0,0,0.76923076923076927,-9.8002888276303994e-06,0.000182514479449713,0.008460038325998346,0,4.177113295164392e-05
83,4,9,0.1553694723422171,0.024139672935898967,1,-1,1,0,5,9,0.062102157272334563,0.062122528266827418,2.0370994492854844e-05,0.053425618760609001,0.053588095793531,0.00016247703292199961,0.00033792750449755719,0,0,0,0,0,9,0.062102157272334563,0.062122528266827418,2.0370994492854844e-05,0.053425618760609001,0.053588095793531,0.00016247703292199961,0.00033792750449755719,0,0,0,0,0,1,2.0715683539062355e-05,0.00011941250258946644,0.0078668595803333095,0.0045364524039328558,-8.2317601652592742e-05
83,4,9,0.1553694723422171,0.024139672935898967,1,-1,3,1,1,2758,0.0057916501294481039,0.072950743814191366,0.067159093684743265,0,0.10000000000000001,0.10000000000000001,0.13174710620105293,0,0,1,1,0.00072516316171138508,1812,0.0087525016677785193,0.062216393708036249,0.053463892040257727,0.00061504885153429553,0.054636424282855235,0.054021375431320941,0.081919374677941359,0,0,0,0,0,0.97244379985496732,-0.0060179108667705733,0.0013871949047020739,0.025510898691434358,0,0.018581735474103168
83,4,9,0.1553694723422171,0.024139672935898967,-1,1,1,0,1,66,0,0.0019311738348719177,0.0019311738348719177,0,0.0019336768603011941,0.0019336768603011941,0.0027329102208621743,1,0,1,0,0.030303030303030304,0,nan,nan,nan,nan,nan,nan,0,0,0,0,0,nan,0.015151515151515152,-7.6152295405389615e-11,1.4486946935150955e-08,1.454025577172715e-07,0,3.3608400468734401e-05
83,4,9,0.1553694723422171,0.024139672935898967,-1,1,3,1,1,3960,0.0057916501294481039,0.072950743814191366,0.067159093684743265,0,0.10000000000000001,0.10000000000000001,0.20451378848920582,0,0,1,1,0.00050505050505050505,0,nan,nan,nan,nan,nan,nan,0,0,0,0,0,nan,0.21868686868686868,-0.0090172192142700201,-1.4917729521975628e-05,0.015017093537438896,0,0.036068876857080101
83,4,9,0.1553694723422171,0.024139672935898967,-1,-1,3,1,1,3960,0.0057916501294481039,0.072950743814191366,0.067159093684743265,0,0.10000000000000001,0.10000000000000001,0.20451378848920582,0,0,1,1,0.00050505050505050505,0,nan,nan,nan,nan,nan,nan,0,0,0,0,0,nan,0.21868686868686868,-0.0090172192142700201,-1.4917729521975628e-05,0.0056705255365331773,0,0.036068876857080101
84,9,4,0.1553694723422171,0.024139672935898967,1,1,1,0,1,2716,0.0019311738348719177,0.062464435924983394,0.060533262090111478,0,0.10000000000000001,0.10000000000000001,0.13471803286740469,0,0,1,1,0.00073637702503681884,2054,0.0066711140760507001,0.062464435924983394,0.055793321848932695,0.00041885633547798529,0.075850567044696462,0.075431710709218475,0.10531076202626659,0,0,0,0,0,0.83284241531664216,-0.00023406942666422288,0.0013871949047020739,0.018716093532002376,0,0.0031394146752114381
84,9,4,0.1553694723422171,0.024139672935898967,1,1,3,1,1,2758,0.0057916501294481039,0.072950743814191366,0.067159093684743265,0,0.10000000000000001,0.10000000000000001,0.13174710620105293,0,0,1,1,0.00072516316171138508,1812,0.0087525016677785193,0.062216393708036249,0.053463892040257727,0.00061504885153429553,0.054636424282855235,0.054021375431320941,0.081919374677941359,0,0,0,0,0,0.97244379985496732,-0.0060179108667705733,0.0013871949047020739,0.038933609383156702,0,0.018581735474103168
84,9,4,0.1553694723422171,0.024139672935898967,1,-1,1,0,1,11,0.0090427443096776829,0.00924654706587511,0.00020380275619742705,0.00066188711580886684,0.0007007001138749061,3.881299806603926e-05,0.00043414433003875405,0,0,0,0,0,9,0.0090427443096776829,0.009232821881254169,0.0001900775715764861,0.00066312782396135705,0.0007007001138749061,3.7572289913549045e-05,0.00039505846915564391,0,0,0,0,0,0.81818181818181823,-4.9069096750933803e-07,4.1956523598579258e-06,0.0012366753403128317,0,2.1512753817703053e-06
84,9,4,0.1553694723422171,0.024139672935898967,1,-1,1,0,2,3515,0.0094102014204726532,0.061964895212223203,0.052554693791750554,0.00072261209066744802,0.052210052803764444,0.051487440713096994,0.16058601712263598,0,0,0,0,0,1907,0.0094102014204726532,0.061964895212223203,0.052554693791750554,0.00072440026147084242,0.052210052803764444,0.051485652542293599,0.1553373798376485,0,0,0,0,0,0.54253200568990045,-4.0127960756862946e-05,0.0013871949047020739,0.013753951638379848,0,0.00051093188619204526
84,9,4,0.1553694723422171,0.024139672935898967,1,-1,1,0,3,17,0.06196390566729134,0.062017545159645762,5.363949235442228e-05,0.052213669736025148,0.052637823236143744,0.00042415350011859587,0.00088556263101582065,0,0,0,0,0,17,0.06196390566729134,0.062017545159645762,5.363949235442228e-05,0.052213669736025148,0.052637823236143744,0.00042415350011859587,0.00088556263101582065,0,0,0,0,0,1,1.2679978227761387e-05,0.00022716077681216368,0.011227212668286428,0.0034342320571281336,-4.7175799288826133e-05
84,9,4,0.1553694723422171,0.024139672935898967,1,-1,1,0,4,13,0.062027572557003599,0.06207041713682148,4.2844579817881423e-05,0.052759814368678756,0.053094971377049924,0.00033515700837116746,0.00070584677380217098,0,0,0,0,0,10,0.062027572557003599,0.062069910642845519,4.2338085841919781e-05,0.052768512341561033,0.053094971377049924,0.00032645903548889077,0.00058872127229155254,0,0,0,0,0,0.76923076923076927,-9.8002888276303994e-06,0.000182514479449713,0.008460038325998346,0,4.177113295164392e-05
84,9,4,0.1553694723422171,0.024139672935898967,1,-1,1,0,5,9,0.062102157272334563,0.062122528266827418,2.0370994492854844e-05,0.053425618760609001,0.053588095793531,0.00016247703292199961,0.00033792750449755719,0,0,0,0,0,9,0.062102157272334563,0.062122528266827418,2.0370994492854844e-05,0.053425618760609001,0.053588095793531,0.00016247703292199961,0.00033792750449755719,0,0,0,0,0,1,2.0715683539062355e-05,0.00011941250258946644,0.0078668595803333095,0.0045364524039328558,-8.2317601652592742e-05
84,9,4,0.1553694723422171,0.024139672935898967,1,-1,3,1,1,2758,0.0057916501294481039,0.072950743814191366,0.067159093684743265,0,0.10000000000000001,0.10000000000000001,0.13174710620105293,0,0,1,1,0.00072516316171138508,1812,0.0087525016677785193,0.062216393708036249,0.053463892040257727,0.00061504885153429553,0.054636424282855235,0.054021375431320941,0.081919374677941359,0,0,0,0,0,0.97244379985496732,-0.0060179108667705733,0.0013871949047020739,0.025510898691434358,0,0.018581735474103168
84,9,4,0.1553694723422171,0.024139672935898967,-1,1,1,0,1,66,0,0.0019311738348719177,0.0019311738348719177,0,0.0019336768603011941,0.0019336768603011941,0.0027329102208621743,1,0,1,0,0.030303030303030304,0,nan,nan,nan,nan,nan,nan,0,0,0,0,0,nan,0.015151515151515152,-7.6152295405389615e-11,1.4486946935150955e-08,1.454025577172715e-07,0,3.3608400468734401e-05
84,9,4,0.1553694723422171,0.024139672935898967,-1,1,3,1,1,3960,0.0057916501294481039,0.072950743814191366,0.067159093684743265,0,0.10000000000000001,0.10000000000000001,0.20451378848920582,0,0,1,1,0.00050505050505050505,0,nan,nan,nan,nan,nan,nan,0,0,0,0,0,nan,0.21868686868686868,-0.0090172192142700201,-1.4917729521975628e-05,0.015017093537438896,0,0.036068876857080101
84,9,4,0.1553694723422171,0.024139672935898967,-1,-1,3,1,1,3960,0.0057916501294481039,0.072950743814191366,0.067159093684743265,0,0.10000000000000001,0.10000000000000001,0.20451378848920582,0,0,1,1,0.00050505050505050505,0,nan,nan,nan,nan,nan,nan,0,0,0,0,0,nan,0.21868686868686868,-0.0090172192142700201,-1.4917729521975628e-05,0.0056705255365331773,0,0.036068876857080101
85,7,7,0.15620280436806763,0.024399316092448806,1,1,1,0,1,2716,0.0019519452873959045,0.062464330528248978,0.060512385240853075,0,0.10000000000000001,0.10000000000000001,0.13470261262579244,0,0,1,1,0.00073637702503681884,2052,0.0066711140760507001,0.062464330528248978,0.055793216452198278,0.00041905025832437829,0.075850567044696462,0.075431516786372083,0.1053258842848093,0,0,0,0,0,0.83173784977908694,-0.00023649817344059828,0.0013814198034973134,0.018632011089991712,0,0.0031541574271473777
85,7,7,0.15620280436806763,0.024399316092448806,1,1,3,1,1,2758,0.005852634853814505,0.072971994537604015,0.067119359683789515,0,0.10000000000000001,0.10000000000000001,0.13170240314613801,0,0,1,1,0.00072516316171138508,1809,0.00885923949299533,0.062208453332847566,0.053349213839852236,0.00062806761429061984,0.054569713142094731,0.053941645527804109,0.081754672544914919,0,0,0,0,0,0.97244379985496732,-0.0060294273761100636,0.0013814198034973134,0.038927403784161034,0,0.018622286883001802
85,7,7,0.15620280436806763,0.024399316092448806,1,-1,1,0,1,3515,0.0094402562974413573,0.061964780073658361,0.052524523776217004,0.00072447769604063535,0.052192773953964877,0.051468296257924241,0.16049911439755515,0,0,0,0,0,1909,0.0094402562974413573,0.061964780073658361,0.052524523776217004,0.00072547538093012951,0.052192773953964877,0.051467298573034746,0.15525822012331197,0,0,0,0,0,0.54310099573257464,-3.8432937096033279e-05,0.0013814198034973134,0.013715960164087947,0,0.00050683534553480852
85,7,7,0.15620280436806763,0.024399316092448806,1,-1,1,0,2,15,0.06196571801825685,0.062017433528344997,5.1715510088146122e-05,0.052216839834160506,0.052621321742147925,0.00040448190798741956,0.00084646151495353572,0,0,0,0,0,15,0.06196571801825685,0.062017433528344997,5.1715510088146122e-05,0.052216839834160506,0.052621321742147925,0.00040448190798741956,0.00084646151495353572,0,0,0,0,0,1,1.093239459716133e-05,0.00021911635778221764,0.01070534270925041,0.003179469935226339,-4.0436116276032717e-05
85,7,7,0.15620280436806763,0.024399316092448806,1,-1,1,0,3,13,0.062029279894250923,0.062070309892536063,4.1029998285140035e-05,0.052760458617009467,0.053079284701679608,0.00031882608467014018,0.00067192757711487824,0,0,0,0,0,10,0.062029279894250923,0.062069801743126582,4.0521848875658961e-05,0.05276851234156104,0.053079284701679608,0.00031077236011856774,0.00055725523142944407,0,0,0,0,0,0.76923076923076927,-1.1506182809394673e-05,0.00017412554185122642,0.008256403373232744,0,4.8380781389269404e-05
85,7,7,0.15620280436806763,0.024399316092448806,1,-1,1,0,4,9,0.062103912615336515,0.062122423383554594,1.8510768218078788e-05,0.053428000912922026,0.053572938555996673,0.00014493764307464685,0.00030252345864315505,0,0,0,0,0,9,0.062103912615336515,0.062122423383554594,1.8510768218078788e-05,0.053428000912922026,0.053572938555996673,0.00014493764307464685,0.00030252345864315505,0,0,0,0,0,1,1.8940438822174681e-05,0.00010959139527269012,0.0075662333735830485,0.0043391176047838176,-7.5311766352579416e-05
85,7,7,0.15620280436806763,0.024399316092448806,1,-1,3,1,1,2758,0.005852634853814505,0.072971994537604015,0.067119359683789515,0,0.10000000000000001,0.10000000000000001,0.13170240314613801,0,0,1,1,0.00072516316171138508,1809,0.00885923949299533,0.062208453332847566,0.053349213839852236,0.00062806761429061984,0.054569713142094731,0.053941645527804109,0.081754672544914919,0,0,0,0,0,0.97244379985496732,-0.0060294273761100636,0.0013814198034973134,0.025462769526772025,0,0.018622286883001802
85,7,7,0.15620280436806763,0.024399316092448806,-1,1,1,0,1,67,0,0.0019519452873959045,0.0019519452873959045,0,0.0019545034783185295,0.0019545034783185295,0.0027623270706351815,1,0,1,0,0.029850746268656716,0,nan,nan,nan,nan,nan,nan,0,0,0,0,0,nan,0,-1.7155821732829359e-10,1.1230356891127361e-08,0,0,3.4335764899679452e-05
85,7,7,0.15620280436806763,0.024399316092448806,-1,1,3,1,1,3958,0.005852634853814505,0.072971994537604015,0.067119359683789515,0,0.10000000000000001,0.10000000000000001,0.20439996591941129,0,0,1,1,0.00050530570995452253,0,nan,nan,nan,nan,nan,nan,0,0,0,0,0,nan,0.21930267812026275,-0.0090061305882850433,-1.5240361619948322e-05,0.015064125156161541,0,0.036024522353140187
85,7,7,0.15620280436806763,0.024399316092448806,-1,-1,3,1,1,3958,0.005852634853814505,0.072971994537604015,0.067119359683789515,0,0.10000000000000001,0.10000000000000001,0.20439996591941129,0,0,1,1,0.00050530570995452253,0,nan,nan,nan,nan,nan,nan,0,0,0,0,0,nan,0.21930267812026275,-0.0090061305882850433,-1.5240361619948322e-05,0.0056836287288541606,0,0.036024522353140187
86,0,10,0.15770509081495293,0.02487089566895255,1,1,1,0,1,2715,0.001989671653516204,0.062464152072842075,0.06047448041932587,0,0.10000000000000001,0.10000000000000001,0.13467640800056074,0,0,1,1,0.00073664825046040514,2049,0.0066711140760507001,0.062464152072842075,0.055793037996791375,0.00041925298129311806,0.075850567044696476,0.075431314063403365,0.10534209206730694,0,0,0,0,0,0.82688766114180479,-0.00024090493721097079,0.0013709552981274536,0.018487592931993275,0,0.0031809357662449865
86,0,10,0.15770509081495293,0.02487089566895255,1,1,3,1,1,2757,0.0059634995967700333,0.073010597611827766,0.067047098015057732,0,0.10000000000000001,0.10000000000000001,0.13162133624054412,0,0,1,1,0.00072542618788538264,1805,0.009072715143428953,0.062210633541311455,0.053137918397882504,0.00065630628183634696,0.054569713142094731,0.053913406860258382,0.081557723608967,0,0,0,0,0,0.97207109176641282,-0.0060503488470077266,0.0013709552981274536,0.038895566235560036,0,0.018695968970185866
86,0,10,0.15770509081495293,0.02487089566895255,1,-1,1,0,1,15,0.0094952040410541637,0.0097937119699414901,0.00029850792888732637,0.00072625477980945883,0.00078404586759421959,5.779108778476076e-05,0.00063268669007624477,0,0,0,0,0,14,0.0094952040410541637,0.0097937119699414901,0.00029850792888732637,0.00072734811222796764,0.00078404586759421959,5.6697755366251945e-05,0.0006319020887399782,0,0,0,0,0,0.93333333333333335,-4.1919053899634657e-07,6.7770110317467353e-06,0.0016895043634757028,0,2.068141628100428e-06
86,0,10,0.15770509081495293,0.02487089566895255,1,-1,1,0,2,3495,0.0098512382561484115,0.06196457296790614,0.052113334711757726,0.00078696106358452304,0.052161608047987015,0.051374646984402493,0.15960694086511379,0,0,0,0,0,1892,0.0098512382561484115,0.06196457296790614,0.052113334711757726,0.00078833877488901068,0.052161608047987015,0.051373269273098002,0.15437303443799943,0,0,0,0,0,0.54134477825464955,-3.921172887622198e-05,0.0013709552981274536,0.013702289509733942,0,0.00049938045516231073
86,0,10,0.15770509081495293,0.02487089566895255,1,-1,1,0,3,15,0.061969009719498473,0.062017232688939647,4.8222969441173713e-05,0.052220686983409099,0.052591529371372028,0.00037084238796292884,0.00077851499061668559,0,0,0,0,0,15,0.061969009719498473,0.062017232688939647,4.8222969441173713e-05,0.052220686983409099,0.052591529371372028,0.00037084238796292884,0.00077851499061668559,0,0,0,0,0,1,7.7489067549652408e-06,0.00020433580209845288,0.010299739224232102,0.0026520501323750753,-2.8133479618522618e-05
86,0,10,0.15770509081495293,0.02487089566895255,1,-1,1,0,4,11,0.062040218786563656,0.062069605843546656,2.9387056983000426e-05,0.052812484921747949,0.053050793614811825,0.0002383086930638767,0.00049166366467359246,0,0,0,0,0,11,0.062040218786563656,0.062069605843546656,2.9387056983000426e-05,0.052812484921747949,0.053050793614811825,0.0002383086930638767,0.00049166366467359246,0,0,0,0,0,1,2.0147621354518112e-05,0.00015199523229037675,0.008960205359590372,0.004456700918861134,-7.9448732320710694e-05
86,0,10,0.15770509081495293,0.02487089566895255,1,-1,3,1,1,2757,0.0059634995967700333,0.073010597611827766,0.067047098015057732,0,0.10000000000000001,0.10000000000000001,0.13162133624054412,0,0,1,1,0.00072542618788538264,1805,0.009072715143428953,0.062210633541311455,0.053137918397882504,0.00065630628183634696,0.054569713142094731,0.053913406860258382,0.081557723608967,0,0,0,0,0,0.97207109176641282,-0.0060503488470077266,0.0013709552981274536,0.025372219683030366,0,0.018695968970185866
86,0,10,0.15770509081495293,0.02487089566895255,-1,1,1,0,1,68,0,0.001989671653516204,0.001989671653516204,0,0.0019923295987306967,0.0019923295987306967,0.0028157554654911457,1,0,1,0,0.029411764705882353,0,nan,nan,nan,nan,nan,nan,0,0,0,0,0,nan,0,-9.4218925491277227e-11,4.3791531029794588e-08,0,0,3.5676743859086898e-05
86,0,10,0.15770509081495293,0.02487089566895255,-1,1,3,1,1,3957,0.0059634995967700333,0.073010597611827766,0.067047098015057732,0,0.10000000000000001,0.10000000000000001,0.20419454254252006,0,0,1,1,0.00050543340914834466,0,nan,nan,nan,nan,nan,nan,0,0,0,0,0,nan,0.21986353297952996,-0.0089859941133059885,-1.5835173155223619e-05,0.015119181213051763,0,0.035943976453223982
86,0,10,0.15770509081495293,0.02487089566895255,-1,-1,3,1,1,3957,0.0059634995967700333,0.073010597611827766,0.067047098015057732,0,0.10000000000000001,0.10000000000000001,0.20419454254252006,0,0,1,1,0.00050543340914834466,0,nan,nan,nan,nan,nan,nan,0,0,0,0,0,nan,0.21986353297952996,-0.0089859941133059885,-1.5835173155223619e-05,0.0056981580495050945,0,0.035943976453223982
87,10,0,0.15770509081495293,0.02487089566895255,1,1,1,0,1,2715,0.001989671653516204,0.062464152072842075,0.06047448041932587,0,0.10000000000000001,0.10000000000000001,0.13467640800056074,0,0,1,1,0.00073664825046040514,2049,0.0066711140760507001,0.062464152072842075,0.055793037996791375,0.00041925298129311806,0.075850567044696476,0.075431314063403365,0.10534209206730694,0,0,0,0,0,0.82688766114180479,-0.00024090493721097079,0.0013709552981274536,0.018487592931993275,0,0.0031809357662449865
87,10,0,0.15770509081495293,0.02487089566895255,1,1,3,1,1,2757,0.0059634995967700333,0.073010597611827766,0.067047098015057732,0,0.10000000000000001,0.10000000000000001,0.13162133624054412,0,0,1,1,0.00072542618788538264,1805,0.009072715143428953,0.062210633541311455,0.053137918397882504,0.00065630628183634696,0.054569713142094731,0.053913406860258382,0.081557723608967,0,0,0,0,0,0.97207109176641282,-0.0060503488470077266,0.0013709552981274536,0.038895566235560036,0,0.018695968970185866
87,10,0,0.15770509081495293,0.02487089566895255,1,-1,1,0,1,15,0.0094952040410541637,0.0097937119699414901,0.00029850792888732637,0.00072625477980945883,0.00078404586759421959,5.779108778476076e-05,0.00063268669007624477,0,0,0,0,0,14,0.0094952040410541637,0.0097937119699414901,0.00029850792888732637,0.00072734811222796764,0.00078404586759421959,5.6697755366251945e-05,0.0006319020887399782,0,0,0,0,0,0.93333333333333335,-4.1919053899634657e-07,6.7770110317467353e-06,0.0016895043634757028,0,2.068141628100428e-06
87,10,0,0.15770509081495293,0.02487089566895255,1,-1,1,0,2,3495,0.0098512382561484115,0.06196457296790614,0.052113334711757726,0.00078696106358452304,0.052161608047987015,0.051374646984402493,0.15960694086511379,0,0,0,0,0,1892,0.0098512382561484115,0.06196457296790614,0.052113334711757726,0.00078833877488901068,0.052161608047987015,0.051373269273098002,0.15437303443799943,0,0,0,0,0,0.54134477825464955,-3.921172887622198e-05,0.0013709552981274536,0.013702289509733942,0,0.00049938045516231073
87,10,0,0.15770509081495293,0.02487089566895255,1,-1,1,0,3,15,0.061969009719498473,0.062017232688939647,4.8222969441173713e-05,0.052220686983409099,0.052591529371372028,0.00037084238796292884,0.00077851499061668559,0,0,0,0,0,15,0.061969009719498473,0.062017232688939647,4.8222969441173713e-05,0.052220686983409099,0.052591529371372028,0.00037084238796292884,0.00077851499061668559,0,0,0,0,0,1,7.7489067549652408e-06,0.00020433580209845288,0.010299739224232102,0.0026520501323750753,-2.8133479618522618e-05
87,10,0,0.15770509081495293,0.02487089566895255,1,-1,1,0,4,11,0.062040218786563656,0.062069605843546656,2.9387056983000426e-05,0.052812484921747949,0.053050793614811825,0.0002383086930638767,0.00049166366467359246,0,0,0,0,0,11,0.062040218786563656,0.062069605843546656,2.9387056983000426e-05,0.052812484921747949,0.053050793614811825,0.0002383086930638767,0.00049166366467359246,0,0,0,0,0,1,2.0147621354518112e-05,0.00015199523229037675,0.008960205359590372,0.004456700918861134,-7.9448732320710694e-05
87,10,0,0.15770509081495293,0.02487089566895255,1,-1,3,1,1,2757,0.0059634995967700333,0.073010597611827766,0.067047098015057732,0,0.10000000000000001,0.10000000000000001,0.13162133624054412,0,0,1,1,0.00072542618788538264,1805,0.009072715143428953,0.062210633541311455,0.053137918397882504,0.00065630628183634696,0.054569713142094731,0.053913406860258382,0.081557723608967,0,0,0,0,0,0.97207109176641282,-0.0060503488470077266,0.0013709552981274536,0.025372219683030366,0,0.018695968970185866
87,10,0,0.15770509081495293,0.02487089566895255,-1,1,1,0,1,68,0,0.001989671653516204,0.001989671653516204,0,0.0019923295987306967,0.0019923295987306967,0.0028157554654911457,1,0,1,0,0.029411764705882353,0,nan,nan,nan,nan,nan,nan,0,0,0,0,0,nan,0,-9.4218925491277227e-11,4.3791531029794588e-08,0,0,3.5676743859086898e-05
87,10,0,0.15770509081495293,0.02487089566895255,-1,1,3,1,1,3957,0.0059634995967700333,0.073010597611827766,0.067047098015057732,0,0.10000000000000001,0.10000000000000001,0.20419454254252006,0,0,1,1,0.00050543340914834466,0,nan,nan,nan,nan,nan,nan,0,0,0,0,0,nan,0.21986353297952996,-0.0089859941133059885,-1.5835173155223619e-05,0.015119181213051763,0,0.035943976453223982
87,10,0,0.15770509081495293,0.02487089566895255,-1,-1,3,1,1,3957,0.0059634995967700333,0.073010597611827766,0.067047098015057732,0,0.10000000000000001,0.10000000000000001,0.20419454254252006,0,0,1,1,0.00050543340914834466,0,nan,nan,nan,nan,nan,nan,0,0,0,0,0,nan,0.21986353297952996,-0.0089859941133059885,-1.5835173155223619e-05,0.0056981580495050945,0,0.035943976453223982
88,6,8,0.15778059960360319,0.02489471761127255,1,1,1,0,1,2715,0.0019915774089018035,0.062464143476899187,0.060472566067997384,0,0.10000000000000001,0.10000000000000001,0.13467548671140778,0,0,1,1,0.00073664825046040514,2049,0.0066711140760507001,0.062464143476899187,0.055793029400848487,0.00041925896961593153,0.075850567044696462,0.075431308075080528,0.10534333423181161,0,0,0,0,0,0.82651933701657454,-0.00024092332290823808,0.0013704268075502516,0.018479583702925535,0,0.0031822885369859706
88,6,8,0.15778059960360319,0.02489471761127255,1,1,3,1,1,2757,0.005969102415592762,0.073012548784292919,0.06704344636870016,0,0.10000000000000001,0.10000000000000001,0.13161724706813177,0,0,1,1,0.00072542618788538264,1803,0.009072715143428953,0.062210743675004392,0.05313802853157544,0.00065576969805560936,0.054569713142094731,0.053913943444039124,0.081558717191190566,0,0,0,0,0,0.97134566557852742,-0.0060514061969309191,0.0013704268075502516,0.038891009831354198,0,0.018699693206065775
88,6,8,0.15778059960360319,0.02489471761127255,1,-1,1,0,1,15,0.0094979820026730548,0.0097927821092451302,0.00029480010657207539,0.00072634234843349207,0.00078352073303469025,5.7178384601198179e-05,0.00062525937317588827,0,0,0,0,0,14,0.0094979820026730548,0.0097927821092451302,0.00029480010657207539,0.00072744013115556025,0.00078352073303469025,5.6080601879129996e-05,0.00062445924867496046,0,0,0,0,0,0.93333333333333335,-4.2612712214976216e-07,6.6926083001862517e-06,0.0016806276578439426,0,2.0876426315647909e-06
88,6,8,0.15778059960360319,0.02489471761127255,1,-1,1,0,2,3495,0.0098539491798825991,0.06196456257414748,0.052110613394264885,0.00078705155128407707,0.052160073915619928,0.051373022364335851,0.15960007889163533,0,0,0,0,0,1892,0.0098539491798825991,0.06196456257414748,0.052110613394264885,0.00078844130331694304,0.052160073915619928,0.051371632612302986,0.15436551893919126,0,0,0,0,0,0.54134477825464955,-3.9360544769738315e-05,0.0013704268075502516,0.013698326061576995,0,0.00049900339003837847
88,6,8,0.15778059960360319,0.02489471761127255,1,-1,1,0,3,15,0.061969176000484794,0.062017222608235292,4.8046607750498738e-05,0.05222084087371269,0.052590024403443902,0.00036918352973121238,0.00077513846892742085,0,0,0,0,0,15,0.061969176000484794,0.062017222608235292,4.8046607750498738e-05,0.05222084087371269,0.052590024403443902,0.00036918352973121238,0.00077513846892742085,0,0,0,0,0,1,7.5877768078224316e-06,0.0002035831330738529,0.010278078767619209,0.0026224955000743399,-2.7509930591640646e-05
88,6,8,0.15778059960360319,0.02489471761127255,1,-1,1,0,4,11,0.062040385571951913,0.062069596011634892,2.9210439682979261e-05,0.052813647408922609,0.053049354381516284,0.00023570697259367446,0.00048675958526811681,0,0,0,0,0,11,0.062040385571951913,0.062069596011634892,2.9210439682979261e-05,0.052813647408922609,0.053049354381516284,0.00023570697259367446,0.00048675958526811681,0,0,0,0,0,1,2.0492713356398264e-05,0.00015115848284837988,0.0089458539530765102,0.0044959398510772755,-8.0853900578019012e-05
88,6,8,0.15778059960360319,0.02489471761127255,1,-1,3,1,1,2757,0.005969102415592762,0.073012548784292919,0.06704344636870016,0,0.10000000000000001,0.10000000000000001,0.13161724706813177,0,0,1,1,0.00072542618788538264,1803,0.009072715143428953,0.062210743675004392,0.05313802853157544,0.00065576969805560936,0.054569713142094731,0.053913943444039124,0.081558717191190566,0,0,0,0,0,0.97134566557852742,-0.0060514061969309191,0.0013704268075502516,0.025366306023750618,0,0.018699693206065775
88,6,8,0.15778059960360319,0.02489471761127255,-1,1,1,0,1,68,0,0.0019915774089018035,0.0019915774089018035,0,0.0019942403706079115,0.0019942403706079115,0.0028184544223030057,1,0,1,0,0.029411764705882353,0,nan,nan,nan,nan,nan,nan,0,0,0,0,0,nan,0,-1.163527496921647e-10,2.9082056611950374e-08,0,0,3.574516440652674e-05
88,6,8,0.15778059960360319,0.02489471761127255,-1,1,3,1,1,3957,0.005969102415592762,0.073012548784292919,0.06704344636870016,0,0.10000000000000001,0.10000000000000001,0.20418421094638003,0,0,1,1,0.00050543340914834466,0,nan,nan,nan,nan,nan,nan,0,0,0,0,0,nan,0.21986353297952996,-0.0089849763081420314,-1.5865522302592098e-05,0.015119936496449443,0,0.035939905232568146
88,6,8,0.15778059960360319,0.02489471761127255,-1,-1,3,1,1,3957,0.005969102415592762,0.073012548784292919,0.06704344636870016,0,0.10000000000000001,0.10000000000000001,0.20418421094638003,0,0,1,1,0.00050543340914834466,0,nan,nan,nan,nan,nan,nan,0,0,0,0,0,nan,0.21986353297952996,-0.0089849763081420314,-1.5865522302592098e-05,0.0056980663870809523,0,0.035939905232568146
89,8,6,0.15778059960360319,0.02489471761127255,1,1,1,0,1,2715,0.0019915774089018035,0.062464143476899187,0.060472566067997384,0,0.10000000000000001,0.10000000000000001,0.13467548671140778,0,0,1,1,0.00073664825046040514,2049,0.0066711140760507001,0.062464143476899187,0.055793029400848487,0.00041925896961593153,0.075850567044696462,0.075431308075080528,0.10534333423181161,0,0,0,0,0,0.82651933701657454,-0.00024092332290823808,0.0013704268075502516,0.018479583702925535,0,0.0031822885369859706
89,8,6,0.15778059960360319,0.02489471761127255,1,1,3,1,1,2757,0.005969102415592762,0.073012548784292919,0.06704344636870016,0,0.10000000000000001,0.10000000000000001,0.13161724706813177,0,0,1,1,0.00072542618788538264,1803,0.009072715143428953,0.062210743675004392,0.05313802853157544,0.00065576969805560936,0.054569713142094731,0.053913943444039124,0.081558717191190566,0,0,0,0,0,0.97134566557852742,-0.0060514061969309191,0.0013704268075502516,0.038891009831354198,0,0.018699693206065775
89,8,6,0.15778059960360319,0.02489471761127255,1,-1,1,0,1,15,0.0094979820026730548,0.0097927821092451302,0.00029480010657207539,0.00072634234843349207,0.00078352073303469025,5.7178384601198179e-05,0.00062525937317588827,0,0,0,0,0,14,0.0094979820026730548,0.0097927821092451302,0.00029480010657207539,0.00072744013115556025,0.00078352073303469025,5.6080601879129996e-05,0.00062445924867496046,0,0,0,0,0,0.93333333333333335,-4.2612712214976216e-07,6.6926083001862517e-06,0.0016806276578439426,0,2.0876426315647909e-06
89,8,6,0.15778059960360319,0.02489471761127255,1,-1,1,0,2,3495,0.0098539491798825991,0.06196456257414748,0.052110613394264885,0.00078705155128407707,0.052160073915619928,0.051373022364335851,0.15960007889163533,0,0,0,0,0,1892,0.0098539491798825991,0.06196456257414748,0.052110613394264885,0.00078844130331694304,0.052160073915619928,0.051371632612302986,0.15436551893919126,0,0,0,0,0,0.54134477825464955,-3.9360544769738315e-05,0.0013704268075502516,0.013698326061576995,0,0.00049900339003837847
89,8,6,0.15778059960360319,0.02489471761127255,1,-1,1,0,3,15,0.061969176000484794,0.062017222608235292,4.8046607750498738e-05,0.05222084087371269,0.052590024403443902,0.00036918352973121238,0.00077513846892742085,0,0,0,0,0,15,0.061969176000484794,0.062017222608235292,4.8046607750498738e-05,0.05222084087371269,0.052590024403443902,0.00036918352973121238,0.00077513846892742085,0,0,0,0,0,1,7.5877768078224316e-06,0.0002035831330738529,0.010278078767619209,0.0026224955000743399,-2.7509930591640646e-05
89,8,6,0.15778059960360319,0.02489471761127255,1,-1,1,0,4,11,0.062040385571951913,0.062069596011634892,2.9210439682979261e-05,0.052813647408922609,0.053049354381516284,0.00023570697259367446,0.00048675958526811681,0,0,0,0,0,11,0.062040385571951913,0.062069596011634892,2.9210439682979261e-05,0.052813647408922609,0.053049354381516284,0.00023570697259367446,0.00048675958526811681,0,0,0,0,0,1,2.0492713356398264e-05,0.00015115848284837988,0.0089458539530765102,0.0044959398510772755,-8.0853900578019012e-05
89,8,6,0.15778059960360319,0.02489471761127255,1,-1,3,1,1,2757,0.005969102415592762,0.073012548784292919,0.06704344636870016,0,0.10000000000000001,0.10000000000000001,0.13161724706813177,0,0,1,1,0.00072542618788538264,1803,0.009072715143428953,0.062210743675004392,0.05313802853157544,0.00065576969805560936,0.054569713142094731,0.053913943444039124,0.081558717191190566,0,0,0,0,0,0.97134566557852742,-0.0060514061969309191,0.0013704268075502516,0.025366306023750618,0,0.018699693206065775
89,8,6,0.15778059960360319,0.02489471761127255,-1,1,1,0,1,68,0,0.0019915774089018035,0.0019915774089018035,0,0.0019942403706079115,0.0019942403706079115,0.0028184544223030057,1,0,1,0,0.029411764705882353,0,nan,nan,nan,nan,nan,nan,0,0,0,0,0,nan,0,-1.163527496921647e-10,2.9082056611950374e-08,0,0,3.574516440652674e-05
89,8,6,0.15778059960360319,0.02489471761127255,-1,1,3,1,1,3957,0.005969102415592762,0.073012548784292919,0.06704344636870016,0,0.10000000000000001,0.10000000000000001,0.20418421094638003,0,0,1,1,0.00050543340914834466,0,nan,nan,nan,nan,nan,nan,0,0,0,0,0,nan,0.21986353297952996,-0.0089849763081420314,-1.5865522302592098e-05,0.015119936496449443,0,0.035939905232568146
89,8,6,0.15778059960360319,0.02489471761127255,-1,-1,3,1,1,3957,0.005969102415592762,0.073012548784292919,0.06704344636870016,0,0.10000000000000001,0.10000000000000001,0.20418421094638003,0,0,1,1,0.00050543340914834466,0,nan,nan,nan,nan,nan,nan,0,0,0,0,0,nan,0.21986353297952996,-0.0089849763081420314,-1.5865522302592098e-05,0.0056980663870809523,0,0.035939905232568146
90,1,10,0.1584932699947792,0.025120116633637977,1,1,1,0,1,2715,0.0020096093306910378,0.062464064030865012,0.060454454700173972,0,0.10000000000000001,0.10000000000000001,0.13466996678350246,0,0,1,1,0.00073664825046040514,2046,0.0066711140760507001,0.062464064030865012,0.055792949954814312,0.00041929851370514995,0.075850567044696449,0.075431268530991302,0.1053566858997136,0,0,0,0,0,0.82394106813996315,-0.00024288230507126768,0.0013654238454186402,0.018405709429618385,0,0.0031950884896113758
90,1,10,0.1584932699947792,0.025120116633637977,1,1,3,1,1,2756,0.006022138756328203,0.073031010434489202,0.067008871678160997,0,0.10000000000000001,0.10000000000000001,0.13157856980910559,0,0,1,1,0.00072568940493468795,1799,0.0091260840560373584,0.062201449532621494,0.053075365476584133,0.00066062787461073974,0.054503002001334219,0.053842374126723477,0.081446468515823128,0,0,0,0,0,0.97060957910014511,-0.0060614110070759779,0.0013654238454186402,0.03886318332341003,0,0.018734934926089401
90,1,10,0.1584932699947792,0.025120116633637977,1,-1,1,0,1,13,0.0095244462075822177,0.0097861279962092925,0.00026168178862707482,0.00072716092454993577,0.00077855200232674823,5.1391077776812466e-05,0.00055788319914508477,0,0,0,0,0,11,0.0095244462075822177,0.0097665110073382258,0.00024206479975600811,0.00072829915177322546,0.00077855200232674823,5.0252850553522774e-05,0.00050824760128883803,0,0,0,0,0,0.84615384615384615,-4.9201276706645985e-07,5.8961559904834773e-06,0.0015113598800496476,0,2.2776237999179813e-06
90,1,10,0.1584932699947792,0.025120116633637977,1,-1,1,0,2,3493,0.009879644989902972,0.061964464551608783,0.052084819561705811,0.00078861443499466614,0.052145558225376254,0.051356943790381589,0.15952985535908512,0,0,0,0,0,1889,0.009879644989902972,0.061964464551608783,0.052084819561705811,0.00078939673827270863,0.052145558225376254,0.051356161487103542,0.15435371220956978,0,0,0,0,0,0.5407958774692242,-3.6801100240127019e-05,0.0013654238454186402,0.01366706556004545,0,0.00049548013484900302
90,1,10,0.1584932699947792,0.025120116633637977,1,-1,1,0,3,15,0.061970749321889597,0.062017127531407035,4.6378209517437818e-05,0.052222165622768046,0.052575784661984745,0.00035361903921669879,0.00074336746292444497,0,0,0,0,0,15,0.061970749321889597,0.062017127531407035,4.6378209517437818e-05,0.052222165622768046,0.052575784661984745,0.00035361903921669879,0.00074336746292444497,0,0,0,0,0,1,6.0617238061422296e-06,0.00019643179088262605,0.010067305266054058,0.0023238039378594474,-2.1600258966444297e-05
90,1,10,0.1584932699947792,0.025120116633637977,1,-1,1,0,4,11,0.062041963665918923,0.062069503285254513,2.7539619335589793e-05,0.052820288465449179,0.053035736609572601,0.00021544814412342156,0.00044778327486033349,0,0,0,0,0,11,0.062041963665918923,0.062069503285254513,2.7539619335589793e-05,0.052820288465449179,0.053035736609572601,0.00021544814412342156,0.00044778327486033349,0,0,0,0,0,1,2.091825462486269e-05,0.00014319565223467308,0.0087614600477828389,0.0045482939259211923,-8.274791054628644e-05
90,1,10,0.1584932699947792,0.025120116633637977,1,-1,3,1,1,2756,0.006022138756328203,0.073031010434489202,0.067008871678160997,0,0.10000000000000001,0.10000000000000001,0.13157856980910559,0,0,1,1,0.00072568940493468795,1799,0.0091260840560373584,0.062201449532621494,0.053075365476584133,0.00066062787461073974,0.054503002001334219,0.053842374126723477,0.081446468515823128,0,0,0,0,0,0.97060957910014511,-0.0060614110070759779,0.0013654238454186402,0.025320862308416396,0,0.018734934926089401
90,1,10,0.1584932699947792,0.025120116633637977,-1,1,1,0,1,69,0,0.0020096093306910378,0.0020096093306910378,0,0.0020123210802481359,0.0020123210802481359,0.0028439923850902562,1,0,1,0,0.028985507246376812,0,nan,nan,nan,nan,nan,nan,0,0,0,0,0,nan,0,-2.0775946040761412e-10,1.0293855165943895e-08,0,0,3.6395822083850273e-05
90,1,10,0.1584932699947792,0.025120116633637977,-1,1,3,1,1,3952,0.006022138756328203,0.073031010434489202,0.067008871678160997,0,0.10000000000000001,0.10000000000000001,0.20408693911922338,0,0,1,1,0.00050607287449392713,0,nan,nan,nan,nan,nan,nan,0,0,0,0,0,nan,0.21963562753036436,-0.0089753508356281413,-1.6154118648001927e-05,0.015145334810773719,0,0.035901403342512572
90,1,10,0.1584932699947792,0.025120116633637977,-1,-1,3,1,1,3952,0.006022138756328203,0.073031010434489202,0.067008871678160997,0,0.10000000000000001,0.10000000000000001,0.20408693911922338,0,0,1,1,0.00050607287449392713,0,nan,nan,nan,nan,nan,nan,0,0,0,0,0,nan,0.21963562753036436,-0.0089753508356281413,-1.6154118648001927e-05,0.0057037326415799467,0,0.035901403342512572
91,10,1,0.1584932699947792,0.025120116633637977,1,1,1,0,1,2715,0.0020096093306910378,0.062464064030865012,0.060454454700173972,0,0.10000000000000001,0.10000000000000001,0.13466996678350246,0,0,1,1,0.00073664825046040514,2046,0.0066711140760507001,0.062464064030865012,0.055792949954814312,0.00041929851370514995,0.075850567044696449,0.075431268530991302,0.1053566858997136,0,0,0,0,0,0.82394106813996315,-0.00024288230507126768,0.0013654238454186402,0.018405709429618385,0,0.0031950884896113758
91,10,1,0.1584932699947792,0.025120116633637977,1,1,3,1,1,2756,0.006022138756328203,0.073031010434489202,0.067008871678160997,0,0.10000000000000001,0.10000000000000001,0.13157856980910559,0,0,1,1,0.00072568940493468795,1799,0.0091260840560373584,0.062201449532621494,0.053075365476584133,0.00066062787461073974,0.054503002001334219,0.053842374126723477,0.081446468515823128,0,0,0,0,0,0.97060957910014511,-0.0060614110070759779,0.0013654238454186402,0.03886318332341003,0,0.018734934926089401
91,10,1,0.1584932699947792,0.025120116633637977,1,-1,1,0,1,13,0.0095244462075822177,0.0097861279962092925,0.00026168178862707482,0.00072716092454993577,0.00077855200232674823,5.1391077776812466e-05,0.00055788319914508477,0,0,0,0,0,11,0.0095244462075822177,0.0097665110073382258,0.00024206479975600811,0.00072829915177322546,0.00077855200232674823,5.0252850553522774e-05,0.00050824760128883803,0,0,0,0,0,0.84615384615384615,-4.9201276706645985e-07,5.8961559904834773e-06,0.0015113598800496476,0,2.2776237999179813e-06
91,10,1,0.1584932699947792,0.025120116633637977,1,-1,1,0,2,3493,0.009879644989902972,0.061964464551608783,0.052084819561705811,0.00078861443499466614,0.052145558225376254,0.051356943790381589,0.15952985535908512,0,0,0,0,0,1889,0.009879644989902972,0.061964464551608783,0.052084819561705811,0.00078939673827270863,0.052145558225376254,0.051356161487103542,0.15435371220956978,0,0,0,0,0,0.5407958774692242,-3.6801100240127019e-05,0.0013654238454186402,0.01366706556004545,0,0.00049548013484900302
91,10,1,0.1584932699947792,0.025120116633637977,1,-1,1,0,3,15,0.061970749321889597,0.062017127531407035,4.6378209517437818e-05,0.052222165622768046,0.052575784661984745,0.00035361903921669879,0.00074336746292444497,0,0,0,0,0,15,0.061970749321889597,0.062017127531407035,4.6378209517437818e-05,0.052222165622768046,0.052575784661984745,0.00035361903921669879,0.00074336746292444497,0,0,0,0,0,1,6.0617238061422296e-06,0.00019643179088262605,0.010067305266054058,0.0023238039378594474,-2.1600258966444297e-05
91,10,1,0.1584932699947792,0.025120116633637977,1,-1,1,0,4,11,0.062041963665918923,0.062069503285254513,2.7539619335589793e-05,0.052820288465449179,0.053035736609572601,0.00021544814412342156,0.00044778327486033349,0,0,0,0,0,11,0.062041963665918923,0.062069503285254513,2.7539619335589793e-05,0.052820288465449179,0.053035736609572601,0.00021544814412342156,0.00044778327486033349,0,0,0,0,0,1,2.091825462486269e-05,0.00014319565223467308,0.0087614600477828389,0.0045482939259211923,-8.274791054628644e-05
91,10,1,0.1584932699947792,0.025120116633637977,1,-1,3,1,1,2756,0.006022138756328203,0.073031010434489202,0.067008871678160997,0,0.10000000000000001,0.10000000000000001,0.13157856980910559,0,0,1,1,0.00072568940493468795,1799,0.0091260840560373584,0.062201449532621494,0.053075365476584133,0.00066062787461073974,0.054503002001334219,0.053842374126723477,0.081446468515823128,0,0,0,0,0,0.97060957910014511,-0.0060614110070759779,0.0013654238454186402,0.025320862308416396,0,0.018734934926089401
91,10,1,0.1584932699947792,0.025120116633637977,-1,1,1,0,1,69,0,0.0020096093306910378,0.0020096093306910378,0,0.0020123210802481359,0.0020123210802481359,0.0028439923850902562,1,0,1,0,0.028985507246376812,0,nan,nan,nan,nan,nan,nan,0,0,0,0,0,nan,0,-2.0775946040761412e-10,1.0293855165943895e-08,0,0,3.6395822083850273e-05
91,10,1,0.1584932699947792,0.025120116633637977,-1,1,3,1,1,3952,0.006022138756328203,0.073031010434489202,0.067008871678160997,0,0.10000000000000001,0.10000000000000001,0.20408693911922338,0,0,1,1,0.00050607287449392713,0,nan,nan,nan,nan,nan,nan,0,0,0,0,0,nan,0.21963562753036436,-0.0089753508356281413,-1.6154118648001927e-05,0.015145334810773719,0,0.035901403342512572
91,10,1,0.1584932699947792,0.025120116633637977,-1,-1,3,1,1,3952,0.006022138756328203,0.073031010434489202,0.067008871678160997,0,0.10000000000000001,0.10000000000000001,0.20408693911922338,0,0,1,1,0.00050607287449392713,0,nan,nan,nan,nan,nan,nan,0,0,0,0,0,nan,0.21963562753036436,-0.0089753508356281413,-1.6154118648001927e-05,0.0057037326415799467,0,0.035901403342512572
92,2,10,0.16083444101499222,0.025867717416605016,1,1,1,0,1,2714,0.0020694173933284011,0.062463823262862275,0.060394405869533874,0,0.10000000000000001,0.10000000000000001,0.13463357608610849,0,0,1,1,0.00073691967575534268,2034,0.0073115410273515667,0.062463823262862275,0.055152282235510705,0.00048480936313201453,0.075850567044696462,0.075365757681564449,0.10474529117272473,0,0,0,0,0,0.81503316138540904,-0.00024985944616663457,0.0013488499262003966,0.018169131645743571,0,0.0032375467974613595
92,2,10,0.16083444101499222,0.025867717416605016,1,1,3,1,1,2753,0.006198235834680787,0.073092262223589277,0.066894026388908484,0,0.10000000000000001,0.10000000000000001,0.13144286919220319,0,0,1,1,0.00072648020341445699,1788,0.0094462975316877921,0.06220426845449218,0.05275797092280439,0.00070217929666884405,0.054503002001334219,0.053800822704665373,0.081152431357922689,0,0,0,0,0,0.97021431166000727,-0.0060946062914623757,0.0013488499262003966,0.038817888332988257,0,0.01885189440157466
92,2,10,0.16083444101499222,0.025867717416605016,1,-1,1,0,1,17,0.0099656047186838428,0.010325185670939598,0.00035958095225575512,0.00079143952392895752,0.00086519781029129527,7.3758286362337754e-05,0.00077143380998410645,0,0,0,0,0,14,0.0099656047186838428,0.010300200133422281,0.00033459541473843807,0.00079345217793417157,0.00086519781029129527,7.1745632357123707e-05,0.00069737398157851795,0,0,0,0,0,0.82352941176470584,-7.8826409278521597e-07,8.6298481976654818e-06,0.0018342296276637148,0,3.7490706226428076e-06
92,2,10,0.16083444101499222,0.025867717416605016,1,-1,1,0,2,3459,0.010310342862940008,0.061911649788784377,0.051601306925844373,0.00085296987547272087,0.051690365531561221,0.050837395656088497,0.15774577231382758,0,0,0,0,0,1870,0.010310342862940008,0.061911170573440283,0.051600827710500272,0.00085415899668455123,0.051690365531561221,0.050836206534876673,0.152684037611861,0,0,0,0,0,0.54061867591789536,-3.0539376869406376e-05,0.0013488499262003966,0.013623804153241471,0,0.00048386240372019014
92,2,10,0.16083444101499222,0.025867717416605016,1,-1,1,0,3,15,0.061909131398677479,0.061964143533205632,5.5012134528152623e-05,0.05168705926087519,0.052097555485164308,0.00041049622428911831,0.00086469141398368143,0,0,0,0,0,15,0.061909131398677479,0.061964143533205632,5.5012134528152623e-05,0.05168705926087519,0.052097555485164308,0.00041049622428911831,0.00086469141398368143,0,0,0,0,0,1,3.8910313550712651e-06,0.00021589640411291585,0.010372984794979799,0.0017344066882424055,-1.2032666240879954e-05
92,2,10,0.16083444101499222,0.025867717416605016,1,-1,1,0,4,13,0.061975967695517595,0.062016816076149485,4.0848380631890169e-05,0.05222540551487246,0.052530160708390262,0.00030475519351780278,0.00064271064172866836,0,0,0,0,0,13,0.061975967695517595,0.062016816076149485,4.0848380631890169e-05,0.05222540551487246,0.052530160708390262,0.00030475519351780278,0.00064271064172866836,0,0,0,0,0,1,9.8164294199905659e-07,0.00017230709004672747,0.0088836918255817184,0.00068466655919154388,-1.8750731891007513e-06
92,2,10,0.16083444101499222,0.025867717416605016,1,-1,1,0,5,9,0.062047197869124236,0.062069199578791312,2.2001709667075764e-05,0.052827788276885834,0.052992783754800224,0.00016499547791438973,0.00034615638941170468,0,0,0,0,0,9,0.062047197869124236,0.062069199578791312,2.2001709667075764e-05,0.052827788276885834,0.052992783754800224,0.00016499547791438973,0.00034615638941170468,0,0,0,0,0,1,1.5749780372507616e-05,0.0001161516095269634,0.0075858633184773434,0.0039499712559824002,-6.2409091692348733e-05
92,2,10,0.16083444101499222,0.025867717416605016,1,-1,3,1,1,2753,0.006198235834680787,0.073092262223589277,0.066894026388908484,0,0.10000000000000001,0.10000000000000001,0.13144286919220319,0,0,1,1,0.00072648020341445699,1788,0.0094462975316877921,0.06220426845449218,0.05275797092280439,0.00070217929666884405,0.054503002001334219,0.053800822704665373,0.081152431357922689,0,0,0,0,0,0.97021431166000727,-0.0060946062914623757,0.0013488499262003966,0.02518984683462569,0,0.01885189440157466
92,2,10,0.16083444101499222,0.025867717416605016,-1,1,1,0,1,71,0,0.0020694173933284011,0.0020694173933284011,0,0.0020722931775353126,0.0020722931775353126,0.0029286984607088504,1,0,1,0,0.028169014084507043,0,nan,nan,nan,nan,nan,nan,0,0,0,0,0,nan,0,-2.3678318485449614e-10,8.2128123788038031e-09,0,0,3.8595963719124365e-05
92,2,10,0.16083444101499222,0.025867717416605016,-1,1,3,1,1,3945,0.006198235834680787,0.073092262223589277,0.066894026388908484,0,0.10000000000000001,0.10000000000000001,0.20376889192468983,0,0,1,1,0.00050697084917617234,0,nan,nan,nan,nan,nan,nan,0,0,0,0,0,nan,0.22078580481622306,-0.0089434158879440877,-1.7129953391240465e-05,0.01524253585109361,0,0.035773663551776358
92,2,10,0.16083444101499222,0.025867717416605016,-1,-1,3,1,1,3945,0.006198235834680787,0.073092262223589277,0.066894026388908484,0,0.10000000000000001,0.10000000000000001,0.20376889192468983,0,0,1,1,0.00050697084917617234,0,nan,nan,nan,nan,nan,nan,0,0,0,0,0,nan,0.22078580481622306,-0.0089434158879440877,-1.7129953391240465e-05,0.0057334353300957062,0,0.035773663551776358
93,10,2,0.16083444101499222,0.025867717416605016,1,1,1,0,1,2714,0.0020694173933284011,0.062463823262862275,0.060394405869533874,0,0.10000000000000001,0.10000000000000001,0.13463357608610849,0,0,1,1,0.00073691967575534268,2034,0.0073115410273515667,0.062463823262862275,0.055152282235510705,0.00048480936313201453,0.075850567044696462,0.075365757681564449,0.10474529117272473,0,0,0,0,0,0.81503316138540904,-0.00024985944616663457,0.0013488499262003966,0.018169131645743571,0,0.0032375467974613595
93,10,2,0.16083444101499222,0.025867717416605016,1,1,3,1,1,2753,0.006198235834680787,0.073092262223589277,0.066894026388908484,0,0.10000000000000001,0.10000000000000001,0.13144286919220319,0,0,1,1,0.00072648020341445699,1788,0.0094462975316877921,0.06220426845449218,0.05275797092280439,0.00070217929666884405,0.054503002001334219,0.053800822704665373,0.081152431357922689,0,0,0,0,0,0.97021431166000727,-0.0060946062914623757,0.0013488499262003966,0.038817888332988257,0,0.01885189440157466
93,10,2,0.16083444101499222,0.025867717416605016,1,-1,1,0,1,17,0.0099656047186838428,0.010325185670939598,0.00035958095225575512,0.00079143952392895752,0.00086519781029129527,7.3758286362337754e-05,0.00077143380998410645,0,0,0,0,0,14,0.0099656047186838428,0.010300200133422281,0.00033459541473843807,0.00079345217793417157,0.00086519781029129527,7.1745632357123707e-05,0.00069737398157851795,0,0,0,0,0,0.82352941176470584,-7.8826409278521597e-07,8.6298481976654818e-06,0.0018342296276637148,0,3.7490706226428076e-06
93,10,2,0.16083444101499222,0.025867717416605016,1,-1,1,0,2,3459,0.010310342862940008,0.061911649788784377,0.051601306925844373,0.00085296987547272087,0.051690365531561221,0.050837395656088497,0.15774577231382758,0,0,0,0,0,1870,0.010310342862940008,0.061911170573440283,0.051600827710500272,0.00085415899668455123,0.051690365531561221,0.050836206534876673,0.152684037611861,0,0,0,0,0,0.54061867591789536,-3.0539376869406376e-05,0.0013488499262003966,0.013623804153241471,0,0.00048386240372019014
93,10,2,0.16083444101499222,0.025867717416605016,1,-1,1,0,3,15,0.061909131398677479,0.061964143533205632,5.5012134528152623e-05,0.05168705926087519,0.052097555485164308,0.00041049622428911831,0.00086469141398368143,0,0,0,0,0,15,0.061909131398677479,0.061964143533205632,5.5012134528152623e-05,0.05168705926087519,0.052097555485164308,0.00041049622428911831,0.00086469141398368143,0,0,0,0,0,1,3.8910313550712651e-06,0.00021589640411291585,0.010372984794979799,0.0017344066882424055,-1.2032666240879954e-05
93,10,2,0.16083444101499222,0.025867717416605016,1,-1,1,0,4,13,0.061975967695517595,0.062016816076149485,4.0848380631890169e-05,0.05222540551487246,0.052530160708390262,0.00030475519351780278,0.00064271064172866836,0,0,0,0,0,13,0.061975967695517595,0.062016816076149485,4.0848380631890169e-05,0.05222540551487246,0.052530160708390262,0.00030475519351780278,0.00064271064172866836,0,0,0,0,0,1,9.8164294199905659e-07,0.00017230709004672747,0.0088836918255817184,0.00068466655919154388,-1.8750731891007513e-06
93,10,2,0.16083444101499222,0.025867717416605016,1,-1,1,0,5,9,0.062047197869124236,0.062069199578791312,2.2001709667075764e-05,0.052827788276885834,0.052992783754800224,0.00016499547791438973,0.00034615638941170468,0,0,0,0,0,9,0.062047197869124236,0.062069199578791312,2.2001709667075764e-05,0.052827788276885834,0.052992783754800224,0.00016499547791438973,0.00034615638941170468,0,0,0,0,0,1,1.5749780372507616e-05,0.0001161516095269634,0.0075858633184773434,0.0039499712559824002,-6.2409091692348733e-05
93,10,2,0.16083444101499222,0.025867717416605016,1,-1,3,1,1,2753,0.006198235834680787,0.073092262223589277,0.066894026388908484,0,0.10000000000000001,0.10000000000000001,0.13144286919220319,0,0,1,1,0.00072648020341445699,1788,0.0094462975316877921,0.06220426845449218,0.05275797092280439,0.00070217929666884405,0.054503002001334219,0.053800822704665373,0.081152431357922689,0,0,0,0,0,0.97021431166000727,-0.0060946062914623757,0.0013488499262003966,0.02518984683462569,0,0.01885189440157466
93,10,2,0.16083444101499222,0.025867717416605016,-1,1,1,0,1,71,0,0.0020694173933284011,0.0020694173933284011,0,0.0020722931775353126,0.0020722931775353126,0.0029286984607088504,1,0,1,0,0.028169014084507043,0,nan,nan,nan,nan,nan,nan,0,0,0,0,0,nan,0,-2.3678318485449614e-10,8.2128123788038031e-09,0,0,3.8595963719124365e-05
93,10,2,0.16083444101499222,0.025867717416605016,-1,1,3,1,1,3945,0.006198235834680787,0.073092262223589277,0.066894026388908484,0,0.10000000000000001,0.10000000000000001,0.20376889192468983,0,0,1,1,0.00050697084917617234,0,nan,nan,nan,nan,nan,nan,0,0,0,0,0,nan,0.22078580481622306,-0.0089434158879440877,-1.7129953391240465e-05,0.01524253585109361,0,0.035773663551776358
93,10,2,0.16083444101499222,0.025867717416605016,-1,-1,3,1,1,3945,0.006198235834680787,0.073092262223589277,0.066894026388908484,0,0.10000000000000001,0.10000000000000001,0.20376889192468983,0,0,1,1,0.00050697084917617234,0,nan,nan,nan,nan,nan,nan,0,0,0,0,0,nan,0.22078580481622306,-0.0089434158879440877,-1.7129953391240465e-05,0.0057334353300957062,0,0.035773663551776358
94,5,9,0.16242166943883851,0.026380798703299332,1,1,1,0,1,2713,0.0021104638962639467,0.062463676219421678,0.060353212323157733,0,0.10000000000000001,0.10000000000000001,0.13461423809425033,0,0,1,1,0.00073719130114264651,2022,0.0073115410273515676,0.062463676219421678,0.055152135192070108,0.00048548523052963034,0.07464976651100734,0.074164281280477709,0.10355803082544612,0,0,0,0,0,0.80464430519719865,-0.00025410370995576111,0.0013374869855349379,0.017996420276258255,0,0.0032666893155392624
94,5,9,0.16242166943883851,0.026380798703299332,1,1,3,1,1,2752,0.0063192483345815833,0.073134324055613917,0.066815075721032333,0,0.10000000000000001,0.10000000000000001,0.13135446190276556,0,0,1,1,0.00072674418604651162,1783,0.0096064042695130081,0.062159001528699263,0.052552597259186255,0.00072072740558232597,0.053902601734489658,0.053181874328907329,0.080408912159137036,0,0,0,0,0,0.96984011627906974,-0.0061174015695477403,0.0013374869855349379,0.038787307262288316,0,0.018932236597666876
94,5,9,0.16242166943883851,0.026380798703299332,1,-1,1,0,1,13,0.010025138369418688,0.010282969901208231,0.00025783153178954299,0.00079430509984527162,0.00084290524168110126,4.8600141835829637e-05,0.00053985141769668198,0,0,0,0,0,12,0.010025138369418688,0.010282969901208231,0.00025783153178954299,0.00079547542532648033,0.00084290524168110126,4.7429816354620929e-05,0.00053944857165961525,0,0,0,0,0,0.92307692307692313,-5.63855855373718e-08,6.1383667628433042e-06,0.0016509523115365173,0,4.8984437467536349e-07
94,5,9,0.16242166943883851,0.026380798703299332,1,-1,1,0,2,3457,0.010368445104640172,0.061911428874940229,0.05154298377030006,0.00085560417064476681,0.051657207816611775,0.05080160364596701,0.15759878134069391,0,0,0,0,0,1873,0.010368445104640172,0.061910944549786247,0.051542499445146078,0.00085636794262670284,0.051657207816611775,0.050800839873985072,0.15259428481280851,0,0,0,0,0,0.54179924790280587,-2.6991581606244075e-05,0.0013374869855349379,0.01354948149024458,0,0.00047600352704690657
94,5,9,0.16242166943883851,0.026380798703299332,1,-1,1,0,3,15,0.061912804093325238,0.061963926786099563,5.1122692774324685e-05,0.051689444946800278,0.052065695578009621,0.00037625063120934332,0.00079423113017953746,0,0,0,0,0,14,0.061912804093325238,0.061963439683363902,5.0635590038664025e-05,0.051689444946800278,0.052065695578009621,0.00037625063120934332,0.00079396847860061588,0,0,0,0,0,0.93333333333333335,3.8907645370211433e-07,0.00020002628908779975,0.0098215123623841116,0,1.4919003432576985e-06
94,5,9,0.16242166943883851,0.026380798703299332,1,-1,1,0,4,11,0.061979549085366965,0.062016605714023752,3.7056628656786939e-05,0.052227015144704896,0.052499173581957909,0.00027215843725301309,0.00057506371556779816,0,0,0,0,0,10,0.061979549085366965,0.062016107438554978,3.6558353188012593e-05,0.052227015144704896,0.052499173581957909,0.00027215843725301309,0.00057484077721713675,0,0,0,0,0,0.90909090909090906,-2.5205702486718247e-06,0.00015536008028882759,0.0078065758888520211,0,1.1769703833544602e-05
94,5,9,0.16242166943883851,0.026380798703299332,1,-1,3,1,1,2752,0.0063192483345815833,0.073134324055613917,0.066815075721032333,0,0.10000000000000001,0.10000000000000001,0.13135446190276556,0,0,1,1,0.00072674418604651162,1783,0.0096064042695130081,0.062159001528699263,0.052552597259186255,0.00072072740558232597,0.053902601734489658,0.053181874328907329,0.080408912159137036,0,0,0,0,0,0.96984011627906974,-0.0061174015695477403,0.0013374869855349379,0.025096080655575725,0,0.018932236597666876
94,5,9,0.16242166943883851,0.026380798703299332,-1,1,1,0,1,72,0,0.0021104638962639467,0.0021104638962639467,0,0.0021134559952672833,0.0021134559952672833,0.002986835886492211,1,0,1,0,0.027777777777777776,0,nan,nan,nan,nan,nan,nan,0,0,0,0,0,nan,0,-2.7111469481165659e-10,1.6596279491095864e-08,0,0,4.0143365847106175e-05
94,5,9,0.16242166943883851,0.026380798703299332,-1,1,3,1,1,3950,0.0063192483345815833,0.073134324055613917,0.066815075721032333,0,0.10000000000000001,0.10000000000000001,0.20386164065218954,0,0,1,1,0.00050632911392405066,0,nan,nan,nan,nan,nan,nan,0,0,0,0,0,nan,0.22278481012658227,-0.0089214948828328592,-1.7816231429734392e-05,0.015283169059409954,0,0.035685979531331437
94,5,9,0.16242166943883851,0.026380798703299332,-1,-1,3,1,1,3950,0.0063192483345815833,0.073134324055613917,0.066815075721032333,0,0.10000000000000001,0.10000000000000001,0.20386164065218954,0,0,1,1,0.00050632911392405066,0,nan,nan,nan,nan,nan,nan,0,0,0,0,0,nan,0.22278481012658227,-0.0089214948828328592,-1.7816231429734392e-05,0.0057446497138040386,0,0.035685979531331437
95,9,5,0.16242166943883851,0.026380798703299332,1,1,1,0,1,2713,0.0021104638962639467,0.062463676219421678,0.060353212323157733,0,0.10000000000000001,0.10000000000000001,0.13461423809425033,0,0,1,1,0.00073719130114264651,2022,0.0073115410273515676,0.062463676219421678,0.055152135192070108,0.00048548523052963034,0.07464976651100734,0.074164281280477709,0.10355803082544612,0,0,0,0,0,0.80464430519719865,-0.00025410370995576111,0.0013374869855349379,0.017996420276258255,0,0.0032666893155392624
95,9,5,0.16242166943883851,0.026380798703299332,1,1,3,1,1,2752,0.0063192483345815833,0.073134324055613917,0.066815075721032333,0,0.10000000000000001,0.10000000000000001,0.13135446190276556,0,0,1,1,0.00072674418604651162,1783,0.0096064042695130081,0.062159001528699263,0.052552597259186255,0.00072072740558232597,0.053902601734489658,0.053181874328907329,0.080408912159137036,0,0,0,0,0,0.96984011627906974,-0.0061174015695477403,0.0013374869855349379,0.038787307262288316,0,0.018932236597666876
95,9,5,0.16242166943883851,0.026380798703299332,1,-1,1,0,1,13,0.010025138369418688,0.010282969901208231,0.00025783153178954299,0.00079430509984527162,0.00084290524168110126,4.8600141835829637e-05,0.00053985141769668198,0,0,0,0,0,12,0.010025138369418688,0.010282969901208231,0.00025783153178954299,0.00079547542532648033,0.00084290524168110126,4.7429816354620929e-05,0.00053944857165961525,0,0,0,0,0,0.92307692307692313,-5.63855855373718e-08,6.1383667628433042e-06,0.0016509523115365173,0,4.8984437467536349e-07
95,9,5,0.16242166943883851,0.026380798703299332,1,-1,1,0,2,3457,0.010368445104640172,0.061911428874940229,0.05154298377030006,0.00085560417064476681,0.051657207816611775,0.05080160364596701,0.15759878134069391,0,0,0,0,0,1873,0.010368445104640172,0.061910944549786247,0.051542499445146078,0.00085636794262670284,0.051657207816611775,0.050800839873985072,0.15259428481280851,0,0,0,0,0,0.54179924790280587,-2.6991581606244075e-05,0.0013374869855349379,0.01354948149024458,0,0.00047600352704690657
95,9,5,0.16242166943883851,0.026380798703299332,1,-1,1,0,3,15,0.061912804093325238,0.061963926786099563,5.1122692774324685e-05,0.051689444946800278,0.052065695578009621,0.00037625063120934332,0.00079423113017953746,0,0,0,0,0,14,0.061912804093325238,0.061963439683363902,5.0635590038664025e-05,0.051689444946800278,0.052065695578009621,0.00037625063120934332,0.00079396847860061588,0,0,0,0,0,0.93333333333333335,3.8907645370211433e-07,0.00020002628908779975,0.0098215123623841116,0,1.4919003432576985e-06
95,9,5,0.16242166943883851,0.026380798703299332,1,-1,1,0,4,11,0.061979549085366965,0.062016605714023752,3.7056628656786939e-05,0.052227015144704896,0.052499173581957909,0.00027215843725301309,0.00057506371556779816,0,0,0,0,0,10,0.061979549085366965,0.062016107438554978,3.6558353188012593e-05,0.052227015144704896,0.052499173581957909,0.00027215843725301309,0.00057484077721713675,0,0,0,0,0,0.90909090909090906,-2.5205702486718247e-06,0.00015536008028882759,0.0078065758888520211,0,1.1769703833544602e-05
95,9,5,0.16242166943883851,0.026380798703299332,1,-1,3,1,1,2752,0.0063192483345815833,0.073134324055613917,0.066815075721032333,0,0.10000000000000001,0.10000000000000001,0.13135446190276556,0,0,1,1,0.00072674418604651162,1783,0.0096064042695130081,0.062159001528699263,0.052552597259186255,0.00072072740558232597,0.053902601734489658,0.053181874328907329,0.080408912159137036,0,0,0,0,0,0.96984011627906974,-0.0061174015695477403,0.0013374869855349379,0.025096080655575725,0,0.018932236597666876
95,9,5,0.16242166943883851,0.026380798703299332,-1,1,1,0,1,72,0,0.0021104638962639467,0.0021104638962639467,0,0.0021134559952672833,0.0021134559952672833,0.002986835886492211,1,0,1,0,0.027777777777777776,0,nan,nan,nan,nan,nan,nan,0,0,0,0,0,nan,0,-2.7111469481165659e-10,1.6596279491095864e-08,0,0,4.0143365847106175e-05
95,9,5,0.16242166943883851,0.026380798703299332,-1,1,3,1,1,3950,0.0063192483345815833,0.073134324055613917,0.066815075721032333,0,0.10000000000000001,0.10000000000000001,0.20386164065218954,0,0,1,1,0.00050632911392405066,0,nan,nan,nan,nan,nan,nan,0,0,0,0,0,nan,0.22278481012658227,-0.0089214948828328592,-1.7816231429734392e-05,0.015283169059409954,0,0.035685979531331437
95,9,5,0.16242166943883851,0.026380798703299332,-1,-1,3,1,1,3950,0.0063192483345815833,0.073134324055613917,0.066815075721032333,0,0.10000000000000001,0.10000000000000001,0.20386164065218954,0,0,1,1,0.00050632911392405066,0,nan,nan,nan,nan,nan,nan,0,0,0,0,0,nan,0.22278481012658227,-0.0089214948828328592,-1.7816231429734392e-05,0.0057446497138040386,0,0.035685979531331437
96,3,10,0.16466181008377548,0.027113511700065342,1,1,1,0,1,2712,0.0021690809360052276,0.062463488634417037,0.060294407698411809,0,0.10000000000000001,0.10000000000000001,0.13456414329709615,0,0,1,1,0.00073746312684365781,2016,0.0073115410273515685,0.062463488634417037,0.055151947607065467,0.00048597100875237954,0.074649766511007326,0.074163795502254951,0.10358130788261544,0,0,0,0,0,0.79756637168141598,-0.00026089010955635314,0.0013212741216008567,0.017778190973945163,0,0.0033083113117775265
96,3,10,0.16466181008377548,0.027113511700065342,1,1,3,1,1,2750,0.0064922584216282921,0.07319442678929429,0.066702168367666001,0,0.10000000000000001,0.10000000000000001,0.13122923767488695,0,0,1,1,0.00072727272727272723,1770,0.0099266177451634418,0.062152663330206318,0.052226045585042874,0.00076444565549573841,0.053835890593729147,0.05307144493823341,0.08004662378755939,0,0,0,0,0,0.9665454545454546,-0.0061499737950700354,0.0013212741216008567,0.03872504276705048,0,0.019047074106816345
96,3,10,0.16466181008377548,0.027113511700065342,1,-1,1,0,1,9,0.01011098750615021,0.010256481063600565,0.00014549355745035498,0.00079686975252508279,0.00082636422322237397,2.9494470697291175e-05,0.0003120676887851593,0,0,0,0,0,8,0.01011098750615021,0.010256481063600565,0.00014549355745035498,0.00079816430203373762,0.00082636422322237397,2.819992118863635e-05,0.00031142434938003633,0,0,0,0,0,0.88888888888888884,-2.8480839152820621e-07,3.4561884093476687e-06,0.0011228847373486825,0,1.2366404834557058e-06
96,3,10,0.16466181008377548,0.027113511700065342,1,-1,1,0,2,3453,0.010452139858563279,0.061910627246551539,0.051458487387988264,0.00085835054577072356,0.051610679863139074,0.050752329317368353,0.1574096099112324,0,0,0,0,0,1879,0.010452139858563279,0.061910627246551539,0.051458487387988264,0.00085928746323679303,0.051610679863139074,0.050751392399902277,0.15248509770947505,0,0,0,0,0,0.54416449464233996,-3.1786181563303926e-05,0.0013212741216008567,0.013443881998506924,0,0.00046484080768324326
96,3,10,0.16466181008377548,0.027113511700065342,1,-1,1,0,3,13,0.06191804893692282,0.061963622149835348,4.5573212912528027e-05,0.051691954169094965,0.052020778799057192,0.00032882462996222661,0.00069591077521759584,0,0,0,0,0,12,0.06191804893692282,0.061963129336237002,4.508039931418184e-05,0.051691954169094965,0.052020778799057192,0.00032882462996222661,0.00069564351291382103,0,0,0,0,0,0.92307692307692313,-4.6330854827827256e-06,0.00017690702940721654,0.0086684621437603509,0,2.0952986390620258e-05
96,3,10,0.16466181008377548,0.027113511700065342,1,-1,1,0,4,11,0.061984663539854344,0.062016309955207946,3.1646415353601964e-05,0.052228824860249136,0.052456786359093607,0.00022796149884447142,0.00048277780068502072,0,0,0,0,0,8,0.061984663539854344,0.062015807241193009,3.1143701338665064e-05,0.052234823215476983,0.052456786359093607,0.00022196314361662417,0.00037924151067692576,0,0,0,0,0,0.72727272727272729,-7.5428802823972445e-06,0.00013054233558342291,0.006834386628121694,0,3.1401289257282717e-05
96,3,10,0.16466181008377548,0.027113511700065342,1,-1,3,1,1,2750,0.0064922584216282921,0.07319442678929429,0.066702168367666001,0,0.10000000000000001,0.10000000000000001,0.13122923767488695,0,0,1,1,0.00072727272727272723,1770,0.0099266177451634418,0.062152663330206318,0.052226045585042874,0.00076444565549573841,0.053835890593729147,0.05307144493823341,0.08004662378755939,0,0,0,0,0,0.9665454545454546,-0.0061499737950700354,0.0013212741216008567,0.024953421717359349,0,0.019047074106816345
96,3,10,0.16466181008377548,0.027113511700065342,-1,1,1,0,1,74,0,0.0021690809360052276,0.0021690809360052276,0,0.0021722422689677561,0.0021722422689677561,0.00306986305751931,1,0,1,0,0.027027027027027029,0,nan,nan,nan,nan,nan,nan,0,0,0,0,0,nan,0,-3.2883580020506115e-10,1.4247881798471862e-08,0,0,4.2405938087155039e-05
96,3,10,0.16466181008377548,0.027113511700065342,-1,1,3,1,1,3944,0.0064922584216282921,0.07319442678929429,0.066702168367666001,0,0.10000000000000001,0.10000000000000001,0.20356454507136629,0,0,1,1,0.00050709939148073022,0,nan,nan,nan,nan,nan,nan,0,0,0,0,0,nan,0.22388438133874239,-0.0088901848953106179,-1.8819648427765248e-05,0.015368547331090497,0,0.035560739581242479
96,3,10,0.16466181008377548,0.027113511700065342,-1,-1,3,1,1,3944,0.0064922584216282921,0.07319442678929429,0.066702168367666001,0,0.10000000000000001,0.10000000000000001,0.20356454507136629,0,0,1,1,0.00050709939148073022,0,nan,nan,nan,nan,nan,nan,0,0,0,0,0,nan,0.22388438133874239,-0.0088901848953106179,-1.8819648427765248e-05,0.0057673115264559429,0,0.035560739581242479
97,10,3,0.16466181008377548,0.027113511700065342,1,1,1,0,1,2712,0.0021690809360052276,0.062463488634417037,0.060294407698411809,0,0.10000000000000001,0.10000000000000001,0.13456414329709615,0,0,1,1,0.00073746312684365781,2016,0.0073115410273515685,0.062463488634417037,0.055151947607065467,0.00048597100875237954,0.074649766511007326,0.074163795502254951,0.10358130788261544,0,0,0,0,0,0.79756637168141598,-0.00026089010955635314,0.0013212741216008567,0.017778190973945163,0,0.0033083113117775265
97,10,3,0.16466181008377548,0.027113511700065342,1,1,3,1,1,2750,0.0064922584216282921,0.07319442678929429,0.066702168367666001,0,0.10000000000000001,0.10000000000000001,0.13122923767488695,0,0,1,1,0.00072727272727272723,1770,0.0099266177451634418,0.062152663330206318,0.052226045585042874,0.00076444565549573841,0.053835890593729147,0.05307144493823341,0.08004662378755939,0,0,0,0,0,0.9665454545454546,-0.0061499737950700354,0.0013212741216008567,0.03872504276705048,0,0.019047074106816345
97,10,3,0.16466181008377548,0.027113511700065342,1,-1,1,0,1,9,0.01011098750615021,0.010256481063600565,0.00014549355745035498,0.00079686975252508279,0.00082636422322237397,2.9494470697291175e-05,0.0003120676887851593,0,0,0,0,0,8,0.01011098750615021,0.010256481063600565,0.00014549355745035498,0.00079816430203373762,0.00082636422322237397,2.819992118863635e-05,0.00031142434938003633,0,0,0,0,0,0.88888888888888884,-2.8480839152820621e-07,3.4561884093476687e-06,0.0011228847373486825,0,1.2366404834557058e-06
97,10,3,0.16466181008377548,0.027113511700065342,1,-1,1,0,2,3453,0.010452139858563279,0.061910627246551539,0.051458487387988264,0.00085835054577072356,0.051610679863139074,0.050752329317368353,0.1574096099112324,0,0,0,0,0,1879,0.010452139858563279,0.061910627246551539,0.051458487387988264,0.00085928746323679303,0.051610679863139074,0.050751392399902277,0.15248509770947505,0,0,0,0,0,0.54416449464233996,-3.1786181563303926e-05,0.0013212741216008567,0.013443881998506924,0,0.00046484080768324326
97,10,3,0.16466181008377548,0.027113511700065342,1,-1,1,0,3,13,0.06191804893692282,0.061963622149835348,4.5573212912528027e-05,0.051691954169094965,0.052020778799057192,0.00032882462996222661,0.00069591077521759584,0,0,0,0,0,12,0.06191804893692282,0.061963129336237002,4.508039931418184e-05,0.051691954169094965,0.052020778799057192,0.00032882462996222661,0.00069564351291382103,0,0,0,0,0,0.92307692307692313,-4.6330854827827256e-06,0.00017690702940721654,0.0086684621437603509,0,2.0952986390620258e-05
97,10,3,0.16466181008377548,0.027113511700065342,1,-1,1,0,4,11,0.061984663539854344,0.062016309955207946,3.1646415353601964e-05,0.052228824860249136,0.052456786359093607,0.00022796149884447142,0.00048277780068502072,0,0,0,0,0,8,0.061984663539854344,0.062015807241193009,3.1143701338665064e-05,0.052234823215476983,0.052456786359093607,0.00022196314361662417,0.00037924151067692576,0,0,0,0,0,0.72727272727272729,-7.5428802823972445e-06,0.00013054233558342291,0.006834386628121694,0,3.1401289257282717e-05
97,10,3,0.16466181008377548,0.027113511700065342,1,-1,3,1,1,2750,0.0064922584216282921,0.07319442678929429,0.066702168367666001,0,0.10000000000000001,0.10000000000000001,0.13122923767488695,0,0,1,1,0.00072727272727272723,1770,0.0099266177451634418,0.062152663330206318,0.052226045585042874,0.00076444565549573841,0.053835890593729147,0.05307144493823341,0.08004662378755939,0,0,0,0,0,0.9665454545454546,-0.0061499737950700354,0.0013212741216008567,0.024953421717359349,0,0.019047074106816345
97,10,3,0.16466181008377548,0.027113511700065342,-1,1,1,0,1,74,0,0.0021690809360052276,0.0021690809360052276,0,0.0021722422689677561,0.0021722422689677561,0.00306986305751931,1,0,1,0,0.027027027027027029,0,nan,nan,nan,nan,nan,nan,0,0,0,0,0,nan,0,-3.2883580020506115e-10,1.4247881798471862e-08,0,0,4.2405938087155039e-05
97,10,3,0.16466181008377548,0.027113511700065342,-1,1,3,1,1,3944,0.0064922584216282921,0.07319442678929429,0.066702168367666001,0,0.10000000000000001,0.10000000000000001,0.20356454507136629,0,0,1,1,0.00050709939148073022,0,nan,nan,nan,nan,nan,nan,0,0,0,0,0,nan,0.22388438133874239,-0.0088901848953106179,-1.8819648427765248e-05,0.015368547331090497,0,0.035560739581242479
97,10,3,0.16466181008377548,0.027113511700065342,-1,-1,3,1,1,3944,0.0064922584216282921,0.07319442678929429,0.066702168367666001,0,0.10000000000000001,0.10000000000000001,0.20356454507136629,0,0,1,1,0.00050709939148073022,0,nan,nan,nan,nan,nan,nan,0,0,0,0,0,nan,0.22388438133874239,-0.0088901848953106179,-1.8819648427765248e-05,0.0057673115264559429,0,0.035560739581242479
98,7,8,0.16771684727453229,0.028128940859708788,1,1,1,0,1,2710,0.0022503152687767033,0.062463266327041564,0.060212951058264859,0,0.10000000000000001,0.10000000000000001,0.13452034088474635,0,0,1,1,0.00073800738007380072,2000,0.0078985990660440288,0.062463266327041564,0.054564667260997533,0.00054925564009928956,0.072648432288192122,0.07209917664809283,0.1010381886573804,0,0,0,0,0,0.78118081180811805,-0.00026930383390294819,0.0012988474049050089,0.017445821257046079,0,0.003366002205178133
98,7,8,0.16771684727453229,0.028128940859708788,1,1,3,1,1,2747,0.0067323713480270334,0.073277784338882643,0.066545412990855604,0,0.10000000000000001,0.10000000000000001,0.13105817389087721,0,0,1,1,0.00072806698216235891,1757,0.010300200133422279,0.062100798082592765,0.051800597949170482,0.00081360785274356884,0.053235490326884585,0.052421882474141014,0.079105933764885519,0,0,0,0,0,0.96541681834728799,-0.0061951491548043625,0.0012988474049050089,0.038667657014123412,0,0.019206416607945483
98,7,8,0.16771684727453229,0.028128940859708788,1,-1,1,0,1,9,0.010569576883984902,0.010741007225344084,0.00017143034135918243,0.00086295160315277689,0.00089827701207441152,3.5325408921634623e-05,0.00036672602709171689,0,0,0,0,0,8,0.010569576883984902,0.010741007225344084,0.00017143034135918243,0.00086420870644825275,0.00089827701207441152,3.4068305626158766e-05,0.0003661298615694141,0,0,0,0,0,0.88888888888888884,-1.0887240719130778e-07,4.4798931038948913e-06,0.0013136035922058291,0,5.6843786701471769e-07
98,7,8,0.16771684727453229,0.028128940859708788,1,-1,1,0,2,3417,0.010900748456676462,0.061857836927396444,0.050957088470719981,0.00092432759947179281,0.051157363203568867,0.050233035604097073,0.15561261405935584,0,0,0,0,0,1848,0.010900748456676462,0.061857355419321296,0.050956606962644833,0.00092613638859195043,0.051157363203568867,0.050231226814976916,0.15071600205010982,0,0,0,0,0,0.54082528533801577,-2.7440760566912593e-05,0.0012988474049050089,0.01335310022361052,0,0.00044962314910303028
98,7,8,0.16771684727453229,0.028128940859708788,1,-1,1,0,3,13,0.061863702413365536,0.061910197776563668,4.6495363198131856e-05,0.051219998004626892,0.051548020724817761,0.00032802272019086948,0.00069163309231646446,0,0,0,0,0,13,0.061863702413365536,0.061910197776563668,4.6495363198131856e-05,0.051219998004626892,0.051548020724817761,0.00032802272019086948,0.00069163309231646446,0,0,0,0,0,1,1.233504931547567e-05,0.00018419158834629296,0.0097091023592781427,0.0034320582066528832,-4.7116094135413617e-05
98,7,8,0.16771684727453229,0.028128940859708788,1,-1,1,0,4,9,0.061933971286816013,0.061962709386959164,2.8738100143151091e-05,0.051745917476703457,0.051960606068754855,0.00021468859205139856,0.00044447374656721996,0,0,0,0,0,9,0.061933971286816013,0.061962709386959164,2.8738100143151091e-05,0.051745917476703457,0.051960606068754855,0.00021468859205139856,0.00044447374656721996,0,0,0,0,0,1,2.0110292266266082e-05,0.00013752219915823515,0.0083197798562902291,0.0044579571529358561,-7.9493527909647846e-05
98,7,8,0.16771684727453229,0.028128940859708788,1,-1,3,1,1,2747,0.0067323713480270334,0.073277784338882643,0.066545412990855604,0,0.10000000000000001,0.10000000000000001,0.13105817389087721,0,0,1,1,0.00072806698216235891,1757,0.010300200133422279,0.062100798082592765,0.051800597949170482,0.00081360785274356884,0.053235490326884585,0.052421882474141014,0.079105933764885519,0,0,0,0,0,0.96541681834728799,-0.0061951491548043625,0.0012988474049050089,0.024767391746972647,0,0.019206416607945483
98,7,8,0.16771684727453229,0.028128940859708788,-1,1,1,0,1,77,0,0.0022503152687767033,0.0022503152687767033,0,0.0022537183752991412,0.0022537183752991412,0.0031849332976666899,1,0,1,0,0.025974025974025976,0,nan,nan,nan,nan,nan,nan,0,0,0,0,0,nan,0.012987012987012988,-5.8645678433738948e-09,0,1.2634893921867024e-07,0,4.5644205498878065e-05
98,7,8,0.16771684727453229,0.028128940859708788,-1,1,3,1,1,3939,0.0067323713480270334,0.073277784338882643,0.066545412990855604,0,0.10000000000000001,0.10000000000000001,0.20324075561834998,0,0,1,1,0.00050774308200050779,0,nan,nan,nan,nan,nan,nan,0,0,0,0,0,nan,0.22645341457222645,-0.0088467791588167765,-2.0255675235558262e-05,0.015490871737359196,0,0.035387116635267113
98,7,8,0.16771684727453229,0.028128940859708788,-1,-1,3,1,1,3939,0.0067323713480270334,0.073277784338882643,0.066545412990855604,0,0.10000000000000001,0.10000000000000001,0.20324075561834998,0,0,1,1,0.00050774308200050779,0,nan,nan,nan,nan,nan,nan,0,0,0,0,0,nan,0.22645341457222645,-0.0088467791588167765,-2.0255675235558262e-05,0.005798690188860701,0,0.035387116635267113
99,8,7,0.16771684727453229,0.028128940859708788,1,1,1,0,1,2710,0.0022503152687767033,0.062463266327041564,0.060212951058264859,0,0.10000000000000001,0.10000000000000001,0.13452034088474635,0,0,1,1,0.00073800738007380072,2000,0.0078985990660440288,0.062463266327041564,0.054564667260997533,0.00054925564009928956,0.072648432288192122,0.07209917664809283,0.1010381886573804,0,0,0,0,0,0.78118081180811805,-0.00026930383390294819,0.0012988474049050089,0.017445821257046079,0,0.003366002205178133
99,8,7,0.16771684727453229,0.028128940859708788,1,1,3,1,1,2747,0.0067323713480270334,0.073277784338882643,0.066545412990855604,0,0.10000000000000001,0.10000000000000001,0.13105817389087721,0,0,1,1,0.00072806698216235891,1757,0.010300200133422279,0.062100798082592765,0.051800597949170482,0.00081360785274356884,0.053235490326884585,0.052421882474141014,0.079105933764885519,0,0,0,0,0,0.96541681834728799,-0.0061951491548043625,0.0012988474049050089,0.038667657014123412,0,0.019206416607945483
99,8,7,0.16771684727453229,0.028128940859708788,1,-1,1,0,1,9,0.010569576883984902,0.010741007225344084,0.00017143034135918243,0.00086295160315277689,0.00089827701207441152,3.5325408921634623e-05,0.00036672602709171689,0,0,0,0,0,8,0.010569576883984902,0.010741007225344084,0.00017143034135918243,0.00086420870644825275,0.00089827701207441152,3.4068305626158766e-05,0.0003661298615694141,0,0,0,0,0,0.88888888888888884,-1.0887240719130778e-07,4.4798931038948913e-06,0.0013136035922058291,0,5.6843786701471769e-07
99,8,7,0.16771684727453229,0.028128940859708788,1,-1,1,0,2,3417,0.010900748456676462,0.061857836927396444,0.050957088470719981,0.00092432759947179281,0.051157363203568867,0.050233035604097073,0.15561261405935584,0,0,0,0,0,1848,0.010900748456676462,0.061857355419321296,0.050956606962644833,0.00092613638859195043,0.051157363203568867,0.050231226814976916,0.15071600205010982,0,0,0,0,0,0.54082528533801577,-2.7440760566912593e-05,0.0012988474049050089,0.01335310022361052,0,0.00044962314910303028
99,8,7,0.16771684727453229,0.028128940859708788,1,-1,1,0,3,13,0.061863702413365536,0.061910197776563668,4.6495363198131856e-05,0.051219998004626892,0.051548020724817761,0.00032802272019086948,0.00069163309231646446,0,0,0,0,0,13,0.061863702413365536,0.061910197776563668,4.6495363198131856e-05,0.051219998004626892,0.051548020724817761,0.00032802272019086948,0.00069163309231646446,0,0,0,0,0,1,1.233504931547567e-05,0.00018419158834629296,0.0097091023592781427,0.0034320582066528832,-4.7116094135413617e-05
99,8,7,0.16771684727453229,0.028128940859708788,1,-1,1,0,4,9,0.061933971286816013,0.061962709386959164,2.8738100143151091e-05,0.051745917476703457,0.051960606068754855,0.00021468859205139856,0.00044447374656721996,0,0,0,0,0,9,0.061933971286816013,0.061962709386959164,2.8738100143151091e-05,0.051745917476703457,0.051960606068754855,0.00021468859205139856,0.00044447374656721996,0,0,0,0,0,1,2.0110292266266082e-05,0.00013752219915823515,0.0083197798562902291,0.0044579571529358561,-7.9493527909647846e-05
99,8,7,0.16771684727453229,0.028128940859708788,1,-1,3,1,1,2747,0.0067323713480270334,0.073277784338882643,0.066545412990855604,0,0.10000000000000001,0.10000000000000001,0.13105817389087721,0,0,1,1,0.00072806698216235891,1757,0.010300200133422279,0.062100798082592765,0.051800597949170482,0.00081360785274356884,0.053235490326884585,0.052421882474141014,0.079105933764885519,0,0,0,0,0,0.96541681834728799,-0.0061951491548043625,0.0012988474049050089,0.024767391746972647,0,0.019206416607945483
99,8,7,0.16771684727453229,0.028128940859708788,-1,1,1,0,1,77,0,0.0022503152687767033,0.0022503152687767033,0,0.0022537183752991412,0.0022537183752991412,0.0031849332976666899,1,0,1,0,0.025974025974025976,0,nan,nan,nan,nan,nan,nan,0,0,0,0,0,nan,0.012987012987012988,-5.8645678433738948e-09,0,1.2634893921867024e-07,0,4.5644205498878065e-05
99,8,7,0.16771684727453229,0.028128940859708788,-1,1,3,1,1,3939,0.0067323713480270334,0.073277784338882643,0.066545412990855604,0,0.10000000000000001,0.10000000000000001,0.20324075561834998,0,0,1,1,0.00050774308200050779,0,nan,nan,nan,nan,nan,nan,0,0,0,0,0,nan,0.22645341457222645,-0.0088467791588167765,-2.0255675235558262e-05,0.015490871737359196,0,0.035387116635267113
99,8,7,0.16771684727453229,0.028128940859708788,-1,-1,3,1,1,3939,0.0067323713480270334,0.073277784338882643,0.066545412990855604,0,0.10000000000000001,0.10000000000000001,0.20324075561834998,0,0,1,1,0.00050774308200050779,0,nan,nan,nan,nan,nan,nan,0,0,0,0,0,nan,0.22645341457222645,-0.0088467791588167765,-2.0255675235558262e-05,0.005798690188860701,0,0.035387116635267113
100,4,10,0.1698740386461858,0.028857189005965827,1,1,1,0,1,2709,0.0023085751204772664,0.062463130001901915,0.060154554881424648,0,0.10000000000000001,0.10000000000000001,0.13449040530814621,0,0,1,1,0.00073827980804724988,1984,0.0079519679786524342,0.062463130001901915,0.054511162023249481,0.00055718611861751565,0.07184789859906604,0.07129071248044852,0.10020347070628724,0,0,0,0,0,0.76005906238464382,-0.00027443834963153689,0.0012827808140688009,0.017218916867944137,0,0.0034073837462375257
100,4,10,0.1698740386461858,0.028857189005965827,1,1,3,1,1,2745,0.0069048000204768433,0.073337619688524397,0.066432819668047552,0,0.10000000000000001,0.10000000000000001,0.13093419547516083,0,0,1,1,0.00072859744990892532,1747,0.010567044696464309,0.062094248526374879,0.051527203829910571,0.00084922065982555132,0.053168779186124081,0.052319558526298528,0.078797397692285845,0,0,0,0,0,0.96466302367941714,-0.0062275758599414878,0.0012827808140688009,0.038602953467275505,0,0.019320842287768227
100,4,10,0.1698740386461858,0.028857189005965827,1,-1,1,0,1,13,0.010984035165380001,0.011230662939337034,0.00024662777395703314,0.00092783919935881913,0.0009795948535572445,5.1755654198425366e-05,0.00052675205439503992,0,0,0,0,0,12,0.010984035165380001,0.011230662939337034,0.00024662777395703314,0.00092895982268652322,0.0009795948535572445,5.0635030870721282e-05,0.00052611003897555574,0,0,0,0,0,0.92307692307692313,-1.6232094938741401e-07,6.7161202697953348e-06,0.0017245210665014119,0,9.2021756614005677e-07
100,4,10,0.1698740386461858,0.028857189005965827,1,-1,1,0,2,3387,0.011306645485875089,0.061804327800342472,0.050497682314467385,0.00098925886050658268,0.050739394159220443,0.04975013529871386,0.15394748602117309,0,0,0,0,0,1833,0.011306645485875089,0.061804327800342472,0.050497682314467385,0.00099072182692736791,0.050739394159220443,0.049748672332293076,0.14912560319382068,0,0,0,0,0,0.54118689105403006,-2.9062006052599527e-05,0.0012827808140688009,0.01330187845013475,0,0.00043885366955860789
100,4,10,0.1698740386461858,0.028857189005965827,1,-1,1,0,3,15,0.061804663578224346,0.061857044505593824,5.2380927369477526e-05,0.050745487380688244,0.051112188708146315,0.0003667013274580716,0.00076988398517355294,0,0,0,0,0,15,0.061804663578224346,0.061857044505593824,5.2380927369477526e-05,0.050745487380688244,0.051112188708146315,0.0003667013274580716,0.00076988398517355294,0,0,0,0,0,1,1.7367512789913872e-05,0.00019956920099959441,0.010512711031502531,0.0040878788693603577,-6.6843014602251656e-05
100,4,10,0.1698740386461858,0.028857189005965827,1,-1,1,0,4,13,0.061869231765335223,0.061909896825944853,4.0665060609630654e-05,0.051224246659806336,0.051504232517263486,0.00027998585745715038,0.00059298193159647999,0,0,0,0,0,13,0.061869231765335223,0.061909896825944853,4.0665060609630654e-05,0.051224246659806336,0.051504232517263486,0.00027998585745715038,0.00059298193159647999,0,0,0,0,0,1,7.2123640923925891e-06,0.00016056683430585236,0.0089922274137574539,0.0026052389145897279,-2.714907920837065e-05
100,4,10,0.1698740386461858,0.028857189005965827,1,-1,1,0,5,9,0.061939500468660411,0.061962415176524913,2.2914707864502004e-05,0.051759551014887578,0.051919175983673189,0.00015962496878561133,0.00033592824758142746,0,0,0,0,0,9,0.061939500468660411,0.061962415176524913,2.2914707864502004e-05,0.051759551014887578,0.051919175983673189,0.00015962496878561133,0.00033592824758142746,0,0,0,0,0,1,1.866898697320242e-05,0.00011155367658965891,0.0076301116325512581,0.0043051328977035683,-7.4136677067558089e-05
100,4,10,0.1698740386461858,0.028857189005965827,1,-1,3,1,1,2745,0.0069048000204768433,0.073337619688524397,0.066432819668047552,0,0.10000000000000001,0.10000000000000001,0.13093419547516083,0,0,1,1,0.00072859744990892532,1747,0.010567044696464309,0.062094248526374879,0.051527203829910571,0.00084922065982555132,0.053168779186124081,0.052319558526298528,0.078797397692285845,0,0,0,0,0,0.96466302367941714,-0.0062275758599414878,0.0012827808140688009,0.024623145353122738,0,0.019320842287768227
100,4,10,0.1698740386461858,0.028857189005965827,-1,1,1,0,1,79,0,0.0023085751204772664,0.0023085751204772664,0,0.0023121576460299531,0.0023121576460299531,0.0032674659145570857,1,0,1,0,0.025316455696202531,0,nan,nan,nan,nan,nan,nan,0,0,0,0,0,nan,0.012658227848101266,-2.5266843443690784e-10,2.3094947458621995e-08,1.7388546186661775e-07,0,4.8040122922028439e-05
100,4,10,0.1698740386461858,0.028857189005965827,-1,1,3,1,1,3933,0.0069048000204768433,0.073337619688524397,0.066432819668047552,0,0.10000000000000001,0.10000000000000001,0.20289609101891015,0,0,1,1,0.00050851767098906682,0,nan,nan,nan,nan,nan,nan,0,0,0,0,0,nan,0.22781591660310196,-0.0088156387055636359,-2.1318076347546495e-05,0.015580185284865733,0,0.035262554822254592
100,4,10,0.1698740386461858,0.028857189005965827,-1,-1,3,1,1,3933,0.0069048000204768433,0.073337619688524397,0.066432819668047552,0,0.10000000000000001,0.10000000000000001,0.20289609101891015,0,0,1,1,0.00050851767098906682,0,nan,nan,nan,nan,nan,nan,0,0,0,0,0,nan,0.22781591660310196,-0.0088156387055636359,-2.1318076347546495e-05,0.0058238075796828983,0,0.035262554822254592
101,10,4,0.1698740386461858,0.028857189005965827,1,1,1,0,1,2709,0.0023085751204772664,0.062463130001901915,0.060154554881424648,0,0.10000000000000001,0.10000000000000001,0.13449040530814621,0,0,1,1,0.00073827980804724988,1984,0.0079519679786524342,0.062463130001901915,0.054511162023249481,0.00055718611861751565,0.07184789859906604,0.07129071248044852,0.10020347070628724,0,0,0,0,0,0.76005906238464382,-0.00027443834963153689,0.0012827808140688009,0.017218916867944137,0,0.0034073837462375257
101,10,4,0.1698740386461858,0.028857189005965827,1,1,3,1,1,2745,0.0069048000204768433,0.073337619688524397,0.066432819668047552,0,0.10000000000000001,0.10000000000000001,0.13093419547516083,0,0,1,1,0.00072859744990892532,1747,0.010567044696464309,0.062094248526374879,0.051527203829910571,0.00084922065982555132,0.053168779186124081,0.052319558526298528,0.078797397692285845,0,0,0,0,0,0.96466302367941714,-0.0062275758599414878,0.0012827808140688009,0.038602953467275505,0,0.019320842287768227
101,10,4,0.1698740386461858,0.028857189005965827,1,-1,1,0,1,13,0.010984035165380001,0.011230662939337034,0.00024662777395703314,0.00092783919935881913,0.0009795948535572445,5.1755654198425366e-05,0.00052675205439503992,0,0,0,0,0,12,0.010984035165380001,0.011230662939337034,0.00024662777395703314,0.00092895982268652322,0.0009795948535572445,5.0635030870721282e-05,0.00052611003897555574,0,0,0,0,0,0.92307692307692313,-1.6232094938741401e-07,6.7161202697953348e-06,0.0017245210665014119,0,9.2021756614005677e-07
101,10,4,0.1698740386461858,0.028857189005965827,1,-1,1,0,2,3387,0.011306645485875089,0.061804327800342472,0.050497682314467385,0.00098925886050658268,0.050739394159220443,0.04975013529871386,0.15394748602117309,0,0,0,0,0,1833,0.011306645485875089,0.061804327800342472,0.050497682314467385,0.00099072182692736791,0.050739394159220443,0.049748672332293076,0.14912560319382068,0,0,0,0,0,0.54118689105403006,-2.9062006052599527e-05,0.0012827808140688009,0.01330187845013475,0,0.00043885366955860789
101,10,4,0.1698740386461858,0.028857189005965827,1,-1,1,0,3,15,0.061804663578224346,0.061857044505593824,5.2380927369477526e-05,0.050745487380688244,0.051112188708146315,0.0003667013274580716,0.00076988398517355294,0,0,0,0,0,15,0.061804663578224346,0.061857044505593824,5.2380927369477526e-05,0.050745487380688244,0.051112188708146315,0.0003667013274580716,0.00076988398517355294,0,0,0,0,0,1,1.7367512789913872e-05,0.00019956920099959441,0.010512711031502531,0.0040878788693603577,-6.6843014602251656e-05
101,10,4,0.1698740386461858,0.028857189005965827,1,-1,1,0,4,13,0.061869231765335223,0.061909896825944853,4.0665060609630654e-05,0.051224246659806336,0.051504232517263486,0.00027998585745715038,0.00059298193159647999,0,0,0,0,0,13,0.061869231765335223,0.061909896825944853,4.0665060609630654e-05,0.051224246659806336,0.051504232517263486,0.00027998585745715038,0.00059298193159647999,0,0,0,0,0,1,7.2123640923925891e-06,0.00016056683430585236,0.0089922274137574539,0.0026052389145897279,-2.714907920837065e-05
101,10,4,0.1698740386461858,0.028857189005965827,1,-1,1,0,5,9,0.061939500468660411,0.061962415176524913,2.2914707864502004e-05,0.051759551014887578,0.051919175983673189,0.00015962496878561133,0.00033592824758142746,0,0,0,0,0,9,0.061939500468660411,0.061962415176524913,2.2914707864502004e-05,0.051759551014887578,0.051919175983673189,0.00015962496878561133,0.00033592824758142746,0,0,0,0,0,1,1.866898697320242e-05,0.00011155367658965891,0.0076301116325512581,0.0043051328977035683,-7.4136677067558089e-05
101,10,4,0.1698740386461858,0.028857189005965827,1,-1,3,1,1,2745,0.0069048000204768433,0.073337619688524397,0.066432819668047552,0,0.10000000000000001,0.10000000000000001,0.13093419547516083,0,0,1,1,0.00072859744990892532,1747,0.010567044696464309,0.062094248526374879,0.051527203829910571,0.00084922065982555132,0.053168779186124081,0.052319558526298528,0.078797397692285845,0,0,0,0,0,0.96466302367941714,-0.0062275758599414878,0.0012827808140688009,0.024623145353122738,0,0.019320842287768227
101,10,4,0.1698740386461858,0.028857189005965827,-1,1,1,0,1,79,0,0.0023085751204772664,0.0023085751204772664,0,0.0023121576460299531,0.0023121576460299531,0.0032674659145570857,1,0,1,0,0.025316455696202531,0,nan,nan,nan,nan,nan,nan,0,0,0,0,0,nan,0.012658227848101266,-2.5266843443690784e-10,2.3094947458621995e-08,1.7388546186661775e-07,0,4.8040122922028439e-05
101,10,4,0.1698740386461858,0.028857189005965827,-1,1,3,1,1,3933,0.0069048000204768433,0.073337619688524397,0.066432819668047552,0,0.10000000000000001,0.10000000000000001,0.20289609101891015,0,0,1,1,0.00050851767098906682,0,nan,nan,nan,nan,nan,nan,0,0,0,0,0,nan,0.22781591660310196,-0.0088156387055636359,-2.1318076347546495e-05,0.015580185284865733,0,0.035262554822254592
101,10,4,0.1698740386461858,0.028857189005965827,-1,-1,3,1,1,3933,0.0069048000204768433,0.073337619688524397,0.066432819668047552,0,0.10000000000000001,0.10000000000000001,0.20289609101891015,0,0,1,1,0.00050851767098906682,0,nan,nan,nan,nan,nan,nan,0,0,0,0,0,nan,0.22781591660310196,-0.0088156387055636359,-2.1318076347546495e-05,0.0058238075796828983,0,0.035262554822254592
102,6,9,0.17064235815492546,0.029118814396673853,1,1,1,0,1,2709,0.0023295051517339084,0.062463085205933216,0.060133580054199311,0,0.10000000000000001,0.10000000000000001,0.13448058801637344,0,0,1,1,0.00073827980804724988,1980,0.0084856571047364909,0.062463085205933216,0.053977428101196726,0.00061682042126690051,0.07184789859906604,0.07123107817779914,0.099683877304365759,0,0,0,0,0,0.75636766334440753,-0.00027639602392068774,0.0012770211993996202,0.017136697035834612,0,0.0034222515641113508
102,6,9,0.17064235815492546,0.029118814396673853,1,1,3,1,1,2744,0.0069667867189741554,0.073359126876852782,0.066392340157878621,0,0.10000000000000001,0.10000000000000001,0.1308892504862515,0,0,1,1,0.00072886297376093293,1744,0.01067378252168112,0.062095412134896569,0.051421629613215447,0.00086477288517568718,0.053168779186124081,0.052304006300948391,0.078699588446490804,0,0,0,0,0,0.96501457725947526,-0.0062392310555763938,0.0012770211993996202,0.038572312517791169,0,0.01936198074085204
102,6,9,0.17064235815492546,0.029118814396673853,1,-1,1,0,1,11,0.01101416956015645,0.011223034659924113,0.00020886509976766367,0.00092874308548322303,0.00097337574879590783,4.4632663312684797e-05,0.00044944893451286073,0,0,0,0,0,10,0.01101416956015645,0.011223034659924113,0.00020886509976766367,0.00092991346037694369,0.00097337574879590783,4.3462288418964139e-05,0.00044870470364042405,0,0,0,0,0,0.90909090909090906,-2.6116379966749056e-07,5.6612249141462255e-06,0.0015166050427928653,0,1.2461829138883472e-06
102,6,9,0.17064235815492546,0.029118814396673853,1,-1,1,0,2,3385,0.01133614574175159,0.061804214877521288,0.050468069135769698,0.00099094175718896426,0.050722897093781728,0.049731955336592762,0.15386031849634879,0,0,0,0,0,1833,0.01133614574175159,0.061804214877521288,0.050468069135769698,0.00099177840841661999,0.050722897093781728,0.04973111868536511,0.14910591500880044,0,0,0,0,0,0.54150664697193496,-2.9179665507559176e-05,0.0012770211993996202,0.013270228548902391,0,0.00043502785899239755
102,6,9,0.17064235815492546,0.029118814396673853,1,-1,1,0,3,13,0.061806719644787157,0.061856934309618174,5.0214664831016442e-05,0.050749533108564782,0.051096132868405308,0.00034659975984052682,0.00073019579730779932,0,0,0,0,0,13,0.061806719644787157,0.061856934309618174,5.0214664831016442e-05,0.050749533108564782,0.051096132868405308,0.00034659975984052682,0.00073019579730779932,0,0,0,0,0,1,1.5516150813951515e-05,0.00019133147773344177,0.0099572876470706909,0.0038616959567163087,-5.9650782648476341e-05
102,6,9,0.17064235815492546,0.029118814396673853,1,-1,1,0,4,11,0.061871218202069561,0.061909790102686234,3.857190061667265e-05,0.051225313212409217,0.051489026803604322,0.00026371359119510551,0.00055918948825306924,0,0,0,0,0,11,0.061871218202069561,0.061909790102686234,3.857190061667265e-05,0.051225313212409217,0.051489026803604322,0.00026371359119510551,0.00055918948825306924,0,0,0,0,0,1,5.3675444525580479e-06,0.00015192836809292828,0.0082887166091149701,0.0022327467044166204,-1.9940631384333117e-05
102,6,9,0.17064235815492546,0.029118814396673853,1,-1,1,0,5,9,0.061941486844276701,0.061962310856426374,2.0824012149672777e-05,0.051761195789522936,0.051904292097936906,0.00014309630841397025,0.0003019610230902836,0,0,0,0,0,9,0.061941486844276701,0.061962310856426374,2.0824012149672777e-05,0.051761195789522936,0.051904292097936906,0.00014309630841397025,0.0003019610230902836,0,0,0,0,0,1,1.6806150931087454e-05,0.00010200157637633879,0.007316135384279116,0.0040859309651718849,-6.6779327408601795e-05
102,6,9,0.17064235815492546,0.029118814396673853,1,-1,3,1,1,2744,0.0069667867189741554,0.073359126876852782,0.066392340157878621,0,0.10000000000000001,0.10000000000000001,0.1308892504862515,0,0,1,1,0.00072886297376093293,1744,0.01067378252168112,0.062095412134896569,0.051421629613215447,0.00086477288517568718,0.053168779186124081,0.052304006300948391,0.078699588446490804,0,0,0,0,0,0.96501457725947526,-0.0062392310555763938,0.0012770211993996202,0.024571753913522145,0,0.01936198074085204
102,6,9,0.17064235815492546,0.029118814396673853,-1,1,1,0,1,79,0,0.0023295051517339084,0.0023295051517339084,0,0.0023331523128387135,0.0023331523128387135,0.0032971166323078095,1,0,1,0,0.025316455696202531,0,nan,nan,nan,nan,nan,nan,0,0,0,0,0,nan,0,-5.1075405210446883e-10,1.8668736922541291e-08,0,0,4.8915823738016947e-05
102,6,9,0.17064235815492546,0.029118814396673853,-1,1,3,1,1,3932,0.0069667867189741554,0.073359126876852782,0.066392340157878621,0,0.10000000000000001,0.10000000000000001,0.2027738222804443,0,0,1,1,0.00050864699898270599,0,nan,nan,nan,nan,nan,nan,0,0,0,0,0,nan,0.228382502543235,-0.0088044505806328978,-2.1706377007819276e-05,0.01559844182136526,0,0.035217802322531619
102,6,9,0.17064235815492546,0.029118814396673853,-1,-1,3,1,1,3932,0.0069667867189741554,0.073359126876852782,0.066392340157878621,0,0.10000000000000001,0.10000000000000001,0.2027738222804443,0,0,1,1,0.00050864699898270599,0,nan,nan,nan,nan,nan,nan,0,0,0,0,0,nan,0.228382502543235,-0.0088044505806328978,-2.1706377007819276e-05,0.0058285799092806199,0,0.035217802322531619
103,9,6,0.17064235815492546,0.029118814396673853,1,1,1,0,1,2709,0.0023295051517339084,0.062463085205933216,0.060133580054199311,0,0.10000000000000001,0.10000000000000001,0.13448058801637344,0,0,1,1,0.00073827980804724988,1980,0.0084856571047364909,0.062463085205933216,0.053977428101196726,0.00061682042126690051,0.07184789859906604,0.07123107817779914,0.099683877304365759,0,0,0,0,0,0.75636766334440753,-0.00027639602392068774,0.0012770211993996202,0.017136697035834612,0,0.0034222515641113508
103,9,6,0.17064235815492546,0.029118814396673853,1,1,3,1,1,2744,0.0069667867189741554,0.073359126876852782,0.066392340157878621,0,0.10000000000000001,0.10000000000000001,0.1308892504862515,0,0,1,1,0.00072886297376093293,1744,0.01067378252168112,0.062095412134896569,0.051421629613215447,0.00086477288517568718,0.053168779186124081,0.052304006300948391,0.078699588446490804,0,0,0,0,0,0.96501457725947526,-0.0062392310555763938,0.0012770211993996202,0.038572312517791169,0,0.01936198074085204
103,9,6,0.17064235815492546,0.029118814396673853,1,-1,1,0,1,11,0.01101416956015645,0.011223034659924113,0.00020886509976766367,0.00092874308548322303,0.00097337574879590783,4.4632663312684797e-05,0.00044944893451286073,0,0,0,0,0,10,0.01101416956015645,0.011223034659924113,0.00020886509976766367,0.00092991346037694369,0.00097337574879590783,4.3462288418964139e-05,0.00044870470364042405,0,0,0,0,0,0.90909090909090906,-2.6116379966749056e-07,5.6612249141462255e-06,0.0015166050427928653,0,1.2461829138883472e-06
103,9,6,0.17064235815492546,0.029118814396673853,1,-1,1,0,2,3385,0.01133614574175159,0.061804214877521288,0.050468069135769698,0.00099094175718896426,0.050722897093781728,0.049731955336592762,0.15386031849634879,0,0,0,0,0,1833,0.01133614574175159,0.061804214877521288,0.050468069135769698,0.00099177840841661999,0.050722897093781728,0.04973111868536511,0.14910591500880044,0,0,0,0,0,0.54150664697193496,-2.9179665507559176e-05,0.0012770211993996202,0.013270228548902391,0,0.00043502785899239755
103,9,6,0.17064235815492546,0.029118814396673853,1,-1,1,0,3,13,0.061806719644787157,0.061856934309618174,5.0214664831016442e-05,0.050749533108564782,0.051096132868405308,0.00034659975984052682,0.00073019579730779932,0,0,0,0,0,13,0.061806719644787157,0.061856934309618174,5.0214664831016442e-05,0.050749533108564782,0.051096132868405308,0.00034659975984052682,0.00073019579730779932,0,0,0,0,0,1,1.5516150813951515e-05,0.00019133147773344177,0.0099572876470706909,0.0038616959567163087,-5.9650782648476341e-05
103,9,6,0.17064235815492546,0.029118814396673853,1,-1,1,0,4,11,0.061871218202069561,0.061909790102686234,3.857190061667265e-05,0.051225313212409217,0.051489026803604322,0.00026371359119510551,0.00055918948825306924,0,0,0,0,0,11,0.061871218202069561,0.061909790102686234,3.857190061667265e-05,0.051225313212409217,0.051489026803604322,0.00026371359119510551,0.00055918948825306924,0,0,0,0,0,1,5.3675444525580479e-06,0.00015192836809292828,0.0082887166091149701,0.0022327467044166204,-1.9940631384333117e-05
103,9,6,0.17064235815492546,0.029118814396673853,1,-1,1,0,5,9,0.061941486844276701,0.061962310856426374,2.0824012149672777e-05,0.051761195789522936,0.051904292097936906,0.00014309630841397025,0.0003019610230902836,0,0,0,0,0,9,0.061941486844276701,0.061962310856426374,2.0824012149672777e-05,0.051761195789522936,0.051904292097936906,0.00014309630841397025,0.0003019610230902836,0,0,0,0,0,1,1.6806150931087454e-05,0.00010200157637633879,0.007316135384279116,0.0040859309651718849,-6.6779327408601795e-05
103,9,6,0.17064235815492546,0.029118814396673853,1,-1,3,1,1,2744,0.0069667867189741554,0.073359126876852782,0.066392340157878621,0,0.10000000000000001,0.10000000000000001,0.1308892504862515,0,0,1,1,0.00072886297376093293,1744,0.01067378252168112,0.062095412134896569,0.051421629613215447,0.00086477288517568718,0.053168779186124081,0.052304006300948391,0.078699588446490804,0,0,0,0,0,0.96501457725947526,-0.0062392310555763938,0.0012770211993996202,0.024571753913522145,0,0.01936198074085204
103,9,6,0.17064235815492546,0.029118814396673853,-1,1,1,0,1,79,0,0.0023295051517339084,0.0023295051517339084,0,0.0023331523128387135,0.0023331523128387135,0.0032971166323078095,1,0,1,0,0.025316455696202531,0,nan,nan,nan,nan,nan,nan,0,0,0,0,0,nan,0,-5.1075405210446883e-10,1.8668736922541291e-08,0,0,4.8915823738016947e-05
103,9,6,0.17064235815492546,0.029118814396673853,-1,1,3,1,1,3932,0.0069667867189741554,0.073359126876852782,0.066392340157878621,0,0.10000000000000001,0.10000000000000001,0.2027738222804443,0,0,1,1,0.00050864699898270599,0,nan,nan,nan,nan,nan,nan,0,0,0,0,0,nan,0.228382502543235,-0.0088044505806328978,-2.1706377007819276e-05,0.01559844182136526,0,0.035217802322531619
103,9,6,0.17064235815492546,0.029118814396673853,-1,-1,3,1,1,3932,0.0069667867189741554,0.073359126876852782,0.066392340157878621,0,0.10000000000000001,0.10000000000000001,0.2027738222804443,0,0,1,1,0.00050864699898270599,0,nan,nan,nan,nan,nan,nan,0,0,0,0,0,nan,0.228382502543235,-0.0088044505806328978,-2.1706377007819276e-05,0.0058285799092806199,0,0.035217802322531619
104,0,11,0.17343775632710154,0.030080655319779048,1,1,1,0,1,2707,0.0024064524255823241,0.062462937523064893,0.06005648509748257,0,0.10000000000000001,0.10000000000000001,0.1344321558223214,0,0,1,1,0.00073882526782415958,1969,0.0084856571047364909,0.062462937523064893,0.053977280418328402,0.00061891105600537643,0.07184789859906604,0.071228987543060659,0.099714029328191775,0,0,0,0,0,0.74547469523457699,-0.00027702541451099988,0.0012558483612101715,0.016862199771505715,0,0.0034769179992946379
104,0,11,0.17343775632710154,0.030080655319779048,1,1,3,1,1,2743,0.0071948466641868023,0.073438231564174769,0.066243384899987962,0,0.10000000000000001,0.10000000000000001,0.13071944573148517,0,0,1,1,0.00072912869121399923,1731,0.011047364909939959,0.062037345679049158,0.050989980769109197,0.00091738580484470396,0.05256837891927952,0.051650993114434815,0.077755638521594256,0,0,0,0,0,0.96281443674808609,-0.0062821009558827468,0.0012558483612101715,0.038500275944081896,0,0.019513342844908708
104,0,11,0.17343775632710154,0.030080655319779048,1,-1,1,0,1,13,0.011445379414180671,0.011702396943978908,0.00025701752979823654,0.00099432575811397861,0.0010518144984507816,5.7488740336803e-05,0.00055936411341600707,0,0,0,0,0,11,0.011445379414180671,0.011687791861240826,0.0002424124470601554,0.00099537462442171078,0.0010518144984507816,5.6439874029070832e-05,0.00051454767920912077,0,0,0,0,0,0.84615384615384615,-7.4721452300556212e-07,7.0288704615307543e-06,0.0016406922883113772,0,3.3059375752602975e-06
104,0,11,0.17343775632710154,0.030080655319779048,1,-1,1,0,2,3365,0.011758923554130035,0.061803806575141298,0.050044883021011261,0.0010566406575360095,0.050663504837871465,0.049606864180335455,0.15290962437750494,0,0,0,0,0,1827,0.011758923554130035,0.061803806575141298,0.050044883021011261,0.0010581496187191453,0.050663504837871465,0.049605355219152318,0.14829162472822255,0,0,0,0,0,0.54294205052005939,-2.8971385966950323e-05,0.0012558483612101715,0.01317444467542004,0,0.00042106737525619673
104,0,11,0.17343775632710154,0.030080655319779048,1,-1,1,0,3,13,0.061814278578403589,0.061856535785445574,4.2257207041984657e-05,0.050756792612274941,0.051038633207949644,0.00028184059567470249,0.00059807619154265566,0,0,0,0,0,13,0.061814278578403589,0.061856535785445574,4.2257207041984657e-05,0.050756792612274941,0.051038633207949644,0.00028184059567470249,0.00059807619154265566,0,0,0,0,0,1,8.6907331513910812e-06,0.0001604408410070799,0.0090605668545099098,0.0028746561510625381,-3.3054591947366747e-05
104,0,11,0.17343775632710154,0.030080655319779048,1,-1,1,0,4,9,0.061878521148228824,0.061909403888117186,3.0882739888361821e-05,0.051228222802174171,0.051433655794088012,0.00020543299191384118,0.00043728570574440463,0,0,0,0,0,8,0.061878521148228824,0.061908910266335715,3.0389118106891044e-05,0.051228222802174171,0.051433655794088012,0.00020543299191384118,0.00043711212732990386,0,0,0,0,0,0.88888888888888884,-1.4338126758257581e-06,0.00011940521646184435,0.0064017916411397841,0,6.7151013584986588e-06
104,0,11,0.17343775632710154,0.030080655319779048,1,-1,3,1,1,2743,0.0071948466641868023,0.073438231564174769,0.066243384899987962,0,0.10000000000000001,0.10000000000000001,0.13071944573148517,0,0,1,1,0.00072912869121399923,1731,0.011047364909939959,0.062037345679049158,0.050989980769109197,0.00091738580484470396,0.05256837891927952,0.051650993114434815,0.077755638521594256,0,0,0,0,0,0.96281443674808609,-0.0062821009558827468,0.0012558483612101715,0.024381937562952399,0,0.019513342844908708
104,0,11,0.17343775632710154,0.030080655319779048,-1,1,1,0,1,83,0,0.0024064524255823241,0.0024064524255823241,0,0.0024103459321379419,0.0024103459321379419,0.0034061322674622785,1,0,1,0,0.024096385542168676,0,nan,nan,nan,nan,nan,nan,0,0,0,0,0,nan,0.012048192771084338,-1.6880722611478115e-08,9.7142624241148504e-10,5.5910223458177503e-08,0,5.220346027619597e-05
104,0,11,0.17343775632710154,0.030080655319779048,-1,1,3,1,1,3929,0.0071948466641868023,0.073438231564174769,0.066243384899987962,0,0.10000000000000001,0.10000000000000001,0.20262964053437388,0,0,1,1,0.00050903537795876815,0,nan,nan,nan,nan,nan,nan,0,0,0,0,0,nan,0.23059302621532196,-0.0087633081607138476,-2.3164053106364203e-05,0.015717048187848841,0,0.035053232642855391
104,0,11,0.17343775632710154,0.030080655319779048,-1,-1,3,1,1,3929,0.0071948466641868023,0.073438231564174769,0.066243384899987962,0,0.10000000000000001,0.10000000000000001,0.20262964053437388,0,0,1,1,0.00050903537795876815,0,nan,nan,nan,nan,nan,nan,0,0,0,0,0,nan,0.23059302621532196,-0.0087633081607138476,-2.3164053106364203e-05,0.0058610601781030787,0,0.035053232642855391
105,11,0,0.17343775632710154,0.030080655319779048,1,1,1,0,1,2707,0.0024064524255823241,0.062462937523064893,0.06005648509748257,0,0.10000000000000001,0.10000000000000001,0.1344321558223214,0,0,1,1,0.00073882526782415958,1969,0.0084856571047364909,0.062462937523064893,0.053977280418328402,0.00061891105600537643,0.07184789859906604,0.071228987543060659,0.099714029328191775,0,0,0,0,0,0.74547469523457699,-0.00027702541451099988,0.0012558483612101715,0.016862199771505715,0,0.0034769179992946379
105,11,0,0.17343775632710154,0.030080655319779048,1,1,3,1,1,2743,0.0071948466641868023,0.073438231564174769,0.066243384899987962,0,0.10000000000000001,0.10000000000000001,0.13071944573148517,0,0,1,1,0.00072912869121399923,1731,0.011047364909939959,0.062037345679049158,0.050989980769109197,0.00091738580484470396,0.05256837891927952,0.051650993114434815,0.077755638521594256,0,0,0,0,0,0.96281443674808609,-0.0062821009558827468,0.0012558483612101715,0.038500275944081896,0,0.019513342844908708
105,11,0,0.17343775632710154,0.030080655319779048,1,-1,1,0,1,13,0.011445379414180671,0.011702396943978908,0.00025701752979823654,0.00099432575811397861,0.0010518144984507816,5.7488740336803e-05,0.00055936411341600707,0,0,0,0,0,11,0.011445379414180671,0.011687791861240826,0.0002424124470601554,0.00099537462442171078,0.0010518144984507816,5.6439874029070832e-05,0.00051454767920912077,0,0,0,0,0,0.84615384615384615,-7.4721452300556212e-07,7.0288704615307543e-06,0.0016406922883113772,0,3.3059375752602975e-06
105,11,0,0.17343775632710154,0.030080655319779048,1,-1,1,0,2,3365,0.011758923554130035,0.061803806575141298,0.050044883021011261,0.0010566406575360095,0.050663504837871465,0.049606864180335455,0.15290962437750494,0,0,0,0,0,1827,0.011758923554130035,0.061803806575141298,0.050044883021011261,0.0010581496187191453,0.050663504837871465,0.049605355219152318,0.14829162472822255,0,0,0,0,0,0.54294205052005939,-2.8971385966950323e-05,0.0012558483612101715,0.01317444467542004,0,0.00042106737525619673
105,11,0,0.17343775632710154,0.030080655319779048,1,-1,1,0,3,13,0.061814278578403589,0.061856535785445574,4.2257207041984657e-05,0.050756792612274941,0.051038633207949644,0.00028184059567470249,0.00059807619154265566,0,0,0,0,0,13,0.061814278578403589,0.061856535785445574,4.2257207041984657e-05,0.050756792612274941,0.051038633207949644,0.00028184059567470249,0.00059807619154265566,0,0,0,0,0,1,8.6907331513910812e-06,0.0001604408410070799,0.0090605668545099098,0.0028746561510625381,-3.3054591947366747e-05
105,11,0,0.17343775632710154,0.030080655319779048,1,-1,1,0,4,9,0.061878521148228824,0.061909403888117186,3.0882739888361821e-05,0.051228222802174171,0.051433655794088012,0.00020543299191384118,0.00043728570574440463,0,0,0,0,0,8,0.061878521148228824,0.061908910266335715,3.0389118106891044e-05,0.051228222802174171,0.051433655794088012,0.00020543299191384118,0.00043711212732990386,0,0,0,0,0,0.88888888888888884,-1.4338126758257581e-06,0.00011940521646184435,0.0064017916411397841,0,6.7151013584986588e-06
105,11,0,0.17343775632710154,0.030080655319779048,1,-1,3,1,1,2743,0.0071948466641868023,0.073438231564174769,0.066243384899987962,0,0.10000000000000001,0.10000000000000001,0.13071944573148517,0,0,1,1,0.00072912869121399923,1731,0.011047364909939959,0.062037345679049158,0.050989980769109197,0.00091738580484470396,0.05256837891927952,0.051650993114434815,0.077755638521594256,0,0,0,0,0,0.96281443674808609,-0.0062821009558827468,0.0012558483612101715,0.024381937562952399,0,0.019513342844908708
105,11,0,0.17343775632710154,0.030080655319779048,-1,1,1,0,1,83,0,0.0024064524255823241,0.0024064524255823241,0,0.0024103459321379419,0.0024103459321379419,0.0034061322674622785,1,0,1,0,0.024096385542168676,0,nan,nan,nan,nan,nan,nan,0,0,0,0,0,nan,0.012048192771084338,-1.6880722611478115e-08,9.7142624241148504e-10,5.5910223458177503e-08,0,5.220346027619597e-05
105,11,0,0.17343775632710154,0.030080655319779048,-1,1,3,1,1,3929,0.0071948466641868023,0.073438231564174769,0.066243384899987962,0,0.10000000000000001,0.10000000000000001,0.20262964053437388,0,0,1,1,0.00050903537795876815,0,nan,nan,nan,nan,nan,nan,0,0,0,0,0,nan,0.23059302621532196,-0.0087633081607138476,-2.3164053106364203e-05,0.015717048187848841,0,0.035053232642855391
105,11,0,0.17343775632710154,0.030080655319779048,-1,-1,3,1,1,3929,0.0071948466641868023,0.073438231564174769,0.066243384899987962,0,0.10000000000000001,0.10000000000000001,0.20262964053437388,0,0,1,1,0.00050903537795876815,0,nan,nan,nan,nan,nan,nan,0,0,0,0,0,nan,0.23059302621532196,-0.0087633081607138476,-2.3164053106364203e-05,0.0058610601781030787,0,0.035053232642855391
106,1,11,0.17415474809623904,0.030329876284464475,1,1,1,0,1,2707,0.0024263901027571583,0.062462903490735473,0.060036513387978316,0,0.10000000000000001,0.10000000000000001,0.13442675007124685,0,0,1,1,0.00073882526782415958,1965,0.0084856571047364909,0.062462903490735473,0.053977246385998982,0.00061922222247072609,0.07184789859906604,0.071228676376595315,0.099731426204948986,0,0,0,0,0,0.74288880679719249,-0.00027900767369935862,0.0012503631176864979,0.016787891260922817,0,0.0034910841609463077
106,1,11,0.17415474809623904,0.030329876284464475,1,1,3,1,1,2742,0.0072539801484529758,0.073458743914367408,0.066204763765914429,0,0.10000000000000001,0.10000000000000001,0.13067704532486824,0,0,1,1,0.00072939460247994166,1726,0.011154102735156771,0.062038512162725976,0.050884409427569208,0.00093378165247328098,0.05256837891927952,0.051634597266806241,0.077657131290366582,0,0,0,0,0,0.96207148067104309,-0.006293216667364222,0.0012503631176864979,0.038470265909704579,0,0.019552601098461034
106,1,11,0.17415474809623904,0.030329876284464475,1,-1,1,0,1,11,0.011473862449627847,0.011658832028926657,0.00018496957929881042,0.0009962411223940924,0.0010342710788026658,3.8029956408573403e-05,0.0003910028784841893,0,0,0,0,0,11,0.011473862449627847,0.011658832028926657,0.00018496957929881042,0.0009962411223940924,0.0010342710788026658,3.8029956408573403e-05,0.0003910028784841893,0,0,0,0,0,1,2.3211820170716592e-07,5.3765890123798577e-06,0.0016371157831684168,0.00044361084015102079,-7.8716230999797816e-07
106,1,11,0.17415474809623904,0.030329876284464475,1,-1,1,0,2,3351,0.011786860882333132,0.061751085983195592,0.049964225100862458,0.0010582887110081871,0.050289575655781155,0.049231286944772967,0.15208536400735018,0,0,0,0,0,1814,0.011786860882333132,0.061750620193639097,0.049963759311305964,0.0010591504606576286,0.050289575655781155,0.049230425195123523,0.14746763326005349,0,0,0,0,0,0.54133094598627274,-2.7475678237098066e-05,0.0012503631176864979,0.013145851068103651,0,0.00041752235061562543
106,1,11,0.17415474809623904,0.030329876284464475,1,-1,1,0,3,15,0.06174920959117499,0.061803702493912302,5.4492902737311721e-05,0.050287782841804268,0.050648307052478157,0.00036052421067388901,0.00076622260042244115,0,0,0,0,0,15,0.06174920959117499,0.061803702493912302,5.4492902737311721e-05,0.050287782841804268,0.050648307052478157,0.00036052421067388901,0.00076622260042244115,0,0,0,0,0,1,5.4614515818791454e-06,0.00019022059912028822,0.0099112483706084251,0.0021844723571456271,-1.9087677916533489e-05
106,1,11,0.17415474809623904,0.030329876284464475,1,-1,1,0,4,11,0.061816237160828839,0.061856434176676668,4.0197015847828754e-05,0.050757898507030684,0.051024153902764671,0.00026625539573398721,0.00056571212101031235,0,0,0,0,0,11,0.061816237160828839,0.061856434176676668,4.0197015847828754e-05,0.050757898507030684,0.051024153902764671,0.00026625539573398721,0.00056571212101031235,0,0,0,0,0,1,6.9175715610144903e-06,0.00015226983034492884,0.0083833862663841973,0.0025556165251572403,-2.6124703294627074e-05
106,1,11,0.17415474809623904,0.030329876284464475,1,-1,1,0,5,9,0.061880413402179701,0.061909305356413875,2.8891954234173955e-05,0.051228808196469112,0.051419989968812155,0.00019118177234304229,0.00040726149496133246,0,0,0,0,0,8,0.061880413402179701,0.061908810197437748,2.8396795258046892e-05,0.051228808196469112,0.051419989968812155,0.00019118177234304229,0.00040709304688660476,0,0,0,0,0,0.88888888888888884,-3.2007458103677636e-06,0.00011076457984460413,0.0059704153945857649,0,1.3660432512591085e-05
106,1,11,0.17415474809623904,0.030329876284464475,1,-1,3,1,1,2742,0.0072539801484529758,0.073458743914367408,0.066204763765914429,0,0.10000000000000001,0.10000000000000001,0.13067704532486824,0,0,1,1,0.00072939460247994166,1726,0.011154102735156771,0.062038512162725976,0.050884409427569208,0.00093378165247328098,0.05256837891927952,0.051634597266806241,0.077657131290366582,0,0,0,0,0,0.96207148067104309,-0.006293216667364222,0.0012503631176864979,0.024331804799905016,0,0.019552601098461034
106,1,11,0.17415474809623904,0.030329876284464475,-1,1,1,0,1,83,0,0.0024263901027571583,0.0024263901027571583,0,0.0024303492315470559,0.0024303492315470559,0.0034343812700187481,1,0,1,0,0.024096385542168676,0,nan,nan,nan,nan,nan,nan,0,0,0,0,0,nan,0,-6.2965723549374066e-10,4.3696159800651373e-08,0,0,5.3072797403713131e-05
106,1,11,0.17415474809623904,0.030329876284464475,-1,1,3,1,1,3926,0.0072539801484529758,0.073458743914367408,0.066204763765914429,0,0.10000000000000001,0.10000000000000001,0.20251552488444963,0,0,1,1,0.00050942435048395313,0,nan,nan,nan,nan,nan,nan,0,0,0,0,0,nan,0.2305145185939888,-0.0087526449349581495,-2.3549475723031566e-05,0.015738858012992567,0,0.035010579739832612
106,1,11,0.17415474809623904,0.030329876284464475,-1,-1,3,1,1,3926,0.0072539801484529758,0.073458743914367408,0.066204763765914429,0,0.10000000000000001,0.10000000000000001,0.20251552488444963,0,0,1,1,0.00050942435048395313,0,nan,nan,nan,nan,nan,nan,0,0,0,0,0,nan,0.2305145185939888,-0.0087526449349581495,-2.3549475723031566e-05,0.0058659051209569027,0,0.035010579739832612
107,11,1,0.17415474809623904,0.030329876284464475,1,1,1,0,1,2707,0.0024263901027571583,0.062462903490735473,0.060036513387978316,0,0.10000000000000001,0.10000000000000001,0.13442675007124685,0,0,1,1,0.00073882526782415958,1965,0.0084856571047364909,0.062462903490735473,0.053977246385998982,0.00061922222247072609,0.07184789859906604,0.071228676376595315,0.099731426204948986,0,0,0,0,0,0.74288880679719249,-0.00027900767369935862,0.0012503631176864979,0.016787891260922817,0,0.0034910841609463077
107,11,1,0.17415474809623904,0.030329876284464475,1,1,3,1,1,2742,0.0072539801484529758,0.073458743914367408,0.066204763765914429,0,0.10000000000000001,0.10000000000000001,0.13067704532486824,0,0,1,1,0.00072939460247994166,1726,0.011154102735156771,0.062038512162725976,0.050884409427569208,0.00093378165247328098,0.05256837891927952,0.051634597266806241,0.077657131290366582,0,0,0,0,0,0.96207148067104309,-0.006293216667364222,0.0012503631176864979,0.038470265909704579,0,0.019552601098461034
107,11,1,0.17415474809623904,0.030329876284464475,1,-1,1,0,1,11,0.011473862449627847,0.011658832028926657,0.00018496957929881042,0.0009962411223940924,0.0010342710788026658,3.8029956408573403e-05,0.0003910028784841893,0,0,0,0,0,11,0.011473862449627847,0.011658832028926657,0.00018496957929881042,0.0009962411223940924,0.0010342710788026658,3.8029956408573403e-05,0.0003910028784841893,0,0,0,0,0,1,2.3211820170716592e-07,5.3765890123798577e-06,0.0016371157831684168,0.00044361084015102079,-7.8716230999797816e-07
107,11,1,0.17415474809623904,0.030329876284464475,1,-1,1,0,2,3351,0.011786860882333132,0.061751085983195592,0.049964225100862458,0.0010582887110081871,0.050289575655781155,0.049231286944772967,0.15208536400735018,0,0,0,0,0,1814,0.011786860882333132,0.061750620193639097,0.049963759311305964,0.0010591504606576286,0.050289575655781155,0.049230425195123523,0.14746763326005349,0,0,0,0,0,0.54133094598627274,-2.7475678237098066e-05,0.0012503631176864979,0.013145851068103651,0,0.00041752235061562543
107,11,1,0.17415474809623904,0.030329876284464475,1,-1,1,0,3,15,0.06174920959117499,0.061803702493912302,5.4492902737311721e-05,0.050287782841804268,0.050648307052478157,0.00036052421067388901,0.00076622260042244115,0,0,0,0,0,15,0.06174920959117499,0.061803702493912302,5.4492902737311721e-05,0.050287782841804268,0.050648307052478157,0.00036052421067388901,0.00076622260042244115,0,0,0,0,0,1,5.4614515818791454e-06,0.00019022059912028822,0.0099112483706084251,0.0021844723571456271,-1.9087677916533489e-05
107,11,1,0.17415474809623904,0.030329876284464475,1,-1,1,0,4,11,0.061816237160828839,0.061856434176676668,4.0197015847828754e-05,0.050757898507030684,0.051024153902764671,0.00026625539573398721,0.00056571212101031235,0,0,0,0,0,11,0.061816237160828839,0.061856434176676668,4.0197015847828754e-05,0.050757898507030684,0.051024153902764671,0.00026625539573398721,0.00056571212101031235,0,0,0,0,0,1,6.9175715610144903e-06,0.00015226983034492884,0.0083833862663841973,0.0025556165251572403,-2.6124703294627074e-05
107,11,1,0.17415474809623904,0.030329876284464475,1,-1,1,0,5,9,0.061880413402179701,0.061909305356413875,2.8891954234173955e-05,0.051228808196469112,0.051419989968812155,0.00019118177234304229,0.00040726149496133246,0,0,0,0,0,8,0.061880413402179701,0.061908810197437748,2.8396795258046892e-05,0.051228808196469112,0.051419989968812155,0.00019118177234304229,0.00040709304688660476,0,0,0,0,0,0.88888888888888884,-3.2007458103677636e-06,0.00011076457984460413,0.0059704153945857649,0,1.3660432512591085e-05
107,11,1,0.17415474809623904,0.030329876284464475,1,-1,3,1,1,2742,0.0072539801484529758,0.073458743914367408,0.066204763765914429,0,0.10000000000000001,0.10000000000000001,0.13067704532486824,0,0,1,1,0.00072939460247994166,1726,0.011154102735156771,0.062038512162725976,0.050884409427569208,0.00093378165247328098,0.05256837891927952,0.051634597266806241,0.077657131290366582,0,0,0,0,0,0.96207148067104309,-0.006293216667364222,0.0012503631176864979,0.024331804799905016,0,0.019552601098461034
107,11,1,0.17415474809623904,0.030329876284464475,-1,1,1,0,1,83,0,0.0024263901027571583,0.0024263901027571583,0,0.0024303492315470559,0.0024303492315470559,0.0034343812700187481,1,0,1,0,0.024096385542168676,0,nan,nan,nan,nan,nan,nan,0,0,0,0,0,nan,0,-6.2965723549374066e-10,4.3696159800651373e-08,0,0,5.3072797403713131e-05
107,11,1,0.17415474809623904,0.030329876284464475,-1,1,3,1,1,3926,0.0072539801484529758,0.073458743914367408,0.066204763765914429,0,0.10000000000000001,0.10000000000000001,0.20251552488444963,0,0,1,1,0.00050942435048395313,0,nan,nan,nan,nan,nan,nan,0,0,0,0,0,nan,0.2305145185939888,-0.0087526449349581495,-2.3549475723031566e-05,0.015738858012992567,0,0.035010579739832612
107,11,1,0.17415474809623904,0.030329876284464475,-1,-1,3,1,1,3926,0.0072539801484529758,0.073458743914367408,0.066204763765914429,0,0.10000000000000001,0.10000000000000001,0.20251552488444963,0,0,1,1,0.00050942435048395313,0,nan,nan,nan,nan,nan,nan,0,0,0,0,0,nan,0.2305145185939888,-0.0087526449349581495,-2.3549475723031566e-05,0.0058659051209569027,0,0.035010579739832612
108,2,11,0.17628805140289999,0.031077477067431514,1,1,1,0,1,2706,0.0024861981653945212,0.06246281227359532,0.0599766141082008,0,0.10000000000000001,0.10000000000000001,0.13438847010476365,0,0,1,1,0.00073909830007390983,1952,0.0090193462308205477,0.06246281227359532,0.053443466042774772,0.00068228303362052975,0.070113408939292854,0.069431125905672325,0.097482941239173337,0,0,0,0,0,0.73429416112342938,-0.0002841925583576706,0.00123394241549586,0.016578959716022159,0,0.003528074792558893
108,2,11,0.17628805140289999,0.031077477067431514,1,1,3,1,1,2738,0.007431462641285148,0.073520294824960739,0.066088832183675589,0,0.10000000000000001,0.10000000000000001,0.1305506583531319,0,0,1,1,0.00073046018991964939,1715,0.011420947298198798,0.061992720702532998,0.050571773404334198,0.00097077227006168337,0.052101400933955967,0.051130628663894284,0.076946872507598199,0,0,0,0,0,0.95982468955441924,-0.0063265727964747802,0.00123394241549586,0.038432503438473049,0,0.019670437926101632
108,2,11,0.17628805140289999,0.031077477067431514,1,-1,1,0,1,13,0.011871238175213102,0.012131970692300658,0.00026073251708755643,0.0010609232052069453,0.0011201576229669039,5.9234417759958594e-05,0.0005666726640414445,0,0,0,0,0,11,0.011871238175213102,0.012114743162108071,0.00024350498689496881,0.001061960661366294,0.0011201576229669039,5.8196961600609845e-05,0.00051833951768251549,0,0,0,0,0,0.84615384615384615,-4.9215435386202293e-07,7.669586546899413e-06,0.0017535608006312951,0,2.2932178798546373e-06
108,2,11,0.17628805140289999,0.031077477067431514,1,-1,1,0,2,3333,0.012176860453699954,0.061750299603440049,0.049573439149740092,0.0011231755953344277,0.050243605003080671,0.049120429407746247,0.15123407246835097,0,0,0,0,0,1810,0.012176860453699954,0.061750299603440049,0.049573439149740092,0.0011245962666078528,0.050243605003080671,0.049119008736472819,0.14671748318676001,0,0,0,0,0,0.54305430543054301,-2.6117495166754917e-05,0.00123394241549586,0.013083520342876754,0,0.00040692253715114354
108,2,11,0.17628805140289999,0.031077477067431514,1,-1,1,0,3,13,0.061755170723548351,0.061803394370189495,4.8223646641143425e-05,0.050290750708870222,0.050603853237953175,0.00031310252908295366,0.00066748508478690276,0,0,0,0,0,12,0.061755170723548351,0.06180291499704231,4.7744273493958989e-05,0.050290750708870222,0.050603853237953175,0.00031310252908295366,0.00066725138659440395,0,0,0,0,0,0.92307692307692313,1.4765412301235144e-07,0.00016674593668243224,0.0086521799552237173,0,1.5684003957246303e-06
108,2,11,0.17628805140289999,0.031077477067431514,1,-1,1,0,4,11,0.061822112419984789,0.061856133325399097,3.4020905414308689e-05,0.050760429283972799,0.05098128331128185,0.00022085402730905035,0.00047074436064405552,0,0,0,0,0,11,0.061822112419984789,0.061856133325399097,3.4020905414308689e-05,0.050760429283972799,0.05098128331128185,0.00022085402730905035,0.00047074436064405552,0,0,0,0,0,1,1.5878594707632125e-06,0.00012730225703456652,0.0074493310768227522,0.0011450789165737085,-5.244822900726472e-06
108,2,11,0.17628805140289999,0.031077477067431514,1,-1,3,1,1,2738,0.007431462641285148,0.073520294824960739,0.066088832183675589,0,0.10000000000000001,0.10000000000000001,0.1305506583531319,0,0,1,1,0.00073046018991964939,1715,0.011420947298198798,0.061992720702532998,0.050571773404334198,0.00097077227006168337,0.052101400933955967,0.051130628663894284,0.076946872507598199,0,0,0,0,0,0.95982468955441924,-0.0063265727964747802,0.00123394241549586,0.024201981429906073,0,0.019670437926101632
108,2,11,0.17628805140289999,0.031077477067431514,-1,1,1,0,1,85,0,0.0024861981653945212,0.0024861981653945212,0,0.0024903555865441961,0.0024903555865441961,0.0035191231244589938,1,0,1,0,0.023529411764705882,0,nan,nan,nan,nan,nan,nan,0,0,0,0,0,nan,0,-7.8000296743629017e-10,3.0480954270814339e-08,0,0,5.5723677547475775e-05
108,2,11,0.17628805140289999,0.031077477067431514,-1,1,3,1,1,3918,0.007431462641285148,0.073520294824960739,0.066088832183675589,0,0.10000000000000001,0.10000000000000001,0.20218985657606575,0,0,1,1,0.00051046452271567128,0,nan,nan,nan,nan,nan,nan,0,0,0,0,0,nan,0.23149566105155692,-0.0087206513186231186,-2.4724725270444324e-05,0.015838350448964998,0,0.034882605274492495
108,2,11,0.17628805140289999,0.031077477067431514,-1,-1,3,1,1,3918,0.007431462641285148,0.073520294824960739,0.066088832183675589,0,0.10000000000000001,0.10000000000000001,0.20218985657606575,0,0,1,1,0.00051046452271567128,0,nan,nan,nan,nan,nan,nan,0,0,0,0,0,nan,0.23149566105155692,-0.0087206513186231186,-2.4724725270444324e-05,0.0058947448837425413,0,0.034882605274492495
109,11,2,0.17628805140289999,0.031077477067431514,1,1,1,0,1,2706,0.0024861981653945212,0.06246281227359532,0.0599766141082008,0,0.10000000000000001,0.10000000000000001,0.13438847010476365,0,0,1,1,0.00073909830007390983,1952,0.0090193462308205477,0.06246281227359532,0.053443466042774772,0.00068228303362052975,0.070113408939292854,0.069431125905672325,0.097482941239173337,0,0,0,0,0,0.73429416112342938,-0.0002841925583576706,0.00123394241549586,0.016578959716022159,0,0.003528074792558893
109,11,2,0.17628805140289999,0.031077477067431514,1,1,3,1,1,2738,0.007431462641285148,0.073520294824960739,0.066088832183675589,0,0.10000000000000001,0.10000000000000001,0.1305506583531319,0,0,1,1,0.00073046018991964939,1715,0.011420947298198798,0.061992720702532998,0.050571773404334198,0.00097077227006168337,0.052101400933955967,0.051130628663894284,0.076946872507598199,0,0,0,0,0,0.95982468955441924,-0.0063265727964747802,0.00123394241549586,0.038432503438473049,0,0.019670437926101632
109,11,2,0.17628805140289999,0.031077477067431514,1,-1,1,0,1,13,0.011871238175213102,0.012131970692300658,0.00026073251708755643,0.0010609232052069453,0.0011201576229669039,5.9234417759958594e-05,0.0005666726640414445,0,0,0,0,0,11,0.011871238175213102,0.012114743162108071,0.00024350498689496881,0.001061960661366294,0.0011201576229669039,5.8196961600609845e-05,0.00051833951768251549,0,0,0,0,0,0.84615384615384615,-4.9215435386202293e-07,7.669586546899413e-06,0.0017535608006312951,0,2.2932178798546373e-06
109,11,2,0.17628805140289999,0.031077477067431514,1,-1,1,0,2,3333,0.012176860453699954,0.061750299603440049,0.049573439149740092,0.0011231755953344277,0.050243605003080671,0.049120429407746247,0.15123407246835097,0,0,0,0,0,1810,0.012176860453699954,0.061750299603440049,0.049573439149740092,0.0011245962666078528,0.050243605003080671,0.049119008736472819,0.14671748318676001,0,0,0,0,0,0.54305430543054301,-2.6117495166754917e-05,0.00123394241549586,0.013083520342876754,0,0.00040692253715114354
109,11,2,0.17628805140289999,0.031077477067431514,1,-1,1,0,3,13,0.061755170723548351,0.061803394370189495,4.8223646641143425e-05,0.050290750708870222,0.050603853237953175,0.00031310252908295366,0.00066748508478690276,0,0,0,0,0,12,0.061755170723548351,0.06180291499704231,4.7744273493958989e-05,0.050290750708870222,0.050603853237953175,0.00031310252908295366,0.00066725138659440395,0,0,0,0,0,0.92307692307692313,1.4765412301235144e-07,0.00016674593668243224,0.0086521799552237173,0,1.5684003957246303e-06
109,11,2,0.17628805140289999,0.031077477067431514,1,-1,1,0,4,11,0.061822112419984789,0.061856133325399097,3.4020905414308689e-05,0.050760429283972799,0.05098128331128185,0.00022085402730905035,0.00047074436064405552,0,0,0,0,0,11,0.061822112419984789,0.061856133325399097,3.4020905414308689e-05,0.050760429283972799,0.05098128331128185,0.00022085402730905035,0.00047074436064405552,0,0,0,0,0,1,1.5878594707632125e-06,0.00012730225703456652,0.0074493310768227522,0.0011450789165737085,-5.244822900726472e-06
109,11,2,0.17628805140289999,0.031077477067431514,1,-1,3,1,1,2738,0.007431462641285148,0.073520294824960739,0.066088832183675589,0,0.10000000000000001,0.10000000000000001,0.1305506583531319,0,0,1,1,0.00073046018991964939,1715,0.011420947298198798,0.061992720702532998,0.050571773404334198,0.00097077227006168337,0.052101400933955967,0.051130628663894284,0.076946872507598199,0,0,0,0,0,0.95982468955441924,-0.0063265727964747802,0.00123394241549586,0.024201981429906073,0,0.019670437926101632
109,11,2,0.17628805140289999,0.031077477067431514,-1,1,1,0,1,85,0,0.0024861981653945212,0.0024861981653945212,0,0.0024903555865441961,0.0024903555865441961,0.0035191231244589938,1,0,1,0,0.023529411764705882,0,nan,nan,nan,nan,nan,nan,0,0,0,0,0,nan,0,-7.8000296743629017e-10,3.0480954270814339e-08,0,0,5.5723677547475775e-05
109,11,2,0.17628805140289999,0.031077477067431514,-1,1,3,1,1,3918,0.007431462641285148,0.073520294824960739,0.066088832183675589,0,0.10000000000000001,0.10000000000000001,0.20218985657606575,0,0,1,1,0.00051046452271567128,0,nan,nan,nan,nan,nan,nan,0,0,0,0,0,nan,0.23149566105155692,-0.0087206513186231186,-2.4724725270444324e-05,0.015838350448964998,0,0.034882605274492495
109,11,2,0.17628805140289999,0.031077477067431514,-1,-1,3,1,1,3918,0.007431462641285148,0.073520294824960739,0.066088832183675589,0,0.10000000000000001,0.10000000000000001,0.20218985657606575,0,0,1,1,0.00051046452271567128,0,nan,nan,nan,nan,nan,nan,0,0,0,0,0,nan,0.23149566105155692,-0.0087206513186231186,-2.4724725270444324e-05,0.0058947448837425413,0,0.034882605274492495
110,5,10,0.17634714279898667,0.031098314773366192,1,1,1,0,1,2706,0.0024878651818692954,0.062462809908644959,0.059974944726775663,0,0.10000000000000001,0.10000000000000001,0.13438787436593141,0,0,1,1,0.00073909830007390983,1952,0.009019346230820546,0.062462809908644959,0.053443463677824411,0.0006823540641161779,0.070113408939292854,0.069431054875176673,0.097484497848913249,0,0,0,0,0,0.73429416112342938,-0.00028436783580170443,0.0012334845344474817,0.016572674894326598,0,0.0035292638649036144
110,5,10,0.17634714279898667,0.031098314773366192,1,1,3,1,1,2738,0.00743641172436511,0.073522010930758275,0.066085599206393161,0,0.10000000000000001,0.10000000000000001,0.13054716069243083,0,0,1,1,0.00073046018991964939,1714,0.011474316210807205,0.061992844871165839,0.050518528660358636,0.00098161082398121611,0.052101400933955967,0.05111979010997475,0.076893206014606863,0,0,0,0,0,0.95945945945945943,-0.0063275028159635515,0.0012334845344474817,0.038428867684142921,0,0.019673724038105429
110,5,10,0.17634714279898667,0.031098314773366192,1,-1,1,0,1,13,0.011873600937807687,0.012131582646554517,0.00025798170874682946,0.0010609935312618467,0.0011196392855308416,5.8645754268994883e-05,0.00056088900098458521,0,0,0,0,0,11,0.011873600937807687,0.012114743162108071,0.00024114222430038357,0.0010620352227786955,0.0011196392855308416,5.7604062752146089e-05,0.00051312049826472065,0,0,0,0,0,0.84615384615384615,-5.0150754532243827e-07,7.5781917973629218e-06,0.0017448139308987995,0,2.3242148566395491e-06
110,5,10,0.17634714279898667,0.031098314773366192,1,-1,1,0,2,3333,0.012179182714213838,0.06175029076518232,0.049571108050968482,0.0011232490098905027,0.050242323673573772,0.049119074663683267,0.15122768032013079,0,0,0,0,0,1811,0.012179182714213838,0.06175029076518232,0.049571108050968482,0.0011246814304158143,0.050242323673573772,0.049117642243157955,0.14671590551256936,0,0,0,0,0,0.54335433543354339,-2.6241801297742201e-05,0.0012334845344474817,0.013080227547629107,0,0.00040663045865732268
110,5,10,0.17634714279898667,0.031098314773366192,1,-1,1,0,3,13,0.061755336876829971,0.061803385868420734,4.8048991590762813e-05,0.050290819003664118,0.050602629027994603,0.00031181002433048471,0.00066478047398977561,0,0,0,0,0,12,0.061755336876829971,0.061802906318923032,4.7569442093060854e-05,0.050290819003664118,0.050602629027994603,0.00031181002433048471,0.00066454674772965111,0,0,0,0,0,0.92307692307692313,-6.8535495126106232e-10,0.00016608367944398523,0.0086305930508841378,0,2.1461208592742054e-06
110,5,10,0.17634714279898667,0.031098314773366192,1,-1,1,0,4,11,0.061822276179741828,0.061856125023303801,3.3848843561973263e-05,0.050760487812130391,0.050980088389073475,0.00021960057694308394,0.00046811227361577687,0,0,0,0,0,11,0.061822276179741828,0.061856125023303801,3.3848843561973263e-05,0.050760487812130391,0.050980088389073475,0.00021960057694308394,0.00046811227361577687,0,0,0,0,0,1,1.4390848178173959e-06,0.00012659596907549296,0.007418288131973122,0.001079456260048258,-4.6609032694294894e-06
110,5,10,0.17634714279898667,0.031098314773366192,1,-1,3,1,1,2738,0.00743641172436511,0.073522010930758275,0.066085599206393161,0,0.10000000000000001,0.10000000000000001,0.13054716069243083,0,0,1,1,0.00073046018991964939,1714,0.011474316210807205,0.061992844871165839,0.050518528660358636,0.00098161082398121611,0.052101400933955967,0.05111979010997475,0.076893206014606863,0,0,0,0,0,0.95945945945945943,-0.0063275028159635515,0.0012334845344474817,0.024197124708974692,0,0.019673724038105429
110,5,10,0.17634714279898667,0.031098314773366192,-1,1,1,0,1,85,0,0.0024878651818692954,0.0024878651818692954,0,0.002492028237265138,0.002492028237265138,0.0035214852228730776,1,0,1,0,0.023529411764705882,0,nan,nan,nan,nan,nan,nan,0,0,0,0,0,nan,0,-7.8180072882198446e-10,2.7473297229382626e-08,0,0,5.5798492982115989e-05
110,5,10,0.17634714279898667,0.031098314773366192,-1,1,3,1,1,3918,0.00743641172436511,0.073522010930758275,0.066085599206393161,0,0.10000000000000001,0.10000000000000001,0.20218126116733384,0,0,1,1,0.00051046452271567128,0,nan,nan,nan,nan,nan,nan,0,0,0,0,0,nan,0.23149566105155692,-0.0087197589094110128,-2.4757892652630175e-05,0.015839125912426172,0,0.034879035637644065
110,5,10,0.17634714279898667,0.031098314773366192,-1,-1,3,1,1,3918,0.00743641172436511,0.073522010930758275,0.066085599206393161,0,0.10000000000000001,0.10000000000000001,0.20218126116733384,0,0,1,1,0.00051046452271567128,0,nan,nan,nan,nan,nan,nan,0,0,0,0,0,nan,0.23149566105155692,-0.0087197589094110128,-2.4757892652630175e-05,0.0058947424169749942,0,0.034879035637644065
111,10,5,0.17634714279898667,0.031098314773366192,1,1,1,0,1,2706,0.0024878651818692954,0.062462809908644959,0.059974944726775663,0,0.10000000000000001,0.10000000000000001,0.13438787436593141,0,0,1,1,0.00073909830007390983,1952,0.009019346230820546,0.062462809908644959,0.053443463677824411,0.0006823540641161779,0.070113408939292854,0.069431054875176673,0.097484497848913249,0,0,0,0,0,0.73429416112342938,-0.00028436783580170443,0.0012334845344474817,0.016572674894326598,0,0.0035292638649036144
111,10,5,0.17634714279898667,0.031098314773366192,1,1,3,1,1,2738,0.00743641172436511,0.073522010930758275,0.066085599206393161,0,0.10000000000000001,0.10000000000000001,0.13054716069243083,0,0,1,1,0.00073046018991964939,1714,0.011474316210807205,0.061992844871165839,0.050518528660358636,0.00098161082398121611,0.052101400933955967,0.05111979010997475,0.076893206014606863,0,0,0,0,0,0.95945945945945943,-0.0063275028159635515,0.0012334845344474817,0.038428867684142921,0,0.019673724038105429
111,10,5,0.17634714279898667,0.031098314773366192,1,-1,1,0,1,13,0.011873600937807687,0.012131582646554517,0.00025798170874682946,0.0010609935312618467,0.0011196392855308416,5.8645754268994883e-05,0.00056088900098458521,0,0,0,0,0,11,0.011873600937807687,0.012114743162108071,0.00024114222430038357,0.0010620352227786955,0.0011196392855308416,5.7604062752146089e-05,0.00051312049826472065,0,0,0,0,0,0.84615384615384615,-5.0150754532243827e-07,7.5781917973629218e-06,0.0017448139308987995,0,2.3242148566395491e-06
111,10,5,0.17634714279898667,0.031098314773366192,1,-1,1,0,2,3333,0.012179182714213838,0.06175029076518232,0.049571108050968482,0.0011232490098905027,0.050242323673573772,0.049119074663683267,0.15122768032013079,0,0,0,0,0,1811,0.012179182714213838,0.06175029076518232,0.049571108050968482,0.0011246814304158143,0.050242323673573772,0.049117642243157955,0.14671590551256936,0,0,0,0,0,0.54335433543354339,-2.6241801297742201e-05,0.0012334845344474817,0.013080227547629107,0,0.00040663045865732268
111,10,5,0.17634714279898667,0.031098314773366192,1,-1,1,0,3,13,0.061755336876829971,0.061803385868420734,4.8048991590762813e-05,0.050290819003664118,0.050602629027994603,0.00031181002433048471,0.00066478047398977561,0,0,0,0,0,12,0.061755336876829971,0.061802906318923032,4.7569442093060854e-05,0.050290819003664118,0.050602629027994603,0.00031181002433048471,0.00066454674772965111,0,0,0,0,0,0.92307692307692313,-6.8535495126106232e-10,0.00016608367944398523,0.0086305930508841378,0,2.1461208592742054e-06
111,10,5,0.17634714279898667,0.031098314773366192,1,-1,1,0,4,11,0.061822276179741828,0.061856125023303801,3.3848843561973263e-05,0.050760487812130391,0.050980088389073475,0.00021960057694308394,0.00046811227361577687,0,0,0,0,0,11,0.061822276179741828,0.061856125023303801,3.3848843561973263e-05,0.050760487812130391,0.050980088389073475,0.00021960057694308394,0.00046811227361577687,0,0,0,0,0,1,1.4390848178173959e-06,0.00012659596907549296,0.007418288131973122,0.001079456260048258,-4.6609032694294894e-06
111,10,5,0.17634714279898667,0.031098314773366192,1,-1,3,1,1,2738,0.00743641172436511,0.073522010930758275,0.066085599206393161,0,0.10000000000000001,0.10000000000000001,0.13054716069243083,0,0,1,1,0.00073046018991964939,1714,0.011474316210807205,0.061992844871165839,0.050518528660358636,0.00098161082398121611,0.052101400933955967,0.05111979010997475,0.076893206014606863,0,0,0,0,0,0.95945945945945943,-0.0063275028159635515,0.0012334845344474817,0.024197124708974692,0,0.019673724038105429
111,10,5,0.17634714279898667,0.031098314773366192,-1,1,1,0,1,85,0,0.0024878651818692954,0.0024878651818692954,0,0.002492028237265138,0.002492028237265138,0.0035214852228730776,1,0,1,0,0.023529411764705882,0,nan,nan,nan,nan,nan,nan,0,0,0,0,0,nan,0,-7.8180072882198446e-10,2.7473297229382626e-08,0,0,5.5798492982115989e-05
111,10,5,0.17634714279898667,0.031098314773366192,-1,1,3,1,1,3918,0.00743641172436511,0.073522010930758275,0.066085599206393161,0,0.10000000000000001,0.10000000000000001,0.20218126116733384,0,0,1,1,0.00051046452271567128,0,nan,nan,nan,nan,nan,nan,0,0,0,0,0,nan,0.23149566105155692,-0.0087197589094110128,-2.4757892652630175e-05,0.015839125912426172,0,0.034879035637644065
111,10,5,0.17634714279898667,0.031098314773366192,-1,-1,3,1,1,3918,0.00743641172436511,0.073522010930758275,0.066085599206393161,0,0.10000000000000001,0.10000000000000001,0.20218126116733384,0,0,1,1,0.00051046452271567128,0,nan,nan,nan,nan,nan,nan,0,0,0,0,0,nan,0.23149566105155692,-0.0087197589094110128,-2.4757892652630175e-05,0.0058947424169749942,0,0.034879035637644065
112,8,8,0.17848967932899867,0.031858565626968774,1,1,1,0,1,2705,0.0025486852501575017,0.062462729719692897,0.059914044469535396,0,0.10000000000000001,0.10000000000000001,0.13435676978938085,0,0,1,1,0.00073937153419593343,1938,0.0090193462308205442,0.062462729719692897,0.053443383488872356,0.00068427141549708918,0.070113408939292854,0.069429137523795759,0.097508563245635907,0,0,0,0,0,0.7264325323475046,-0.00028940503253749691,0.0012168066957309058,0.016360147992613948,0,0.0035726501954279353
112,8,8,0.17848967932899867,0.031858565626968774,1,1,3,1,1,2737,0.0076170352315824662,0.073584647606137712,0.065967612374555243,0,0.10000000000000001,0.10000000000000001,0.13042126373088511,0,0,1,1,0.00073072707343807086,1703,0.011741160773849232,0.061976163880114322,0.050235003106265094,0.0010196568951504636,0.051967978652434951,0.05094832175728449,0.076517868017488916,0,0,0,0,0,0.95834855681402997,-0.0063614473212996025,0.0012168066957309058,0.038345421489062982,0,0.019793686159768783
112,8,8,0.17848967932899867,0.031858565626968774,1,-1,1,0,1,15,0.012264144047952258,0.012564154264269553,0.00030001021631729553,0.0011266705512271277,0.0011959403149793156,6.9269763752187853e-05,0.00065147501904283176,0,0,0,0,0,14,0.012264144047952258,0.012564154264269553,0.00030001021631729553,0.001127624432596561,0.0011959403149793156,6.8315882382754536e-05,0.00065054802095251536,0,0,0,0,0,0.93333333333333335,-4.1718792699781036e-07,9.2996787151965109e-06,0.0020106825465906063,0,2.0960413706253753e-06
112,8,8,0.17848967932899867,0.031858565626968774,1,-1,1,0,2,3303,0.012562842464295725,0.061697447919025948,0.049134605454730224,0.0011889418762012587,0.049850665400334788,0.048661723524133532,0.14968944520779878,0,0,0,0,0,1789,0.012562842464295725,0.061696985081869958,0.049134142617574234,0.0011901433630477933,0.049850665400334788,0.048660522037286998,0.14521775066187692,0,0,0,0,0,0.5416288222827732,-2.6660368501730282e-05,0.0012168066957309058,0.01302079507906701,0,0.00039600138317103797
112,8,8,0.17848967932899867,0.031858565626968774,1,-1,1,0,3,13,0.06170120537702127,0.061749971820828982,4.8766443807711501e-05,0.049882268972536684,0.050196870270475195,0.00031460129793851183,0.00066518538413509482,0,0,0,0,0,13,0.06170120537702127,0.061749971820828982,4.8766443807711501e-05,0.049882268972536684,0.050196870270475195,0.00031460129793851183,0.00066518538413509482,0,0,0,0,0,1,1.782611362949013e-05,0.00017573500997002415,0.0097247084112415012,0.0041623341717804711,-6.9300103030285669e-05
112,8,8,0.17848967932899867,0.031858565626968774,1,-1,1,0,4,11,0.061761398876868684,0.061803078814397297,4.1679937528613098e-05,0.05029296193744752,0.050558338187103057,0.00026537624965553702,0.00056727268088978863,0,0,0,0,0,8,0.061761398876868684,0.061802593198721667,4.1194321852983107e-05,0.050300200133422276,0.050558338187103057,0.00025813805368078008,0.00045262718792326065,0,0,0,0,0,0.72727272727272729,-5.4207903680162677e-06,0.00014160403639494975,0.0071646405397037087,0,2.3295253453159196e-05
112,8,8,0.17848967932899867,0.031858565626968774,1,-1,1,0,5,9,0.06182825085351186,0.061855825145695757,2.7574292183897564e-05,0.050762332373637767,0.050937922918289878,0.00017559054465211138,0.00037527886445596747,0,0,0,0,0,6,0.06182825085351186,0.061855331452603413,2.7080599091552915e-05,0.050767178118745829,0.050937922918289878,0.00017074479954404947,0.00027679893108405055,0,0,0,0,0,0.66666666666666663,-3.9966003840995616e-06,0.00010040732879566165,0.0055978354437837934,0,1.6713029304458814e-05
112,8,8,0.17848967932899867,0.031858565626968774,1,-1,3,1,1,2737,0.0076170352315824662,0.073584647606137712,0.065967612374555243,0,0.10000000000000001,0.10000000000000001,0.13042126373088511,0,0,1,1,0.00073072707343807086,1703,0.011741160773849232,0.061976163880114322,0.050235003106265094,0.0010196568951504636,0.051967978652434951,0.05094832175728449,0.076517868017488916,0,0,0,0,0,0.95834855681402997,-0.0063614473212996025,0.0012168066957309058,0.024036259503461749,0,0.019793686159768783
112,8,8,0.17848967932899867,0.031858565626968774,-1,1,1,0,1,87,0,0.0025486852501575017,0.0025486852501575017,0,0.0025530550786432606,0.0025530550786432606,0.0036076672955624466,1,0,1,0,0.022988505747126436,0,nan,nan,nan,nan,nan,nan,0,0,0,0,0,nan,0,-8.5071174358809169e-10,1.8749492742820673e-08,0,0,5.8562425273246055e-05
112,8,8,0.17848967932899867,0.031858565626968774,-1,1,3,1,1,3917,0.0076170352315824662,0.073584647606137712,0.065967612374555243,0,0.10000000000000001,0.10000000000000001,0.20199753835091855,0,0,1,1,0.00051059484299208582,0,nan,nan,nan,nan,nan,nan,0,0,0,0,0,nan,0.23359714066887924,-0.0086872143750031869,-2.5983186017481636e-05,0.015905888973237237,0,0.034748857500012886
112,8,8,0.17848967932899867,0.031858565626968774,-1,-1,3,1,1,3917,0.0076170352315824662,0.073584647606137712,0.065967612374555243,0,0.10000000000000001,0.10000000000000001,0.20199753835091855,0,0,1,1,0.00051059484299208582,0,nan,nan,nan,nan,nan,nan,0,0,0,0,0,nan,0.23359714066887924,-0.0086872143750031869,-2.5983186017481636e-05,0.0059092187609395023,0,0.034748857500012886
113,3,11,0.17978673852899116,0.032323271350891837,1,1,1,0,1,2704,0.0025858617080713473,0.062462686200479324,0.059876824492407978,0,0.10000000000000001,0.10000000000000001,0.13433682335708902,0,0,1,1,0.00073964497041420117,1931,0.0095530353569046027,0.062462686200479324,0.05290965084357472,0.00075079385920207627,0.070113408939292854,0.069362615080090784,0.097006053548960247,0,0,0,0,0,0.72226331360946749,-0.00029241809295684433,0.0012066192049575381,0.016234084639620488,0,0.0035991738433301902
113,3,11,0.17978673852899116,0.032323271350891837,1,1,3,1,1,2736,0.0077275035727675931,0.07362295849238823,0.065895454919620636,0,0.10000000000000001,0.10000000000000001,0.1303397722845806,0,0,1,1,0.00073099415204678359,1697,0.011954636424282856,0.061977952798631858,0.050023316374349001,0.00105427192508601,0.051967978652434951,0.050913706727348941,0.076319202404797309,0,0,0,0,0,0.95796783625730997,-0.0063822085739178198,0.0012066192049575381,0.038318173080875359,0,0.019867080156889327
113,3,11,0.17978673852899116,0.032323271350891837,1,-1,1,0,1,13,0.012316446123418786,0.012555320803954335,0.00023887468053554982,0.0011282303187650819,0.0011841556060055341,5.5925287240452199e-05,0.00052279421467007938,0,0,0,0,0,11,0.012316446123418786,0.012541694462975317,0.00022524833955653127,0.0011292829691261904,0.0011841556060055341,5.4872636879343614e-05,0.00047924063881414977,0,0,0,0,0,0.84615384615384615,-6.39618787208832e-07,7.1861161639149861e-06,0.0017075889981136643,0,2.8370603317702275e-06
113,3,11,0.17978673852899116,0.032323271350891837,1,-1,1,0,2,3299,0.012614223158569849,0.061697254460513148,0.049083031301943303,0.0011912339174338143,0.049822461464145922,0.048631227546712105,0.14957209547860101,0,0,0,0,0,1788,0.012614223158569849,0.061696786776248833,0.049082563617678987,0.0011919987122062966,0.049822461464145922,0.048630462751939628,0.14511134330645142,0,0,0,0,0,0.54198241891482268,-2.6169198647906565e-05,0.0012066192049575381,0.012948708660727795,0,0.00038953821947022073
113,3,11,0.17978673852899116,0.032323271350891837,1,-1,1,0,3,13,0.061705115156639623,0.061749780157653082,4.4665001013459438e-05,0.049887141752747693,0.050169271203465558,0.00028212945071786483,0.00059958760767378461,0,0,0,0,0,13,0.061705115156639623,0.061749780157653082,4.4665001013459438e-05,0.049887141752747693,0.050169271203465558,0.00028212945071786483,0.00059958760767378461,0,0,0,0,0,1,1.4477986468521473e-05,0.00016081014098615491,0.0093096532727643053,0.0037501834277888593,-5.6255502968248792e-05
113,3,11,0.17978673852899116,0.032323271350891837,1,-1,1,0,4,9,0.061774919515266376,0.061802405076426176,2.7485561159799887e-05,0.050345757656520385,0.050532160455470307,0.00018640279894992229,0.00038750550417153765,0,0,0,0,0,9,0.061774919515266376,0.061802405076426176,2.7485561159799887e-05,0.050345757656520385,0.050532160455470307,0.00018640279894992229,0.00038750550417153765,0,0,0,0,0,1,2.0093466828218038e-05,0.00012021956172281604,0.0080125376437700842,0.0044622127200531613,-7.9645369436016922e-05
113,3,11,0.17978673852899116,0.032323271350891837,1,-1,3,1,1,2736,0.0077275035727675931,0.07362295849238823,0.065895454919620636,0,0.10000000000000001,0.10000000000000001,0.1303397722845806,0,0,1,1,0.00073099415204678359,1697,0.011954636424282856,0.061977952798631858,0.050023316374349001,0.00105427192508601,0.051967978652434951,0.050913706727348941,0.076319202404797309,0,0,0,0,0,0.95796783625730997,-0.0063822085739178198,0.0012066192049575381,0.023948346395661211,0,0.019867080156889327
113,3,11,0.17978673852899116,0.032323271350891837,-1,1,1,0,1,88,0,0.0025858617080713473,0.0025858617080713473,0,0.0025903602621296139,0.0025903602621296139,0.0036603495875297894,1,0,1,0,0.022727272727272728,0,nan,nan,nan,nan,nan,nan,0,0,0,0,0,nan,0,-9.7018153471390962e-10,7.873688733789019e-08,0,0,6.0284840651430202e-05
113,3,11,0.17978673852899116,0.032323271350891837,-1,1,3,1,1,3914,0.0077275035727675931,0.07362295849238823,0.065895454919620636,0,0.10000000000000001,0.10000000000000001,0.20177807157689842,0,0,1,1,0.00051098620337250899,0,nan,nan,nan,nan,nan,nan,0,0,0,0,0,nan,0.23479816044966786,-0.0086673191117430572,-2.674672309307866e-05,0.01597182804086986,0,0.03466927644697225
113,3,11,0.17978673852899116,0.032323271350891837,-1,-1,3,1,1,3914,0.0077275035727675931,0.07362295849238823,0.065895454919620636,0,0.10000000000000001,0.10000000000000001,0.20177807157689842,0,0,1,1,0.00051098620337250899,0,nan,nan,nan,nan,nan,nan,0,0,0,0,0,nan,0.23479816044966786,-0.0086673191117430572,-2.674672309307866e-05,0.0059281458422723128,0,0.03466927644697225
114,11,3,0.17978673852899116,0.032323271350891837,1,1,1,0,1,2704,0.0025858617080713473,0.062462686200479324,0.059876824492407978,0,0.10000000000000001,0.10000000000000001,0.13433682335708902,0,0,1,1,0.00073964497041420117,1931,0.0095530353569046027,0.062462686200479324,0.05290965084357472,0.00075079385920207627,0.070113408939292854,0.069362615080090784,0.097006053548960247,0,0,0,0,0,0.72226331360946749,-0.00029241809295684433,0.0012066192049575381,0.016234084639620488,0,0.0035991738433301902
114,11,3,0.17978673852899116,0.032323271350891837,1,1,3,1,1,2736,0.0077275035727675931,0.07362295849238823,0.065895454919620636,0,0.10000000000000001,0.10000000000000001,0.1303397722845806,0,0,1,1,0.00073099415204678359,1697,0.011954636424282856,0.061977952798631858,0.050023316374349001,0.00105427192508601,0.051967978652434951,0.050913706727348941,0.076319202404797309,0,0,0,0,0,0.95796783625730997,-0.0063822085739178198,0.0012066192049575381,0.038318173080875359,0,0.019867080156889327
114,11,3,0.17978673852899116,0.032323271350891837,1,-1,1,0,1,13,0.012316446123418786,0.012555320803954335,0.00023887468053554982,0.0011282303187650819,0.0011841556060055341,5.5925287240452199e-05,0.00052279421467007938,0,0,0,0,0,11,0.012316446123418786,0.012541694462975317,0.00022524833955653127,0.0011292829691261904,0.0011841556060055341,5.4872636879343614e-05,0.00047924063881414977,0,0,0,0,0,0.84615384615384615,-6.39618787208832e-07,7.1861161639149861e-06,0.0017075889981136643,0,2.8370603317702275e-06
114,11,3,0.17978673852899116,0.032323271350891837,1,-1,1,0,2,3299,0.012614223158569849,0.061697254460513148,0.049083031301943303,0.0011912339174338143,0.049822461464145922,0.048631227546712105,0.14957209547860101,0,0,0,0,0,1788,0.012614223158569849,0.061696786776248833,0.049082563617678987,0.0011919987122062966,0.049822461464145922,0.048630462751939628,0.14511134330645142,0,0,0,0,0,0.54198241891482268,-2.6169198647906565e-05,0.0012066192049575381,0.012948708660727795,0,0.00038953821947022073
114,11,3,0.17978673852899116,0.032323271350891837,1,-1,1,0,3,13,0.061705115156639623,0.061749780157653082,4.4665001013459438e-05,0.049887141752747693,0.050169271203465558,0.00028212945071786483,0.00059958760767378461,0,0,0,0,0,13,0.061705115156639623,0.061749780157653082,4.4665001013459438e-05,0.049887141752747693,0.050169271203465558,0.00028212945071786483,0.00059958760767378461,0,0,0,0,0,1,1.4477986468521473e-05,0.00016081014098615491,0.0093096532727643053,0.0037501834277888593,-5.6255502968248792e-05
114,11,3,0.17978673852899116,0.032323271350891837,1,-1,1,0,4,9,0.061774919515266376,0.061802405076426176,2.7485561159799887e-05,0.050345757656520385,0.050532160455470307,0.00018640279894992229,0.00038750550417153765,0,0,0,0,0,9,0.061774919515266376,0.061802405076426176,2.7485561159799887e-05,0.050345757656520385,0.050532160455470307,0.00018640279894992229,0.00038750550417153765,0,0,0,0,0,1,2.0093466828218038e-05,0.00012021956172281604,0.0080125376437700842,0.0044622127200531613,-7.9645369436016922e-05
114,11,3,0.17978673852899116,0.032323271350891837,1,-1,3,1,1,2736,0.0077275035727675931,0.07362295849238823,0.065895454919620636,0,0.10000000000000001,0.10000000000000001,0.1303397722845806,0,0,1,1,0.00073099415204678359,1697,0.011954636424282856,0.061977952798631858,0.050023316374349001,0.00105427192508601,0.051967978652434951,0.050913706727348941,0.076319202404797309,0,0,0,0,0,0.95796783625730997,-0.0063822085739178198,0.0012066192049575381,0.023948346395661211,0,0.019867080156889327
114,11,3,0.17978673852899116,0.032323271350891837,-1,1,1,0,1,88,0,0.0025858617080713473,0.0025858617080713473,0,0.0025903602621296139,0.0025903602621296139,0.0036603495875297894,1,0,1,0,0.022727272727272728,0,nan,nan,nan,nan,nan,nan,0,0,0,0,0,nan,0,-9.7018153471390962e-10,7.873688733789019e-08,0,0,6.0284840651430202e-05
114,11,3,0.17978673852899116,0.032323271350891837,-1,1,3,1,1,3914,0.0077275035727675931,0.07362295849238823,0.065895454919620636,0,0.10000000000000001,0.10000000000000001,0.20177807157689842,0,0,1,1,0.00051098620337250899,0,nan,nan,nan,nan,nan,nan,0,0,0,0,0,nan,0.23479816044966786,-0.0086673191117430572,-2.674672309307866e-05,0.01597182804086986,0,0.03466927644697225
114,11,3,0.17978673852899116,0.032323271350891837,-1,-1,3,1,1,3914,0.0077275035727675931,0.07362295849238823,0.065895454919620636,0,0.10000000000000001,0.10000000000000001,0.20177807157689842,0,0,1,1,0.00051098620337250899,0,nan,nan,nan,nan,nan,nan,0,0,0,0,0,nan,0.23479816044966786,-0.0086673191117430572,-2.674672309307866e-05,0.0059281458422723128,0,0.03466927644697225
115,7,9,0.17986950170918384,0.032353037645110092,1,1,1,0,1,2704,0.0025882430116088073,0.0624626835465453,0.059874440534936492,0,0.10000000000000001,0.10000000000000001,0.13433635701263535,0,0,1,1,0.00073964497041420117,1929,0.0095530353569046027,0.0624626835465453,0.052909648189640696,0.00075089456911184337,0.070113408939292854,0.069362514370181011,0.097000525399084409,0,0,0,0,0,0.72152366863905326,-0.00029266487834702845,0.0012059677777473781,0.016225372271772499,0,0.0036008728848703551
115,7,9,0.17986950170918384,0.032353037645110092,1,1,3,1,1,2736,0.0077345805620228046,0.073625412890674383,0.065890832328651575,0,0.10000000000000001,0.10000000000000001,0.13033409624708009,0,0,1,1,0.00073099415204678359,1697,0.011954636424282855,0.061978067386148611,0.050023430961865754,0.0010535113168732603,0.051967978652434951,0.050914467335561694,0.076320481176678251,0,0,0,0,0,0.95833333333333337,-0.0063835386697938916,0.0012059677777473781,0.038313170481411266,0,0.01987178282846325
115,7,9,0.17986950170918384,0.032353037645110092,1,-1,1,0,1,13,0.012319800029417072,0.012554929167223297,0.00023512913780622535,0.0011283275476199738,0.0011834007474003315,5.5073199780357723e-05,0.00051477191161165695,0,0,0,0,0,11,0.012319800029417072,0.012541694462975317,0.00022189443355824512,0.0011293859647603817,0.0011834007474003315,5.4014782639949825e-05,0.00047183455774411795,0,0,0,0,0,0.84615384615384615,-6.5400051426463339e-07,7.0512725442836138e-06,0.0016939545535010272,0,2.8861668367709533e-06
115,7,9,0.17986950170918384,0.032353037645110092,1,-1,1,0,2,3299,0.01261752540636301,0.06169724214930547,0.04907971674294246,0.0011913403779576857,0.049820691590916968,0.048629351212959283,0.14956378444070517,0,0,0,0,0,1789,0.01261752540636301,0.061696774165393604,0.049079248759030594,0.0011921134477778678,0.049820691590916968,0.048628578143139103,0.1451500378975431,0,0,0,0,0,0.54228554107305249,-2.6344910024246623e-05,0.0012059677777473781,0.012943564581089573,0,0.00038912029102695288
115,7,9,0.17986950170918384,0.032353037645110092,1,-1,1,0,3,13,0.061705365593947487,0.061749767964046562,4.4402370099075328e-05,0.049887367830715935,0.05016750337082123,0.00028013554010529462,0.00059550451420994476,0,0,0,0,0,13,0.061705365593947487,0.061749767964046562,4.4402370099075328e-05,0.049887367830715935,0.05016750337082123,0.00028013554010529462,0.00059550451420994476,0,0,0,0,0,1,1.4263347018860095e-05,0.00015984642169332539,0.0092812656586032383,0.0037221093405440642,-5.5416391771861472e-05
115,7,9,0.17986950170918384,0.032353037645110092,1,-1,1,0,4,9,0.061775170109159463,0.061802393109095431,2.7222999935967718e-05,0.050347486991520474,0.050530483665145523,0.00018299667362504934,0.00038114853262903185,0,0,0,0,0,9,0.061775170109159463,0.061802393109095431,2.7222999935967718e-05,0.050347486991520474,0.050530483665145523,0.00018299667362504934,0.00038114853262903185,0,0,0,0,0,1,2.0625214290544443e-05,0.00011917836352345354,0.0079981578076608953,0.0045221401956252998,-8.179900779556009e-05
115,7,9,0.17986950170918384,0.032353037645110092,1,-1,3,1,1,2736,0.0077345805620228046,0.073625412890674383,0.065890832328651575,0,0.10000000000000001,0.10000000000000001,0.13033409624708009,0,0,1,1,0.00073099415204678359,1697,0.011954636424282855,0.061978067386148611,0.050023430961865754,0.0010535113168732603,0.051967978652434951,0.050914467335561694,0.076320481176678251,0,0,0,0,0,0.95833333333333337,-0.0063835386697938916,0.0012059677777473781,0.023941515796509584,0,0.01987178282846325
115,7,9,0.17986950170918384,0.032353037645110092,-1,1,1,0,1,88,0,0.0025882430116088073,0.0025882430116088073,0,0.0025927497827036038,0.0025927497827036038,0.0036637241339156829,1,0,1,0,0.022727272727272728,0,nan,nan,nan,nan,nan,nan,0,0,0,0,0,nan,0,-1.003468598838691e-09,5.5595697627187137e-08,0,0,6.0396017717506298e-05
115,7,9,0.17986950170918384,0.032353037645110092,-1,1,3,1,1,3912,0.0077345805620228046,0.073625412890674383,0.065890832328651575,0,0.10000000000000001,0.10000000000000001,0.20176338203311892,0,0,1,1,0.00051124744376278123,0,nan,nan,nan,nan,nan,nan,0,0,0,0,0,nan,0.23466257668711657,-0.0086660445723005883,-2.6796007548567313e-05,0.015981020772382035,0,0.034664178289202367
115,7,9,0.17986950170918384,0.032353037645110092,-1,-1,3,1,1,3912,0.0077345805620228046,0.073625412890674383,0.065890832328651575,0,0.10000000000000001,0.10000000000000001,0.20176338203311892,0,0,1,1,0.00051124744376278123,0,nan,nan,nan,nan,nan,nan,0,0,0,0,0,nan,0.23466257668711657,-0.0086660445723005883,-2.6796007548567313e-05,0.0059311207942156366,0,0.034664178289202367
116,9,7,0.17986950170918384,0.032353037645110092,1,1,1,0,1,2704,0.0025882430116088073,0.0624626835465453,0.059874440534936492,0,0.10000000000000001,0.10000000000000001,0.13433635701263535,0,0,1,1,0.00073964497041420117,1929,0.0095530353569046027,0.0624626835465453,0.052909648189640696,0.00075089456911184337,0.070113408939292854,0.069362514370181011,0.097000525399084409,0,0,0,0,0,0.72152366863905326,-0.00029266487834702845,0.0012059677777473781,0.016225372271772499,0,0.0036008728848703551
116,9,7,0.17986950170918384,0.032353037645110092,1,1,3,1,1,2736,0.0077345805620228046,0.073625412890674383,0.065890832328651575,0,0.10000000000000001,0.10000000000000001,0.13033409624708009,0,0,1,1,0.00073099415204678359,1697,0.011954636424282855,0.061978067386148611,0.050023430961865754,0.0010535113168732603,0.051967978652434951,0.050914467335561694,0.076320481176678251,0,0,0,0,0,0.95833333333333337,-0.0063835386697938916,0.0012059677777473781,0.038313170481411266,0,0.01987178282846325
116,9,7,0.17986950170918384,0.032353037645110092,1,-1,1,0,1,13,0.012319800029417072,0.012554929167223297,0.00023512913780622535,0.0011283275476199738,0.0011834007474003315,5.5073199780357723e-05,0.00051477191161165695,0,0,0,0,0,11,0.012319800029417072,0.012541694462975317,0.00022189443355824512,0.0011293859647603817,0.0011834007474003315,5.4014782639949825e-05,0.00047183455774411795,0,0,0,0,0,0.84615384615384615,-6.5400051426463339e-07,7.0512725442836138e-06,0.0016939545535010272,0,2.8861668367709533e-06
116,9,7,0.17986950170918384,0.032353037645110092,1,-1,1,0,2,3299,0.01261752540636301,0.06169724214930547,0.04907971674294246,0.0011913403779576857,0.049820691590916968,0.048629351212959283,0.14956378444070517,0,0,0,0,0,1789,0.01261752540636301,0.061696774165393604,0.049079248759030594,0.0011921134477778678,0.049820691590916968,0.048628578143139103,0.1451500378975431,0,0,0,0,0,0.54228554107305249,-2.6344910024246623e-05,0.0012059677777473781,0.012943564581089573,0,0.00038912029102695288
116,9,7,0.17986950170918384,0.032353037645110092,1,-1,1,0,3,13,0.061705365593947487,0.061749767964046562,4.4402370099075328e-05,0.049887367830715935,0.05016750337082123,0.00028013554010529462,0.00059550451420994476,0,0,0,0,0,13,0.061705365593947487,0.061749767964046562,4.4402370099075328e-05,0.049887367830715935,0.05016750337082123,0.00028013554010529462,0.00059550451420994476,0,0,0,0,0,1,1.4263347018860095e-05,0.00015984642169332539,0.0092812656586032383,0.0037221093405440642,-5.5416391771861472e-05
116,9,7,0.17986950170918384,0.032353037645110092,1,-1,1,0,4,9,0.061775170109159463,0.061802393109095431,2.7222999935967718e-05,0.050347486991520474,0.050530483665145523,0.00018299667362504934,0.00038114853262903185,0,0,0,0,0,9,0.061775170109159463,0.061802393109095431,2.7222999935967718e-05,0.050347486991520474,0.050530483665145523,0.00018299667362504934,0.00038114853262903185,0,0,0,0,0,1,2.0625214290544443e-05,0.00011917836352345354,0.0079981578076608953,0.0045221401956252998,-8.179900779556009e-05
116,9,7,0.17986950170918384,0.032353037645110092,1,-1,3,1,1,2736,0.0077345805620228046,0.073625412890674383,0.065890832328651575,0,0.10000000000000001,0.10000000000000001,0.13033409624708009,0,0,1,1,0.00073099415204678359,1697,0.011954636424282855,0.061978067386148611,0.050023430961865754,0.0010535113168732603,0.051967978652434951,0.050914467335561694,0.076320481176678251,0,0,0,0,0,0.95833333333333337,-0.0063835386697938916,0.0012059677777473781,0.023941515796509584,0,0.01987178282846325
116,9,7,0.17986950170918384,0.032353037645110092,-1,1,1,0,1,88,0,0.0025882430116088073,0.0025882430116088073,0,0.0025927497827036038,0.0025927497827036038,0.0036637241339156829,1,0,1,0,0.022727272727272728,0,nan,nan,nan,nan,nan,nan,0,0,0,0,0,nan,0,-1.003468598838691e-09,5.5595697627187137e-08,0,0,6.0396017717506298e-05
116,9,7,0.17986950170918384,0.032353037645110092,-1,1,3,1,1,3912,0.0077345805620228046,0.073625412890674383,0.065890832328651575,0,0.10000000000000001,0.10000000000000001,0.20176338203311892,0,0,1,1,0.00051124744376278123,0,nan,nan,nan,nan,nan,nan,0,0,0,0,0,nan,0.23466257668711657,-0.0086660445723005883,-2.6796007548567313e-05,0.015981020772382035,0,0.034664178289202367
116,9,7,0.17986950170918384,0.032353037645110092,-1,-1,3,1,1,3912,0.0077345805620228046,0.073625412890674383,0.065890832328651575,0,0.10000000000000001,0.10000000000000001,0.20176338203311892,0,0,1,1,0.00051124744376278123,0,nan,nan,nan,nan,nan,nan,0,0,0,0,0,nan,0.23466257668711657,-0.0086660445723005883,-2.6796007548567313e-05,0.0059311207942156366,0,0.034664178289202367
117,6,10,0.18394654241583536,0.033836330466740713,1,1,1,0,1,2702,0.0027069064373392571,0.062462569884353433,0.059755663447014176,0,0.10000000000000001,0.10000000000000001,0.13427883174517502,0,0,1,1,0.00074019245003700959,1904,0.010033355570380252,0.062462569884353433,0.052429214313973183,0.00081316413707259569,0.067911941294196129,0.067098777157123535,0.094374204434453435,0,0,0,0,0,0.70947446336047371,-0.00030302189811810658,0.0011735205526131631,0.015802315293436238,0,0.0036855527107291126
117,6,10,0.18394654241583536,0.033836330466740713,1,1,3,1,1,2731,0.0080874753678044416,0.073747805829497234,0.065660330461692798,0,0.10000000000000001,0.10000000000000001,0.13008055717510514,0,0,1,1,0.00073233247894544118,1674,0.012541694462975317,0.061886151340882337,0.04934445687790702,0.0011457851697865068,0.051100733822548372,0.049954948652761864,0.074909589262573933,0,0,0,0,0,0.95496155254485537,-0.0064498657519297909,0.0011735205526131631,0.038199571971419821,0,0.020106376705627101
117,6,10,0.18394654241583536,0.033836330466740713,1,-1,1,0,1,9,0.0127833575402288,0.012925245113991325,0.0001418875737625256,0.0011973060868082984,0.0012306543448206868,3.3348258012388466e-05,0.00030925855291976583,0,0,0,0,0,8,0.0127833575402288,0.012925245113991325,0.0001418875737625256,0.0011985517257634521,0.0012306543448206868,3.2102619057234726e-05,0.00030868916930639867,0,0,0,0,0,0.88888888888888884,4.2786545913433172e-09,4.7368588708904574e-06,0.0014152358484339532,0,7.9702021542007163e-08
117,6,10,0.18394654241583536,0.033836330466740713,1,-1,1,0,2,3267,0.013073255110391072,0.061643247957019989,0.048569992846628919,0.0012602312384487693,0.049398122632328248,0.04813789139387948,0.14787043248298265,0,0,0,0,0,1780,0.013073255110391072,0.061643247957019989,0.048569992846628919,0.0012611698147029931,0.049398122632328248,0.048136952817625256,0.1436022525832733,0,0,0,0,0,0.54484236302418121,-2.7225151614596076e-05,0.0011735205526131631,0.012772100540999863,0,0.00036902174421505289
117,6,10,0.18394654241583536,0.033836330466740713,1,-1,1,0,3,11,0.061655786266256507,0.061696159162840429,4.0372896583922013e-05,0.049487016401612703,0.049733739737878535,0.00024672333626583193,0.00052478804920237795,0,0,0,0,0,11,0.061655786266256507,0.061696159162840429,4.0372896583922013e-05,0.049487016401612703,0.049733739737878535,0.00024672333626583193,0.00052478804920237795,0,0,0,0,0,1,1.7383594436643229e-05,0.00014535224186664278,0.0087199458052355724,0.0041316264401615281,-6.8281348164167288e-05
117,6,10,0.18394654241583536,0.033836330466740713,1,-1,1,0,4,9,0.061717845207912833,0.061749172585561299,3.1327377648465715e-05,0.049893937137925941,0.050083489882767236,0.00018955274484129536,0.00040627789902114846,0,0,0,0,0,9,0.061717845207912833,0.061749172585561299,3.1327377648465715e-05,0.049893937137925941,0.050083489882767236,0.00018955274484129536,0.00040627789902114846,0,0,0,0,0,1,3.5425871791647512e-06,0.00011052074973366258,0.0067033298470699706,0.0018272974098598618,-1.3356063296322238e-05
117,6,10,0.18394654241583536,0.033836330466740713,1,-1,3,1,1,2731,0.0080874753678044416,0.073747805829497234,0.065660330461692798,0,0.10000000000000001,0.10000000000000001,0.13008055717510514,0,0,1,1,0.00073233247894544118,1674,0.012541694462975317,0.061886151340882337,0.04934445687790702,0.0011457851697865068,0.051100733822548372,0.049954948652761864,0.074909589262573933,0,0,0,0,0,0.95496155254485537,-0.0064498657519297909,0.0011735205526131631,0.023656884224960744,0,0.020106376705627101
117,6,10,0.18394654241583536,0.033836330466740713,-1,1,1,0,1,92,0,0.0027069064373392571,0.0027069064373392571,0,0.0027118384054456417,0.0027118384054456417,0.0038318997062263766,1,0,1,0,0.021739130434782608,0,nan,nan,nan,nan,nan,nan,0,0,0,0,0,nan,0,-1.2918634763553569e-09,2.7162297656823501e-08,0,0,6.6066261802154731e-05
117,6,10,0.18394654241583536,0.033836330466740713,-1,1,3,1,1,3905,0.0080874753678044416,0.073747805829497234,0.065660330461692798,0,0.10000000000000001,0.10000000000000001,0.20132647693257599,0,0,1,1,0.00051216389244558254,0,nan,nan,nan,nan,nan,nan,0,0,0,0,0,nan,0.23764404609475032,-0.0086025044205077107,-2.9309369842034836e-05,0.016145077633840162,0,0.03441001768203085
117,6,10,0.18394654241583536,0.033836330466740713,-1,-1,3,1,1,3905,0.0080874753678044416,0.073747805829497234,0.065660330461692798,0,0.10000000000000001,0.10000000000000001,0.20132647693257599,0,0,1,1,0.00051216389244558254,0,nan,nan,nan,nan,nan,nan,0,0,0,0,0,nan,0.23764404609475032,-0.0086025044205077107,-2.9309369842034836e-05,0.0059755744314919177,0,0.03441001768203085
118,10,6,0.18394654241583536,0.033836330466740713,1,1,1,0,1,2702,0.0027069064373392571,0.062462569884353433,0.059755663447014176,0,0.10000000000000001,0.10000000000000001,0.13427883174517502,0,0,1,1,0.00074019245003700959,1904,0.010033355570380252,0.062462569884353433,0.052429214313973183,0.00081316413707259569,0.067911941294196129,0.067098777157123535,0.094374204434453435,0,0,0,0,0,0.70947446336047371,-0.00030302189811810658,0.0011735205526131631,0.015802315293436238,0,0.0036855527107291126
118,10,6,0.18394654241583536,0.033836330466740713,1,1,3,1,1,2731,0.0080874753678044416,0.073747805829497234,0.065660330461692798,0,0.10000000000000001,0.10000000000000001,0.13008055717510514,0,0,1,1,0.00073233247894544118,1674,0.012541694462975317,0.061886151340882337,0.04934445687790702,0.0011457851697865068,0.051100733822548372,0.049954948652761864,0.074909589262573933,0,0,0,0,0,0.95496155254485537,-0.0064498657519297909,0.0011735205526131631,0.038199571971419821,0,0.020106376705627101
118,10,6,0.18394654241583536,0.033836330466740713,1,-1,1,0,1,9,0.0127833575402288,0.012925245113991325,0.0001418875737625256,0.0011973060868082984,0.0012306543448206868,3.3348258012388466e-05,0.00030925855291976583,0,0,0,0,0,8,0.0127833575402288,0.012925245113991325,0.0001418875737625256,0.0011985517257634521,0.0012306543448206868,3.2102619057234726e-05,0.00030868916930639867,0,0,0,0,0,0.88888888888888884,4.2786545913433172e-09,4.7368588708904574e-06,0.0014152358484339532,0,7.9702021542007163e-08
118,10,6,0.18394654241583536,0.033836330466740713,1,-1,1,0,2,3267,0.013073255110391072,0.061643247957019989,0.048569992846628919,0.0012602312384487693,0.049398122632328248,0.04813789139387948,0.14787043248298265,0,0,0,0,0,1780,0.013073255110391072,0.061643247957019989,0.048569992846628919,0.0012611698147029931,0.049398122632328248,0.048136952817625256,0.1436022525832733,0,0,0,0,0,0.54484236302418121,-2.7225151614596076e-05,0.0011735205526131631,0.012772100540999863,0,0.00036902174421505289
118,10,6,0.18394654241583536,0.033836330466740713,1,-1,1,0,3,11,0.061655786266256507,0.061696159162840429,4.0372896583922013e-05,0.049487016401612703,0.049733739737878535,0.00024672333626583193,0.00052478804920237795,0,0,0,0,0,11,0.061655786266256507,0.061696159162840429,4.0372896583922013e-05,0.049487016401612703,0.049733739737878535,0.00024672333626583193,0.00052478804920237795,0,0,0,0,0,1,1.7383594436643229e-05,0.00014535224186664278,0.0087199458052355724,0.0041316264401615281,-6.8281348164167288e-05
118,10,6,0.18394654241583536,0.033836330466740713,1,-1,1,0,4,9,0.061717845207912833,0.061749172585561299,3.1327377648465715e-05,0.049893937137925941,0.050083489882767236,0.00018955274484129536,0.00040627789902114846,0,0,0,0,0,9,0.061717845207912833,0.061749172585561299,3.1327377648465715e-05,0.049893937137925941,0.050083489882767236,0.00018955274484129536,0.00040627789902114846,0,0,0,0,0,1,3.5425871791647512e-06,0.00011052074973366258,0.0067033298470699706,0.0018272974098598618,-1.3356063296322238e-05
118,10,6,0.18394654241583536,0.033836330466740713,1,-1,3,1,1,2731,0.0080874753678044416,0.073747805829497234,0.065660330461692798,0,0.10000000000000001,0.10000000000000001,0.13008055717510514,0,0,1,1,0.00073233247894544118,1674,0.012541694462975317,0.061886151340882337,0.04934445687790702,0.0011457851697865068,0.051100733822548372,0.049954948652761864,0.074909589262573933,0,0,0,0,0,0.95496155254485537,-0.0064498657519297909,0.0011735205526131631,0.023656884224960744,0,0.020106376705627101
118,10,6,0.18394654241583536,0.033836330466740713,-1,1,1,0,1,92,0,0.0027069064373392571,0.0027069064373392571,0,0.0027118384054456417,0.0027118384054456417,0.0038318997062263766,1,0,1,0,0.021739130434782608,0,nan,nan,nan,nan,nan,nan,0,0,0,0,0,nan,0,-1.2918634763553569e-09,2.7162297656823501e-08,0,0,6.6066261802154731e-05
118,10,6,0.18394654241583536,0.033836330466740713,-1,1,3,1,1,3905,0.0080874753678044416,0.073747805829497234,0.065660330461692798,0,0.10000000000000001,0.10000000000000001,0.20132647693257599,0,0,1,1,0.00051216389244558254,0,nan,nan,nan,nan,nan,nan,0,0,0,0,0,nan,0.23764404609475032,-0.0086025044205077107,-2.9309369842034836e-05,0.016145077633840162,0,0.03441001768203085
118,10,6,0.18394654241583536,0.033836330466740713,-1,-1,3,1,1,3905,0.0080874753678044416,0.073747805829497234,0.065660330461692798,0,0.10000000000000001,0.10000000000000001,0.20132647693257599,0,0,1,1,0.00051216389244558254,0,nan,nan,nan,nan,nan,nan,0,0,0,0,0,nan,0.23764404609475032,-0.0086025044205077107,-2.9309369842034836e-05,0.0059755744314919177,0,0.03441001768203085
119,4,11,0.18457233990170988,0.034066948656792322,1,1,1,0,1,2701,0.002725355892543386,0.062462555234218939,0.059737199341675554,0,0.10000000000000001,0.10000000000000001,0.13426638303572103,0,0,1,1,0.00074046649389115145,1901,0.010033355570380252,0.062462555234218939,0.052429199663838688,0.00081431354935848003,0.067911941294196129,0.067097627744837643,0.094380710957772423,0,0,0,0,0,0.70788596815994076,-0.00030466597046836303,0.0011684827307691468,0.015743105526205128,0,0.0036987210392651617
119,4,11,0.18457233990170988,0.034066948656792322,1,1,3,1,1,2731,0.0081423775483960986,0.07376685127179991,0.065624473723403812,0,0.10000000000000001,0.10000000000000001,0.130041977334516,0,0,1,1,0.00073233247894544118,1671,0.012648432288192128,0.061877832382285822,0.049229400094093698,0.0011637818517033394,0.051034022681787854,0.049870240830084511,0.074742724352130696,0,0,0,0,0,0.95459538630538265,-0.0064601866205920575,0.0011684827307691468,0.038197537871250513,0,0.020142896368299773
119,4,11,0.18457233990170988,0.034066948656792322,1,-1,1,0,1,13,0.013098869043317522,0.013362679683341072,0.00026381064002354952,0.0012610184269288669,0.0013242634629042481,6.3245035975381279e-05,0.00057512409290700651,0,0,0,0,0,12,0.013098869043317522,0.013362679683341072,0.00026381064002354952,0.0012620145851370292,0.0013242634629042481,6.2248877767218927e-05,0.00057431314540511873,0,0,0,0,0,0.92307692307692313,-2.171001049774349e-07,8.9195466257711862e-06,0.0019674404088039568,0,1.2026386235363834e-06
119,4,11,0.18457233990170988,0.034066948656792322,1,-1,1,0,2,3241,0.013383742918211261,0.061590427765660587,0.048206684847449326,0.0013238939702297622,0.049061242561705083,0.047737348591475319,0.14652320617360184,0,0,0,0,0,1756,0.013383742918211261,0.061590427765660587,0.048206684847449326,0.0013245441450730018,0.049061242561705083,0.047736698416632084,0.14228242309290612,0,0,0,0,0,0.54180808392471458,-2.7410999953996481e-05,0.0011684827307691468,0.012788204753541983,0,0.00036595988214388665
119,4,11,0.18457233990170988,0.034066948656792322,1,-1,1,0,3,13,0.061593389329691564,0.061643152051060864,4.9762721369299434e-05,0.049074598886719722,0.04938449983041994,0.00030990094370021704,0.00065283615625860388,0,0,0,0,0,13,0.061593389329691564,0.061643152051060864,4.9762721369299434e-05,0.049074598886719722,0.04938449983041994,0.00030990094370021704,0.00065283615625860388,0,0,0,0,0,1,1.7443612685581627e-05,0.00017097257042516983,0.0097109196309039785,0.0041169802015084316,-6.7798103918449614e-05
119,4,11,0.18457233990170988,0.034066948656792322,1,-1,1,0,4,11,0.06165780015611827,0.061696065827758807,3.8265671640537458e-05,0.049488893650892485,0.049720528595920604,0.00023163494502811965,0.000493860975272091,0,0,0,0,0,11,0.06165780015611827,0.061696065827758807,3.8265671640537458e-05,0.049488893650892485,0.049720528595920604,0.00023163494502811965,0.000493860975272091,0,0,0,0,0,1,1.5708100840615805e-05,0.00013773338287907501,0.0084921478789338218,0.0039276860724548933,-6.1706871535024591e-05
119,4,11,0.18457233990170988,0.034066948656792322,1,-1,1,0,5,9,0.061719785503141972,0.061749082108373592,2.9296605231619866e-05,0.049894549631018331,0.050070883970135649,0.00017633433911731777,0.00037827812883486531,0,0,0,0,0,9,0.061719785503141972,0.061749082108373592,2.9296605231619866e-05,0.049894549631018331,0.050070883970135649,0.00017633433911731777,0.00037827812883486531,0,0,0,0,0,1,1.8716748647936103e-06,0.00010259997629535925,0.0063487423322995959,0.0013014067588240699,-6.7746382076518847e-06
119,4,11,0.18457233990170988,0.034066948656792322,1,-1,3,1,1,2731,0.0081423775483960986,0.07376685127179991,0.065624473723403812,0,0.10000000000000001,0.10000000000000001,0.130041977334516,0,0,1,1,0.00073233247894544118,1671,0.012648432288192128,0.061877832382285822,0.049229400094093698,0.0011637818517033394,0.051034022681787854,0.049870240830084511,0.074742724352130696,0,0,0,0,0,0.95459538630538265,-0.0064601866205920575,0.0011684827307691468,0.02361341850530221,0,0.020142896368299773
119,4,11,0.18457233990170988,0.034066948656792322,-1,1,1,0,1,93,0,0.002725355892543386,0.002725355892543386,0,0.0027303549273378176,0.0027303549273378176,0.0038580487814127247,1,0,1,0,0.021505376344086023,0,nan,nan,nan,nan,nan,nan,0,0,0,0,0,nan,0.010752688172043012,-1.9969956189041328e-08,5.8087713204611107e-11,3.1375871953543407e-08,0,6.6970721126401937e-05
119,4,11,0.18457233990170988,0.034066948656792322,-1,1,3,1,1,3903,0.0081423775483960986,0.07376685127179991,0.065624473723403812,0,0.10000000000000001,0.10000000000000001,0.20121483902337484,0,0,1,1,0.00051242633871380989,0,nan,nan,nan,nan,nan,nan,0,0,0,0,0,nan,0.23750960799385087,-0.0085926225077738554,-2.9710258964083818e-05,0.016188710296174968,0,0.034370490031095442
119,4,11,0.18457233990170988,0.034066948656792322,-1,-1,3,1,1,3903,0.0081423775483960986,0.07376685127179991,0.065624473723403812,0,0.10000000000000001,0.10000000000000001,0.20121483902337484,0,0,1,1,0.00051242633871380989,0,nan,nan,nan,nan,nan,nan,0,0,0,0,0,nan,0.23750960799385087,-0.0085926225077738554,-2.9710258964083818e-05,0.0059860664511010037,0,0.034370490031095442
120,11,4,0.18457233990170988,0.034066948656792322,1,1,1,0,1,2701,0.002725355892543386,0.062462555234218939,0.059737199341675554,0,0.10000000000000001,0.10000000000000001,0.13426638303572103,0,0,1,1,0.00074046649389115145,1901,0.010033355570380252,0.062462555234218939,0.052429199663838688,0.00081431354935848003,0.067911941294196129,0.067097627744837643,0.094380710957772423,0,0,0,0,0,0.70788596815994076,-0.00030466597046836303,0.0011684827307691468,0.015743105526205128,0,0.0036987210392651617
120,11,4,0.18457233990170988,0.034066948656792322,1,1,3,1,1,2731,0.0081423775483960986,0.07376685127179991,0.065624473723403812,0,0.10000000000000001,0.10000000000000001,0.130041977334516,0,0,1,1,0.00073233247894544118,1671,0.012648432288192128,0.061877832382285822,0.049229400094093698,0.0011637818517033394,0.051034022681787854,0.049870240830084511,0.074742724352130696,0,0,0,0,0,0.95459538630538265,-0.0064601866205920575,0.0011684827307691468,0.038197537871250513,0,0.020142896368299773
120,11,4,0.18457233990170988,0.034066948656792322,1,-1,1,0,1,13,0.013098869043317522,0.013362679683341072,0.00026381064002354952,0.0012610184269288669,0.0013242634629042481,6.3245035975381279e-05,0.00057512409290700651,0,0,0,0,0,12,0.013098869043317522,0.013362679683341072,0.00026381064002354952,0.0012620145851370292,0.0013242634629042481,6.2248877767218927e-05,0.00057431314540511873,0,0,0,0,0,0.92307692307692313,-2.171001049774349e-07,8.9195466257711862e-06,0.0019674404088039568,0,1.2026386235363834e-06
120,11,4,0.18457233990170988,0.034066948656792322,1,-1,1,0,2,3241,0.013383742918211261,0.061590427765660587,0.048206684847449326,0.0013238939702297622,0.049061242561705083,0.047737348591475319,0.14652320617360184,0,0,0,0,0,1756,0.013383742918211261,0.061590427765660587,0.048206684847449326,0.0013245441450730018,0.049061242561705083,0.047736698416632084,0.14228242309290612,0,0,0,0,0,0.54180808392471458,-2.7410999953996481e-05,0.0011684827307691468,0.012788204753541983,0,0.00036595988214388665
120,11,4,0.18457233990170988,0.034066948656792322,1,-1,1,0,3,13,0.061593389329691564,0.061643152051060864,4.9762721369299434e-05,0.049074598886719722,0.04938449983041994,0.00030990094370021704,0.00065283615625860388,0,0,0,0,0,13,0.061593389329691564,0.061643152051060864,4.9762721369299434e-05,0.049074598886719722,0.04938449983041994,0.00030990094370021704,0.00065283615625860388,0,0,0,0,0,1,1.7443612685581627e-05,0.00017097257042516983,0.0097109196309039785,0.0041169802015084316,-6.7798103918449614e-05
120,11,4,0.18457233990170988,0.034066948656792322,1,-1,1,0,4,11,0.06165780015611827,0.061696065827758807,3.8265671640537458e-05,0.049488893650892485,0.049720528595920604,0.00023163494502811965,0.000493860975272091,0,0,0,0,0,11,0.06165780015611827,0.061696065827758807,3.8265671640537458e-05,0.049488893650892485,0.049720528595920604,0.00023163494502811965,0.000493860975272091,0,0,0,0,0,1,1.5708100840615805e-05,0.00013773338287907501,0.0084921478789338218,0.0039276860724548933,-6.1706871535024591e-05
120,11,4,0.18457233990170988,0.034066948656792322,1,-1,1,0,5,9,0.061719785503141972,0.061749082108373592,2.9296605231619866e-05,0.049894549631018331,0.050070883970135649,0.00017633433911731777,0.00037827812883486531,0,0,0,0,0,9,0.061719785503141972,0.061749082108373592,2.9296605231619866e-05,0.049894549631018331,0.050070883970135649,0.00017633433911731777,0.00037827812883486531,0,0,0,0,0,1,1.8716748647936103e-06,0.00010259997629535925,0.0063487423322995959,0.0013014067588240699,-6.7746382076518847e-06
120,11,4,0.18457233990170988,0.034066948656792322,1,-1,3,1,1,2731,0.0081423775483960986,0.07376685127179991,0.065624473723403812,0,0.10000000000000001,0.10000000000000001,0.130041977334516,0,0,1,1,0.00073233247894544118,1671,0.012648432288192128,0.061877832382285822,0.049229400094093698,0.0011637818517033394,0.051034022681787854,0.049870240830084511,0.074742724352130696,0,0,0,0,0,0.95459538630538265,-0.0064601866205920575,0.0011684827307691468,0.02361341850530221,0,0.020142896368299773
120,11,4,0.18457233990170988,0.034066948656792322,-1,1,1,0,1,93,0,0.002725355892543386,0.002725355892543386,0,0.0027303549273378176,0.0027303549273378176,0.0038580487814127247,1,0,1,0,0.021505376344086023,0,nan,nan,nan,nan,nan,nan,0,0,0,0,0,nan,0.010752688172043012,-1.9969956189041328e-08,5.8087713204611107e-11,3.1375871953543407e-08,0,6.6970721126401937e-05
120,11,4,0.18457233990170988,0.034066948656792322,-1,1,3,1,1,3903,0.0081423775483960986,0.07376685127179991,0.065624473723403812,0,0.10000000000000001,0.10000000000000001,0.20121483902337484,0,0,1,1,0.00051242633871380989,0,nan,nan,nan,nan,nan,nan,0,0,0,0,0,nan,0.23750960799385087,-0.0085926225077738554,-2.9710258964083818e-05,0.016188710296174968,0,0.034370490031095442
120,11,4,0.18457233990170988,0.034066948656792322,-1,-1,3,1,1,3903,0.0081423775483960986,0.07376685127179991,0.065624473723403812,0,0.10000000000000001,0.10000000000000001,0.20121483902337484,0,0,1,1,0.00051242633871380989,0,nan,nan,nan,nan,nan,nan,0,0,0,0,0,nan,0.23750960799385087,-0.0085926225077738554,-2.9710258964083818e-05,0.0059860664511010037,0,0.034370490031095442
121,0,12,0.18915961558968988,0.035781360170039245,1,1,1,0,1,2699,0.0028625088136031399,0.062462468223976407,0.059599959410373264,0,0.10000000000000001,0.10000000000000001,0.13419025020781034,0,0,1,1,0.00074101519081141163,1873,0.010513675783855904,0.062462468223976407,0.051948792440120503,0.00088234222567327211,0.066377585056704463,0.065495242831031197,0.092435640876179559,0,0,0,0,0,0.69507224898110409,-0.00021714855535227373,0.0011311032241465234,0.015277343198336754,0,0.003462506878886855
121,0,12,0.18915961558968988,0.035781360170039245,1,1,3,1,1,2724,0.0085507802505508015,0.073908558570835725,0.065357778320284929,0,0.10000000000000001,0.10000000000000001,0.12975152109531396,0,0,1,1,0.00073421439060205576,1646,0.013288859239492995,0.061807743071899117,0.048518883832406122,0.0012670046588569555,0.050433622414943292,0.049166617756086335,0.073553334235511303,0,0,0,0,0,0.9511747430249633,-0.0065369790381124985,0.0011311032241465234,0.038067712237762778,0,0.020414752663210932
121,0,12,0.18915961558968988,0.035781360170039245,1,-1,1,0,1,9,0.013572817798158526,0.013724927859128908,0.00015211006097038196,0.0013305031777279556,0.0013681353346876074,3.7632156959651773e-05,0.00033496484929140103,0,0,0,0,0,8,0.013572817798158526,0.013724927859128908,0.00015211006097038196,0.0013316974295820489,0.0013681353346876074,3.6437905105558485e-05,0.00033427293060794524,0,0,0,0,0,0.88888888888888884,-2.0328857277553307e-07,5.2918705208388624e-06,0.0014375516975361153,0,9.2847840392830046e-07
121,0,12,0.18915961558968988,0.035781360170039245,1,-1,1,0,2,3207,0.013850409482860426,0.061536853326861415,0.047686443844000989,0.001393415526012244,0.048646337820259268,0.047252922294247025,0.14479431933349779,0,0,0,0,0,1744,0.013850409482860426,0.061536853326861415,0.047686443844000989,0.0013942742783678603,0.048646337820259268,0.047252063541891411,0.14075845213054256,0,0,0,0,0,0.54381041471780478,-2.5796816469403166e-05,0.0011311032241465234,0.012575973947309811,0,0.00034353404933596895
121,0,12,0.18915961558968988,0.035781360170039245,1,-1,1,0,3,11,0.06154244012062645,0.061589615847186516,4.7175726560065578e-05,0.048689397272539917,0.048960573107456704,0.00027117583491678698,0.00058302776535772919,0,0,0,0,0,11,0.06154244012062645,0.061589615847186516,4.7175726560065578e-05,0.048689397272539917,0.048960573107456704,0.00027117583491678698,0.00058302776535772919,0,0,0,0,0,1,8.1102246254945137e-06,0.00014822023308128064,0.0083365544906528078,0.0027772968768206485,-3.0853511767990911e-05
121,0,12,0.18915961558968988,0.035781360170039245,1,-1,1,0,4,9,0.061608724955832687,0.061642458291827816,3.3733335995128622e-05,0.049092339813085466,0.049286753116269968,0.00019441330318450273,0.00041781098214155392,0,0,0,0,0,9,0.061608724955832687,0.061642458291827816,3.3733335995128622e-05,0.049092339813085466,0.049286753116269968,0.00019441330318450273,0.00041781098214155392,0,0,0,0,0,1,9.2076541073893112e-06,0.00011489920520188047,0.0072091449828042536,0.0029999298307752365,-3.5998315958300555e-05
121,0,12,0.18915961558968988,0.035781360170039245,1,-1,3,1,1,2724,0.0085507802505508015,0.073908558570835725,0.065357778320284929,0,0.10000000000000001,0.10000000000000001,0.12975152109531396,0,0,1,1,0.00073421439060205576,1646,0.013288859239492995,0.061807743071899117,0.048518883832406122,0.0012670046588569555,0.050433622414943292,0.049166617756086335,0.073553334235511303,0,0,0,0,0,0.9511747430249633,-0.0065369790381124985,0.0011311032241465234,0.023287239100300824,0,0.020414752663210932
121,0,12,0.18915961558968988,0.035781360170039245,-1,1,1,0,1,97,0,0.0028625088136031399,0.0028625088136031399,0,0.0028680260176647794,0.0028680260176647794,0.0040524730830886237,1,0,1,0,0.020618556701030927,0,nan,nan,nan,nan,nan,nan,0,0,0,0,0,nan,0,-1.999470636792727e-09,4.9982736005923725e-08,0,0,7.3887770915640738e-05
121,0,12,0.18915961558968988,0.035781360170039245,-1,1,3,1,1,3894,0.0085507802505508015,0.073908558570835725,0.065357778320284929,0,0.10000000000000001,0.10000000000000001,0.20088970171658715,0,0,1,1,0.00051361068310220854,0,nan,nan,nan,nan,nan,nan,0,0,0,0,0,nan,0.24191063174114022,-0.0085191244730119745,-3.2775826831822611e-05,0.016378407253961981,0,0.034076497892047912
121,0,12,0.18915961558968988,0.035781360170039245,-1,-1,3,1,1,3894,0.0085507802505508015,0.073908558570835725,0.065357778320284929,0,0.10000000000000001,0.10000000000000001,0.20088970171658715,0,0,1,1,0.00051361068310220854,0,nan,nan,nan,nan,nan,nan,0,0,0,0,0,nan,0.24191063174114022,-0.0085191244730119745,-3.2775826831822611e-05,0.006039016838040972,0,0.034076497892047912
122,12,0,0.18915961558968988,0.035781360170039245,1,1,1,0,1,2699,0.0028625088136031399,0.062462468223976407,0.059599959410373264,0,0.10000000000000001,0.10000000000000001,0.13419025020781034,0,0,1,1,0.00074101519081141163,1873,0.010513675783855904,0.062462468223976407,0.051948792440120503,0.00088234222567327211,0.066377585056704463,0.065495242831031197,0.092435640876179559,0,0,0,0,0,0.69507224898110409,-0.00021714855535227373,0.0011311032241465234,0.015277343198336754,0,0.003462506878886855
122,12,0,0.18915961558968988,0.035781360170039245,1,1,3,1,1,2724,0.0085507802505508015,0.073908558570835725,0.065357778320284929,0,0.10000000000000001,0.10000000000000001,0.12975152109531396,0,0,1,1,0.00073421439060205576,1646,0.013288859239492995,0.061807743071899117,0.048518883832406122,0.0012670046588569555,0.050433622414943292,0.049166617756086335,0.073553334235511303,0,0,0,0,0,0.9511747430249633,-0.0065369790381124985,0.0011311032241465234,0.038067712237762778,0,0.020414752663210932
122,12,0,0.18915961558968988,0.035781360170039245,1,-1,1,0,1,9,0.013572817798158526,0.013724927859128908,0.00015211006097038196,0.0013305031777279556,0.0013681353346876074,3.7632156959651773e-05,0.00033496484929140103,0,0,0,0,0,8,0.013572817798158526,0.013724927859128908,0.00015211006097038196,0.0013316974295820489,0.0013681353346876074,3.6437905105558485e-05,0.00033427293060794524,0,0,0,0,0,0.88888888888888884,-2.0328857277553307e-07,5.2918705208388624e-06,0.0014375516975361153,0,9.2847840392830046e-07
122,12,0,0.18915961558968988,0.035781360170039245,1,-1,1,0,2,3207,0.013850409482860426,0.061536853326861415,0.047686443844000989,0.001393415526012244,0.048646337820259268,0.047252922294247025,0.14479431933349779,0,0,0,0,0,1744,0.013850409482860426,0.061536853326861415,0.047686443844000989,0.0013942742783678603,0.048646337820259268,0.047252063541891411,0.14075845213054256,0,0,0,0,0,0.54381041471780478,-2.5796816469403166e-05,0.0011311032241465234,0.012575973947309811,0,0.00034353404933596895
122,12,0,0.18915961558968988,0.035781360170039245,1,-1,1,0,3,11,0.06154244012062645,0.061589615847186516,4.7175726560065578e-05,0.048689397272539917,0.048960573107456704,0.00027117583491678698,0.00058302776535772919,0,0,0,0,0,11,0.06154244012062645,0.061589615847186516,4.7175726560065578e-05,0.048689397272539917,0.048960573107456704,0.00027117583491678698,0.00058302776535772919,0,0,0,0,0,1,8.1102246254945137e-06,0.00014822023308128064,0.0083365544906528078,0.0027772968768206485,-3.0853511767990911e-05
122,12,0,0.18915961558968988,0.035781360170039245,1,-1,1,0,4,9,0.061608724955832687,0.061642458291827816,3.3733335995128622e-05,0.049092339813085466,0.049286753116269968,0.00019441330318450273,0.00041781098214155392,0,0,0,0,0,9,0.061608724955832687,0.061642458291827816,3.3733335995128622e-05,0.049092339813085466,0.049286753116269968,0.00019441330318450273,0.00041781098214155392,0,0,0,0,0,1,9.2076541073893112e-06,0.00011489920520188047,0.0072091449828042536,0.0029999298307752365,-3.5998315958300555e-05
122,12,0,0.18915961558968988,0.035781360170039245,1,-1,3,1,1,2724,0.0085507802505508015,0.073908558570835725,0.065357778320284929,0,0.10000000000000001,0.10000000000000001,0.12975152109531396,0,0,1,1,0.00073421439060205576,1646,0.013288859239492995,0.061807743071899117,0.048518883832406122,0.0012670046588569555,0.050433622414943292,0.049166617756086335,0.073553334235511303,0,0,0,0,0,0.9511747430249633,-0.0065369790381124985,0.0011311032241465234,0.023287239100300824,0,0.020414752663210932
122,12,0,0.18915961558968988,0.035781360170039245,-1,1,1,0,1,97,0,0.0028625088136031399,0.0028625088136031399,0,0.0028680260176647794,0.0028680260176647794,0.0040524730830886237,1,0,1,0,0.020618556701030927,0,nan,nan,nan,nan,nan,nan,0,0,0,0,0,nan,0,-1.999470636792727e-09,4.9982736005923725e-08,0,0,7.3887770915640738e-05
122,12,0,0.18915961558968988,0.035781360170039245,-1,1,3,1,1,3894,0.0085507802505508015,0.073908558570835725,0.065357778320284929,0,0.10000000000000001,0.10000000000000001,0.20088970171658715,0,0,1,1,0.00051361068310220854,0,nan,nan,nan,nan,nan,nan,0,0,0,0,0,nan,0.24191063174114022,-0.0085191244730119745,-3.2775826831822611e-05,0.016378407253961981,0,0.034076497892047912
122,12,0,0.18915961558968988,0.035781360170039245,-1,-1,3,1,1,3894,0.0085507802505508015,0.073908558570835725,0.065357778320284929,0,0.10000000000000001,0.10000000000000001,0.20088970171658715,0,0,1,1,0.00051361068310220854,0,nan,nan,nan,nan,nan,nan,0,0,0,0,0,nan,0.24191063174114022,-0.0085191244730119745,-3.2775826831822611e-05,0.006039016838040972,0,0.034076497892047912
123,1,12,0.18981723086886676,0.036030581134724668,1,1,1,0,1,2698,0.0028824464907779733,0.062462458501025539,0.059580012010247568,0,0.10000000000000001,0.10000000000000001,0.13418281668860593,0,0,1,1,0.00074128984432913266,1863,0.010567044696464311,0.062462458501025539,0.051895413804561225,0.00089168442151291269,0.063909272848565707,0.063017588427052795,0.089917547398166167,0,0,0,0,0,0.69125277983691624,-0.00020786338253700402,0.0011256857913461368,0.015211746032485873,0,0.0034386871859090735
123,1,12,0.18981723086886676,0.036030581134724668,1,1,3,1,1,2725,0.008610184552793651,0.073929178415848076,0.065318993863054425,0,0.10000000000000001,0.10000000000000001,0.1297095638459427,0,0,1,1,0.00073394495412844036,1641,0.013395597064709806,0.061783651747592101,0.048388054682882292,0.0012852510073968922,0.050233488992661772,0.048948237985264882,0.073252689049722028,0,0,0,0,0,0.95045871559633033,-0.0065481528154313143,0.0011256857913461368,0.038048461369016788,0,0.020454328621102958
123,1,12,0.18981723086886676,0.036030581134724668,1,-1,1,0,1,9,0.013600562135073799,0.013722294397150803,0.00012173226207700359,0.0013312695511317602,0.0013615210081990218,3.0251457067261662e-05,0.00026890633224903033,0,0,0,0,0,7,0.013600562135073799,0.013715810540360238,0.00011524840528643818,0.0013325088399427493,0.0013615210081990218,2.9012168256272548e-05,0.00024108555686072595,0,0,0,0,0,0.77777777777777779,-3.4175464343769724e-07,4.0704028233811951e-06,0.0012591800426369427,0,1.4415495060045315e-06
123,1,12,0.18981723086886676,0.036030581134724668,1,-1,1,0,2,11,0.013877716132920433,0.014135175940530518,0.00025745980761008452,0.0013951350580100556,0.0014523399216423429,5.7204863632287365e-05,0.00054457812055588081,0,0,0,0,0,11,0.013877716132920433,0.014135175940530518,0.00025745980761008452,0.0013951350580100556,0.0014523399216423429,5.7204863632287365e-05,0.00054457812055588081,0,0,0,0,0,1,1.5281756467314494e-07,8.8637920136518769e-06,0.0019899895655316694,0.00027454429962173784,-3.0149828981916221e-07
123,1,12,0.18981723086886676,0.036030581134724668,1,-1,1,0,3,3191,0.014150806240899469,0.06153674741620075,0.047385941175301281,0.0014579101784759916,0.048631623630880305,0.047173713452404314,0.14414230923348892,0,0,0,0,0,1734,0.014150806240899469,0.06153672106390326,0.047385914823003791,0.0014585661024759662,0.048631623630880305,0.047173057528404339,0.14011932371738878,0,0,0,0,0,0.54340332184268259,-2.5328485876997174e-05,0.0011256857913461368,0.012579096912231691,0,0.00034030931263459498
123,1,12,0.18981723086886676,0.036030581134724668,1,-1,1,0,4,11,0.061544697368704611,0.061589515643767051,4.4818275062440127e-05,0.048690394867408338,0.04894657146012555,0.00025617659271721244,0.00055143079047259829,0,0,0,0,0,11,0.061544697368704611,0.061589515643767051,4.4818275062440127e-05,0.048690394867408338,0.04894657146012555,0.00025617659271721244,0.00055143079047259829,0,0,0,0,0,1,6.2953894228225849e-06,0.00014021638882084894,0.0080614211035286761,0.0024366466479062653,-2.3748987547011357e-05
123,1,12,0.18981723086886676,0.036030581134724668,1,-1,1,0,5,9,0.06161095426863851,0.061642360141536477,3.1405872897967424e-05,0.049093193571683978,0.049273134774830418,0.00017994120314644008,0.00038717796901146042,0,0,0,0,0,9,0.06161095426863851,0.061642360141536477,3.1405872897967424e-05,0.049093193571683978,0.049273134774830418,0.00017994120314644008,0.00038717796901146042,0,0,0,0,0,1,7.3888843717471202e-06,0.00010646431372572262,0.0068955950277164689,0.0026848739441972238,-2.8834192384916631e-05
123,1,12,0.18981723086886676,0.036030581134724668,1,-1,3,1,1,2725,0.008610184552793651,0.073929178415848076,0.065318993863054425,0,0.10000000000000001,0.10000000000000001,0.1297095638459427,0,0,1,1,0.00073394495412844036,1641,0.013395597064709806,0.061783651747592101,0.048388054682882292,0.0012852510073968922,0.050233488992661772,0.048948237985264882,0.073252689049722028,0,0,0,0,0,0.95045871559633033,-0.0065481528154313143,0.0011256857913461368,0.023230517077216562,0,0.020454328621102958
123,1,12,0.18981723086886676,0.036030581134724668,-1,1,1,0,1,99,0,0.0028824464907779733,0.0028824464907779733,0,0.0028880420749266078,0.0028880420749266078,0.0040807400278901947,1,0,1,0,0.020202020202020204,0,nan,nan,nan,nan,nan,nan,0,0,0,0,0,nan,0.010101010101010102,-4.2331891703509315e-09,2.2953476306373339e-09,1.7855253665126572e-09,0,7.4921671960900452e-05
123,1,12,0.18981723086886676,0.036030581134724668,-1,1,3,1,1,3893,0.008610184552793651,0.073929178415848076,0.065318993863054425,0,0.10000000000000001,0.10000000000000001,0.20075891740466179,0,0,1,1,0.00051374261494991009,0,nan,nan,nan,nan,nan,nan,0,0,0,0,0,nan,0.24300025687130747,-0.0085084387266008699,-3.323399108879301e-05,0.016422585697449723,0,0.034033754906403486
123,1,12,0.18981723086886676,0.036030581134724668,-1,-1,3,1,1,3893,0.008610184552793651,0.073929178415848076,0.065318993863054425,0,0.10000000000000001,0.10000000000000001,0.20075891740466179,0,0,1,1,0.00051374261494991009,0,nan,nan,nan,nan,nan,nan,0,0,0,0,0,nan,0.24300025687130747,-0.0085084387266008699,-3.323399108879301e-05,0.0060506833965124178,0,0.034033754906403486
124,12,1,0.18981723086886676,0.036030581134724668,1,1,1,0,1,2698,0.0028824464907779733,0.062462458501025539,0.059580012010247568,0,0.10000000000000001,0.10000000000000001,0.13418281668860593,0,0,1,1,0.00074128984432913266,1863,0.010567044696464311,0.062462458501025539,0.051895413804561225,0.00089168442151291269,0.063909272848565707,0.063017588427052795,0.089917547398166167,0,0,0,0,0,0.69125277983691624,-0.00020786338253700402,0.0011256857913461368,0.015211746032485873,0,0.0034386871859090735
124,12,1,0.18981723086886676,0.036030581134724668,1,1,3,1,1,2725,0.008610184552793651,0.073929178415848076,0.065318993863054425,0,0.10000000000000001,0.10000000000000001,0.1297095638459427,0,0,1,1,0.00073394495412844036,1641,0.013395597064709806,0.061783651747592101,0.048388054682882292,0.0012852510073968922,0.050233488992661772,0.048948237985264882,0.073252689049722028,0,0,0,0,0,0.95045871559633033,-0.0065481528154313143,0.0011256857913461368,0.038048461369016788,0,0.020454328621102958
124,12,1,0.18981723086886676,0.036030581134724668,1,-1,1,0,1,9,0.013600562135073799,0.013722294397150803,0.00012173226207700359,0.0013312695511317602,0.0013615210081990218,3.0251457067261662e-05,0.00026890633224903033,0,0,0,0,0,7,0.013600562135073799,0.013715810540360238,0.00011524840528643818,0.0013325088399427493,0.0013615210081990218,2.9012168256272548e-05,0.00024108555686072595,0,0,0,0,0,0.77777777777777779,-3.4175464343769724e-07,4.0704028233811951e-06,0.0012591800426369427,0,1.4415495060045315e-06
124,12,1,0.18981723086886676,0.036030581134724668,1,-1,1,0,2,11,0.013877716132920433,0.014135175940530518,0.00025745980761008452,0.0013951350580100556,0.0014523399216423429,5.7204863632287365e-05,0.00054457812055588081,0,0,0,0,0,11,0.013877716132920433,0.014135175940530518,0.00025745980761008452,0.0013951350580100556,0.0014523399216423429,5.7204863632287365e-05,0.00054457812055588081,0,0,0,0,0,1,1.5281756467314494e-07,8.8637920136518769e-06,0.0019899895655316694,0.00027454429962173784,-3.0149828981916221e-07
124,12,1,0.18981723086886676,0.036030581134724668,1,-1,1,0,3,3191,0.014150806240899469,0.06153674741620075,0.047385941175301281,0.0014579101784759916,0.048631623630880305,0.047173713452404314,0.14414230923348892,0,0,0,0,0,1734,0.014150806240899469,0.06153672106390326,0.047385914823003791,0.0014585661024759662,0.048631623630880305,0.047173057528404339,0.14011932371738878,0,0,0,0,0,0.54340332184268259,-2.5328485876997174e-05,0.0011256857913461368,0.012579096912231691,0,0.00034030931263459498
124,12,1,0.18981723086886676,0.036030581134724668,1,-1,1,0,4,11,0.061544697368704611,0.061589515643767051,4.4818275062440127e-05,0.048690394867408338,0.04894657146012555,0.00025617659271721244,0.00055143079047259829,0,0,0,0,0,11,0.061544697368704611,0.061589515643767051,4.4818275062440127e-05,0.048690394867408338,0.04894657146012555,0.00025617659271721244,0.00055143079047259829,0,0,0,0,0,1,6.2953894228225849e-06,0.00014021638882084894,0.0080614211035286761,0.0024366466479062653,-2.3748987547011357e-05
124,12,1,0.18981723086886676,0.036030581134724668,1,-1,1,0,5,9,0.06161095426863851,0.061642360141536477,3.1405872897967424e-05,0.049093193571683978,0.049273134774830418,0.00017994120314644008,0.00038717796901146042,0,0,0,0,0,9,0.06161095426863851,0.061642360141536477,3.1405872897967424e-05,0.049093193571683978,0.049273134774830418,0.00017994120314644008,0.00038717796901146042,0,0,0,0,0,1,7.3888843717471202e-06,0.00010646431372572262,0.0068955950277164689,0.0026848739441972238,-2.8834192384916631e-05
124,12,1,0.18981723086886676,0.036030581134724668,1,-1,3,1,1,2725,0.008610184552793651,0.073929178415848076,0.065318993863054425,0,0.10000000000000001,0.10000000000000001,0.1297095638459427,0,0,1,1,0.00073394495412844036,1641,0.013395597064709806,0.061783651747592101,0.048388054682882292,0.0012852510073968922,0.050233488992661772,0.048948237985264882,0.073252689049722028,0,0,0,0,0,0.95045871559633033,-0.0065481528154313143,0.0011256857913461368,0.023230517077216562,0,0.020454328621102958
124,12,1,0.18981723086886676,0.036030581134724668,-1,1,1,0,1,99,0,0.0028824464907779733,0.0028824464907779733,0,0.0028880420749266078,0.0028880420749266078,0.0040807400278901947,1,0,1,0,0.020202020202020204,0,nan,nan,nan,nan,nan,nan,0,0,0,0,0,nan,0.010101010101010102,-4.2331891703509315e-09,2.2953476306373339e-09,1.7855253665126572e-09,0,7.4921671960900452e-05
124,12,1,0.18981723086886676,0.036030581134724668,-1,1,3,1,1,3893,0.008610184552793651,0.073929178415848076,0.065318993863054425,0,0.10000000000000001,0.10000000000000001,0.20075891740466179,0,0,1,1,0.00051374261494991009,0,nan,nan,nan,nan,nan,nan,0,0,0,0,0,nan,0.24300025687130747,-0.0085084387266008699,-3.323399108879301e-05,0.016422585697449723,0,0.034033754906403486
124,12,1,0.18981723086886676,0.036030581134724668,-1,-1,3,1,1,3893,0.008610184552793651,0.073929178415848076,0.065318993863054425,0,0.10000000000000001,0.10000000000000001,0.20075891740466179,0,0,1,1,0.00051374261494991009,0,nan,nan,nan,nan,nan,nan,0,0,0,0,0,nan,0.24300025687130747,-0.0085084387266008699,-3.323399108879301e-05,0.0060506833965124178,0,0.034033754906403486
125,8,9,0.18995436929002207,0.036082662412370077,1,1,1,0,1,2698,0.0028866129929896061,0.062462456555234955,0.059575843562245351,0,0.10000000000000001,0.10000000000000001,0.13418079032835459,0,0,1,1,0.00074128984432913266,1861,0.010567044696464309,0.062462456555234955,0.051895411858770647,0.00089171903881980579,0.063909272848565707,0.063017553809745899,0.089920432295261407,0,0,0,0,0,0.69051148999258705,-0.00020606536337305318,0.0011245529314432956,0.015196574782739516,0,0.0034341924325370114
125,8,9,0.18995436929002207,0.036082662412370077,1,1,3,1,1,2725,0.0086225997395186077,0.073933488406312808,0.065310888666794201,0,0.10000000000000001,0.10000000000000001,0.12970081320400786,0,0,1,1,0.00073394495412844036,1640,0.013448965977318209,0.061784041328525899,0.048335075351207693,0.0012964215021913049,0.050233488992661779,0.048937067490470471,0.073200123118830715,0,0,0,0,0,0.95045871559633033,-0.0065504883180056176,0.0011245529314432956,0.038039713745692955,0,0.020462601237012074
125,8,9,0.18995436929002207,0.036082662412370077,1,-1,1,0,1,9,0.01360636004423363,0.013721829024464878,0.00011546898023124738,0.0013314270128943941,0.001360138770654423,2.8711757760028827e-05,0.00025520519231951924,0,0,0,0,0,7,0.01360636004423363,0.013715810540360241,0.0001094504961266108,0.0013326751429776347,0.001360138770654423,2.7463627676788289e-05,0.00022860066624918115,0,0,0,0,0,0.77777777777777779,-3.708393758720019e-07,3.8157059558306008e-06,0.0012264253932448789,0,1.5504960723175649e-06
125,8,9,0.18995436929002207,0.036082662412370077,1,-1,1,0,2,11,0.013883447540686803,0.014124518333596542,0.00024107079290973908,0.0013953114003771214,0.001450938430087479,5.5627029710357588e-05,0.00051463741870846609,0,0,0,0,0,11,0.013883447540686803,0.014124518333596542,0.00024107079290973908,0.0013953114003771214,0.001450938430087479,5.5627029710357588e-05,0.00051463741870846609,0,0,0,0,0,1,3.4265376308672115e-07,8.5987192472882957e-06,0.0019880840055544404,0.00052668790725211444,-1.1096006065824476e-06
125,8,9,0.18995436929002207,0.036082662412370077,1,-1,1,0,3,3191,0.014156452599184795,0.061536726250651638,0.047380273651466839,0.0014580923893337558,0.048628646088999132,0.047170553699665378,0.14412842021432148,0,0,0,0,0,1735,0.014156452599184795,0.061536693611601287,0.047380241012416488,0.0014587647803775601,0.048628646088999132,0.04716988130862157,0.14010592538669775,0,0,0,0,0,0.54371670322782828,-2.5610992022705586e-05,0.0011245529314432956,0.012570034275806719,0,0.00033965823096334833
125,8,9,0.18995436929002207,0.036082662412370077,1,-1,1,0,4,11,0.061545169080079384,0.061589494789713949,4.4325709634564225e-05,0.048690586434304864,0.048943645447528383,0.00025305901322351942,0.0005448486438173213,0,0,0,0,0,11,0.061545169080079384,0.061589494789713949,4.4325709634564225e-05,0.048690586434304864,0.048943645447528383,0.00025305901322351942,0.0005448486438173213,0,0,0,0,0,1,5.9160065472597188e-06,0.00013853569776576494,0.0080015089755906595,0.002359173501273707,-2.2262798436448171e-05
125,8,9,0.18995436929002207,0.036082662412370077,1,-1,1,0,5,9,0.061611420142203145,0.061642339713718575,3.0919571515429511e-05,0.049093357826715076,0.049270288864084189,0.00017693103736911298,0.00038079382471981613,0,0,0,0,0,9,0.061611420142203145,0.061642339713718575,3.0919571515429511e-05,0.049093357826715076,0.049270288864084189,0.00017693103736911298,0.00038079382471981613,0,0,0,0,0,1,7.0086849981538258e-06,0.00010469154188221517,0.0068271348216694446,0.0026141716934684339,-2.7335574571726482e-05
125,8,9,0.18995436929002207,0.036082662412370077,1,-1,3,1,1,2725,0.0086225997395186077,0.073933488406312808,0.065310888666794201,0,0.10000000000000001,0.10000000000000001,0.12970081320400786,0,0,1,1,0.00073394495412844036,1640,0.013448965977318209,0.061784041328525899,0.048335075351207693,0.0012964215021913049,0.050233488992661779,0.048937067490470471,0.073200123118830715,0,0,0,0,0,0.95045871559633033,-0.0065504883180056176,0.0011245529314432956,0.023218500133152273,0,0.020462601237012074
125,8,9,0.18995436929002207,0.036082662412370077,-1,1,1,0,1,99,0,0.0028866129929896061,0.0028866129929896061,0,0.0028922249413853235,0.0028922249413853235,0.0040866475121038685,1,0,1,0,0.020202020202020204,0,nan,nan,nan,nan,nan,nan,0,0,0,0,0,nan,0.010101010101010102,-2.776008584979165e-08,3.3881317890172014e-21,4.3686274223325576e-08,0,7.5138639098937561e-05
125,8,9,0.18995436929002207,0.036082662412370077,-1,1,3,1,1,3895,0.0086225997395186077,0.073933488406312808,0.065310888666794201,0,0.10000000000000001,0.10000000000000001,0.20073159939252469,0,0,1,1,0.00051347881899871633,0,nan,nan,nan,nan,nan,nan,0,0,0,0,0,nan,0.24338896020539152,-0.0085062039772199633,-3.3330138285185645e-05,0.01641607460537204,0,0.03402481590887995
125,8,9,0.18995436929002207,0.036082662412370077,-1,-1,3,1,1,3895,0.0086225997395186077,0.073933488406312808,0.065310888666794201,0,0.10000000000000001,0.10000000000000001,0.20073159939252469,0,0,1,1,0.00051347881899871633,0,nan,nan,nan,nan,nan,nan,0,0,0,0,0,nan,0.24338896020539152,-0.0085062039772199633,-3.3330138285185645e-05,0.0060474977970674353,0,0.03402481590887995
126,9,8,0.18995436929002207,0.036082662412370077,1,1,1,0,1,2698,0.0028866129929896061,0.062462456555234955,0.059575843562245351,0,0.10000000000000001,0.10000000000000001,0.13418079032835459,0,0,1,1,0.00074128984432913266,1861,0.010567044696464309,0.062462456555234955,0.051895411858770647,0.00089171903881980579,0.063909272848565707,0.063017553809745899,0.089920432295261407,0,0,0,0,0,0.69051148999258705,-0.00020606536337305318,0.0011245529314432956,0.015196574782739516,0,0.0034341924325370114
126,9,8,0.18995436929002207,0.036082662412370077,1,1,3,1,1,2725,0.0086225997395186077,0.073933488406312808,0.065310888666794201,0,0.10000000000000001,0.10000000000000001,0.12970081320400786,0,0,1,1,0.00073394495412844036,1640,0.013448965977318209,0.061784041328525899,0.048335075351207693,0.0012964215021913049,0.050233488992661779,0.048937067490470471,0.073200123118830715,0,0,0,0,0,0.95045871559633033,-0.0065504883180056176,0.0011245529314432956,0.038039713745692955,0,0.020462601237012074
126,9,8,0.18995436929002207,0.036082662412370077,1,-1,1,0,1,9,0.01360636004423363,0.013721829024464878,0.00011546898023124738,0.0013314270128943941,0.001360138770654423,2.8711757760028827e-05,0.00025520519231951924,0,0,0,0,0,7,0.01360636004423363,0.013715810540360241,0.0001094504961266108,0.0013326751429776347,0.001360138770654423,2.7463627676788289e-05,0.00022860066624918115,0,0,0,0,0,0.77777777777777779,-3.708393758720019e-07,3.8157059558306008e-06,0.0012264253932448789,0,1.5504960723175649e-06
126,9,8,0.18995436929002207,0.036082662412370077,1,-1,1,0,2,11,0.013883447540686803,0.014124518333596542,0.00024107079290973908,0.0013953114003771214,0.001450938430087479,5.5627029710357588e-05,0.00051463741870846609,0,0,0,0,0,11,0.013883447540686803,0.014124518333596542,0.00024107079290973908,0.0013953114003771214,0.001450938430087479,5.5627029710357588e-05,0.00051463741870846609,0,0,0,0,0,1,3.4265376308672115e-07,8.5987192472882957e-06,0.0019880840055544404,0.00052668790725211444,-1.1096006065824476e-06
126,9,8,0.18995436929002207,0.036082662412370077,1,-1,1,0,3,3191,0.014156452599184795,0.061536726250651638,0.047380273651466839,0.0014580923893337558,0.048628646088999132,0.047170553699665378,0.14412842021432148,0,0,0,0,0,1735,0.014156452599184795,0.061536693611601287,0.047380241012416488,0.0014587647803775601,0.048628646088999132,0.04716988130862157,0.14010592538669775,0,0,0,0,0,0.54371670322782828,-2.5610992022705586e-05,0.0011245529314432956,0.012570034275806719,0,0.00033965823096334833
126,9,8,0.18995436929002207,0.036082662412370077,1,-1,1,0,4,11,0.061545169080079384,0.061589494789713949,4.4325709634564225e-05,0.048690586434304864,0.048943645447528383,0.00025305901322351942,0.0005448486438173213,0,0,0,0,0,11,0.061545169080079384,0.061589494789713949,4.4325709634564225e-05,0.048690586434304864,0.048943645447528383,0.00025305901322351942,0.0005448486438173213,0,0,0,0,0,1,5.9160065472597188e-06,0.00013853569776576494,0.0080015089755906595,0.002359173501273707,-2.2262798436448171e-05
126,9,8,0.18995436929002207,0.036082662412370077,1,-1,1,0,5,9,0.061611420142203145,0.061642339713718575,3.0919571515429511e-05,0.049093357826715076,0.049270288864084189,0.00017693103736911298,0.00038079382471981613,0,0,0,0,0,9,0.061611420142203145,0.061642339713718575,3.0919571515429511e-05,0.049093357826715076,0.049270288864084189,0.00017693103736911298,0.00038079382471981613,0,0,0,0,0,1,7.0086849981538258e-06,0.00010469154188221517,0.0068271348216694446,0.0026141716934684339,-2.7335574571726482e-05
126,9,8,0.18995436929002207,0.036082662412370077,1,-1,3,1,1,2725,0.0086225997395186077,0.073933488406312808,0.065310888666794201,0,0.10000000000000001,0.10000000000000001,0.12970081320400786,0,0,1,1,0.00073394495412844036,1640,0.013448965977318209,0.061784041328525899,0.048335075351207693,0.0012964215021913049,0.050233488992661779,0.048937067490470471,0.073200123118830715,0,0,0,0,0,0.95045871559633033,-0.0065504883180056176,0.0011245529314432956,0.023218500133152273,0,0.020462601237012074
126,9,8,0.18995436929002207,0.036082662412370077,-1,1,1,0,1,99,0,0.0028866129929896061,0.0028866129929896061,0,0.0028922249413853235,0.0028922249413853235,0.0040866475121038685,1,0,1,0,0.020202020202020204,0,nan,nan,nan,nan,nan,nan,0,0,0,0,0,nan,0.010101010101010102,-2.776008584979165e-08,3.3881317890172014e-21,4.3686274223325576e-08,0,7.5138639098937561e-05
126,9,8,0.18995436929002207,0.036082662412370077,-1,1,3,1,1,3895,0.0086225997395186077,0.073933488406312808,0.065310888666794201,0,0.10000000000000001,0.10000000000000001,0.20073159939252469,0,0,1,1,0.00051347881899871633,0,nan,nan,nan,nan,nan,nan,0,0,0,0,0,nan,0.24338896020539152,-0.0085062039772199633,-3.3330138285185645e-05,0.01641607460537204,0,0.03402481590887995
126,9,8,0.18995436929002207,0.036082662412370077,-1,-1,3,1,1,3895,0.0086225997395186077,0.073933488406312808,0.065310888666794201,0,0.10000000000000001,0.10000000000000001,0.20073159939252469,0,0,1,1,0.00051347881899871633,0,nan,nan,nan,nan,nan,nan,0,0,0,0,0,nan,0.24338896020539152,-0.0085062039772199633,-3.3330138285185645e-05,0.0060474977970674353,0,0.03402481590887995
127,5,11,0.19054677752245691,0.036308074424192691,1,1,1,0,1,2698,0.002904645953935415,0.062462448469452321,0.059557802515516907,0,0.10000000000000001,0.10000000000000001,0.13417251126687274,0,0,1,1,0.00074128984432913266,1859,0.010567044696464309,0.062462448469452321,0.051895403772988014,0.00089184780164673367,0.063842561707805195,0.062950713906158459,0.089870408046779454,0,0,0,0,0,0.6901408450704225,-0.00019874577666000151,0.0011196507934215472,0.015132849803539886,0,0.0034163087931309904
127,5,11,0.19054677752245691,0.036308074424192691,1,1,3,1,1,2724,0.0086763374344731251,0.073952142396105564,0.065275804961632433,0,0.10000000000000001,0.10000000000000001,0.12966300632447306,0,0,1,1,0.00073421439060205576,1638,0.013502334889926618,0.061775119822955776,0.04827278493302916,0.0013030603556763727,0.050166777851901267,0.048863717496224895,0.073087515623886296,0,0,0,0,0,0.95007342143906015,-0.0065605969505659429,0.0011196507934215472,0.038013992924716668,0,0.020498409804384065
127,5,11,0.19054677752245691,0.036308074424192691,1,-1,1,0,1,11,0.013908253540339671,0.014108088476495688,0.00019983493615601672,0.0013960611664809146,0.0014448726604824179,4.8811494001503282e-05,0.00043467104294570019,0,0,0,0,0,11,0.013908253540339671,0.014108088476495688,0.00019983493615601672,0.0013960611664809146,0.0014448726604824179,4.8811494001503282e-05,0.00043467104294570019,0,0,0,0,0,1,2.1634179277318769e-07,7.4536514238070115e-06,0.0018870360637909846,0.00041128366388378711,-6.7661700871068783e-07
127,5,11,0.19054677752245691,0.036308074424192691,1,-1,1,0,2,3191,0.014180890497756176,0.061536634986134028,0.04735574448837785,0.0014588673198879826,0.048615759045207874,0.047156891725319894,0.14407304601235865,0,0,0,0,0,1736,0.014180890497756176,0.061536575530896344,0.047355685033140166,0.0014596071715093448,0.048615759045207874,0.047156151873698531,0.1400753876749771,0,0,0,0,0,0.54403008461297397,-2.3932701176001193e-05,0.0011196507934215472,0.012529487492806518,0,0.00033681524075641445
127,5,11,0.19054677752245691,0.036308074424192691,1,-1,1,0,3,11,0.061547210685331671,0.061589404871367479,4.2194186035807157e-05,0.04869135919191863,0.048930981426675513,0.00023962223475688244,0.00051642955619329075,0,0,0,0,0,11,0.061547210685331671,0.061589404871367479,4.2194186035807157e-05,0.04869135919191863,0.048930981426675513,0.00023962223475688244,0.00051642955619329075,0,0,0,0,0,1,4.273521318348324e-06,0.00013122851364124187,0.0077306733480537069,0.0019890000748265441,-1.5824485190639991e-05
127,5,11,0.19054677752245691,0.036308074424192691,1,-1,1,0,4,9,0.061613436480937644,0.061642251629073629,2.8815148135984125e-05,0.049094021541881055,0.04925797153056672,0.00016394998868566463,0.00035322028850749541,0,0,0,0,0,9,0.061613436480937644,0.061642251629073629,2.8815148135984125e-05,0.049094021541881055,0.04925797153056672,0.00016394998868566463,0.00035322028850749541,0,0,0,0,0,1,5.3626882825401614e-06,9.6977479514229284e-05,0.0065170855198109379,0.0022827380043435428,-2.0843571185897361e-05
127,5,11,0.19054677752245691,0.036308074424192691,1,-1,3,1,1,2724,0.0086763374344731251,0.073952142396105564,0.065275804961632433,0,0.10000000000000001,0.10000000000000001,0.12966300632447306,0,0,1,1,0.00073421439060205576,1638,0.013502334889926618,0.061775119822955776,0.04827278493302916,0.0013030603556763727,0.050166777851901267,0.048863717496224895,0.073087515623886296,0,0,0,0,0,0.95007342143906015,-0.0065605969505659429,0.0011196507934215472,0.023173729837527718,0,0.020498409804384065
127,5,11,0.19054677752245691,0.036308074424192691,-1,1,1,0,1,99,0,0.002904645953935415,0.002904645953935415,0,0.0029103286069617875,0.0029103286069617875,0.0041122159444038388,1,0,1,0,0.020202020202020204,0,nan,nan,nan,nan,nan,nan,0,0,0,0,0,nan,0.010101010101010102,-2.2619868043525712e-09,7.382871296800027e-08,2.1473260437422483e-07,0,7.6081301017734914e-05
127,5,11,0.19054677752245691,0.036308074424192691,-1,1,3,1,1,3890,0.0086763374344731251,0.073952142396105564,0.065275804961632433,0,0.10000000000000001,0.10000000000000001,0.20061360901855141,0,0,1,1,0.00051413881748071976,0,nan,nan,nan,nan,nan,nan,0,0,0,0,0,nan,0.24267352185089974,-0.0084965372352972905,-3.3747872470853519e-05,0.016444990036489124,0,0.033986148941189183
127,5,11,0.19054677752245691,0.036308074424192691,-1,-1,3,1,1,3890,0.0086763374344731251,0.073952142396105564,0.065275804961632433,0,0.10000000000000001,0.10000000000000001,0.20061360901855141,0,0,1,1,0.00051413881748071976,0,nan,nan,nan,nan,nan,nan,0,0,0,0,0,nan,0.24267352185089974,-0.0084965372352972905,-3.3747872470853519e-05,0.0060547662462779967,0,0.033986148941189183
128,11,5,0.19054677752245691,0.036308074424192691,1,1,1,0,1,2698,0.002904645953935415,0.062462448469452321,0.059557802515516907,0,0.10000000000000001,0.10000000000000001,0.13417251126687274,0,0,1,1,0.00074128984432913266,1859,0.010567044696464309,0.062462448469452321,0.051895403772988014,0.00089184780164673367,0.063842561707805195,0.062950713906158459,0.089870408046779454,0,0,0,0,0,0.6901408450704225,-0.00019874577666000151,0.0011196507934215472,0.015132849803539886,0,0.0034163087931309904
128,11,5,0.19054677752245691,0.036308074424192691,1,1,3,1,1,2724,0.0086763374344731251,0.073952142396105564,0.065275804961632433,0,0.10000000000000001,0.10000000000000001,0.12966300632447306,0,0,1,1,0.00073421439060205576,1638,0.013502334889926618,0.061775119822955776,0.04827278493302916,0.0013030603556763727,0.050166777851901267,0.048863717496224895,0.073087515623886296,0,0,0,0,0,0.95007342143906015,-0.0065605969505659429,0.0011196507934215472,0.038013992924716668,0,0.020498409804384065
128,11,5,0.19054677752245691,0.036308074424192691,1,-1,1,0,1,11,0.013908253540339671,0.014108088476495688,0.00019983493615601672,0.0013960611664809146,0.0014448726604824179,4.8811494001503282e-05,0.00043467104294570019,0,0,0,0,0,11,0.013908253540339671,0.014108088476495688,0.00019983493615601672,0.0013960611664809146,0.0014448726604824179,4.8811494001503282e-05,0.00043467104294570019,0,0,0,0,0,1,2.1634179277318769e-07,7.4536514238070115e-06,0.0018870360637909846,0.00041128366388378711,-6.7661700871068783e-07
128,11,5,0.19054677752245691,0.036308074424192691,1,-1,1,0,2,3191,0.014180890497756176,0.061536634986134028,0.04735574448837785,0.0014588673198879826,0.048615759045207874,0.047156891725319894,0.14407304601235865,0,0,0,0,0,1736,0.014180890497756176,0.061536575530896344,0.047355685033140166,0.0014596071715093448,0.048615759045207874,0.047156151873698531,0.1400753876749771,0,0,0,0,0,0.54403008461297397,-2.3932701176001193e-05,0.0011196507934215472,0.012529487492806518,0,0.00033681524075641445
128,11,5,0.19054677752245691,0.036308074424192691,1,-1,1,0,3,11,0.061547210685331671,0.061589404871367479,4.2194186035807157e-05,0.04869135919191863,0.048930981426675513,0.00023962223475688244,0.00051642955619329075,0,0,0,0,0,11,0.061547210685331671,0.061589404871367479,4.2194186035807157e-05,0.04869135919191863,0.048930981426675513,0.00023962223475688244,0.00051642955619329075,0,0,0,0,0,1,4.273521318348324e-06,0.00013122851364124187,0.0077306733480537069,0.0019890000748265441,-1.5824485190639991e-05
128,11,5,0.19054677752245691,0.036308074424192691,1,-1,1,0,4,9,0.061613436480937644,0.061642251629073629,2.8815148135984125e-05,0.049094021541881055,0.04925797153056672,0.00016394998868566463,0.00035322028850749541,0,0,0,0,0,9,0.061613436480937644,0.061642251629073629,2.8815148135984125e-05,0.049094021541881055,0.04925797153056672,0.00016394998868566463,0.00035322028850749541,0,0,0,0,0,1,5.3626882825401614e-06,9.6977479514229284e-05,0.0065170855198109379,0.0022827380043435428,-2.0843571185897361e-05
128,11,5,0.19054677752245691,0.036308074424192691,1,-1,3,1,1,2724,0.0086763374344731251,0.073952142396105564,0.065275804961632433,0,0.10000000000000001,0.10000000000000001,0.12966300632447306,0,0,1,1,0.00073421439060205576,1638,0.013502334889926618,0.061775119822955776,0.04827278493302916,0.0013030603556763727,0.050166777851901267,0.048863717496224895,0.073087515623886296,0,0,0,0,0,0.95007342143906015,-0.0065605969505659429,0.0011196507934215472,0.023173729837527718,0,0.020498409804384065
128,11,5,0.19054677752245691,0.036308074424192691,-1,1,1,0,1,99,0,0.002904645953935415,0.002904645953935415,0,0.0029103286069617875,0.0029103286069617875,0.0041122159444038388,1,0,1,0,0.020202020202020204,0,nan,nan,nan,nan,nan,nan,0,0,0,0,0,nan,0.010101010101010102,-2.2619868043525712e-09,7.382871296800027e-08,2.1473260437422483e-07,0,7.6081301017734914e-05
128,11,5,0.19054677752245691,0.036308074424192691,-1,1,3,1,1,3890,0.0086763374344731251,0.073952142396105564,0.065275804961632433,0,0.10000000000000001,0.10000000000000001,0.20061360901855141,0,0,1,1,0.00051413881748071976,0,nan,nan,nan,nan,nan,nan,0,0,0,0,0,nan,0.24267352185089974,-0.0084965372352972905,-3.3747872470853519e-05,0.016444990036489124,0,0.033986148941189183
128,11,5,0.19054677752245691,0.036308074424192691,-1,-1,3,1,1,3890,0.0086763374344731251,0.073952142396105564,0.065275804961632433,0,0.10000000000000001,0.10000000000000001,0.20061360901855141,0,0,1,1,0.00051413881748071976,0,nan,nan,nan,nan,nan,nan,0,0,0,0,0,nan,0.24267352185089974,-0.0084965372352972905,-3.3747872470853519e-05,0.0060547662462779967,0,0.033986148941189183
129,2,12,0.19177638519299428,0.036778181917691714,1,1,1,0,1,2697,0.0029422545534153375,0.062462433308850769,0.059520178755435429,0,0.10000000000000001,0.10000000000000001,0.13416199341414123,0,0,1,1,0.0007415647015202076,1845,0.010993995997331552,0.062462433308850769,0.051468437311519219,0.00095154995677918821,0.063775850567044698,0.062824300610265504,0.089390388386050706,0,0,0,0,0,0.68483500185391177,-0.0001853882311173804,0.0011094291138639789,0.014999237228998652,0,0.0033854966450428967
129,2,12,0.19177638519299428,0.036778181917691714,1,1,3,1,1,2723,0.0087884308030961172,0.073991059287446009,0.065202628484349892,0,0.10000000000000001,0.10000000000000001,0.12958474387878499,0,0,1,1,0.00073448402497245681,1631,0.013684239727858885,0.06175878184163907,0.048074542113780185,0.00133422281521014,0.050033355570380252,0.048699132755170113,0.0727859052118974,0,0,0,0,0,0.94932060227690052,-0.006581685944480946,0.0011094291138639789,0.037982176123010136,0,0.020573127735702003
129,2,12,0.19177638519299428,0.036778181917691714,1,-1,1,0,1,9,0.013960129309537083,0.014098023839193409,0.00013789452965632526,0.0013975588967088904,0.0014322222088843828,3.4663312175492369e-05,0.00030402899747258361,0,0,0,0,0,8,0.013960129309537083,0.014098023839193409,0.00013789452965632526,0.0013987809928490188,0.0014322222088843828,3.3441216035364017e-05,0.00030341594458058705,0,0,0,0,0,0.88888888888888884,-5.1666054016526213e-08,5.0770348979575255e-06,0.0014626134445309886,0,3.0186988652754138e-07
129,2,12,0.19177638519299428,0.036778181917691714,1,-1,1,0,2,3177,0.014232020892819931,0.061483668873519873,0.047251647980699946,0.0014612789986604437,0.048283709131430104,0.046822430132769662,0.14331953836977185,0,0,0,0,0,1727,0.014232020892819931,0.061483668873519873,0.047251647980699946,0.0014612789986604437,0.048283709131430104,0.046822430132769662,0.13931781285758135,0,0,0,0,0,0.54359458608750388,-2.44651937207937e-05,0.0011094291138639789,0.012467965247336879,0,0.00033083222496058497
129,2,12,0.19177638519299428,0.036778181917691714,1,-1,1,0,3,13,0.061487920121814629,0.061536333021703415,4.8412899888786165e-05,0.0482961545021003,0.048588882501201462,0.00029272799910116248,0.00063324843244751421,0,0,0,0,0,10,0.061487920121814629,0.061536333021703415,4.8412899888786165e-05,0.048298865910607072,0.048588882501201462,0.00029001659059438994,0.0005172159381631212,0,0,0,0,0,0.76923076923076927,-2.0766033257308614e-06,0.00014428315199883318,0.0077819270565657782,0,1.0184735888086564e-05
129,2,12,0.19177638519299428,0.036778181917691714,1,-1,1,0,4,11,0.061551468550385569,0.061589219092919451,3.7750542533881992e-05,0.048692734854316584,0.048904570007636122,0.00021183515331953812,0.00045744608595953102,0,0,0,0,0,11,0.061551468550385569,0.061589219092919451,3.7750542533881992e-05,0.048692734854316584,0.048904570007636122,0.00021183515331953812,0.00045744608595953102,0,0,0,0,0,1,8.4560705675713668e-07,0.00011580998589876135,0.0070665333757375104,0.00076914425597126169,-2.3663315459743429e-06
129,2,12,0.19177638519299428,0.036778181917691714,1,-1,3,1,1,2723,0.0087884308030961172,0.073991059287446009,0.065202628484349892,0,0.10000000000000001,0.10000000000000001,0.12958474387878499,0,0,1,1,0.00073448402497245681,1631,0.013684239727858885,0.06175878184163907,0.048074542113780185,0.00133422281521014,0.050033355570380252,0.048699132755170113,0.0727859052118974,0,0,0,0,0,0.94932060227690052,-0.006581685944480946,0.0011094291138639789,0.023080037548101767,0,0.020573127735702003
129,2,12,0.19177638519299428,0.036778181917691714,-1,1,1,0,1,101,0,0.0029422545534153375,0.0029422545534153375,0,0.0029480857089947778,0.0029480857089947778,0.0041655410698664365,1,0,1,0,0.019801980198019802,0,nan,nan,nan,nan,nan,nan,0,0,0,0,0,nan,0.0099009900990099011,-3.5238963750404369e-08,0,7.3646804182360054e-08,0,7.8066198873438341e-05
129,2,12,0.19177638519299428,0.036778181917691714,-1,1,3,1,1,3887,0.0087884308030961172,0.073991059287446009,0.065202628484349892,0,0.10000000000000001,0.10000000000000001,0.20036865357301725,0,0,1,1,0.00051453563159248783,0,nan,nan,nan,nan,nan,nan,0,0,0,0,0,nan,0.24311808592745049,-0.0084763675885293072,-3.4627447428373139e-05,0.016510502259056412,0,0.033905470354117298
129,2,12,0.19177638519299428,0.036778181917691714,-1,-1,3,1,1,3887,0.0087884308030961172,0.073991059287446009,0.065202628484349892,0,0.10000000000000001,0.10000000000000001,0.20036865357301725,0,0,1,1,0.00051453563159248783,0,nan,nan,nan,nan,nan,nan,0,0,0,0,0,nan,0.24311808592745049,-0.0084763675885293072,-3.4627447428373139e-05,0.006072662127021294,0,0.033905470354117298
130,12,2,0.19177638519299428,0.036778181917691714,1,1,1,0,1,2697,0.0029422545534153375,0.062462433308850769,0.059520178755435429,0,0.10000000000000001,0.10000000000000001,0.13416199341414123,0,0,1,1,0.0007415647015202076,1845,0.010993995997331552,0.062462433308850769,0.051468437311519219,0.00095154995677918821,0.063775850567044698,0.062824300610265504,0.089390388386050706,0,0,0,0,0,0.68483500185391177,-0.0001853882311173804,0.0011094291138639789,0.014999237228998652,0,0.0033854966450428967
130,12,2,0.19177638519299428,0.036778181917691714,1,1,3,1,1,2723,0.0087884308030961172,0.073991059287446009,0.065202628484349892,0,0.10000000000000001,0.10000000000000001,0.12958474387878499,0,0,1,1,0.00073448402497245681,1631,0.013684239727858885,0.06175878184163907,0.048074542113780185,0.00133422281521014,0.050033355570380252,0.048699132755170113,0.0727859052118974,0,0,0,0,0,0.94932060227690052,-0.006581685944480946,0.0011094291138639789,0.037982176123010136,0,0.020573127735702003
130,12,2,0.19177638519299428,0.036778181917691714,1,-1,1,0,1,9,0.013960129309537083,0.014098023839193409,0.00013789452965632526,0.0013975588967088904,0.0014322222088843828,3.4663312175492369e-05,0.00030402899747258361,0,0,0,0,0,8,0.013960129309537083,0.014098023839193409,0.00013789452965632526,0.0013987809928490188,0.0014322222088843828,3.3441216035364017e-05,0.00030341594458058705,0,0,0,0,0,0.88888888888888884,-5.1666054016526213e-08,5.0770348979575255e-06,0.0014626134445309886,0,3.0186988652754138e-07
130,12,2,0.19177638519299428,0.036778181917691714,1,-1,1,0,2,3177,0.014232020892819931,0.061483668873519873,0.047251647980699946,0.0014612789986604437,0.048283709131430104,0.046822430132769662,0.14331953836977185,0,0,0,0,0,1727,0.014232020892819931,0.061483668873519873,0.047251647980699946,0.0014612789986604437,0.048283709131430104,0.046822430132769662,0.13931781285758135,0,0,0,0,0,0.54359458608750388,-2.44651937207937e-05,0.0011094291138639789,0.012467965247336879,0,0.00033083222496058497
130,12,2,0.19177638519299428,0.036778181917691714,1,-1,1,0,3,13,0.061487920121814629,0.061536333021703415,4.8412899888786165e-05,0.0482961545021003,0.048588882501201462,0.00029272799910116248,0.00063324843244751421,0,0,0,0,0,10,0.061487920121814629,0.061536333021703415,4.8412899888786165e-05,0.048298865910607072,0.048588882501201462,0.00029001659059438994,0.0005172159381631212,0,0,0,0,0,0.76923076923076927,-2.0766033257308614e-06,0.00014428315199883318,0.0077819270565657782,0,1.0184735888086564e-05
130,12,2,0.19177638519299428,0.036778181917691714,1,-1,1,0,4,11,0.061551468550385569,0.061589219092919451,3.7750542533881992e-05,0.048692734854316584,0.048904570007636122,0.00021183515331953812,0.00045744608595953102,0,0,0,0,0,11,0.061551468550385569,0.061589219092919451,3.7750542533881992e-05,0.048692734854316584,0.048904570007636122,0.00021183515331953812,0.00045744608595953102,0,0,0,0,0,1,8.4560705675713668e-07,0.00011580998589876135,0.0070665333757375104,0.00076914425597126169,-2.3663315459743429e-06
130,12,2,0.19177638519299428,0.036778181917691714,1,-1,3,1,1,2723,0.0087884308030961172,0.073991059287446009,0.065202628484349892,0,0.10000000000000001,0.10000000000000001,0.12958474387878499,0,0,1,1,0.00073448402497245681,1631,0.013684239727858885,0.06175878184163907,0.048074542113780185,0.00133422281521014,0.050033355570380252,0.048699132755170113,0.0727859052118974,0,0,0,0,0,0.94932060227690052,-0.006581685944480946,0.0011094291138639789,0.023080037548101767,0,0.020573127735702003
130,12,2,0.19177638519299428,0.036778181917691714,-1,1,1,0,1,101,0,0.0029422545534153375,0.0029422545534153375,0,0.0029480857089947778,0.0029480857089947778,0.0041655410698664365,1,0,1,0,0.019801980198019802,0,nan,nan,nan,nan,nan,nan,0,0,0,0,0,nan,0.0099009900990099011,-3.5238963750404369e-08,0,7.3646804182360054e-08,0,7.8066198873438341e-05
130,12,2,0.19177638519299428,0.036778181917691714,-1,1,3,1,1,3887,0.0087884308030961172,0.073991059287446009,0.065202628484349892,0,0.10000000000000001,0.10000000000000001,0.20036865357301725,0,0,1,1,0.00051453563159248783,0,nan,nan,nan,nan,nan,nan,0,0,0,0,0,nan,0.24311808592745049,-0.0084763675885293072,-3.4627447428373139e-05,0.016510502259056412,0,0.033905470354117298
130,12,2,0.19177638519299428,0.036778181917691714,-1,-1,3,1,1,3887,0.0087884308030961172,0.073991059287446009,0.065202628484349892,0,0.10000000000000001,0.10000000000000001,0.20036865357301725,0,0,1,1,0.00051453563159248783,0,nan,nan,nan,nan,nan,nan,0,0,0,0,0,nan,0.24311808592745049,-0.0084763675885293072,-3.4627447428373139e-05,0.006072662127021294,0,0.033905470354117298
131,7,10,0.19253714892242732,0.037070553715176952,1,1,1,0,1,2697,0.0029656442972141569,0.062462424995620408,0.059496780698406249,0,0.10000000000000001,0.10000000000000001,0.13415170594867359,0,0,1,1,0.0007415647015202076,1845,0.010993995997331554,0.062462424995620408,0.051468428998288851,0.00095243069804873881,0.063709139426284186,0.062756708728235452,0.089337581651199788,0,0,0,0,0,0.68520578420467182,-0.00017806676124112038,0.001103081227691107,0.014913923613804659,0,0.0033696905626630228
131,7,10,0.19253714892242732,0.037070553715176952,1,1,3,1,1,2722,0.008858157735478097,0.074015269131189901,0.0651571113957118,0,0.10000000000000001,0.10000000000000001,0.12953671190999425,0,0,1,1,0.0007347538574577516,1625,0.01382254836557705,0.06173358445411084,0.047911036088533789,0.0013593400086048164,0.049833222148098738,0.048473882139493919,0.072454370096673187,0,0,0,0,0,0.94856722997795739,-0.0065948055301843786,0.001103081227691107,0.03794434523122512,0,0.020619619109368895
131,7,10,0.19253714892242732,0.037070553715176952,1,-1,1,0,1,11,0.014263928674767945,0.014486249279319598,0.00022232060455165334,0.0014622660142898775,0.0015169601319806355,5.4694117690758061e-05,0.00048260727799552343,0,0,0,0,0,11,0.014263928674767945,0.014486249279319598,0.00022232060455165334,0.0014622660142898775,0.0015169601319806355,5.4694117690758061e-05,0.00048260727799552343,0,0,0,0,0,1,2.6333746308914739e-07,8.4800020346837653e-06,0.0019859272048333276,0.00045359664233423524,-8.2299965574756853e-07
131,7,10,0.19253714892242732,0.037070553715176952,1,-1,1,0,2,3163,0.014531497011469857,0.061483524718294248,0.046952027706824391,0.001525080943462113,0.048266827624174787,0.046741746680712674,0.14267806365513563,0,0,0,0,0,1716,0.014531497011469857,0.061483524718294248,0.046952027706824391,0.0015257557769619878,0.048266827624174787,0.046741071847212802,0.13872543279056124,0,0,0,0,0,0.54252292127726842,-2.2326419161983273e-05,0.001103081227691107,0.012459223108433042,0,0.0003272087772646655
131,7,10,0.19253714892242732,0.037070553715176952,1,-1,1,0,3,11,0.061496954678626224,0.061536184681144725,3.9230002518500506e-05,0.048344283412692993,0.048572167295445313,0.0002278838827523208,0.00048096153544522756,0,0,0,0,0,11,0.061496954678626224,0.061536184681144725,3.9230002518500506e-05,0.048344283412692993,0.048572167295445313,0.0002278838827523208,0.00048096153544522756,0,0,0,0,0,1,1.8967141202032143e-05,0.00013469349648690209,0.008673688756105807,0.004323575572714118,-7.4773222931880852e-05
131,7,10,0.19253714892242732,0.037070553715176952,1,-1,1,0,4,9,0.06155411662487166,0.061589104723946096,3.4988099074435841e-05,0.048693468107842801,0.048888597733674648,0.0001951296258318469,0.00042180888462536002,0,0,0,0,0,8,0.06155411662487166,0.061588829990797428,3.471336592576757e-05,0.048693468107842801,0.048888597733674648,0.0001951296258318469,0.00042165117965731484,0,0,0,0,0,0.88888888888888884,-1.28786769004352e-06,0.00010609252907529047,0.0059776152265244801,0,6.024210376366768e-06
131,7,10,0.19253714892242732,0.037070553715176952,1,-1,3,1,1,2722,0.008858157735478097,0.074015269131189901,0.0651571113957118,0,0.10000000000000001,0.10000000000000001,0.12953671190999425,0,0,1,1,0.0007347538574577516,1625,0.01382254836557705,0.06173358445411084,0.047911036088533789,0.0013593400086048164,0.049833222148098738,0.048473882139493919,0.072454370096673187,0,0,0,0,0,0.94856722997795739,-0.0065948055301843786,0.001103081227691107,0.023018965867857222,0,0.020619619109368895
131,7,10,0.19253714892242732,0.037070553715176952,-1,1,1,0,1,101,0,0.0029656442972141569,0.0029656442972141569,0,0.0029715694123522976,0.0029715694123522976,0.0041987088577771269,1,0,1,0,0.019801980198019802,0,nan,nan,nan,nan,nan,nan,0,0,0,0,0,nan,0,-2.6604939445727487e-09,9.3683812420455919e-08,0,0,7.9313596876428726e-05
131,7,10,0.19253714892242732,0.037070553715176952,-1,1,3,1,1,3882,0.008858157735478097,0.074015269131189901,0.0651571113957118,0,0.10000000000000001,0.10000000000000001,0.20021770667305142,0,0,1,1,0.00051519835136527566,0,nan,nan,nan,nan,nan,nan,0,0,0,0,0,nan,0.243946419371458,-0.0084638191210184496,-3.518018439039538e-05,0.016547382582561866,0,0.033855276484073805
131,7,10,0.19253714892242732,0.037070553715176952,-1,-1,3,1,1,3882,0.008858157735478097,0.074015269131189901,0.0651571113957118,0,0.10000000000000001,0.10000000000000001,0.20021770667305142,0,0,1,1,0.00051519835136527566,0,nan,nan,nan,nan,nan,nan,0,0,0,0,0,nan,0.243946419371458,-0.0084638191210184496,-3.518018439039538e-05,0.0060836778231711051,0,0.033855276484073805
132,10,7,0.19253714892242732,0.037070553715176952,1,1,1,0,1,2697,0.0029656442972141569,0.062462424995620408,0.059496780698406249,0,0.10000000000000001,0.10000000000000001,0.13415170594867359,0,0,1,1,0.0007415647015202076,1845,0.010993995997331554,0.062462424995620408,0.051468428998288851,0.00095243069804873881,0.063709139426284186,0.062756708728235452,0.089337581651199788,0,0,0,0,0,0.68520578420467182,-0.00017806676124112038,0.001103081227691107,0.014913923613804659,0,0.0033696905626630228
132,10,7,0.19253714892242732,0.037070553715176952,1,1,3,1,1,2722,0.008858157735478097,0.074015269131189901,0.0651571113957118,0,0.10000000000000001,0.10000000000000001,0.12953671190999425,0,0,1,1,0.0007347538574577516,1625,0.01382254836557705,0.06173358445411084,0.047911036088533789,0.0013593400086048164,0.049833222148098738,0.048473882139493919,0.072454370096673187,0,0,0,0,0,0.94856722997795739,-0.0065948055301843786,0.001103081227691107,0.03794434523122512,0,0.020619619109368895
132,10,7,0.19253714892242732,0.037070553715176952,1,-1,1,0,1,11,0.014263928674767945,0.014486249279319598,0.00022232060455165334,0.0014622660142898775,0.0015169601319806355,5.4694117690758061e-05,0.00048260727799552343,0,0,0,0,0,11,0.014263928674767945,0.014486249279319598,0.00022232060455165334,0.0014622660142898775,0.0015169601319806355,5.4694117690758061e-05,0.00048260727799552343,0,0,0,0,0,1,2.6333746308914739e-07,8.4800020346837653e-06,0.0019859272048333276,0.00045359664233423524,-8.2299965574756853e-07
132,10,7,0.19253714892242732,0.037070553715176952,1,-1,1,0,2,3163,0.014531497011469857,0.061483524718294248,0.046952027706824391,0.001525080943462113,0.048266827624174787,0.046741746680712674,0.14267806365513563,0,0,0,0,0,1716,0.014531497011469857,0.061483524718294248,0.046952027706824391,0.0015257557769619878,0.048266827624174787,0.046741071847212802,0.13872543279056124,0,0,0,0,0,0.54252292127726842,-2.2326419161983273e-05,0.001103081227691107,0.012459223108433042,0,0.0003272087772646655
132,10,7,0.19253714892242732,0.037070553715176952,1,-1,1,0,3,11,0.061496954678626224,0.061536184681144725,3.9230002518500506e-05,0.048344283412692993,0.048572167295445313,0.0002278838827523208,0.00048096153544522756,0,0,0,0,0,11,0.061496954678626224,0.061536184681144725,3.9230002518500506e-05,0.048344283412692993,0.048572167295445313,0.0002278838827523208,0.00048096153544522756,0,0,0,0,0,1,1.8967141202032143e-05,0.00013469349648690209,0.008673688756105807,0.004323575572714118,-7.4773222931880852e-05
132,10,7,0.19253714892242732,0.037070553715176952,1,-1,1,0,4,9,0.06155411662487166,0.061589104723946096,3.4988099074435841e-05,0.048693468107842801,0.048888597733674648,0.0001951296258318469,0.00042180888462536002,0,0,0,0,0,8,0.06155411662487166,0.061588829990797428,3.471336592576757e-05,0.048693468107842801,0.048888597733674648,0.0001951296258318469,0.00042165117965731484,0,0,0,0,0,0.88888888888888884,-1.28786769004352e-06,0.00010609252907529047,0.0059776152265244801,0,6.024210376366768e-06
132,10,7,0.19253714892242732,0.037070553715176952,1,-1,3,1,1,2722,0.008858157735478097,0.074015269131189901,0.0651571113957118,0,0.10000000000000001,0.10000000000000001,0.12953671190999425,0,0,1,1,0.0007347538574577516,1625,0.01382254836557705,0.06173358445411084,0.047911036088533789,0.0013593400086048164,0.049833222148098738,0.048473882139493919,0.072454370096673187,0,0,0,0,0,0.94856722997795739,-0.0065948055301843786,0.001103081227691107,0.023018965867857222,0,0.020619619109368895
132,10,7,0.19253714892242732,0.037070553715176952,-1,1,1,0,1,101,0,0.0029656442972141569,0.0029656442972141569,0,0.0029715694123522976,0.0029715694123522976,0.0041987088577771269,1,0,1,0,0.019801980198019802,0,nan,nan,nan,nan,nan,nan,0,0,0,0,0,nan,0,-2.6604939445727487e-09,9.3683812420455919e-08,0,0,7.9313596876428726e-05
132,10,7,0.19253714892242732,0.037070553715176952,-1,1,3,1,1,3882,0.008858157735478097,0.074015269131189901,0.0651571113957118,0,0.10000000000000001,0.10000000000000001,0.20021770667305142,0,0,1,1,0.00051519835136527566,0,nan,nan,nan,nan,nan,nan,0,0,0,0,0,nan,0.243946419371458,-0.0084638191210184496,-3.518018439039538e-05,0.016547382582561866,0,0.033855276484073805
132,10,7,0.19253714892242732,0.037070553715176952,-1,-1,3,1,1,3882,0.008858157735478097,0.074015269131189901,0.0651571113957118,0,0.10000000000000001,0.10000000000000001,0.20021770667305142,0,0,1,1,0.00051519835136527566,0,nan,nan,nan,nan,nan,nan,0,0,0,0,0,nan,0.243946419371458,-0.0084638191210184496,-3.518018439039538e-05,0.0060836778231711051,0,0.033855276484073805
133,3,12,0.1949973748570786,0.038023976201152034,1,1,1,0,1,2696,0.0030419180960921627,0.062462403440025897,0.059420485343933738,0,0.10000000000000001,0.10000000000000001,0.13411363737369467,0,0,1,1,0.00074183976261127599,1826,0.0114209472981988,0.062462403440025897,0.051041456141827098,0.0010131131436955333,0.062908605737158105,0.061895492593462574,0.088154836832291056,0,0,0,0,0,0.67804154302670627,-0.00015779741407943182,0.0010823980831608929,0.014651422022837524,0,0.0033304592780179316
133,3,12,0.1949973748570786,0.038023976201152034,1,1,3,1,1,2718,0.009085608310372275,0.074094271352095009,0.065008663041722731,0,0.10000000000000001,0.10000000000000001,0.12937763239600242,0,0,1,1,0.00073583517292126564,1610,0.014196130753835891,0.06168056240194985,0.047484431648113959,0.0014246242684405703,0.04943295530353569,0.048008331035095123,0.071706436153974387,0,0,0,0,0,0.94518027961736573,-0.0066376161284457981,0.0010823980831608929,0.037905823136845158,0,0.020771371364635888
133,3,12,0.1949973748570786,0.038023976201152034,1,-1,1,0,1,11,0.014634708884427692,0.014851961080199722,0.00021725219577202991,0.0015290252167225471,0.0015853821014110328,5.6356884688485692e-05,0.00047972201376834733,0,0,0,0,0,10,0.014634708884427692,0.014851961080199722,0.00021725219577202991,0.0015300683956316543,0.0015853821014110328,5.5313705779378494e-05,0.00047894892675097038,0,0,0,0,0,0.90909090909090906,-5.8048889519387805e-08,8.5057691933429352e-06,0.0019090939203747831,0,4.6975643981925735e-07
133,3,12,0.1949973748570786,0.038023976201152034,1,-1,1,0,2,3123,0.01489717197834509,0.061377507559607698,0.046480335581262605,0.0015925871869109682,0.04762744781397673,0.046034860627065764,0.14066579211341879,0,0,0,0,0,1688,0.01489717197834509,0.061377411312465241,0.046480239334120155,0.0015933236723116979,0.04762744781397673,0.04603412414166503,0.1367017901934279,0,0,0,0,0,0.54050592379122642,-2.4787937681368249e-05,0.0010823980831608929,0.01236462816444979,0,0.00031537654638148072
133,3,12,0.1949973748570786,0.038023976201152034,1,-1,1,0,3,13,0.061374978355462351,0.061430200082032559,5.5221726570207907e-05,0.047615886075244931,0.047915471742772997,0.00029958566752806559,0.00064336078110147305,0,0,0,0,0,13,0.061374978355462351,0.061430200082032559,5.5221726570207907e-05,0.047615886075244931,0.047915471742772997,0.00029958566752806559,0.00064336078110147305,0,0,0,0,0,1,1.5866234436732658e-05,0.00016271969996849397,0.0094267153870676041,0.0039245595422644193,-6.1608670403114841e-05
133,3,12,0.1949973748570786,0.038023976201152034,1,-1,1,0,4,11,0.061435765785159115,0.061483065699591936,4.7299914432821777e-05,0.04795710685208094,0.048212492325567249,0.00025538547348630952,0.00055290607739149039,0,0,0,0,0,11,0.061435765785159115,0.061483065699591936,4.7299914432821777e-05,0.04795710685208094,0.048212492325567249,0.00025538547348630952,0.00055290607739149039,0,0,0,0,0,1,2.708994591764638e-06,0.00013577263129697538,0.0077483179576459246,0.0015312220340862493,-9.3785636706849219e-06
133,3,12,0.1949973748570786,0.038023976201152034,1,-1,1,0,5,9,0.061506050426708259,0.061535713498220221,2.9663071511962236e-05,0.048357958644812099,0.048519454373970573,0.00016149572915847427,0.00034739522214239185,0,0,0,0,0,9,0.061506050426708259,0.061535713498220221,2.9663071511962236e-05,0.048357958644812099,0.048519454373970573,0.00016149572915847427,0.00034739522214239185,0,0,0,0,0,1,1.598495147532773e-05,0.00010274806681558261,0.0073432663232295059,0.0039803986647992074,-6.337429412294126e-05
133,3,12,0.1949973748570786,0.038023976201152034,1,-1,3,1,1,2718,0.009085608310372275,0.074094271352095009,0.065008663041722731,0,0.10000000000000001,0.10000000000000001,0.12937763239600242,0,0,1,1,0.00073583517292126564,1610,0.014196130753835891,0.06168056240194985,0.047484431648113959,0.0014246242684405703,0.04943295530353569,0.048008331035095123,0.071706436153974387,0,0,0,0,0,0.94518027961736573,-0.0066376161284457981,0.0010823980831608929,0.022845087989821586,0,0.020771371364635888
133,3,12,0.1949973748570786,0.038023976201152034,-1,1,1,0,1,103,0,0.0030419180960921627,0.0030419180960921627,0,0.0030481533628770301,0.0030481533628770301,0.0043068774778036722,1,0,1,0,0.019417475728155338,0,nan,nan,nan,nan,nan,nan,0,0,0,0,0,nan,0,-1.6936119176256593e-09,1.6740694013049184e-10,0,0,8.345013350226081e-05
133,3,12,0.1949973748570786,0.038023976201152034,-1,1,3,1,1,3874,0.009085608310372275,0.074094271352095009,0.065008663041722731,0,0.10000000000000001,0.10000000000000001,0.19975899424633117,0,0,1,1,0.00051626226122870422,0,nan,nan,nan,nan,nan,nan,0,0,0,0,0,nan,0.24522457408363449,-0.0084228977411059495,-3.7013062813331867e-05,0.016686154067365112,0,0.033691590964423812
133,3,12,0.1949973748570786,0.038023976201152034,-1,-1,3,1,1,3874,0.009085608310372275,0.074094271352095009,0.065008663041722731,0,0.10000000000000001,0.10000000000000001,0.19975899424633117,0,0,1,1,0.00051626226122870422,0,nan,nan,nan,nan,nan,nan,0,0,0,0,0,nan,0.24522457408363449,-0.0084228977411059495,-3.7013062813331867e-05,0.0061213021091538295,0,0.033691590964423812
134,12,3,0.1949973748570786,0.038023976201152034,1,1,1,0,1,2696,0.0030419180960921627,0.062462403440025897,0.059420485343933738,0,0.10000000000000001,0.10000000000000001,0.13411363737369467,0,0,1,1,0.00074183976261127599,1826,0.0114209472981988,0.062462403440025897,0.051041456141827098,0.0010131131436955333,0.062908605737158105,0.061895492593462574,0.088154836832291056,0,0,0,0,0,0.67804154302670627,-0.00015779741407943182,0.0010823980831608929,0.014651422022837524,0,0.0033304592780179316
134,12,3,0.1949973748570786,0.038023976201152034,1,1,3,1,1,2718,0.009085608310372275,0.074094271352095009,0.065008663041722731,0,0.10000000000000001,0.10000000000000001,0.12937763239600242,0,0,1,1,0.00073583517292126564,1610,0.014196130753835891,0.06168056240194985,0.047484431648113959,0.0014246242684405703,0.04943295530353569,0.048008331035095123,0.071706436153974387,0,0,0,0,0,0.94518027961736573,-0.0066376161284457981,0.0010823980831608929,0.037905823136845158,0,0.020771371364635888
134,12,3,0.1949973748570786,0.038023976201152034,1,-1,1,0,1,11,0.014634708884427692,0.014851961080199722,0.00021725219577202991,0.0015290252167225471,0.0015853821014110328,5.6356884688485692e-05,0.00047972201376834733,0,0,0,0,0,10,0.014634708884427692,0.014851961080199722,0.00021725219577202991,0.0015300683956316543,0.0015853821014110328,5.5313705779378494e-05,0.00047894892675097038,0,0,0,0,0,0.90909090909090906,-5.8048889519387805e-08,8.5057691933429352e-06,0.0019090939203747831,0,4.6975643981925735e-07
134,12,3,0.1949973748570786,0.038023976201152034,1,-1,1,0,2,3123,0.01489717197834509,0.061377507559607698,0.046480335581262605,0.0015925871869109682,0.04762744781397673,0.046034860627065764,0.14066579211341879,0,0,0,0,0,1688,0.01489717197834509,0.061377411312465241,0.046480239334120155,0.0015933236723116979,0.04762744781397673,0.04603412414166503,0.1367017901934279,0,0,0,0,0,0.54050592379122642,-2.4787937681368249e-05,0.0010823980831608929,0.01236462816444979,0,0.00031537654638148072
134,12,3,0.1949973748570786,0.038023976201152034,1,-1,1,0,3,13,0.061374978355462351,0.061430200082032559,5.5221726570207907e-05,0.047615886075244931,0.047915471742772997,0.00029958566752806559,0.00064336078110147305,0,0,0,0,0,13,0.061374978355462351,0.061430200082032559,5.5221726570207907e-05,0.047615886075244931,0.047915471742772997,0.00029958566752806559,0.00064336078110147305,0,0,0,0,0,1,1.5866234436732658e-05,0.00016271969996849397,0.0094267153870676041,0.0039245595422644193,-6.1608670403114841e-05
134,12,3,0.1949973748570786,0.038023976201152034,1,-1,1,0,4,11,0.061435765785159115,0.061483065699591936,4.7299914432821777e-05,0.04795710685208094,0.048212492325567249,0.00025538547348630952,0.00055290607739149039,0,0,0,0,0,11,0.061435765785159115,0.061483065699591936,4.7299914432821777e-05,0.04795710685208094,0.048212492325567249,0.00025538547348630952,0.00055290607739149039,0,0,0,0,0,1,2.708994591764638e-06,0.00013577263129697538,0.0077483179576459246,0.0015312220340862493,-9.3785636706849219e-06
134,12,3,0.1949973748570786,0.038023976201152034,1,-1,1,0,5,9,0.061506050426708259,0.061535713498220221,2.9663071511962236e-05,0.048357958644812099,0.048519454373970573,0.00016149572915847427,0.00034739522214239185,0,0,0,0,0,9,0.061506050426708259,0.061535713498220221,2.9663071511962236e-05,0.048357958644812099,0.048519454373970573,0.00016149572915847427,0.00034739522214239185,0,0,0,0,0,1,1.598495147532773e-05,0.00010274806681558261,0.0073432663232295059,0.0039803986647992074,-6.337429412294126e-05
134,12,3,0.1949973748570786,0.038023976201152034,1,-1,3,1,1,2718,0.009085608310372275,0.074094271352095009,0.065008663041722731,0,0.10000000000000001,0.10000000000000001,0.12937763239600242,0,0,1,1,0.00073583517292126564,1610,0.014196130753835891,0.06168056240194985,0.047484431648113959,0.0014246242684405703,0.04943295530353569,0.048008331035095123,0.071706436153974387,0,0,0,0,0,0.94518027961736573,-0.0066376161284457981,0.0010823980831608929,0.022845087989821586,0,0.020771371364635888
134,12,3,0.1949973748570786,0.038023976201152034,-1,1,1,0,1,103,0,0.0030419180960921627,0.0030419180960921627,0,0.0030481533628770301,0.0030481533628770301,0.0043068774778036722,1,0,1,0,0.019417475728155338,0,nan,nan,nan,nan,nan,nan,0,0,0,0,0,nan,0,-1.6936119176256593e-09,1.6740694013049184e-10,0,0,8.345013350226081e-05
134,12,3,0.1949973748570786,0.038023976201152034,-1,1,3,1,1,3874,0.009085608310372275,0.074094271352095009,0.065008663041722731,0,0.10000000000000001,0.10000000000000001,0.19975899424633117,0,0,1,1,0.00051626226122870422,0,nan,nan,nan,nan,nan,nan,0,0,0,0,0,nan,0.24522457408363449,-0.0084228977411059495,-3.7013062813331867e-05,0.016686154067365112,0,0.033691590964423812
134,12,3,0.1949973748570786,0.038023976201152034,-1,-1,3,1,1,3874,0.009085608310372275,0.074094271352095009,0.065008663041722731,0,0.10000000000000001,0.10000000000000001,0.19975899424633117,0,0,1,1,0.00051626226122870422,0,nan,nan,nan,nan,nan,nan,0,0,0,0,0,nan,0.24522457408363449,-0.0084228977411059495,-3.7013062813331867e-05,0.0061213021091538295,0,0.033691590964423812
135,6,11,0.19760083531596523,0.039046090117567211,1,1,1,0,1,2694,0.0031236872094053776,0.062462388981918651,0.059338701772513276,0,0.10000000000000001,0.10000000000000001,0.13406554865973958,0,0,1,1,0.00074239049740163323,1786,0.011901267511674449,0.062430792839420712,0.050529525327746266,0.0010894992257742472,0.059973315543695796,0.058883816317921549,0.08476825117465045,0,0,0,0,0,0.66369710467706011,-0.00014024475890792238,0.0010602666144206979,0.014378644023481716,0,0.0033027211970637692
135,6,11,0.19760083531596523,0.039046090117567211,1,1,3,1,1,2716,0.0093295540908691094,0.074179039352013157,0.064849485261144049,0,0.10000000000000001,0.10000000000000001,0.12920894886888845,0,0,1,1,0.00073637702503681884,1594,0.014623082054703135,0.061625876545875091,0.047002794491171958,0.0015028738733247225,0.049032688458972649,0.04752981458564793,0.070905767146655474,0,0,0,0,0,0.94366715758468334,-0.0066835514298080202,0.0010602666144206979,0.037791035571433512,0,0.020934279302775138
135,6,11,0.19760083531596523,0.039046090117567211,1,-1,1,0,1,11,0.015007326623741249,0.015220770964599777,0.0002134443408585273,0.0015959238056647237,0.0016533555071592322,5.7431701494508464e-05,0.000477495488200857,0,0,0,0,0,9,0.015007326623741249,0.015210140093395597,0.000202813469654348,0.0015969419248530422,0.0016533555071592322,5.6413582306189978e-05,0.00043660695909266399,0,0,0,0,0,0.81818181818181823,-6.9713499212275916e-07,8.1213083311784287e-06,0.0017605317273995285,0,3.0280491124624172e-06
135,6,11,0.19760083531596523,0.039046090117567211,1,-1,1,0,2,3095,0.015264841127078464,0.06132404895097459,0.046059207823896123,0.0016596092667379365,0.047287623066187119,0.045628013799449182,0.13927377547478181,0,0,0,0,0,1680,0.015264841127078464,0.06132404895097459,0.046059207823896123,0.0016603477375244776,0.047287623066187119,0.045627275328662641,0.13559008999629268,0,0,0,0,0,0.54281098546042006,-2.3054671337260837e-05,0.0010602666144206979,0.012258880438721181,0,0.00030299066380245289
135,6,11,0.19760083531596523,0.039046090117567211,1,-1,1,0,3,13,0.061322725768339574,0.061376820750200088,5.4094981860514091e-05,0.04728181821092417,0.047568241942494476,0.00028642373157030526,0.00061562981276045759,0,0,0,0,0,13,0.061322725768339574,0.061376820750200088,5.4094981860514091e-05,0.04728181821092417,0.047568241942494476,0.00028642373157030526,0.00061562981276045759,0,0,0,0,0,1,1.6960116195855248e-05,0.00015693474569969287,0.009352812011396823,0.0040665956152378564,-6.6148799591487034e-05
135,6,11,0.19760083531596523,0.039046090117567211,1,-1,1,0,4,11,0.061384998243670816,0.061429663491669485,4.4665247998669499e-05,0.047622917541240546,0.047857643369039499,0.00023472582779895251,0.00050837599412355662,0,0,0,0,0,11,0.061384998243670816,0.061429663491669485,4.4665247998669499e-05,0.047622917541240546,0.047857643369039499,0.00023472582779895251,0.00050837599412355662,0,0,0,0,0,1,8.7718320455716402e-06,0.00013028827131805607,0.0080331516572375774,0.0029100501466774909,-3.3873567424710739e-05
135,6,11,0.19760083531596523,0.039046090117567211,1,-1,1,0,5,9,0.061445452391514874,0.061482591331463846,3.7138939948971883e-05,0.047959832600660349,0.048155936483346248,0.00019610388268589962,0.00042620886007217648,0,0,0,0,0,6,0.061445452391514874,0.061482186839141396,3.6734447626522726e-05,0.047965310206804543,0.048155936483346248,0.0001906262765417055,0.000317834232677968,0,0,0,0,0,0.66666666666666663,-4.5253186491367042e-06,0.00010258650732316737,0.0056817770111904538,0,1.8999373102205336e-05
135,6,11,0.19760083531596523,0.039046090117567211,1,-1,3,1,1,2716,0.0093295540908691094,0.074179039352013157,0.064849485261144049,0,0.10000000000000001,0.10000000000000001,0.12920894886888845,0,0,1,1,0.00073637702503681884,1594,0.014623082054703135,0.061625876545875091,0.047002794491171958,0.0015028738733247225,0.049032688458972649,0.04752981458564793,0.070905767146655474,0,0,0,0,0,0.94366715758468334,-0.0066835514298080202,0.0010602666144206979,0.022628368012031705,0,0.020934279302775138
135,6,11,0.19760083531596523,0.039046090117567211,-1,1,1,0,1,106,0,0.0031236872094053776,0.0031236872094053776,0,0.0031302634099626843,0.0031302634099626843,0.0044228662302978105,1,0,1,0,0.018867924528301886,0,nan,nan,nan,nan,nan,nan,0,0,0,0,0,nan,0.009433962264150943,-4.003525700458407e-09,1.4438632670394494e-07,1.7576543015064236e-07,0,8.8001709330524683e-05
135,6,11,0.19760083531596523,0.039046090117567211,-1,1,3,1,1,3876,0.0093295540908691094,0.074179039352013157,0.064849485261144049,0,0.10000000000000001,0.10000000000000001,0.19972875881332325,0,0,1,1,0.00051599587203302369,0,nan,nan,nan,nan,nan,nan,0,0,0,0,0,nan,0.24845201238390094,-0.0083790033437864848,-3.9029687128810998e-05,0.016761456224003757,0,0.033516013375145995
135,6,11,0.19760083531596523,0.039046090117567211,-1,-1,3,1,1,3876,0.0093295540908691094,0.074179039352013157,0.064849485261144049,0,0.10000000000000001,0.10000000000000001,0.19972875881332325,0,0,1,1,0.00051599587203302369,0,nan,nan,nan,nan,nan,nan,0,0,0,0,0,nan,0.24845201238390094,-0.0083790033437864848,-3.9029687128810998e-05,0.0061382012587563109,0,0.033516013375145995
136,11,6,0.19760083531596523,0.039046090117567211,1,1,1,0,1,2694,0.0031236872094053776,0.062462388981918651,0.059338701772513276,0,0.10000000000000001,0.10000000000000001,0.13406554865973958,0,0,1,1,0.00074239049740163323,1786,0.011901267511674449,0.062430792839420712,0.050529525327746266,0.0010894992257742472,0.059973315543695796,0.058883816317921549,0.08476825117465045,0,0,0,0,0,0.66369710467706011,-0.00014024475890792238,0.0010602666144206979,0.014378644023481716,0,0.0033027211970637692
136,11,6,0.19760083531596523,0.039046090117567211,1,1,3,1,1,2716,0.0093295540908691094,0.074179039352013157,0.064849485261144049,0,0.10000000000000001,0.10000000000000001,0.12920894886888845,0,0,1,1,0.00073637702503681884,1594,0.014623082054703135,0.061625876545875091,0.047002794491171958,0.0015028738733247225,0.049032688458972649,0.04752981458564793,0.070905767146655474,0,0,0,0,0,0.94366715758468334,-0.0066835514298080202,0.0010602666144206979,0.037791035571433512,0,0.020934279302775138
136,11,6,0.19760083531596523,0.039046090117567211,1,-1,1,0,1,11,0.015007326623741249,0.015220770964599777,0.0002134443408585273,0.0015959238056647237,0.0016533555071592322,5.7431701494508464e-05,0.000477495488200857,0,0,0,0,0,9,0.015007326623741249,0.015210140093395597,0.000202813469654348,0.0015969419248530422,0.0016533555071592322,5.6413582306189978e-05,0.00043660695909266399,0,0,0,0,0,0.81818181818181823,-6.9713499212275916e-07,8.1213083311784287e-06,0.0017605317273995285,0,3.0280491124624172e-06
136,11,6,0.19760083531596523,0.039046090117567211,1,-1,1,0,2,3095,0.015264841127078464,0.06132404895097459,0.046059207823896123,0.0016596092667379365,0.047287623066187119,0.045628013799449182,0.13927377547478181,0,0,0,0,0,1680,0.015264841127078464,0.06132404895097459,0.046059207823896123,0.0016603477375244776,0.047287623066187119,0.045627275328662641,0.13559008999629268,0,0,0,0,0,0.54281098546042006,-2.3054671337260837e-05,0.0010602666144206979,0.012258880438721181,0,0.00030299066380245289
136,11,6,0.19760083531596523,0.039046090117567211,1,-1,1,0,3,13,0.061322725768339574,0.061376820750200088,5.4094981860514091e-05,0.04728181821092417,0.047568241942494476,0.00028642373157030526,0.00061562981276045759,0,0,0,0,0,13,0.061322725768339574,0.061376820750200088,5.4094981860514091e-05,0.04728181821092417,0.047568241942494476,0.00028642373157030526,0.00061562981276045759,0,0,0,0,0,1,1.6960116195855248e-05,0.00015693474569969287,0.009352812011396823,0.0040665956152378564,-6.6148799591487034e-05
136,11,6,0.19760083531596523,0.039046090117567211,1,-1,1,0,4,11,0.061384998243670816,0.061429663491669485,4.4665247998669499e-05,0.047622917541240546,0.047857643369039499,0.00023472582779895251,0.00050837599412355662,0,0,0,0,0,11,0.061384998243670816,0.061429663491669485,4.4665247998669499e-05,0.047622917541240546,0.047857643369039499,0.00023472582779895251,0.00050837599412355662,0,0,0,0,0,1,8.7718320455716402e-06,0.00013028827131805607,0.0080331516572375774,0.0029100501466774909,-3.3873567424710739e-05
136,11,6,0.19760083531596523,0.039046090117567211,1,-1,1,0,5,9,0.061445452391514874,0.061482591331463846,3.7138939948971883e-05,0.047959832600660349,0.048155936483346248,0.00019610388268589962,0.00042620886007217648,0,0,0,0,0,6,0.061445452391514874,0.061482186839141396,3.6734447626522726e-05,0.047965310206804543,0.048155936483346248,0.0001906262765417055,0.000317834232677968,0,0,0,0,0,0.66666666666666663,-4.5253186491367042e-06,0.00010258650732316737,0.0056817770111904538,0,1.8999373102205336e-05
136,11,6,0.19760083531596523,0.039046090117567211,1,-1,3,1,1,2716,0.0093295540908691094,0.074179039352013157,0.064849485261144049,0,0.10000000000000001,0.10000000000000001,0.12920894886888845,0,0,1,1,0.00073637702503681884,1594,0.014623082054703135,0.061625876545875091,0.047002794491171958,0.0015028738733247225,0.049032688458972649,0.04752981458564793,0.070905767146655474,0,0,0,0,0,0.94366715758468334,-0.0066835514298080202,0.0010602666144206979,0.022628368012031705,0,0.020934279302775138
136,11,6,0.19760083531596523,0.039046090117567211,-1,1,1,0,1,106,0,0.0031236872094053776,0.0031236872094053776,0,0.0031302634099626843,0.0031302634099626843,0.0044228662302978105,1,0,1,0,0.018867924528301886,0,nan,nan,nan,nan,nan,nan,0,0,0,0,0,nan,0.009433962264150943,-4.003525700458407e-09,1.4438632670394494e-07,1.7576543015064236e-07,0,8.8001709330524683e-05
136,11,6,0.19760083531596523,0.039046090117567211,-1,1,3,1,1,3876,0.0093295540908691094,0.074179039352013157,0.064849485261144049,0,0.10000000000000001,0.10000000000000001,0.19972875881332325,0,0,1,1,0.00051599587203302369,0,nan,nan,nan,nan,nan,nan,0,0,0,0,0,nan,0.24845201238390094,-0.0083790033437864848,-3.9029687128810998e-05,0.016761456224003757,0,0.033516013375145995
136,11,6,0.19760083531596523,0.039046090117567211,-1,-1,3,1,1,3876,0.0093295540908691094,0.074179039352013157,0.064849485261144049,0,0.10000000000000001,0.10000000000000001,0.19972875881332325,0,0,1,1,0.00051599587203302369,0,nan,nan,nan,nan,nan,nan,0,0,0,0,0,nan,0.24845201238390094,-0.0083790033437864848,-3.9029687128810998e-05,0.0061382012587563109,0,0.033516013375145995
137,4,12,0.19941828779490742,0.039767653507052518,1,1,1,0,1,2693,0.003181412280564201,0.062462383639584229,0.059280971359020031,0,0.10000000000000001,0.10000000000000001,0.13405316864200834,0,0,1,1,0.00074266617155588561,1773,0.011901267511674449,0.062432029466723105,0.050530761955048659,0.0010907880015855148,0.0600400266844563,0.058949238682870789,0.084853207218223675,0,0,0,0,0,0.65911622725584851,-0.00012963468427107028,0.0010446665874288877,0.014186582681102485,0,0.0032892796934910836
137,4,12,0.19941828779490742,0.039767653507052518,1,1,3,1,1,2713,0.0095018296518143766,0.074238931848351578,0.064737102196537194,0,0.10000000000000002,0.10000000000000002,0.12909160552968774,0,0,1,1,0.00073719130114264651,1584,0.014943295530353569,0.061598729370024898,0.046655433839671329,0.0015641463598890458,0.048832555036691122,0.047268408676802078,0.070404069312141437,0,0,0,0,0,0.94213048286030221,-0.0067160062974159218,0.0010446665874288877,0.03777929607426897,0,0.021049428456190955
137,4,12,0.19941828779490742,0.039767653507052518,1,-1,1,0,1,11,0.015342213590767168,0.015546233647385565,0.00020402005661839667,0.0016627732642306792,0.0017170739597107394,5.4300695480060225e-05,0.00045114174190579034,0,0,0,0,0,11,0.015342213590767168,0.015546233647385565,0.00020402005661839667,0.0016627732642306792,0.0017170739597107394,5.4300695480060225e-05,0.00045114174190579034,0,0,0,0,0,1,1.6512485253098236e-07,8.603520328265394e-06,0.0020053495629622138,0.00033542737533166935,-4.5004609648757028e-07
137,4,12,0.19941828779490742,0.039767653507052518,1,-1,1,0,2,3081,0.015595425416325397,0.061323621496371959,0.045728196080046565,0.0017262962599059459,0.047246034111172466,0.04551973785126652,0.13854913668210833,0,0,0,0,0,1678,0.015595425416325397,0.061323621496371959,0.045728196080046565,0.0017270228373382677,0.047246034111172466,0.045519011273834196,0.13491996072084539,0,0,0,0,0,0.54462836741317755,-2.3951332748452894e-05,0.0010446665874288877,0.012177735661179218,0,0.0002944049890462569
137,4,12,0.19941828779490742,0.039767653507052518,1,-1,1,0,3,11,0.061329981923654998,0.061376421701050864,4.6439777395865245e-05,0.047288019621635161,0.047527711342070011,0.00023969172043485087,0.00051910363003577142,0,0,0,0,0,11,0.061329981923654998,0.061376421701050864,4.6439777395865245e-05,0.047288019621635161,0.047527711342070011,0.00023969172043485087,0.00051910363003577142,0,0,0,0,0,1,1.1996403412028136e-05,0.00013406845904171923,0.0082868303068296938,0.0034183085349807824,-4.6739332961289847e-05
137,4,12,0.19941828779490742,0.039767653507052518,1,-1,1,0,4,9,0.061392071804045892,0.061429298859949542,3.7227055903650552e-05,0.047625471940512247,0.047817771190455792,0.00019229924994354497,0.00041801103297161571,0,0,0,0,0,9,0.061392071804045892,0.061429298859949542,3.7227055903650552e-05,0.047625471940512247,0.047817771190455792,0.00019229924994354497,0.00041801103297161571,0,0,0,0,0,1,3.7331403337976047e-06,0.00010676774415468244,0.0066618294382014527,0.0018768118908225797,-1.4089691494132106e-05
137,4,12,0.19941828779490742,0.039767653507052518,1,-1,3,1,1,2713,0.0095018296518143766,0.074238931848351578,0.064737102196537194,0,0.10000000000000002,0.10000000000000002,0.12909160552968774,0,0,1,1,0.00073719130114264651,1584,0.014943295530353569,0.061598729370024898,0.046655433839671329,0.0015641463598890458,0.048832555036691122,0.047268408676802078,0.070404069312141437,0,0,0,0,0,0.94213048286030221,-0.0067160062974159218,0.0010446665874288877,0.022500324271981093,0,0.021049428456190955
137,4,12,0.19941828779490742,0.039767653507052518,-1,1,1,0,1,108,0,0.003181412280564201,0.003181412280564201,0,0.0031882355572189613,0.0031882355572189613,0.0045047663172622706,1,0,1,0,0.018518518518518517,0,nan,nan,nan,nan,nan,nan,0,0,0,0,0,nan,0,-4.3983034312954105e-09,1.1102650244107978e-07,0,0,9.1287867575383301e-05
137,4,12,0.19941828779490742,0.039767653507052518,-1,1,3,1,1,3869,0.0095018296518143766,0.074238931848351578,0.064737102196537194,0,0.10000000000000002,0.10000000000000002,0.19934012041161547,0,0,1,1,0.00051692943913155855,0,nan,nan,nan,nan,nan,nan,0,0,0,0,0,nan,0.24890152494184545,-0.0083480037501674868,-4.0485536395698871e-05,0.016881530148157256,0,0.033392015000669954
137,4,12,0.19941828779490742,0.039767653507052518,-1,-1,3,1,1,3869,0.0095018296518143766,0.074238931848351578,0.064737102196537194,0,0.10000000000000002,0.10000000000000002,0.19934012041161547,0,0,1,1,0.00051692943913155855,0,nan,nan,nan,nan,nan,nan,0,0,0,0,0,nan,0.24890152494184545,-0.0083480037501674868,-4.0485536395698871e-05,0.0061698793074842087,0,0.033392015000669954
138,12,4,0.19941828779490742,0.039767653507052518,1,1,1,0,1,2693,0.003181412280564201,0.062462383639584229,0.059280971359020031,0,0.10000000000000001,0.10000000000000001,0.13405316864200834,0,0,1,1,0.00074266617155588561,1773,0.011901267511674449,0.062432029466723105,0.050530761955048659,0.0010907880015855148,0.0600400266844563,0.058949238682870789,0.084853207218223675,0,0,0,0,0,0.65911622725584851,-0.00012963468427107028,0.0010446665874288877,0.014186582681102485,0,0.0032892796934910836
138,12,4,0.19941828779490742,0.039767653507052518,1,1,3,1,1,2713,0.0095018296518143766,0.074238931848351578,0.064737102196537194,0,0.10000000000000002,0.10000000000000002,0.12909160552968774,0,0,1,1,0.00073719130114264651,1584,0.014943295530353569,0.061598729370024898,0.046655433839671329,0.0015641463598890458,0.048832555036691122,0.047268408676802078,0.070404069312141437,0,0,0,0,0,0.94213048286030221,-0.0067160062974159218,0.0010446665874288877,0.03777929607426897,0,0.021049428456190955
138,12,4,0.19941828779490742,0.039767653507052518,1,-1,1,0,1,11,0.015342213590767168,0.015546233647385565,0.00020402005661839667,0.0016627732642306792,0.0017170739597107394,5.4300695480060225e-05,0.00045114174190579034,0,0,0,0,0,11,0.015342213590767168,0.015546233647385565,0.00020402005661839667,0.0016627732642306792,0.0017170739597107394,5.4300695480060225e-05,0.00045114174190579034,0,0,0,0,0,1,1.6512485253098236e-07,8.603520328265394e-06,0.0020053495629622138,0.00033542737533166935,-4.5004609648757028e-07
138,12,4,0.19941828779490742,0.039767653507052518,1,-1,1,0,2,3081,0.015595425416325397,0.061323621496371959,0.045728196080046565,0.0017262962599059459,0.047246034111172466,0.04551973785126652,0.13854913668210833,0,0,0,0,0,1678,0.015595425416325397,0.061323621496371959,0.045728196080046565,0.0017270228373382677,0.047246034111172466,0.045519011273834196,0.13491996072084539,0,0,0,0,0,0.54462836741317755,-2.3951332748452894e-05,0.0010446665874288877,0.012177735661179218,0,0.0002944049890462569
138,12,4,0.19941828779490742,0.039767653507052518,1,-1,1,0,3,11,0.061329981923654998,0.061376421701050864,4.6439777395865245e-05,0.047288019621635161,0.047527711342070011,0.00023969172043485087,0.00051910363003577142,0,0,0,0,0,11,0.061329981923654998,0.061376421701050864,4.6439777395865245e-05,0.047288019621635161,0.047527711342070011,0.00023969172043485087,0.00051910363003577142,0,0,0,0,0,1,1.1996403412028136e-05,0.00013406845904171923,0.0082868303068296938,0.0034183085349807824,-4.6739332961289847e-05
138,12,4,0.19941828779490742,0.039767653507052518,1,-1,1,0,4,9,0.061392071804045892,0.061429298859949542,3.7227055903650552e-05,0.047625471940512247,0.047817771190455792,0.00019229924994354497,0.00041801103297161571,0,0,0,0,0,9,0.061392071804045892,0.061429298859949542,3.7227055903650552e-05,0.047625471940512247,0.047817771190455792,0.00019229924994354497,0.00041801103297161571,0,0,0,0,0,1,3.7331403337976047e-06,0.00010676774415468244,0.0066618294382014527,0.0018768118908225797,-1.4089691494132106e-05
138,12,4,0.19941828779490742,0.039767653507052518,1,-1,3,1,1,2713,0.0095018296518143766,0.074238931848351578,0.064737102196537194,0,0.10000000000000002,0.10000000000000002,0.12909160552968774,0,0,1,1,0.00073719130114264651,1584,0.014943295530353569,0.061598729370024898,0.046655433839671329,0.0015641463598890458,0.048832555036691122,0.047268408676802078,0.070404069312141437,0,0,0,0,0,0.94213048286030221,-0.0067160062974159218,0.0010446665874288877,0.022500324271981093,0,0.021049428456190955
138,12,4,0.19941828779490742,0.039767653507052518,-1,1,1,0,1,108,0,0.003181412280564201,0.003181412280564201,0,0.0031882355572189613,0.0031882355572189613,0.0045047663172622706,1,0,1,0,0.018518518518518517,0,nan,nan,nan,nan,nan,nan,0,0,0,0,0,nan,0,-4.3983034312954105e-09,1.1102650244107978e-07,0,0,9.1287867575383301e-05
138,12,4,0.19941828779490742,0.039767653507052518,-1,1,3,1,1,3869,0.0095018296518143766,0.074238931848351578,0.064737102196537194,0,0.10000000000000002,0.10000000000000002,0.19934012041161547,0,0,1,1,0.00051692943913155855,0,nan,nan,nan,nan,nan,nan,0,0,0,0,0,nan,0.24890152494184545,-0.0083480037501674868,-4.0485536395698871e-05,0.016881530148157256,0,0.033392015000669954
138,12,4,0.19941828779490742,0.039767653507052518,-1,-1,3,1,1,3869,0.0095018296518143766,0.074238931848351578,0.064737102196537194,0,0.10000000000000002,0.10000000000000002,0.19934012041161547,0,0,1,1,0.00051692943913155855,0,nan,nan,nan,nan,nan,nan,0,0,0,0,0,nan,0.24890152494184545,-0.0083480037501674868,-4.0485536395698871e-05,0.0061698793074842087,0,0.033392015000669954
139,9,9,0.20076543327418536,0.04030675919777138,1,1,1,0,1,2692,0.0032245407358217106,0.062462382061738708,0.059237841325917001,0,0.10000000000000001,0.10000000000000001,0.13402427417861623,0,0,1,1,0.0007429420505200594,1768,0.012328218812541692,0.062433853989924799,0.050105635177383104,0.0011575676965327087,0.060106737825216805,0.058949170128684093,0.084517035388278983,0,0,0,0,0,0.6575037147102526,-0.00012244842239030545,0.0010330197630562925,0.014048498203676598,0,0.0032818038066524807
139,9,9,0.20076543327418536,0.04030675919777138,1,1,3,1,1,2712,0.0096305744120123698,0.07428370700574019,0.064653132593727819,0,0.10000000000000001,0.10000000000000001,0.12899768907333248,0,0,1,1,0.00073746312684365781,1576,0.015144505686672865,0.06157110099055902,0.046426595303886153,0.0016010673782521682,0.048632421614409602,0.047031354236157431,0.070017068602101995,0,0,0,0,0,0.94063421828908556,-0.0067402689865696712,0.0010330197630562925,0.037696932208374376,0,0.021135538422413599
139,9,9,0.20076543327418536,0.04030675919777138,1,-1,1,0,1,9,0.015400301854726618,0.015537849262943862,0.00013754740821724475,0.0016644385779052834,0.0017017822771614383,3.7343699256154944e-05,0.00030754528502622685,0,0,0,0,0,8,0.015400301854726618,0.015537849262943862,0.00013754740821724475,0.001665625548283529,0.0017017822771614383,3.6156728877909279e-05,0.00030685971377144986,0,0,0,0,0,0.88888888888888884,-2.0003569200453933e-07,5.5912383116875778e-06,0.0015076828778179787,0,8.9969440647831186e-07
139,9,9,0.20076543327418536,0.04030675919777138,1,-1,1,0,2,3067,0.015652814159916009,0.061270545681523701,0.045617731521607696,0.0017280525606747489,0.046941220957655079,0.045213168396980329,0.13782696739923525,0,0,0,0,0,1671,0.015652814159916009,0.061270545681523701,0.045617731521607696,0.001728939384936548,0.046941220957655079,0.045212281572718532,0.13423790985797007,0,0,0,0,0,0.5448320834691881,-2.1551830552924102e-05,0.0010330197630562925,0.012098082477247458,0,0.00028805490931975355
139,9,9,0.20076543327418536,0.04030675919777138,1,-1,1,0,3,11,0.061271710014363885,0.06132331251390772,5.1602499543834668e-05,0.046953320522542343,0.04721549784252882,0.00026217731998647714,0.00056854344355372697,0,0,0,0,0,11,0.061271710014363885,0.06132331251390772,5.1602499543834668e-05,0.046953320522542343,0.04721549784252882,0.00026217731998647714,0.00056854344355372697,0,0,0,0,0,1,1.1954469880822234e-05,0.00014319513598880403,0.0084785655366576285,0.0034034825026303252,-4.6334772582843119e-05
139,9,9,0.20076543327418536,0.04030675919777138,1,-1,1,0,4,9,0.061335403255557766,0.061376132465778381,4.0729210220614986e-05,0.047290540275786164,0.047497537995239147,0.00020699771945298373,0.00044992221494849537,0,0,0,0,0,9,0.061335403255557766,0.061376132465778381,4.0729210220614986e-05,0.047290540275786164,0.047497537995239147,0.00020699771945298373,0.00044992221494849537,0,0,0,0,0,1,8.268553494306177e-06,0.0001166569736651204,0.007230974755202858,0.0028335424064689172,-3.2115850277030648e-05
139,9,9,0.20076543327418536,0.04030675919777138,1,-1,1,0,5,9,0.061397356712769663,0.061429033570252832,3.1676857483169119e-05,0.047626882638940049,0.047788704342737097,0.00016182170379704791,0.00035252301736654883,0,0,0,0,0,8,0.061397356712769663,0.061428544443099919,3.1187730330256569e-05,0.047626882638940049,0.047788704342737097,0.00016182170379704791,0.00035232584104795184,0,0,0,0,0,0.88888888888888884,-4.6072979203815392e-08,8.8818532327490467e-05,0.0057357108288108591,0,7.9441820824775497e-07
139,9,9,0.20076543327418536,0.04030675919777138,1,-1,3,1,1,2712,0.0096305744120123698,0.07428370700574019,0.064653132593727819,0,0.10000000000000001,0.10000000000000001,0.12899768907333248,0,0,1,1,0.00073746312684365781,1576,0.015144505686672865,0.06157110099055902,0.046426595303886153,0.0016010673782521682,0.048632421614409602,0.047031354236157431,0.070017068602101995,0,0,0,0,0,0.94063421828908556,-0.0067402689865696712,0.0010330197630562925,0.022379220450259855,0,0.021135538422413599
139,9,9,0.20076543327418536,0.04030675919777138,-1,1,1,0,1,110,0,0.0032245407358217106,0.0032245407358217106,0,0.0032315516611637922,0.0032315516611637922,0.0045659683974194568,1,0,1,0,0.018181818181818181,0,nan,nan,nan,nan,nan,nan,0,0,0,0,0,nan,0.0090909090909090905,-5.3053962271169168e-09,3.4460347643366939e-08,2.4431604428305501e-07,0,9.378247700882757e-05
139,9,9,0.20076543327418536,0.04030675919777138,-1,1,3,1,1,3862,0.0096305744120123698,0.07428370700574019,0.064653132593727819,0,0.10000000000000001,0.10000000000000001,0.19905457972177212,0,0,1,1,0.00051786639047125837,0,nan,nan,nan,nan,nan,nan,0,0,0,0,0,nan,0.25012946659761781,-0.008324835674570704,-4.1590651827894469e-05,0.016942756713113658,0,0.033299342698282837
139,9,9,0.20076543327418536,0.04030675919777138,-1,-1,3,1,1,3862,0.0096305744120123698,0.07428370700574019,0.064653132593727819,0,0.10000000000000001,0.10000000000000001,0.19905457972177212,0,0,1,1,0.00051786639047125837,0,nan,nan,nan,nan,nan,nan,0,0,0,0,0,nan,0.25012946659761781,-0.008324835674570704,-4.1590651827894469e-05,0.0061880421919456412,0,0.033299342698282837
140,8,10,0.20199054057662438,0.040800178482436937,1,1,1,0,1,2691,0.0032640142785949548,0.062462382315010653,0.059198368036415698,0,0.10000000000000001,0.10000000000000001,0.13400665030370476,0,0,1,1,0.00074321813452248237,1761,0.012328218812541696,0.062431927178575229,0.050103708366033534,0.0011583627368129249,0.060106737825216812,0.058948375088403886,0.08453660701973556,0,0,0,0,0,0.65514678558156814,-0.00011633899125553173,0.0010223861286619968,0.013924612332688151,0,0.0032765885563166073
140,8,10,0.20199054057662438,0.040800178482436937,1,1,3,1,1,2711,0.0097484301153206061,0.074324708826494931,0.064576278711174329,0,0.10000000000000001,0.10000000000000001,0.12891787837531132,0,0,1,1,0.0007377351530800443,1568,0.015370246831220812,0.061541951472302139,0.046171704641081328,0.0016456355465193299,0.048432288192128081,0.046786652645608752,0.069602592864455581,0,0,0,0,0,0.93950571744743638,-0.0067624866478249532,0.0010223861286619968,0.03766111642164946,0,0.021214410229653494
140,8,10,0.20199054057662438,0.040800178482436937,1,-1,1,0,1,9,0.015705551378396215,0.015868486694709642,0.00016293531631342631,0.001730562868344613,0.0017730550085828126,4.2492140238199619e-05,0.00035599678322128538,0,0,0,0,0,9,0.015705551378396215,0.015868486694709642,0.00016293531631342631,0.001730562868344613,0.0017730550085828126,4.2492140238199619e-05,0.00035599678322128538,0,0,0,0,0,1,6.3579814854218195e-07,7.3065387091643955e-06,0.0019029273054186227,0.00077727562883320937,-2.4166296127122443e-06
140,8,10,0.20199054057662438,0.040800178482436937,1,-1,1,0,2,3055,0.015954246735682766,0.061270258107700683,0.04531601137201792,0.0017940005460036429,0.046913029090748862,0.04511902854474522,0.13715359026469712,0,0,0,0,0,1668,0.015954246735682766,0.061270258107700683,0.04531601137201792,0.0017948151686836978,0.046913029090748862,0.045118213922065165,0.13365729739219046,0,0,0,0,0,0.54599018003273325,-2.1032625258051902e-05,0.0010223861286619968,0.012051152613173416,0,0.00028232648436110478
140,8,10,0.20199054057662438,0.040800178482436937,1,-1,1,0,3,11,0.061276763312290587,0.061323037018585304,4.627370629471661e-05,0.046955870760684408,0.047187981431790413,0.00023211067110600475,0.00050502380974415124,0,0,0,0,0,11,0.061276763312290587,0.061323037018585304,4.627370629471661e-05,0.046955870760684408,0.047187981431790413,0.00023211067110600475,0.00050502380974415124,0,0,0,0,0,1,8.5664812064124575e-06,0.00012752635151921324,0.0079691361187939919,0.002875483061930978,-3.3073611357807809e-05
140,8,10,0.20199054057662438,0.040800178482436937,1,-1,1,0,4,9,0.061340365157751431,0.061375874036561973,3.5508878810541766e-05,0.047292208928842602,0.047470904465167635,0.00017869553632503254,0.00038932994234243162,0,0,0,0,0,9,0.061340365157751431,0.061375874036561973,3.5508878810541766e-05,0.047292208928842602,0.047470904465167635,0.00017869553632503254,0.00038932994234243162,0,0,0,0,0,1,4.8434238273492412e-06,0.00010045520381043425,0.0066095487141918739,0.0021590177629406599,-1.8645430802773163e-05
140,8,10,0.20199054057662438,0.040800178482436937,1,-1,3,1,1,2711,0.0097484301153206061,0.074324708826494931,0.064576278711174329,0,0.10000000000000001,0.10000000000000001,0.12891787837531132,0,0,1,1,0.0007377351530800443,1568,0.015370246831220812,0.061541951472302139,0.046171704641081328,0.0016456355465193299,0.048432288192128081,0.046786652645608752,0.069602592864455581,0,0,0,0,0,0.93950571744743638,-0.0067624866478249532,0.0010223861286619968,0.022279103287049913,0,0.021214410229653494
140,8,10,0.20199054057662438,0.040800178482436937,-1,1,1,0,1,112,0,0.0032640142785949548,0.0032640142785949548,0,0.0032711979405562358,0.0032711979405562358,0.0046219916887218077,1,0,1,0,0.017857142857142856,0,nan,nan,nan,nan,nan,nan,0,0,0,0,0,nan,0.0089285714285714281,-5.4598971208721675e-08,3.3881317890172014e-21,9.1680453971556492e-08,0,9.6095171232450224e-05
140,8,10,0.20199054057662438,0.040800178482436937,-1,1,3,1,1,3863,0.0097484301153206061,0.074324708826494931,0.064576278711174329,0,0.10000000000000001,0.10000000000000001,0.19909071278484336,0,0,1,1,0.00051773233238415744,0,nan,nan,nan,nan,nan,nan,0,0,0,0,0,nan,0.25187677970489258,-0.0083036243991179964,-4.2615156843486981e-05,0.01699620331424135,0,0.033214497596471992
140,8,10,0.20199054057662438,0.040800178482436937,-1,-1,3,1,1,3863,0.0097484301153206061,0.074324708826494931,0.064576278711174329,0,0.10000000000000001,0.10000000000000001,0.19909071278484336,0,0,1,1,0.00051773233238415744,0,nan,nan,nan,nan,nan,nan,0,0,0,0,0,nan,0.25187677970489258,-0.0083036243991179964,-4.2615156843486981e-05,0.006202215080307022,0,0.033214497596471992
141,10,8,0.20199054057662438,0.040800178482436937,1,1,1,0,1,2691,0.0032640142785949548,0.062462382315010653,0.059198368036415698,0,0.10000000000000001,0.10000000000000001,0.13400665030370476,0,0,1,1,0.00074321813452248237,1761,0.012328218812541696,0.062431927178575229,0.050103708366033534,0.0011583627368129249,0.060106737825216812,0.058948375088403886,0.08453660701973556,0,0,0,0,0,0.65514678558156814,-0.00011633899125553173,0.0010223861286619968,0.013924612332688151,0,0.0032765885563166073
141,10,8,0.20199054057662438,0.040800178482436937,1,1,3,1,1,2711,0.0097484301153206061,0.074324708826494931,0.064576278711174329,0,0.10000000000000001,0.10000000000000001,0.12891787837531132,0,0,1,1,0.0007377351530800443,1568,0.015370246831220812,0.061541951472302139,0.046171704641081328,0.0016456355465193299,0.048432288192128081,0.046786652645608752,0.069602592864455581,0,0,0,0,0,0.93950571744743638,-0.0067624866478249532,0.0010223861286619968,0.03766111642164946,0,0.021214410229653494
141,10,8,0.20199054057662438,0.040800178482436937,1,-1,1,0,1,9,0.015705551378396215,0.015868486694709642,0.00016293531631342631,0.001730562868344613,0.0017730550085828126,4.2492140238199619e-05,0.00035599678322128538,0,0,0,0,0,9,0.015705551378396215,0.015868486694709642,0.00016293531631342631,0.001730562868344613,0.0017730550085828126,4.2492140238199619e-05,0.00035599678322128538,0,0,0,0,0,1,6.3579814854218195e-07,7.3065387091643955e-06,0.0019029273054186227,0.00077727562883320937,-2.4166296127122443e-06
141,10,8,0.20199054057662438,0.040800178482436937,1,-1,1,0,2,3055,0.015954246735682766,0.061270258107700683,0.04531601137201792,0.0017940005460036429,0.046913029090748862,0.04511902854474522,0.13715359026469712,0,0,0,0,0,1668,0.015954246735682766,0.061270258107700683,0.04531601137201792,0.0017948151686836978,0.046913029090748862,0.045118213922065165,0.13365729739219046,0,0,0,0,0,0.54599018003273325,-2.1032625258051902e-05,0.0010223861286619968,0.012051152613173416,0,0.00028232648436110478
141,10,8,0.20199054057662438,0.040800178482436937,1,-1,1,0,3,11,0.061276763312290587,0.061323037018585304,4.627370629471661e-05,0.046955870760684408,0.047187981431790413,0.00023211067110600475,0.00050502380974415124,0,0,0,0,0,11,0.061276763312290587,0.061323037018585304,4.627370629471661e-05,0.046955870760684408,0.047187981431790413,0.00023211067110600475,0.00050502380974415124,0,0,0,0,0,1,8.5664812064124575e-06,0.00012752635151921324,0.0079691361187939919,0.002875483061930978,-3.3073611357807809e-05
141,10,8,0.20199054057662438,0.040800178482436937,1,-1,1,0,4,9,0.061340365157751431,0.061375874036561973,3.5508878810541766e-05,0.047292208928842602,0.047470904465167635,0.00017869553632503254,0.00038932994234243162,0,0,0,0,0,9,0.061340365157751431,0.061375874036561973,3.5508878810541766e-05,0.047292208928842602,0.047470904465167635,0.00017869553632503254,0.00038932994234243162,0,0,0,0,0,1,4.8434238273492412e-06,0.00010045520381043425,0.0066095487141918739,0.0021590177629406599,-1.8645430802773163e-05
141,10,8,0.20199054057662438,0.040800178482436937,1,-1,3,1,1,2711,0.0097484301153206061,0.074324708826494931,0.064576278711174329,0,0.10000000000000001,0.10000000000000001,0.12891787837531132,0,0,1,1,0.0007377351530800443,1568,0.015370246831220812,0.061541951472302139,0.046171704641081328,0.0016456355465193299,0.048432288192128081,0.046786652645608752,0.069602592864455581,0,0,0,0,0,0.93950571744743638,-0.0067624866478249532,0.0010223861286619968,0.022279103287049913,0,0.021214410229653494
141,10,8,0.20199054057662438,0.040800178482436937,-1,1,1,0,1,112,0,0.0032640142785949548,0.0032640142785949548,0,0.0032711979405562358,0.0032711979405562358,0.0046219916887218077,1,0,1,0,0.017857142857142856,0,nan,nan,nan,nan,nan,nan,0,0,0,0,0,nan,0.0089285714285714281,-5.4598971208721675e-08,3.3881317890172014e-21,9.1680453971556492e-08,0,9.6095171232450224e-05
141,10,8,0.20199054057662438,0.040800178482436937,-1,1,3,1,1,3863,0.0097484301153206061,0.074324708826494931,0.064576278711174329,0,0.10000000000000001,0.10000000000000001,0.19909071278484336,0,0,1,1,0.00051773233238415744,0,nan,nan,nan,nan,nan,nan,0,0,0,0,0,nan,0.25187677970489258,-0.0083036243991179964,-4.2615156843486981e-05,0.01699620331424135,0,0.033214497596471992
141,10,8,0.20199054057662438,0.040800178482436937,-1,-1,3,1,1,3863,0.0097484301153206061,0.074324708826494931,0.064576278711174329,0,0.10000000000000001,0.10000000000000001,0.19909071278484336,0,0,1,1,0.00051773233238415744,0,nan,nan,nan,nan,nan,nan,0,0,0,0,0,nan,0.25187677970489258,-0.0083036243991179964,-4.2615156843486981e-05,0.006202215080307022,0,0.033214497596471992
142,0,13,0.20486968903322658,0.041971589484570963,1,1,1,0,1,2690,0.0033577271587656768,0.062462388926144641,0.059104661767378962,0,0.10000000000000001,0.10000000000000001,0.13395784111071563,0,0,1,1,0.00074349442379182155,1749,0.012701801200800531,0.06243128968345097,0.049729488482650436,0.0012191655171125979,0.060173448965977316,0.058954283448864719,0.084259217848036042,0,0,0,0,0,0.65092936802973977,-0.00010332155316698967,0.00099715761326472137,0.013624570603261471,0,0.0032694036847281194
142,0,13,0.20486968903322658,0.041971589484570963,1,1,3,1,1,2708,0.010025996133595831,0.074422121281996628,0.06439612514840079,0,0.10000000000000001,0.10000000000000001,0.12872284091473718,0,0,1,1,0.00073855243722304289,1549,0.015831574680022692,0.06147317744281014,0.045641602762787448,0.0017344896597731821,0.047965310206804536,0.046230820547031357,0.068703054193466839,0,0,0,0,0,0.93685376661742981,-0.0068152718199949412,0.00099715761326472137,0.037566744589018979,0,0.021401871850384432
142,0,13,0.20486968903322658,0.041971589484570963,1,-1,1,0,1,13,0.016323036094998133,0.016559487282000768,0.00023645118700263423,0.0018621067258637589,0.0019290036745867312,6.6896948722972244e-05,0.00053015087846967381,0,0,0,0,0,12,0.016323036094998133,0.016559487282000768,0.00023645118700263423,0.0018630472647608064,0.0019290036745867312,6.595640982592476e-05,0.00052923928007667857,0,0,0,0,0,0.92307692307692313,-1.262276996253919e-07,1.0594352709096254e-05,0.0022209481237554789,0,8.0310383164656673e-07
142,0,13,0.20486968903322658,0.041971589484570963,1,-1,1,0,2,3015,0.016564360506718803,0.061216835351724279,0.04465247484500548,0.0019263100779723403,0.0465789665140331,0.044652656436060763,0.13527094627384517,0,0,0,0,0,1644,0.016564360506718803,0.06121649484891651,0.044652134342197711,0.0019263100779723403,0.0465789665140331,0.044652656436060763,0.13184876136911372,0,0,0,0,0,0.54527363184079602,-2.0030933042515462e-05,0.00099715761326472137,0.011935761101400726,0,0.00026904700402777189
142,0,13,0.20486968903322658,0.041971589484570963,1,-1,1,0,3,11,0.06122371169322547,0.061269603429243466,4.5891736017995843e-05,0.046624217199207237,0.046847786862556091,0.00022356966334885486,0.00048931449522887638,0,0,0,0,0,10,0.06122371169322547,0.061269166541569858,4.5454848344388121e-05,0.046624217199207237,0.046847786862556091,0.00022356966334885486,0.00048902029158107521,0,0,0,0,0,0.90909090909090906,-2.63389686477735e-08,0.00011624050634897857,0.0070172117596586899,0,1.2503938485288381e-06
142,0,13,0.20486968903322658,0.041971589484570963,1,-1,1,0,4,9,0.06128876018588747,0.061322408859326355,3.3648673438885224e-05,0.04695960785778136,0.047124177711767301,0.00016456985398594082,0.00036005451169315535,0,0,0,0,0,9,0.06128876018588747,0.061322408859326355,3.3648673438885224e-05,0.04695960785778136,0.047124177711767301,0.00016456985398594082,0.00036005451169315535,0,0,0,0,0,1,4.6938624133168505e-07,8.9356748360561416e-05,0.0058670437835690627,0.00055844353526004022,-1.2474367282949273e-06
142,0,13,0.20486968903322658,0.041971589484570963,1,-1,3,1,1,2708,0.010025996133595831,0.074422121281996628,0.06439612514840079,0,0.10000000000000001,0.10000000000000001,0.12872284091473718,0,0,1,1,0.00073855243722304289,1549,0.015831574680022692,0.06147317744281014,0.045641602762787448,0.0017344896597731821,0.047965310206804536,0.046230820547031357,0.068703054193466839,0,0,0,0,0,0.93685376661742981,-0.0068152718199949412,0.00099715761326472137,0.022040027488290165,0,0.021401871850384432
142,0,13,0.20486968903322658,0.041971589484570963,-1,1,1,0,1,114,0,0.0033577271587656768,0.0033577271587656768,0,0.0033653326637094255,0.0033653326637094255,0.00475504028892503,1,0,1,0,0.017543859649122806,0,nan,nan,nan,nan,nan,nan,0,0,0,0,0,nan,0,-3.971028326878298e-09,0,0,0,0.00010169887419790379
142,0,13,0.20486968903322658,0.041971589484570963,-1,1,3,1,1,3858,0.010025996133595831,0.074422121281996628,0.06439612514840079,0,0.10000000000000001,0.10000000000000001,0.19869463547075386,0,0,1,1,0.0005184033177812338,0,nan,nan,nan,nan,nan,nan,0,0,0,0,0,nan,0.25401762571280456,-0.0082532428226323382,-4.5097326690850498e-05,0.017133368106966401,0,0.033012971290529353
142,0,13,0.20486968903322658,0.041971589484570963,-1,-1,3,1,1,3858,0.010025996133595831,0.074422121281996628,0.06439612514840079,0,0.10000000000000001,0.10000000000000001,0.19869463547075386,0,0,1,1,0.0005184033177812338,0,nan,nan,nan,nan,nan,nan,0,0,0,0,0,nan,0.25401762571280456,-0.0082532428226323382,-4.5097326690850498e-05,0.0062360896840311176,0,0.033012971290529353
143,13,0,0.20486968903322658,0.041971589484570963,1,1,1,0,1,2690,0.0033577271587656768,0.062462388926144641,0.059104661767378962,0,0.10000000000000001,0.10000000000000001,0.13395784111071563,0,0,1,1,0.00074349442379182155,1749,0.012701801200800531,0.06243128968345097,0.049729488482650436,0.0012191655171125979,0.060173448965977316,0.058954283448864719,0.084259217848036042,0,0,0,0,0,0.65092936802973977,-0.00010332155316698967,0.00099715761326472137,0.013624570603261471,0,0.0032694036847281194
143,13,0,0.20486968903322658,0.041971589484570963,1,1,3,1,1,2708,0.010025996133595831,0.074422121281996628,0.06439612514840079,0,0.10000000000000001,0.10000000000000001,0.12872284091473718,0,0,1,1,0.00073855243722304289,1549,0.015831574680022692,0.06147317744281014,0.045641602762787448,0.0017344896597731821,0.047965310206804536,0.046230820547031357,0.068703054193466839,0,0,0,0,0,0.93685376661742981,-0.0068152718199949412,0.00099715761326472137,0.037566744589018979,0,0.021401871850384432
143,13,0,0.20486968903322658,0.041971589484570963,1,-1,1,0,1,13,0.016323036094998133,0.016559487282000768,0.00023645118700263423,0.0018621067258637589,0.0019290036745867312,6.6896948722972244e-05,0.00053015087846967381,0,0,0,0,0,12,0.016323036094998133,0.016559487282000768,0.00023645118700263423,0.0018630472647608064,0.0019290036745867312,6.595640982592476e-05,0.00052923928007667857,0,0,0,0,0,0.92307692307692313,-1.262276996253919e-07,1.0594352709096254e-05,0.0022209481237554789,0,8.0310383164656673e-07
143,13,0,0.20486968903322658,0.041971589484570963,1,-1,1,0,2,3015,0.016564360506718803,0.061216835351724279,0.04465247484500548,0.0019263100779723403,0.0465789665140331,0.044652656436060763,0.13527094627384517,0,0,0,0,0,1644,0.016564360506718803,0.06121649484891651,0.044652134342197711,0.0019263100779723403,0.0465789665140331,0.044652656436060763,0.13184876136911372,0,0,0,0,0,0.54527363184079602,-2.0030933042515462e-05,0.00099715761326472137,0.011935761101400726,0,0.00026904700402777189
143,13,0,0.20486968903322658,0.041971589484570963,1,-1,1,0,3,11,0.06122371169322547,0.061269603429243466,4.5891736017995843e-05,0.046624217199207237,0.046847786862556091,0.00022356966334885486,0.00048931449522887638,0,0,0,0,0,10,0.06122371169322547,0.061269166541569858,4.5454848344388121e-05,0.046624217199207237,0.046847786862556091,0.00022356966334885486,0.00048902029158107521,0,0,0,0,0,0.90909090909090906,-2.63389686477735e-08,0.00011624050634897857,0.0070172117596586899,0,1.2503938485288381e-06
143,13,0,0.20486968903322658,0.041971589484570963,1,-1,1,0,4,9,0.06128876018588747,0.061322408859326355,3.3648673438885224e-05,0.04695960785778136,0.047124177711767301,0.00016456985398594082,0.00036005451169315535,0,0,0,0,0,9,0.06128876018588747,0.061322408859326355,3.3648673438885224e-05,0.04695960785778136,0.047124177711767301,0.00016456985398594082,0.00036005451169315535,0,0,0,0,0,1,4.6938624133168505e-07,8.9356748360561416e-05,0.0058670437835690627,0.00055844353526004022,-1.2474367282949273e-06
143,13,0,0.20486968903322658,0.041971589484570963,1,-1,3,1,1,2708,0.010025996133595831,0.074422121281996628,0.06439612514840079,0,0.10000000000000001,0.10000000000000001,0.12872284091473718,0,0,1,1,0.00073855243722304289,1549,0.015831574680022692,0.06147317744281014,0.045641602762787448,0.0017344896597731821,0.047965310206804536,0.046230820547031357,0.068703054193466839,0,0,0,0,0,0.93685376661742981,-0.0068152718199949412,0.00099715761326472137,0.022040027488290165,0,0.021401871850384432
143,13,0,0.20486968903322658,0.041971589484570963,-1,1,1,0,1,114,0,0.0033577271587656768,0.0033577271587656768,0,0.0033653326637094255,0.0033653326637094255,0.00475504028892503,1,0,1,0,0.017543859649122806,0,nan,nan,nan,nan,nan,nan,0,0,0,0,0,nan,0,-3.971028326878298e-09,0,0,0,0.00010169887419790379
143,13,0,0.20486968903322658,0.041971589484570963,-1,1,3,1,1,3858,0.010025996133595831,0.074422121281996628,0.06439612514840079,0,0.10000000000000001,0.10000000000000001,0.19869463547075386,0,0,1,1,0.0005184033177812338,0,nan,nan,nan,nan,nan,nan,0,0,0,0,0,nan,0.25401762571280456,-0.0082532428226323382,-4.5097326690850498e-05,0.017133368106966401,0,0.033012971290529353
143,13,0,0.20486968903322658,0.041971589484570963,-1,-1,3,1,1,3858,0.010025996133595831,0.074422121281996628,0.06439612514840079,0,0.10000000000000001,0.10000000000000001,0.19869463547075386,0,0,1,1,0.0005184033177812338,0,nan,nan,nan,nan,nan,nan,0,0,0,0,0,nan,0.25401762571280456,-0.0082532428226323382,-4.5097326690850498e-05,0.0062360896840311176,0,0.033012971290529353
144,5,12,0.20496043343643885,0.042008779274452887,1,1,1,0,1,2690,0.0033607023419562308,0.062462389266489789,0.059101686924533561,0,0.10000000000000001,0.10000000000000001,0.13395852784477646,0,0,1,1,0.00074349442379182155,1749,0.012701801200800533,0.062431173691121736,0.049729372490321201,0.0012192828553403161,0.060173448965977316,0.058954166110637002,0.084262656354721785,0,0,0,0,0,0.65092936802973977,-0.00010293824237994673,0.00099635646248614866,0.013614530178231945,0,0.0032692807417586886
144,5,12,0.20496043343643885,0.042008779274452887,1,1,3,1,1,2706,0.010034772217689067,0.074425215628840857,0.064390443411151785,0,0.10000000000000001,0.10000000000000001,0.12871587738022405,0,0,1,1,0.00073909830007390983,1548,0.015835591488133231,0.061460772830274887,0.045625181342141656,0.0017344896597731824,0.047898599066044024,0.046164109406270845,0.068632617504257726,0,0,0,0,0,0.93680709534368067,-0.0068169485582207671,0.00099635646248614866,0.037587929438862425,0,0.021407828383323828
144,5,12,0.20496043343643885,0.042008779274452887,1,-1,1,0,1,13,0.01632695774123186,0.016558837020394949,0.00023187927916308929,0.0018622241037911499,0.0019279116001587045,6.5687496367554518e-05,0.00052029195218036698,0,0,0,0,0,12,0.01632695774123186,0.016558837020394949,0.00023187927916308929,0.0018631752909954512,0.0019279116001587045,6.4736309163253292e-05,0.00051937116591387706,0,0,0,0,0,0.92307692307692313,-1.5412606690078337e-07,1.0371314659633801e-05,0.0022006987742062469,0,9.0401522011583587e-07
144,5,12,0.20496043343643885,0.042008779274452887,1,-1,1,0,2,3015,0.016568246835597017,0.061216814774237127,0.04464856793864011,0.001926440547729735,0.046576867624968925,0.044650427077239187,0.1352591703307614,0,0,0,0,0,1643,0.016568246835597017,0.061216470682636893,0.044648223847039877,0.001926440547729735,0.046576867624968925,0.044650427077239187,0.13180509633563164,0,0,0,0,0,0.54494195688225544,-2.0222325365741247e-05,0.00099635646248614866,0.011928693050281457,0,0.00026862561938804946
144,5,12,0.20496043343643885,0.042008779274452887,1,-1,1,0,3,11,0.061224097030663699,0.061269583253165449,4.5486222501750495e-05,0.046624319122508542,0.046845731163254661,0.00022141204074611898,0.00048466739731425332,0,0,0,0,0,10,0.061224097030663699,0.061269143092259386,4.5046061595686859e-05,0.046624319122508542,0.046845731163254661,0.00022141204074611898,0.00048437412350838395,0,0,0,0,0,0.90909090909090906,-2.8274077226419968e-07,0.0001150520618850438,0.0069698131559946417,0,2.2558351231863321e-06
144,5,12,0.20496043343643885,0.042008779274452887,1,-1,1,0,4,9,0.061289141060924063,0.061322389479416178,3.3248418492115572e-05,0.0469596973149604,0.047122178702525164,0.00016248138756476405,0.00035553912391748493,0,0,0,0,0,9,0.061289141060924063,0.061322389479416178,3.3248418492115572e-05,0.0469596973149604,0.047122178702525164,0.00016248138756476405,0.00035553912391748493,0,0,0,0,0,1,2.1118868185733425e-07,8.8120728654386099e-05,0.0057765485720148724,0.00023956114532050347,-2.2955816938908551e-07
144,5,12,0.20496043343643885,0.042008779274452887,1,-1,3,1,1,2706,0.010034772217689067,0.074425215628840857,0.064390443411151785,0,0.10000000000000001,0.10000000000000001,0.12871587738022405,0,0,1,1,0.00073909830007390983,1548,0.015835591488133231,0.061460772830274887,0.045625181342141656,0.0017344896597731824,0.047898599066044024,0.046164109406270845,0.068632617504257726,0,0,0,0,0,0.93680709534368067,-0.0068169485582207671,0.00099635646248614866,0.022047451949294781,0,0.021407828383323828
144,5,12,0.20496043343643885,0.042008779274452887,-1,1,1,0,1,114,0,0.0033607023419562308,0.0033607023419562308,0,0.0033683214206564364,0.0033683214206564364,0.0047592658752038776,1,0,1,0,0.017543859649122806,0,nan,nan,nan,nan,nan,nan,0,0,0,0,0,nan,0,-3.3691785913565211e-09,0,0,0,0.00010187938571814849
144,5,12,0.20496043343643885,0.042008779274452887,-1,1,3,1,1,3856,0.010034772217689067,0.074425215628840857,0.064390443411151785,0,0.10000000000000001,0.10000000000000001,0.19867396633961784,0,0,1,1,0.00051867219917012448,0,nan,nan,nan,nan,nan,nan,0,0,0,0,0,nan,0.25414937759336098,-0.0082516402553928902,-4.5177280924920389e-05,0.017143728075996616,0,0.033006561021571582
144,5,12,0.20496043343643885,0.042008779274452887,-1,-1,3,1,1,3856,0.010034772217689067,0.074425215628840857,0.064390443411151785,0,0.10000000000000001,0.10000000000000001,0.19867396633961784,0,0,1,1,0.00051867219917012448,0,nan,nan,nan,nan,nan,nan,0,0,0,0,0,nan,0.25414937759336098,-0.0082516402553928902,-4.5177280924920389e-05,0.0062393369791786659,0,0.033006561021571582
145,12,5,0.20496043343643885,0.042008779274452887,1,1,1,0,1,2690,0.0033607023419562308,0.062462389266489789,0.059101686924533561,0,0.10000000000000001,0.10000000000000001,0.13395852784477646,0,0,1,1,0.00074349442379182155,1749,0.012701801200800533,0.062431173691121736,0.049729372490321201,0.0012192828553403161,0.060173448965977316,0.058954166110637002,0.084262656354721785,0,0,0,0,0,0.65092936802973977,-0.00010293824237994673,0.00099635646248614866,0.013614530178231945,0,0.0032692807417586886
145,12,5,0.20496043343643885,0.042008779274452887,1,1,3,1,1,2706,0.010034772217689067,0.074425215628840857,0.064390443411151785,0,0.10000000000000001,0.10000000000000001,0.12871587738022405,0,0,1,1,0.00073909830007390983,1548,0.015835591488133231,0.061460772830274887,0.045625181342141656,0.0017344896597731824,0.047898599066044024,0.046164109406270845,0.068632617504257726,0,0,0,0,0,0.93680709534368067,-0.0068169485582207671,0.00099635646248614866,0.037587929438862425,0,0.021407828383323828
145,12,5,0.20496043343643885,0.042008779274452887,1,-1,1,0,1,13,0.01632695774123186,0.016558837020394949,0.00023187927916308929,0.0018622241037911499,0.0019279116001587045,6.5687496367554518e-05,0.00052029195218036698,0,0,0,0,0,12,0.01632695774123186,0.016558837020394949,0.00023187927916308929,0.0018631752909954512,0.0019279116001587045,6.4736309163253292e-05,0.00051937116591387706,0,0,0,0,0,0.92307692307692313,-1.5412606690078337e-07,1.0371314659633801e-05,0.0022006987742062469,0,9.0401522011583587e-07
145,12,5,0.20496043343643885,0.042008779274452887,1,-1,1,0,2,3015,0.016568246835597017,0.061216814774237127,0.04464856793864011,0.001926440547729735,0.046576867624968925,0.044650427077239187,0.1352591703307614,0,0,0,0,0,1643,0.016568246835597017,0.061216470682636893,0.044648223847039877,0.001926440547729735,0.046576867624968925,0.044650427077239187,0.13180509633563164,0,0,0,0,0,0.54494195688225544,-2.0222325365741247e-05,0.00099635646248614866,0.011928693050281457,0,0.00026862561938804946
145,12,5,0.20496043343643885,0.042008779274452887,1,-1,1,0,3,11,0.061224097030663699,0.061269583253165449,4.5486222501750495e-05,0.046624319122508542,0.046845731163254661,0.00022141204074611898,0.00048466739731425332,0,0,0,0,0,10,0.061224097030663699,0.061269143092259386,4.5046061595686859e-05,0.046624319122508542,0.046845731163254661,0.00022141204074611898,0.00048437412350838395,0,0,0,0,0,0.90909090909090906,-2.8274077226419968e-07,0.0001150520618850438,0.0069698131559946417,0,2.2558351231863321e-06
145,12,5,0.20496043343643885,0.042008779274452887,1,-1,1,0,4,9,0.061289141060924063,0.061322389479416178,3.3248418492115572e-05,0.0469596973149604,0.047122178702525164,0.00016248138756476405,0.00035553912391748493,0,0,0,0,0,9,0.061289141060924063,0.061322389479416178,3.3248418492115572e-05,0.0469596973149604,0.047122178702525164,0.00016248138756476405,0.00035553912391748493,0,0,0,0,0,1,2.1118868185733425e-07,8.8120728654386099e-05,0.0057765485720148724,0.00023956114532050347,-2.2955816938908551e-07
145,12,5,0.20496043343643885,0.042008779274452887,1,-1,3,1,1,2706,0.010034772217689067,0.074425215628840857,0.064390443411151785,0,0.10000000000000001,0.10000000000000001,0.12871587738022405,0,0,1,1,0.00073909830007390983,1548,0.015835591488133231,0.061460772830274887,0.045625181342141656,0.0017344896597731824,0.047898599066044024,0.046164109406270845,0.068632617504257726,0,0,0,0,0,0.93680709534368067,-0.0068169485582207671,0.00099635646248614866,0.022047451949294781,0,0.021407828383323828
145,12,5,0.20496043343643885,0.042008779274452887,-1,1,1,0,1,114,0,0.0033607023419562308,0.0033607023419562308,0,0.0033683214206564364,0.0033683214206564364,0.0047592658752038776,1,0,1,0,0.017543859649122806,0,nan,nan,nan,nan,nan,nan,0,0,0,0,0,nan,0,-3.3691785913565211e-09,0,0,0,0.00010187938571814849
145,12,5,0.20496043343643885,0.042008779274452887,-1,1,3,1,1,3856,0.010034772217689067,0.074425215628840857,0.064390443411151785,0,0.10000000000000001,0.10000000000000001,0.19867396633961784,0,0,1,1,0.00051867219917012448,0,nan,nan,nan,nan,nan,nan,0,0,0,0,0,nan,0.25414937759336098,-0.0082516402553928902,-4.5177280924920389e-05,0.017143728075996616,0,0.033006561021571582
145,12,5,0.20496043343643885,0.042008779274452887,-1,-1,3,1,1,3856,0.010034772217689067,0.074425215628840857,0.064390443411151785,0,0.10000000000000001,0.10000000000000001,0.19867396633961784,0,0,1,1,0.00051867219917012448,0,nan,nan,nan,nan,nan,nan,0,0,0,0,0,nan,0.25414937759336098,-0.0082516402553928902,-4.5177280924920389e-05,0.0062393369791786659,0,0.033006561021571582
146,1,13,0.20547703143966331,0.042220810449256387,1,1,1,0,1,2689,0.0033776648359405111,0.062462391352853919,0.059084726516913405,0,0.10000000000000001,0.10000000000000001,0.13395521669873295,0,0,1,1,0.00074377091855708439,1743,0.013128752501667777,0.062430537269998254,0.049301784768330477,0.001289195578443213,0.060173448965977316,0.058884253387534106,0.083849531354020249,0,0,0,0,0,0.64894012644105614,-0.0001007845755710516,0.00099179285300353632,0.013562324872291863,0,0.0032686914970935631
146,1,13,0.20547703143966331,0.042220810449256387,1,1,3,1,1,2707,0.010084818556657696,0.074442857513850699,0.064358038957192998,0,0.10000000000000001,0.10000000000000001,0.12867833957404057,0,0,1,1,0.00073882526782415958,1545,0.015957304869913275,0.061462675980323719,0.045505371110410447,0.0017608533489506199,0.047898599066044024,0.046137745717093406,0.068515978207731101,0,0,0,0,0,0.9371998522349464,-0.0068265085173638464,0.00099179285300353632,0.037537256692891006,0,0.021441791891366729
146,1,13,0.20547703143966331,0.042220810449256387,1,-1,1,0,1,11,0.016349385129795252,0.016555787030345808,0.00020640190055055616,0.001862882291780957,0.00192168532610116,5.8803034320202997e-05,0.00046475990913353465,0,0,0,0,0,10,0.016349385129795252,0.016555787030345808,0.00020640190055055616,0.0018638908558055011,0.00192168532610116,5.7794470295658871e-05,0.00046381685236790437,0,0,0,0,0,0.90909090909090906,-3.1412861426663064e-07,9.1014150257613738e-06,0.0019539565735176303,0,1.4869297183185036e-06
146,1,13,0.20547703143966331,0.042220810449256387,1,-1,1,0,2,3015,0.016590404069621114,0.061216698147245299,0.044626294077624182,0.0019271704825834504,0.046564901170856883,0.044637730688273432,0.13521177442621718,0,0,0,0,0,1649,0.016590404069621114,0.061216334016285248,0.044625929946664131,0.0019271704825834504,0.046564901170856883,0.044637730688273432,0.13187015871844013,0,0,0,0,0,0.54693200663349917,-2.0314391754128959e-05,0.00099179285300353632,0.011890148861210816,0,0.00026619427540066964
146,1,13,0.20547703143966331,0.042220810449256387,1,-1,1,0,3,11,0.061226293965628509,0.061269468903793867,4.317493816535789e-05,0.046624873324841602,0.046834010948128175,0.00020913762328657326,0.00045820398465939402,0,0,0,0,0,10,0.061226293965628509,0.061269010477822149,4.2716512193639866e-05,0.046624873324841602,0.046834010948128175,0.00020913762328657326,0.00045791686555268107,0,0,0,0,0,0.90909090909090906,-1.74592772124517e-06,0.00010825053655731049,0.0066673044479310514,0,7.9970720420575881e-06
146,1,13,0.20547703143966331,0.042220810449256387,1,-1,1,0,4,9,0.061291312554275321,0.061322279618978744,3.0967064703422975e-05,0.046960184826573714,0.047110781695997313,0.00015059686942359846,0.00032982138576341833,0,0,0,0,0,8,0.061291312554275321,0.061321743553316564,3.0430999041243523e-05,0.046960184826573714,0.047110781695997313,0.00015059686942359846,0.00032961010470586088,0,0,0,0,0,0.88888888888888884,-1.2621133480164713e-06,8.1043285443488361e-05,0.00539091331646698,0,5.5820714062802029e-06
146,1,13,0.20547703143966331,0.042220810449256387,1,-1,3,1,1,2707,0.010084818556657696,0.074442857513850699,0.064358038957192998,0,0.10000000000000001,0.10000000000000001,0.12867833957404057,0,0,1,1,0.00073882526782415958,1545,0.015957304869913275,0.061462675980323719,0.045505371110410447,0.0017608533489506199,0.047898599066044024,0.046137745717093406,0.068515978207731101,0,0,0,0,0,0.9371998522349464,-0.0068265085173638464,0.00099179285300353632,0.021989076711268166,0,0.021441791891366729
146,1,13,0.20547703143966331,0.042220810449256387,-1,1,1,0,1,115,0,0.0033776648359405111,0.0033776648359405111,0,0.0033853612005275433,0.0033853612005275433,0.0047833588581030475,1,0,1,0,0.017391304347826087,0,nan,nan,nan,nan,nan,nan,0,0,0,0,0,nan,0.0086956521739130436,-5.0382526931464248e-08,-3.3881317890172014e-21,1.8972073366830459e-07,0,0.00010291159214807828
146,1,13,0.20547703143966331,0.042220810449256387,-1,1,3,1,1,3855,0.010084818556657696,0.074442857513850699,0.064358038957192998,0,0.10000000000000001,0.10000000000000001,0.19855613051853604,0,0,1,1,0.00051880674448767834,0,nan,nan,nan,nan,nan,nan,0,0,0,0,0,nan,0.25473411154345005,-0.0082425208710068688,-4.563447897579615e-05,0.017160871464099982,0,0.032970083484027496
146,1,13,0.20547703143966331,0.042220810449256387,-1,-1,3,1,1,3855,0.010084818556657696,0.074442857513850699,0.064358038957192998,0,0.10000000000000001,0.10000000000000001,0.19855613051853604,0,0,1,1,0.00051880674448767834,0,nan,nan,nan,nan,nan,nan,0,0,0,0,0,nan,0.25473411154345005,-0.0082425208710068688,-4.563447897579615e-05,0.0062441028690728749,0,0.032970083484027496
147,13,1,0.20547703143966331,0.042220810449256387,1,1,1,0,1,2689,0.0033776648359405111,0.062462391352853919,0.059084726516913405,0,0.10000000000000001,0.10000000000000001,0.13395521669873295,0,0,1,1,0.00074377091855708439,1743,0.013128752501667777,0.062430537269998254,0.049301784768330477,0.001289195578443213,0.060173448965977316,0.058884253387534106,0.083849531354020249,0,0,0,0,0,0.64894012644105614,-0.0001007845755710516,0.00099179285300353632,0.013562324872291863,0,0.0032686914970935631
147,13,1,0.20547703143966331,0.042220810449256387,1,1,3,1,1,2707,0.010084818556657696,0.074442857513850699,0.064358038957192998,0,0.10000000000000001,0.10000000000000001,0.12867833957404057,0,0,1,1,0.00073882526782415958,1545,0.015957304869913275,0.061462675980323719,0.045505371110410447,0.0017608533489506199,0.047898599066044024,0.046137745717093406,0.068515978207731101,0,0,0,0,0,0.9371998522349464,-0.0068265085173638464,0.00099179285300353632,0.037537256692891006,0,0.021441791891366729
147,13,1,0.20547703143966331,0.042220810449256387,1,-1,1,0,1,11,0.016349385129795252,0.016555787030345808,0.00020640190055055616,0.001862882291780957,0.00192168532610116,5.8803034320202997e-05,0.00046475990913353465,0,0,0,0,0,10,0.016349385129795252,0.016555787030345808,0.00020640190055055616,0.0018638908558055011,0.00192168532610116,5.7794470295658871e-05,0.00046381685236790437,0,0,0,0,0,0.90909090909090906,-3.1412861426663064e-07,9.1014150257613738e-06,0.0019539565735176303,0,1.4869297183185036e-06
147,13,1,0.20547703143966331,0.042220810449256387,1,-1,1,0,2,3015,0.016590404069621114,0.061216698147245299,0.044626294077624182,0.0019271704825834504,0.046564901170856883,0.044637730688273432,0.13521177442621718,0,0,0,0,0,1649,0.016590404069621114,0.061216334016285248,0.044625929946664131,0.0019271704825834504,0.046564901170856883,0.044637730688273432,0.13187015871844013,0,0,0,0,0,0.54693200663349917,-2.0314391754128959e-05,0.00099179285300353632,0.011890148861210816,0,0.00026619427540066964
147,13,1,0.20547703143966331,0.042220810449256387,1,-1,1,0,3,11,0.061226293965628509,0.061269468903793867,4.317493816535789e-05,0.046624873324841602,0.046834010948128175,0.00020913762328657326,0.00045820398465939402,0,0,0,0,0,10,0.061226293965628509,0.061269010477822149,4.2716512193639866e-05,0.046624873324841602,0.046834010948128175,0.00020913762328657326,0.00045791686555268107,0,0,0,0,0,0.90909090909090906,-1.74592772124517e-06,0.00010825053655731049,0.0066673044479310514,0,7.9970720420575881e-06
147,13,1,0.20547703143966331,0.042220810449256387,1,-1,1,0,4,9,0.061291312554275321,0.061322279618978744,3.0967064703422975e-05,0.046960184826573714,0.047110781695997313,0.00015059686942359846,0.00032982138576341833,0,0,0,0,0,8,0.061291312554275321,0.061321743553316564,3.0430999041243523e-05,0.046960184826573714,0.047110781695997313,0.00015059686942359846,0.00032961010470586088,0,0,0,0,0,0.88888888888888884,-1.2621133480164713e-06,8.1043285443488361e-05,0.00539091331646698,0,5.5820714062802029e-06
147,13,1,0.20547703143966331,0.042220810449256387,1,-1,3,1,1,2707,0.010084818556657696,0.074442857513850699,0.064358038957192998,0,0.10000000000000001,0.10000000000000001,0.12867833957404057,0,0,1,1,0.00073882526782415958,1545,0.015957304869913275,0.061462675980323719,0.045505371110410447,0.0017608533489506199,0.047898599066044024,0.046137745717093406,0.068515978207731101,0,0,0,0,0,0.9371998522349464,-0.0068265085173638464,0.00099179285300353632,0.021989076711268166,0,0.021441791891366729
147,13,1,0.20547703143966331,0.042220810449256387,-1,1,1,0,1,115,0,0.0033776648359405111,0.0033776648359405111,0,0.0033853612005275433,0.0033853612005275433,0.0047833588581030475,1,0,1,0,0.017391304347826087,0,nan,nan,nan,nan,nan,nan,0,0,0,0,0,nan,0.0086956521739130436,-5.0382526931464248e-08,-3.3881317890172014e-21,1.8972073366830459e-07,0,0.00010291159214807828
147,13,1,0.20547703143966331,0.042220810449256387,-1,1,3,1,1,3855,0.010084818556657696,0.074442857513850699,0.064358038957192998,0,0.10000000000000001,0.10000000000000001,0.19855613051853604,0,0,1,1,0.00051880674448767834,0,nan,nan,nan,nan,nan,nan,0,0,0,0,0,nan,0.25473411154345005,-0.0082425208710068688,-4.563447897579615e-05,0.017160871464099982,0,0.032970083484027496
147,13,1,0.20547703143966331,0.042220810449256387,-1,-1,3,1,1,3855,0.010084818556657696,0.074442857513850699,0.064358038957192998,0,0.10000000000000001,0.10000000000000001,0.19855613051853604,0,0,1,1,0.00051880674448767834,0,nan,nan,nan,nan,nan,nan,0,0,0,0,0,nan,0.25473411154345005,-0.0082425208710068688,-4.563447897579615e-05,0.0062441028690728749,0,0.032970083484027496
148,7,11,0.20562177259717282,0.04228031336600345,1,1,1,0,1,2689,0.0033824250692802756,0.062462391982509968,0.059079966913229691,0,0.10000000000000001,0.10000000000000001,0.13395172628221652,0,0,1,1,0.00074377091855708439,1743,0.013128752501667777,0.062430365911207798,0.049301613409540021,0.0012893779105781797,0.060173448965977316,0.05888407105539914,0.08385453071336442,0,0,0,0,0,0.64894012644105614,-0.00010018967844643544,0.00099051412238209042,0.013546305737598871,0,0.0032685595932872465
148,7,11,0.20562177259717282,0.04228031336600345,1,1,3,1,1,2706,0.010098866323941195,0.07444780840664264,0.064348942082701449,0,0.10000000000000001,0.10000000000000001,0.12866854801764788,0,0,1,1,0.00073909830007390983,1544,0.015957304869913275,0.061450983457109781,0.045493678587196509,0.001759128257210584,0.04783188792528352,0.046072759668072935,0.068450776749007403,0,0,0,0,0,0.93680709534368067,-0.006829191455538286,0.00099051412238209042,0.037541014220354677,0,0.021451324195825922
148,7,11,0.20562177259717282,0.04228031336600345,1,-1,1,0,1,11,0.016355683108926624,0.016555081889537675,0.00019939878061105143,0.0018630637254332264,0.0019199380289537768,5.6874303520550434e-05,0.00044935031030037551,0,0,0,0,0,10,0.016355683108926624,0.016555081889537675,0.00019939878061105143,0.0018640874247937648,0.0019199380289537768,5.5850604160012033e-05,0.00044840906150017668,0,0,0,0,0,0.90909090909090906,-3.5930541791062877e-07,8.7455637218201242e-06,0.0019132748798593843,0,1.6527727360747924e-06
148,7,11,0.20562177259717282,0.04228031336600345,1,-1,1,0,2,3013,0.016596622117758149,0.061216665627290751,0.044620043509532602,0.0019273712049295085,0.046561636694198182,0.044634265489268674,0.13520189061748403,0,0,0,0,0,1648,0.016596622117758149,0.061216295998900737,0.044619673881142588,0.0019273712049295085,0.046561636694198182,0.044634265489268674,0.13185868666495401,0,0,0,0,0,0.54696315964155329,-2.0418435682889126e-05,0.00099051412238209042,0.011879946479793273,0,0.00026552728660198736
148,7,11,0.20562177259717282,0.04228031336600345,1,-1,1,0,3,9,0.061226910497789083,0.061269437019680427,4.2526521891343705e-05,0.046625021229249844,0.046830739965282885,0.00020571873603304064,0.00045082210003194283,0,0,0,0,0,8,0.061226910497789083,0.061268973586727414,4.2063088938330828e-05,0.046625021229249844,0.046830739965282885,0.00020571873603304064,0.00045053695843528694,0,0,0,0,0,0.88888888888888884,-2.1569540268144075e-06,0.00010633380074618988,0.0059476449463812713,0,9.6109410433674485e-06
148,7,11,0.20562177259717282,0.04228031336600345,1,-1,1,0,4,9,0.061291921946682898,0.061322248979452279,3.032703276938109e-05,0.046960315245187553,0.047107583321365748,0.00014726807617819471,0.00032261149395697948,0,0,0,0,0,8,0.061291921946682898,0.061321708519057619,2.9786572374720932e-05,0.046960315245187553,0.047107583321365748,0.00014726807617819471,0.00032240295028101621,0,0,0,0,0,0.88888888888888884,-1.6759412271722722e-06,7.9047653009718162e-05,0.0052524543386961694,0,7.2155394863149278e-06
148,7,11,0.20562177259717282,0.04228031336600345,1,-1,3,1,1,2706,0.010098866323941195,0.07444780840664264,0.064348942082701449,0,0.10000000000000001,0.10000000000000001,0.12866854801764788,0,0,1,1,0.00073909830007390983,1544,0.015957304869913275,0.061450983457109781,0.045493678587196509,0.001759128257210584,0.04783188792528352,0.046072759668072935,0.068450776749007403,0,0,0,0,0,0.93680709534368067,-0.006829191455538286,0.00099051412238209042,0.021983265620479964,0,0.021451324195825922
148,7,11,0.20562177259717282,0.04228031336600345,-1,1,1,0,1,115,0,0.0033824250692802756,0.0033824250692802756,0,0.0033901430915123337,0.0033901430915123337,0.004790120082030426,1,0,1,0,0.017391304347826087,0,nan,nan,nan,nan,nan,nan,0,0,0,0,0,nan,0.0086956521739130436,-9.8498802550687126e-09,0,2.4068929213734633e-07,0,0.00010320219609180357
148,7,11,0.20562177259717282,0.04228031336600345,-1,1,3,1,1,3854,0.010098866323941195,0.07444780840664264,0.064348942082701449,0,0.10000000000000001,0.10000000000000001,0.19852306922183999,0,0,1,1,0.0005189413596263622,0,nan,nan,nan,nan,nan,nan,0,0,0,0,0,nan,0.25480020757654387,-0.0082399599125474784,-4.5763197397182701e-05,0.017167381579367671,0,0.03295983965018992
148,7,11,0.20562177259717282,0.04228031336600345,-1,-1,3,1,1,3854,0.010098866323941195,0.07444780840664264,0.064348942082701449,0,0.10000000000000001,0.10000000000000001,0.19852306922183999,0,0,1,1,0.0005189413596263622,0,nan,nan,nan,nan,nan,nan,0,0,0,0,0,nan,0.25480020757654387,-0.0082399599125474784,-4.5763197397182701e-05,0.0062455379243726381,0,0.03295983965018992
149,11,7,0.20562177259717282,0.04228031336600345,1,1,1,0,1,2689,0.0033824250692802756,0.062462391982509968,0.059079966913229691,0,0.10000000000000001,0.10000000000000001,0.13395172628221652,0,0,1,1,0.00074377091855708439,1743,0.013128752501667777,0.062430365911207798,0.049301613409540021,0.0012893779105781797,0.060173448965977316,0.05888407105539914,0.08385453071336442,0,0,0,0,0,0.64894012644105614,-0.00010018967844643544,0.00099051412238209042,0.013546305737598871,0,0.0032685595932872465
149,11,7,0.20562177259717282,0.04228031336600345,1,1,3,1,1,2706,0.010098866323941195,0.07444780840664264,0.064348942082701449,0,0.10000000000000001,0.10000000000000001,0.12866854801764788,0,0,1,1,0.00073909830007390983,1544,0.015957304869913275,0.061450983457109781,0.045493678587196509,0.001759128257210584,0.04783188792528352,0.046072759668072935,0.068450776749007403,0,0,0,0,0,0.93680709534368067,-0.006829191455538286,0.00099051412238209042,0.037541014220354677,0,0.021451324195825922
149,11,7,0.20562177259717282,0.04228031336600345,1,-1,1,0,1,11,0.016355683108926624,0.016555081889537675,0.00019939878061105143,0.0018630637254332264,0.0019199380289537768,5.6874303520550434e-05,0.00044935031030037551,0,0,0,0,0,10,0.016355683108926624,0.016555081889537675,0.00019939878061105143,0.0018640874247937648,0.0019199380289537768,5.5850604160012033e-05,0.00044840906150017668,0,0,0,0,0,0.90909090909090906,-3.5930541791062877e-07,8.7455637218201242e-06,0.0019132748798593843,0,1.6527727360747924e-06
149,11,7,0.20562177259717282,0.04228031336600345,1,-1,1,0,2,3013,0.016596622117758149,0.061216665627290751,0.044620043509532602,0.0019273712049295085,0.046561636694198182,0.044634265489268674,0.13520189061748403,0,0,0,0,0,1648,0.016596622117758149,0.061216295998900737,0.044619673881142588,0.0019273712049295085,0.046561636694198182,0.044634265489268674,0.13185868666495401,0,0,0,0,0,0.54696315964155329,-2.0418435682889126e-05,0.00099051412238209042,0.011879946479793273,0,0.00026552728660198736
149,11,7,0.20562177259717282,0.04228031336600345,1,-1,1,0,3,9,0.061226910497789083,0.061269437019680427,4.2526521891343705e-05,0.046625021229249844,0.046830739965282885,0.00020571873603304064,0.00045082210003194283,0,0,0,0,0,8,0.061226910497789083,0.061268973586727414,4.2063088938330828e-05,0.046625021229249844,0.046830739965282885,0.00020571873603304064,0.00045053695843528694,0,0,0,0,0,0.88888888888888884,-2.1569540268144075e-06,0.00010633380074618988,0.0059476449463812713,0,9.6109410433674485e-06
149,11,7,0.20562177259717282,0.04228031336600345,1,-1,1,0,4,9,0.061291921946682898,0.061322248979452279,3.032703276938109e-05,0.046960315245187553,0.047107583321365748,0.00014726807617819471,0.00032261149395697948,0,0,0,0,0,8,0.061291921946682898,0.061321708519057619,2.9786572374720932e-05,0.046960315245187553,0.047107583321365748,0.00014726807617819471,0.00032240295028101621,0,0,0,0,0,0.88888888888888884,-1.6759412271722722e-06,7.9047653009718162e-05,0.0052524543386961694,0,7.2155394863149278e-06
149,11,7,0.20562177259717282,0.04228031336600345,1,-1,3,1,1,2706,0.010098866323941195,0.07444780840664264,0.064348942082701449,0,0.10000000000000001,0.10000000000000001,0.12866854801764788,0,0,1,1,0.00073909830007390983,1544,0.015957304869913275,0.061450983457109781,0.045493678587196509,0.001759128257210584,0.04783188792528352,0.046072759668072935,0.068450776749007403,0,0,0,0,0,0.93680709534368067,-0.006829191455538286,0.00099051412238209042,0.021983265620479964,0,0.021451324195825922
149,11,7,0.20562177259717282,0.04228031336600345,-1,1,1,0,1,115,0,0.0033824250692802756,0.0033824250692802756,0,0.0033901430915123337,0.0033901430915123337,0.004790120082030426,1,0,1,0,0.017391304347826087,0,nan,nan,nan,nan,nan,nan,0,0,0,0,0,nan,0.0086956521739130436,-9.8498802550687126e-09,0,2.4068929213734633e-07,0,0.00010320219609180357
149,11,7,0.20562177259717282,0.04228031336600345,-1,1,3,1,1,3854,0.010098866323941195,0.07444780840664264,0.064348942082701449,0,0.10000000000000001,0.10000000000000001,0.19852306922183999,0,0,1,1,0.0005189413596263622,0,nan,nan,nan,nan,nan,nan,0,0,0,0,0,nan,0.25480020757654387,-0.0082399599125474784,-4.5763197397182701e-05,0.017167381579367671,0,0.03295983965018992
149,11,7,0.20562177259717282,0.04228031336600345,-1,-1,3,1,1,3854,0.010098866323941195,0.07444780840664264,0.064348942082701449,0,0.10000000000000001,0.10000000000000001,0.19852306922183999,0,0,1,1,0.0005189413596263622,0,nan,nan,nan,nan,nan,nan,0,0,0,0,0,nan,0.25480020757654387,-0.0082399599125474784,-4.5763197397182701e-05,0.0062455379243726381,0,0.03295983965018992
150,2,13,0.2072882322569794,0.042968411232223433,1,1,1,0,1,2688,0.003437472898577874,0.062462400624627601,0.059024927726049725,0,0.10000000000000001,0.10000000000000001,0.1339442629638031,0,0,1,1,0.00074404761904761901,1731,0.013128752501667777,0.062428583778946396,0.049299831277278619,0.0012909812366476282,0.060173448965977316,0.058882467729329688,0.083889810456205305,0,0,0,0,0,0.64471726190476186,-9.3593844136327051e-05,0.0009757371508896292,0.013361896443943009,0,0.003268036226691078
150,2,13,0.2072882322569794,0.042968411232223433,1,1,3,1,1,2705,0.010261372598093912,0.074505095534797214,0.064243722936703301,0,0.10000000000000001,0.10000000000000001,0.12855648860479185,0,0,1,1,0.00073937153419593343,1533,0.016224149432955304,0.061410249264115396,0.045186099831160093,0.0018115979589913398,0.047565043362241495,0.045753445403250152,0.067933582842039084,0,0,0,0,0,0.93456561922365988,-0.006860233414399482,0.0009757371508896292,0.037509720372606636,0,0.021561633194518925
150,2,13,0.2072882322569794,0.042968411232223433,1,-1,1,0,1,11,0.016668853228128385,0.016875976317430996,0.00020712308930261047,0.0019295730287043266,0.0019894563863176546,5.9883357613327998e-05,0.0004675262762079543,0,0,0,0,0,10,0.016668853228128385,0.016875976317430996,0.00020712308930261047,0.0019305715485917296,0.0019894563863176546,5.888483772592502e-05,0.00046657504400672551,0,0,0,0,0,0.90909090909090906,-3.0292181139320341e-07,9.3767000729560162e-06,0.0019873176586357563,0,1.4459329784043947e-06
150,2,13,0.2072882322569794,0.042968411232223433,1,-1,1,0,2,2979,0.016906223282305073,0.06111051746822637,0.044204294185921297,0.0019938470610689433,0.046004806691659766,0.044010959630590825,0.13345778422969778,0,0,0,0,0,1622,0.016906223282305073,0.061110221820503727,0.044203998538198654,0.00199458813714622,0.046004806691659766,0.04401021855451355,0.13013148220874121,0,0,0,0,0,0.54447801275595842,-2.19882762605247e-05,0.0009757371508896292,0.011821709180293551,0,0.00025792325473660721
150,2,13,0.2072882322569794,0.042968411232223433,1,-1,1,0,3,11,0.061112421268849318,0.061163199874034589,5.0778605185271275e-05,0.046020210582554281,0.046261178354045723,0.00024096777149144183,0.00052624944791278554,0,0,0,0,0,11,0.061112421268849318,0.061163199874034589,5.0778605185271275e-05,0.046020210582554281,0.046261178354045723,0.00024096777149144183,0.00052624944791278554,0,0,0,0,0,1,1.2014616834641145e-05,0.00013196150033561633,0.0082517070574068853,0.0034203260551553326,-4.6794521294297753e-05
150,2,13,0.2072882322569794,0.042968411232223433,1,-1,1,0,4,9,0.061180593754816673,0.061215866599006859,3.5272844190185892e-05,0.046353113138788204,0.046524086708543078,0.0001709735697548731,0.00036979122795977124,0,0,0,0,0,9,0.061180593754816673,0.061215866599006859,3.5272844190185892e-05,0.046353113138788204,0.046524086708543078,0.0001709735697548731,0.00036979122795977124,0,0,0,0,0,1,1.9653140919226632e-05,0.0001060110054290331,0.0076205752087307134,0.0044154089205917018,-7.79833437441631e-05
150,2,13,0.2072882322569794,0.042968411232223433,1,-1,3,1,1,2705,0.010261372598093912,0.074505095534797214,0.064243722936703301,0,0.10000000000000001,0.10000000000000001,0.12855648860479185,0,0,1,1,0.00073937153419593343,1533,0.016224149432955304,0.061410249264115396,0.045186099831160093,0.0018115979589913398,0.047565043362241495,0.045753445403250152,0.067933582842039084,0,0,0,0,0,0.93456561922365988,-0.006860233414399482,0.0009757371508896292,0.02184672259067592,0,0.021561633194518925
150,2,13,0.2072882322569794,0.042968411232223433,-1,1,1,0,1,117,0,0.003437472898577874,0.003437472898577874,0,0.0034454460478995489,0.0034454460478995489,0.0048683239320869535,1,0,1,0,0.017094017094017096,0,nan,nan,nan,nan,nan,nan,0,0,0,0,0,nan,0.0085470085470085479,-9.4119703154794086e-09,5.3846637491844821e-09,2.5504533181000819e-07,0,0.00010659270467676795
150,2,13,0.2072882322569794,0.042968411232223433,-1,1,3,1,1,3853,0.010261372598093912,0.074505095534797214,0.064243722936703301,0,0.10000000000000001,0.10000000000000001,0.19842664479248234,0,0,1,1,0.00051907604464053979,0,nan,nan,nan,nan,nan,nan,0,0,0,0,0,nan,0.25642356605242667,-0.0082103435925503961,-4.7264879713829506e-05,0.017267886180176786,0,0.032841374370201591
150,2,13,0.2072882322569794,0.042968411232223433,-1,-1,3,1,1,3853,0.010261372598093912,0.074505095534797214,0.064243722936703301,0,0.10000000000000001,0.10000000000000001,0.19842664479248234,0,0,1,1,0.00051907604464053979,0,nan,nan,nan,nan,nan,nan,0,0,0,0,0,nan,0.25642356605242667,-0.0082103435925503961,-4.7264879713829506e-05,0.0062726393898234452,0,0.032841374370201591
151,13,2,0.2072882322569794,0.042968411232223433,1,1,1,0,1,2688,0.003437472898577874,0.062462400624627601,0.059024927726049725,0,0.10000000000000001,0.10000000000000001,0.1339442629638031,0,0,1,1,0.00074404761904761901,1731,0.013128752501667777,0.062428583778946396,0.049299831277278619,0.0012909812366476282,0.060173448965977316,0.058882467729329688,0.083889810456205305,0,0,0,0,0,0.64471726190476186,-9.3593844136327051e-05,0.0009757371508896292,0.013361896443943009,0,0.003268036226691078
151,13,2,0.2072882322569794,0.042968411232223433,1,1,3,1,1,2705,0.010261372598093912,0.074505095534797214,0.064243722936703301,0,0.10000000000000001,0.10000000000000001,0.12855648860479185,0,0,1,1,0.00073937153419593343,1533,0.016224149432955304,0.061410249264115396,0.045186099831160093,0.0018115979589913398,0.047565043362241495,0.045753445403250152,0.067933582842039084,0,0,0,0,0,0.93456561922365988,-0.006860233414399482,0.0009757371508896292,0.037509720372606636,0,0.021561633194518925
151,13,2,0.2072882322569794,0.042968411232223433,1,-1,1,0,1,11,0.016668853228128385,0.016875976317430996,0.00020712308930261047,0.0019295730287043266,0.0019894563863176546,5.9883357613327998e-05,0.0004675262762079543,0,0,0,0,0,10,0.016668853228128385,0.016875976317430996,0.00020712308930261047,0.0019305715485917296,0.0019894563863176546,5.888483772592502e-05,0.00046657504400672551,0,0,0,0,0,0.90909090909090906,-3.0292181139320341e-07,9.3767000729560162e-06,0.0019873176586357563,0,1.4459329784043947e-06
151,13,2,0.2072882322569794,0.042968411232223433,1,-1,1,0,2,2979,0.016906223282305073,0.06111051746822637,0.044204294185921297,0.0019938470610689433,0.046004806691659766,0.044010959630590825,0.13345778422969778,0,0,0,0,0,1622,0.016906223282305073,0.061110221820503727,0.044203998538198654,0.00199458813714622,0.046004806691659766,0.04401021855451355,0.13013148220874121,0,0,0,0,0,0.54447801275595842,-2.19882762605247e-05,0.0009757371508896292,0.011821709180293551,0,0.00025792325473660721
151,13,2,0.2072882322569794,0.042968411232223433,1,-1,1,0,3,11,0.061112421268849318,0.061163199874034589,5.0778605185271275e-05,0.046020210582554281,0.046261178354045723,0.00024096777149144183,0.00052624944791278554,0,0,0,0,0,11,0.061112421268849318,0.061163199874034589,5.0778605185271275e-05,0.046020210582554281,0.046261178354045723,0.00024096777149144183,0.00052624944791278554,0,0,0,0,0,1,1.2014616834641145e-05,0.00013196150033561633,0.0082517070574068853,0.0034203260551553326,-4.6794521294297753e-05
151,13,2,0.2072882322569794,0.042968411232223433,1,-1,1,0,4,9,0.061180593754816673,0.061215866599006859,3.5272844190185892e-05,0.046353113138788204,0.046524086708543078,0.0001709735697548731,0.00036979122795977124,0,0,0,0,0,9,0.061180593754816673,0.061215866599006859,3.5272844190185892e-05,0.046353113138788204,0.046524086708543078,0.0001709735697548731,0.00036979122795977124,0,0,0,0,0,1,1.9653140919226632e-05,0.0001060110054290331,0.0076205752087307134,0.0044154089205917018,-7.79833437441631e-05
151,13,2,0.2072882322569794,0.042968411232223433,1,-1,3,1,1,2705,0.010261372598093912,0.074505095534797214,0.064243722936703301,0,0.10000000000000001,0.10000000000000001,0.12855648860479185,0,0,1,1,0.00073937153419593343,1533,0.016224149432955304,0.061410249264115396,0.045186099831160093,0.0018115979589913398,0.047565043362241495,0.045753445403250152,0.067933582842039084,0,0,0,0,0,0.93456561922365988,-0.006860233414399482,0.0009757371508896292,0.02184672259067592,0,0.021561633194518925
151,13,2,0.2072882322569794,0.042968411232223433,-1,1,1,0,1,117,0,0.003437472898577874,0.003437472898577874,0,0.0034454460478995489,0.0034454460478995489,0.0048683239320869535,1,0,1,0,0.017094017094017096,0,nan,nan,nan,nan,nan,nan,0,0,0,0,0,nan,0.0085470085470085479,-9.4119703154794086e-09,5.3846637491844821e-09,2.5504533181000819e-07,0,0.00010659270467676795
151,13,2,0.2072882322569794,0.042968411232223433,-1,1,3,1,1,3853,0.010261372598093912,0.074505095534797214,0.064243722936703301,0,0.10000000000000001,0.10000000000000001,0.19842664479248234,0,0,1,1,0.00051907604464053979,0,nan,nan,nan,nan,nan,nan,0,0,0,0,0,nan,0.25642356605242667,-0.0082103435925503961,-4.7264879713829506e-05,0.017267886180176786,0,0.032841374370201591
151,13,2,0.2072882322569794,0.042968411232223433,-1,-1,3,1,1,3853,0.010261372598093912,0.074505095534797214,0.064243722936703301,0,0.10000000000000001,0.10000000000000001,0.19842664479248234,0,0,1,1,0.00051907604464053979,0,nan,nan,nan,nan,nan,nan,0,0,0,0,0,nan,0.25642356605242667,-0.0082103435925503961,-4.7264879713829506e-05,0.0062726393898234452,0,0.032841374370201591
152,3,13,0.21027174207601876,0.044214205515683752,1,1,1,0,1,2686,0.0035371364412547001,0.062462422562306788,0.058925286121052085,0,0.10000000000000001,0.10000000000000001,0.13390142877422476,0,0,1,1,0.00074460163812360388,1706,0.013502334889926618,0.062426071268069899,0.048923736378143283,0.0013558156813052087,0.060173448965977316,0.058817633284672106,0.083530878307899181,0,0,0,0,0,0.6355174981384959,-8.2827488901990586e-05,0.00094902440228936591,0.013033776229287279,0,0.0032712612445054612
152,3,13,0.21027174207601876,0.044214205515683752,1,1,3,1,1,2701,0.010555886224471204,0.074608906622324778,0.064053020397853572,0,0.10000000000000001,0.10000000000000001,0.12835214193078009,0,0,1,1,0.00074046649389115145,1514,0.016757838559039361,0.061335669815800936,0.044577831256761576,0.0019225261464182691,0.047098065376917943,0.045175539230499676,0.066959969355889853,0,0,0,0,0,0.93298778230285084,-0.0069164846190377079,0.00094902440228936591,0.037379085718380022,0,0.021761618046182686
152,3,13,0.21027174207601876,0.044214205515683752,1,-1,1,0,1,2951,0.017269814621944057,0.061056772719078806,0.043786958097134746,0.0020620716695208042,0.045684103515349003,0.043622031845828198,0.13213015938547065,0,0,0,0,0,1621,0.017269814621944057,0.061056772719078806,0.043786958097134746,0.0020629474033546976,0.045684103515349003,0.043621156111994304,0.12892755021011296,0,0,0,0,0,0.54930532023043033,-2.0933090394889898e-05,0.00094902440228936591,0.011663117406324785,0,0.00024449802945405291
152,3,13,0.21027174207601876,0.044214205515683752,1,-1,1,0,2,9,0.061070036827527333,0.061109363672273688,3.9326844746355449e-05,0.045742960313949317,0.045935633830249928,0.00019267351630061075,0.00041139497932702685,0,0,0,0,0,9,0.061070036827527333,0.061109363672273688,3.9326844746355449e-05,0.045742960313949317,0.045935633830249928,0.00019267351630061075,0.00041139497932702685,0,0,0,0,0,1,1.8789067561766764e-05,0.00011362995348705748,0.0078474316525345977,0.0043115579747968827,-7.4358128680138372e-05
152,3,13,0.21027174207601876,0.044214205515683752,1,-1,1,0,3,9,0.061126009780959348,0.061162460187894958,3.645040693561058e-05,0.0460251614485227,0.046193295114063608,0.00016813366554090797,0.00036987925444908771,0,0,0,0,0,9,0.061126009780959348,0.061162460187894958,3.645040693561058e-05,0.0460251614485227,0.046193295114063608,0.00016813366554090797,0.00036987925444908771,0,0,0,0,0,1,3.5489120291065308e-06,9.1994835794421411e-05,0.0063006896560978565,0.0018401599175760081,-1.3544754089013365e-05
152,3,13,0.21027174207601876,0.044214205515683752,1,-1,3,1,1,2701,0.010555886224471204,0.074608906622324778,0.064053020397853572,0,0.10000000000000001,0.10000000000000001,0.12835214193078009,0,0,1,1,0.00074046649389115145,1514,0.016757838559039361,0.061335669815800936,0.044577831256761576,0.0019225261464182691,0.047098065376917943,0.045175539230499676,0.066959969355889853,0,0,0,0,0,0.93298778230285084,-0.0069164846190377079,0.00094902440228936591,0.021587124282216659,0,0.021761618046182686
152,3,13,0.21027174207601876,0.044214205515683752,-1,1,1,0,1,121,0,0.0035371364412547001,0.0035371364412547001,0,0.003545581073560157,0.003545581073560157,0.0050100074822742452,1,0,1,0,0.016528925619834711,0,nan,nan,nan,nan,nan,nan,0,0,0,0,0,nan,0.0082644628099173556,-7.1960540024052259e-08,0,1.8781030267106166e-07,0,0.00011287089552750511
152,3,13,0.21027174207601876,0.044214205515683752,-1,1,3,1,1,3845,0.010555886224471204,0.074608906622324778,0.064053020397853572,0,0.10000000000000001,0.10000000000000001,0.19800106295385803,0,0,1,1,0.0005201560468140442,0,nan,nan,nan,nan,nan,nan,0,0,0,0,0,nan,0.25877763328998699,-0.0081566964945617802,-5.0045336816207845e-05,0.017396552228726006,0,0.032626785978247121
152,3,13,0.21027174207601876,0.044214205515683752,-1,-1,3,1,1,3845,0.010555886224471204,0.074608906622324778,0.064053020397853572,0,0.10000000000000001,0.10000000000000001,0.19800106295385803,0,0,1,1,0.0005201560468140442,0,nan,nan,nan,nan,nan,nan,0,0,0,0,0,nan,0.25877763328998699,-0.0081566964945617802,-5.0045336816207845e-05,0.0063049629233503778,0,0.032626785978247121
153,13,3,0.21027174207601876,0.044214205515683752,1,1,1,0,1,2686,0.0035371364412547001,0.062462422562306788,0.058925286121052085,0,0.10000000000000001,0.10000000000000001,0.13390142877422476,0,0,1,1,0.00074460163812360388,1706,0.013502334889926618,0.062426071268069899,0.048923736378143283,0.0013558156813052087,0.060173448965977316,0.058817633284672106,0.083530878307899181,0,0,0,0,0,0.6355174981384959,-8.2827488901990586e-05,0.00094902440228936591,0.013033776229287279,0,0.0032712612445054612
153,13,3,0.21027174207601876,0.044214205515683752,1,1,3,1,1,2701,0.010555886224471204,0.074608906622324778,0.064053020397853572,0,0.10000000000000001,0.10000000000000001,0.12835214193078009,0,0,1,1,0.00074046649389115145,1514,0.016757838559039361,0.061335669815800936,0.044577831256761576,0.0019225261464182691,0.047098065376917943,0.045175539230499676,0.066959969355889853,0,0,0,0,0,0.93298778230285084,-0.0069164846190377079,0.00094902440228936591,0.037379085718380022,0,0.021761618046182686
153,13,3,0.21027174207601876,0.044214205515683752,1,-1,1,0,1,2951,0.017269814621944057,0.061056772719078806,0.043786958097134746,0.0020620716695208042,0.045684103515349003,0.043622031845828198,0.13213015938547065,0,0,0,0,0,1621,0.017269814621944057,0.061056772719078806,0.043786958097134746,0.0020629474033546976,0.045684103515349003,0.043621156111994304,0.12892755021011296,0,0,0,0,0,0.54930532023043033,-2.0933090394889898e-05,0.00094902440228936591,0.011663117406324785,0,0.00024449802945405291
153,13,3,0.21027174207601876,0.044214205515683752,1,-1,1,0,2,9,0.061070036827527333,0.061109363672273688,3.9326844746355449e-05,0.045742960313949317,0.045935633830249928,0.00019267351630061075,0.00041139497932702685,0,0,0,0,0,9,0.061070036827527333,0.061109363672273688,3.9326844746355449e-05,0.045742960313949317,0.045935633830249928,0.00019267351630061075,0.00041139497932702685,0,0,0,0,0,1,1.8789067561766764e-05,0.00011362995348705748,0.0078474316525345977,0.0043115579747968827,-7.4358128680138372e-05
153,13,3,0.21027174207601876,0.044214205515683752,1,-1,1,0,3,9,0.061126009780959348,0.061162460187894958,3.645040693561058e-05,0.0460251614485227,0.046193295114063608,0.00016813366554090797,0.00036987925444908771,0,0,0,0,0,9,0.061126009780959348,0.061162460187894958,3.645040693561058e-05,0.0460251614485227,0.046193295114063608,0.00016813366554090797,0.00036987925444908771,0,0,0,0,0,1,3.5489120291065308e-06,9.1994835794421411e-05,0.0063006896560978565,0.0018401599175760081,-1.3544754089013365e-05
153,13,3,0.21027174207601876,0.044214205515683752,1,-1,3,1,1,2701,0.010555886224471204,0.074608906622324778,0.064053020397853572,0,0.10000000000000001,0.10000000000000001,0.12835214193078009,0,0,1,1,0.00074046649389115145,1514,0.016757838559039361,0.061335669815800936,0.044577831256761576,0.0019225261464182691,0.047098065376917943,0.045175539230499676,0.066959969355889853,0,0,0,0,0,0.93298778230285084,-0.0069164846190377079,0.00094902440228936591,0.021587124282216659,0,0.021761618046182686
153,13,3,0.21027174207601876,0.044214205515683752,-1,1,1,0,1,121,0,0.0035371364412547001,0.0035371364412547001,0,0.003545581073560157,0.003545581073560157,0.0050100074822742452,1,0,1,0,0.016528925619834711,0,nan,nan,nan,nan,nan,nan,0,0,0,0,0,nan,0.0082644628099173556,-7.1960540024052259e-08,0,1.8781030267106166e-07,0,0.00011287089552750511
153,13,3,0.21027174207601876,0.044214205515683752,-1,1,3,1,1,3845,0.010555886224471204,0.074608906622324778,0.064053020397853572,0,0.10000000000000001,0.10000000000000001,0.19800106295385803,0,0,1,1,0.0005201560468140442,0,nan,nan,nan,nan,nan,nan,0,0,0,0,0,nan,0.25877763328998699,-0.0081566964945617802,-5.0045336816207845e-05,0.017396552228726006,0,0.032626785978247121
153,13,3,0.21027174207601876,0.044214205515683752,-1,-1,3,1,1,3845,0.010555886224471204,0.074608906622324778,0.064053020397853572,0,0.10000000000000001,0.10000000000000001,0.19800106295385803,0,0,1,1,0.0005201560468140442,0,nan,nan,nan,nan,nan,nan,0,0,0,0,0,nan,0.25877763328998699,-0.0081566964945617802,-5.0045336816207845e-05,0.0063049629233503778,0,0.032626785978247121
154,6,12,0.21153438247204023,0.044746794967827408,1,1,1,0,1,2685,0.0035797435974261925,0.062462434475701156,0.058882690878274961,0,0.10000000000000001,0.10000000000000001,0.13385567065222695,0,0,1,1,0.00074487895716945994,1701,0.013875917278185455,0.06242520177397104,0.048549284495785584,0.0014202764102877316,0.060173448965977316,0.058753172555689584,0.083193413393921972,0,0,0,0,0,0.63389199255121043,-7.8624933862948341e-05,0.0009376318206240228,0.012896299022079583,0,0.0032740697614756938
154,6,12,0.21153438247204023,0.044746794967827408,1,1,3,1,1,2699,0.010681902728036683,0.074653326097888106,0.063971423369851427,0,0.10000000000000001,0.10000000000000001,0.12826426551021095,0,0,1,1,0.00074101519081141163,1505,0.016971314209472982,0.061303388758916631,0.044332074549443649,0.0019666928337376704,0.046897931954636422,0.044931239120898754,0.066558167792732298,0,0,0,0,0,0.93071507965913303,-0.006940553195652459,0.0009376318206240228,0.037349483150478424,0,0.02184722348246685
154,6,12,0.21153438247204023,0.044746794967827408,1,-1,1,0,1,9,0.017325266220543201,0.017463620589310537,0.00013835436876733637,0.0020646428614201268,0.0021043918227839761,3.9748961363849245e-05,0.00030863822303272572,0,0,0,0,0,9,0.017325266220543201,0.017463620589310537,0.00013835436876733637,0.0020646428614201268,0.0021043918227839761,3.9748961363849245e-05,0.00030863822303272572,0,0,0,0,0,1,7.1992680001989882e-07,7.259055818849481e-06,0.0019581560991879295,0.0008335995895573942,-2.779553102841024e-06
154,6,12,0.21153438247204023,0.044746794967827408,1,-1,1,0,2,2929,0.017555440983051233,0.061003479968324052,0.043448038985272816,0.0021288045707716519,0.045408646387918285,0.043279841817146635,0.13097879860840164,0,0,0,0,0,1608,0.017555440983051233,0.061003479968324052,0.043448038985272816,0.0021288045707716519,0.045408646387918285,0.043279841817146635,0.12789416639103152,0,0,0,0,0,0.54899283031751456,-1.9869274426802228e-05,0.0009376318206240228,0.011610869347620253,0,0.0002388988555089589
154,6,12,0.21153438247204023,0.044746794967827408,1,-1,1,0,3,11,0.061005052981663282,0.061056437749050549,5.1384767387266383e-05,0.045422205089190225,0.045654775926696492,0.00023257083750626711,0.0005123575622202574,0,0,0,0,0,11,0.061005052981663282,0.061056437749050549,5.1384767387266383e-05,0.045422205089190225,0.045654775926696492,0.00023257083750626711,0.0005123575622202574,0,0,0,0,0,1,4.9184938403944498e-06,0.00012172402059727051,0.0076239118259587074,0.0021480311948282129,-1.8456152055820477e-05
154,6,12,0.21153438247204023,0.044746794967827408,1,-1,1,0,4,9,0.061076074746877998,0.061109019097362667,3.2944350484669094e-05,0.045754498829534931,0.045906618315218792,0.00015211948568386036,0.00033113519587483738,0,0,0,0,0,9,0.061076074746877998,0.061109019097362667,3.2944350484669094e-05,0.045754498829534931,0.045906618315218792,0.00015211948568386036,0.00033113519587483738,0,0,0,0,0,1,1.9387285242281139e-05,9.6224318108842022e-05,0.007378997529709469,0.0043888118853142944,-7.7046679058704036e-05
154,6,12,0.21153438247204023,0.044746794967827408,1,-1,1,0,5,9,0.061131819005095483,0.061162159158322023,3.0340153226539324e-05,0.046026483900158816,0.046164716039690294,0.00013823213953147867,0.00030484216537507197,0,0,0,0,0,8,0.061131819005095483,0.061161568081958828,2.9749076863344603e-05,0.046026483900158816,0.046164716039690294,0.00013823213953147867,0.00030462159155818523,0,0,0,0,0,0.88888888888888884,-9.9776534697465654e-08,7.4429352795635589e-05,0.0053434016747256168,0,8.4996205365408531e-07
154,6,12,0.21153438247204023,0.044746794967827408,1,-1,3,1,1,2699,0.010681902728036683,0.074653326097888106,0.063971423369851427,0,0.10000000000000001,0.10000000000000001,0.12826426551021095,0,0,1,1,0.00074101519081141163,1505,0.016971314209472982,0.061303388758916631,0.044332074549443649,0.0019666928337376704,0.046897931954636422,0.044931239120898754,0.066558167792732298,0,0,0,0,0,0.93071507965913303,-0.006940553195652459,0.0009376318206240228,0.021484091279682909,0,0.02184722348246685
154,6,12,0.21153438247204023,0.044746794967827408,-1,1,1,0,1,122,0,0.0035797435974261925,0.0035797435974261925,0,0.0035883943505211611,0.0035883943505211611,0.0050706271139740484,1,0,1,0,0.016393442622950821,0,nan,nan,nan,nan,nan,nan,0,0,0,0,0,nan,0.0081967213114754103,-5.2091388562762328e-08,0,3.5130147281780798e-08,0,0.00011560984922109847
154,6,12,0.21153438247204023,0.044746794967827408,-1,1,3,1,1,3845,0.010681902728036683,0.074653326097888106,0.063971423369851427,0,0.10000000000000001,0.10000000000000001,0.19797486494119809,0,0,1,1,0.0005201560468140442,0,nan,nan,nan,nan,nan,nan,0,0,0,0,0,nan,0.26059817945383618,-0.0081337447268526788,-5.1258256893255274e-05,0.017455694593147636,0,0.032534978907410715
154,6,12,0.21153438247204023,0.044746794967827408,-1,-1,3,1,1,3845,0.010681902728036683,0.074653326097888106,0.063971423369851427,0,0.10000000000000001,0.10000000000000001,0.19797486494119809,0,0,1,1,0.0005201560468140442,0,nan,nan,nan,nan,nan,nan,0,0,0,0,0,nan,0.26059817945383618,-0.0081337447268526788,-5.1258256893255274e-05,0.006320204050743009,0,0.032534978907410715
155,12,6,0.21153438247204023,0.044746794967827408,1,1,1,0,1,2685,0.0035797435974261925,0.062462434475701156,0.058882690878274961,0,0.10000000000000001,0.10000000000000001,0.13385567065222695,0,0,1,1,0.00074487895716945994,1701,0.013875917278185455,0.06242520177397104,0.048549284495785584,0.0014202764102877316,0.060173448965977316,0.058753172555689584,0.083193413393921972,0,0,0,0,0,0.63389199255121043,-7.8624933862948341e-05,0.0009376318206240228,0.012896299022079583,0,0.0032740697614756938
155,12,6,0.21153438247204023,0.044746794967827408,1,1,3,1,1,2699,0.010681902728036683,0.074653326097888106,0.063971423369851427,0,0.10000000000000001,0.10000000000000001,0.12826426551021095,0,0,1,1,0.00074101519081141163,1505,0.016971314209472982,0.061303388758916631,0.044332074549443649,0.0019666928337376704,0.046897931954636422,0.044931239120898754,0.066558167792732298,0,0,0,0,0,0.93071507965913303,-0.006940553195652459,0.0009376318206240228,0.037349483150478424,0,0.02184722348246685
155,12,6,0.21153438247204023,0.044746794967827408,1,-1,1,0,1,9,0.017325266220543201,0.017463620589310537,0.00013835436876733637,0.0020646428614201268,0.0021043918227839761,3.9748961363849245e-05,0.00030863822303272572,0,0,0,0,0,9,0.017325266220543201,0.017463620589310537,0.00013835436876733637,0.0020646428614201268,0.0021043918227839761,3.9748961363849245e-05,0.00030863822303272572,0,0,0,0,0,1,7.1992680001989882e-07,7.259055818849481e-06,0.0019581560991879295,0.0008335995895573942,-2.779553102841024e-06
155,12,6,0.21153438247204023,0.044746794967827408,1,-1,1,0,2,2929,0.017555440983051233,0.061003479968324052,0.043448038985272816,0.0021288045707716519,0.045408646387918285,0.043279841817146635,0.13097879860840164,0,0,0,0,0,1608,0.017555440983051233,0.061003479968324052,0.043448038985272816,0.0021288045707716519,0.045408646387918285,0.043279841817146635,0.12789416639103152,0,0,0,0,0,0.54899283031751456,-1.9869274426802228e-05,0.0009376318206240228,0.011610869347620253,0,0.0002388988555089589
155,12,6,0.21153438247204023,0.044746794967827408,1,-1,1,0,3,11,0.061005052981663282,0.061056437749050549,5.1384767387266383e-05,0.045422205089190225,0.045654775926696492,0.00023257083750626711,0.0005123575622202574,0,0,0,0,0,11,0.061005052981663282,0.061056437749050549,5.1384767387266383e-05,0.045422205089190225,0.045654775926696492,0.00023257083750626711,0.0005123575622202574,0,0,0,0,0,1,4.9184938403944498e-06,0.00012172402059727051,0.0076239118259587074,0.0021480311948282129,-1.8456152055820477e-05
155,12,6,0.21153438247204023,0.044746794967827408,1,-1,1,0,4,9,0.061076074746877998,0.061109019097362667,3.2944350484669094e-05,0.045754498829534931,0.045906618315218792,0.00015211948568386036,0.00033113519587483738,0,0,0,0,0,9,0.061076074746877998,0.061109019097362667,3.2944350484669094e-05,0.045754498829534931,0.045906618315218792,0.00015211948568386036,0.00033113519587483738,0,0,0,0,0,1,1.9387285242281139e-05,9.6224318108842022e-05,0.007378997529709469,0.0043888118853142944,-7.7046679058704036e-05
155,12,6,0.21153438247204023,0.044746794967827408,1,-1,1,0,5,9,0.061131819005095483,0.061162159158322023,3.0340153226539324e-05,0.046026483900158816,0.046164716039690294,0.00013823213953147867,0.00030484216537507197,0,0,0,0,0,8,0.061131819005095483,0.061161568081958828,2.9749076863344603e-05,0.046026483900158816,0.046164716039690294,0.00013823213953147867,0.00030462159155818523,0,0,0,0,0,0.88888888888888884,-9.9776534697465654e-08,7.4429352795635589e-05,0.0053434016747256168,0,8.4996205365408531e-07
155,12,6,0.21153438247204023,0.044746794967827408,1,-1,3,1,1,2699,0.010681902728036683,0.074653326097888106,0.063971423369851427,0,0.10000000000000001,0.10000000000000001,0.12826426551021095,0,0,1,1,0.00074101519081141163,1505,0.016971314209472982,0.061303388758916631,0.044332074549443649,0.0019666928337376704,0.046897931954636422,0.044931239120898754,0.066558167792732298,0,0,0,0,0,0.93071507965913303,-0.006940553195652459,0.0009376318206240228,0.021484091279682909,0,0.02184722348246685
155,12,6,0.21153438247204023,0.044746794967827408,-1,1,1,0,1,122,0,0.0035797435974261925,0.0035797435974261925,0,0.0035883943505211611,0.0035883943505211611,0.0050706271139740484,1,0,1,0,0.016393442622950821,0,nan,nan,nan,nan,nan,nan,0,0,0,0,0,nan,0.0081967213114754103,-5.2091388562762328e-08,0,3.5130147281780798e-08,0,0.00011560984922109847
155,12,6,0.21153438247204023,0.044746794967827408,-1,1,3,1,1,3845,0.010681902728036683,0.074653326097888106,0.063971423369851427,0,0.10000000000000001,0.10000000000000001,0.19797486494119809,0,0,1,1,0.0005201560468140442,0,nan,nan,nan,nan,nan,nan,0,0,0,0,0,nan,0.26059817945383618,-0.0081337447268526788,-5.1258256893255274e-05,0.017455694593147636,0,0.032534978907410715
155,12,6,0.21153438247204023,0.044746794967827408,-1,-1,3,1,1,3845,0.010681902728036683,0.074653326097888106,0.063971423369851427,0,0.10000000000000001,0.10000000000000001,0.19797486494119809,0,0,1,1,0.0005201560468140442,0,nan,nan,nan,nan,nan,nan,0,0,0,0,0,nan,0.26059817945383618,-0.0081337447268526788,-5.1258256893255274e-05,0.006320204050743009,0,0.032534978907410715
156,9,10,0.21218924399657546,0.04502427526783824,1,1,1,0,1,2685,0.0036019420214270592,0.062462441150612419,0.05886049912918536,0,0.10000000000000001,0.10000000000000001,0.13385729820416431,0,0,1,1,0.00074487895716945994,1697,0.013875917278185457,0.062423125927646206,0.04854720864946075,0.0014212075391936171,0.060106737825216819,0.058685530286023205,0.083142885706927433,0,0,0,0,0,0.63240223463687151,-7.6520267266655916e-05,0.00093169191599636145,0.012817824307080812,0,0.0032758379575338306
156,9,10,0.21218924399657546,0.04502427526783824,1,1,3,1,1,2699,0.0107475827067245,0.074676476996174149,0.063928894289449645,0,0.099999999999999992,0.099999999999999992,0.12821972312075641,0,0,1,1,0.00074101519081141163,1500,0.017121762003056287,0.061280399085069416,0.044158637082013133,0.0020013342228152099,0.046764509673115406,0.044763175450300195,0.066278131227958392,0,0,0,0,0,0.92997406446832165,-0.0069530974760535396,0.00093169191599636145,0.037337928826073424,0,0.021891848854308567
156,9,10,0.21218924399657546,0.04502427526783824,1,-1,1,0,1,11,0.017584142435472502,0.017789174808208564,0.00020503237273606159,0.0021297003781240624,0.0021896691532604395,5.9968775136377047e-05,0.00045898360245592076,0,0,0,0,0,11,0.017584142435472502,0.017789174808208564,0.00020503237273606159,0.0021297003781240624,0.0021896691532604395,5.9968775136377047e-05,0.00045898360245592076,0,0,0,0,0,1,4.8975768196868135e-07,1.0449102377291074e-05,0.0022799869464019472,0.00065876747572753212,-1.7358983483056983e-06
156,9,10,0.21218924399657546,0.04502427526783824,1,-1,1,0,2,2907,0.017811541984739124,0.060950684933573494,0.043139142948834371,0.002193839467666295,0.045152273141995054,0.042958433674328757,0.12991306334737829,0,0,0,0,0,1589,0.017811541984739124,0.060950408622770201,0.043138866638031077,0.002193839467666295,0.045152273141995054,0.042958433674328757,0.12683001029384772,0,0,0,0,0,0.54661162710698319,-1.9783032173247516e-05,0.00093169191599636145,0.011603979368747267,0,0.00023596046680321938
156,9,10,0.21218924399657546,0.04502427526783824,1,-1,1,0,3,11,0.060949620308372268,0.061003289298333624,5.3668989961355718e-05,0.045150062106773393,0.045393258422471952,0.00024319631569855865,0.00053166600068541784,0,0,0,0,0,11,0.060949620308372268,0.061003289298333624,5.3668989961355718e-05,0.045150062106773393,0.045393258422471952,0.00024319631569855865,0.00053166600068541784,0,0,0,0,0,1,1.6238333664985144e-05,0.00013373231890499102,0.0084784723991773239,0.0039906535145455982,-6.3701261892620538e-05
156,9,10,0.21218924399657546,0.04502427526783824,1,-1,1,0,4,11,0.061008171657920642,0.06105626740463814,4.8095746717498333e-05,0.045423127383888547,0.045639496187180169,0.00021636880329162222,0.00047732434378743103,0,0,0,0,0,11,0.061008171657920642,0.06105626740463814,4.8095746717498333e-05,0.045423127383888547,0.045639496187180169,0.00021636880329162222,0.00047732434378743103,0,0,0,0,0,1,3.0446081125896961e-06,0.00011299559371542975,0.0072826829353919995,0.0016667076849335018,-1.1111658028065572e-05
156,9,10,0.21218924399657546,0.04502427526783824,1,-1,3,1,1,2699,0.0107475827067245,0.074676476996174149,0.063928894289449645,0,0.099999999999999992,0.099999999999999992,0.12821972312075641,0,0,1,1,0.00074101519081141163,1500,0.017121762003056287,0.061280399085069416,0.044158637082013133,0.0020013342228152099,0.046764509673115406,0.044763175450300195,0.066278131227958392,0,0,0,0,0,0.92997406446832165,-0.0069530974760535396,0.00093169191599636145,0.021426857069631027,0,0.021891848854308567
156,9,10,0.21218924399657546,0.04502427526783824,-1,1,1,0,1,123,0,0.0036019420214270592,0.0036019420214270592,0,0.0036107008196302236,0.0036107008196302236,0.00510222721703663,1,0,1,0,0.016260162601626018,0,nan,nan,nan,nan,nan,nan,0,0,0,0,0,nan,0.008130081300813009,-1.389226503288371e-08,6.9152135978594763e-08,2.7095747167190541e-07,0,0.0001170498777656413
156,9,10,0.21218924399657546,0.04502427526783824,-1,1,3,1,1,3841,0.0107475827067245,0.074676476996174149,0.063928894289449645,0,0.099999999999999992,0.099999999999999992,0.19781522100284715,0,0,1,1,0.00052069773496485295,0,nan,nan,nan,nan,nan,nan,0,0,0,0,0,nan,0.26139026295235618,-0.0081217841399142711,-5.1895945302888189e-05,0.017516443364966033,0,0.032487136559657091
156,9,10,0.21218924399657546,0.04502427526783824,-1,-1,3,1,1,3841,0.0107475827067245,0.074676476996174149,0.063928894289449645,0,0.099999999999999992,0.099999999999999992,0.19781522100284715,0,0,1,1,0.00052069773496485295,0,nan,nan,nan,nan,nan,nan,0,0,0,0,0,nan,0.26139026295235618,-0.0081217841399142711,-5.1895945302888189e-05,0.0063373171017984562,0,0.032487136559657091
157,10,9,0.21218924399657546,0.04502427526783824,1,1,1,0,1,2685,0.0036019420214270592,0.062462441150612419,0.05886049912918536,0,0.10000000000000001,0.10000000000000001,0.13385729820416431,0,0,1,1,0.00074487895716945994,1697,0.013875917278185457,0.062423125927646206,0.04854720864946075,0.0014212075391936171,0.060106737825216819,0.058685530286023205,0.083142885706927433,0,0,0,0,0,0.63240223463687151,-7.6520267266655916e-05,0.00093169191599636145,0.012817824307080812,0,0.0032758379575338306
157,10,9,0.21218924399657546,0.04502427526783824,1,1,3,1,1,2699,0.0107475827067245,0.074676476996174149,0.063928894289449645,0,0.099999999999999992,0.099999999999999992,0.12821972312075641,0,0,1,1,0.00074101519081141163,1500,0.017121762003056287,0.061280399085069416,0.044158637082013133,0.0020013342228152099,0.046764509673115406,0.044763175450300195,0.066278131227958392,0,0,0,0,0,0.92997406446832165,-0.0069530974760535396,0.00093169191599636145,0.037337928826073424,0,0.021891848854308567
157,10,9,0.21218924399657546,0.04502427526783824,1,-1,1,0,1,11,0.017584142435472502,0.017789174808208564,0.00020503237273606159,0.0021297003781240624,0.0021896691532604395,5.9968775136377047e-05,0.00045898360245592076,0,0,0,0,0,11,0.017584142435472502,0.017789174808208564,0.00020503237273606159,0.0021297003781240624,0.0021896691532604395,5.9968775136377047e-05,0.00045898360245592076,0,0,0,0,0,1,4.8975768196868135e-07,1.0449102377291074e-05,0.0022799869464019472,0.00065876747572753212,-1.7358983483056983e-06
157,10,9,0.21218924399657546,0.04502427526783824,1,-1,1,0,2,2907,0.017811541984739124,0.060950684933573494,0.043139142948834371,0.002193839467666295,0.045152273141995054,0.042958433674328757,0.12991306334737829,0,0,0,0,0,1589,0.017811541984739124,0.060950408622770201,0.043138866638031077,0.002193839467666295,0.045152273141995054,0.042958433674328757,0.12683001029384772,0,0,0,0,0,0.54661162710698319,-1.9783032173247516e-05,0.00093169191599636145,0.011603979368747267,0,0.00023596046680321938
157,10,9,0.21218924399657546,0.04502427526783824,1,-1,1,0,3,11,0.060949620308372268,0.061003289298333624,5.3668989961355718e-05,0.045150062106773393,0.045393258422471952,0.00024319631569855865,0.00053166600068541784,0,0,0,0,0,11,0.060949620308372268,0.061003289298333624,5.3668989961355718e-05,0.045150062106773393,0.045393258422471952,0.00024319631569855865,0.00053166600068541784,0,0,0,0,0,1,1.6238333664985144e-05,0.00013373231890499102,0.0084784723991773239,0.0039906535145455982,-6.3701261892620538e-05
157,10,9,0.21218924399657546,0.04502427526783824,1,-1,1,0,4,11,0.061008171657920642,0.06105626740463814,4.8095746717498333e-05,0.045423127383888547,0.045639496187180169,0.00021636880329162222,0.00047732434378743103,0,0,0,0,0,11,0.061008171657920642,0.06105626740463814,4.8095746717498333e-05,0.045423127383888547,0.045639496187180169,0.00021636880329162222,0.00047732434378743103,0,0,0,0,0,1,3.0446081125896961e-06,0.00011299559371542975,0.0072826829353919995,0.0016667076849335018,-1.1111658028065572e-05
157,10,9,0.21218924399657546,0.04502427526783824,1,-1,3,1,1,2699,0.0107475827067245,0.074676476996174149,0.063928894289449645,0,0.099999999999999992,0.099999999999999992,0.12821972312075641,0,0,1,1,0.00074101519081141163,1500,0.017121762003056287,0.061280399085069416,0.044158637082013133,0.0020013342228152099,0.046764509673115406,0.044763175450300195,0.066278131227958392,0,0,0,0,0,0.92997406446832165,-0.0069530974760535396,0.00093169191599636145,0.021426857069631027,0,0.021891848854308567
157,10,9,0.21218924399657546,0.04502427526783824,-1,1,1,0,1,123,0,0.0036019420214270592,0.0036019420214270592,0,0.0036107008196302236,0.0036107008196302236,0.00510222721703663,1,0,1,0,0.016260162601626018,0,nan,nan,nan,nan,nan,nan,0,0,0,0,0,nan,0.008130081300813009,-1.389226503288371e-08,6.9152135978594763e-08,2.7095747167190541e-07,0,0.0001170498777656413
157,10,9,0.21218924399657546,0.04502427526783824,-1,1,3,1,1,3841,0.0107475827067245,0.074676476996174149,0.063928894289449645,0,0.099999999999999992,0.099999999999999992,0.19781522100284715,0,0,1,1,0.00052069773496485295,0,nan,nan,nan,nan,nan,nan,0,0,0,0,0,nan,0.26139026295235618,-0.0081217841399142711,-5.1895945302888189e-05,0.017516443364966033,0,0.032487136559657091
157,10,9,0.21218924399657546,0.04502427526783824,-1,-1,3,1,1,3841,0.0107475827067245,0.074676476996174149,0.063928894289449645,0,0.099999999999999992,0.099999999999999992,0.19781522100284715,0,0,1,1,0.00052069773496485295,0,nan,nan,nan,nan,nan,nan,0,0,0,0,0,nan,0.26139026295235618,-0.0081217841399142711,-5.1895945302888189e-05,0.0063373171017984562,0,0.032487136559657091
158,4,13,0.21437789723193068,0.045957882821584237,1,1,1,0,1,2684,0.0036766306257267388,0.06246246583576337,0.058785835210036629,0,0.10000000000000001,0.10000000000000001,0.13382198982564575,0,0,1,1,0.00074515648286140089,1672,0.014249499666444298,0.062377134025349612,0.048127634358905311,0.0014886912732270713,0.058505670446964642,0.057016979173737568,0.081186408491563611,0,0,0,0,0,0.6236959761549925,-6.9830362628849136e-05,0.00091175218837208729,0.012565020567696535,0,0.0032832002495767373
158,4,13,0.21437789723193068,0.045957882821584237,1,1,3,1,1,2696,0.01096868394171494,0.074754412640100437,0.063785728698385502,0,0.10000000000000001,0.10000000000000001,0.12807068697163909,0,0,1,1,0.00074183976261127599,1485,0.017505003335557039,0.061224859018951049,0.04371985568339401,0.0020832714605639535,0.04643095396931287,0.044347682508748917,0.065581016183981281,0,0,0,0,0,0.92767062314540061,-0.0069953267860711653,0.00091175218837208729,0.037246739343446932,0,0.022042120490403581
158,4,13,0.21437789723193068,0.045957882821584237,1,-1,1,0,1,11,0.017907510762711985,0.018101441756222386,0.00019393099351040083,0.0021967724429132252,0.0022562624923192576,5.9490049406032367e-05,0.00044320958180927048,0,0,0,0,0,9,0.017907510762711985,0.018092061374249499,0.00018455061153751368,0.0021977684863667937,0.0022562624923192576,5.8494005952463863e-05,0.00040293158265192512,0,0,0,0,0,0.81818181818181823,-5.0909017961204989e-07,9.4418937120841724e-06,0.0019809776226594718,0,2.2512768814196775e-06
158,4,13,0.21437789723193068,0.045957882821584237,1,-1,1,0,2,2883,0.018131586337541458,0.060897176600942397,0.042765590263400939,0.0022610530264792574,0.044864007723075389,0.042602954696596133,0.12868438642811147,0,0,0,0,0,1578,0.018131586337541458,0.060896865778570682,0.042765279441029223,0.002261774184152457,0.044864007723075389,0.04260223353892293,0.12571033011651706,0,0,0,0,0,0.54734651404786683,-1.8981026974581521e-05,0.00091175218837208729,0.011479583314576708,0,0.00022638429261498275
158,4,13,0.21437789723193068,0.045957882821584237,1,-1,1,0,3,11,0.060900865308749885,0.060949724871551779,4.8859562801893686e-05,0.044879683608161677,0.045100291522463143,0.00022060791430146554,0.00047913994115289792,0,0,0,0,0,11,0.060900865308749885,0.060949724871551779,4.8859562801893686e-05,0.044879683608161677,0.045100291522463143,0.00022060791430146554,0.00047913994115289792,0,0,0,0,0,1,1.856206227257368e-05,0.000124905290121495,0.0084348153047655444,0.0042779338115093764,-7.3202870782620565e-05
158,4,13,0.21437789723193068,0.045957882821584237,1,-1,1,0,4,9,0.060960427485761942,0.061002673637537044,4.2246151775102159e-05,0.045156053431094259,0.045342192758950156,0.00018613932785589704,0.00041055805333564595,0,0,0,0,0,9,0.060960427485761942,0.061002673637537044,4.2246151775102159e-05,0.045156053431094259,0.045342192758950156,0.00018613932785589704,0.00041055805333564595,0,0,0,0,0,1,1.0010362580062739e-05,0.00010424551359162323,0.0070747639162223241,0.0031331293129362595,-3.9265997166321748e-05
158,4,13,0.21437789723193068,0.045957882821584237,1,-1,1,0,5,9,0.061018664726118443,0.061055713812706289,3.7049086587845337e-05,0.045425542131633967,0.045589505353259202,0.00016396322162523513,0.00036305037799399506,0,0,0,0,0,6,0.061018664726118443,0.061055150147267936,3.6485421149493047e-05,0.045430286857905268,0.045589505353259202,0.00015921849535393412,0.00025561611298518307,0,0,0,0,0,0.66666666666666663,-3.296966259383548e-06,8.3105754543116734e-05,0.0052494714315459538,0,1.3820619438003457e-05
158,4,13,0.21437789723193068,0.045957882821584237,1,-1,3,1,1,2696,0.01096868394171494,0.074754412640100437,0.063785728698385502,0,0.10000000000000001,0.10000000000000001,0.12807068697163909,0,0,1,1,0.00074183976261127599,1485,0.017505003335557039,0.061224859018951049,0.04371985568339401,0.0020832714605639535,0.04643095396931287,0.044347682508748917,0.065581016183981281,0,0,0,0,0,0.92767062314540061,-0.0069953267860711653,0.00091175218837208729,0.021231647317480413,0,0.022042120490403581
158,4,13,0.21437789723193068,0.045957882821584237,-1,1,1,0,1,125,0,0.0036766306257267388,0.0036766306257267388,0,0.0036857591456142527,0.0036857591456142527,0.0052086381593668078,1,0,1,0,0.016,0,nan,nan,nan,nan,nan,nan,0,0,0,0,0,nan,0,-1.2942500452302807e-08,0,0,0,0.00012196064611600852
158,4,13,0.21437789723193068,0.045957882821584237,-1,1,3,1,1,3834,0.01096868394171494,0.074754412640100437,0.063785728698385502,0,0.10000000000000001,0.10000000000000001,0.19729253989759477,0,0,1,1,0.00052164840897235261,0,nan,nan,nan,nan,nan,nan,0,0,0,0,0,nan,0.26264997391757955,-0.0080815347378989117,-5.4070451032127163e-05,0.017624952136657934,0,0.032326138951595661
158,4,13,0.21437789723193068,0.045957882821584237,-1,-1,3,1,1,3834,0.01096868394171494,0.074754412640100437,0.063785728698385502,0,0.10000000000000001,0.10000000000000001,0.19729253989759477,0,0,1,1,0.00052164840897235261,0,nan,nan,nan,nan,nan,nan,0,0,0,0,0,nan,0.26264997391757955,-0.0080815347378989117,-5.4070451032127163e-05,0.0063651407893049964,0,0.032326138951595661
159,13,4,0.21437789723193068,0.045957882821584237,1,1,1,0,1,2684,0.0036766306257267388,0.06246246583576337,0.058785835210036629,0,0.10000000000000001,0.10000000000000001,0.13382198982564575,0,0,1,1,0.00074515648286140089,1672,0.014249499666444298,0.062377134025349612,0.048127634358905311,0.0014886912732270713,0.058505670446964642,0.057016979173737568,0.081186408491563611,0,0,0,0,0,0.6236959761549925,-6.9830362628849136e-05,0.00091175218837208729,0.012565020567696535,0,0.0032832002495767373
159,13,4,0.21437789723193068,0.045957882821584237,1,1,3,1,1,2696,0.01096868394171494,0.074754412640100437,0.063785728698385502,0,0.10000000000000001,0.10000000000000001,0.12807068697163909,0,0,1,1,0.00074183976261127599,1485,0.017505003335557039,0.061224859018951049,0.04371985568339401,0.0020832714605639535,0.04643095396931287,0.044347682508748917,0.065581016183981281,0,0,0,0,0,0.92767062314540061,-0.0069953267860711653,0.00091175218837208729,0.037246739343446932,0,0.022042120490403581
159,13,4,0.21437789723193068,0.045957882821584237,1,-1,1,0,1,11,0.017907510762711985,0.018101441756222386,0.00019393099351040083,0.0021967724429132252,0.0022562624923192576,5.9490049406032367e-05,0.00044320958180927048,0,0,0,0,0,9,0.017907510762711985,0.018092061374249499,0.00018455061153751368,0.0021977684863667937,0.0022562624923192576,5.8494005952463863e-05,0.00040293158265192512,0,0,0,0,0,0.81818181818181823,-5.0909017961204989e-07,9.4418937120841724e-06,0.0019809776226594718,0,2.2512768814196775e-06
159,13,4,0.21437789723193068,0.045957882821584237,1,-1,1,0,2,2883,0.018131586337541458,0.060897176600942397,0.042765590263400939,0.0022610530264792574,0.044864007723075389,0.042602954696596133,0.12868438642811147,0,0,0,0,0,1578,0.018131586337541458,0.060896865778570682,0.042765279441029223,0.002261774184152457,0.044864007723075389,0.04260223353892293,0.12571033011651706,0,0,0,0,0,0.54734651404786683,-1.8981026974581521e-05,0.00091175218837208729,0.011479583314576708,0,0.00022638429261498275
159,13,4,0.21437789723193068,0.045957882821584237,1,-1,1,0,3,11,0.060900865308749885,0.060949724871551779,4.8859562801893686e-05,0.044879683608161677,0.045100291522463143,0.00022060791430146554,0.00047913994115289792,0,0,0,0,0,11,0.060900865308749885,0.060949724871551779,4.8859562801893686e-05,0.044879683608161677,0.045100291522463143,0.00022060791430146554,0.00047913994115289792,0,0,0,0,0,1,1.856206227257368e-05,0.000124905290121495,0.0084348153047655444,0.0042779338115093764,-7.3202870782620565e-05
159,13,4,0.21437789723193068,0.045957882821584237,1,-1,1,0,4,9,0.060960427485761942,0.061002673637537044,4.2246151775102159e-05,0.045156053431094259,0.045342192758950156,0.00018613932785589704,0.00041055805333564595,0,0,0,0,0,9,0.060960427485761942,0.061002673637537044,4.2246151775102159e-05,0.045156053431094259,0.045342192758950156,0.00018613932785589704,0.00041055805333564595,0,0,0,0,0,1,1.0010362580062739e-05,0.00010424551359162323,0.0070747639162223241,0.0031331293129362595,-3.9265997166321748e-05
159,13,4,0.21437789723193068,0.045957882821584237,1,-1,1,0,5,9,0.061018664726118443,0.061055713812706289,3.7049086587845337e-05,0.045425542131633967,0.045589505353259202,0.00016396322162523513,0.00036305037799399506,0,0,0,0,0,6,0.061018664726118443,0.061055150147267936,3.6485421149493047e-05,0.045430286857905268,0.045589505353259202,0.00015921849535393412,0.00025561611298518307,0,0,0,0,0,0.66666666666666663,-3.296966259383548e-06,8.3105754543116734e-05,0.0052494714315459538,0,1.3820619438003457e-05
159,13,4,0.21437789723193068,0.045957882821584237,1,-1,3,1,1,2696,0.01096868394171494,0.074754412640100437,0.063785728698385502,0,0.10000000000000001,0.10000000000000001,0.12807068697163909,0,0,1,1,0.00074183976261127599,1485,0.017505003335557039,0.061224859018951049,0.04371985568339401,0.0020832714605639535,0.04643095396931287,0.044347682508748917,0.065581016183981281,0,0,0,0,0,0.92767062314540061,-0.0069953267860711653,0.00091175218837208729,0.021231647317480413,0,0.022042120490403581
159,13,4,0.21437789723193068,0.045957882821584237,-1,1,1,0,1,125,0,0.0036766306257267388,0.0036766306257267388,0,0.0036857591456142527,0.0036857591456142527,0.0052086381593668078,1,0,1,0,0.016,0,nan,nan,nan,nan,nan,nan,0,0,0,0,0,nan,0,-1.2942500452302807e-08,0,0,0,0.00012196064611600852
159,13,4,0.21437789723193068,0.045957882821584237,-1,1,3,1,1,3834,0.01096868394171494,0.074754412640100437,0.063785728698385502,0,0.10000000000000001,0.10000000000000001,0.19729253989759477,0,0,1,1,0.00052164840897235261,0,nan,nan,nan,nan,nan,nan,0,0,0,0,0,nan,0.26264997391757955,-0.0080815347378989117,-5.4070451032127163e-05,0.017624952136657934,0,0.032326138951595661
159,13,4,0.21437789723193068,0.045957882821584237,-1,-1,3,1,1,3834,0.01096868394171494,0.074754412640100437,0.063785728698385502,0,0.10000000000000001,0.10000000000000001,0.19729253989759477,0,0,1,1,0.00052164840897235261,0,nan,nan,nan,nan,nan,nan,0,0,0,0,0,nan,0.26264997391757955,-0.0080815347378989117,-5.4070451032127163e-05,0.0063651407893049964,0,0.032326138951595661
160,8,11,0.21449927303667823,0.046009938133263435,1,1,1,0,1,2684,0.0036807950506610749,0.062462467309213426,0.058781672258552353,0,0.10000000000000001,0.10000000000000001,0.13382001893168521,0,0,1,1,0.00074515648286140089,1674,0.014249499666444298,0.062376973096103086,0.048127473429658785,0.0014888411083927291,0.058505670446964642,0.057016829338571912,0.08119417652641446,0,0,0,0,0,0.62444113263785395,-6.9474068718158652e-05,0.00091064018165119246,0.012552417679922972,0,0.0032836713044787805
160,8,11,0.21449927303667823,0.046009938133263435,1,1,3,1,1,2696,0.010981016719275198,0.07475875944408765,0.063777742724812458,0,0.10000000000000001,0.10000000000000001,0.12806129882621101,0,0,1,1,0.00074183976261127599,1483,0.017505003335557039,0.061213744667419044,0.043708741331862005,0.0020816951119674758,0.046364242828552366,0.044282547716584887,0.065515609522357035,0,0,0,0,0,0.92692878338278928,-0.0069976821914289056,0.00091064018165119246,0.037236936455391396,0,0.022050504157716672
160,8,11,0.21449927303667823,0.046009938133263435,1,-1,1,0,1,11,0.017912876322869142,0.018100973600793931,0.000188097277924789,0.0021969248950264278,0.0022546607256099921,5.7735830583564331e-05,0.00043009773312293437,0,0,0,0,0,9,0.017912876322869142,0.018092061374249499,0.00017918505138035667,0.0021979347263091412,0.0022546607256099921,5.6725999300850927e-05,0.00039066658029982416,0,0,0,0,0,0.81818181818181823,-5.5498947711849443e-07,9.1011434450350857e-06,0.0019509706904501092,0,2.4223880946515692e-06
160,8,11,0.21449927303667823,0.046009938133263435,1,-1,1,0,2,2883,0.018136899211899937,0.060897142858263559,0.042760243646363619,0.0022612124361709542,0.044861105442614353,0.042599893006443401,0.12867400033796722,0,0,0,0,0,1578,0.018136899211899937,0.060896825392841671,0.042759926180941737,0.0022619503752724993,0.044861105442614353,0.042599155067341854,0.12569832230813505,0,0,0,0,0,0.54734651404786683,-1.9258835417717464e-05,0.00091064018165119246,0.011469496093484478,0,0.0002258489682422277
160,8,11,0.21449927303667823,0.046009938133263435,1,-1,1,0,3,11,0.060901482991393287,0.060949688174673888,4.8205183280601582e-05,0.044880780167555326,0.045097393174655796,0.00021661300710047043,0.00047123857272697085,0,0,0,0,0,11,0.060901482991393287,0.060949688174673888,4.8205183280601582e-05,0.044880780167555326,0.045097393174655796,0.00021661300710047043,0.00047123857272697085,0,0,0,0,0,1,1.8611256949334384e-05,0.0001232650454165599,0.0083920530822562817,0.0042847396820204576,-7.3435976570723096e-05
160,8,11,0.21449927303667823,0.046009938133263435,1,-1,1,0,4,9,0.060961030063349422,0.061002640415281868,4.1610351932445944e-05,0.045156266056144326,0.045339398563582198,0.00018313250743787202,0.00040406029316264301,0,0,0,0,0,9,0.060961030063349422,0.061002640415281868,4.1610351932445944e-05,0.045156266056144326,0.045339398563582198,0.00018313250743787202,0.00040406029316264301,0,0,0,0,0,1,9.6609982520543409e-06,0.00010257832132076673,0.0070143939585375443,0.0030778126836752242,-3.7891723663168344e-05
160,8,11,0.21449927303667823,0.046009938133263435,1,-1,1,0,5,9,0.061019249789867461,0.061055683788826379,3.6433998958917968e-05,0.045425654361073285,0.04558673497097819,0.0001610806099049053,0.00035673778649812675,0,0,0,0,0,6,0.061019249789867461,0.061055115661495643,3.5865871628182333e-05,0.045430286857905268,0.04558673497097819,0.00015644811307292256,0.00025001406857034402,0,0,0,0,0,0.66666666666666663,-3.6521010528251771e-06,8.1414134850957674e-05,0.0051991843584907292,0,1.5220309623064822e-05
160,8,11,0.21449927303667823,0.046009938133263435,1,-1,3,1,1,2696,0.010981016719275198,0.07475875944408765,0.063777742724812458,0,0.10000000000000001,0.10000000000000001,0.12806129882621101,0,0,1,1,0.00074183976261127599,1483,0.017505003335557039,0.061213744667419044,0.043708741331862005,0.0020816951119674758,0.046364242828552366,0.044282547716584887,0.065515609522357035,0,0,0,0,0,0.92692878338278928,-0.0069976821914289056,0.00091064018165119246,0.021218505766129964,0,0.022050504157716672
160,8,11,0.21449927303667823,0.046009938133263435,-1,1,1,0,1,125,0,0.0036807950506610749,0.0036807950506610749,0,0.003689944514184469,0.003689944514184469,0.0052145786531459567,1,0,1,0,0.016,0,nan,nan,nan,nan,nan,nan,0,0,0,0,0,nan,0,-1.6731436197631725e-08,0,0,0,0.0001222374387014886
160,8,11,0.21449927303667823,0.046009938133263435,-1,1,3,1,1,3834,0.010981016719275198,0.07475875944408765,0.063777742724812458,0,0.10000000000000001,0.10000000000000001,0.19726696256388176,0,0,1,1,0.00052164840897235261,0,nan,nan,nan,nan,nan,nan,0,0,0,0,0,nan,0.26238914971309335,-0.0080792869922777111,-5.4193008819884264e-05,0.017626889098270065,0,0.032317147969110865
160,8,11,0.21449927303667823,0.046009938133263435,-1,-1,3,1,1,3834,0.010981016719275198,0.07475875944408765,0.063777742724812458,0,0.10000000000000001,0.10000000000000001,0.19726696256388176,0,0,1,1,0.00052164840897235261,0,nan,nan,nan,nan,nan,nan,0,0,0,0,0,nan,0.26238914971309335,-0.0080792869922777111,-5.4193008819884264e-05,0.0063651169123997925,0,0.032317147969110865
161,11,8,0.21449927303667823,0.046009938133263435,1,1,1,0,1,2684,0.0036807950506610749,0.062462467309213426,0.058781672258552353,0,0.10000000000000001,0.10000000000000001,0.13382001893168521,0,0,1,1,0.00074515648286140089,1674,0.014249499666444298,0.062376973096103086,0.048127473429658785,0.0014888411083927291,0.058505670446964642,0.057016829338571912,0.08119417652641446,0,0,0,0,0,0.62444113263785395,-6.9474068718158652e-05,0.00091064018165119246,0.012552417679922972,0,0.0032836713044787805
161,11,8,0.21449927303667823,0.046009938133263435,1,1,3,1,1,2696,0.010981016719275198,0.07475875944408765,0.063777742724812458,0,0.10000000000000001,0.10000000000000001,0.12806129882621101,0,0,1,1,0.00074183976261127599,1483,0.017505003335557039,0.061213744667419044,0.043708741331862005,0.0020816951119674758,0.046364242828552366,0.044282547716584887,0.065515609522357035,0,0,0,0,0,0.92692878338278928,-0.0069976821914289056,0.00091064018165119246,0.037236936455391396,0,0.022050504157716672
161,11,8,0.21449927303667823,0.046009938133263435,1,-1,1,0,1,11,0.017912876322869142,0.018100973600793931,0.000188097277924789,0.0021969248950264278,0.0022546607256099921,5.7735830583564331e-05,0.00043009773312293437,0,0,0,0,0,9,0.017912876322869142,0.018092061374249499,0.00017918505138035667,0.0021979347263091412,0.0022546607256099921,5.6725999300850927e-05,0.00039066658029982416,0,0,0,0,0,0.81818181818181823,-5.5498947711849443e-07,9.1011434450350857e-06,0.0019509706904501092,0,2.4223880946515692e-06
161,11,8,0.21449927303667823,0.046009938133263435,1,-1,1,0,2,2883,0.018136899211899937,0.060897142858263559,0.042760243646363619,0.0022612124361709542,0.044861105442614353,0.042599893006443401,0.12867400033796722,0,0,0,0,0,1578,0.018136899211899937,0.060896825392841671,0.042759926180941737,0.0022619503752724993,0.044861105442614353,0.042599155067341854,0.12569832230813505,0,0,0,0,0,0.54734651404786683,-1.9258835417717464e-05,0.00091064018165119246,0.011469496093484478,0,0.0002258489682422277
161,11,8,0.21449927303667823,0.046009938133263435,1,-1,1,0,3,11,0.060901482991393287,0.060949688174673888,4.8205183280601582e-05,0.044880780167555326,0.045097393174655796,0.00021661300710047043,0.00047123857272697085,0,0,0,0,0,11,0.060901482991393287,0.060949688174673888,4.8205183280601582e-05,0.044880780167555326,0.045097393174655796,0.00021661300710047043,0.00047123857272697085,0,0,0,0,0,1,1.8611256949334384e-05,0.0001232650454165599,0.0083920530822562817,0.0042847396820204576,-7.3435976570723096e-05
161,11,8,0.21449927303667823,0.046009938133263435,1,-1,1,0,4,9,0.060961030063349422,0.061002640415281868,4.1610351932445944e-05,0.045156266056144326,0.045339398563582198,0.00018313250743787202,0.00040406029316264301,0,0,0,0,0,9,0.060961030063349422,0.061002640415281868,4.1610351932445944e-05,0.045156266056144326,0.045339398563582198,0.00018313250743787202,0.00040406029316264301,0,0,0,0,0,1,9.6609982520543409e-06,0.00010257832132076673,0.0070143939585375443,0.0030778126836752242,-3.7891723663168344e-05
161,11,8,0.21449927303667823,0.046009938133263435,1,-1,1,0,5,9,0.061019249789867461,0.061055683788826379,3.6433998958917968e-05,0.045425654361073285,0.04558673497097819,0.0001610806099049053,0.00035673778649812675,0,0,0,0,0,6,0.061019249789867461,0.061055115661495643,3.5865871628182333e-05,0.045430286857905268,0.04558673497097819,0.00015644811307292256,0.00025001406857034402,0,0,0,0,0,0.66666666666666663,-3.6521010528251771e-06,8.1414134850957674e-05,0.0051991843584907292,0,1.5220309623064822e-05
161,11,8,0.21449927303667823,0.046009938133263435,1,-1,3,1,1,2696,0.010981016719275198,0.07475875944408765,0.063777742724812458,0,0.10000000000000001,0.10000000000000001,0.12806129882621101,0,0,1,1,0.00074183976261127599,1483,0.017505003335557039,0.061213744667419044,0.043708741331862005,0.0020816951119674758,0.046364242828552366,0.044282547716584887,0.065515609522357035,0,0,0,0,0,0.92692878338278928,-0.0069976821914289056,0.00091064018165119246,0.021218505766129964,0,0.022050504157716672
161,11,8,0.21449927303667823,0.046009938133263435,-1,1,1,0,1,125,0,0.0036807950506610749,0.0036807950506610749,0,0.003689944514184469,0.003689944514184469,0.0052145786531459567,1,0,1,0,0.016,0,nan,nan,nan,nan,nan,nan,0,0,0,0,0,nan,0,-1.6731436197631725e-08,0,0,0,0.0001222374387014886
161,11,8,0.21449927303667823,0.046009938133263435,-1,1,3,1,1,3834,0.010981016719275198,0.07475875944408765,0.063777742724812458,0,0.10000000000000001,0.10000000000000001,0.19726696256388176,0,0,1,1,0.00052164840897235261,0,nan,nan,nan,nan,nan,nan,0,0,0,0,0,nan,0.26238914971309335,-0.0080792869922777111,-5.4193008819884264e-05,0.017626889098270065,0,0.032317147969110865
161,11,8,0.21449927303667823,0.046009938133263435,-1,-1,3,1,1,3834,0.010981016719275198,0.07475875944408765,0.063777742724812458,0,0.10000000000000001,0.10000000000000001,0.19726696256388176,0,0,1,1,0.00052164840897235261,0,nan,nan,nan,nan,nan,nan,0,0,0,0,0,nan,0.26238914971309335,-0.0080792869922777111,-5.4193008819884264e-05,0.0063651169123997925,0,0.032317147969110865
162,7,12,0.21904569892208256,0.047981018216263646,1,1,1,0,1,2681,0.0038384814573010923,0.062459539038260112,0.058621057580959021,0,0.10000000000000001,0.10000000000000001,0.13376543889519382,0,0,1,1,0.0007459903021260724,1644,0.015316877918612408,0.062369570932015658,0.04705269301340325,0.0016879535597122293,0.058438959306204144,0.056751005746491917,0.080132939242348128,0,0,0,0,0,0.61357702349869447,-5.7122789540487175e-05,0.00086867415108986094,0.01204047392102668,0,0.0033056705899302753
162,7,12,0.21904569892208256,0.047981018216263646,1,1,3,1,1,2690,0.011448378285778452,0.074923531203643826,0.063475152917865374,0,0.10000000000000001,0.10000000000000001,0.12773562820325857,0,0,1,1,0.00074349442379182155,1452,0.018339487613928878,0.061082861183240897,0.042743373569312015,0.0022681787858572383,0.045630420280186795,0.043362241494329559,0.063983875365720311,0,0,0,0,0,0.92230483271375463,-0.007086962199513408,0.00086867415108986094,0.037078301511449072,0,0.022368433660955478
162,7,12,0.21904569892208256,0.047981018216263646,1,-1,1,0,1,11,0.018776994336842667,0.018955543467829641,0.00017854913098697481,0.002397213432431405,0.002453756411112111,5.6542978680706058e-05,0.0004094303728542675,0,0,0,0,0,10,0.018776994336842667,0.018955543467829641,0.00017854913098697481,0.0023982407669435393,0.002453756411112111,5.5515644168571687e-05,0.00040855309518692413,0,0,0,0,0,0.90909090909090906,-7.7829987473161877e-08,9.6045193277708385e-06,0.0021133815792853355,0,4.9680552354668255e-07
162,7,12,0.21904569892208256,0.047981018216263646,1,-1,1,0,2,2815,0.018992462697486057,0.060738241691002663,0.041745778993516607,0.0024621374860675505,0.044068304022374653,0.041606166536307103,0.12539548240649959,0,0,0,0,0,1544,0.018992462697486057,0.060738241691002663,0.041745778993516607,0.0024621374860675505,0.044068304022374653,0.041606166536307103,0.1225757501924791,0,0,0,0,0,0.54849023090586146,-1.7695455194377318e-05,0.00086867415108986094,0.011252890909306241,0,0.00020633882394572776
162,7,12,0.21904569892208256,0.047981018216263646,1,-1,1,0,3,9,0.06074009859884974,0.060789679196644325,4.9580597794585124e-05,0.044074343265879647,0.044292114926324844,0.00021777166044519708,0.0004714256248566678,0,0,0,0,0,9,0.06074009859884974,0.060789679196644325,4.9580597794585124e-05,0.044074343265879647,0.044292114926324844,0.00021777166044519708,0.0004714256248566678,0,0,0,0,0,1,1.7806110780493342e-05,0.00012140084413799527,0.0079610315375275402,0.0041893063689426276,-7.0201151411453065e-05
162,7,12,0.21904569892208256,0.047981018216263646,1,-1,1,0,4,9,0.060802927602423784,0.060842513660902035,3.9586058478251196e-05,0.044352121530369507,0.044520777645085018,0.00016865611471551106,0.00037028716905894812,0,0,0,0,0,9,0.060802927602423784,0.060842513660902035,3.9586058478251196e-05,0.044352121530369507,0.044520777645085018,0.00016865611471551106,0.00037028716905894812,0,0,0,0,0,1,1.893898100589413e-05,0.00010139118811427812,0.0074926813532581243,0.0043341246328567062,-7.5138545332541112e-05
162,7,12,0.21904569892208256,0.047981018216263646,1,-1,3,1,1,2690,0.011448378285778452,0.074923531203643826,0.063475152917865374,0,0.10000000000000001,0.10000000000000001,0.12773562820325857,0,0,1,1,0.00074349442379182155,1452,0.018339487613928878,0.061082861183240897,0.042743373569312015,0.0022681787858572383,0.045630420280186795,0.043362241494329559,0.063983875365720311,0,0,0,0,0,0.92230483271375463,-0.007086962199513408,0.00086867415108986094,0.020814464359907556,0,0.022368433660955478
162,7,12,0.21904569892208256,0.047981018216263646,-1,1,1,0,1,130,0,0.0038384814573010923,0.0038384814573010923,0,0.0038484370737787363,0.0038484370737787363,0.0054401805112510894,1,0,1,0,0.015384615384615385,0,nan,nan,nan,nan,nan,nan,0,0,0,0,0,nan,0,-3.4471517385157912e-08,0,0,0,0.00013294947427570344
162,7,12,0.21904569892208256,0.047981018216263646,-1,1,3,1,1,3820,0.011448378285778452,0.074923531203643826,0.063475152917865374,0,0.10000000000000001,0.10000000000000001,0.19664765388398781,0,0,1,1,0.00052356020942408382,0,nan,nan,nan,nan,nan,nan,0,0,0,0,0,nan,0.26753926701570679,-0.0079942223292152302,-5.8935759592177247e-05,0.017885198025129612,0,0.031976889316860928
162,7,12,0.21904569892208256,0.047981018216263646,-1,-1,3,1,1,3820,0.011448378285778452,0.074923531203643826,0.063475152917865374,0,0.10000000000000001,0.10000000000000001,0.19664765388398781,0,0,1,1,0.00052356020942408382,0,nan,nan,nan,nan,nan,nan,0,0,0,0,0,nan,0.26753926701570679,-0.0079942223292152302,-5.8935759592177247e-05,0.0064341022853121165,0,0.031976889316860928
163,12,7,0.21904569892208256,0.047981018216263646,1,1,1,0,1,2681,0.0038384814573010923,0.062459539038260112,0.058621057580959021,0,0.10000000000000001,0.10000000000000001,0.13376543889519382,0,0,1,1,0.0007459903021260724,1644,0.015316877918612408,0.062369570932015658,0.04705269301340325,0.0016879535597122293,0.058438959306204144,0.056751005746491917,0.080132939242348128,0,0,0,0,0,0.61357702349869447,-5.7122789540487175e-05,0.00086867415108986094,0.01204047392102668,0,0.0033056705899302753
163,12,7,0.21904569892208256,0.047981018216263646,1,1,3,1,1,2690,0.011448378285778452,0.074923531203643826,0.063475152917865374,0,0.10000000000000001,0.10000000000000001,0.12773562820325857,0,0,1,1,0.00074349442379182155,1452,0.018339487613928878,0.061082861183240897,0.042743373569312015,0.0022681787858572383,0.045630420280186795,0.043362241494329559,0.063983875365720311,0,0,0,0,0,0.92230483271375463,-0.007086962199513408,0.00086867415108986094,0.037078301511449072,0,0.022368433660955478
163,12,7,0.21904569892208256,0.047981018216263646,1,-1,1,0,1,11,0.018776994336842667,0.018955543467829641,0.00017854913098697481,0.002397213432431405,0.002453756411112111,5.6542978680706058e-05,0.0004094303728542675,0,0,0,0,0,10,0.018776994336842667,0.018955543467829641,0.00017854913098697481,0.0023982407669435393,0.002453756411112111,5.5515644168571687e-05,0.00040855309518692413,0,0,0,0,0,0.90909090909090906,-7.7829987473161877e-08,9.6045193277708385e-06,0.0021133815792853355,0,4.9680552354668255e-07
163,12,7,0.21904569892208256,0.047981018216263646,1,-1,1,0,2,2815,0.018992462697486057,0.060738241691002663,0.041745778993516607,0.0024621374860675505,0.044068304022374653,0.041606166536307103,0.12539548240649959,0,0,0,0,0,1544,0.018992462697486057,0.060738241691002663,0.041745778993516607,0.0024621374860675505,0.044068304022374653,0.041606166536307103,0.1225757501924791,0,0,0,0,0,0.54849023090586146,-1.7695455194377318e-05,0.00086867415108986094,0.011252890909306241,0,0.00020633882394572776
163,12,7,0.21904569892208256,0.047981018216263646,1,-1,1,0,3,9,0.06074009859884974,0.060789679196644325,4.9580597794585124e-05,0.044074343265879647,0.044292114926324844,0.00021777166044519708,0.0004714256248566678,0,0,0,0,0,9,0.06074009859884974,0.060789679196644325,4.9580597794585124e-05,0.044074343265879647,0.044292114926324844,0.00021777166044519708,0.0004714256248566678,0,0,0,0,0,1,1.7806110780493342e-05,0.00012140084413799527,0.0079610315375275402,0.0041893063689426276,-7.0201151411453065e-05
163,12,7,0.21904569892208256,0.047981018216263646,1,-1,1,0,4,9,0.060802927602423784,0.060842513660902035,3.9586058478251196e-05,0.044352121530369507,0.044520777645085018,0.00016865611471551106,0.00037028716905894812,0,0,0,0,0,9,0.060802927602423784,0.060842513660902035,3.9586058478251196e-05,0.044352121530369507,0.044520777645085018,0.00016865611471551106,0.00037028716905894812,0,0,0,0,0,1,1.893898100589413e-05,0.00010139118811427812,0.0074926813532581243,0.0043341246328567062,-7.5138545332541112e-05
163,12,7,0.21904569892208256,0.047981018216263646,1,-1,3,1,1,2690,0.011448378285778452,0.074923531203643826,0.063475152917865374,0,0.10000000000000001,0.10000000000000001,0.12773562820325857,0,0,1,1,0.00074349442379182155,1452,0.018339487613928878,0.061082861183240897,0.042743373569312015,0.0022681787858572383,0.045630420280186795,0.043362241494329559,0.063983875365720311,0,0,0,0,0,0.92230483271375463,-0.007086962199513408,0.00086867415108986094,0.020814464359907556,0,0.022368433660955478
163,12,7,0.21904569892208256,0.047981018216263646,-1,1,1,0,1,130,0,0.0038384814573010923,0.0038384814573010923,0,0.0038484370737787363,0.0038484370737787363,0.0054401805112510894,1,0,1,0,0.015384615384615385,0,nan,nan,nan,nan,nan,nan,0,0,0,0,0,nan,0,-3.4471517385157912e-08,0,0,0,0.00013294947427570344
163,12,7,0.21904569892208256,0.047981018216263646,-1,1,3,1,1,3820,0.011448378285778452,0.074923531203643826,0.063475152917865374,0,0.10000000000000001,0.10000000000000001,0.19664765388398781,0,0,1,1,0.00052356020942408382,0,nan,nan,nan,nan,nan,nan,0,0,0,0,0,nan,0.26753926701570679,-0.0079942223292152302,-5.8935759592177247e-05,0.017885198025129612,0,0.031976889316860928
163,12,7,0.21904569892208256,0.047981018216263646,-1,-1,3,1,1,3820,0.011448378285778452,0.074923531203643826,0.063475152917865374,0,0.10000000000000001,0.10000000000000001,0.19664765388398781,0,0,1,1,0.00052356020942408382,0,nan,nan,nan,nan,nan,nan,0,0,0,0,0,nan,0.26753926701570679,-0.0079942223292152302,-5.8935759592177247e-05,0.0064341022853121165,0,0.031976889316860928
164,5,13,0.21954272611267403,0.048199008588984606,1,1,1,0,1,2680,0.0038559206871187678,0.062458404810291294,0.058602484123172524,0,0.10000000000000001,0.10000000000000001,0.13376189531479221,0,0,1,1,0.00074626865671641792,1638,0.015316877918612408,0.062323047807865434,0.047006169889253026,0.0016888834030131398,0.057304869913275512,0.055615986510262373,0.079003266651514595,0,0,0,0,0,0.61156716417910451,-5.5880995120863804e-05,0.00086404581879523607,0.011983209207317739,0,0.003308560042018004
164,5,13,0.21954272611267403,0.048199008588984606,1,1,3,1,1,2690,0.011500107167049758,0.074941773845960791,0.063441666678911032,0,0.10000000000000001,0.10000000000000001,0.12770189145962318,0,0,1,1,0.00074349442379182155,1447,0.018465643762508338,0.061058169617367986,0.042592525854859647,0.0022993984845102039,0.045496997998665772,0.043197599514155569,0.063725730674103406,0,0,0,0,0,0.92081784386617105,-0.0070968464823790755,0.00086404581879523607,0.03707778173488032,0,0.022403650302521564
164,5,13,0.21954272611267403,0.048199008588984606,1,-1,1,0,1,9,0.018799147253391955,0.018953453913123232,0.00015430665973127644,0.0023978467100237784,0.0024468930375167505,4.9046327492972049e-05,0.00035479603819580497,0,0,0,0,0,8,0.018799147253391955,0.018953453913123232,0.00015430665973127644,0.002398935248129752,0.0024468930375167505,4.7957789386998424e-05,0.00035395502589673266,0,0,0,0,0,0.88888888888888884,-2.8266819414977606e-07,8.1113648072897377e-06,0.0017869675160876908,0,1.2702391121508525e-06
164,5,13,0.21954272611267403,0.048199008588984606,1,-1,1,0,2,11,0.019014431893306424,0.019237462636233098,0.0002230307429266741,0.002462850441856638,0.0025303415339792872,6.7491092122649171e-05,0.00049831340210598643,0,0,0,0,0,11,0.019014431893306424,0.019237462636233098,0.0002230307429266741,0.002462850441856638,0.0025303415339792872,6.7491092122649171e-05,0.00049831340210598643,0,0,0,0,0,1,8.3807178079978734e-07,1.2494220821013062e-05,0.0025110786165944993,0.00087911374049085185,-3.0913638748792674e-06
164,5,13,0.21954272611267403,0.048199008588984606,1,-1,1,0,3,2803,0.019227591654755308,0.060736719189081641,0.041509127534326333,0.0025253719254908695,0.04405626138252404,0.04153088945703317,0.12488284361775009,0,0,0,0,0,1534,0.019227591654755308,0.060736719189081641,0.041509127534326333,0.0025253719254908695,0.04405626138252404,0.04153088945703317,0.12209004571508363,0,0,0,0,0,0.5472707813057438,-1.8867032592531793e-05,0.00086404581879523607,0.011247382516259055,0,0.00020418287140711613
164,5,13,0.21954272611267403,0.048199008588984606,1,-1,1,0,4,9,0.06074282122710406,0.060789515267821621,4.6694040717561169e-05,0.044080905074192531,0.044280368551279231,0.00019946347708670042,0.00043611957510680143,0,0,0,0,0,9,0.06074282122710406,0.060789515267821621,4.6694040717561169e-05,0.044080905074192531,0.044280368551279231,0.00019946347708670042,0.00043611957510680143,0,0,0,0,0,1,1.8861401539552928e-05,0.0001145638658583066,0.0078096095526708313,0.0043181735169371561,-7.4586490089509632e-05
164,5,13,0.21954272611267403,0.048199008588984606,1,-1,1,0,5,9,0.060805613406194933,0.060842359565195167,3.6746159000233813e-05,0.044354190394257566,0.044508997569333505,0.00015480717507593972,0.00034123278645503008,0,0,0,0,0,9,0.060805613406194933,0.060842359565195167,3.6746159000233813e-05,0.044354190394257566,0.044508997569333505,0.00015480717507593972,0.00034123278645503008,0,0,0,0,0,1,1.776614955882709e-05,9.4392293841511087e-05,0.0072680744791174517,0.004199622973891412,-7.0547332491346183e-05
164,5,13,0.21954272611267403,0.048199008588984606,1,-1,3,1,1,2690,0.011500107167049758,0.074941773845960791,0.063441666678911032,0,0.10000000000000001,0.10000000000000001,0.12770189145962318,0,0,1,1,0.00074349442379182155,1447,0.018465643762508338,0.061058169617367986,0.042592525854859647,0.0022993984845102039,0.045496997998665772,0.043197599514155569,0.063725730674103406,0,0,0,0,0,0.92081784386617105,-0.0070968464823790755,0.00086404581879523607,0.020771508280946357,0,0.022403650302521564
164,5,13,0.21954272611267403,0.048199008588984606,-1,1,1,0,1,131,0,0.0038559206871187678,0.0038559206871187678,0,0.0038659668399085001,0.0038659668399085001,0.005465276404743054,1,0,1,0,0.015267175572519083,0,nan,nan,nan,nan,nan,nan,0,0,0,0,0,nan,0.0076335877862595417,-1.2871797756383216e-07,6.7762635780344027e-21,2.2638790218102816e-07,0,0.00013416183168269466
164,5,13,0.21954272611267403,0.048199008588984606,-1,1,3,1,1,3818,0.011500107167049758,0.074941773845960791,0.063441666678911032,0,0.10000000000000001,0.10000000000000001,0.19652528396987076,0,0,1,1,0.00052383446830801469,0,nan,nan,nan,nan,nan,nan,0,0,0,0,0,nan,0.26767941330539552,-0.0079848089908050399,-5.9472497381401896e-05,0.017930461788312986,0,0.031939235963220181
164,5,13,0.21954272611267403,0.048199008588984606,-1,-1,3,1,1,3818,0.011500107167049758,0.074941773845960791,0.063441666678911032,0,0.10000000000000001,0.10000000000000001,0.19652528396987076,0,0,1,1,0.00052383446830801469,0,nan,nan,nan,nan,nan,nan,0,0,0,0,0,nan,0.26767941330539552,-0.0079848089908050399,-5.9472497381401896e-05,0.0064448127136274803,0,0.031939235963220181
165,13,5,0.21954272611267403,0.048199008588984606,1,1,1,0,1,2680,0.0038559206871187678,0.062458404810291294,0.058602484123172524,0,0.10000000000000001,0.10000000000000001,0.13376189531479221,0,0,1,1,0.00074626865671641792,1638,0.015316877918612408,0.062323047807865434,0.047006169889253026,0.0016888834030131398,0.057304869913275512,0.055615986510262373,0.079003266651514595,0,0,0,0,0,0.61156716417910451,-5.5880995120863804e-05,0.00086404581879523607,0.011983209207317739,0,0.003308560042018004
165,13,5,0.21954272611267403,0.048199008588984606,1,1,3,1,1,2690,0.011500107167049758,0.074941773845960791,0.063441666678911032,0,0.10000000000000001,0.10000000000000001,0.12770189145962318,0,0,1,1,0.00074349442379182155,1447,0.018465643762508338,0.061058169617367986,0.042592525854859647,0.0022993984845102039,0.045496997998665772,0.043197599514155569,0.063725730674103406,0,0,0,0,0,0.92081784386617105,-0.0070968464823790755,0.00086404581879523607,0.03707778173488032,0,0.022403650302521564
165,13,5,0.21954272611267403,0.048199008588984606,1,-1,1,0,1,9,0.018799147253391955,0.018953453913123232,0.00015430665973127644,0.0023978467100237784,0.0024468930375167505,4.9046327492972049e-05,0.00035479603819580497,0,0,0,0,0,8,0.018799147253391955,0.018953453913123232,0.00015430665973127644,0.002398935248129752,0.0024468930375167505,4.7957789386998424e-05,0.00035395502589673266,0,0,0,0,0,0.88888888888888884,-2.8266819414977606e-07,8.1113648072897377e-06,0.0017869675160876908,0,1.2702391121508525e-06
165,13,5,0.21954272611267403,0.048199008588984606,1,-1,1,0,2,11,0.019014431893306424,0.019237462636233098,0.0002230307429266741,0.002462850441856638,0.0025303415339792872,6.7491092122649171e-05,0.00049831340210598643,0,0,0,0,0,11,0.019014431893306424,0.019237462636233098,0.0002230307429266741,0.002462850441856638,0.0025303415339792872,6.7491092122649171e-05,0.00049831340210598643,0,0,0,0,0,1,8.3807178079978734e-07,1.2494220821013062e-05,0.0025110786165944993,0.00087911374049085185,-3.0913638748792674e-06
165,13,5,0.21954272611267403,0.048199008588984606,1,-1,1,0,3,2803,0.019227591654755308,0.060736719189081641,0.041509127534326333,0.0025253719254908695,0.04405626138252404,0.04153088945703317,0.12488284361775009,0,0,0,0,0,1534,0.019227591654755308,0.060736719189081641,0.041509127534326333,0.0025253719254908695,0.04405626138252404,0.04153088945703317,0.12209004571508363,0,0,0,0,0,0.5472707813057438,-1.8867032592531793e-05,0.00086404581879523607,0.011247382516259055,0,0.00020418287140711613
165,13,5,0.21954272611267403,0.048199008588984606,1,-1,1,0,4,9,0.06074282122710406,0.060789515267821621,4.6694040717561169e-05,0.044080905074192531,0.044280368551279231,0.00019946347708670042,0.00043611957510680143,0,0,0,0,0,9,0.06074282122710406,0.060789515267821621,4.6694040717561169e-05,0.044080905074192531,0.044280368551279231,0.00019946347708670042,0.00043611957510680143,0,0,0,0,0,1,1.8861401539552928e-05,0.0001145638658583066,0.0078096095526708313,0.0043181735169371561,-7.4586490089509632e-05
165,13,5,0.21954272611267403,0.048199008588984606,1,-1,1,0,5,9,0.060805613406194933,0.060842359565195167,3.6746159000233813e-05,0.044354190394257566,0.044508997569333505,0.00015480717507593972,0.00034123278645503008,0,0,0,0,0,9,0.060805613406194933,0.060842359565195167,3.6746159000233813e-05,0.044354190394257566,0.044508997569333505,0.00015480717507593972,0.00034123278645503008,0,0,0,0,0,1,1.776614955882709e-05,9.4392293841511087e-05,0.0072680744791174517,0.004199622973891412,-7.0547332491346183e-05
165,13,5,0.21954272611267403,0.048199008588984606,1,-1,3,1,1,2690,0.011500107167049758,0.074941773845960791,0.063441666678911032,0,0.10000000000000001,0.10000000000000001,0.12770189145962318,0,0,1,1,0.00074349442379182155,1447,0.018465643762508338,0.061058169617367986,0.042592525854859647,0.0022993984845102039,0.045496997998665772,0.043197599514155569,0.063725730674103406,0,0,0,0,0,0.92081784386617105,-0.0070968464823790755,0.00086404581879523607,0.020771508280946357,0,0.022403650302521564
165,13,5,0.21954272611267403,0.048199008588984606,-1,1,1,0,1,131,0,0.0038559206871187678,0.0038559206871187678,0,0.0038659668399085001,0.0038659668399085001,0.005465276404743054,1,0,1,0,0.015267175572519083,0,nan,nan,nan,nan,nan,nan,0,0,0,0,0,nan,0.0076335877862595417,-1.2871797756383216e-07,6.7762635780344027e-21,2.2638790218102816e-07,0,0.00013416183168269466
165,13,5,0.21954272611267403,0.048199008588984606,-1,1,3,1,1,3818,0.011500107167049758,0.074941773845960791,0.063441666678911032,0,0.10000000000000001,0.10000000000000001,0.19652528396987076,0,0,1,1,0.00052383446830801469,0,nan,nan,nan,nan,nan,nan,0,0,0,0,0,nan,0.26767941330539552,-0.0079848089908050399,-5.9472497381401896e-05,0.017930461788312986,0,0.031939235963220181
165,13,5,0.21954272611267403,0.048199008588984606,-1,-1,3,1,1,3818,0.011500107167049758,0.074941773845960791,0.063441666678911032,0,0.10000000000000001,0.10000000000000001,0.19652528396987076,0,0,1,1,0.00052383446830801469,0,nan,nan,nan,nan,nan,nan,0,0,0,0,0,nan,0.26767941330539552,-0.0079848089908050399,-5.9472497381401896e-05,0.0064448127136274803,0,0.031939235963220181
166,0,14,0.22056699782255004,0.048649800528452795,1,1,1,0,1,2680,0.0038919840422762231,0.062456591639108439,0.058564607596832213,0,0.10000000000000001,0.10000000000000001,0.13376147087506754,0,0,1,1,0.00074626865671641792,1625,0.015316877918612408,0.0623217180909919,0.047004840172379492,0.0016903802960072981,0.057304869913275505,0.055614489617268205,0.079019184608530635,0,0,0,0,0,0.60671641791044773,-5.3383552477967672e-05,0.00085448037553988176,0.011851927152129044,0,0.0033147965242865014
166,0,14,0.22056699782255004,0.048649800528452795,1,1,3,1,1,2688,0.011607103940558377,0.074979506532906928,0.063372402592348553,0,0.10000000000000001,0.10000000000000001,0.12762934047054367,0,0,1,1,0.00074404761904761901,1440,0.018625750500333556,0.061019451078798553,0.042393700578464998,0.002334202994223275,0.045296864576384252,0.042962661582160978,0.063373666602471901,0,0,0,0,0,0.921875,-0.0071172914698241401,0.00085448037553988176,0.037023293224982302,0,0.022476505496565803
166,0,14,0.22056699782255004,0.048649800528452795,1,-1,1,0,1,9,0.019059925196545376,0.019223327866566709,0.00016340267002133355,0.002464247549763723,0.0025160579611511564,5.1810411387433458e-05,0.0003732738794201589,0,0,0,0,0,9,0.019059925196545376,0.019223327866566709,0.00016340267002133355,0.002464247549763723,0.0025160579611511564,5.1810411387433458e-05,0.0003732738794201589,0,0,0,0,0,1,4.182271924151851e-07,9.3566498410928392e-06,0.0020909966259157319,0.00061626559766798385,-1.5191331474763096e-06
166,0,14,0.22056699782255004,0.048649800528452795,1,-1,1,0,2,2791,0.019272711517090767,0.060683590015329469,0.041410878498238698,0.0025283871373645898,0.043811310435918675,0.041282923298554083,0.12430829562696115,0,0,0,0,0,1529,0.019272711517090767,0.060683590015329469,0.041410878498238698,0.0025291219878249053,0.043811310435918675,0.041282188448093768,0.12158856559590703,0,0,0,0,0,0.54783231816553202,-1.8074628990779901e-05,0.00085448037553988176,0.011171743856710652,0,0.00019993721759117334
166,0,14,0.22056699782255004,0.048649800528452795,1,-1,1,0,3,11,0.060684573839629663,0.060736373155578192,5.1799315948529434e-05,0.043816249516943795,0.044031357874599282,0.00021510835765548714,0.00047436173443968232,0,0,0,0,0,11,0.060684573839629663,0.060736373155578192,5.1799315948529434e-05,0.043816249516943795,0.044031357874599282,0.00021510835765548714,0.00047436173443968232,0,0,0,0,0,1,1.7480516657352753e-05,0.00011999168145892874,0.0082428792620413572,0.0041509465757615651,-6.892142989930665e-05
166,0,14,0.22056699782255004,0.048649800528452795,1,-1,1,0,4,9,0.06074845147056801,0.060789185454253054,4.0733983685044273e-05,0.044086604699928297,0.044256077702456702,0.00016947300252840442,0.00037421089533790672,0,0,0,0,0,9,0.06074845147056801,0.060789185454253054,4.0733983685044273e-05,0.044086604699928297,0.044256077702456702,0.00016947300252840442,0.00037421089533790672,0,0,0,0,0,1,1.7325962735265695e-05,0.00010029682233654986,0.0073843587662611315,0.0041438338053772774,-6.8685434426350101e-05
166,0,14,0.22056699782255004,0.048649800528452795,1,-1,3,1,1,2688,0.011607103940558377,0.074979506532906928,0.063372402592348553,0,0.10000000000000001,0.10000000000000001,0.12762934047054367,0,0,1,1,0.00074404761904761901,1440,0.018625750500333556,0.061019451078798553,0.042393700578464998,0.002334202994223275,0.045296864576384252,0.042962661582160978,0.063373666602471901,0,0,0,0,0,0.921875,-0.0071172914698241401,0.00085448037553988176,0.02067619543080889,0,0.022476505496565803
166,0,14,0.22056699782255004,0.048649800528452795,-1,1,1,0,1,132,0,0.0038919840422762231,0.0038919840422762231,0,0.0039022211791453973,0.0039022211791453973,0.0055173461427276728,1,0,1,0,0.015151515151515152,0,nan,nan,nan,nan,nan,nan,0,0,0,0,0,nan,0,-4.5428971155692891e-08,3.3881317890172014e-21,0,0,0.00013668653440433265
166,0,14,0.22056699782255004,0.048649800528452795,-1,1,3,1,1,3824,0.011607103940558377,0.074979506532906928,0.063372402592348553,0,0.10000000000000001,0.10000000000000001,0.19680979552164407,0,0,1,1,0.00052301255230125519,0,nan,nan,nan,nan,nan,nan,0,0,0,0,0,nan,0.26908995815899583,-0.0079653336911152013,-6.0590159141331109e-05,0.017934312394026177,0,0.031861334764460805
166,0,14,0.22056699782255004,0.048649800528452795,-1,-1,3,1,1,3824,0.011607103940558377,0.074979506532906928,0.063372402592348553,0,0.10000000000000001,0.10000000000000001,0.19680979552164407,0,0,1,1,0.00052301255230125519,0,nan,nan,nan,nan,nan,nan,0,0,0,0,0,nan,0.26908995815899583,-0.0079653336911152013,-6.0590159141331109e-05,0.0064444046691213563,0,0.031861334764460805
167,14,0,0.22056699782255004,0.048649800528452795,1,1,1,0,1,2680,0.0038919840422762231,0.062456591639108439,0.058564607596832213,0,0.10000000000000001,0.10000000000000001,0.13376147087506754,0,0,1,1,0.00074626865671641792,1625,0.015316877918612408,0.0623217180909919,0.047004840172379492,0.0016903802960072981,0.057304869913275505,0.055614489617268205,0.079019184608530635,0,0,0,0,0,0.60671641791044773,-5.3383552477967672e-05,0.00085448037553988176,0.011851927152129044,0,0.0033147965242865014
167,14,0,0.22056699782255004,0.048649800528452795,1,1,3,1,1,2688,0.011607103940558377,0.074979506532906928,0.063372402592348553,0,0.10000000000000001,0.10000000000000001,0.12762934047054367,0,0,1,1,0.00074404761904761901,1440,0.018625750500333556,0.061019451078798553,0.042393700578464998,0.002334202994223275,0.045296864576384252,0.042962661582160978,0.063373666602471901,0,0,0,0,0,0.921875,-0.0071172914698241401,0.00085448037553988176,0.037023293224982302,0,0.022476505496565803
167,14,0,0.22056699782255004,0.048649800528452795,1,-1,1,0,1,9,0.019059925196545376,0.019223327866566709,0.00016340267002133355,0.002464247549763723,0.0025160579611511564,5.1810411387433458e-05,0.0003732738794201589,0,0,0,0,0,9,0.019059925196545376,0.019223327866566709,0.00016340267002133355,0.002464247549763723,0.0025160579611511564,5.1810411387433458e-05,0.0003732738794201589,0,0,0,0,0,1,4.182271924151851e-07,9.3566498410928392e-06,0.0020909966259157319,0.00061626559766798385,-1.5191331474763096e-06
167,14,0,0.22056699782255004,0.048649800528452795,1,-1,1,0,2,2791,0.019272711517090767,0.060683590015329469,0.041410878498238698,0.0025283871373645898,0.043811310435918675,0.041282923298554083,0.12430829562696115,0,0,0,0,0,1529,0.019272711517090767,0.060683590015329469,0.041410878498238698,0.0025291219878249053,0.043811310435918675,0.041282188448093768,0.12158856559590703,0,0,0,0,0,0.54783231816553202,-1.8074628990779901e-05,0.00085448037553988176,0.011171743856710652,0,0.00019993721759117334
167,14,0,0.22056699782255004,0.048649800528452795,1,-1,1,0,3,11,0.060684573839629663,0.060736373155578192,5.1799315948529434e-05,0.043816249516943795,0.044031357874599282,0.00021510835765548714,0.00047436173443968232,0,0,0,0,0,11,0.060684573839629663,0.060736373155578192,5.1799315948529434e-05,0.043816249516943795,0.044031357874599282,0.00021510835765548714,0.00047436173443968232,0,0,0,0,0,1,1.7480516657352753e-05,0.00011999168145892874,0.0082428792620413572,0.0041509465757615651,-6.892142989930665e-05
167,14,0,0.22056699782255004,0.048649800528452795,1,-1,1,0,4,9,0.06074845147056801,0.060789185454253054,4.0733983685044273e-05,0.044086604699928297,0.044256077702456702,0.00016947300252840442,0.00037421089533790672,0,0,0,0,0,9,0.06074845147056801,0.060789185454253054,4.0733983685044273e-05,0.044086604699928297,0.044256077702456702,0.00016947300252840442,0.00037421089533790672,0,0,0,0,0,1,1.7325962735265695e-05,0.00010029682233654986,0.0073843587662611315,0.0041438338053772774,-6.8685434426350101e-05
167,14,0,0.22056699782255004,0.048649800528452795,1,-1,3,1,1,2688,0.011607103940558377,0.074979506532906928,0.063372402592348553,0,0.10000000000000001,0.10000000000000001,0.12762934047054367,0,0,1,1,0.00074404761904761901,1440,0.018625750500333556,0.061019451078798553,0.042393700578464998,0.002334202994223275,0.045296864576384252,0.042962661582160978,0.063373666602471901,0,0,0,0,0,0.921875,-0.0071172914698241401,0.00085448037553988176,0.02067619543080889,0,0.022476505496565803
167,14,0,0.22056699782255004,0.048649800528452795,-1,1,1,0,1,132,0,0.0038919840422762231,0.0038919840422762231,0,0.0039022211791453973,0.0039022211791453973,0.0055173461427276728,1,0,1,0,0.015151515151515152,0,nan,nan,nan,nan,nan,nan,0,0,0,0,0,nan,0,-4.5428971155692891e-08,3.3881317890172014e-21,0,0,0.00013668653440433265
167,14,0,0.22056699782255004,0.048649800528452795,-1,1,3,1,1,3824,0.011607103940558377,0.074979506532906928,0.063372402592348553,0,0.10000000000000001,0.10000000000000001,0.19680979552164407,0,0,1,1,0.00052301255230125519,0,nan,nan,nan,nan,nan,nan,0,0,0,0,0,nan,0.26908995815899583,-0.0079653336911152013,-6.0590159141331109e-05,0.017934312394026177,0,0.031861334764460805
167,14,0,0.22056699782255004,0.048649800528452795,-1,-1,3,1,1,3824,0.011607103940558377,0.074979506532906928,0.063372402592348553,0,0.10000000000000001,0.10000000000000001,0.19680979552164407,0,0,1,1,0.00052301255230125519,0,nan,nan,nan,nan,nan,nan,0,0,0,0,0,nan,0.26908995815899583,-0.0079653336911152013,-6.0590159141331109e-05,0.0064444046691213563,0,0.031861334764460805
168,1,14,0.22113123138339871,0.048899021493138219,1,1,1,0,1,2679,0.0039119217194510583,0.062455735767682805,0.058543814048231745,0,0.10000000000000001,0.10000000000000001,0.13373915650479107,0,0,1,1,0.00074654721911160881,1621,0.015316877918612408,0.062321058809763491,0.047004180891151083,0.0016910223982556035,0.057304869913275512,0.05561384751501991,0.079010609270960944,0,0,0,0,0,0.60507652108995891,-5.2042257584227088e-05,0.00084918902922177764,0.011792883735109675,0,0.0033183908108632906
168,1,14,0.22113123138339871,0.048899021493138219,1,1,3,1,1,2688,0.011666270965012125,0.075000377260489567,0.063334106295477449,0,0.10000000000000001,0.10000000000000001,0.12758920239131855,0,0,1,1,0.00074404761904761901,1435,0.018785857238158774,0.061008381671070408,0.042222524432911634,0.0023753454173997268,0.045230153435623748,0.042854808018224021,0.063149284825814139,0,0,0,0,0,0.92113095238095233,-0.0071285994210848842,0.00084918902922177764,0.037017232773540264,0,0.022516807575667423
168,1,14,0.22113123138339871,0.048899021493138219,1,-1,1,0,1,9,0.019085136949617811,0.019220248830309723,0.00013511188069191202,0.00246497952764677,0.0025081612676042834,4.318173995751344e-05,0.00031015266451457591,0,0,0,0,0,9,0.019085136949617811,0.019220248830309723,0.00013511188069191202,0.00246497952764677,0.0025081612676042834,4.318173995751344e-05,0.00031015266451457591,0,0,0,0,0,1,1.8177220323064344e-07,7.6270941978702749e-06,0.0018982125335436485,0.0003937843119182537,-6.2026433725173018e-07
168,1,14,0.22113123138339871,0.048899021493138219,1,-1,1,0,2,2791,0.019297717032193799,0.060683398072752477,0.041385681040558675,0.0025299424545287084,0.043797638237964384,0.041267695783435678,0.12425527209305806,0,0,0,0,0,1537,0.019297717032193799,0.060683398072752477,0.041385681040558675,0.0025299424545287084,0.043797638237964384,0.041267695783435678,0.1215825316257545,0,0,0,0,0,0.55069867431028308,-1.8172286124227232e-05,0.00084918902922177764,0.011123456392774553,0,0.00019749902172112727
168,1,14,0.22113123138339871,0.048899021493138219,1,-1,1,0,3,9,0.060687719303105667,0.060736187358992062,4.8468055886395633e-05,0.043818662762344321,0.044017937316986694,0.00019927455464237298,0.00044112142898059719,0,0,0,0,0,9,0.060687719303105667,0.060736187358992062,4.8468055886395633e-05,0.043818662762344321,0.044017937316986694,0.00019927455464237298,0.00044112142898059719,0,0,0,0,0,1,1.5935090194977317e-05,0.00011222522419228174,0.0075800365716160228,0.0039649423870490438,-6.288307253047269e-05
168,1,14,0.22113123138339871,0.048899021493138219,1,-1,1,0,4,9,0.060751564158672319,0.06078900815744348,3.7443998771161113e-05,0.04408835728494679,0.044242648472147657,0.00015429118720086676,0.00034181900113707783,0,0,0,0,0,9,0.060751564158672319,0.06078900815744348,3.7443998771161113e-05,0.04408835728494679,0.044242648472147657,0.00015429118720086676,0.00034181900113707783,0,0,0,0,0,1,1.5686315887283343e-05,9.2332029445145469e-05,0.0071172319953149571,0.0039440705815588159,-6.222277100927078e-05
168,1,14,0.22113123138339871,0.048899021493138219,1,-1,3,1,1,2688,0.011666270965012125,0.075000377260489567,0.063334106295477449,0,0.10000000000000001,0.10000000000000001,0.12758920239131855,0,0,1,1,0.00074404761904761901,1435,0.018785857238158774,0.061008381671070408,0.042222524432911634,0.0023753454173997268,0.045230153435623748,0.042854808018224021,0.063149284825814139,0,0,0,0,0,0.92113095238095233,-0.0071285994210848842,0.00084918902922177764,0.020625568825163625,0,0.022516807575667423
168,1,14,0.22113123138339871,0.048899021493138219,-1,1,1,0,1,133,0,0.0039119217194510583,0.0039119217194510583,0,0.003922264340916165,0.003922264340916165,0.0055462493458995257,1,0,1,0,0.015037593984962405,0,nan,nan,nan,nan,nan,nan,0,0,0,0,0,nan,0.0075187969924812026,-9.3204556113957507e-08,0,2.9092566375087344e-07,0,0.00013809240818834557
168,1,14,0.22113123138339871,0.048899021493138219,-1,1,3,1,1,3822,0.011666270965012125,0.075000377260489567,0.063334106295477449,0,0.10000000000000001,0.10000000000000001,0.19665200267485111,0,0,1,1,0.00052328623757195189,0,nan,nan,nan,nan,nan,nan,0,0,0,0,0,nan,0.26949241234955523,-0.0079545660347967798,-6.1212526156451656e-05,0.017982144556016075,0,0.03181826413918714
168,1,14,0.22113123138339871,0.048899021493138219,-1,-1,3,1,1,3822,0.011666270965012125,0.075000377260489567,0.063334106295477449,0,0.10000000000000001,0.10000000000000001,0.19665200267485111,0,0,1,1,0.00052328623757195189,0,nan,nan,nan,nan,nan,nan,0,0,0,0,0,nan,0.26949241234955523,-0.0079545660347967798,-6.1212526156451656e-05,0.0064559899008136724,0,0.03181826413918714
169,14,1,0.22113123138339871,0.048899021493138219,1,1,1,0,1,2679,0.0039119217194510583,0.062455735767682805,0.058543814048231745,0,0.10000000000000001,0.10000000000000001,0.13373915650479107,0,0,1,1,0.00074654721911160881,1621,0.015316877918612408,0.062321058809763491,0.047004180891151083,0.0016910223982556035,0.057304869913275512,0.05561384751501991,0.079010609270960944,0,0,0,0,0,0.60507652108995891,-5.2042257584227088e-05,0.00084918902922177764,0.011792883735109675,0,0.0033183908108632906
169,14,1,0.22113123138339871,0.048899021493138219,1,1,3,1,1,2688,0.011666270965012125,0.075000377260489567,0.063334106295477449,0,0.10000000000000001,0.10000000000000001,0.12758920239131855,0,0,1,1,0.00074404761904761901,1435,0.018785857238158774,0.061008381671070408,0.042222524432911634,0.0023753454173997268,0.045230153435623748,0.042854808018224021,0.063149284825814139,0,0,0,0,0,0.92113095238095233,-0.0071285994210848842,0.00084918902922177764,0.037017232773540264,0,0.022516807575667423
169,14,1,0.22113123138339871,0.048899021493138219,1,-1,1,0,1,9,0.019085136949617811,0.019220248830309723,0.00013511188069191202,0.00246497952764677,0.0025081612676042834,4.318173995751344e-05,0.00031015266451457591,0,0,0,0,0,9,0.019085136949617811,0.019220248830309723,0.00013511188069191202,0.00246497952764677,0.0025081612676042834,4.318173995751344e-05,0.00031015266451457591,0,0,0,0,0,1,1.8177220323064344e-07,7.6270941978702749e-06,0.0018982125335436485,0.0003937843119182537,-6.2026433725173018e-07
169,14,1,0.22113123138339871,0.048899021493138219,1,-1,1,0,2,2791,0.019297717032193799,0.060683398072752477,0.041385681040558675,0.0025299424545287084,0.043797638237964384,0.041267695783435678,0.12425527209305806,0,0,0,0,0,1537,0.019297717032193799,0.060683398072752477,0.041385681040558675,0.0025299424545287084,0.043797638237964384,0.041267695783435678,0.1215825316257545,0,0,0,0,0,0.55069867431028308,-1.8172286124227232e-05,0.00084918902922177764,0.011123456392774553,0,0.00019749902172112727
169,14,1,0.22113123138339871,0.048899021493138219,1,-1,1,0,3,9,0.060687719303105667,0.060736187358992062,4.8468055886395633e-05,0.043818662762344321,0.044017937316986694,0.00019927455464237298,0.00044112142898059719,0,0,0,0,0,9,0.060687719303105667,0.060736187358992062,4.8468055886395633e-05,0.043818662762344321,0.044017937316986694,0.00019927455464237298,0.00044112142898059719,0,0,0,0,0,1,1.5935090194977317e-05,0.00011222522419228174,0.0075800365716160228,0.0039649423870490438,-6.288307253047269e-05
169,14,1,0.22113123138339871,0.048899021493138219,1,-1,1,0,4,9,0.060751564158672319,0.06078900815744348,3.7443998771161113e-05,0.04408835728494679,0.044242648472147657,0.00015429118720086676,0.00034181900113707783,0,0,0,0,0,9,0.060751564158672319,0.06078900815744348,3.7443998771161113e-05,0.04408835728494679,0.044242648472147657,0.00015429118720086676,0.00034181900113707783,0,0,0,0,0,1,1.5686315887283343e-05,9.2332029445145469e-05,0.0071172319953149571,0.0039440705815588159,-6.222277100927078e-05
169,14,1,0.22113123138339871,0.048899021493138219,1,-1,3,1,1,2688,0.011666270965012125,0.075000377260489567,0.063334106295477449,0,0.10000000000000001,0.10000000000000001,0.12758920239131855,0,0,1,1,0.00074404761904761901,1435,0.018785857238158774,0.061008381671070408,0.042222524432911634,0.0023753454173997268,0.045230153435623748,0.042854808018224021,0.063149284825814139,0,0,0,0,0,0.92113095238095233,-0.0071285994210848842,0.00084918902922177764,0.020625568825163625,0,0.022516807575667423
169,14,1,0.22113123138339871,0.048899021493138219,-1,1,1,0,1,133,0,0.0039119217194510583,0.0039119217194510583,0,0.003922264340916165,0.003922264340916165,0.0055462493458995257,1,0,1,0,0.015037593984962405,0,nan,nan,nan,nan,nan,nan,0,0,0,0,0,nan,0.0075187969924812026,-9.3204556113957507e-08,0,2.9092566375087344e-07,0,0.00013809240818834557
169,14,1,0.22113123138339871,0.048899021493138219,-1,1,3,1,1,3822,0.011666270965012125,0.075000377260489567,0.063334106295477449,0,0.10000000000000001,0.10000000000000001,0.19665200267485111,0,0,1,1,0.00052328623757195189,0,nan,nan,nan,nan,nan,nan,0,0,0,0,0,nan,0.26949241234955523,-0.0079545660347967798,-6.1212526156451656e-05,0.017982144556016075,0,0.03181826413918714
169,14,1,0.22113123138339871,0.048899021493138219,-1,-1,3,1,1,3822,0.011666270965012125,0.075000377260489567,0.063334106295477449,0,0.10000000000000001,0.10000000000000001,0.19665200267485111,0,0,1,1,0.00052328623757195189,0,nan,nan,nan,nan,nan,nan,0,0,0,0,0,nan,0.26949241234955523,-0.0079545660347967798,-6.1212526156451656e-05,0.0064559899008136724,0,0.03181826413918714
170,2,14,0.22281522002795334,0.049646622276105265,1,1,1,0,1,2678,0.0039717297820884203,0.062453483279755202,0.05848175349766678,0,0.10000000000000001,0.10000000000000001,0.13371603599555615,0,0,1,1,0.0007468259895444362,1616,0.01563709139426284,0.062319341111564466,0.04668224971730163,0.0017537247500991333,0.057304869913275519,0.055551145163176385,0.078724822329733643,0,0,0,0,0,0.60343539955190439,-4.817842331659386e-05,0.00083335232934293334,0.011607153110985272,0,0.0033297686535798446
170,2,14,0.22281522002795334,0.049646622276105265,1,1,3,1,1,2687,0.011843813292784824,0.075063006726897946,0.063219193434113127,0,0.10000000000000001,0.10000000000000001,0.12746585640291888,0,0,1,1,0.00074432452549311504,1422,0.019106070713809205,0.060947298198799196,0.041841227484989987,0.0024510365749792731,0.044907835734562931,0.042456799159583655,0.062517852559063641,0,0,0,0,0,0.91849646445850386,-0.0071625335243688786,0.00083335232934293334,0.036933250894629621,0,0.022637779501483171
170,2,14,0.22281522002795334,0.049646622276105265,1,-1,1,0,1,9,0.019372876309152801,0.019486254165592198,0.00011337785643939641,0.0025322113949161028,0.0025687320907938549,3.6520695877752078e-05,0.00026030975473448147,0,0,0,0,0,9,0.019372876309152801,0.019486254165592198,0.00011337785643939641,0.0025322113949161028,0.0025687320907938549,3.6520695877752078e-05,0.00026030975473448147,0,0,0,0,0,1,4.3359272207542154e-07,6.7747481934648317e-06,0.0019024187680880753,0.00064400112342861103,-1.6589497879092526e-06
170,2,14,0.22281522002795334,0.049646622276105265,1,-1,1,0,2,2769,0.019582802507140503,0.060630054810939742,0.041047252303799242,0.0025971601481938208,0.043540095778620877,0.040942935630427058,0.12317695834016103,0,0,0,0,0,1525,0.019582802507140503,0.060630054810939742,0.041047252303799242,0.0025971601481938208,0.043540095778620877,0.040942935630427058,0.12053015737188831,0,0,0,0,0,0.55074033947273382,-1.6861922306060145e-05,0.00083335232934293334,0.011023441868958025,0,0.00019056443078455934
170,2,14,0.22281522002795334,0.049646622276105265,1,-1,1,0,3,9,0.060632294458827687,0.060682844963215223,5.0550504387535111e-05,0.04355438256320153,0.043756799885398046,0.00020241732219651587,0.0004519074366408271,0,0,0,0,0,9,0.060632294458827687,0.060682844963215223,5.0550504387535111e-05,0.04355438256320153,0.043756799885398046,0.00020241732219651587,0.0004519074366408271,0,0,0,0,0,1,9.1095285455248287e-06,0.00010820219955402262,0.0071087233508102116,0.0029799209943331966,-3.5519716529870989e-05
170,2,14,0.22281522002795334,0.049646622276105265,1,-1,1,0,4,9,0.060697154909618245,0.060735651678708383,3.8496769090137772e-05,0.04382285597390962,0.04397785660571852,0.00015500063180889923,0.00034558060266273337,0,0,0,0,0,9,0.060697154909618245,0.060735651678708383,3.8496769090137772e-05,0.04382285597390962,0.04397785660571852,0.00015500063180889923,0.00034558060266273337,0,0,0,0,0,1,1.1025053099619391e-05,8.8613472055105102e-05,0.0067663400169667353,0.0032999835333736983,-4.3559565282150239e-05
170,2,14,0.22281522002795334,0.049646622276105265,1,-1,3,1,1,2687,0.011843813292784824,0.075063006726897946,0.063219193434113127,0,0.10000000000000001,0.10000000000000001,0.12746585640291888,0,0,1,1,0.00074432452549311504,1422,0.019106070713809205,0.060947298198799196,0.041841227484989987,0.0024510365749792731,0.044907835734562931,0.042456799159583655,0.062517852559063641,0,0,0,0,0,0.91849646445850386,-0.0071625335243688786,0.00083335232934293334,0.020459292569807528,0,0.022637779501483171
170,2,14,0.22281522002795334,0.049646622276105265,-1,1,1,0,1,135,0,0.0039717297820884203,0.0039717297820884203,0,0.0039823935039863465,0.0039823935039863465,0.0056341487167695468,1,0,1,0,0.014814814814814815,0,nan,nan,nan,nan,nan,nan,0,0,0,0,0,nan,0,-4.5286641506351579e-08,6.7762635780344027e-21,0,0,0.00014235301427775019
170,2,14,0.22281522002795334,0.049646622276105265,-1,1,3,1,1,3815,0.011843813292784824,0.075063006726897946,0.063219193434113127,0,0.10000000000000001,0.10000000000000001,0.1961997089866952,0,0,1,1,0.00052424639580602882,0,nan,nan,nan,nan,nan,nan,0,0,0,0,0,nan,0.27182175622542593,-0.0079222498939888544,-6.3098549847712538e-05,0.018085483170834842,0,0.031688999575955418
170,2,14,0.22281522002795334,0.049646622276105265,-1,-1,3,1,1,3815,0.011843813292784824,0.075063006726897946,0.063219193434113127,0,0.10000000000000001,0.10000000000000001,0.1961997089866952,0,0,1,1,0.00052424639580602882,0,nan,nan,nan,nan,nan,nan,0,0,0,0,0,nan,0.27182175622542593,-0.0079222498939888544,-6.3098549847712538e-05,0.0064843302760059203,0,0.031688999575955418
171,14,2,0.22281522002795334,0.049646622276105265,1,1,1,0,1,2678,0.0039717297820884203,0.062453483279755202,0.05848175349766678,0,0.10000000000000001,0.10000000000000001,0.13371603599555615,0,0,1,1,0.0007468259895444362,1616,0.01563709139426284,0.062319341111564466,0.04668224971730163,0.0017537247500991333,0.057304869913275519,0.055551145163176385,0.078724822329733643,0,0,0,0,0,0.60343539955190439,-4.817842331659386e-05,0.00083335232934293334,0.011607153110985272,0,0.0033297686535798446
171,14,2,0.22281522002795334,0.049646622276105265,1,1,3,1,1,2687,0.011843813292784824,0.075063006726897946,0.063219193434113127,0,0.10000000000000001,0.10000000000000001,0.12746585640291888,0,0,1,1,0.00074432452549311504,1422,0.019106070713809205,0.060947298198799196,0.041841227484989987,0.0024510365749792731,0.044907835734562931,0.042456799159583655,0.062517852559063641,0,0,0,0,0,0.91849646445850386,-0.0071625335243688786,0.00083335232934293334,0.036933250894629621,0,0.022637779501483171
171,14,2,0.22281522002795334,0.049646622276105265,1,-1,1,0,1,9,0.019372876309152801,0.019486254165592198,0.00011337785643939641,0.0025322113949161028,0.0025687320907938549,3.6520695877752078e-05,0.00026030975473448147,0,0,0,0,0,9,0.019372876309152801,0.019486254165592198,0.00011337785643939641,0.0025322113949161028,0.0025687320907938549,3.6520695877752078e-05,0.00026030975473448147,0,0,0,0,0,1,4.3359272207542154e-07,6.7747481934648317e-06,0.0019024187680880753,0.00064400112342861103,-1.6589497879092526e-06
171,14,2,0.22281522002795334,0.049646622276105265,1,-1,1,0,2,2769,0.019582802507140503,0.060630054810939742,0.041047252303799242,0.0025971601481938208,0.043540095778620877,0.040942935630427058,0.12317695834016103,0,0,0,0,0,1525,0.019582802507140503,0.060630054810939742,0.041047252303799242,0.0025971601481938208,0.043540095778620877,0.040942935630427058,0.12053015737188831,0,0,0,0,0,0.55074033947273382,-1.6861922306060145e-05,0.00083335232934293334,0.011023441868958025,0,0.00019056443078455934
171,14,2,0.22281522002795334,0.049646622276105265,1,-1,1,0,3,9,0.060632294458827687,0.060682844963215223,5.0550504387535111e-05,0.04355438256320153,0.043756799885398046,0.00020241732219651587,0.0004519074366408271,0,0,0,0,0,9,0.060632294458827687,0.060682844963215223,5.0550504387535111e-05,0.04355438256320153,0.043756799885398046,0.00020241732219651587,0.0004519074366408271,0,0,0,0,0,1,9.1095285455248287e-06,0.00010820219955402262,0.0071087233508102116,0.0029799209943331966,-3.5519716529870989e-05
171,14,2,0.22281522002795334,0.049646622276105265,1,-1,1,0,4,9,0.060697154909618245,0.060735651678708383,3.8496769090137772e-05,0.04382285597390962,0.04397785660571852,0.00015500063180889923,0.00034558060266273337,0,0,0,0,0,9,0.060697154909618245,0.060735651678708383,3.8496769090137772e-05,0.04382285597390962,0.04397785660571852,0.00015500063180889923,0.00034558060266273337,0,0,0,0,0,1,1.1025053099619391e-05,8.8613472055105102e-05,0.0067663400169667353,0.0032999835333736983,-4.3559565282150239e-05
171,14,2,0.22281522002795334,0.049646622276105265,1,-1,3,1,1,2687,0.011843813292784824,0.075063006726897946,0.063219193434113127,0,0.10000000000000001,0.10000000000000001,0.12746585640291888,0,0,1,1,0.00074432452549311504,1422,0.019106070713809205,0.060947298198799196,0.041841227484989987,0.0024510365749792731,0.044907835734562931,0.042456799159583655,0.062517852559063641,0,0,0,0,0,0.91849646445850386,-0.0071625335243688786,0.00083335232934293334,0.020459292569807528,0,0.022637779501483171
171,14,2,0.22281522002795334,0.049646622276105265,-1,1,1,0,1,135,0,0.0039717297820884203,0.0039717297820884203,0,0.0039823935039863465,0.0039823935039863465,0.0056341487167695468,1,0,1,0,0.014814814814814815,0,nan,nan,nan,nan,nan,nan,0,0,0,0,0,nan,0,-4.5286641506351579e-08,6.7762635780344027e-21,0,0,0.00014235301427775019
171,14,2,0.22281522002795334,0.049646622276105265,-1,1,3,1,1,3815,0.011843813292784824,0.075063006726897946,0.063219193434113127,0,0.10000000000000001,0.10000000000000001,0.1961997089866952,0,0,1,1,0.00052424639580602882,0,nan,nan,nan,nan,nan,nan,0,0,0,0,0,nan,0.27182175622542593,-0.0079222498939888544,-6.3098549847712538e-05,0.018085483170834842,0,0.031688999575955418
171,14,2,0.22281522002795334,0.049646622276105265,-1,-1,3,1,1,3815,0.011843813292784824,0.075063006726897946,0.063219193434113127,0,0.10000000000000001,0.10000000000000001,0.1961997089866952,0,0,1,1,0.00052424639580602882,0,nan,nan,nan,nan,nan,nan,0,0,0,0,0,nan,0.27182175622542593,-0.0079222498939888544,-6.3098549847712538e-05,0.0064843302760059203,0,0.031688999575955418
172,10,10,0.22302867828578704,0.0497417913379051,1,1,1,0,1,2678,0.0039793433070324079,0.062453219619275947,0.058473876312243538,0,0.10000000000000001,0.10000000000000001,0.13371728424607954,0,0,1,1,0.0007468259895444362,1610,0.016010673782521679,0.062319146352260046,0.046308472569738371,0.0018268298031420579,0.057304869913275505,0.05547804011013345,0.078351269332865556,0,0,0,0,0,0.60119492158327115,-4.7703091820097228e-05,0.0008313357248514292,0.011580320876280293,0,0.0033312789270788638
172,10,10,0.22302867828578704,0.0497417913379051,1,1,3,1,1,2685,0.011866420867117113,0.075070982167798617,0.0632045613006815,0,0.10000000000000001,0.10000000000000001,0.12745112685261056,0,0,1,1,0.00074487895716945994,1420,0.019106070713809205,0.060929989326418854,0.041823918612609645,0.0024479956974757687,0.044829886591060707,0.042381890893584941,0.06244204990863518,0,0,0,0,0,0.91769087523277471,-0.0071668548446530171,0.0008313357248514292,0.036943426211577007,0,0.022653187718884745
172,10,10,0.22302867828578704,0.0497417913379051,1,-1,1,0,1,9,0.019592319139154414,0.019767623441717862,0.00017530430256344764,0.0025974597793413353,0.00265105328772417,5.3593508382834745e-05,0.00039132352156597092,0,0,0,0,0,9,0.019592319139154414,0.019767623441717862,0.00017530430256344764,0.0025974597793413353,0.00265105328772417,5.3593508382834745e-05,0.00039132352156597092,0,0,0,0,0,1,1.0548687821439637e-06,1.0529647093768001e-05,0.0023168558778484333,0.0010054808160434908,-4.0439666857259368e-06
172,10,10,0.22302867828578704,0.0497417913379051,1,-1,1,0,2,2757,0.019800167520846568,0.06062998550902151,0.040829817988174942,0.0026615190178584007,0.043534920684412046,0.040873401666553642,0.1226841521880921,0,0,0,0,0,1514,0.019800167520846568,0.06062998550902151,0.040829817988174942,0.0026621990625987665,0.043534920684412046,0.040872721621813282,0.12006514081633951,0,0,0,0,0,0.54914762422923469,-1.7350904295185034e-05,0.0008313357248514292,0.011041332540110154,0,0.00018971774247972028
172,10,10,0.22302867828578704,0.0497417913379051,1,-1,1,0,3,9,0.060633504598688277,0.060682776847741142,4.9272249052864647e-05,0.043554772873931787,0.043751734086368288,0.00019696121243650139,0.00043998159086528453,0,0,0,0,0,9,0.060633504598688277,0.060682776847741142,4.9272249052864647e-05,0.043554772873931787,0.043751734086368288,0.00019696121243650139,0.00043998159086528453,0,0,0,0,0,1,8.48462279611427e-06,0.00010524324967063847,0.0070012252061102433,0.0028751517168802282,-3.3065989580317297e-05
172,10,10,0.22302867828578704,0.0497417913379051,1,-1,1,0,4,9,0.060698356055791144,0.060735585680741964,3.7229624950819995e-05,0.043823225715324821,0.043972754358938451,0.00014952864361363061,0.000333616467160765,0,0,0,0,0,9,0.060698356055791144,0.060735585680741964,3.7229624950819995e-05,0.043823225715324821,0.043972754358938451,0.00014952864361363061,0.000333616467160765,0,0,0,0,0,1,1.0396219421572241e-05,8.5572348961744605e-05,0.006650943725073361,0.0032046551077639113,-4.1079257438869306e-05
172,10,10,0.22302867828578704,0.0497417913379051,1,-1,3,1,1,2685,0.011866420867117113,0.075070982167798617,0.0632045613006815,0,0.10000000000000001,0.10000000000000001,0.12745112685261056,0,0,1,1,0.00074487895716945994,1420,0.019106070713809205,0.060929989326418854,0.041823918612609645,0.0024479956974757687,0.044829886591060707,0.042381890893584941,0.06244204990863518,0,0,0,0,0,0.91769087523277471,-0.0071668548446530171,0.0008313357248514292,0.02045111546735574,0,0.022653187718884745
172,10,10,0.22302867828578704,0.0497417913379051,-1,1,1,0,1,135,0,0.0039793433070324079,0.0039793433070324079,0,0.0039900479783130192,0.0039900479783130192,0.0056459309021726529,1,0,1,0,0.014814814814814815,0,nan,nan,nan,nan,nan,nan,0,0,0,0,0,nan,0,-6.5303073674460638e-08,0,0,0,0.00014290003041530846
172,10,10,0.22302867828578704,0.0497417913379051,-1,1,3,1,1,3815,0.011866420867117113,0.075070982167798617,0.0632045613006815,0,0.10000000000000001,0.10000000000000001,0.19614249702116621,0,0,1,1,0.00052424639580602882,0,nan,nan,nan,nan,nan,nan,0,0,0,0,0,nan,0.27155963302752295,-0.0079181299213785042,-6.3340692620894476e-05,0.018089093353299109,0,0.031672519685514038
172,10,10,0.22302867828578704,0.0497417913379051,-1,-1,3,1,1,3815,0.011866420867117113,0.075070982167798617,0.0632045613006815,0,0.10000000000000001,0.10000000000000001,0.19614249702116621,0,0,1,1,0.00052424639580602882,0,nan,nan,nan,nan,nan,nan,0,0,0,0,0,nan,0.27155963302752295,-0.0079181299213785042,-6.3340692620894476e-05,0.0064842317955214057,0,0.031672519685514038
173,9,11,0.22412950479279772,0.050234034918664738,1,1,1,0,1,2677,0.0040187227934931789,0.062451917132218177,0.058433194338725,0,0.10000000000000001,0.10000000000000001,0.13369586205806913,0,0,1,1,0.00074710496824803888,1600,0.016010673782521679,0.062314891164285846,0.046304217381764171,0.0018278995657303478,0.057238158772515008,0.055410259206784662,0.078293947842549033,0,0,0,0,0,0.59805752708255511,-4.5301422229688955e-05,0.00082091732605100163,0.011445736716383699,0,0.0033393043455453007
173,9,11,0.22412950479279772,0.050234034918664738,1,1,3,1,1,2684,0.011983371908660556,0.075112246792513909,0.063128874883853353,0,0.10000000000000001,0.10000000000000001,0.12737511247397384,0,0,1,1,0.00074515648286140089,1413,0.019319546364242827,0.060905739779935457,0.041586193415692627,0.0024992722801523118,0.044696464309539691,0.042197192029387376,0.062103746634493966,0,0,0,0,0,0.91691505216095381,-0.0071892128019060949,0.00082091732605100163,0.03690701422714341,0,0.022732918840607748
173,9,11,0.22412950479279772,0.050234034918664738,1,-1,1,0,1,2747,0.019849071015530399,0.060576839729878811,0.040727768714348411,0.0026638354057778985,0.043294687321014123,0.040630851915236223,0.12211958405174517,0,0,0,0,0,1520,0.019849071015530399,0.060576468115572761,0.040727397100042362,0.0026638354057778985,0.043294687321014123,0.040630851915236223,0.11958577133586029,0,0,0,0,0,0.55333090644339278,-1.6359103120502009e-05,0.00082091732605100163,0.010959733761653172,0,0.00018516886476431112
173,9,11,0.22412950479279772,0.050234034918664738,1,-1,1,0,2,11,0.06057391595676169,0.060629634791454938,5.5718834693248287e-05,0.043288434351506914,0.043508153509702677,0.00021971915819576221,0.00049299852900431835,0,0,0,0,0,11,0.06057391595676169,0.060629634791454938,5.5718834693248287e-05,0.043288434351506914,0.043508153509702677,0.00021971915819576221,0.00049299852900431835,0,0,0,0,0,1,1.2184487306079499e-06,0.00010888575185610919,0.0070141137761684574,0.00097060437146725964,-3.7682913836454168e-06
173,9,11,0.22412950479279772,0.050234034918664738,1,-1,1,0,3,9,0.060639763813257926,0.060682432226641721,4.2668413383795123e-05,0.043556480152147942,0.043725532219851371,0.00016905206770342907,0.00037865951289987214,0,0,0,0,0,9,0.060639763813257926,0.060682432226641721,4.2668413383795123e-05,0.043556480152147942,0.043725532219851371,0.00016905206770342907,0.00037865951289987214,0,0,0,0,0,1,5.2394057965273911e-06,8.9818429644399891e-05,0.0063970267390585601,0.002252968310966602,-2.0303464840878817e-05
173,9,11,0.22412950479279772,0.050234034918664738,1,-1,3,1,1,2684,0.011983371908660556,0.075112246792513909,0.063128874883853353,0,0.10000000000000001,0.10000000000000001,0.12737511247397384,0,0,1,1,0.00074515648286140089,1413,0.019319546364242827,0.060905739779935457,0.041586193415692627,0.0024992722801523118,0.044696464309539691,0.042197192029387376,0.062103746634493966,0,0,0,0,0,0.91691505216095381,-0.0071892128019060949,0.00082091732605100163,0.020348404520458926,0,0.022732918840607748
173,9,11,0.22412950479279772,0.050234034918664738,-1,1,1,0,1,137,0,0.0040187227934931789,0.0040187227934931789,0,0.0040296422635472014,0.0040296422635472014,0.005707320433366754,1,0,1,0,0.014598540145985401,0,nan,nan,nan,nan,nan,nan,0,0,0,0,0,nan,0,-9.2767466951899566e-08,1.2839042859874887e-08,0,0,0.00014574623907546882
173,9,11,0.22412950479279772,0.050234034918664738,-1,1,3,1,1,3814,0.011983371908660556,0.075112246792513909,0.063128874883853353,0,0.10000000000000001,0.10000000000000001,0.19612291745564492,0,0,1,1,0.0005243838489774515,0,nan,nan,nan,nan,nan,nan,0,0,0,0,0,nan,0.27189302569480861,-0.0078968470753919377,-6.4600531563766499e-05,0.018151284044851963,0,0.031587388301567772
173,9,11,0.22412950479279772,0.050234034918664738,-1,-1,3,1,1,3814,0.011983371908660556,0.075112246792513909,0.063128874883853353,0,0.10000000000000001,0.10000000000000001,0.19612291745564492,0,0,1,1,0.0005243838489774515,0,nan,nan,nan,nan,nan,nan,0,0,0,0,0,nan,0.27189302569480861,-0.0078968470753919377,-6.4600531563766499e-05,0.0065005558164876551,0,0.031587388301567772
174,11,9,0.22412950479279772,0.050234034918664738,1,1,1,0,1,2677,0.0040187227934931789,0.062451917132218177,0.058433194338725,0,0.10000000000000001,0.10000000000000001,0.13369586205806913,0,0,1,1,0.00074710496824803888,1600,0.016010673782521679,0.062314891164285846,0.046304217381764171,0.0018278995657303478,0.057238158772515008,0.055410259206784662,0.078293947842549033,0,0,0,0,0,0.59805752708255511,-4.5301422229688955e-05,0.00082091732605100163,0.011445736716383699,0,0.0033393043455453007
174,11,9,0.22412950479279772,0.050234034918664738,1,1,3,1,1,2684,0.011983371908660556,0.075112246792513909,0.063128874883853353,0,0.10000000000000001,0.10000000000000001,0.12737511247397384,0,0,1,1,0.00074515648286140089,1413,0.019319546364242827,0.060905739779935457,0.041586193415692627,0.0024992722801523118,0.044696464309539691,0.042197192029387376,0.062103746634493966,0,0,0,0,0,0.91691505216095381,-0.0071892128019060949,0.00082091732605100163,0.03690701422714341,0,0.022732918840607748
174,11,9,0.22412950479279772,0.050234034918664738,1,-1,1,0,1,2747,0.019849071015530399,0.060576839729878811,0.040727768714348411,0.0026638354057778985,0.043294687321014123,0.040630851915236223,0.12211958405174517,0,0,0,0,0,1520,0.019849071015530399,0.060576468115572761,0.040727397100042362,0.0026638354057778985,0.043294687321014123,0.040630851915236223,0.11958577133586029,0,0,0,0,0,0.55333090644339278,-1.6359103120502009e-05,0.00082091732605100163,0.010959733761653172,0,0.00018516886476431112
174,11,9,0.22412950479279772,0.050234034918664738,1,-1,1,0,2,11,0.06057391595676169,0.060629634791454938,5.5718834693248287e-05,0.043288434351506914,0.043508153509702677,0.00021971915819576221,0.00049299852900431835,0,0,0,0,0,11,0.06057391595676169,0.060629634791454938,5.5718834693248287e-05,0.043288434351506914,0.043508153509702677,0.00021971915819576221,0.00049299852900431835,0,0,0,0,0,1,1.2184487306079499e-06,0.00010888575185610919,0.0070141137761684574,0.00097060437146725964,-3.7682913836454168e-06
174,11,9,0.22412950479279772,0.050234034918664738,1,-1,1,0,3,9,0.060639763813257926,0.060682432226641721,4.2668413383795123e-05,0.043556480152147942,0.043725532219851371,0.00016905206770342907,0.00037865951289987214,0,0,0,0,0,9,0.060639763813257926,0.060682432226641721,4.2668413383795123e-05,0.043556480152147942,0.043725532219851371,0.00016905206770342907,0.00037865951289987214,0,0,0,0,0,1,5.2394057965273911e-06,8.9818429644399891e-05,0.0063970267390585601,0.002252968310966602,-2.0303464840878817e-05
174,11,9,0.22412950479279772,0.050234034918664738,1,-1,3,1,1,2684,0.011983371908660556,0.075112246792513909,0.063128874883853353,0,0.10000000000000001,0.10000000000000001,0.12737511247397384,0,0,1,1,0.00074515648286140089,1413,0.019319546364242827,0.060905739779935457,0.041586193415692627,0.0024992722801523118,0.044696464309539691,0.042197192029387376,0.062103746634493966,0,0,0,0,0,0.91691505216095381,-0.0071892128019060949,0.00082091732605100163,0.020348404520458926,0,0.022732918840607748
174,11,9,0.22412950479279772,0.050234034918664738,-1,1,1,0,1,137,0,0.0040187227934931789,0.0040187227934931789,0,0.0040296422635472014,0.0040296422635472014,0.005707320433366754,1,0,1,0,0.014598540145985401,0,nan,nan,nan,nan,nan,nan,0,0,0,0,0,nan,0,-9.2767466951899566e-08,1.2839042859874887e-08,0,0,0.00014574623907546882
174,11,9,0.22412950479279772,0.050234034918664738,-1,1,3,1,1,3814,0.011983371908660556,0.075112246792513909,0.063128874883853353,0,0.10000000000000001,0.10000000000000001,0.19612291745564492,0,0,1,1,0.0005243838489774515,0,nan,nan,nan,nan,nan,nan,0,0,0,0,0,nan,0.27189302569480861,-0.0078968470753919377,-6.4600531563766499e-05,0.018151284044851963,0,0.031587388301567772
174,11,9,0.22412950479279772,0.050234034918664738,-1,-1,3,1,1,3814,0.011983371908660556,0.075112246792513909,0.063128874883853353,0,0.10000000000000001,0.10000000000000001,0.19612291745564492,0,0,1,1,0.0005243838489774515,0,nan,nan,nan,nan,nan,nan,0,0,0,0,0,nan,0.27189302569480861,-0.0078968470753919377,-6.4600531563766499e-05,0.0065005558164876551,0,0.031587388301567772
175,3,14,0.2255934763231543,0.050892416559565584,1,1,1,0,1,2676,0.0040681056155752824,0.062450296046068804,0.058382190430493523,0,0.10000000000000001,0.10000000000000001,0.13367851972687281,0,0,1,1,0.00074738415545590436,1591,0.016330887258172118,0.062264576725433653,0.045933689467261535,0.0018934759070942035,0.056304202801867903,0.054410726894773699,0.077064108190231267,0,0,0,0,0,0.59491778774289983,-4.3502747937284933e-05,0.00080700631347277755,0.011270607493709128,0,0.0033505777559162927
175,3,14,0.2255934763231543,0.050892416559565584,1,1,3,1,1,2682,0.012139847463710558,0.075167468197452514,0.063027620733741962,0,0.10000000000000001,0.10000000000000001,0.12727043482066153,0,0,1,1,0.00074571215510812821,1401,0.019639759839893262,0.060852971019577873,0.041213211179684614,0.0025798450920074506,0.044429619746497666,0.041849774654490218,0.061523836538923342,0,0,0,0,0,0.91536167039522742,-0.0072191326246843447,0.00080700631347277755,0.036850874361489615,0,0.022839645582562369
175,3,14,0.2255934763231543,0.050892416559565584,1,-1,1,0,1,11,0.020119690903086587,0.020299623620423542,0.00017993271733695443,0.0027307035476054078,0.0027877235864944292,5.7020038889021418e-05,0.00040543384707865252,0,0,0,0,0,11,0.020119690903086587,0.020299623620423542,0.00017993271733695443,0.0027307035476054078,0.0027877235864944292,5.7020038889021418e-05,0.00040543384707865252,0,0,0,0,0,1,1.1114760419660971e-06,1.1247013630112741e-05,0.0025185476513091133,0.0010316632782614828,-4.2573164788529187e-06
175,3,14,0.2255934763231543,0.050892416559565584,1,-1,1,0,2,2717,0.020322856759993058,0.060523221044384082,0.040200364284391027,0.002794785342726625,0.043049193748233031,0.040254408405506405,0.12064466532762599,0,0,0,0,0,1500,0.020322856759993058,0.060523221044384082,0.040200364284391027,0.0027954247681648598,0.043049193748233031,0.040253768980068168,0.11816422781303346,0,0,0,0,0,0.55207949944792045,-1.645503603835484e-05,0.00080700631347277755,0.010904403286463695,0,0.00017926328023188388
175,3,14,0.2255934763231543,0.050892416559565584,1,-1,1,0,3,9,0.060531577677059092,0.060575927677349088,4.435000028999575e-05,0.043081355465920429,0.043259265719328401,0.00017791025340797156,0.0003917189347641194,0,0,0,0,0,9,0.060531577677059092,0.060575927677349088,4.435000028999575e-05,0.043081355465920429,0.043259265719328401,0.00017791025340797156,0.0003917189347641194,0,0,0,0,0,1,1.9190946404343536e-05,0.00010385128858847918,0.0075988778333431267,0.004361085884308176,-7.6076280361248087e-05
175,3,14,0.2255934763231543,0.050892416559565584,1,-1,1,0,4,9,0.060582325477473109,0.060629184715449314,4.6859237976204504e-05,0.043290141912234736,0.043473053988759044,0.00018291207652430808,0.00041148519450213527,0,0,0,0,0,6,0.060582325477473109,0.060628617968404963,4.6292490931854058e-05,0.043295530353569048,0.043473053988759044,0.0001775236351899967,0.00029390602935319617,0,0,0,0,0,0.66666666666666663,-3.1374222523668276e-06,8.8529621179806044e-05,0.0054008975868467491,0,1.3331376588125387e-05
175,3,14,0.2255934763231543,0.050892416559565584,1,-1,3,1,1,2682,0.012139847463710558,0.075167468197452514,0.063027620733741962,0,0.10000000000000001,0.10000000000000001,0.12727043482066153,0,0,1,1,0.00074571215510812821,1401,0.019639759839893262,0.060852971019577873,0.041213211179684614,0.0025798450920074506,0.044429619746497666,0.041849774654490218,0.061523836538923342,0,0,0,0,0,0.91536167039522742,-0.0072191326246843447,0.00080700631347277755,0.020209689558675512,0,0.022839645582562369
175,3,14,0.2255934763231543,0.050892416559565584,-1,1,1,0,1,139,0,0.0040713933247652472,0.0040713933247652472,0,0.004082602586056674,0.004082602586056674,0.0057864390548853315,1,0,1,0,0.014388489208633094,0,nan,nan,nan,nan,nan,nan,0,0,0,0,0,nan,0.0071942446043165471,-1.533485737937137e-07,0,1.4834152886116167e-07,0,0.00014959703099362931
175,3,14,0.2255934763231543,0.050892416559565584,-1,1,3,1,1,3814,0.012139847463710558,0.075167468197452514,0.063027620733741962,0,0.10000000000000001,0.10000000000000001,0.19599729922449699,0,0,1,1,0.0005243838489774515,0,nan,nan,nan,nan,nan,nan,0,0,0,0,0,nan,0.27451494493969586,-0.0078683613823041804,-6.6304974419772038e-05,0.018214948662583719,0,0.031473445529216736
175,3,14,0.2255934763231543,0.050892416559565584,-1,-1,3,1,1,3814,0.012139847463710558,0.075167468197452514,0.063027620733741962,0,0.10000000000000001,0.10000000000000001,0.19599729922449699,0,0,1,1,0.0005243838489774515,0,nan,nan,nan,nan,nan,nan,0,0,0,0,0,nan,0.27451494493969586,-0.0078683613823041804,-6.6304974419772038e-05,0.006514709478106861,0,0.031473445529216736
176,14,3,0.2255934763231543,0.050892416559565584,1,1,1,0,1,2676,0.0040681056155752824,0.062450296046068804,0.058382190430493523,0,0.10000000000000001,0.10000000000000001,0.13367851972687281,0,0,1,1,0.00074738415545590436,1591,0.016330887258172118,0.062264576725433653,0.045933689467261535,0.0018934759070942035,0.056304202801867903,0.054410726894773699,0.077064108190231267,0,0,0,0,0,0.59491778774289983,-4.3502747937284933e-05,0.00080700631347277755,0.011270607493709128,0,0.0033505777559162927
176,14,3,0.2255934763231543,0.050892416559565584,1,1,3,1,1,2682,0.012139847463710558,0.075167468197452514,0.063027620733741962,0,0.10000000000000001,0.10000000000000001,0.12727043482066153,0,0,1,1,0.00074571215510812821,1401,0.019639759839893262,0.060852971019577873,0.041213211179684614,0.0025798450920074506,0.044429619746497666,0.041849774654490218,0.061523836538923342,0,0,0,0,0,0.91536167039522742,-0.0072191326246843447,0.00080700631347277755,0.036850874361489615,0,0.022839645582562369
176,14,3,0.2255934763231543,0.050892416559565584,1,-1,1,0,1,11,0.020119690903086587,0.020299623620423542,0.00017993271733695443,0.0027307035476054078,0.0027877235864944292,5.7020038889021418e-05,0.00040543384707865252,0,0,0,0,0,11,0.020119690903086587,0.020299623620423542,0.00017993271733695443,0.0027307035476054078,0.0027877235864944292,5.7020038889021418e-05,0.00040543384707865252,0,0,0,0,0,1,1.1114760419660971e-06,1.1247013630112741e-05,0.0025185476513091133,0.0010316632782614828,-4.2573164788529187e-06
176,14,3,0.2255934763231543,0.050892416559565584,1,-1,1,0,2,2717,0.020322856759993058,0.060523221044384082,0.040200364284391027,0.002794785342726625,0.043049193748233031,0.040254408405506405,0.12064466532762599,0,0,0,0,0,1500,0.020322856759993058,0.060523221044384082,0.040200364284391027,0.0027954247681648598,0.043049193748233031,0.040253768980068168,0.11816422781303346,0,0,0,0,0,0.55207949944792045,-1.645503603835484e-05,0.00080700631347277755,0.010904403286463695,0,0.00017926328023188388
176,14,3,0.2255934763231543,0.050892416559565584,1,-1,1,0,3,9,0.060531577677059092,0.060575927677349088,4.435000028999575e-05,0.043081355465920429,0.043259265719328401,0.00017791025340797156,0.0003917189347641194,0,0,0,0,0,9,0.060531577677059092,0.060575927677349088,4.435000028999575e-05,0.043081355465920429,0.043259265719328401,0.00017791025340797156,0.0003917189347641194,0,0,0,0,0,1,1.9190946404343536e-05,0.00010385128858847918,0.0075988778333431267,0.004361085884308176,-7.6076280361248087e-05
176,14,3,0.2255934763231543,0.050892416559565584,1,-1,1,0,4,9,0.060582325477473109,0.060629184715449314,4.6859237976204504e-05,0.043290141912234736,0.043473053988759044,0.00018291207652430808,0.00041148519450213527,0,0,0,0,0,6,0.060582325477473109,0.060628617968404963,4.6292490931854058e-05,0.043295530353569048,0.043473053988759044,0.0001775236351899967,0.00029390602935319617,0,0,0,0,0,0.66666666666666663,-3.1374222523668276e-06,8.8529621179806044e-05,0.0054008975868467491,0,1.3331376588125387e-05
176,14,3,0.2255934763231543,0.050892416559565584,1,-1,3,1,1,2682,0.012139847463710558,0.075167468197452514,0.063027620733741962,0,0.10000000000000001,0.10000000000000001,0.12727043482066153,0,0,1,1,0.00074571215510812821,1401,0.019639759839893262,0.060852971019577873,0.041213211179684614,0.0025798450920074506,0.044429619746497666,0.041849774654490218,0.061523836538923342,0,0,0,0,0,0.91536167039522742,-0.0072191326246843447,0.00080700631347277755,0.020209689558675512,0,0.022839645582562369
176,14,3,0.2255934763231543,0.050892416559565584,-1,1,1,0,1,139,0,0.0040713933247652472,0.0040713933247652472,0,0.004082602586056674,0.004082602586056674,0.0057864390548853315,1,0,1,0,0.014388489208633094,0,nan,nan,nan,nan,nan,nan,0,0,0,0,0,nan,0.0071942446043165471,-1.533485737937137e-07,0,1.4834152886116167e-07,0,0.00014959703099362931
176,14,3,0.2255934763231543,0.050892416559565584,-1,1,3,1,1,3814,0.012139847463710558,0.075167468197452514,0.063027620733741962,0,0.10000000000000001,0.10000000000000001,0.19599729922449699,0,0,1,1,0.0005243838489774515,0,nan,nan,nan,nan,nan,nan,0,0,0,0,0,nan,0.27451494493969586,-0.0078683613823041804,-6.6304974419772038e-05,0.018214948662583719,0,0.031473445529216736
176,14,3,0.2255934763231543,0.050892416559565584,-1,-1,3,1,1,3814,0.012139847463710558,0.075167468197452514,0.063027620733741962,0,0.10000000000000001,0.10000000000000001,0.19599729922449699,0,0,1,1,0.0005243838489774515,0,nan,nan,nan,nan,nan,nan,0,0,0,0,0,nan,0.27451494493969586,-0.0078683613823041804,-6.6304974419772038e-05,0.006514709478106861,0,0.031473445529216736
177,6,13,0.22569232216085491,0.050937024282359127,1,1,1,0,1,2676,0.0040714628205248101,0.062450189969769143,0.05837872714924433,0,0.10000000000000001,0.10000000000000001,0.13367801837667068,0,0,1,1,0.00074738415545590436,1592,0.016330887258172114,0.062264488190864782,0.045933600932692664,0.0018935806965812479,0.056304202801867903,0.054410622105286653,0.077069850083178168,0,0,0,0,0,0.5952914798206278,-4.3833390798765045e-05,0.00080606319682119225,0.011259067890944897,0,0.0033513631078333811
177,6,13,0.22569232216085491,0.050937024282359127,1,1,3,1,1,2683,0.012150451253001356,0.075171210902852365,0.063020759649851016,0,0.10000000000000001,0.10000000000000001,0.12726345258058819,0,0,1,1,0.00074543421543048823,1400,0.019639759839893262,0.060840560373582389,0.04120080053368913,0.0025784021378825184,0.044367862055157074,0.041789459917274556,0.061462753890679921,0,0,0,0,0,0.91502049944092434,-0.0072211604676178202,0.00080606319682119225,0.036828467061421996,0,0.022846880285225732
177,6,13,0.22569232216085491,0.050937024282359127,1,-1,1,0,1,9,0.020124112721654618,0.020297354659759306,0.00017324193810468874,0.0027308420998801057,0.0027862713803243327,5.5429280444226937e-05,0.00039199186791285948,0,0,0,0,0,9,0.020124112721654618,0.020297354659759306,0.00017324193810468874,0.0027308420998801057,0.0027862713803243327,5.5429280444226937e-05,0.00039199186791285948,0,0,0,0,0,1,1.0857224210209543e-06,1.0919186310688409e-05,0.0023503390018898723,0.0010217780610889738,-4.1761216244909702e-06
177,6,13,0.22569232216085491,0.050937024282359127,1,-1,1,0,2,2717,0.020327237710657722,0.060523185851207112,0.040195948140549387,0.002794919330552681,0.043046754030339356,0.040251834699786673,0.12063655655348823,0,0,0,0,0,1499,0.020327237710657722,0.060523185851207112,0.040195948140549387,0.0027955757291336816,0.043046754030339356,0.040251178301205677,0.11814850412206213,0,0,0,0,0,0.55171144644828851,-1.6704834085081955e-05,0.00080606319682119225,0.010896319887539118,0,0.00017888056149289693
177,6,13,0.22569232216085491,0.050937024282359127,1,-1,1,0,3,9,0.060532170708339293,0.060575892272315184,4.3721563975890332e-05,0.043082193176703872,0.043256865778487495,0.00017467260178362365,0.00038519047826917068,0,0,0,0,0,9,0.060532170708339293,0.060575892272315184,4.3721563975890332e-05,0.043082193176703872,0.043256865778487495,0.00017467260178362365,0.00038519047826917068,0,0,0,0,0,1,1.9187783813788774e-05,0.00010245275118507823,0.0075600239860900732,0.0043614207308912195,-7.6087963167390806e-05
177,6,13,0.22569232216085491,0.050937024282359127,1,-1,1,0,4,9,0.060582895252730223,0.060629154962103589,4.6259709373365487e-05,0.043290243833879041,0.043470701349089647,0.00018045751521060527,0.00040602796166220667,0,0,0,0,0,6,0.060582895252730223,0.060628582981254057,4.5687728523834126e-05,0.043295530353569048,0.043470701349089647,0.00017517099552059878,0.00028913237350257001,0,0,0,0,0,0.66666666666666663,-3.433744435196483e-06,8.7137618621053352e-05,0.0053610983703748522,0,1.4496778109070897e-05
177,6,13,0.22569232216085491,0.050937024282359127,1,-1,3,1,1,2683,0.012150451253001356,0.075171210902852365,0.063020759649851016,0,0.10000000000000001,0.10000000000000001,0.12726345258058819,0,0,1,1,0.00074543421543048823,1400,0.019639759839893262,0.060840560373582389,0.04120080053368913,0.0025784021378825184,0.044367862055157074,0.041789459917274556,0.061462753890679921,0,0,0,0,0,0.91502049944092434,-0.0072211604676178202,0.00080606319682119225,0.020190708578961689,0,0.022846880285225732
177,6,13,0.22569232216085491,0.050937024282359127,-1,1,1,0,1,139,0,0.0040749619425887304,0.0040749619425887304,0,0.0040861911325667903,0.0040861911325667903,0.0057913191215187522,1,0,1,0,0.014388489208633094,0,nan,nan,nan,nan,nan,nan,0,0,0,0,0,nan,0.0071942446043165471,-1.6229993983885146e-07,0,1.5292768784337428e-07,0,0.00014985976487021549
177,6,13,0.22569232216085491,0.050937024282359127,-1,1,3,1,1,3811,0.012150451253001356,0.075171210902852365,0.063020759649851016,0,0.10000000000000001,0.10000000000000001,0.19596924380890904,0,0,1,1,0.00052479664130149564,0,nan,nan,nan,nan,nan,nan,0,0,0,0,0,nan,0.27499344004198373,-0.0078664304889632872,-6.6421259334186063e-05,0.018231023082285386,0,0.03146572195585317
177,6,13,0.22569232216085491,0.050937024282359127,-1,-1,3,1,1,3811,0.012150451253001356,0.075171210902852365,0.063020759649851016,0,0.10000000000000001,0.10000000000000001,0.19596924380890904,0,0,1,1,0.00052479664130149564,0,nan,nan,nan,nan,nan,nan,0,0,0,0,0,nan,0.27499344004198373,-0.0078664304889632872,-6.6421259334186063e-05,0.0065198273318355371,0,0.03146572195585317
178,13,6,0.22569232216085491,0.050937024282359127,1,1,1,0,1,2676,0.0040714628205248101,0.062450189969769143,0.05837872714924433,0,0.10000000000000001,0.10000000000000001,0.13367801837667068,0,0,1,1,0.00074738415545590436,1592,0.016330887258172114,0.062264488190864782,0.045933600932692664,0.0018935806965812479,0.056304202801867903,0.054410622105286653,0.077069850083178168,0,0,0,0,0,0.5952914798206278,-4.3833390798765045e-05,0.00080606319682119225,0.011259067890944897,0,0.0033513631078333811
178,13,6,0.22569232216085491,0.050937024282359127,1,1,3,1,1,2683,0.012150451253001356,0.075171210902852365,0.063020759649851016,0,0.10000000000000001,0.10000000000000001,0.12726345258058819,0,0,1,1,0.00074543421543048823,1400,0.019639759839893262,0.060840560373582389,0.04120080053368913,0.0025784021378825184,0.044367862055157074,0.041789459917274556,0.061462753890679921,0,0,0,0,0,0.91502049944092434,-0.0072211604676178202,0.00080606319682119225,0.036828467061421996,0,0.022846880285225732
178,13,6,0.22569232216085491,0.050937024282359127,1,-1,1,0,1,9,0.020124112721654618,0.020297354659759306,0.00017324193810468874,0.0027308420998801057,0.0027862713803243327,5.5429280444226937e-05,0.00039199186791285948,0,0,0,0,0,9,0.020124112721654618,0.020297354659759306,0.00017324193810468874,0.0027308420998801057,0.0027862713803243327,5.5429280444226937e-05,0.00039199186791285948,0,0,0,0,0,1,1.0857224210209543e-06,1.0919186310688409e-05,0.0023503390018898723,0.0010217780610889738,-4.1761216244909702e-06
178,13,6,0.22569232216085491,0.050937024282359127,1,-1,1,0,2,2717,0.020327237710657722,0.060523185851207112,0.040195948140549387,0.002794919330552681,0.043046754030339356,0.040251834699786673,0.12063655655348823,0,0,0,0,0,1499,0.020327237710657722,0.060523185851207112,0.040195948140549387,0.0027955757291336816,0.043046754030339356,0.040251178301205677,0.11814850412206213,0,0,0,0,0,0.55171144644828851,-1.6704834085081955e-05,0.00080606319682119225,0.010896319887539118,0,0.00017888056149289693
178,13,6,0.22569232216085491,0.050937024282359127,1,-1,1,0,3,9,0.060532170708339293,0.060575892272315184,4.3721563975890332e-05,0.043082193176703872,0.043256865778487495,0.00017467260178362365,0.00038519047826917068,0,0,0,0,0,9,0.060532170708339293,0.060575892272315184,4.3721563975890332e-05,0.043082193176703872,0.043256865778487495,0.00017467260178362365,0.00038519047826917068,0,0,0,0,0,1,1.9187783813788774e-05,0.00010245275118507823,0.0075600239860900732,0.0043614207308912195,-7.6087963167390806e-05
178,13,6,0.22569232216085491,0.050937024282359127,1,-1,1,0,4,9,0.060582895252730223,0.060629154962103589,4.6259709373365487e-05,0.043290243833879041,0.043470701349089647,0.00018045751521060527,0.00040602796166220667,0,0,0,0,0,6,0.060582895252730223,0.060628582981254057,4.5687728523834126e-05,0.043295530353569048,0.043470701349089647,0.00017517099552059878,0.00028913237350257001,0,0,0,0,0,0.66666666666666663,-3.433744435196483e-06,8.7137618621053352e-05,0.0053610983703748522,0,1.4496778109070897e-05
178,13,6,0.22569232216085491,0.050937024282359127,1,-1,3,1,1,2683,0.012150451253001356,0.075171210902852365,0.063020759649851016,0,0.10000000000000001,0.10000000000000001,0.12726345258058819,0,0,1,1,0.00074543421543048823,1400,0.019639759839893262,0.060840560373582389,0.04120080053368913,0.0025784021378825184,0.044367862055157074,0.041789459917274556,0.061462753890679921,0,0,0,0,0,0.91502049944092434,-0.0072211604676178202,0.00080606319682119225,0.020190708578961689,0,0.022846880285225732
178,13,6,0.22569232216085491,0.050937024282359127,-1,1,1,0,1,139,0,0.0040749619425887304,0.0040749619425887304,0,0.0040861911325667903,0.0040861911325667903,0.0057913191215187522,1,0,1,0,0.014388489208633094,0,nan,nan,nan,nan,nan,nan,0,0,0,0,0,nan,0.0071942446043165471,-1.6229993983885146e-07,0,1.5292768784337428e-07,0,0.00014985976487021549
178,13,6,0.22569232216085491,0.050937024282359127,-1,1,3,1,1,3811,0.012150451253001356,0.075171210902852365,0.063020759649851016,0,0.10000000000000001,0.10000000000000001,0.19596924380890904,0,0,1,1,0.00052479664130149564,0,nan,nan,nan,nan,nan,nan,0,0,0,0,0,nan,0.27499344004198373,-0.0078664304889632872,-6.6421259334186063e-05,0.018231023082285386,0,0.03146572195585317
178,13,6,0.22569232216085491,0.050937024282359127,-1,-1,3,1,1,3811,0.012150451253001356,0.075171210902852365,0.063020759649851016,0,0.10000000000000001,0.10000000000000001,0.19596924380890904,0,0,1,1,0.00052479664130149564,0,nan,nan,nan,nan,nan,nan,0,0,0,0,0,nan,0.27499344004198373,-0.0078664304889632872,-6.6421259334186063e-05,0.0065198273318355371,0,0.03146572195585317
179,8,12,0.22739974270769003,0.051710642983523632,1,1,1,0,1,2675,0.0041297449206657288,0.062448410528847018,0.058318665608181289,0,0.10000000000000001,0.10000000000000001,0.1336701358796718,0,0,1,1,0.00074766355140186912,1569,0.016651100733822546,0.062263103922474104,0.045612003188651558,0.0019604849219759099,0.05630420280186791,0.054343717879891999,0.076755441352503173,0,0,0,0,0,0.58728971962616827,-4.3541588800291586e-05,0.00078974663692218711,0.011054513486958564,0,0.0033653998153863841
179,8,12,0.22739974270769003,0.051710642983523632,1,1,3,1,1,2679,0.012334391664287488,0.075236142924338653,0.062901751260051167,0,0.10000000000000001,0.10000000000000001,0.12713691336723054,0,0,1,1,0.00074654721911160881,1385,0.019996473567113829,0.060770087430080791,0.040773613862966962,0.0026684456304202804,0.044029352901934618,0.041360907271514341,0.060775121143377346,0,0,0,0,0,0.91190742814483017,-0.0072563414722458296,0.00078974663692218711,0.036779908201406149,0,0.022972419369888728
179,8,12,0.22739974270769003,0.051710642983523632,1,-1,1,0,1,9,0.020403434909545888,0.020556815711956146,0.00015338080241025787,0.0027980134616987277,0.0028494342741416695,5.1420812442941853e-05,0.00035399919788327988,0,0,0,0,0,9,0.020403434909545888,0.020556815711956146,0.00015338080241025787,0.0027980134616987277,0.0028494342741416695,5.1420812442941853e-05,0.00035399919788327988,0,0,0,0,0,1,5.9965536011166373e-07,9.7765087148578322e-06,0.0021946325356708199,0.00075118245930098828,-2.2571003486459236e-06
179,8,12,0.22739974270769003,0.051710642983523632,1,-1,1,0,2,2693,0.020604153892461879,0.06046986727217879,0.039865713379716908,0.0028628151116077655,0.042798180543146269,0.039935365431538507,0.1195670422284989,0,0,0,0,0,1486,0.020604153892461879,0.060469439683734735,0.039865285791272853,0.0028628151116077655,0.042798180543146269,0.039935365431538507,0.11716235704380633,0,0,0,0,0,0.55180096546602297,-1.5888429203615826e-05,0.00078974663692218711,0.010788563421646415,0,0.00017212855544593649
179,8,12,0.22739974270769003,0.051710642983523632,1,-1,1,0,3,9,0.060474459428404334,0.060522596289377971,4.8136860973636841e-05,0.042821658992206614,0.043005135450761331,0.00018347645855471689,0.00041270373904129392,0,0,0,0,0,9,0.060474459428404334,0.060522596289377971,4.8136860973636841e-05,0.042821658992206614,0.043005135450761331,0.00018347645855471689,0.00041270373904129392,0,0,0,0,0,1,7.5868405300722657e-06,9.7228441350356853e-05,0.006753154503334983,0.0027196386306079503,-2.9585737124380352e-05
179,8,12,0.22739974270769003,0.051710642983523632,1,-1,3,1,1,2679,0.012334391664287488,0.075236142924338653,0.062901751260051167,0,0.10000000000000001,0.10000000000000001,0.12713691336723054,0,0,1,1,0.00074654721911160881,1385,0.019996473567113829,0.060770087430080791,0.040773613862966962,0.0026684456304202804,0.044029352901934618,0.041360907271514341,0.060775121143377346,0,0,0,0,0,0.91190742814483017,-0.0072563414722458296,0.00078974663692218711,0.020039047278561262,0,0.022972419369888728
179,8,12,0.22739974270769003,0.051710642983523632,-1,1,1,0,1,141,0,0.0041368514386818916,0.0041368514386818916,0,0.004148426639900853,0.004148426639900853,0.0058761658571943598,1,0,1,0,0.014184397163120567,0,nan,nan,nan,nan,nan,nan,0,0,0,0,0,nan,0.0070921985815602835,-1.2926969962311985e-07,-6.7762635780344027e-21,2.1171661446523665e-07,0,0.00015445293111355113
179,8,12,0.22739974270769003,0.051710642983523632,-1,1,3,1,1,3807,0.012334391664287488,0.075236142924338653,0.062901751260051167,0,0.10000000000000001,0.10000000000000001,0.19576115974433031,0,0,1,1,0.00052534804307853957,0,nan,nan,nan,nan,nan,nan,0,0,0,0,0,nan,0.27659574468085107,-0.0078329366000751532,-6.8454159302897688e-05,0.018325039396940798,0,0.03133174640030062
179,8,12,0.22739974270769003,0.051710642983523632,-1,-1,3,1,1,3807,0.012334391664287488,0.075236142924338653,0.062901751260051167,0,0.10000000000000001,0.10000000000000001,0.19576115974433031,0,0,1,1,0.00052534804307853957,0,nan,nan,nan,nan,nan,nan,0,0,0,0,0,nan,0.27659574468085107,-0.0078329366000751532,-6.8454159302897688e-05,0.0065453385131374704,0,0.03133174640030062
180,12,8,0.22739974270769003,0.051710642983523632,1,1,1,0,1,2675,0.0041297449206657288,0.062448410528847018,0.058318665608181289,0,0.10000000000000001,0.10000000000000001,0.1336701358796718,0,0,1,1,0.00074766355140186912,1569,0.016651100733822546,0.062263103922474104,0.045612003188651558,0.0019604849219759099,0.05630420280186791,0.054343717879891999,0.076755441352503173,0,0,0,0,0,0.58728971962616827,-4.3541588800291586e-05,0.00078974663692218711,0.011054513486958564,0,0.0033653998153863841
180,12,8,0.22739974270769003,0.051710642983523632,1,1,3,1,1,2679,0.012334391664287488,0.075236142924338653,0.062901751260051167,0,0.10000000000000001,0.10000000000000001,0.12713691336723054,0,0,1,1,0.00074654721911160881,1385,0.019996473567113829,0.060770087430080791,0.040773613862966962,0.0026684456304202804,0.044029352901934618,0.041360907271514341,0.060775121143377346,0,0,0,0,0,0.91190742814483017,-0.0072563414722458296,0.00078974663692218711,0.036779908201406149,0,0.022972419369888728
180,12,8,0.22739974270769003,0.051710642983523632,1,-1,1,0,1,9,0.020403434909545888,0.020556815711956146,0.00015338080241025787,0.0027980134616987277,0.0028494342741416695,5.1420812442941853e-05,0.00035399919788327988,0,0,0,0,0,9,0.020403434909545888,0.020556815711956146,0.00015338080241025787,0.0027980134616987277,0.0028494342741416695,5.1420812442941853e-05,0.00035399919788327988,0,0,0,0,0,1,5.9965536011166373e-07,9.7765087148578322e-06,0.0021946325356708199,0.00075118245930098828,-2.2571003486459236e-06
180,12,8,0.22739974270769003,0.051710642983523632,1,-1,1,0,2,2693,0.020604153892461879,0.06046986727217879,0.039865713379716908,0.0028628151116077655,0.042798180543146269,0.039935365431538507,0.1195670422284989,0,0,0,0,0,1486,0.020604153892461879,0.060469439683734735,0.039865285791272853,0.0028628151116077655,0.042798180543146269,0.039935365431538507,0.11716235704380633,0,0,0,0,0,0.55180096546602297,-1.5888429203615826e-05,0.00078974663692218711,0.010788563421646415,0,0.00017212855544593649
180,12,8,0.22739974270769003,0.051710642983523632,1,-1,1,0,3,9,0.060474459428404334,0.060522596289377971,4.8136860973636841e-05,0.042821658992206614,0.043005135450761331,0.00018347645855471689,0.00041270373904129392,0,0,0,0,0,9,0.060474459428404334,0.060522596289377971,4.8136860973636841e-05,0.042821658992206614,0.043005135450761331,0.00018347645855471689,0.00041270373904129392,0,0,0,0,0,1,7.5868405300722657e-06,9.7228441350356853e-05,0.006753154503334983,0.0027196386306079503,-2.9585737124380352e-05
180,12,8,0.22739974270769003,0.051710642983523632,1,-1,3,1,1,2679,0.012334391664287488,0.075236142924338653,0.062901751260051167,0,0.10000000000000001,0.10000000000000001,0.12713691336723054,0,0,1,1,0.00074654721911160881,1385,0.019996473567113829,0.060770087430080791,0.040773613862966962,0.0026684456304202804,0.044029352901934618,0.041360907271514341,0.060775121143377346,0,0,0,0,0,0.91190742814483017,-0.0072563414722458296,0.00078974663692218711,0.020039047278561262,0,0.022972419369888728
180,12,8,0.22739974270769003,0.051710642983523632,-1,1,1,0,1,141,0,0.0041368514386818916,0.0041368514386818916,0,0.004148426639900853,0.004148426639900853,0.0058761658571943598,1,0,1,0,0.014184397163120567,0,nan,nan,nan,nan,nan,nan,0,0,0,0,0,nan,0.0070921985815602835,-1.2926969962311985e-07,-6.7762635780344027e-21,2.1171661446523665e-07,0,0.00015445293111355113
180,12,8,0.22739974270769003,0.051710642983523632,-1,1,3,1,1,3807,0.012334391664287488,0.075236142924338653,0.062901751260051167,0,0.10000000000000001,0.10000000000000001,0.19576115974433031,0,0,1,1,0.00052534804307853957,0,nan,nan,nan,nan,nan,nan,0,0,0,0,0,nan,0.27659574468085107,-0.0078329366000751532,-6.8454159302897688e-05,0.018325039396940798,0,0.03133174640030062
180,12,8,0.22739974270769003,0.051710642983523632,-1,-1,3,1,1,3807,0.012334391664287488,0.075236142924338653,0.062901751260051167,0,0.10000000000000001,0.10000000000000001,0.19576115974433031,0,0,1,1,0.00052534804307853957,0,nan,nan,nan,nan,nan,nan,0,0,0,0,0,nan,0.27659574468085107,-0.0078329366000751532,-6.8454159302897688e-05,0.0065453385131374704,0,0.03133174640030062
181,4,14,0.22942557369540578,0.052636093865466069,1,1,1,0,1,2674,0.0041996502620886954,0.062446401412950735,0.058246751150862038,0,0.10000000000000001,0.10000000000000001,0.1336344747581098,0,0,1,1,0.00074794315632011965,1557,0.016971314209472982,0.062213022930617118,0.045241708721144136,0.0020287624476272564,0.055503669112741821,0.053474906665114563,0.07567214959369889,0,0,0,0,0,0.58302169035153328,-4.1067411164611369e-05,0.00077025858627601592,0.01080579765181206,0,0.0033831774942465359
181,4,14,0.22942557369540578,0.052636093865466069,1,1,3,1,1,2677,0.012554530403757187,0.075313880813777337,0.062759350410020148,0,0.10000000000000001,0.10000000000000001,0.12698840936335293,0,0,1,1,0.00074710496824803888,1370,0.02038692461641094,0.060701778600036137,0.040314853983625193,0.0027659778869927481,0.043695797198132089,0.040929819311139343,0.060063300913299089,0,0,0,0,0,0.9099738513261113,-0.007298460322531574,0.00077025858627601592,0.036714807569874233,0,0.023122775530163592
181,4,14,0.22942557369540578,0.052636093865466069,1,-1,1,0,1,9,0.020694994420007662,0.020819507701405789,0.00012451328139812673,0.0028655368328589278,0.0029083923410359205,4.2855508176992737e-05,0.00029090312396808202,0,0,0,0,0,8,0.020694994420007662,0.020819507701405789,0.00012451328139812673,0.0028666864839020896,0.0029083923410359205,4.1705857133830879e-05,0.00029015192831762594,0,0,0,0,0,0.88888888888888884,-2.5354238356308325e-07,7.4367333616754246e-06,0.001780987429968217,0,1.1110878091686328e-06
181,4,14,0.22942557369540578,0.052636093865466069,1,-1,1,0,2,11,0.020893296048717216,0.021090175138653716,0.00019687908993649972,0.0029304299476877096,0.0029988718184454245,6.8441870757714879e-05,0.00046032224779983663,0,0,0,0,0,10,0.020893296048717216,0.021090175138653716,0.00019687908993649972,0.0029313461071568186,0.0029988718184454245,6.7525711288605843e-05,0.00045926199064544196,0,0,0,0,0,0.90909090909090906,-2.8627872082413427e-07,1.2081984715612255e-05,0.002314448415146966,0,1.3887785733842731e-06
181,4,14,0.22942557369540578,0.052636093865466069,1,-1,1,0,3,2653,0.02108985261006972,0.060363338066119959,0.039273485456050236,0.0029952833486172822,0.042343821987405141,0.039348538638787858,0.11767653790846148,0,0,0,0,0,1458,0.02108985261006972,0.060362946765310337,0.03927309415524062,0.0029959392563404944,0.042343821987405141,0.039347882731064647,0.11531357926989204,0,0,0,0,0,0.54956652845834908,-1.5351204250584757e-05,0.00077025858627601592,0.010685337850262929,0,0.00016421430537762481
181,4,14,0.22942557369540578,0.052636093865466069,1,-1,1,0,4,9,0.06036475883121948,0.060416030912596681,5.1272081377201628e-05,0.042353723239209613,0.042544582888299223,0.00019085964908961001,0.00043014068919209941,0,0,0,0,0,9,0.06036475883121948,0.060416030912596681,5.1272081377201628e-05,0.042353723239209613,0.042544582888299223,0.00019085964908961001,0.00043014068919209941,0,0,0,0,0,1,1.0152788215750665e-05,0.00010189735524831728,0.0070301145501943559,0.0031542207493872711,-3.9796434143460788e-05
181,4,14,0.22942557369540578,0.052636093865466069,1,-1,3,1,1,2677,0.012554530403757187,0.075313880813777337,0.062759350410020148,0,0.10000000000000001,0.10000000000000001,0.12698840936335293,0,0,1,1,0.00074710496824803888,1370,0.02038692461641094,0.060701778600036137,0.040314853983625193,0.0027659778869927481,0.043695797198132089,0.040929819311139343,0.060063300913299089,0,0,0,0,0,0.9099738513261113,-0.007298460322531574,0.00077025858627601592,0.019844708001546137,0,0.023122775530163592
181,4,14,0.22942557369540578,0.052636093865466069,-1,1,1,0,1,143,0,0.004210887509237286,0.004210887509237286,0,0.0042228840993607927,0.0042228840993607927,0.0059781414688264509,1,0,1,0,0.013986013986013986,0,nan,nan,nan,nan,nan,nan,0,0,0,0,0,nan,0.006993006993006993,-1.0046018018441358e-07,0,2.5808776030603049e-07,0,0.00016003892876070361
181,4,14,0.22942557369540578,0.052636093865466069,-1,1,3,1,1,3801,0.012554530403757187,0.075313880813777337,0.062759350410020148,0,0.10000000000000001,0.10000000000000001,0.19548728196934576,0,0,1,1,0.00052617732175743229,0,nan,nan,nan,nan,nan,nan,0,0,0,0,0,nan,0.27861089187056037,-0.0077928491568414514,-7.0926294461802345e-05,0.018458976448936348,0,0.031171396627365826
181,4,14,0.22942557369540578,0.052636093865466069,-1,-1,3,1,1,3801,0.012554530403757187,0.075313880813777337,0.062759350410020148,0,0.10000000000000001,0.10000000000000001,0.19548728196934576,0,0,1,1,0.00052617732175743229,0,nan,nan,nan,nan,nan,nan,0,0,0,0,0,nan,0.27861089187056037,-0.0077928491568414514,-7.0926294461802345e-05,0.0065791965589792742,0,0.031171396627365826
182,14,4,0.22942557369540578,0.052636093865466069,1,1,1,0,1,2674,0.0041996502620886954,0.062446401412950735,0.058246751150862038,0,0.10000000000000001,0.10000000000000001,0.1336344747581098,0,0,1,1,0.00074794315632011965,1557,0.016971314209472982,0.062213022930617118,0.045241708721144136,0.0020287624476272564,0.055503669112741821,0.053474906665114563,0.07567214959369889,0,0,0,0,0,0.58302169035153328,-4.1067411164611369e-05,0.00077025858627601592,0.01080579765181206,0,0.0033831774942465359
182,14,4,0.22942557369540578,0.052636093865466069,1,1,3,1,1,2677,0.012554530403757187,0.075313880813777337,0.062759350410020148,0,0.10000000000000001,0.10000000000000001,0.12698840936335293,0,0,1,1,0.00074710496824803888,1370,0.02038692461641094,0.060701778600036137,0.040314853983625193,0.0027659778869927481,0.043695797198132089,0.040929819311139343,0.060063300913299089,0,0,0,0,0,0.9099738513261113,-0.007298460322531574,0.00077025858627601592,0.036714807569874233,0,0.023122775530163592
182,14,4,0.22942557369540578,0.052636093865466069,1,-1,1,0,1,9,0.020694994420007662,0.020819507701405789,0.00012451328139812673,0.0028655368328589278,0.0029083923410359205,4.2855508176992737e-05,0.00029090312396808202,0,0,0,0,0,8,0.020694994420007662,0.020819507701405789,0.00012451328139812673,0.0028666864839020896,0.0029083923410359205,4.1705857133830879e-05,0.00029015192831762594,0,0,0,0,0,0.88888888888888884,-2.5354238356308325e-07,7.4367333616754246e-06,0.001780987429968217,0,1.1110878091686328e-06
182,14,4,0.22942557369540578,0.052636093865466069,1,-1,1,0,2,11,0.020893296048717216,0.021090175138653716,0.00019687908993649972,0.0029304299476877096,0.0029988718184454245,6.8441870757714879e-05,0.00046032224779983663,0,0,0,0,0,10,0.020893296048717216,0.021090175138653716,0.00019687908993649972,0.0029313461071568186,0.0029988718184454245,6.7525711288605843e-05,0.00045926199064544196,0,0,0,0,0,0.90909090909090906,-2.8627872082413427e-07,1.2081984715612255e-05,0.002314448415146966,0,1.3887785733842731e-06
182,14,4,0.22942557369540578,0.052636093865466069,1,-1,1,0,3,2653,0.02108985261006972,0.060363338066119959,0.039273485456050236,0.0029952833486172822,0.042343821987405141,0.039348538638787858,0.11767653790846148,0,0,0,0,0,1458,0.02108985261006972,0.060362946765310337,0.03927309415524062,0.0029959392563404944,0.042343821987405141,0.039347882731064647,0.11531357926989204,0,0,0,0,0,0.54956652845834908,-1.5351204250584757e-05,0.00077025858627601592,0.010685337850262929,0,0.00016421430537762481
182,14,4,0.22942557369540578,0.052636093865466069,1,-1,1,0,4,9,0.06036475883121948,0.060416030912596681,5.1272081377201628e-05,0.042353723239209613,0.042544582888299223,0.00019085964908961001,0.00043014068919209941,0,0,0,0,0,9,0.06036475883121948,0.060416030912596681,5.1272081377201628e-05,0.042353723239209613,0.042544582888299223,0.00019085964908961001,0.00043014068919209941,0,0,0,0,0,1,1.0152788215750665e-05,0.00010189735524831728,0.0070301145501943559,0.0031542207493872711,-3.9796434143460788e-05
182,14,4,0.22942557369540578,0.052636093865466069,1,-1,3,1,1,2677,0.012554530403757187,0.075313880813777337,0.062759350410020148,0,0.10000000000000001,0.10000000000000001,0.12698840936335293,0,0,1,1,0.00074710496824803888,1370,0.02038692461641094,0.060701778600036137,0.040314853983625193,0.0027659778869927481,0.043695797198132089,0.040929819311139343,0.060063300913299089,0,0,0,0,0,0.9099738513261113,-0.007298460322531574,0.00077025858627601592,0.019844708001546137,0,0.023122775530163592
182,14,4,0.22942557369540578,0.052636093865466069,-1,1,1,0,1,143,0,0.004210887509237286,0.004210887509237286,0,0.0042228840993607927,0.0042228840993607927,0.0059781414688264509,1,0,1,0,0.013986013986013986,0,nan,nan,nan,nan,nan,nan,0,0,0,0,0,nan,0.006993006993006993,-1.0046018018441358e-07,0,2.5808776030603049e-07,0,0.00016003892876070361
182,14,4,0.22942557369540578,0.052636093865466069,-1,1,3,1,1,3801,0.012554530403757187,0.075313880813777337,0.062759350410020148,0,0.10000000000000001,0.10000000000000001,0.19548728196934576,0,0,1,1,0.00052617732175743229,0,nan,nan,nan,nan,nan,nan,0,0,0,0,0,nan,0.27861089187056037,-0.0077928491568414514,-7.0926294461802345e-05,0.018458976448936348,0,0.031171396627365826
182,14,4,0.22942557369540578,0.052636093865466069,-1,-1,3,1,1,3801,0.012554530403757187,0.075313880813777337,0.062759350410020148,0,0.10000000000000001,0.10000000000000001,0.19548728196934576,0,0,1,1,0.00052617732175743229,0,nan,nan,nan,nan,nan,nan,0,0,0,0,0,nan,0.27861089187056037,-0.0077928491568414514,-7.0926294461802345e-05,0.0065791965589792742,0,0.031171396627365826
183,7,13,0.23274717512957135,0.054171247530795365,1,1,1,0,1,2673,0.0043160267789266364,0.062443281539528953,0.058127254760602313,0,0.10000000000000001,0.10000000000000001,0.13359749830835208,0,0,1,1,0.00074822297044519262,1530,0.017558372248165442,0.062159798582165957,0.044601426334000514,0.0021579731026324864,0.054769846564376251,0.052611873461743765,0.074393145628306109,0,0,0,0,0,0.57388701833146283,-4.2126286257666777e-05,0.00073800919260050388,0.010388026946068326,0,0.0034148430800110077
183,7,13,0.23274717512957135,0.054171247530795365,1,1,3,1,1,2672,0.012917354125600461,0.075442984369133173,0.062525630243532707,0,0.10000000000000001,0.10000000000000001,0.12674324976756995,0,0,1,1,0.00074850299401197609,1341,0.021080720480320211,0.060557494464501524,0.039476773984181313,0.0029478136919532699,0.043028685790527016,0.040080872098573743,0.058714425845261889,0,0,0,0,0,0.90456586826347307,-0.0073684078938156903,0.00073800919260050388,0.036576922998660132,0,0.023372619236629345
183,7,13,0.23274717512957135,0.054171247530795365,1,-1,1,0,1,9,0.021433064724611393,0.021567422450109053,0.00013435772549766009,0.0030653859953051915,0.0031129771222164048,4.7591126911213349e-05,0.00031535485611481202,0,0,0,0,0,8,0.021433064724611393,0.021567422450109053,0.00013435772549766009,0.0030665037780091072,0.0031129771222164048,4.6473344207297648e-05,0.00031456903119706832,0,0,0,0,0,0.88888888888888884,-3.0149982521219371e-08,8.668141963934334e-06,0.0019566197581094755,0,2.3597639964649349e-07
183,7,13,0.23274717512957135,0.054171247530795365,1,-1,1,0,2,2603,0.021625270954991425,0.060203332978300564,0.038578062023309143,0.0031302098257561758,0.041675904222556688,0.038545694396800514,0.11524869821202588,0,0,0,0,0,1448,0.021625270954991425,0.06020295681205777,0.038577685857066349,0.0031310547330605739,0.041675904222556688,0.038544849489496116,0.11305648946378066,0,0,0,0,0,0.55628121398386476,-1.5367044317407007e-05,0.00073800919260050388,0.010484153658902947,0,0.00015152684281654236
183,7,13,0.23274717512957135,0.054171247530795365,1,-1,1,0,3,9,0.060205084689243175,0.060255965153356128,5.0880464112952606e-05,0.041684932842668873,0.041868360724909903,0.00018342788224103013,0.00041362529749966925,0,0,0,0,0,9,0.060205084689243175,0.060255965153356128,5.0880464112952606e-05,0.041684932842668873,0.041868360724909903,0.00018342788224103013,0.00041362529749966925,0,0,0,0,0,1,1.52993020803206e-05,0.00010151204685121324,0.0073101806475721308,0.0038879434531548557,-6.0464417179718819e-05
183,7,13,0.23274717512957135,0.054171247530795365,1,-1,1,0,4,9,0.060260379752744356,0.060309070900851768,4.8691148107411764e-05,0.041888855239154414,0.042063763482775192,0.00017490824362077773,0.00039761787616461966,0,0,0,0,0,9,0.060260379752744356,0.060309070900851768,4.8691148107411764e-05,0.041888855239154414,0.042063763482775192,0.00017490824362077773,0.00039761787616461966,0,0,0,0,0,1,2.1009159695793293e-06,8.7233473939370222e-05,0.006036132267406227,0.0013873068733312199,-7.6984814431681807e-06
183,7,13,0.23274717512957135,0.054171247530795365,1,-1,3,1,1,2672,0.012917354125600461,0.075442984369133173,0.062525630243532707,0,0.10000000000000001,0.10000000000000001,0.12674324976756995,0,0,1,1,0.00074850299401197609,1341,0.021080720480320211,0.060557494464501524,0.039476773984181313,0.0029478136919532699,0.043028685790527016,0.040080872098573743,0.058714425845261889,0,0,0,0,0,0.90456586826347307,-0.0073684078938156903,0.00073800919260050388,0.019518586128192811,0,0.023372619236629345
183,7,13,0.23274717512957135,0.054171247530795365,-1,1,1,0,1,148,0,0.0043336998024636293,0.0043336998024636293,0,0.004346411453268262,0.004346411453268262,0.0061482434451390761,1,0,1,0,0.013513513513513514,0,nan,nan,nan,nan,nan,nan,0,0,0,0,0,nan,0.013513513513513514,-2.3639414433415017e-07,0,5.7447024272695291e-07,0,0.00016952451068263973
183,7,13,0.23274717512957135,0.054171247530795365,-1,1,3,1,1,3790,0.012917354125600461,0.075442984369133173,0.062525630243532707,0,0.10000000000000001,0.10000000000000001,0.19476510325884661,0,0,1,1,0.00052770448548812663,0,nan,nan,nan,nan,nan,nan,0,0,0,0,0,nan,0.28126649076517152,-0.0077262782043067777,-7.5123815911493186e-05,0.018652858106297063,0,0.030905112817227132
183,7,13,0.23274717512957135,0.054171247530795365,-1,-1,3,1,1,3790,0.012917354125600461,0.075442984369133173,0.062525630243532707,0,0.10000000000000001,0.10000000000000001,0.19476510325884661,0,0,1,1,0.00052770448548812663,0,nan,nan,nan,nan,nan,nan,0,0,0,0,0,nan,0.28126649076517152,-0.0077262782043067777,-7.5123815911493186e-05,0.006628960638152979,0,0.030905112817227132
184,13,7,0.23274717512957135,0.054171247530795365,1,1,1,0,1,2673,0.0043160267789266364,0.062443281539528953,0.058127254760602313,0,0.10000000000000001,0.10000000000000001,0.13359749830835208,0,0,1,1,0.00074822297044519262,1530,0.017558372248165442,0.062159798582165957,0.044601426334000514,0.0021579731026324864,0.054769846564376251,0.052611873461743765,0.074393145628306109,0,0,0,0,0,0.57388701833146283,-4.2126286257666777e-05,0.00073800919260050388,0.010388026946068326,0,0.0034148430800110077
184,13,7,0.23274717512957135,0.054171247530795365,1,1,3,1,1,2672,0.012917354125600461,0.075442984369133173,0.062525630243532707,0,0.10000000000000001,0.10000000000000001,0.12674324976756995,0,0,1,1,0.00074850299401197609,1341,0.021080720480320211,0.060557494464501524,0.039476773984181313,0.0029478136919532699,0.043028685790527016,0.040080872098573743,0.058714425845261889,0,0,0,0,0,0.90456586826347307,-0.0073684078938156903,0.00073800919260050388,0.036576922998660132,0,0.023372619236629345
184,13,7,0.23274717512957135,0.054171247530795365,1,-1,1,0,1,9,0.021433064724611393,0.021567422450109053,0.00013435772549766009,0.0030653859953051915,0.0031129771222164048,4.7591126911213349e-05,0.00031535485611481202,0,0,0,0,0,8,0.021433064724611393,0.021567422450109053,0.00013435772549766009,0.0030665037780091072,0.0031129771222164048,4.6473344207297648e-05,0.00031456903119706832,0,0,0,0,0,0.88888888888888884,-3.0149982521219371e-08,8.668141963934334e-06,0.0019566197581094755,0,2.3597639964649349e-07
184,13,7,0.23274717512957135,0.054171247530795365,1,-1,1,0,2,2603,0.021625270954991425,0.060203332978300564,0.038578062023309143,0.0031302098257561758,0.041675904222556688,0.038545694396800514,0.11524869821202588,0,0,0,0,0,1448,0.021625270954991425,0.06020295681205777,0.038577685857066349,0.0031310547330605739,0.041675904222556688,0.038544849489496116,0.11305648946378066,0,0,0,0,0,0.55628121398386476,-1.5367044317407007e-05,0.00073800919260050388,0.010484153658902947,0,0.00015152684281654236
184,13,7,0.23274717512957135,0.054171247530795365,1,-1,1,0,3,9,0.060205084689243175,0.060255965153356128,5.0880464112952606e-05,0.041684932842668873,0.041868360724909903,0.00018342788224103013,0.00041362529749966925,0,0,0,0,0,9,0.060205084689243175,0.060255965153356128,5.0880464112952606e-05,0.041684932842668873,0.041868360724909903,0.00018342788224103013,0.00041362529749966925,0,0,0,0,0,1,1.52993020803206e-05,0.00010151204685121324,0.0073101806475721308,0.0038879434531548557,-6.0464417179718819e-05
184,13,7,0.23274717512957135,0.054171247530795365,1,-1,1,0,4,9,0.060260379752744356,0.060309070900851768,4.8691148107411764e-05,0.041888855239154414,0.042063763482775192,0.00017490824362077773,0.00039761787616461966,0,0,0,0,0,9,0.060260379752744356,0.060309070900851768,4.8691148107411764e-05,0.041888855239154414,0.042063763482775192,0.00017490824362077773,0.00039761787616461966,0,0,0,0,0,1,2.1009159695793293e-06,8.7233473939370222e-05,0.006036132267406227,0.0013873068733312199,-7.6984814431681807e-06
184,13,7,0.23274717512957135,0.054171247530795365,1,-1,3,1,1,2672,0.012917354125600461,0.075442984369133173,0.062525630243532707,0,0.10000000000000001,0.10000000000000001,0.12674324976756995,0,0,1,1,0.00074850299401197609,1341,0.021080720480320211,0.060557494464501524,0.039476773984181313,0.0029478136919532699,0.043028685790527016,0.040080872098573743,0.058714425845261889,0,0,0,0,0,0.90456586826347307,-0.0073684078938156903,0.00073800919260050388,0.019518586128192811,0,0.023372619236629345
184,13,7,0.23274717512957135,0.054171247530795365,-1,1,1,0,1,148,0,0.0043336998024636293,0.0043336998024636293,0,0.004346411453268262,0.004346411453268262,0.0061482434451390761,1,0,1,0,0.013513513513513514,0,nan,nan,nan,nan,nan,nan,0,0,0,0,0,nan,0.013513513513513514,-2.3639414433415017e-07,0,5.7447024272695291e-07,0,0.00016952451068263973
184,13,7,0.23274717512957135,0.054171247530795365,-1,1,3,1,1,3790,0.012917354125600461,0.075442984369133173,0.062525630243532707,0,0.10000000000000001,0.10000000000000001,0.19476510325884661,0,0,1,1,0.00052770448548812663,0,nan,nan,nan,nan,nan,nan,0,0,0,0,0,nan,0.28126649076517152,-0.0077262782043067777,-7.5123815911493186e-05,0.018652858106297063,0,0.030905112817227132
184,13,7,0.23274717512957135,0.054171247530795365,-1,-1,3,1,1,3790,0.012917354125600461,0.075442984369133173,0.062525630243532707,0,0.10000000000000001,0.10000000000000001,0.19476510325884661,0,0,1,1,0.00052770448548812663,0,nan,nan,nan,nan,nan,nan,0,0,0,0,0,nan,0.28126649076517152,-0.0077262782043067777,-7.5123815911493186e-05,0.006628960638152979,0,0.030905112817227132
185,5,14,0.23425887311448085,0.054877219632866438,1,1,1,0,1,2672,0.0043697099668321485,0.062441914400644352,0.058072204433812204,0,0.10000000000000001,0.10000000000000001,0.13356143750227231,0,0,1,1,0.00074850299401197609,1510,0.017878585723815878,0.062108638144029046,0.044230052420213169,0.0022290569718671381,0.054102735156771178,0.051873678184904043,0.073410086982895445,0,0,0,0,0,0.56661676646706582,-4.2612725146932313e-05,0.00072322700919551621,0.010203470215102754,0,0.0034302472464639686
185,5,14,0.23425887311448085,0.054877219632866438,1,1,3,1,1,2670,0.013083888066622012,0.075502416300955014,0.062418528234332998,0,0.10000000000000001,0.10000000000000001,0.12662851486537122,0,0,1,1,0.00074906367041198505,1329,0.021400933955970647,0.060498821010320065,0.039097887054349419,0.0030338139686429842,0.042761841227484991,0.039728027258842009,0.058132845667232834,0,0,0,0,0,0.90337078651685399,-0.0074006074882525096,0.00072322700919551621,0.036513829348681186,0,0.023487692549133018
185,5,14,0.23425887311448085,0.054877219632866438,1,-1,1,0,1,9,0.021883494800999399,0.022051237998262696,0.00016774319726329742,0.0031978760125118393,0.0032578866684029716,6.0010655891132303e-05,0.00039272649852733522,0,0,0,0,0,9,0.021883494800999399,0.022051237998262696,0.00016774319726329742,0.0031978760125118393,0.0032578866684029716,6.0010655891132303e-05,0.00039272649852733522,0,0,0,0,0,1,5.4936149026330532e-07,1.1649988568353252e-05,0.0023454187655639921,0.00071027208756751148,-2.0179457535100426e-06
185,5,14,0.23425887311448085,0.054877219632866438,1,-1,1,0,2,2575,0.02207209759478786,0.060149736393853348,0.038077638799065491,0.0032626430292366083,0.04144815195678845,0.038185508927551841,0.11388138313853832,0,0,0,0,0,1435,0.02207209759478786,0.060149736393853348,0.038077638799065491,0.0032633351905633811,0.04144815195678845,0.038184816766225066,0.11171833652572846,0,0,0,0,0,0.55728155339805829,-1.485693999121803e-05,0.00072322700919551621,0.010407735029473054,0,0.0001459456448515634
185,5,14,0.23425887311448085,0.054877219632866438,1,-1,1,0,3,9,0.060159290906726642,0.060202300067414137,4.3009160687494663e-05,0.041477114993045038,0.041638023893489563,0.00016090890044452577,0.00035477391212720559,0,0,0,0,0,9,0.060159290906726642,0.060202300067414137,4.3009160687494663e-05,0.041477114993045038,0.041638023893489563,0.00016090890044452577,0.00035477391212720559,0,0,0,0,0,1,1.9023914602143997e-05,9.3943235990099104e-05,0.007415831495566994,0.0043453553174762714,-7.5528451340477239e-05
185,5,14,0.23425887311448085,0.054877219632866438,1,-1,1,0,4,9,0.060215190735928001,0.060255389154491613,4.0198418563612559e-05,0.041688584500449988,0.04183075379357893,0.00014216929312894228,0.00032281309816717071,0,0,0,0,0,9,0.060215190735928001,0.060255389154491613,4.0198418563612559e-05,0.041688584500449988,0.04183075379357893,0.00014216929312894228,0.00032281309816717071,0,0,0,0,0,1,1.0789609004886019e-05,7.974223332397632e-05,0.0065296287968977761,0.0032673066479876685,-4.2701170927937653e-05
185,5,14,0.23425887311448085,0.054877219632866438,1,-1,3,1,1,2670,0.013083888066622012,0.075502416300955014,0.062418528234332998,0,0.10000000000000001,0.10000000000000001,0.12662851486537122,0,0,1,1,0.00074906367041198505,1329,0.021400933955970647,0.060498821010320065,0.039097887054349419,0.0030338139686429842,0.042761841227484991,0.039728027258842009,0.058132845667232834,0,0,0,0,0,0.90337078651685399,-0.0074006074882525096,0.00072322700919551621,0.019367590806048728,0,0.023487692549133018
185,5,14,0.23425887311448085,0.054877219632866438,-1,1,1,0,1,150,0,0.0043901775706293149,0.0043901775706293149,0,0.0044032247317444973,0.0044032247317444973,0.0062268215571834023,1,0,1,0,0.013333333333333334,0,nan,nan,nan,nan,nan,nan,0,0,0,0,0,nan,0.013333333333333334,-2.1496968446998999e-07,6.7762635780344027e-21,6.1377651298372266e-07,0,0.00017397857402299836
185,5,14,0.23425887311448085,0.054877219632866438,-1,1,3,1,1,3792,0.013083888066622012,0.075502416300955014,0.062418528234332998,0,0.10000000000000001,0.10000000000000001,0.19486087283349168,0,0,1,1,0.0005274261603375527,0,nan,nan,nan,nan,nan,nan,0,0,0,0,0,nan,0.28401898734177217,-0.0076956391352732681,-7.7094636406626851e-05,0.018715010187793046,0,0.030782556541093079
185,5,14,0.23425887311448085,0.054877219632866438,-1,-1,3,1,1,3792,0.013083888066622012,0.075502416300955014,0.062418528234332998,0,0.10000000000000001,0.10000000000000001,0.19486087283349168,0,0,1,1,0.0005274261603375527,0,nan,nan,nan,nan,nan,nan,0,0,0,0,0,nan,0.28401898734177217,-0.0076956391352732681,-7.7094636406626851e-05,0.0066435186309681295,0,0.030782556541093079
186,14,5,0.23425887311448085,0.054877219632866438,1,1,1,0,1,2672,0.0043697099668321485,0.062441914400644352,0.058072204433812204,0,0.10000000000000001,0.10000000000000001,0.13356143750227231,0,0,1,1,0.00074850299401197609,1510,0.017878585723815878,0.062108638144029046,0.044230052420213169,0.0022290569718671381,0.054102735156771178,0.051873678184904043,0.073410086982895445,0,0,0,0,0,0.56661676646706582,-4.2612725146932313e-05,0.00072322700919551621,0.010203470215102754,0,0.0034302472464639686
186,14,5,0.23425887311448085,0.054877219632866438,1,1,3,1,1,2670,0.013083888066622012,0.075502416300955014,0.062418528234332998,0,0.10000000000000001,0.10000000000000001,0.12662851486537122,0,0,1,1,0.00074906367041198505,1329,0.021400933955970647,0.060498821010320065,0.039097887054349419,0.0030338139686429842,0.042761841227484991,0.039728027258842009,0.058132845667232834,0,0,0,0,0,0.90337078651685399,-0.0074006074882525096,0.00072322700919551621,0.036513829348681186,0,0.023487692549133018
186,14,5,0.23425887311448085,0.054877219632866438,1,-1,1,0,1,9,0.021883494800999399,0.022051237998262696,0.00016774319726329742,0.0031978760125118393,0.0032578866684029716,6.0010655891132303e-05,0.00039272649852733522,0,0,0,0,0,9,0.021883494800999399,0.022051237998262696,0.00016774319726329742,0.0031978760125118393,0.0032578866684029716,6.0010655891132303e-05,0.00039272649852733522,0,0,0,0,0,1,5.4936149026330532e-07,1.1649988568353252e-05,0.0023454187655639921,0.00071027208756751148,-2.0179457535100426e-06
186,14,5,0.23425887311448085,0.054877219632866438,1,-1,1,0,2,2575,0.02207209759478786,0.060149736393853348,0.038077638799065491,0.0032626430292366083,0.04144815195678845,0.038185508927551841,0.11388138313853832,0,0,0,0,0,1435,0.02207209759478786,0.060149736393853348,0.038077638799065491,0.0032633351905633811,0.04144815195678845,0.038184816766225066,0.11171833652572846,0,0,0,0,0,0.55728155339805829,-1.485693999121803e-05,0.00072322700919551621,0.010407735029473054,0,0.0001459456448515634
186,14,5,0.23425887311448085,0.054877219632866438,1,-1,1,0,3,9,0.060159290906726642,0.060202300067414137,4.3009160687494663e-05,0.041477114993045038,0.041638023893489563,0.00016090890044452577,0.00035477391212720559,0,0,0,0,0,9,0.060159290906726642,0.060202300067414137,4.3009160687494663e-05,0.041477114993045038,0.041638023893489563,0.00016090890044452577,0.00035477391212720559,0,0,0,0,0,1,1.9023914602143997e-05,9.3943235990099104e-05,0.007415831495566994,0.0043453553174762714,-7.5528451340477239e-05
186,14,5,0.23425887311448085,0.054877219632866438,1,-1,1,0,4,9,0.060215190735928001,0.060255389154491613,4.0198418563612559e-05,0.041688584500449988,0.04183075379357893,0.00014216929312894228,0.00032281309816717071,0,0,0,0,0,9,0.060215190735928001,0.060255389154491613,4.0198418563612559e-05,0.041688584500449988,0.04183075379357893,0.00014216929312894228,0.00032281309816717071,0,0,0,0,0,1,1.0789609004886019e-05,7.974223332397632e-05,0.0065296287968977761,0.0032673066479876685,-4.2701170927937653e-05
186,14,5,0.23425887311448085,0.054877219632866438,1,-1,3,1,1,2670,0.013083888066622012,0.075502416300955014,0.062418528234332998,0,0.10000000000000001,0.10000000000000001,0.12662851486537122,0,0,1,1,0.00074906367041198505,1329,0.021400933955970647,0.060498821010320065,0.039097887054349419,0.0030338139686429842,0.042761841227484991,0.039728027258842009,0.058132845667232834,0,0,0,0,0,0.90337078651685399,-0.0074006074882525096,0.00072322700919551621,0.019367590806048728,0,0.023487692549133018
186,14,5,0.23425887311448085,0.054877219632866438,-1,1,1,0,1,150,0,0.0043901775706293149,0.0043901775706293149,0,0.0044032247317444973,0.0044032247317444973,0.0062268215571834023,1,0,1,0,0.013333333333333334,0,nan,nan,nan,nan,nan,nan,0,0,0,0,0,nan,0.013333333333333334,-2.1496968446998999e-07,6.7762635780344027e-21,6.1377651298372266e-07,0,0.00017397857402299836
186,14,5,0.23425887311448085,0.054877219632866438,-1,1,3,1,1,3792,0.013083888066622012,0.075502416300955014,0.062418528234332998,0,0.10000000000000001,0.10000000000000001,0.19486087283349168,0,0,1,1,0.0005274261603375527,0,nan,nan,nan,nan,nan,nan,0,0,0,0,0,nan,0.28401898734177217,-0.0076956391352732681,-7.7094636406626851e-05,0.018715010187793046,0,0.030782556541093079
186,14,5,0.23425887311448085,0.054877219632866438,-1,-1,3,1,1,3792,0.013083888066622012,0.075502416300955014,0.062418528234332998,0,0.10000000000000001,0.10000000000000001,0.19486087283349168,0,0,1,1,0.0005274261603375527,0,nan,nan,nan,nan,nan,nan,0,0,0,0,0,nan,0.28401898734177217,-0.0076956391352732681,-7.7094636406626851e-05,0.0066435186309681295,0,0.030782556541093079
187,10,11,0.23441747159444323,0.054951550988731598,1,1,1,0,1,2672,0.0043753652769550335,0.062441772404322249,0.058066407127367214,0,0.10000000000000001,0.10000000000000001,0.13355986343324783,0,0,1,1,0.00074850299401197609,1511,0.017878585723815878,0.062108386833563622,0.044229801109747745,0.002229202435451271,0.054102735156771185,0.051873532721319913,0.073421295137417381,0,0,0,0,0,0.56699101796407181,-4.217712542770941e-05,0.00072167057421479658,0.010185965388229818,0,0.0034318983470419378
187,10,11,0.23441747159444323,0.054951550988731598,1,1,3,1,1,2671,0.013101429103641506,0.075508675140424544,0.062407246036783035,0,0.10000000000000001,0.10000000000000001,0.12661687770951735,0,0,1,1,0.00074878322725570952,1327,0.02145430286857905,0.060482774078116516,0.039028471209537466,0.0030497616165705405,0.04269513008672448,0.039645368470153937,0.05801092653113317,0,0,0,0,0,0.90265818045675772,-0.0074039986049236426,0.00072167057421479658,0.036485809886824747,0,0.023499813833731051
187,10,11,0.23441747159444323,0.054951550988731598,1,-1,1,0,1,9,0.021890631909362517,0.022050342518265372,0.00015971060890285563,0.0031980927960074254,0.003255360938271707,5.7268142264281594e-05,0.00037446600773889086,0,0,0,0,0,9,0.021890631909362517,0.022050342518265372,0.00015971060890285563,0.0031980927960074254,0.003255360938271707,5.7268142264281594e-05,0.00037446600773889086,0,0,0,0,0,1,4.6272527788748124e-07,1.105485453292804e-05,0.0022886801945077341,0.00064950582501581942,-1.6874312669179212e-06
187,10,11,0.23441747159444323,0.054951550988731598,1,-1,1,0,2,2575,0.022079181357593965,0.060149676105919384,0.038070494748325419,0.0032628635981650908,0.041444140902850118,0.038181277304685027,0.11386320774867092,0,0,0,0,0,1439,0.022079181357593965,0.060149676105919384,0.038070494748325419,0.0032635880306246395,0.041444140902850118,0.038180552872225479,0.11173422041522102,0,0,0,0,0,0.55883495145631068,-1.4647449088443418e-05,0.00072167057421479658,0.010391417494883903,0,0.00014537104512023235
187,10,11,0.23441747159444323,0.054951550988731598,1,-1,1,0,3,9,0.060160378968001332,0.060202234012974962,4.1855044973629352e-05,0.041479665370230588,0.041634035497613985,0.00015437012738339639,0.00034216425530905027,0,0,0,0,0,9,0.060160378968001332,0.060202234012974962,4.1855044973629352e-05,0.041479665370230588,0.041634035497613985,0.00015437012738339639,0.00034216425530905027,0,0,0,0,0,1,1.9499894837029369e-05,9.1643739390193199e-05,0.0073621112124198345,0.0044010519157122547,-7.7477031859178019e-05
187,10,11,0.23441747159444323,0.054951550988731598,1,-1,3,1,1,2671,0.013101429103641506,0.075508675140424544,0.062407246036783035,0,0.10000000000000001,0.10000000000000001,0.12661687770951735,0,0,1,1,0.00074878322725570952,1327,0.02145430286857905,0.060482774078116516,0.039028471209537466,0.0030497616165705405,0.04269513008672448,0.039645368470153937,0.05801092653113317,0,0,0,0,0,0.90265818045675772,-0.0074039986049236426,0.00072167057421479658,0.019341301605402459,0,0.023499813833731051
187,10,11,0.23441747159444323,0.054951550988731598,-1,1,1,0,1,150,0,0.0043961240790985276,0.0043961240790985276,0,0.0044092072401571859,0.0044092072401571859,0.0062351041011640294,1,0,1,0,0.013333333333333334,0,nan,nan,nan,nan,nan,nan,0,0,0,0,0,nan,0.013333333333333334,-4.1172225258084231e-08,0,6.5473600612990088e-07,0,0.00017445093237421084
187,10,11,0.23441747159444323,0.054951550988731598,-1,1,3,1,1,3791,0.013101429103641506,0.075508675140424544,0.062407246036783035,0,0.10000000000000001,0.10000000000000001,0.19481238414018859,0,0,1,1,0.00052756528620416781,0,nan,nan,nan,nan,nan,nan,0,0,0,0,0,nan,0.28435768926404642,-0.0076924134454291289,-7.7303627675319531e-05,0.018722928168659007,0,0.030769653781716536
187,10,11,0.23441747159444323,0.054951550988731598,-1,-1,3,1,1,3791,0.013101429103641506,0.075508675140424544,0.062407246036783035,0,0.10000000000000001,0.10000000000000001,0.19481238414018859,0,0,1,1,0.00052756528620416781,0,nan,nan,nan,nan,nan,nan,0,0,0,0,0,nan,0.28435768926404642,-0.0076924134454291289,-7.7303627675319531e-05,0.0066452908495889329,0,0.030769653781716536
188,11,10,0.23441747159444323,0.054951550988731598,1,1,1,0,1,2672,0.0043753652769550335,0.062441772404322249,0.058066407127367214,0,0.10000000000000001,0.10000000000000001,0.13355986343324783,0,0,1,1,0.00074850299401197609,1511,0.017878585723815878,0.062108386833563622,0.044229801109747745,0.002229202435451271,0.054102735156771185,0.051873532721319913,0.073421295137417381,0,0,0,0,0,0.56699101796407181,-4.217712542770941e-05,0.00072167057421479658,0.010185965388229818,0,0.0034318983470419378
188,11,10,0.23441747159444323,0.054951550988731598,1,1,3,1,1,2671,0.013101429103641506,0.075508675140424544,0.062407246036783035,0,0.10000000000000001,0.10000000000000001,0.12661687770951735,0,0,1,1,0.00074878322725570952,1327,0.02145430286857905,0.060482774078116516,0.039028471209537466,0.0030497616165705405,0.04269513008672448,0.039645368470153937,0.05801092653113317,0,0,0,0,0,0.90265818045675772,-0.0074039986049236426,0.00072167057421479658,0.036485809886824747,0,0.023499813833731051
188,11,10,0.23441747159444323,0.054951550988731598,1,-1,1,0,1,9,0.021890631909362517,0.022050342518265372,0.00015971060890285563,0.0031980927960074254,0.003255360938271707,5.7268142264281594e-05,0.00037446600773889086,0,0,0,0,0,9,0.021890631909362517,0.022050342518265372,0.00015971060890285563,0.0031980927960074254,0.003255360938271707,5.7268142264281594e-05,0.00037446600773889086,0,0,0,0,0,1,4.6272527788748124e-07,1.105485453292804e-05,0.0022886801945077341,0.00064950582501581942,-1.6874312669179212e-06
188,11,10,0.23441747159444323,0.054951550988731598,1,-1,1,0,2,2575,0.022079181357593965,0.060149676105919384,0.038070494748325419,0.0032628635981650908,0.041444140902850118,0.038181277304685027,0.11386320774867092,0,0,0,0,0,1439,0.022079181357593965,0.060149676105919384,0.038070494748325419,0.0032635880306246395,0.041444140902850118,0.038180552872225479,0.11173422041522102,0,0,0,0,0,0.55883495145631068,-1.4647449088443418e-05,0.00072167057421479658,0.010391417494883903,0,0.00014537104512023235
188,11,10,0.23441747159444323,0.054951550988731598,1,-1,1,0,3,9,0.060160378968001332,0.060202234012974962,4.1855044973629352e-05,0.041479665370230588,0.041634035497613985,0.00015437012738339639,0.00034216425530905027,0,0,0,0,0,9,0.060160378968001332,0.060202234012974962,4.1855044973629352e-05,0.041479665370230588,0.041634035497613985,0.00015437012738339639,0.00034216425530905027,0,0,0,0,0,1,1.9499894837029369e-05,9.1643739390193199e-05,0.0073621112124198345,0.0044010519157122547,-7.7477031859178019e-05
188,11,10,0.23441747159444323,0.054951550988731598,1,-1,3,1,1,2671,0.013101429103641506,0.075508675140424544,0.062407246036783035,0,0.10000000000000001,0.10000000000000001,0.12661687770951735,0,0,1,1,0.00074878322725570952,1327,0.02145430286857905,0.060482774078116516,0.039028471209537466,0.0030497616165705405,0.04269513008672448,0.039645368470153937,0.05801092653113317,0,0,0,0,0,0.90265818045675772,-0.0074039986049236426,0.00072167057421479658,0.019341301605402459,0,0.023499813833731051
188,11,10,0.23441747159444323,0.054951550988731598,-1,1,1,0,1,150,0,0.0043961240790985276,0.0043961240790985276,0,0.0044092072401571859,0.0044092072401571859,0.0062351041011640294,1,0,1,0,0.013333333333333334,0,nan,nan,nan,nan,nan,nan,0,0,0,0,0,nan,0.013333333333333334,-4.1172225258084231e-08,0,6.5473600612990088e-07,0,0.00017445093237421084
188,11,10,0.23441747159444323,0.054951550988731598,-1,1,3,1,1,3791,0.013101429103641506,0.075508675140424544,0.062407246036783035,0,0.10000000000000001,0.10000000000000001,0.19481238414018859,0,0,1,1,0.00052756528620416781,0,nan,nan,nan,nan,nan,nan,0,0,0,0,0,nan,0.28435768926404642,-0.0076924134454291289,-7.7303627675319531e-05,0.018722928168659007,0,0.030769653781716536
188,11,10,0.23441747159444323,0.054951550988731598,-1,-1,3,1,1,3791,0.013101429103641506,0.075508675140424544,0.062407246036783035,0,0.10000000000000001,0.10000000000000001,0.19481238414018859,0,0,1,1,0.00052756528620416781,0,nan,nan,nan,nan,nan,nan,0,0,0,0,0,nan,0.28435768926404642,-0.0076924134454291289,-7.7303627675319531e-05,0.0066452908495889329,0,0.030769653781716536
189,0,15,0.23625056391781593,0.055814328951486032,1,1,1,0,1,2667,0.0044411197522101755,0.06243970781046683,0.057998588058256653,0,0.10000000000000001,0.10000000000000001,0.13353551432392621,0,0,1,1,0.00074990626171728538,1498,0.018145430286857906,0.062100427890595063,0.043954997603737153,0.0022914856238502612,0.054036024016010667,0.051744538392160408,0.073125215080409603,0,0,0,0,0,0.56280464941882269,-4.0575404360607156e-05,0.00070363317737206729,0.0099680659449708463,0,0.0034514552152104701
189,0,15,0.23625056391781593,0.055814328951486032,1,1,3,1,1,2668,0.013305107183548489,0.075581367248882383,0.062276260065333891,0,0.099999999999999992,0.099999999999999992,0.12648002310428433,0,0,1,1,0.00074962518740629683,1310,0.021827885256837889,0.060390095873674783,0.038562210616836894,0.0031507551040617855,0.042294863242161439,0.039144108138099654,0.057241187871741261,0,0,0,0,0,0.89917541229385312,-0.0074433817598891922,0.00070363317737206729,0.036445490747570398,0,0.023640615804345455
189,0,15,0.23625056391781593,0.055814328951486032,1,-1,1,0,1,11,0.022348062614476132,0.02253131699746826,0.00018325438299212835,0.0033309234504399357,0.0033981325490394683,6.720909859953255e-05,0.00043224517554024021,0,0,0,0,0,11,0.022348062614476132,0.02253131699746826,0.00018325438299212835,0.0033309234504399357,0.0033981325490394683,6.720909859953255e-05,0.00043224517554024021,0,0,0,0,0,1,2.2478424070407788e-07,1.2793722780900016e-05,0.0025289871922931206,0.00041199419126450922,-6.7895685454278799e-07
189,0,15,0.23625056391781593,0.055814328951486032,1,-1,1,0,2,2535,0.022533056777800795,0.060042942780380033,0.037509886002579235,0.0033957250869089406,0.041025503679181674,0.037629778592272733,0.11203746123625771,0,0,0,0,0,1405,0.022533056777800795,0.060042942780380033,0.037509886002579235,0.0033963521966099814,0.041025503679181674,0.037629151482571691,0.10999103305767675,0,0,0,0,0,0.55424063116370814,-1.4485105324718939e-05,0.00070363317737206729,0.010284763677415236,0,0.00013873085092725869
189,0,15,0.23625056391781593,0.055814328951486032,1,-1,1,0,3,9,0.060040540127902331,0.06009594058746439,5.5400459562059134e-05,0.041020297881545993,0.041210658722222696,0.00019036084067670239,0.00043493132883433449,0,0,0,0,0,9,0.060040540127902331,0.06009594058746439,5.5400459562059134e-05,0.041020297881545993,0.041210658722222696,0.00019036084067670239,0.00043493132883433449,0,0,0,0,0,1,6.516069327885924e-06,9.6603077367091002e-05,0.006655995691760206,0.0025121079093098934,-2.5242744592069296e-05
189,0,15,0.23625056391781593,0.055814328951486032,1,-1,1,0,4,9,0.060097999092081841,0.060149004226996296,5.1005134914454409e-05,0.04122217696856964,0.041398395304147531,0.00017621833557789068,0.00040347560878597393,0,0,0,0,0,6,0.060097999092081841,0.060148407568886952,5.0408476805111069e-05,0.041227484989993325,0.041398395304147531,0.00017091031415420593,0.00028194714898898489,0,0,0,0,0,0.66666666666666663,-2.4095295537440324e-06,8.2833486473510019e-05,0.0052744157932164944,0,1.0361588173452147e-05
189,0,15,0.23625056391781593,0.055814328951486032,1,-1,3,1,1,2668,0.013305107183548489,0.075581367248882383,0.062276260065333891,0,0.099999999999999992,0.099999999999999992,0.12648002310428433,0,0,1,1,0.00074962518740629683,1310,0.021827885256837889,0.060390095873674783,0.038562210616836894,0.0031507551040617855,0.042294863242161439,0.039144108138099654,0.057241187871741261,0,0,0,0,0,0.89917541229385312,-0.0074433817598891922,0.00070363317737206729,0.019167477234815412,0,0.023640615804345455
189,0,15,0.23625056391781593,0.055814328951486032,-1,1,1,0,1,152,0,0.0044651463161188825,0.0044651463161188825,0,0.004478646943549055,0.004478646943549055,0.0063314350802850909,1,0,1,0,0.013157894736842105,0,nan,nan,nan,nan,nan,nan,0,0,0,0,0,nan,0.013157894736842105,-9.0034834645267084e-09,2.4475327028129442e-07,5.607742442095614e-07,0,0.00017998046867969214
189,0,15,0.23625056391781593,0.055814328951486032,-1,1,3,1,1,3780,0.013305107183548489,0.075581367248882383,0.062276260065333891,0,0.099999999999999992,0.099999999999999992,0.19425585968719913,0,0,1,1,0.00052910052910052914,0,nan,nan,nan,nan,nan,nan,0,0,0,0,0,nan,0.2857142857142857,-0.0076549337291679535,-7.975012649740012e-05,0.018881634077996635,0,0.030619734916671831
189,0,15,0.23625056391781593,0.055814328951486032,-1,-1,3,1,1,3780,0.013305107183548489,0.075581367248882383,0.062276260065333891,0,0.099999999999999992,0.099999999999999992,0.19425585968719913,0,0,1,1,0.00052910052910052914,0,nan,nan,nan,nan,nan,nan,0,0,0,0,0,nan,0.2857142857142857,-0.0076549337291679535,-7.975012649740012e-05,0.0066887365952036084,0,0.030619734916671831
190,15,0,0.23625056391781593,0.055814328951486032,1,1,1,0,1,2667,0.0044411197522101755,0.06243970781046683,0.057998588058256653,0,0.10000000000000001,0.10000000000000001,0.13353551432392621,0,0,1,1,0.00074990626171728538,1498,0.018145430286857906,0.062100427890595063,0.043954997603737153,0.0022914856238502612,0.054036024016010667,0.051744538392160408,0.073125215080409603,0,0,0,0,0,0.56280464941882269,-4.0575404360607156e-05,0.00070363317737206729,0.0099680659449708463,0,0.0034514552152104701
190,15,0,0.23625056391781593,0.055814328951486032,1,1,3,1,1,2668,0.013305107183548489,0.075581367248882383,0.062276260065333891,0,0.099999999999999992,0.099999999999999992,0.12648002310428433,0,0,1,1,0.00074962518740629683,1310,0.021827885256837889,0.060390095873674783,0.038562210616836894,0.0031507551040617855,0.042294863242161439,0.039144108138099654,0.057241187871741261,0,0,0,0,0,0.89917541229385312,-0.0074433817598891922,0.00070363317737206729,0.036445490747570398,0,0.023640615804345455
190,15,0,0.23625056391781593,0.055814328951486032,1,-1,1,0,1,11,0.022348062614476132,0.02253131699746826,0.00018325438299212835,0.0033309234504399357,0.0033981325490394683,6.720909859953255e-05,0.00043224517554024021,0,0,0,0,0,11,0.022348062614476132,0.02253131699746826,0.00018325438299212835,0.0033309234504399357,0.0033981325490394683,6.720909859953255e-05,0.00043224517554024021,0,0,0,0,0,1,2.2478424070407788e-07,1.2793722780900016e-05,0.0025289871922931206,0.00041199419126450922,-6.7895685454278799e-07
190,15,0,0.23625056391781593,0.055814328951486032,1,-1,1,0,2,2535,0.022533056777800795,0.060042942780380033,0.037509886002579235,0.0033957250869089406,0.041025503679181674,0.037629778592272733,0.11203746123625771,0,0,0,0,0,1405,0.022533056777800795,0.060042942780380033,0.037509886002579235,0.0033963521966099814,0.041025503679181674,0.037629151482571691,0.10999103305767675,0,0,0,0,0,0.55424063116370814,-1.4485105324718939e-05,0.00070363317737206729,0.010284763677415236,0,0.00013873085092725869
190,15,0,0.23625056391781593,0.055814328951486032,1,-1,1,0,3,9,0.060040540127902331,0.06009594058746439,5.5400459562059134e-05,0.041020297881545993,0.041210658722222696,0.00019036084067670239,0.00043493132883433449,0,0,0,0,0,9,0.060040540127902331,0.06009594058746439,5.5400459562059134e-05,0.041020297881545993,0.041210658722222696,0.00019036084067670239,0.00043493132883433449,0,0,0,0,0,1,6.516069327885924e-06,9.6603077367091002e-05,0.006655995691760206,0.0025121079093098934,-2.5242744592069296e-05
190,15,0,0.23625056391781593,0.055814328951486032,1,-1,1,0,4,9,0.060097999092081841,0.060149004226996296,5.1005134914454409e-05,0.04122217696856964,0.041398395304147531,0.00017621833557789068,0.00040347560878597393,0,0,0,0,0,6,0.060097999092081841,0.060148407568886952,5.0408476805111069e-05,0.041227484989993325,0.041398395304147531,0.00017091031415420593,0.00028194714898898489,0,0,0,0,0,0.66666666666666663,-2.4095295537440324e-06,8.2833486473510019e-05,0.0052744157932164944,0,1.0361588173452147e-05
190,15,0,0.23625056391781593,0.055814328951486032,1,-1,3,1,1,2668,0.013305107183548489,0.075581367248882383,0.062276260065333891,0,0.099999999999999992,0.099999999999999992,0.12648002310428433,0,0,1,1,0.00074962518740629683,1310,0.021827885256837889,0.060390095873674783,0.038562210616836894,0.0031507551040617855,0.042294863242161439,0.039144108138099654,0.057241187871741261,0,0,0,0,0,0.89917541229385312,-0.0074433817598891922,0.00070363317737206729,0.019167477234815412,0,0.023640615804345455
190,15,0,0.23625056391781593,0.055814328951486032,-1,1,1,0,1,152,0,0.0044651463161188825,0.0044651463161188825,0,0.004478646943549055,0.004478646943549055,0.0063314350802850909,1,0,1,0,0.013157894736842105,0,nan,nan,nan,nan,nan,nan,0,0,0,0,0,nan,0.013157894736842105,-9.0034834645267084e-09,2.4475327028129442e-07,5.607742442095614e-07,0,0.00017998046867969214
190,15,0,0.23625056391781593,0.055814328951486032,-1,1,3,1,1,3780,0.013305107183548489,0.075581367248882383,0.062276260065333891,0,0.099999999999999992,0.099999999999999992,0.19425585968719913,0,0,1,1,0.00052910052910052914,0,nan,nan,nan,nan,nan,nan,0,0,0,0,0,nan,0.2857142857142857,-0.0076549337291679535,-7.975012649740012e-05,0.018881634077996635,0,0.030619734916671831
190,15,0,0.23625056391781593,0.055814328951486032,-1,-1,3,1,1,3780,0.013305107183548489,0.075581367248882383,0.062276260065333891,0,0.099999999999999992,0.099999999999999992,0.19425585968719913,0,0,1,1,0.00052910052910052914,0,nan,nan,nan,nan,nan,nan,0,0,0,0,0,nan,0.2857142857142857,-0.0076549337291679535,-7.975012649740012e-05,0.0066887365952036084,0,0.030619734916671831
191,9,12,0.23650526372350561,0.055934739768924935,1,1,1,0,1,2667,0.0044503088330146972,0.062439439229330602,0.057989130396315904,0,0.10000000000000001,0.10000000000000001,0.13352419805887911,0,0,1,1,0.00074990626171728538,1496,0.018145430286857906,0.062050063695117119,0.043904633408259217,0.0022918718998300768,0.053435623749166106,0.051143751849336026,0.072514255076167683,0,0,0,0,0,0.56205474315710535,-4.1392468455112645e-05,0.00070111882649399686,0.0099351695718241893,0,0.0034542407099478283
191,9,12,0.23650526372350561,0.055934739768924935,1,1,3,1,1,2669,0.01333354444414069,0.075591518074481487,0.062257973630340795,0,0.10000000000000001,0.10000000000000001,0.12646205791519424,0,0,1,1,0.00074934432371674784,1309,0.021881254169446293,0.060391681247042042,0.038510427077595749,0.0031653953750950229,0.042294863242161439,0.039129467867066413,0.057190140647613213,0,0,0,0,0,0.90071187710753087,-0.0074488810576062168,0.00070111882649399686,0.036410506927748193,0,0.02366028122897337
191,9,12,0.23650526372350561,0.055934739768924935,1,-1,1,0,1,11,0.022359501409060598,0.022530138637212177,0.00017063722815157875,0.0033312702263958295,0.0033939950113900247,6.2724784994195194e-05,0.00040315738713634291,0,0,0,0,0,11,0.022359501409060598,0.022530138637212177,0.00017063722815157875,0.0033312702263958295,0.0033939950113900247,6.2724784994195194e-05,0.00040315738713634291,0,0,0,0,0,1,7.8761058553574966e-08,1.180711866483591e-05,0.002423740978555865,0.00017554450919083638,-1.2326349882820657e-07
191,9,12,0.23650526372350561,0.055934739768924935,1,-1,1,0,2,2535,0.022544437682822011,0.060042834817825463,0.037498397135003456,0.0033967485297893936,0.041019126366736249,0.037622377836946858,0.11201237913510874,0,0,0,0,0,1407,0.022544437682822011,0.060042834817825463,0.037498397135003456,0.0033967485297893936,0.041019126366736249,0.037622377836946858,0.10997039890072903,0,0,0,0,0,0.55502958579881656,-1.4227789813124514e-05,0.00070111882649399686,0.010256756521674435,0,0.00013777836158971986
191,9,12,0.23650526372350561,0.055934739768924935,1,-1,1,0,3,9,0.060042312090455789,0.060095842214665775,5.3530124209985597e-05,0.041020709656403781,0.041204304683094314,0.0001835950266905334,0.00041974775984329293,0,0,0,0,0,9,0.060042312090455789,0.060095842214665775,5.3530124209985597e-05,0.041020709656403781,0.041204304683094314,0.0001835950266905334,0.00041974775984329293,0,0,0,0,0,1,5.7481810745108947e-06,9.2967899562742783e-05,0.0065105120078744853,0.0023572102249361047,-2.2225760178173283e-05
191,9,12,0.23650526372350561,0.055934739768924935,1,-1,1,0,4,9,0.060099737492294233,0.060148914289950568,4.9176797656334814e-05,0.04122245250962496,0.041392073267132741,0.00016962075750778099,0.00038854910652224011,0,0,0,0,0,6,0.060099737492294233,0.060148299065221129,4.8561572926895946e-05,0.041227484989993325,0.041392073267132741,0.00016458827713941582,0.00026906718580902073,0,0,0,0,0,0.66666666666666663,-3.1900483343374699e-06,7.9168120820027077e-05,0.0051662265417884972,0,1.3432698711712475e-05
191,9,12,0.23650526372350561,0.055934739768924935,1,-1,3,1,1,2669,0.01333354444414069,0.075591518074481487,0.062257973630340795,0,0.10000000000000001,0.10000000000000001,0.12646205791519424,0,0,1,1,0.00074934432371674784,1309,0.021881254169446293,0.060391681247042042,0.038510427077595749,0.0031653953750950229,0.042294863242161439,0.039129467867066413,0.057190140647613213,0,0,0,0,0,0.90071187710753087,-0.0074488810576062168,0.00070111882649399686,0.019130925233951115,0,0.02366028122897337
191,9,12,0.23650526372350561,0.055934739768924935,-1,1,1,0,1,152,0,0.0044747791815139956,0.0044747791815139956,0,0.0044883389563852285,0.0044883389563852285,0.0063449024779579349,1,0,1,0,0.013157894736842105,0,nan,nan,nan,nan,nan,nan,0,0,0,0,0,nan,0.0065789473684210523,-4.370898578277447e-09,1.4179977840138763e-07,3.3819499839111864e-07,0,0.00018075908128915483
191,9,12,0.23650526372350561,0.055934739768924935,-1,1,3,1,1,3783,0.01333354444414069,0.075591518074481487,0.062257973630340795,0,0.10000000000000001,0.10000000000000001,0.19417943308298014,0,0,1,1,0.00052868094105207504,0,nan,nan,nan,nan,nan,nan,0,0,0,0,0,nan,0.2860163891091726,-0.0076497068948803738,-8.0094594893244226e-05,0.018871662191757163,0,0.030598827579521506
191,9,12,0.23650526372350561,0.055934739768924935,-1,-1,3,1,1,3783,0.01333354444414069,0.075591518074481487,0.062257973630340795,0,0.10000000000000001,0.10000000000000001,0.19417943308298014,0,0,1,1,0.00052868094105207504,0,nan,nan,nan,nan,nan,nan,0,0,0,0,0,nan,0.2860163891091726,-0.0076497068948803738,-8.0094594893244226e-05,0.006683522268100755,0,0.030598827579521506
192,12,9,0.23650526372350561,0.055934739768924935,1,1,1,0,1,2667,0.0044503088330146972,0.062439439229330602,0.057989130396315904,0,0.10000000000000001,0.10000000000000001,0.13352419805887911,0,0,1,1,0.00074990626171728538,1496,0.018145430286857906,0.062050063695117119,0.043904633408259217,0.0022918718998300768,0.053435623749166106,0.051143751849336026,0.072514255076167683,0,0,0,0,0,0.56205474315710535,-4.1392468455112645e-05,0.00070111882649399686,0.0099351695718241893,0,0.0034542407099478283
192,12,9,0.23650526372350561,0.055934739768924935,1,1,3,1,1,2669,0.01333354444414069,0.075591518074481487,0.062257973630340795,0,0.10000000000000001,0.10000000000000001,0.12646205791519424,0,0,1,1,0.00074934432371674784,1309,0.021881254169446293,0.060391681247042042,0.038510427077595749,0.0031653953750950229,0.042294863242161439,0.039129467867066413,0.057190140647613213,0,0,0,0,0,0.90071187710753087,-0.0074488810576062168,0.00070111882649399686,0.036410506927748193,0,0.02366028122897337
192,12,9,0.23650526372350561,0.055934739768924935,1,-1,1,0,1,11,0.022359501409060598,0.022530138637212177,0.00017063722815157875,0.0033312702263958295,0.0033939950113900247,6.2724784994195194e-05,0.00040315738713634291,0,0,0,0,0,11,0.022359501409060598,0.022530138637212177,0.00017063722815157875,0.0033312702263958295,0.0033939950113900247,6.2724784994195194e-05,0.00040315738713634291,0,0,0,0,0,1,7.8761058553574966e-08,1.180711866483591e-05,0.002423740978555865,0.00017554450919083638,-1.2326349882820657e-07
192,12,9,0.23650526372350561,0.055934739768924935,1,-1,1,0,2,2535,0.022544437682822011,0.060042834817825463,0.037498397135003456,0.0033967485297893936,0.041019126366736249,0.037622377836946858,0.11201237913510874,0,0,0,0,0,1407,0.022544437682822011,0.060042834817825463,0.037498397135003456,0.0033967485297893936,0.041019126366736249,0.037622377836946858,0.10997039890072903,0,0,0,0,0,0.55502958579881656,-1.4227789813124514e-05,0.00070111882649399686,0.010256756521674435,0,0.00013777836158971986
192,12,9,0.23650526372350561,0.055934739768924935,1,-1,1,0,3,9,0.060042312090455789,0.060095842214665775,5.3530124209985597e-05,0.041020709656403781,0.041204304683094314,0.0001835950266905334,0.00041974775984329293,0,0,0,0,0,9,0.060042312090455789,0.060095842214665775,5.3530124209985597e-05,0.041020709656403781,0.041204304683094314,0.0001835950266905334,0.00041974775984329293,0,0,0,0,0,1,5.7481810745108947e-06,9.2967899562742783e-05,0.0065105120078744853,0.0023572102249361047,-2.2225760178173283e-05
192,12,9,0.23650526372350561,0.055934739768924935,1,-1,1,0,4,9,0.060099737492294233,0.060148914289950568,4.9176797656334814e-05,0.04122245250962496,0.041392073267132741,0.00016962075750778099,0.00038854910652224011,0,0,0,0,0,6,0.060099737492294233,0.060148299065221129,4.8561572926895946e-05,0.041227484989993325,0.041392073267132741,0.00016458827713941582,0.00026906718580902073,0,0,0,0,0,0.66666666666666663,-3.1900483343374699e-06,7.9168120820027077e-05,0.0051662265417884972,0,1.3432698711712475e-05
192,12,9,0.23650526372350561,0.055934739768924935,1,-1,3,1,1,2669,0.01333354444414069,0.075591518074481487,0.062257973630340795,0,0.10000000000000001,0.10000000000000001,0.12646205791519424,0,0,1,1,0.00074934432371674784,1309,0.021881254169446293,0.060391681247042042,0.038510427077595749,0.0031653953750950229,0.042294863242161439,0.039129467867066413,0.057190140647613213,0,0,0,0,0,0.90071187710753087,-0.0074488810576062168,0.00070111882649399686,0.019130925233951115,0,0.02366028122897337
192,12,9,0.23650526372350561,0.055934739768924935,-1,1,1,0,1,152,0,0.0044747791815139956,0.0044747791815139956,0,0.0044883389563852285,0.0044883389563852285,0.0063449024779579349,1,0,1,0,0.013157894736842105,0,nan,nan,nan,nan,nan,nan,0,0,0,0,0,nan,0.0065789473684210523,-4.370898578277447e-09,1.4179977840138763e-07,3.3819499839111864e-07,0,0.00018075908128915483
192,12,9,0.23650526372350561,0.055934739768924935,-1,1,3,1,1,3783,0.01333354444414069,0.075591518074481487,0.062257973630340795,0,0.10000000000000001,0.10000000000000001,0.19417943308298014,0,0,1,1,0.00052868094105207504,0,nan,nan,nan,nan,nan,nan,0,0,0,0,0,nan,0.2860163891091726,-0.0076497068948803738,-8.0094594893244226e-05,0.018871662191757163,0,0.030598827579521506
192,12,9,0.23650526372350561,0.055934739768924935,-1,-1,3,1,1,3783,0.01333354444414069,0.075591518074481487,0.062257973630340795,0,0.10000000000000001,0.10000000000000001,0.19417943308298014,0,0,1,1,0.00052868094105207504,0,nan,nan,nan,nan,nan,nan,0,0,0,0,0,nan,0.2860163891091726,-0.0076497068948803738,-8.0094594893244226e-05,0.006683522268100755,0,0.030598827579521506
193,1,15,0.23677742695656495,0.056063549916171455,1,1,1,0,1,2668,0.0044601400176601143,0.06243915857744757,0.05797901855978746,0,0.10000000000000001,0.10000000000000001,0.13351043300740972,0,0,1,1,0.00074962518740629683,1500,0.018412274849899931,0.062049784989986381,0.043637510140086447,0.0023498286420910062,0.053435623749166106,0.051085795107075102,0.072262899431710659,0,0,0,0,0,0.56371814092953521,-4.1375945936669973e-05,0.00069842727081752634,0.0098984414181381517,0,0.003457235356141041
193,1,15,0.23677742695656495,0.056063549916171455,1,1,3,1,1,2668,0.013363969442377523,0.075602376977094266,0.062238407534716739,0,0.10000000000000001,0.10000000000000001,0.12644042141186621,0,0,1,1,0.00074962518740629683,1307,0.021934623082054704,0.060375859253946694,0.03844123617189199,0.003179824805120014,0.042228152101400934,0.039048327296280917,0.057070479376274047,0,0,0,0,0,0.90029985007496249,-0.0074547641573629239,0.00069842727081752634,0.036399969237035992,0,0.023681320433928201
193,1,15,0.23677742695656495,0.056063549916171455,1,-1,1,0,1,9,0.022371758267394508,0.022529050297180601,0.00015729202978609358,0.003331633757243423,0.0033895688572852804,5.7935100041857455e-05,0.00037219391173566271,0,0,0,0,0,8,0.022371758267394508,0.022529050297180601,0.00015729202978609358,0.0033326557951815967,0.0033895688572852804,5.6913062103683756e-05,0.00037127408785555377,0,0,0,0,0,0.88888888888888884,-7.8367018643763213e-08,1.0752468362426575e-05,0.0021230356387283572,0,4.7708001370266664e-07
193,1,15,0.23677742695656495,0.056063549916171455,1,-1,1,0,2,2535,0.022556612469795158,0.060042720849104496,0.037486108379309338,0.0033971622273518336,0.04101230420098232,0.037615141973630487,0.11199904195334053,0,0,0,0,0,1410,0.022556612469795158,0.060042720849104496,0.037486108379309338,0.0033971622273518336,0.04101230420098232,0.037615141973630487,0.10996571437034466,0,0,0,0,0,0.55621301775147924,-1.2617391312536585e-05,0.00069842727081752634,0.01022873908766659,0,0.00013679651125157993
193,1,15,0.23677742695656495,0.056063549916171455,1,-1,1,0,3,9,0.060044207657334925,0.060095738196903531,5.1530539568606093e-05,0.041021123188079898,0.041197507414101837,0.00017638422602193893,0.00040353546567031118,0,0,0,0,0,9,0.060044207657334925,0.060095738196903531,5.1530539568606093e-05,0.041021123188079898,0.041197507414101837,0.00017638422602193893,0.00040353546567031118,0,0,0,0,0,1,4.9249993448648109e-06,8.9067692591782258e-05,0.0063485185907826485,0.0021788354517424742,-1.8989295703079326e-05
193,1,15,0.23677742695656495,0.056063549916171455,1,-1,3,1,1,2668,0.013363969442377523,0.075602376977094266,0.062238407534716739,0,0.10000000000000001,0.10000000000000001,0.12644042141186621,0,0,1,1,0.00074962518740629683,1307,0.021934623082054704,0.060375859253946694,0.03844123617189199,0.003179824805120014,0.042228152101400934,0.039048327296280917,0.057070479376274047,0,0,0,0,0,0.90029985007496249,-0.0074547641573629239,0.00069842727081752634,0.019105605025749317,0,0.023681320433928201
193,1,15,0.23677742695656495,0.056063549916171455,-1,1,1,0,1,153,0,0.0044850839932937155,0.0044850839932937155,0,0.0044987069785283624,0.0044987069785283624,0.0063593158309735442,1,0,1,0,0.013071895424836602,0,nan,nan,nan,nan,nan,nan,0,0,0,0,0,nan,0.013071895424836602,-7.1468643324647339e-08,5.0480465650339567e-08,3.5607760698207916e-07,0,0.00018159386165909249
193,1,15,0.23677742695656495,0.056063549916171455,-1,1,3,1,1,3784,0.013363969442377523,0.075602376977094266,0.062238407534716739,0,0.10000000000000001,0.10000000000000001,0.19436506375886539,0,0,1,1,0.00052854122621564484,0,nan,nan,nan,nan,nan,nan,0,0,0,0,0,nan,0.28699788583509511,-0.0076441092257142299,-8.0463913707598045e-05,0.01887840570506745,0,0.030576436902856923
193,1,15,0.23677742695656495,0.056063549916171455,-1,-1,3,1,1,3784,0.013363969442377523,0.075602376977094266,0.062238407534716739,0,0.10000000000000001,0.10000000000000001,0.19436506375886539,0,0,1,1,0.00052854122621564484,0,nan,nan,nan,nan,nan,nan,0,0,0,0,0,nan,0.28699788583509511,-0.0076441092257142299,-8.0463913707598045e-05,0.0066861797087016195,0,0.030576436902856923
194,15,1,0.23677742695656495,0.056063549916171455,1,1,1,0,1,2668,0.0044601400176601143,0.06243915857744757,0.05797901855978746,0,0.10000000000000001,0.10000000000000001,0.13351043300740972,0,0,1,1,0.00074962518740629683,1500,0.018412274849899931,0.062049784989986381,0.043637510140086447,0.0023498286420910062,0.053435623749166106,0.051085795107075102,0.072262899431710659,0,0,0,0,0,0.56371814092953521,-4.1375945936669973e-05,0.00069842727081752634,0.0098984414181381517,0,0.003457235356141041
194,15,1,0.23677742695656495,0.056063549916171455,1,1,3,1,1,2668,0.013363969442377523,0.075602376977094266,0.062238407534716739,0,0.10000000000000001,0.10000000000000001,0.12644042141186621,0,0,1,1,0.00074962518740629683,1307,0.021934623082054704,0.060375859253946694,0.03844123617189199,0.003179824805120014,0.042228152101400934,0.039048327296280917,0.057070479376274047,0,0,0,0,0,0.90029985007496249,-0.0074547641573629239,0.00069842727081752634,0.036399969237035992,0,0.023681320433928201
194,15,1,0.23677742695656495,0.056063549916171455,1,-1,1,0,1,9,0.022371758267394508,0.022529050297180601,0.00015729202978609358,0.003331633757243423,0.0033895688572852804,5.7935100041857455e-05,0.00037219391173566271,0,0,0,0,0,8,0.022371758267394508,0.022529050297180601,0.00015729202978609358,0.0033326557951815967,0.0033895688572852804,5.6913062103683756e-05,0.00037127408785555377,0,0,0,0,0,0.88888888888888884,-7.8367018643763213e-08,1.0752468362426575e-05,0.0021230356387283572,0,4.7708001370266664e-07
194,15,1,0.23677742695656495,0.056063549916171455,1,-1,1,0,2,2535,0.022556612469795158,0.060042720849104496,0.037486108379309338,0.0033971622273518336,0.04101230420098232,0.037615141973630487,0.11199904195334053,0,0,0,0,0,1410,0.022556612469795158,0.060042720849104496,0.037486108379309338,0.0033971622273518336,0.04101230420098232,0.037615141973630487,0.10996571437034466,0,0,0,0,0,0.55621301775147924,-1.2617391312536585e-05,0.00069842727081752634,0.01022873908766659,0,0.00013679651125157993
194,15,1,0.23677742695656495,0.056063549916171455,1,-1,1,0,3,9,0.060044207657334925,0.060095738196903531,5.1530539568606093e-05,0.041021123188079898,0.041197507414101837,0.00017638422602193893,0.00040353546567031118,0,0,0,0,0,9,0.060044207657334925,0.060095738196903531,5.1530539568606093e-05,0.041021123188079898,0.041197507414101837,0.00017638422602193893,0.00040353546567031118,0,0,0,0,0,1,4.9249993448648109e-06,8.9067692591782258e-05,0.0063485185907826485,0.0021788354517424742,-1.8989295703079326e-05
194,15,1,0.23677742695656495,0.056063549916171455,1,-1,3,1,1,2668,0.013363969442377523,0.075602376977094266,0.062238407534716739,0,0.10000000000000001,0.10000000000000001,0.12644042141186621,0,0,1,1,0.00074962518740629683,1307,0.021934623082054704,0.060375859253946694,0.03844123617189199,0.003179824805120014,0.042228152101400934,0.039048327296280917,0.057070479376274047,0,0,0,0,0,0.90029985007496249,-0.0074547641573629239,0.00069842727081752634,0.019105605025749317,0,0.023681320433928201
194,15,1,0.23677742695656495,0.056063549916171455,-1,1,1,0,1,153,0,0.0044850839932937155,0.0044850839932937155,0,0.0044987069785283624,0.0044987069785283624,0.0063593158309735442,1,0,1,0,0.013071895424836602,0,nan,nan,nan,nan,nan,nan,0,0,0,0,0,nan,0.013071895424836602,-7.1468643324647339e-08,5.0480465650339567e-08,3.5607760698207916e-07,0,0.00018159386165909249
194,15,1,0.23677742695656495,0.056063549916171455,-1,1,3,1,1,3784,0.013363969442377523,0.075602376977094266,0.062238407534716739,0,0.10000000000000001,0.10000000000000001,0.19436506375886539,0,0,1,1,0.00052854122621564484,0,nan,nan,nan,nan,nan,nan,0,0,0,0,0,nan,0.28699788583509511,-0.0076441092257142299,-8.0463913707598045e-05,0.01887840570506745,0,0.030576436902856923
194,15,1,0.23677742695656495,0.056063549916171455,-1,-1,3,1,1,3784,0.013363969442377523,0.075602376977094266,0.062238407534716739,0,0.10000000000000001,0.10000000000000001,0.19436506375886539,0,0,1,1,0.00052854122621564484,0,nan,nan,nan,nan,nan,nan,0,0,0,0,0,nan,0.28699788583509511,-0.0076441092257142299,-8.0463913707598045e-05,0.0066861797087016195,0,0.030576436902856923
195,2,15,0.23835089825536321,0.056811150699138502,1,1,1,0,1,2667,0.0045172557269203845,0.062437659003564655,0.057920403276644272,0,0.10000000000000001,0.10000000000000001,0.13351616708124137,0,0,1,1,0.00074990626171728538,1483,0.01873248832555037,0.062048355649629044,0.043315867324078675,0.0024270733704231167,0.053435623749166106,0.051008550378742988,0.071967882882334605,0,0,0,0,0,0.55755530558680166,-3.9778799706821391e-05,0.00068283540982396688,0.0096990754951001238,0,0.0034749126766100225
195,2,15,0.23835089825536321,0.056811150699138502,1,1,3,1,1,2666,0.013540612755224293,0.075665425562872729,0.062124812807648436,0,0.10000000000000001,0.10000000000000001,0.12632225674787567,0,0,1,1,0.0007501875468867217,1291,0.022308205470313543,0.060297243676796161,0.037989038206482618,0.003287069751737386,0.041894596397598405,0.038607526645861021,0.056363131043521433,0,0,0,0,0,0.89759939984996251,-0.0074889223903980388,0.00068283540982396688,0.036327693024755872,0,0.023803502479574273
195,2,15,0.23835089825536321,0.056811150699138502,1,-1,1,0,1,9,0.022627375169057232,0.022741225945746318,0.00011385077668908672,0.0033993787273611442,0.0034414192976934344,4.2040570332290209e-05,0.00026883409535825593,0,0,0,0,0,9,0.022627375169057232,0.022741225945746318,0.00011385077668908672,0.0033993787273611442,0.0034414192976934344,4.2040570332290209e-05,0.00026883409535825593,0,0,0,0,0,1,5.9063744256477614e-07,8.4907844583346435e-06,0.0021558861471421033,0.00075449626858339869,-2.2770584772250886e-06
195,2,15,0.23835089825536321,0.056811150699138502,1,-1,1,0,2,2507,0.022810343564502476,0.059936129982952918,0.037125786418450442,0.0034640835856992033,0.040609390172182791,0.037145306586483587,0.11067861375706861,0,0,0,0,0,1394,0.022810343564502476,0.059936129982952918,0.037125786418450442,0.0034649396064058095,0.040609390172182791,0.037144450565776983,0.1086837416157052,0,0,0,0,0,0.55604307937774233,-1.3444126341872323e-05,0.00068283540982396688,0.010121604911732926,0,0.00013124216234765149
195,2,15,0.23835089825536321,0.056811150699138502,1,-1,1,0,3,9,0.059938349354249902,0.059989079095967082,5.0729741717180088e-05,0.040618825308722413,0.04078986753904467,0.00017104223032225752,0.00039022505687430123,0,0,0,0,0,9,0.059938349354249902,0.059989079095967082,5.0729741717180088e-05,0.040618825308722413,0.04078986753904467,0.00017104223032225752,0.00039022505687430123,0,0,0,0,0,1,1.3838007724843523e-05,9.3559534731873056e-05,0.0070482940250715283,0.003698199589991479,-5.4706720829652567e-05
195,2,15,0.23835089825536321,0.056811150699138502,1,-1,1,0,4,9,0.059997190039411348,0.060042088347517536,4.4898308106187945e-05,0.040821500976382319,0.04097270905597096,0.00015120807958864113,0.00034646874931830332,0,0,0,0,0,9,0.059997190039411348,0.060042088347517536,4.4898308106187945e-05,0.040821500976382319,0.04097270905597096,0.00015120807958864113,0.00034646874931830332,0,0,0,0,0,1,7.6696964715711543e-06,7.9998801274632232e-05,0.0063289662355383624,0.0027457951891860931,-3.0157564883829975e-05
195,2,15,0.23835089825536321,0.056811150699138502,1,-1,3,1,1,2666,0.013540612755224293,0.075665425562872729,0.062124812807648436,0,0.10000000000000001,0.10000000000000001,0.12632225674787567,0,0,1,1,0.0007501875468867217,1291,0.022308205470313543,0.060297243676796161,0.037989038206482618,0.003287069751737386,0.041894596397598405,0.038607526645861021,0.056363131043521433,0,0,0,0,0,0.89759939984996251,-0.0074889223903980388,0.00068283540982396688,0.018942136828063793,0,0.023803502479574273
195,2,15,0.23835089825536321,0.056811150699138502,-1,1,1,0,1,155,0,0.0045448920559310801,0.0045448920559310801,0,0.0045588836089539703,0.0045588836089539703,0.0064430792629317918,1,0,1,0,0.012903225806451613,0,nan,nan,nan,nan,nan,nan,0,0,0,0,0,nan,0.012903225806451613,-1.9899218055472964e-07,5.88244795387779e-08,4.5765995482759177e-07,0,0.00018647686530698455
195,2,15,0.23835089825536321,0.056811150699138502,-1,1,3,1,1,3782,0.013540612755224293,0.075665425562872729,0.062124812807648436,0,0.10000000000000001,0.10000000000000001,0.19415021320828391,0,0,1,1,0.00052882072977260709,0,nan,nan,nan,nan,nan,nan,0,0,0,0,0,nan,0.28873611845584346,-0.0076116041261335924,-8.2624175200261756e-05,0.018959085778802873,0,0.03044641650453439
195,2,15,0.23835089825536321,0.056811150699138502,-1,-1,3,1,1,3782,0.013540612755224293,0.075665425562872729,0.062124812807648436,0,0.10000000000000001,0.10000000000000001,0.19415021320828391,0,0,1,1,0.00052882072977260709,0,nan,nan,nan,nan,nan,nan,0,0,0,0,0,nan,0.28873611845584346,-0.0076116041261335924,-8.2624175200261756e-05,0.0067054760845438382,0,0.03044641650453439
196,15,2,0.23835089825536321,0.056811150699138502,1,1,1,0,1,2667,0.0045172557269203845,0.062437659003564655,0.057920403276644272,0,0.10000000000000001,0.10000000000000001,0.13351616708124137,0,0,1,1,0.00074990626171728538,1483,0.01873248832555037,0.062048355649629044,0.043315867324078675,0.0024270733704231167,0.053435623749166106,0.051008550378742988,0.071967882882334605,0,0,0,0,0,0.55755530558680166,-3.9778799706821391e-05,0.00068283540982396688,0.0096990754951001238,0,0.0034749126766100225
196,15,2,0.23835089825536321,0.056811150699138502,1,1,3,1,1,2666,0.013540612755224293,0.075665425562872729,0.062124812807648436,0,0.10000000000000001,0.10000000000000001,0.12632225674787567,0,0,1,1,0.0007501875468867217,1291,0.022308205470313543,0.060297243676796161,0.037989038206482618,0.003287069751737386,0.041894596397598405,0.038607526645861021,0.056363131043521433,0,0,0,0,0,0.89759939984996251,-0.0074889223903980388,0.00068283540982396688,0.036327693024755872,0,0.023803502479574273
196,15,2,0.23835089825536321,0.056811150699138502,1,-1,1,0,1,9,0.022627375169057232,0.022741225945746318,0.00011385077668908672,0.0033993787273611442,0.0034414192976934344,4.2040570332290209e-05,0.00026883409535825593,0,0,0,0,0,9,0.022627375169057232,0.022741225945746318,0.00011385077668908672,0.0033993787273611442,0.0034414192976934344,4.2040570332290209e-05,0.00026883409535825593,0,0,0,0,0,1,5.9063744256477614e-07,8.4907844583346435e-06,0.0021558861471421033,0.00075449626858339869,-2.2770584772250886e-06
196,15,2,0.23835089825536321,0.056811150699138502,1,-1,1,0,2,2507,0.022810343564502476,0.059936129982952918,0.037125786418450442,0.0034640835856992033,0.040609390172182791,0.037145306586483587,0.11067861375706861,0,0,0,0,0,1394,0.022810343564502476,0.059936129982952918,0.037125786418450442,0.0034649396064058095,0.040609390172182791,0.037144450565776983,0.1086837416157052,0,0,0,0,0,0.55604307937774233,-1.3444126341872323e-05,0.00068283540982396688,0.010121604911732926,0,0.00013124216234765149
196,15,2,0.23835089825536321,0.056811150699138502,1,-1,1,0,3,9,0.059938349354249902,0.059989079095967082,5.0729741717180088e-05,0.040618825308722413,0.04078986753904467,0.00017104223032225752,0.00039022505687430123,0,0,0,0,0,9,0.059938349354249902,0.059989079095967082,5.0729741717180088e-05,0.040618825308722413,0.04078986753904467,0.00017104223032225752,0.00039022505687430123,0,0,0,0,0,1,1.3838007724843523e-05,9.3559534731873056e-05,0.0070482940250715283,0.003698199589991479,-5.4706720829652567e-05
196,15,2,0.23835089825536321,0.056811150699138502,1,-1,1,0,4,9,0.059997190039411348,0.060042088347517536,4.4898308106187945e-05,0.040821500976382319,0.04097270905597096,0.00015120807958864113,0.00034646874931830332,0,0,0,0,0,9,0.059997190039411348,0.060042088347517536,4.4898308106187945e-05,0.040821500976382319,0.04097270905597096,0.00015120807958864113,0.00034646874931830332,0,0,0,0,0,1,7.6696964715711543e-06,7.9998801274632232e-05,0.0063289662355383624,0.0027457951891860931,-3.0157564883829975e-05
196,15,2,0.23835089825536321,0.056811150699138502,1,-1,3,1,1,2666,0.013540612755224293,0.075665425562872729,0.062124812807648436,0,0.10000000000000001,0.10000000000000001,0.12632225674787567,0,0,1,1,0.0007501875468867217,1291,0.022308205470313543,0.060297243676796161,0.037989038206482618,0.003287069751737386,0.041894596397598405,0.038607526645861021,0.056363131043521433,0,0,0,0,0,0.89759939984996251,-0.0074889223903980388,0.00068283540982396688,0.018942136828063793,0,0.023803502479574273
196,15,2,0.23835089825536321,0.056811150699138502,-1,1,1,0,1,155,0,0.0045448920559310801,0.0045448920559310801,0,0.0045588836089539703,0.0045588836089539703,0.0064430792629317918,1,0,1,0,0.012903225806451613,0,nan,nan,nan,nan,nan,nan,0,0,0,0,0,nan,0.012903225806451613,-1.9899218055472964e-07,5.88244795387779e-08,4.5765995482759177e-07,0,0.00018647686530698455
196,15,2,0.23835089825536321,0.056811150699138502,-1,1,3,1,1,3782,0.013540612755224293,0.075665425562872729,0.062124812807648436,0,0.10000000000000001,0.10000000000000001,0.19415021320828391,0,0,1,1,0.00052882072977260709,0,nan,nan,nan,nan,nan,nan,0,0,0,0,0,nan,0.28873611845584346,-0.0076116041261335924,-8.2624175200261756e-05,0.018959085778802873,0,0.03044641650453439
196,15,2,0.23835089825536321,0.056811150699138502,-1,-1,3,1,1,3782,0.013540612755224293,0.075665425562872729,0.062124812807648436,0,0.10000000000000001,0.10000000000000001,0.19415021320828391,0,0,1,1,0.00052882072977260709,0,nan,nan,nan,nan,nan,nan,0,0,0,0,0,nan,0.28873611845584346,-0.0076116041261335924,-8.2624175200261756e-05,0.0067054760845438382,0,0.03044641650453439
197,6,14,0.24003173816443724,0.057615235326240959,1,1,1,0,1,2666,0.0045787926589157266,0.062436251933128038,0.057857459274212313,0,0.10000000000000001,0.10000000000000001,0.13347481101396785,0,0,1,1,0.0007501875468867217,1463,0.018999332888592395,0.061999601287414184,0.043000268398821789,0.0024915599523303265,0.052901934623082056,0.050410374670751726,0.07117080211261495,0,0,0,0,0,0.55063765941485376,-3.9107505584052356e-05,0.00066608748446294588,0.0094743434772962751,0,0.0034944712578331371
197,6,14,0.24003173816443724,0.057615235326240959,1,1,3,1,1,2664,0.013730717847422696,0.075733286120854171,0.062002568273431473,0,0.10000000000000001,0.10000000000000001,0.12619680798171812,0,0,1,1,0.00075075075075075074,1277,0.022681787858572382,0.060216923290430588,0.037535135431858206,0.0033942592624721245,0.041561040693795862,0.038166781431323737,0.055657076708385878,0,0,0,0,0,0.89564564564564564,-0.0075256873559220051,0.00066608748446294588,0.036286714476313348,0,0.023935056129584728
197,6,14,0.24003173816443724,0.057615235326240959,1,-1,1,0,1,9,0.023067275520442833,0.023221882024771982,0.00015460650432914946,0.0035318835064955495,0.0035906324360859537,5.8748929590404179e-05,0.00036907662474215826,0,0,0,0,0,7,0.023067275520442833,0.023215476984656435,0.00014820146421360217,0.0035328963285250641,0.0035906324360859537,5.7736107560889521e-05,0.00033155682109098074,0,0,0,0,0,0.77777777777777779,-5.6448412424849222e-07,1.0589675413722946e-05,0.0020338593797731889,0,2.4210996332869564e-06
197,6,14,0.24003173816443724,0.057615235326240959,1,-1,1,0,2,2471,0.023246960272563039,0.059829536798096244,0.036582576525533206,0.0035974169531031264,0.040212266738461205,0.036614849785358082,0.10894621367935398,0,0,0,0,0,1389,0.023246960272563039,0.059829536798096244,0.036582576525533206,0.0035974169531031264,0.040212266738461205,0.036614849785358082,0.10709965343818917,0,0,0,0,0,0.56212059894779443,-1.263019544170326e-05,0.00066608748446294588,0.010040060012504034,0,0.00012548785703025587
197,6,14,0.24003173816443724,0.057615235326240959,1,-1,1,0,3,9,0.059830824416317013,0.059882440555794364,5.1616139477350664e-05,0.040216433091258399,0.040388388947291617,0.00017195585603321795,0.00039133832273384667,0,0,0,0,0,9,0.059830824416317013,0.059882440555794364,5.1616139477350664e-05,0.040216433091258399,0.040388388947291617,0.00017195585603321795,0.00039133832273384667,0,0,0,0,0,1,1.7165100259647998e-05,9.5856288911229642e-05,0.007278757059215683,0.0041234428703891598,-6.8011124421452779e-05
197,6,14,0.24003173816443724,0.057615235326240959,1,-1,1,0,4,9,0.059891098704367374,0.059935391699501288,4.4292995133914104e-05,0.040420022573826833,0.040566647612931765,0.00014662503910493202,0.00033564009819640837,0,0,0,0,0,9,0.059891098704367374,0.059935391699501288,4.4292995133914104e-05,0.040420022573826833,0.040566647612931765,0.00014662503910493202,0.00033564009819640837,0,0,0,0,0,1,1.3687366577282926e-05,8.2570584384460436e-05,0.0067739619002846136,0.003683441624190366,-5.4270968795272643e-05
197,6,14,0.24003173816443724,0.057615235326240959,1,-1,3,1,1,2664,0.013730717847422696,0.075733286120854171,0.062002568273431473,0,0.10000000000000001,0.10000000000000001,0.12619680798171812,0,0,1,1,0.00075075075075075074,1277,0.022681787858572382,0.060216923290430588,0.037535135431858206,0.0033942592624721245,0.041561040693795862,0.038166781431323737,0.055657076708385878,0,0,0,0,0,0.89564564564564564,-0.0075256873559220051,0.00066608748446294588,0.01877657000220782,0,0.023935056129584728
197,6,14,0.24003173816443724,0.057615235326240959,-1,1,1,0,1,157,0,0.0046092188260992767,0.0046092188260992767,0,0.0046236124360304002,0.0046236124360304002,0.0065333866420551664,1,0,1,0,0.012738853503184714,0,nan,nan,nan,nan,nan,nan,0,0,0,0,0,nan,0.012738853503184714,-2.16694635427933e-07,4.5599117098648115e-08,6.2260985457323213e-07,0,0.00019180134169950605
197,6,14,0.24003173816443724,0.057615235326240959,-1,1,3,1,1,3780,0.013730717847422696,0.075733286120854171,0.062002568273431473,0,0.10000000000000001,0.10000000000000001,0.19388653340522816,0,0,1,1,0.00052910052910052914,0,nan,nan,nan,nan,nan,nan,0,0,0,0,0,nan,0.29179894179894178,-0.0075766255940018304,-8.4979592747471956e-05,0.01907469962849663,0,0.030306502376007335
197,6,14,0.24003173816443724,0.057615235326240959,-1,-1,3,1,1,3780,0.013730717847422696,0.075733286120854171,0.062002568273431473,0,0.10000000000000001,0.10000000000000001,0.19388653340522816,0,0,1,1,0.00052910052910052914,0,nan,nan,nan,nan,nan,nan,0,0,0,0,0,nan,0.29179894179894178,-0.0075766255940018304,-8.4979592747471956e-05,0.0067353589618744302,0,0.030306502376007335
198,14,6,0.24003173816443724,0.057615235326240959,1,1,1,0,1,2666,0.0045787926589157266,0.062436251933128038,0.057857459274212313,0,0.10000000000000001,0.10000000000000001,0.13347481101396785,0,0,1,1,0.0007501875468867217,1463,0.018999332888592395,0.061999601287414184,0.043000268398821789,0.0024915599523303265,0.052901934623082056,0.050410374670751726,0.07117080211261495,0,0,0,0,0,0.55063765941485376,-3.9107505584052356e-05,0.00066608748446294588,0.0094743434772962751,0,0.0034944712578331371
198,14,6,0.24003173816443724,0.057615235326240959,1,1,3,1,1,2664,0.013730717847422696,0.075733286120854171,0.062002568273431473,0,0.10000000000000001,0.10000000000000001,0.12619680798171812,0,0,1,1,0.00075075075075075074,1277,0.022681787858572382,0.060216923290430588,0.037535135431858206,0.0033942592624721245,0.041561040693795862,0.038166781431323737,0.055657076708385878,0,0,0,0,0,0.89564564564564564,-0.0075256873559220051,0.00066608748446294588,0.036286714476313348,0,0.023935056129584728
198,14,6,0.24003173816443724,0.057615235326240959,1,-1,1,0,1,9,0.023067275520442833,0.023221882024771982,0.00015460650432914946,0.0035318835064955495,0.0035906324360859537,5.8748929590404179e-05,0.00036907662474215826,0,0,0,0,0,7,0.023067275520442833,0.023215476984656435,0.00014820146421360217,0.0035328963285250641,0.0035906324360859537,5.7736107560889521e-05,0.00033155682109098074,0,0,0,0,0,0.77777777777777779,-5.6448412424849222e-07,1.0589675413722946e-05,0.0020338593797731889,0,2.4210996332869564e-06
198,14,6,0.24003173816443724,0.057615235326240959,1,-1,1,0,2,2471,0.023246960272563039,0.059829536798096244,0.036582576525533206,0.0035974169531031264,0.040212266738461205,0.036614849785358082,0.10894621367935398,0,0,0,0,0,1389,0.023246960272563039,0.059829536798096244,0.036582576525533206,0.0035974169531031264,0.040212266738461205,0.036614849785358082,0.10709965343818917,0,0,0,0,0,0.56212059894779443,-1.263019544170326e-05,0.00066608748446294588,0.010040060012504034,0,0.00012548785703025587
198,14,6,0.24003173816443724,0.057615235326240959,1,-1,1,0,3,9,0.059830824416317013,0.059882440555794364,5.1616139477350664e-05,0.040216433091258399,0.040388388947291617,0.00017195585603321795,0.00039133832273384667,0,0,0,0,0,9,0.059830824416317013,0.059882440555794364,5.1616139477350664e-05,0.040216433091258399,0.040388388947291617,0.00017195585603321795,0.00039133832273384667,0,0,0,0,0,1,1.7165100259647998e-05,9.5856288911229642e-05,0.007278757059215683,0.0041234428703891598,-6.8011124421452779e-05
198,14,6,0.24003173816443724,0.057615235326240959,1,-1,1,0,4,9,0.059891098704367374,0.059935391699501288,4.4292995133914104e-05,0.040420022573826833,0.040566647612931765,0.00014662503910493202,0.00033564009819640837,0,0,0,0,0,9,0.059891098704367374,0.059935391699501288,4.4292995133914104e-05,0.040420022573826833,0.040566647612931765,0.00014662503910493202,0.00033564009819640837,0,0,0,0,0,1,1.3687366577282926e-05,8.2570584384460436e-05,0.0067739619002846136,0.003683441624190366,-5.4270968795272643e-05
198,14,6,0.24003173816443724,0.057615235326240959,1,-1,3,1,1,2664,0.013730717847422696,0.075733286120854171,0.062002568273431473,0,0.10000000000000001,0.10000000000000001,0.12619680798171812,0,0,1,1,0.00075075075075075074,1277,0.022681787858572382,0.060216923290430588,0.037535135431858206,0.0033942592624721245,0.041561040693795862,0.038166781431323737,0.055657076708385878,0,0,0,0,0,0.89564564564564564,-0.0075256873559220051,0.00066608748446294588,0.01877657000220782,0,0.023935056129584728
198,14,6,0.24003173816443724,0.057615235326240959,-1,1,1,0,1,157,0,0.0046092188260992767,0.0046092188260992767,0,0.0046236124360304002,0.0046236124360304002,0.0065333866420551664,1,0,1,0,0.012738853503184714,0,nan,nan,nan,nan,nan,nan,0,0,0,0,0,nan,0.012738853503184714,-2.16694635427933e-07,4.5599117098648115e-08,6.2260985457323213e-07,0,0.00019180134169950605
198,14,6,0.24003173816443724,0.057615235326240959,-1,1,3,1,1,3780,0.013730717847422696,0.075733286120854171,0.062002568273431473,0,0.10000000000000001,0.10000000000000001,0.19388653340522816,0,0,1,1,0.00052910052910052914,0,nan,nan,nan,nan,nan,nan,0,0,0,0,0,nan,0.29179894179894178,-0.0075766255940018304,-8.4979592747471956e-05,0.01907469962849663,0,0.030306502376007335
198,14,6,0.24003173816443724,0.057615235326240959,-1,-1,3,1,1,3780,0.013730717847422696,0.075733286120854171,0.062002568273431473,0,0.10000000000000001,0.10000000000000001,0.19388653340522816,0,0,1,1,0.00052910052910052914,0,nan,nan,nan,nan,nan,nan,0,0,0,0,0,nan,0.29179894179894178,-0.0075766255940018304,-8.4979592747471956e-05,0.0067353589618744302,0,0.030306502376007335
199,8,13,0.24062600087699448,0.05790087229805535,1,1,1,0,1,2664,0.004600678871972361,0.06243579467552722,0.057835115803554861,0,0.10000000000000001,0.10000000000000001,0.13347440961841492,0,0,1,1,0.00075075075075075074,1457,0.018999332888592395,0.061998811628514949,0.042999478739922554,0.0024925739690974053,0.052901934623082056,0.050409360653984651,0.071167922193234284,0,0,0,0,0,0.54804804804804808,-4.0373522132340593e-05,0.00066015264612888987,0.0094011717578542948,0,0.0035015502446754036
199,8,13,0.24062600087699448,0.05790087229805535,1,1,3,1,1,2663,0.013798277244691194,0.075757408505309654,0.061959131260618458,0,0.10000000000000001,0.10000000000000001,0.12615145505726055,0,0,1,1,0.00075103266992114157,1271,0.022788525683789196,0.060184119157006846,0.03739559347321765,0.0034232385246118356,0.041427618412274846,0.03800437988766301,0.055418233809668496,0,0,0,0,0,0.89447990987607962,-0.0075387554709185744,0.00066015264612888987,0.036245885392085855,0,0.023981828459675149
199,8,13,0.24062600087699448,0.05790087229805535,1,-1,1,0,1,9,0.023273631421275465,0.023437139688991658,0.00016350826771619267,0.003598247795423943,0.0036604996028118913,6.2251807387948312e-05,0.00038906616686909046,0,0,0,0,0,9,0.023273631421275465,0.023437139688991658,0.00016350826771619267,0.003598247795423943,0.0036604996028118913,6.2251807387948312e-05,0.00038906616686909046,0,0,0,0,0,1,2.493905487860234e-07,1.213183811499064e-05,0.0023422000646863826,0.00045162329479910376,-8.1585440162079274e-07
199,8,13,0.24062600087699448,0.05790087229805535,1,-1,1,0,2,2453,0.023451795425522278,0.059777052232099143,0.036325256806576861,0.0036636857988458426,0.040023000888625954,0.03635931508978011,0.10814009338114161,0,0,0,0,0,1379,0.023451795425522278,0.059777052232099143,0.036325256806576861,0.0036636857988458426,0.040023000888625954,0.03635931508978011,0.10632771241504295,0,0,0,0,0,0.56216877293110479,-1.3441166360064947e-05,0.00066015264612888987,0.010021839376853784,0,0.00012336100726497199
199,8,13,0.24062600087699448,0.05790087229805535,1,-1,1,0,3,9,0.059774277522950649,0.059829254126127461,5.49766031768123e-05,0.040014741689767194,0.040197092235003201,0.00018235054523600691,0.00041456546207255127,0,0,0,0,0,9,0.059774277522950649,0.059829254126127461,5.49766031768123e-05,0.040014741689767194,0.040197092235003201,0.00018235054523600691,0.00041456546207255127,0,0,0,0,0,1,1.7509521752224065e-05,0.00010031675094166803,0.0074075345078263178,0.0041626124032584704,-6.9309368079045023e-05
199,8,13,0.24062600087699448,0.05790087229805535,1,-1,1,0,4,9,0.059835280868103455,0.059882175939390735,4.6895071287279821e-05,0.04021868144394744,0.040373202429999672,0.00015452098605223119,0.00035326531468861985,0,0,0,0,0,9,0.059835280868103455,0.059882175939390735,4.6895071287279821e-05,0.04021868144394744,0.040373202429999672,0.00015452098605223119,0.00035326531468861985,0,0,0,0,0,1,1.5598004916093583e-05,8.7231572564112434e-05,0.0069915749095309414,0.0039328302701286824,-6.1868615734561792e-05
199,8,13,0.24062600087699448,0.05790087229805535,1,-1,3,1,1,2663,0.013798277244691194,0.075757408505309654,0.061959131260618458,0,0.10000000000000001,0.10000000000000001,0.12615145505726055,0,0,1,1,0.00075103266992114157,1271,0.022788525683789196,0.060184119157006846,0.03739559347321765,0.0034232385246118356,0.041427618412274846,0.03800437988766301,0.055418233809668496,0,0,0,0,0,0.89447990987607962,-0.0075387554709185744,0.00066015264612888987,0.018710651173125092,0,0.023981828459675149
199,8,13,0.24062600087699448,0.05790087229805535,-1,1,1,0,1,157,0,0.0046320697838444277,0.0046320697838444277,0,0.0046466076873900881,0.0046466076873900881,0.0065655142565618991,1,0,1,0,0.012738853503184714,0,nan,nan,nan,nan,nan,nan,0,0,0,0,0,nan,0.012738853503184714,-5.9651969535210662e-09,2.4139932795732481e-07,6.6094485299458562e-07,0,0.00019371087195400017
199,8,13,0.24062600087699448,0.05790087229805535,-1,1,3,1,1,3775,0.013798277244691194,0.075757408505309654,0.061959131260618458,0,0.10000000000000001,0.10000000000000001,0.19370631367509639,0,0,1,1,0.00052980132450331126,0,nan,nan,nan,nan,nan,nan,0,0,0,0,0,nan,0.29139072847682118,-0.0075641923253211762,-8.5824281929618225e-05,0.019114504822106301,0,0.030256769301284778
199,8,13,0.24062600087699448,0.05790087229805535,-1,-1,3,1,1,3775,0.013798277244691194,0.075757408505309654,0.061959131260618458,0,0.10000000000000001,0.10000000000000001,0.19370631367509639,0,0,1,1,0.00052980132450331126,0,nan,nan,nan,nan,nan,nan,0,0,0,0,0,nan,0.29139072847682118,-0.0075641923253211762,-8.5824281929618225e-05,0.0067463350197275434,0,0.030256769301284778
200,13,8,0.24062600087699448,0.05790087229805535,1,1,1,0,1,2664,0.004600678871972361,0.06243579467552722,0.057835115803554861,0,0.10000000000000001,0.10000000000000001,0.13347440961841492,0,0,1,1,0.00075075075075075074,1457,0.018999332888592395,0.061998811628514949,0.042999478739922554,0.0024925739690974053,0.052901934623082056,0.050409360653984651,0.071167922193234284,0,0,0,0,0,0.54804804804804808,-4.0373522132340593e-05,0.00066015264612888987,0.0094011717578542948,0,0.0035015502446754036
200,13,8,0.24062600087699448,0.05790087229805535,1,1,3,1,1,2663,0.013798277244691194,0.075757408505309654,0.061959131260618458,0,0.10000000000000001,0.10000000000000001,0.12615145505726055,0,0,1,1,0.00075103266992114157,1271,0.022788525683789196,0.060184119157006846,0.03739559347321765,0.0034232385246118356,0.041427618412274846,0.03800437988766301,0.055418233809668496,0,0,0,0,0,0.89447990987607962,-0.0075387554709185744,0.00066015264612888987,0.036245885392085855,0,0.023981828459675149
200,13,8,0.24062600087699448,0.05790087229805535,1,-1,1,0,1,9,0.023273631421275465,0.023437139688991658,0.00016350826771619267,0.003598247795423943,0.0036604996028118913,6.2251807387948312e-05,0.00038906616686909046,0,0,0,0,0,9,0.023273631421275465,0.023437139688991658,0.00016350826771619267,0.003598247795423943,0.0036604996028118913,6.2251807387948312e-05,0.00038906616686909046,0,0,0,0,0,1,2.493905487860234e-07,1.213183811499064e-05,0.0023422000646863826,0.00045162329479910376,-8.1585440162079274e-07
200,13,8,0.24062600087699448,0.05790087229805535,1,-1,1,0,2,2453,0.023451795425522278,0.059777052232099143,0.036325256806576861,0.0036636857988458426,0.040023000888625954,0.03635931508978011,0.10814009338114161,0,0,0,0,0,1379,0.023451795425522278,0.059777052232099143,0.036325256806576861,0.0036636857988458426,0.040023000888625954,0.03635931508978011,0.10632771241504295,0,0,0,0,0,0.56216877293110479,-1.3441166360064947e-05,0.00066015264612888987,0.010021839376853784,0,0.00012336100726497199
200,13,8,0.24062600087699448,0.05790087229805535,1,-1,1,0,3,9,0.059774277522950649,0.059829254126127461,5.49766031768123e-05,0.040014741689767194,0.040197092235003201,0.00018235054523600691,0.00041456546207255127,0,0,0,0,0,9,0.059774277522950649,0.059829254126127461,5.49766031768123e-05,0.040014741689767194,0.040197092235003201,0.00018235054523600691,0.00041456546207255127,0,0,0,0,0,1,1.7509521752224065e-05,0.00010031675094166803,0.0074075345078263178,0.0041626124032584704,-6.9309368079045023e-05
200,13,8,0.24062600087699448,0.05790087229805535,1,-1,1,0,4,9,0.059835280868103455,0.059882175939390735,4.6895071287279821e-05,0.04021868144394744,0.040373202429999672,0.00015452098605223119,0.00035326531468861985,0,0,0,0,0,9,0.059835280868103455,0.059882175939390735,4.6895071287279821e-05,0.04021868144394744,0.040373202429999672,0.00015452098605223119,0.00035326531468861985,0,0,0,0,0,1,1.5598004916093583e-05,8.7231572564112434e-05,0.0069915749095309414,0.0039328302701286824,-6.1868615734561792e-05
200,13,8,0.24062600087699448,0.05790087229805535,1,-1,3,1,1,2663,0.013798277244691194,0.075757408505309654,0.061959131260618458,0,0.10000000000000001,0.10000000000000001,0.12615145505726055,0,0,1,1,0.00075103266992114157,1271,0.022788525683789196,0.060184119157006846,0.03739559347321765,0.0034232385246118356,0.041427618412274846,0.03800437988766301,0.055418233809668496,0,0,0,0,0,0.89447990987607962,-0.0075387554709185744,0.00066015264612888987,0.018710651173125092,0,0.023981828459675149
200,13,8,0.24062600087699448,0.05790087229805535,-1,1,1,0,1,157,0,0.0046320697838444277,0.0046320697838444277,0,0.0046466076873900881,0.0046466076873900881,0.0065655142565618991,1,0,1,0,0.012738853503184714,0,nan,nan,nan,nan,nan,nan,0,0,0,0,0,nan,0.012738853503184714,-5.9651969535210662e-09,2.4139932795732481e-07,6.6094485299458562e-07,0,0.00019371087195400017
200,13,8,0.24062600087699448,0.05790087229805535,-1,1,3,1,1,3775,0.013798277244691194,0.075757408505309654,0.061959131260618458,0,0.10000000000000001,0.10000000000000001,0.19370631367509639,0,0,1,1,0.00052980132450331126,0,nan,nan,nan,nan,nan,nan,0,0,0,0,0,nan,0.29139072847682118,-0.0075641923253211762,-8.5824281929618225e-05,0.019114504822106301,0,0.030256769301284778
200,13,8,0.24062600087699448,0.05790087229805535,-1,-1,3,1,1,3775,0.013798277244691194,0.075757408505309654,0.061959131260618458,0,0.10000000000000001,0.10000000000000001,0.19370631367509639,0,0,1,1,0.00052980132450331126,0,nan,nan,nan,nan,nan,nan,0,0,0,0,0,nan,0.29139072847682118,-0.0075641923253211762,-8.5824281929618225e-05,0.0067463350197275434,0,0.030256769301284778
