mode_index,m,n,q,q2,branch_id,root_id,kind_id,source_id_0lambda_1trace,curve_id,raw_n_points,raw_K_min,raw_K_max,raw_K_span,raw_F_min,raw_F_max,raw_F_span,raw_contour_length,raw_touch_Kmin,raw_touch_Kmax,raw_touch_Fmin,raw_touch_Fmax,raw_edge_fraction,valid_n_points,valid_K_min,valid_K_max,valid_K_span,valid_F_min,valid_F_max,valid_F_span,valid_contour_length,valid_touch_Kmin,valid_touch_Kmax,valid_touch_Fmin,valid_touch_Fmax,valid_edge_fraction,complex_fraction,det_min,det_max,mean_abs_imag_lambda,min_abs_imag_lambda,rad_real_max
199,8,13,0.24062600087699448,0.05790087229805535,1,1,1,0,1,2664,0.004600678871972361,0.06243579467552722,0.057835115803554861,0,0.10000000000000001,0.10000000000000001,0.13347440961841492,0,0,1,1,0.00075075075075075074,1457,0.018999332888592395,0.061998811628514949,0.042999478739922554,0.0024925739690974053,0.052901934623082056,0.050409360653984651,0.071167922193234284,0,0,0,0,0,0.54804804804804808,-4.0373522132340593e-05,0.00066015264612888987,0.0094011717578542948,0,0.0035015502446754036
199,8,13,0.24062600087699448,0.05790087229805535,1,1,3,1,1,2663,0.013798277244691194,0.075757408505309654,0.061959131260618458,0,0.10000000000000001,0.10000000000000001,0.12615145505726055,0,0,1,1,0.00075103266992114157,1271,0.022788525683789196,0.060184119157006846,0.03739559347321765,0.0034232385246118356,0.041427618412274846,0.03800437988766301,0.055418233809668496,0,0,0,0,0,0.89447990987607962,-0.0075387554709185744,0.00066015264612888987,0.036245885392085855,0,0.023981828459675149
199,8,13,0.24062600087699448,0.05790087229805535,1,-1,1,0,1,9,0.023273631421275465,0.023437139688991658,0.00016350826771619267,0.003598247795423943,0.0036604996028118913,6.2251807387948312e-05,0.00038906616686909046,0,0,0,0,0,9,0.023273631421275465,0.023437139688991658,0.00016350826771619267,0.003598247795423943,0.0036604996028118913,6.2251807387948312e-05,0.00038906616686909046,0,0,0,0,0,1,2.493905487860234e-07,1.213183811499064e-05,0.0023422000646863826,0.00045162329479910376,-8.1585440162079274e-07
199,8,13,0.24062600087699448,0.05790087229805535,1,-1,1,0,2,2453,0.023451795425522278,0.059777052232099143,0.036325256806576861,0.0036636857988458426,0.040023000888625954,0.03635931508978011,0.10814009338114161,0,0,0,0,0,1379,0.023451795425522278,0.059777052232099143,0.036325256806576861,0.0036636857988458426,0.040023000888625954,0.03635931508978011,0.10632771241504295,0,0,0,0,0,0.56216877293110479,-1.3441166360064947e-05,0.00066015264612888987,0.010021839376853784,0,0.00012336100726497199
199,8,13,0.24062600087699448,0.05790087229805535,1,-1,1,0,3,9,0.059774277522950649,0.059829254126127461,5.49766031768123e-05,0.040014741689767194,0.040197092235003201,0.00018235054523600691,0.00041456546207255127,0,0,0,0,0,9,0.059774277522950649,0.059829254126127461,5.49766031768123e-05,0.040014741689767194,0.040197092235003201,0.00018235054523600691,0.00041456546207255127,0,0,0,0,0,1,1.7509521752224065e-05,0.00010031675094166803,0.0074075345078263178,0.0041626124032584704,-6.9309368079045023e-05
199,8,13,0.24062600087699448,0.05790087229805535,1,-1,1,0,4,9,0.059835280868103455,0.059882175939390735,4.6895071287279821e-05,0.04021868144394744,0.040373202429999672,0.00015452098605223119,0.00035326531468861985,0,0,0,0,0,9,0.059835280868103455,0.059882175939390735,4.6895071287279821e-05,0.04021868144394744,0.040373202429999672,0.00015452098605223119,0.00035326531468861985,0,0,0,0,0,1,1.5598004916093583e-05,8.7231572564112434e-05,0.0069915749095309414,0.0039328302701286824,-6.1868615734561792e-05
199,8,13,0.24062600087699448,0.05790087229805535,1,-1,3,1,1,2663,0.013798277244691194,0.075757408505309654,0.061959131260618458,0,0.10000000000000001,0.10000000000000001,0.12615145505726055,0,0,1,1,0.00075103266992114157,1271,0.022788525683789196,0.060184119157006846,0.03739559347321765,0.0034232385246118356,0.041427618412274846,0.03800437988766301,0.055418233809668496,0,0,0,0,0,0.89447990987607962,-0.0075387554709185744,0.00066015264612888987,0.018710651173125092,0,0.023981828459675149
199,8,13,0.24062600087699448,0.05790087229805535,-1,1,1,0,1,157,0,0.0046320697838444277,0.0046320697838444277,0,0.0046466076873900881,0.0046466076873900881,0.0065655142565618991,1,0,1,0,0.012738853503184714,0,nan,nan,nan,nan,nan,nan,0,0,0,0,0,nan,0.012738853503184714,-5.9651969535210662e-09,2.4139932795732481e-07,6.6094485299458562e-07,0,0.00019371087195400017
199,8,13,0.24062600087699448,0.05790087229805535,-1,1,3,1,1,3775,0.013798277244691194,0.075757408505309654,0.061959131260618458,0,0.10000000000000001,0.10000000000000001,0.19370631367509639,0,0,1,1,0.00052980132450331126,0,nan,nan,nan,nan,nan,nan,0,0,0,0,0,nan,0.29139072847682118,-0.0075641923253211762,-8.5824281929618225e-05,0.019114504822106301,0,0.030256769301284778
199,8,13,0.24062600087699448,0.05790087229805535,-1,-1,3,1,1,3775,0.013798277244691194,0.075757408505309654,0.061959131260618458,0,0.10000000000000001,0.10000000000000001,0.19370631367509639,0,0,1,1,0.00052980132450331126,0,nan,nan,nan,nan,nan,nan,0,0,0,0,0,nan,0.29139072847682118,-0.0075641923253211762,-8.5824281929618225e-05,0.0067463350197275434,0,0.030256769301284778
200,13,8,0.24062600087699448,0.05790087229805535,1,1,1,0,1,2664,0.004600678871972361,0.06243579467552722,0.057835115803554861,0,0.10000000000000001,0.10000000000000001,0.13347440961841492,0,0,1,1,0.00075075075075075074,1457,0.018999332888592395,0.061998811628514949,0.042999478739922554,0.0024925739690974053,0.052901934623082056,0.050409360653984651,0.071167922193234284,0,0,0,0,0,0.54804804804804808,-4.0373522132340593e-05,0.00066015264612888987,0.0094011717578542948,0,0.0035015502446754036
200,13,8,0.24062600087699448,0.05790087229805535,1,1,3,1,1,2663,0.013798277244691194,0.075757408505309654,0.061959131260618458,0,0.10000000000000001,0.10000000000000001,0.12615145505726055,0,0,1,1,0.00075103266992114157,1271,0.022788525683789196,0.060184119157006846,0.03739559347321765,0.0034232385246118356,0.041427618412274846,0.03800437988766301,0.055418233809668496,0,0,0,0,0,0.89447990987607962,-0.0075387554709185744,0.00066015264612888987,0.036245885392085855,0,0.023981828459675149
200,13,8,0.24062600087699448,0.05790087229805535,1,-1,1,0,1,9,0.023273631421275465,0.023437139688991658,0.00016350826771619267,0.003598247795423943,0.0036604996028118913,6.2251807387948312e-05,0.00038906616686909046,0,0,0,0,0,9,0.023273631421275465,0.023437139688991658,0.00016350826771619267,0.003598247795423943,0.0036604996028118913,6.2251807387948312e-05,0.00038906616686909046,0,0,0,0,0,1,2.493905487860234e-07,1.213183811499064e-05,0.0023422000646863826,0.00045162329479910376,-8.1585440162079274e-07
200,13,8,0.24062600087699448,0.05790087229805535,1,-1,1,0,2,2453,0.023451795425522278,0.059777052232099143,0.036325256806576861,0.0036636857988458426,0.040023000888625954,0.03635931508978011,0.10814009338114161,0,0,0,0,0,1379,0.023451795425522278,0.059777052232099143,0.036325256806576861,0.0036636857988458426,0.040023000888625954,0.03635931508978011,0.10632771241504295,0,0,0,0,0,0.56216877293110479,-1.3441166360064947e-05,0.00066015264612888987,0.010021839376853784,0,0.00012336100726497199
200,13,8,0.24062600087699448,0.05790087229805535,1,-1,1,0,3,9,0.059774277522950649,0.059829254126127461,5.49766031768123e-05,0.040014741689767194,0.040197092235003201,0.00018235054523600691,0.00041456546207255127,0,0,0,0,0,9,0.059774277522950649,0.059829254126127461,5.49766031768123e-05,0.040014741689767194,0.040197092235003201,0.00018235054523600691,0.00041456546207255127,0,0,0,0,0,1,1.7509521752224065e-05,0.00010031675094166803,0.0074075345078263178,0.0041626124032584704,-6.9309368079045023e-05
200,13,8,0.24062600087699448,0.05790087229805535,1,-1,1,0,4,9,0.059835280868103455,0.059882175939390735,4.6895071287279821e-05,0.04021868144394744,0.040373202429999672,0.00015452098605223119,0.00035326531468861985,0,0,0,0,0,9,0.059835280868103455,0.059882175939390735,4.6895071287279821e-05,0.04021868144394744,0.040373202429999672,0.00015452098605223119,0.00035326531468861985,0,0,0,0,0,1,1.5598004916093583e-05,8.7231572564112434e-05,0.0069915749095309414,0.0039328302701286824,-6.1868615734561792e-05
200,13,8,0.24062600087699448,0.05790087229805535,1,-1,3,1,1,2663,0.013798277244691194,0.075757408505309654,0.061959131260618458,0,0.10000000000000001,0.10000000000000001,0.12615145505726055,0,0,1,1,0.00075103266992114157,1271,0.022788525683789196,0.060184119157006846,0.03739559347321765,0.0034232385246118356,0.041427618412274846,0.03800437988766301,0.055418233809668496,0,0,0,0,0,0.89447990987607962,-0.0075387554709185744,0.00066015264612888987,0.018710651173125092,0,0.023981828459675149
200,13,8,0.24062600087699448,0.05790087229805535,-1,1,1,0,1,157,0,0.0046320697838444277,0.0046320697838444277,0,0.0046466076873900881,0.0046466076873900881,0.0065655142565618991,1,0,1,0,0.012738853503184714,0,nan,nan,nan,nan,nan,nan,0,0,0,0,0,nan,0.012738853503184714,-5.9651969535210662e-09,2.4139932795732481e-07,6.6094485299458562e-07,0,0.00019371087195400017
200,13,8,0.24062600087699448,0.05790087229805535,-1,1,3,1,1,3775,0.013798277244691194,0.075757408505309654,0.061959131260618458,0,0.10000000000000001,0.10000000000000001,0.19370631367509639,0,0,1,1,0.00052980132450331126,0,nan,nan,nan,nan,nan,nan,0,0,0,0,0,nan,0.29139072847682118,-0.0075641923253211762,-8.5824281929618225e-05,0.019114504822106301,0,0.030256769301284778
200,13,8,0.24062600087699448,0.05790087229805535,-1,-1,3,1,1,3775,0.013798277244691194,0.075757408505309654,0.061959131260618458,0,0.10000000000000001,0.10000000000000001,0.19370631367509639,0,0,1,1,0.00052980132450331126,0,nan,nan,nan,nan,nan,nan,0,0,0,0,0,nan,0.29139072847682118,-0.0075641923253211762,-8.5824281929618225e-05,0.0067463350197275434,0,0.030256769301284778
201,3,15,0.24095008815644542,0.058056944982598821,1,1,1,0,1,2665,0.0046126451140748514,0.062435553333233841,0.057822908219158989,0,0.10000000000000001,0.10000000000000001,0.13345932301978333,0,0,1,1,0.00075046904315196998,1459,0.019266177451634427,0.061998410222640181,0.042732232771005754,0.0025550832689392061,0.052901934623082056,0.050346851354142852,0.07091831952920552,0,0,0,0,0,0.54896810506566607,-3.7982699023840754e-05,0.00065691009975855246,0.0093571575318715378,0,0.0035054465557563946
201,3,15,0.24095008815644542,0.058056944982598821,1,1,3,1,1,2662,0.01383519740739728,0.075770589030490415,0.061935391623093139,0,0.10000000000000001,0.10000000000000001,0.1261269672593317,0,0,1,1,0.0007513148009015778,1269,0.022841894596397596,0.060167537760293252,0.037325643163895653,0.00343733005921098,0.041360907271514341,0.037923577212303362,0.055299308056688347,0,0,0,0,0,0.89406461307287755,-0.0075458963367897669,0.00065691009975855246,0.036229911133659962,0,0.02400738926440775
201,3,15,0.24095008815644542,0.058056944982598821,1,-1,1,0,1,9,0.023288225610574635,0.023435848367533312,0.00014762275695867633,0.0035986849852646468,0.0036550312145467341,5.6346229282087327e-05,0.00035193890002300322,0,0,0,0,0,9,0.023288225610574635,0.023435848367533312,0.00014762275695867633,0.0035986849852646468,0.0036550312145467341,5.6346229282087327e-05,0.00035193890002300322,0,0,0,0,0,1,4.7672145717212074e-08,1.0800968278565582e-05,0.0021850029919204248,0.00010224914145350462,-4.1819547711915189e-08
201,3,15,0.24095008815644542,0.058056944982598821,1,-1,1,0,2,11,0.023466298064677531,0.023655990774495237,0.00018969270981770633,0.0036641691936944347,0.0037355999542094728,7.1430760515038029e-05,0.00044677328865020836,0,0,0,0,0,11,0.023466298064677531,0.023655990774495237,0.00018969270981770633,0.0036641691936944347,0.0037355999542094728,7.1430760515038029e-05,0.00044677328865020836,0,0,0,0,0,1,1.0952436288172093e-06,1.480249062268168e-05,0.0028421456968745081,0.001017806159086126,-4.1437175098946105e-06
201,3,15,0.24095008815644542,0.058056944982598821,1,-1,1,0,3,2443,0.023643017087597012,0.059776211156188572,0.036133194068591556,0.0037289414430867257,0.040014723778939679,0.036285782335852952,0.10771648054431046,0,0,0,0,0,1368,0.023643017087597012,0.059776211156188572,0.036133194068591556,0.0037294725187272597,0.040014723778939679,0.036285251260212419,0.10589085108496131,0,0,0,0,0,0.55996725337699549,-1.2356227017787966e-05,0.00065691009975855246,0.010016217517419072,0,0.00012232308591498409
201,3,15,0.24095008815644542,0.058056944982598821,1,-1,1,0,4,9,0.059776738929787458,0.059829103891290175,5.2364961502716911e-05,0.040016395985180607,0.040188800852146635,0.00017240486696602775,0.00039321313287624316,0,0,0,0,0,9,0.059776738929787458,0.059829103891290175,5.2364961502716911e-05,0.040016395985180607,0.040188800852146635,0.00017240486696602775,0.00039321313287624316,0,0,0,0,0,1,1.6989819895574471e-05,9.5642712034883965e-05,0.0072627484212288524,0.0041020186304573172,-6.730622737847569e-05
201,3,15,0.24095008815644542,0.058056944982598821,1,-1,1,0,5,9,0.059837715883393788,0.059882035018620668,4.4319135226879303e-05,0.040219617896958583,0.040364904482757195,0.00014528658579861242,0.00033281662833157762,0,0,0,0,0,9,0.059837715883393788,0.059882035018620668,4.4319135226879303e-05,0.040219617896958583,0.040364904482757195,0.00014528658579861242,0.00033281662833157762,0,0,0,0,0,1,1.4624352454006221e-05,8.249471754170429e-05,0.0068238229531798885,0.0038088698092167885,-5.8029956894252538e-05
201,3,15,0.24095008815644542,0.058056944982598821,1,-1,3,1,1,2662,0.01383519740739728,0.075770589030490415,0.061935391623093139,0,0.10000000000000001,0.10000000000000001,0.1261269672593317,0,0,1,1,0.0007513148009015778,1269,0.022841894596397596,0.060167537760293252,0.037325643163895653,0.00343733005921098,0.041360907271514341,0.037923577212303362,0.055299308056688347,0,0,0,0,0,0.89406461307287755,-0.0075458963367897669,0.00065691009975855246,0.018678100097543886,0,0.02400738926440775
201,3,15,0.24095008815644542,0.058056944982598821,-1,1,1,0,1,158,0,0.0046445555986079044,0.0046445555986079044,0,0.0046591722095304672,0.0046591722095304672,0.0065830873002409446,1,0,1,0,0.012658227848101266,0,nan,nan,nan,nan,nan,nan,0,0,0,0,0,nan,0.012658227848101266,-3.9234662266673221e-08,2.5193971335259148e-07,3.6530894930800001e-07,0,0.0001947582277583229
201,3,15,0.24095008815644542,0.058056944982598821,-1,1,3,1,1,3776,0.01383519740739728,0.075770589030490415,0.061935391623093139,0,0.10000000000000001,0.10000000000000001,0.19388389284036095,0,0,1,1,0.00052966101694915254,0,nan,nan,nan,nan,nan,nan,0,0,0,0,0,nan,0.29184322033898308,-0.0075574006186588773,-8.628758683424016e-05,0.019116371779428449,0,0.030229602474635509
201,3,15,0.24095008815644542,0.058056944982598821,-1,-1,3,1,1,3776,0.01383519740739728,0.075770589030490415,0.061935391623093139,0,0.10000000000000001,0.10000000000000001,0.19388389284036095,0,0,1,1,0.00052966101694915254,0,nan,nan,nan,nan,nan,nan,0,0,0,0,0,nan,0.29184322033898308,-0.0075574006186588773,-8.628758683424016e-05,0.0067449276099645272,0,0.030229602474635509
202,15,3,0.24095008815644542,0.058056944982598821,1,1,1,0,1,2665,0.0046126451140748514,0.062435553333233841,0.057822908219158989,0,0.10000000000000001,0.10000000000000001,0.13345932301978333,0,0,1,1,0.00075046904315196998,1459,0.019266177451634427,0.061998410222640181,0.042732232771005754,0.0025550832689392061,0.052901934623082056,0.050346851354142852,0.07091831952920552,0,0,0,0,0,0.54896810506566607,-3.7982699023840754e-05,0.00065691009975855246,0.0093571575318715378,0,0.0035054465557563946
202,15,3,0.24095008815644542,0.058056944982598821,1,1,3,1,1,2662,0.01383519740739728,0.075770589030490415,0.061935391623093139,0,0.10000000000000001,0.10000000000000001,0.1261269672593317,0,0,1,1,0.0007513148009015778,1269,0.022841894596397596,0.060167537760293252,0.037325643163895653,0.00343733005921098,0.041360907271514341,0.037923577212303362,0.055299308056688347,0,0,0,0,0,0.89406461307287755,-0.0075458963367897669,0.00065691009975855246,0.036229911133659962,0,0.02400738926440775
202,15,3,0.24095008815644542,0.058056944982598821,1,-1,1,0,1,9,0.023288225610574635,0.023435848367533312,0.00014762275695867633,0.0035986849852646468,0.0036550312145467341,5.6346229282087327e-05,0.00035193890002300322,0,0,0,0,0,9,0.023288225610574635,0.023435848367533312,0.00014762275695867633,0.0035986849852646468,0.0036550312145467341,5.6346229282087327e-05,0.00035193890002300322,0,0,0,0,0,1,4.7672145717212074e-08,1.0800968278565582e-05,0.0021850029919204248,0.00010224914145350462,-4.1819547711915189e-08
202,15,3,0.24095008815644542,0.058056944982598821,1,-1,1,0,2,11,0.023466298064677531,0.023655990774495237,0.00018969270981770633,0.0036641691936944347,0.0037355999542094728,7.1430760515038029e-05,0.00044677328865020836,0,0,0,0,0,11,0.023466298064677531,0.023655990774495237,0.00018969270981770633,0.0036641691936944347,0.0037355999542094728,7.1430760515038029e-05,0.00044677328865020836,0,0,0,0,0,1,1.0952436288172093e-06,1.480249062268168e-05,0.0028421456968745081,0.001017806159086126,-4.1437175098946105e-06
202,15,3,0.24095008815644542,0.058056944982598821,1,-1,1,0,3,2443,0.023643017087597012,0.059776211156188572,0.036133194068591556,0.0037289414430867257,0.040014723778939679,0.036285782335852952,0.10771648054431046,0,0,0,0,0,1368,0.023643017087597012,0.059776211156188572,0.036133194068591556,0.0037294725187272597,0.040014723778939679,0.036285251260212419,0.10589085108496131,0,0,0,0,0,0.55996725337699549,-1.2356227017787966e-05,0.00065691009975855246,0.010016217517419072,0,0.00012232308591498409
202,15,3,0.24095008815644542,0.058056944982598821,1,-1,1,0,4,9,0.059776738929787458,0.059829103891290175,5.2364961502716911e-05,0.040016395985180607,0.040188800852146635,0.00017240486696602775,0.00039321313287624316,0,0,0,0,0,9,0.059776738929787458,0.059829103891290175,5.2364961502716911e-05,0.040016395985180607,0.040188800852146635,0.00017240486696602775,0.00039321313287624316,0,0,0,0,0,1,1.6989819895574471e-05,9.5642712034883965e-05,0.0072627484212288524,0.0041020186304573172,-6.730622737847569e-05
202,15,3,0.24095008815644542,0.058056944982598821,1,-1,1,0,5,9,0.059837715883393788,0.059882035018620668,4.4319135226879303e-05,0.040219617896958583,0.040364904482757195,0.00014528658579861242,0.00033281662833157762,0,0,0,0,0,9,0.059837715883393788,0.059882035018620668,4.4319135226879303e-05,0.040219617896958583,0.040364904482757195,0.00014528658579861242,0.00033281662833157762,0,0,0,0,0,1,1.4624352454006221e-05,8.249471754170429e-05,0.0068238229531798885,0.0038088698092167885,-5.8029956894252538e-05
202,15,3,0.24095008815644542,0.058056944982598821,1,-1,3,1,1,2662,0.01383519740739728,0.075770589030490415,0.061935391623093139,0,0.10000000000000001,0.10000000000000001,0.1261269672593317,0,0,1,1,0.0007513148009015778,1269,0.022841894596397596,0.060167537760293252,0.037325643163895653,0.00343733005921098,0.041360907271514341,0.037923577212303362,0.055299308056688347,0,0,0,0,0,0.89406461307287755,-0.0075458963367897669,0.00065691009975855246,0.018678100097543886,0,0.02400738926440775
202,15,3,0.24095008815644542,0.058056944982598821,-1,1,1,0,1,158,0,0.0046445555986079044,0.0046445555986079044,0,0.0046591722095304672,0.0046591722095304672,0.0065830873002409446,1,0,1,0,0.012658227848101266,0,nan,nan,nan,nan,nan,nan,0,0,0,0,0,nan,0.012658227848101266,-3.9234662266673221e-08,2.5193971335259148e-07,3.6530894930800001e-07,0,0.0001947582277583229
202,15,3,0.24095008815644542,0.058056944982598821,-1,1,3,1,1,3776,0.01383519740739728,0.075770589030490415,0.061935391623093139,0,0.10000000000000001,0.10000000000000001,0.19388389284036095,0,0,1,1,0.00052966101694915254,0,nan,nan,nan,nan,nan,nan,0,0,0,0,0,nan,0.29184322033898308,-0.0075574006186588773,-8.628758683424016e-05,0.019116371779428449,0,0.030229602474635509
202,15,3,0.24095008815644542,0.058056944982598821,-1,-1,3,1,1,3776,0.01383519740739728,0.075770589030490415,0.061935391623093139,0,0.10000000000000001,0.10000000000000001,0.19388389284036095,0,0,1,1,0.00052966101694915254,0,nan,nan,nan,nan,nan,nan,0,0,0,0,0,nan,0.29184322033898308,-0.0075574006186588773,-8.628758683424016e-05,0.0067449276099645272,0,0.030229602474635509
203,4,15,0.24454165757289556,0.059800622288499306,1,1,1,0,1,2663,0.0047465634796457559,0.062433206610096298,0.057686643130450542,0,0.10000000000000001,0.10000000000000001,0.13341175096883962,0,0,1,1,0.00075103266992114157,1425,0.019799866577718477,0.061890123197871856,0.04209025662015338,0.0026897382931643102,0.051834556370913942,0.049144818077749633,0.069346962337853785,0,0,0,0,0,0.53698835899361619,-3.7495831127867436e-05,0.00062073951062647755,0.0088942345267252337,0,0.0035502833545875629
203,4,15,0.24454165757289556,0.059800622288499306,1,1,3,1,1,2658,0.014247953572192605,0.075917987532780021,0.061670033960587414,0,0.10000000000000001,0.10000000000000001,0.12585303982301405,0,0,1,1,0.00075244544770504136,1233,0.023695797198132092,0.059963644533870347,0.036267847335738256,0.0036944114421104614,0.040560373582388259,0.036865962140277798,0.053636047153458918,0,0,0,0,0,0.88713318284424381,-0.0076257499555366535,0.00062073951062647755,0.036074035841883928,0,0.024293350881134851
203,4,15,0.24454165757289556,0.059800622288499306,1,-1,1,0,1,9,0.024152361462668023,0.024291648315449603,0.00013928685278158034,0.0038655996798516909,0.0039197758561651157,5.4176176313424761e-05,0.00033129258001360172,0,0,0,0,0,9,0.024152361462668023,0.024291648315449603,0.00013928685278158034,0.0038655996798516909,0.0039197758561651157,5.4176176313424761e-05,0.00033129258001360172,0,0,0,0,0,1,1.1611424652720805e-06,1.1702952443082957e-05,0.0025231134610221519,0.001062019494545443,-4.5115416271782338e-06
203,4,15,0.24454165757289556,0.059800622288499306,1,-1,1,0,2,2389,0.024324332437522328,0.059615872031557215,0.035291539594034887,0.0039309646844978468,0.039411849853182725,0.035480885168684875,0.10510256092372479,0,0,0,0,0,1336,0.024324332437522328,0.059615872031557215,0.035291539594034887,0.0039309646844978468,0.039411849853182725,0.035480885168684875,0.10333223234100913,0,0,0,0,0,0.55922980326496441,-1.0672052142634146e-05,0.00062073951062647755,0.0097248707530214907,0,0.00011052653594875453
203,4,15,0.24454165757289556,0.059800622288499306,1,-1,1,0,3,9,0.059617519969413085,0.059668771590276462,5.1251620863376757e-05,0.03942018080782151,0.039580220506774774,0.00016003969895326403,0.0003713196558887539,0,0,0,0,0,9,0.059617519969413085,0.059668771590276462,5.1251620863376757e-05,0.03942018080782151,0.039580220506774774,0.00016003969895326403,0.0003713196558887539,0,0,0,0,0,1,7.4753214337775089e-06,8.190802911589889e-05,0.0063615355867566257,0.0027073527723914946,-2.931903613670365e-05
203,4,15,0.24454165757289556,0.059800622288499306,1,-1,3,1,1,2658,0.014247953572192605,0.075917987532780021,0.061670033960587414,0,0.10000000000000001,0.10000000000000001,0.12585303982301405,0,0,1,1,0.00075244544770504136,1233,0.023695797198132092,0.059963644533870347,0.036267847335738256,0.0036944114421104614,0.040560373582388259,0.036865962140277798,0.053636047153458918,0,0,0,0,0,0.88713318284424381,-0.0076257499555366535,0.00062073951062647755,0.018293777345441919,0,0.024293350881134851
203,4,15,0.24454165757289556,0.059800622288499306,-1,1,1,0,1,162,0,0.0047840497830799441,0.0047840497830799441,0,0.0047995648056198843,0.0047995648056198843,0.0067799160833860398,1,0,1,0,0.012345679012345678,0,nan,nan,nan,nan,nan,nan,0,0,0,0,0,nan,0.012345679012345678,-7.3605454573443961e-08,2.8123020653661956e-08,7.2316728561908276e-07,0,0.00020665239649554439
203,4,15,0.24454165757289556,0.059800622288499306,-1,1,3,1,1,3766,0.014247953572192605,0.075917987532780021,0.061670033960587414,0,0.10000000000000001,0.10000000000000001,0.19323847017956827,0,0,1,1,0.00053106744556558679,0,nan,nan,nan,nan,nan,nan,0,0,0,0,0,nan,0.29607010090281466,-0.0076257499555366535,-9.1548529307949045e-05,0.019351035900739808,0,0.0299256791668654
203,4,15,0.24454165757289556,0.059800622288499306,-1,-1,3,1,1,3766,0.014247953572192605,0.075917987532780021,0.061670033960587414,0,0.10000000000000001,0.10000000000000001,0.19323847017956827,0,0,1,1,0.00053106744556558679,0,nan,nan,nan,nan,nan,nan,0,0,0,0,0,nan,0.29607010090281466,-0.0076257499555366535,-9.1548529307949045e-05,0.0068042137806055827,0,0.0299256791668654
204,15,4,0.24454165757289556,0.059800622288499306,1,1,1,0,1,2663,0.0047465634796457559,0.062433206610096298,0.057686643130450542,0,0.10000000000000001,0.10000000000000001,0.13341175096883962,0,0,1,1,0.00075103266992114157,1425,0.019799866577718477,0.061890123197871856,0.04209025662015338,0.0026897382931643102,0.051834556370913942,0.049144818077749633,0.069346962337853785,0,0,0,0,0,0.53698835899361619,-3.7495831127867436e-05,0.00062073951062647755,0.0088942345267252337,0,0.0035502833545875629
204,15,4,0.24454165757289556,0.059800622288499306,1,1,3,1,1,2658,0.014247953572192605,0.075917987532780021,0.061670033960587414,0,0.10000000000000001,0.10000000000000001,0.12585303982301405,0,0,1,1,0.00075244544770504136,1233,0.023695797198132092,0.059963644533870347,0.036267847335738256,0.0036944114421104614,0.040560373582388259,0.036865962140277798,0.053636047153458918,0,0,0,0,0,0.88713318284424381,-0.0076257499555366535,0.00062073951062647755,0.036074035841883928,0,0.024293350881134851
204,15,4,0.24454165757289556,0.059800622288499306,1,-1,1,0,1,9,0.024152361462668023,0.024291648315449603,0.00013928685278158034,0.0038655996798516909,0.0039197758561651157,5.4176176313424761e-05,0.00033129258001360172,0,0,0,0,0,9,0.024152361462668023,0.024291648315449603,0.00013928685278158034,0.0038655996798516909,0.0039197758561651157,5.4176176313424761e-05,0.00033129258001360172,0,0,0,0,0,1,1.1611424652720805e-06,1.1702952443082957e-05,0.0025231134610221519,0.001062019494545443,-4.5115416271782338e-06
204,15,4,0.24454165757289556,0.059800622288499306,1,-1,1,0,2,2389,0.024324332437522328,0.059615872031557215,0.035291539594034887,0.0039309646844978468,0.039411849853182725,0.035480885168684875,0.10510256092372479,0,0,0,0,0,1336,0.024324332437522328,0.059615872031557215,0.035291539594034887,0.0039309646844978468,0.039411849853182725,0.035480885168684875,0.10333223234100913,0,0,0,0,0,0.55922980326496441,-1.0672052142634146e-05,0.00062073951062647755,0.0097248707530214907,0,0.00011052653594875453
204,15,4,0.24454165757289556,0.059800622288499306,1,-1,1,0,3,9,0.059617519969413085,0.059668771590276462,5.1251620863376757e-05,0.03942018080782151,0.039580220506774774,0.00016003969895326403,0.0003713196558887539,0,0,0,0,0,9,0.059617519969413085,0.059668771590276462,5.1251620863376757e-05,0.03942018080782151,0.039580220506774774,0.00016003969895326403,0.0003713196558887539,0,0,0,0,0,1,7.4753214337775089e-06,8.190802911589889e-05,0.0063615355867566257,0.0027073527723914946,-2.931903613670365e-05
204,15,4,0.24454165757289556,0.059800622288499306,1,-1,3,1,1,2658,0.014247953572192605,0.075917987532780021,0.061670033960587414,0,0.10000000000000001,0.10000000000000001,0.12585303982301405,0,0,1,1,0.00075244544770504136,1233,0.023695797198132092,0.059963644533870347,0.036267847335738256,0.0036944114421104614,0.040560373582388259,0.036865962140277798,0.053636047153458918,0,0,0,0,0,0.88713318284424381,-0.0076257499555366535,0.00062073951062647755,0.018293777345441919,0,0.024293350881134851
204,15,4,0.24454165757289556,0.059800622288499306,-1,1,1,0,1,162,0,0.0047840497830799441,0.0047840497830799441,0,0.0047995648056198843,0.0047995648056198843,0.0067799160833860398,1,0,1,0,0.012345679012345678,0,nan,nan,nan,nan,nan,nan,0,0,0,0,0,nan,0.012345679012345678,-7.3605454573443961e-08,2.8123020653661956e-08,7.2316728561908276e-07,0,0.00020665239649554439
204,15,4,0.24454165757289556,0.059800622288499306,-1,1,3,1,1,3766,0.014247953572192605,0.075917987532780021,0.061670033960587414,0,0.10000000000000001,0.10000000000000001,0.19323847017956827,0,0,1,1,0.00053106744556558679,0,nan,nan,nan,nan,nan,nan,0,0,0,0,0,nan,0.29607010090281466,-0.0076257499555366535,-9.1548529307949045e-05,0.019351035900739808,0,0.0299256791668654
204,15,4,0.24454165757289556,0.059800622288499306,-1,-1,3,1,1,3766,0.014247953572192605,0.075917987532780021,0.061670033960587414,0,0.10000000000000001,0.10000000000000001,0.19323847017956827,0,0,1,1,0.00053106744556558679,0,nan,nan,nan,nan,nan,nan,0,0,0,0,0,nan,0.29607010090281466,-0.0076257499555366535,-9.1548529307949045e-05,0.0068042137806055827,0,0.0299256791668654
205,11,11,0.24527802722534706,0.060161310639558097,1,1,1,0,1,2662,0.0047743260151990215,0.062432791048790667,0.057658465033591649,0,0.10000000000000001,0.10000000000000001,0.13339682027856598,0,0,1,1,0.0007513148009015778,1417,0.020066711140760505,0.061889327728484829,0.041822616587724321,0.0027561098891943376,0.051834556370913935,0.0490784464817196,0.069078487842956338,0,0,0,0,0,0.53418482344102181,-3.7066965180756797e-05,0.00061328689058773192,0.0087963147039106029,0,0.0035598451504438014
205,11,11,0.24527802722534706,0.060161310639558097,1,1,3,1,1,2657,0.014333394904268899,0.075948504720847576,0.061615109816578681,0,0.10000000000000001,0.10000000000000001,0.12579824114560278,0,0,1,1,0.00075272864132480243,1228,0.023838130409706906,0.0599332888592395,0.036095158449532594,0.0037358238825883927,0.040436551310853747,0.036700727428265356,0.053371636930807466,0,0,0,0,0,0.88596161083929248,-0.0076422829587016027,0.00061328689058773192,0.036060001197333068,0,0.024352585694373142
205,11,11,0.24527802722534706,0.060161310639558097,1,-1,1,0,1,9,0.024357313530168543,0.024505834143143369,0.00014852061297482635,0.0039320554913489974,0.003990258900226867,5.8203408877869657e-05,0.00035372455235655755,0,0,0,0,0,9,0.024357313530168543,0.024505834143143369,0.00014852061297482635,0.0039320554913489974,0.003990258900226867,5.8203408877869657e-05,0.00035372455235655755,0,0,0,0,0,1,1.1839860698574593e-06,1.2562110471393229e-05,0.0025851620601864502,0.0010704832460900239,-4.5837375206377391e-06
205,11,11,0.24527802722534706,0.060161310639558097,1,-1,1,0,2,2379,0.024527873385216593,0.05961555040256631,0.035087677017349717,0.0039974009948168382,0.039392918881706131,0.035395517886889293,0.10463893691156309,0,0,0,0,0,1339,0.024527873385216593,0.05961555040256631,0.035087677017349717,0.0039974009948168382,0.039392918881706131,0.035395517886889293,0.10300976678486795,0,0,0,0,0,0.56284153005464477,-1.2435771898301379e-05,0.00061328689058773192,0.00967729998745143,0,0.00010824486462623227
205,11,11,0.24527802722534706,0.060161310639558097,1,-1,1,0,3,9,0.059623349148243729,0.05966845745258452,4.5108304340790717e-05,0.039421303040156244,0.039561207845006427,0.00013990480485018275,0.0003253349142669139,0,0,0,0,0,9,0.059623349148243729,0.05966845745258452,4.5108304340790717e-05,0.039421303040156244,0.039561207845006427,0.00013990480485018275,0.0003253349142669139,0,0,0,0,0,1,5.2155996219764713e-06,7.1101610299510875e-05,0.0058990010658318392,0.0022589500368841824,-2.0411421076556193e-05
205,11,11,0.24527802722534706,0.060161310639558097,1,-1,3,1,1,2657,0.014333394904268899,0.075948504720847576,0.061615109816578681,0,0.10000000000000001,0.10000000000000001,0.12579824114560278,0,0,1,1,0.00075272864132480243,1228,0.023838130409706906,0.0599332888592395,0.036095158449532594,0.0037358238825883927,0.040436551310853747,0.036700727428265356,0.053371636930807466,0,0,0,0,0,0.88596161083929248,-0.0076422829587016027,0.00061328689058773192,0.018219959973072831,0,0.024352585694373142
205,11,11,0.24527802722534706,0.060161310639558097,-1,1,1,0,1,164,0,0.0048129048511646481,0.0048129048511646481,0,0.0048286100097052276,0.0048286100097052276,0.0068207698449374871,1,0,1,0,0.012195121951219513,0,nan,nan,nan,nan,nan,nan,0,0,0,0,0,nan,0.012195121951219513,-1.6598208304517237e-07,3.1615121365877012e-07,4.428271576065476e-07,0,0.00020915696483321834
205,11,11,0.24527802722534706,0.060161310639558097,-1,1,3,1,1,3765,0.014333394904268899,0.075948504720847576,0.061615109816578681,0,0.10000000000000001,0.10000000000000001,0.19325098294536602,0,0,1,1,0.00053120849933598936,0,nan,nan,nan,nan,nan,nan,0,0,0,0,0,nan,0.29721115537848608,-0.0076422829587016027,-9.2656212425456811e-05,0.01940726666361467,0,0.029862747615826222
205,11,11,0.24527802722534706,0.060161310639558097,-1,-1,3,1,1,3765,0.014333394904268899,0.075948504720847576,0.061615109816578681,0,0.10000000000000001,0.10000000000000001,0.19325098294536602,0,0,1,1,0.00053120849933598936,0,nan,nan,nan,nan,nan,nan,0,0,0,0,0,nan,0.29721115537848608,-0.0076422829587016027,-9.2656212425456811e-05,0.006818942054786812,0,0.029862747615826222
206,10,12,0.24627678704862097,0.060652255838991795,1,1,1,0,1,2660,0.0048121359147151729,0.062432256099885973,0.057620120185170799,0,0.10000000000000001,0.10000000000000001,0.13337460497171844,0,0,1,1,0.00075187969924812035,1399,0.020333555703802533,0.061838888715700271,0.041505333011897738,0.0028242206720676477,0.05136757838559039,0.048543357713522743,0.068331899152834358,0,0,0,0,0,0.52706766917293235,-3.7608974884576985e-05,0.00060313690232156175,0.0086672261941121344,0,0.0035730109418930498
206,10,12,0.24627678704862097,0.060652255838991795,1,1,3,1,1,2655,0.014449721767154188,0.075990063539725469,0.061540341772571283,0,0.10000000000000001,0.10000000000000001,0.12572393859670039,0,0,1,1,0.00075329566854990583,1219,0.024057883695577757,0.059879919946631083,0.035822036251053326,0.0038025350233488993,0.040232331081764376,0.036429796058415474,0.052946095033430667,0,0,0,0,0,0.88587570621468925,-0.0076647970411172269,0.00060313690232156175,0.035993783520993,0,0.024433265162881461
206,10,12,0.24627678704862097,0.060652255838991795,1,-1,1,0,1,9,0.024572574461740715,0.024717972138394665,0.00014539767665395012,0.0039988706404821221,0.0040567324885852647,5.7861848103142599e-05,0.00034847033337508858,0,0,0,0,0,9,0.024572574461740715,0.024717972138394665,0.00014539767665395012,0.0039988706404821221,0.0040567324885852647,5.7861848103142599e-05,0.00034847033337508858,0,0,0,0,0,1,8.8170031143549726e-07,1.2243309847692728e-05,0.0025200720293557127,0.00091892468566604152,-3.377690311705733e-06
206,10,12,0.24627678704862097,0.060652255838991795,1,-1,1,0,2,2347,0.024741685022800858,0.059459732526178623,0.034718047503377765,0.0040642361076664961,0.038873057675373343,0.034808821567706844,0.10310529063127606,0,0,0,0,0,1325,0.024741685022800858,0.059459732526178623,0.034718047503377765,0.0040642361076664961,0.038873057675373343,0.034808821567706844,0.10151698963152112,0,0,0,0,0,0.56455048998721769,-1.1476965047489515e-05,0.00060313690232156175,0.0096323384257838707,0,0.00010508685852959063
206,10,12,0.24627678704862097,0.060652255838991795,1,-1,1,0,3,15,0.05945921125653561,0.059562224155716756,0.00010301289918114576,0.038871772609233739,0.039200602790030979,0.00032883018079724047,0.00072378932299261721,0,0,0,0,0,13,0.05945921125653561,0.059561647665892149,0.00010243640935653914,0.038871772609233739,0.039200602790030979,0.00032883018079724047,0.00071478522886806904,0,0,0,0,0,0.8666666666666667,-2.1479531329743185e-06,9.0689924121032978e-05,0.0063428490867504092,0,9.3448131555223841e-06
206,10,12,0.24627678704862097,0.060652255838991795,1,-1,1,0,4,9,0.059567658519880516,0.059615131574282797,4.7473054402280557e-05,0.03922148694240548,0.03936715129165292,0.00014566434924744021,0.00033990574776342469,0,0,0,0,0,9,0.059567658519880516,0.059615131574282797,4.7473054402280557e-05,0.03922148694240548,0.03936715129165292,0.00014566434924744021,0.00033990574776342469,0,0,0,0,0,1,4.8101840858877175e-07,6.9105542132473757e-05,0.0053065463481735513,0.00059797295266976859,-1.430286608498405e-06
206,10,12,0.24627678704862097,0.060652255838991795,1,-1,3,1,1,2655,0.014449721767154188,0.075990063539725469,0.061540341772571283,0,0.10000000000000001,0.10000000000000001,0.12572393859670039,0,0,1,1,0.00075329566854990583,1219,0.024057883695577757,0.059879919946631083,0.035822036251053326,0.0038025350233488993,0.040232331081764376,0.036429796058415474,0.052946095033430667,0,0,0,0,0,0.88587570621468925,-0.0076647970411172269,0.00060313690232156175,0.018108157377116532,0,0.024433265162881461
206,10,12,0.24627678704862097,0.060652255838991795,-1,1,1,0,1,164,0,0.0048521804671193434,0.0048521804671193434,0,0.0048681442624722389,0.0048681442624722389,0.0068764274320339946,1,0,1,0,0.012195121951219513,0,nan,nan,nan,nan,nan,nan,0,0,0,0,0,nan,0.012195121951219513,-7.7480527980246542e-09,2.0745518078181963e-07,7.3361542829443872e-07,0,0.00021259022329867959
206,10,12,0.24627678704862097,0.060652255838991795,-1,1,3,1,1,3761,0.014449721767154188,0.075990063539725469,0.061540341772571283,0,0.10000000000000001,0.10000000000000001,0.19291582388050976,0,0,1,1,0.00053177346450412129,0,nan,nan,nan,nan,nan,nan,0,0,0,0,0,nan,0.2985908003190641,-0.0076647970411172269,-9.417462114197795e-05,0.019456123177148673,0,0.029777041356685893
206,10,12,0.24627678704862097,0.060652255838991795,-1,-1,3,1,1,3761,0.014449721767154188,0.075990063539725469,0.061540341772571283,0,0.10000000000000001,0.10000000000000001,0.19291582388050976,0,0,1,1,0.00053177346450412129,0,nan,nan,nan,nan,nan,nan,0,0,0,0,0,nan,0.2985908003190641,-0.0076647970411172269,-9.417462114197795e-05,0.0068316579396178684,0,0.029777041356685893
207,12,10,0.24627678704862097,0.060652255838991795,1,1,1,0,1,2660,0.0048121359147151729,0.062432256099885973,0.057620120185170799,0,0.10000000000000001,0.10000000000000001,0.13337460497171844,0,0,1,1,0.00075187969924812035,1399,0.020333555703802533,0.061838888715700271,0.041505333011897738,0.0028242206720676477,0.05136757838559039,0.048543357713522743,0.068331899152834358,0,0,0,0,0,0.52706766917293235,-3.7608974884576985e-05,0.00060313690232156175,0.0086672261941121344,0,0.0035730109418930498
207,12,10,0.24627678704862097,0.060652255838991795,1,1,3,1,1,2655,0.014449721767154188,0.075990063539725469,0.061540341772571283,0,0.10000000000000001,0.10000000000000001,0.12572393859670039,0,0,1,1,0.00075329566854990583,1219,0.024057883695577757,0.059879919946631083,0.035822036251053326,0.0038025350233488993,0.040232331081764376,0.036429796058415474,0.052946095033430667,0,0,0,0,0,0.88587570621468925,-0.0076647970411172269,0.00060313690232156175,0.035993783520993,0,0.024433265162881461
207,12,10,0.24627678704862097,0.060652255838991795,1,-1,1,0,1,9,0.024572574461740715,0.024717972138394665,0.00014539767665395012,0.0039988706404821221,0.0040567324885852647,5.7861848103142599e-05,0.00034847033337508858,0,0,0,0,0,9,0.024572574461740715,0.024717972138394665,0.00014539767665395012,0.0039988706404821221,0.0040567324885852647,5.7861848103142599e-05,0.00034847033337508858,0,0,0,0,0,1,8.8170031143549726e-07,1.2243309847692728e-05,0.0025200720293557127,0.00091892468566604152,-3.377690311705733e-06
207,12,10,0.24627678704862097,0.060652255838991795,1,-1,1,0,2,2347,0.024741685022800858,0.059459732526178623,0.034718047503377765,0.0040642361076664961,0.038873057675373343,0.034808821567706844,0.10310529063127606,0,0,0,0,0,1325,0.024741685022800858,0.059459732526178623,0.034718047503377765,0.0040642361076664961,0.038873057675373343,0.034808821567706844,0.10151698963152112,0,0,0,0,0,0.56455048998721769,-1.1476965047489515e-05,0.00060313690232156175,0.0096323384257838707,0,0.00010508685852959063
207,12,10,0.24627678704862097,0.060652255838991795,1,-1,1,0,3,15,0.05945921125653561,0.059562224155716756,0.00010301289918114576,0.038871772609233739,0.039200602790030979,0.00032883018079724047,0.00072378932299261721,0,0,0,0,0,13,0.05945921125653561,0.059561647665892149,0.00010243640935653914,0.038871772609233739,0.039200602790030979,0.00032883018079724047,0.00071478522886806904,0,0,0,0,0,0.8666666666666667,-2.1479531329743185e-06,9.0689924121032978e-05,0.0063428490867504092,0,9.3448131555223841e-06
207,12,10,0.24627678704862097,0.060652255838991795,1,-1,1,0,4,9,0.059567658519880516,0.059615131574282797,4.7473054402280557e-05,0.03922148694240548,0.03936715129165292,0.00014566434924744021,0.00033990574776342469,0,0,0,0,0,9,0.059567658519880516,0.059615131574282797,4.7473054402280557e-05,0.03922148694240548,0.03936715129165292,0.00014566434924744021,0.00033990574776342469,0,0,0,0,0,1,4.8101840858877175e-07,6.9105542132473757e-05,0.0053065463481735513,0.00059797295266976859,-1.430286608498405e-06
207,12,10,0.24627678704862097,0.060652255838991795,1,-1,3,1,1,2655,0.014449721767154188,0.075990063539725469,0.061540341772571283,0,0.10000000000000001,0.10000000000000001,0.12572393859670039,0,0,1,1,0.00075329566854990583,1219,0.024057883695577757,0.059879919946631083,0.035822036251053326,0.0038025350233488993,0.040232331081764376,0.036429796058415474,0.052946095033430667,0,0,0,0,0,0.88587570621468925,-0.0076647970411172269,0.00060313690232156175,0.018108157377116532,0,0.024433265162881461
207,12,10,0.24627678704862097,0.060652255838991795,-1,1,1,0,1,164,0,0.0048521804671193434,0.0048521804671193434,0,0.0048681442624722389,0.0048681442624722389,0.0068764274320339946,1,0,1,0,0.012195121951219513,0,nan,nan,nan,nan,nan,nan,0,0,0,0,0,nan,0.012195121951219513,-7.7480527980246542e-09,2.0745518078181963e-07,7.3361542829443872e-07,0,0.00021259022329867959
207,12,10,0.24627678704862097,0.060652255838991795,-1,1,3,1,1,3761,0.014449721767154188,0.075990063539725469,0.061540341772571283,0,0.10000000000000001,0.10000000000000001,0.19291582388050976,0,0,1,1,0.00053177346450412129,0,nan,nan,nan,nan,nan,nan,0,0,0,0,0,nan,0.2985908003190641,-0.0076647970411172269,-9.417462114197795e-05,0.019456123177148673,0,0.029777041356685893
207,12,10,0.24627678704862097,0.060652255838991795,-1,-1,3,1,1,3761,0.014449721767154188,0.075990063539725469,0.061540341772571283,0,0.10000000000000001,0.10000000000000001,0.19291582388050976,0,0,1,1,0.00053177346450412129,0,nan,nan,nan,nan,nan,nan,0,0,0,0,0,nan,0.2985908003190641,-0.0076647970411172269,-9.417462114197795e-05,0.0068316579396178684,0,0.029777041356685893
208,7,14,0.24667683023477741,0.060849458574677197,1,1,1,0,1,2661,0.0048273358282483461,0.062432050529172098,0.057604714700923751,0,0.10000000000000001,0.10000000000000001,0.13334921330060123,0,0,1,1,0.00075159714393085303,1399,0.020333555703802533,0.061838323755295688,0.041504768051493154,0.0028251263923108842,0.05136757838559039,0.048542451993279508,0.068346236212481593,0,0,0,0,0,0.52762119503945881,-3.7065110950620895e-05,0.00059905972052658467,0.0086133821830467489,0,0.0035783474678345393
208,7,14,0.24667683023477741,0.060849458574677197,1,1,3,1,1,2655,0.014496458045300141,0.076006762425723157,0.061510304380423014,0,0.10000000000000001,0.10000000000000001,0.12569050689945482,0,0,1,1,0.00075329566854990583,1214,0.024176117411607738,0.059860528112314917,0.03568441070070718,0.0038410275529449679,0.040160106737825219,0.036319079184880254,0.052752974796969949,0,0,0,0,0,0.88474576271186445,-0.0076738434227631392,0.00059905972052658467,0.035997735248989388,0,0.024465688086992954
208,7,14,0.24667683023477741,0.060849458574677197,1,-1,1,0,1,9,0.024590542694644751,0.024716141641199233,0.0001255989465544817,0.0039994239625382351,0.0040496424422782722,5.021847974003707e-05,0.00030200846626206199,0,0,0,0,0,9,0.024590542694644751,0.024716141641199233,0.0001255989465544817,0.0039994239625382351,0.0040496424422782722,5.021847974003707e-05,0.00030200846626206199,0,0,0,0,0,1,6.0786294231695822e-07,1.0467092558228178e-05,0.0023534100730963022,0.00076143478546642992,-2.3191317300732328e-06
208,7,14,0.24667683023477741,0.060849458574677197,1,-1,1,0,2,11,0.02475955631146274,0.024933208253779933,0.00017365194231719339,0.004064824678011154,0.0041344508559037624,6.9626177892608346e-05,0.00041673048039286641,0,0,0,0,0,11,0.02475955631146274,0.024933208253779933,0.00017365194231719339,0.004064824678011154,0.0041344508559037624,6.9626177892608346e-05,0.00041673048039286641,0,0,0,0,0,1,8.3663190911538302e-07,1.4570845443410285e-05,0.002836252733882379,0.00088494622254649638,-3.1325192671972521e-06
208,7,14,0.24667683023477741,0.060849458574677197,1,-1,1,0,3,2337,0.024927381408704586,0.059456292051074978,0.034528910642370389,0.0041301691401412601,0.038862631483217017,0.034732462343075754,0.10271521629550011,0,0,0,0,0,1321,0.024927381408704586,0.059456292051074978,0.034528910642370389,0.0041301691401412601,0.038862631483217017,0.034732462343075754,0.10112684479224986,0,0,0,0,0,0.56525459991442017,-1.245871438235375e-05,0.00059905972052658467,0.0096167923564275427,0,0.00010391763749862792
208,7,14,0.24667683023477741,0.060849458574677197,1,-1,1,0,4,9,0.05950655678236004,0.059562059162147601,5.5502379787561451e-05,0.039020956790536111,0.039190305441913501,0.00016934865137738925,0.00039595288973498819,0,0,0,0,0,6,0.05950655678236004,0.059561440599956585,5.4883817596544648e-05,0.039026017344896594,0.039190305441913501,0.00016428809701690694,0.00027026810656223521,0,0,0,0,0,0.66666666666666663,-3.3905790248522417e-06,7.5709624903894394e-05,0.0050725538154601955,0,1.4231210169777389e-05
208,7,14,0.24667683023477741,0.060849458574677197,1,-1,3,1,1,2655,0.014496458045300141,0.076006762425723157,0.061510304380423014,0,0.10000000000000001,0.10000000000000001,0.12569050689945482,0,0,1,1,0.00075329566854990583,1214,0.024176117411607738,0.059860528112314917,0.03568441070070718,0.0038410275529449679,0.040160106737825219,0.036319079184880254,0.052752974796969949,0,0,0,0,0,0.88474576271186445,-0.0076738434227631392,0.00059905972052658467,0.018069282963022334,0,0.024465688086992954
208,7,14,0.24667683023477741,0.060849458574677197,-1,1,1,0,1,166,0,0.0048679566859741756,0.0048679566859741756,0,0.0048840259777751024,0.0048840259777751024,0.0068988202244716634,1,0,1,0,0.012048192771084338,0,nan,nan,nan,nan,nan,nan,0,0,0,0,0,nan,0.012048192771084338,-1.7633527575613918e-07,3.5055347315637983e-07,4.5448937269022644e-07,0,0.00021397724660812131
208,7,14,0.24667683023477741,0.060849458574677197,-1,1,3,1,1,3759,0.014496458045300141,0.076006762425723157,0.061510304380423014,0,0.10000000000000001,0.10000000000000001,0.19278251183986758,0,0,1,1,0.00053205639797818572,0,nan,nan,nan,nan,nan,nan,0,0,0,0,0,nan,0.29874966746475129,-0.0076738434227631392,-9.4788009186082722e-05,0.019503571229135642,0,0.029742622856242757
208,7,14,0.24667683023477741,0.060849458574677197,-1,-1,3,1,1,3759,0.014496458045300141,0.076006762425723157,0.061510304380423014,0,0.10000000000000001,0.10000000000000001,0.19278251183986758,0,0,1,1,0.00053205639797818572,0,nan,nan,nan,nan,nan,nan,0,0,0,0,0,nan,0.29874966746475129,-0.0076738434227631392,-9.4788009186082722e-05,0.0068432896471701471,0,0.029742622856242757
209,14,7,0.24667683023477741,0.060849458574677197,1,1,1,0,1,2661,0.0048273358282483461,0.062432050529172098,0.057604714700923751,0,0.10000000000000001,0.10000000000000001,0.13334921330060123,0,0,1,1,0.00075159714393085303,1399,0.020333555703802533,0.061838323755295688,0.041504768051493154,0.0028251263923108842,0.05136757838559039,0.048542451993279508,0.068346236212481593,0,0,0,0,0,0.52762119503945881,-3.7065110950620895e-05,0.00059905972052658467,0.0086133821830467489,0,0.0035783474678345393
209,14,7,0.24667683023477741,0.060849458574677197,1,1,3,1,1,2655,0.014496458045300141,0.076006762425723157,0.061510304380423014,0,0.10000000000000001,0.10000000000000001,0.12569050689945482,0,0,1,1,0.00075329566854990583,1214,0.024176117411607738,0.059860528112314917,0.03568441070070718,0.0038410275529449679,0.040160106737825219,0.036319079184880254,0.052752974796969949,0,0,0,0,0,0.88474576271186445,-0.0076738434227631392,0.00059905972052658467,0.035997735248989388,0,0.024465688086992954
209,14,7,0.24667683023477741,0.060849458574677197,1,-1,1,0,1,9,0.024590542694644751,0.024716141641199233,0.0001255989465544817,0.0039994239625382351,0.0040496424422782722,5.021847974003707e-05,0.00030200846626206199,0,0,0,0,0,9,0.024590542694644751,0.024716141641199233,0.0001255989465544817,0.0039994239625382351,0.0040496424422782722,5.021847974003707e-05,0.00030200846626206199,0,0,0,0,0,1,6.0786294231695822e-07,1.0467092558228178e-05,0.0023534100730963022,0.00076143478546642992,-2.3191317300732328e-06
209,14,7,0.24667683023477741,0.060849458574677197,1,-1,1,0,2,11,0.02475955631146274,0.024933208253779933,0.00017365194231719339,0.004064824678011154,0.0041344508559037624,6.9626177892608346e-05,0.00041673048039286641,0,0,0,0,0,11,0.02475955631146274,0.024933208253779933,0.00017365194231719339,0.004064824678011154,0.0041344508559037624,6.9626177892608346e-05,0.00041673048039286641,0,0,0,0,0,1,8.3663190911538302e-07,1.4570845443410285e-05,0.002836252733882379,0.00088494622254649638,-3.1325192671972521e-06
209,14,7,0.24667683023477741,0.060849458574677197,1,-1,1,0,3,2337,0.024927381408704586,0.059456292051074978,0.034528910642370389,0.0041301691401412601,0.038862631483217017,0.034732462343075754,0.10271521629550011,0,0,0,0,0,1321,0.024927381408704586,0.059456292051074978,0.034528910642370389,0.0041301691401412601,0.038862631483217017,0.034732462343075754,0.10112684479224986,0,0,0,0,0,0.56525459991442017,-1.245871438235375e-05,0.00059905972052658467,0.0096167923564275427,0,0.00010391763749862792
209,14,7,0.24667683023477741,0.060849458574677197,1,-1,1,0,4,9,0.05950655678236004,0.059562059162147601,5.5502379787561451e-05,0.039020956790536111,0.039190305441913501,0.00016934865137738925,0.00039595288973498819,0,0,0,0,0,6,0.05950655678236004,0.059561440599956585,5.4883817596544648e-05,0.039026017344896594,0.039190305441913501,0.00016428809701690694,0.00027026810656223521,0,0,0,0,0,0.66666666666666663,-3.3905790248522417e-06,7.5709624903894394e-05,0.0050725538154601955,0,1.4231210169777389e-05
209,14,7,0.24667683023477741,0.060849458574677197,1,-1,3,1,1,2655,0.014496458045300141,0.076006762425723157,0.061510304380423014,0,0.10000000000000001,0.10000000000000001,0.12569050689945482,0,0,1,1,0.00075329566854990583,1214,0.024176117411607738,0.059860528112314917,0.03568441070070718,0.0038410275529449679,0.040160106737825219,0.036319079184880254,0.052752974796969949,0,0,0,0,0,0.88474576271186445,-0.0076738434227631392,0.00059905972052658467,0.018069282963022334,0,0.024465688086992954
209,14,7,0.24667683023477741,0.060849458574677197,-1,1,1,0,1,166,0,0.0048679566859741756,0.0048679566859741756,0,0.0048840259777751024,0.0048840259777751024,0.0068988202244716634,1,0,1,0,0.012048192771084338,0,nan,nan,nan,nan,nan,nan,0,0,0,0,0,nan,0.012048192771084338,-1.7633527575613918e-07,3.5055347315637983e-07,4.5448937269022644e-07,0,0.00021397724660812131
209,14,7,0.24667683023477741,0.060849458574677197,-1,1,3,1,1,3759,0.014496458045300141,0.076006762425723157,0.061510304380423014,0,0.10000000000000001,0.10000000000000001,0.19278251183986758,0,0,1,1,0.00053205639797818572,0,nan,nan,nan,nan,nan,nan,0,0,0,0,0,nan,0.29874966746475129,-0.0076738434227631392,-9.4788009186082722e-05,0.019503571229135642,0,0.029742622856242757
209,14,7,0.24667683023477741,0.060849458574677197,-1,-1,3,1,1,3759,0.014496458045300141,0.076006762425723157,0.061510304380423014,0,0.10000000000000001,0.10000000000000001,0.19278251183986758,0,0,1,1,0.00053205639797818572,0,nan,nan,nan,nan,nan,nan,0,0,0,0,0,nan,0.29874966746475129,-0.0076738434227631392,-9.4788009186082722e-05,0.0068432896471701471,0,0.029742622856242757
210,5,15,0.249081809965922,0.062041748055899675,1,1,1,0,1,2659,0.0049193283767561529,0.062430908914054208,0.057511580537298053,0,0.10000000000000001,0.10000000000000001,0.13332549747929556,0,0,1,1,0.00075216246709289205,1389,0.02086724482988659,0.061728723562976678,0.040861478733090088,0.0029639998165114159,0.050433622414943292,0.047469622598431876,0.066940731183251875,0,0,0,0,0,0.52388115833019933,-3.668687364321318e-05,0.00057448050482141497,0.0083038275118590462,0,0.0036111809132220582
210,5,15,0.249081809965922,0.062041748055899675,1,1,3,1,1,2653,0.014779140359080402,0.076107785678217119,0.061328645319136718,0,0.10000000000000001,0.10000000000000001,0.12550222589220314,0,0,1,1,0.0007538635506973238,1188,0.024763175450300198,0.059695199048738962,0.034932023598438763,0.0040278259505383187,0.039559706470980657,0.035531880520442337,0.051550396026903186,0,0,0,0,0,0.87938183188842822,-0.0077285713807523073,0.00057448050482141497,0.035879054892236938,0,0.024661900062571362
210,5,15,0.249081809965922,0.062041748055899675,1,-1,1,0,1,2301,0.025366174619023449,0.059349002792315038,0.033982828173291589,0.0042651634700164968,0.038479030049804006,0.034213866579787505,0.10105403495584564,0,0,0,0,0,1308,0.025366174619023449,0.059348485630877877,0.033982311011854428,0.0042651634700164968,0.038479030049804006,0.034213866579787505,0.099539715377232579,0,0,0,0,0,0.56844850065189045,-1.1235029361004191e-05,0.00057448050482141497,0.009419151958300797,0,9.6737148052453102e-05
210,5,15,0.249081809965922,0.062041748055899675,1,-1,1,0,2,9,0.059350561981224022,0.059401852709705674,5.1290728481652448e-05,0.038487052047542873,0.03863869337996427,0.00015164133242139693,0.00035580684813215572,0,0,0,0,0,9,0.059350561981224022,0.059401852709705674,5.1290728481652448e-05,0.038487052047542873,0.03863869337996427,0.00015164133242139693,0.00035580684813215572,0,0,0,0,0,1,3.9328776788231828e-06,7.3938424676011109e-05,0.0058609384047420268,0.0019495070994289803,-1.5202311722895985e-05
210,5,15,0.249081809965922,0.062041748055899675,1,-1,3,1,1,2653,0.014779140359080402,0.076107785678217119,0.061328645319136718,0,0.10000000000000001,0.10000000000000001,0.12550222589220314,0,0,1,1,0.0007538635506973238,1188,0.024763175450300198,0.059695199048738962,0.034932023598438763,0.0040278259505383187,0.039559706470980657,0.035531880520442337,0.051550396026903186,0,0,0,0,0,0.87938183188842822,-0.0077285713807523073,0.00057448050482141497,0.017799154692208091,0,0.024661900062571362
210,5,15,0.249081809965922,0.062041748055899675,-1,1,1,0,1,169,0,0.0049633398444719739,0.0049633398444719739,0,0.00498005090189527,0.00498005090189527,0.0070344620270581092,1,0,1,0,0.011834319526627219,0,nan,nan,nan,nan,nan,nan,0,0,0,0,0,nan,0.011834319526627219,-1.4646292415462499e-08,2.3357406672056788e-07,7.3988094253844424e-07,0,0.00022245938996154737
210,5,15,0.249081809965922,0.062041748055899675,-1,1,3,1,1,3759,0.014779140359080402,0.076107785678217119,0.061328645319136718,0,0.10000000000000001,0.10000000000000001,0.19249547423326513,0,0,1,1,0.00053205639797818572,0,nan,nan,nan,nan,nan,nan,0,0,0,0,0,nan,0.30220803405160945,-0.0077285713807523073,-9.8538969646892304e-05,0.019633419145982017,0,0.029534284054814203
210,5,15,0.249081809965922,0.062041748055899675,-1,-1,3,1,1,3759,0.014779140359080402,0.076107785678217119,0.061328645319136718,0,0.10000000000000001,0.10000000000000001,0.19249547423326513,0,0,1,1,0.00053205639797818572,0,nan,nan,nan,nan,nan,nan,0,0,0,0,0,nan,0.30220803405160945,-0.0077285713807523073,-9.8538969646892304e-05,0.0068742941606178779,0,0.029534284054814203
211,15,5,0.249081809965922,0.062041748055899675,1,1,1,0,1,2659,0.0049193283767561529,0.062430908914054208,0.057511580537298053,0,0.10000000000000001,0.10000000000000001,0.13332549747929556,0,0,1,1,0.00075216246709289205,1389,0.02086724482988659,0.061728723562976678,0.040861478733090088,0.0029639998165114159,0.050433622414943292,0.047469622598431876,0.066940731183251875,0,0,0,0,0,0.52388115833019933,-3.668687364321318e-05,0.00057448050482141497,0.0083038275118590462,0,0.0036111809132220582
211,15,5,0.249081809965922,0.062041748055899675,1,1,3,1,1,2653,0.014779140359080402,0.076107785678217119,0.061328645319136718,0,0.10000000000000001,0.10000000000000001,0.12550222589220314,0,0,1,1,0.0007538635506973238,1188,0.024763175450300198,0.059695199048738962,0.034932023598438763,0.0040278259505383187,0.039559706470980657,0.035531880520442337,0.051550396026903186,0,0,0,0,0,0.87938183188842822,-0.0077285713807523073,0.00057448050482141497,0.035879054892236938,0,0.024661900062571362
211,15,5,0.249081809965922,0.062041748055899675,1,-1,1,0,1,2301,0.025366174619023449,0.059349002792315038,0.033982828173291589,0.0042651634700164968,0.038479030049804006,0.034213866579787505,0.10105403495584564,0,0,0,0,0,1308,0.025366174619023449,0.059348485630877877,0.033982311011854428,0.0042651634700164968,0.038479030049804006,0.034213866579787505,0.099539715377232579,0,0,0,0,0,0.56844850065189045,-1.1235029361004191e-05,0.00057448050482141497,0.009419151958300797,0,9.6737148052453102e-05
211,15,5,0.249081809965922,0.062041748055899675,1,-1,1,0,2,9,0.059350561981224022,0.059401852709705674,5.1290728481652448e-05,0.038487052047542873,0.03863869337996427,0.00015164133242139693,0.00035580684813215572,0,0,0,0,0,9,0.059350561981224022,0.059401852709705674,5.1290728481652448e-05,0.038487052047542873,0.03863869337996427,0.00015164133242139693,0.00035580684813215572,0,0,0,0,0,1,3.9328776788231828e-06,7.3938424676011109e-05,0.0058609384047420268,0.0019495070994289803,-1.5202311722895985e-05
211,15,5,0.249081809965922,0.062041748055899675,1,-1,3,1,1,2653,0.014779140359080402,0.076107785678217119,0.061328645319136718,0,0.10000000000000001,0.10000000000000001,0.12550222589220314,0,0,1,1,0.0007538635506973238,1188,0.024763175450300198,0.059695199048738962,0.034932023598438763,0.0040278259505383187,0.039559706470980657,0.035531880520442337,0.051550396026903186,0,0,0,0,0,0.87938183188842822,-0.0077285713807523073,0.00057448050482141497,0.017799154692208091,0,0.024661900062571362
211,15,5,0.249081809965922,0.062041748055899675,-1,1,1,0,1,169,0,0.0049633398444719739,0.0049633398444719739,0,0.00498005090189527,0.00498005090189527,0.0070344620270581092,1,0,1,0,0.011834319526627219,0,nan,nan,nan,nan,nan,nan,0,0,0,0,0,nan,0.011834319526627219,-1.4646292415462499e-08,2.3357406672056788e-07,7.3988094253844424e-07,0,0.00022245938996154737
211,15,5,0.249081809965922,0.062041748055899675,-1,1,3,1,1,3759,0.014779140359080402,0.076107785678217119,0.061328645319136718,0,0.10000000000000001,0.10000000000000001,0.19249547423326513,0,0,1,1,0.00053205639797818572,0,nan,nan,nan,nan,nan,nan,0,0,0,0,0,nan,0.30220803405160945,-0.0077285713807523073,-9.8538969646892304e-05,0.019633419145982017,0,0.029534284054814203
211,15,5,0.249081809965922,0.062041748055899675,-1,-1,3,1,1,3759,0.014779140359080402,0.076107785678217119,0.061328645319136718,0,0.10000000000000001,0.10000000000000001,0.19249547423326513,0,0,1,1,0.00053205639797818572,0,nan,nan,nan,nan,nan,nan,0,0,0,0,0,nan,0.30220803405160945,-0.0077285713807523073,-9.8538969646892304e-05,0.0068742941606178779,0,0.029534284054814203
212,9,13,0.24924880959285775,0.062124969083456653,1,1,1,0,1,2659,0.0049257575495463557,0.062430835170926707,0.057505077621380352,0,0.10000000000000001,0.10000000000000001,0.13332727994599941,0,0,1,1,0.00075216246709289205,1386,0.02086724482988659,0.061728536809933413,0.040861291980046822,0.0029641858889778321,0.050433622414943292,0.047469436525965462,0.066948630481649396,0,0,0,0,0,0.52312899586310646,-3.7231313964470636e-05,0.00057276973658879136,0.0082793157016166057,0,0.003613508228361725
212,9,13,0.24924880959285775,0.062124969083456653,1,1,3,1,1,2651,0.014798879104366971,0.076114842836342178,0.061315963731975204,0,0.10000000000000001,0.10000000000000001,0.12548968832601526,0,0,1,1,0.00075443228970199924,1187,0.024816544362908605,0.059696491196853024,0.034879946833944422,0.0040459634375202367,0.03955970647098065,0.035513743033460415,0.051496884112744397,0,0,0,0,0,0.88004526593738208,-0.0077323942040427749,0.00057276973658879136,0.035890928343607499,0,0.024675609635405868
212,9,13,0.24924880959285775,0.062124969083456653,1,-1,1,0,1,9,0.025373630003732599,0.025532430253408952,0.00015880024967635312,0.0042654238264704658,0.0043251332536487072,5.9709427178241369e-05,0.00036668633229825068,0,0,0,0,0,9,0.025373630003732599,0.025532430253408952,0.00015880024967635312,0.0042654238264704658,0.0043251332536487072,5.9709427178241369e-05,0.00036668633229825068,0,0,0,0,0,1,1.7440775002154827e-06,1.4233933291167497e-05,0.0028494735718887511,0.0013034480874198756,-6.7959076663941262e-06
212,9,13,0.24924880959285775,0.062124969083456653,1,-1,1,0,2,2293,0.025537428546800658,0.059348929565324254,0.033811501018523593,0.0043282052873736682,0.038474696591858232,0.034146491304484564,0.10067558189422322,0,0,0,0,0,1300,0.025537428546800658,0.05934839137864012,0.033810962831839458,0.0043282052873736682,0.038474696591858232,0.034146491304484564,0.099200331508214515,0,0,0,0,0,0.56694286960314,-1.1145461671292527e-05,0.00057276973658879136,0.0094211665575280913,0,9.6241405661068934e-05
212,9,13,0.24924880959285775,0.062124969083456653,1,-1,1,0,3,9,0.059351973371215991,0.059401778465585323,4.9805094369331782e-05,0.038487281015174631,0.038634325105496838,0.000147044090322207,0.00034517921146921875,0,0,0,0,0,9,0.059351973371215991,0.059401778465585323,4.9805094369331782e-05,0.038487281015174631,0.038634325105496838,0.000147044090322207,0.00034517921146921875,0,0,0,0,0,1,3.4159673059045112e-06,7.147999942880916e-05,0.0057442294886318112,0.0018141730384631288,-1.3164895253946164e-05
212,9,13,0.24924880959285775,0.062124969083456653,1,-1,3,1,1,2651,0.014798879104366971,0.076114842836342178,0.061315963731975204,0,0.10000000000000001,0.10000000000000001,0.12548968832601526,0,0,1,1,0.00075443228970199924,1187,0.024816544362908605,0.059696491196853024,0.034879946833944422,0.0040459634375202367,0.03955970647098065,0.035513743033460415,0.051496884112744397,0,0,0,0,0,0.88004526593738208,-0.0077323942040427749,0.00057276973658879136,0.017791815480743094,0,0.024675609635405868
212,9,13,0.24924880959285775,0.062124969083456653,-1,1,1,0,1,169,0,0.0049699975266765317,0.0049699975266765317,0,0.0049867536580601793,0.0049867536580601793,0.0070439557939047026,1,0,1,0,0.011834319526627219,0,nan,nan,nan,nan,nan,nan,0,0,0,0,0,nan,0.017751479289940829,-1.0924360231025476e-07,4.4087286052519399e-07,7.0552013409279102e-07,0,0.00022305760295827611
212,9,13,0.24924880959285775,0.062124969083456653,-1,1,3,1,1,3755,0.014798879104366971,0.076114842836342178,0.061315963731975204,0,0.10000000000000001,0.10000000000000001,0.19243798634122536,0,0,1,1,0.00053262316910785616,0,nan,nan,nan,nan,nan,nan,0,0,0,0,0,nan,0.3022636484687084,-0.0077323942040427749,-9.8803501660683408e-05,0.019657579230064223,0,0.029519740906865963
212,9,13,0.24924880959285775,0.062124969083456653,-1,-1,3,1,1,3755,0.014798879104366971,0.076114842836342178,0.061315963731975204,0,0.10000000000000001,0.10000000000000001,0.19243798634122536,0,0,1,1,0.00053262316910785616,0,nan,nan,nan,nan,nan,nan,0,0,0,0,0,nan,0.3022636484687084,-0.0077323942040427749,-9.8803501660683408e-05,0.0068816059674611102,0,0.029519740906865963
213,13,9,0.24924880959285775,0.062124969083456653,1,1,1,0,1,2659,0.0049257575495463557,0.062430835170926707,0.057505077621380352,0,0.10000000000000001,0.10000000000000001,0.13332727994599941,0,0,1,1,0.00075216246709289205,1386,0.02086724482988659,0.061728536809933413,0.040861291980046822,0.0029641858889778321,0.050433622414943292,0.047469436525965462,0.066948630481649396,0,0,0,0,0,0.52312899586310646,-3.7231313964470636e-05,0.00057276973658879136,0.0082793157016166057,0,0.003613508228361725
213,13,9,0.24924880959285775,0.062124969083456653,1,1,3,1,1,2651,0.014798879104366971,0.076114842836342178,0.061315963731975204,0,0.10000000000000001,0.10000000000000001,0.12548968832601526,0,0,1,1,0.00075443228970199924,1187,0.024816544362908605,0.059696491196853024,0.034879946833944422,0.0040459634375202367,0.03955970647098065,0.035513743033460415,0.051496884112744397,0,0,0,0,0,0.88004526593738208,-0.0077323942040427749,0.00057276973658879136,0.035890928343607499,0,0.024675609635405868
213,13,9,0.24924880959285775,0.062124969083456653,1,-1,1,0,1,9,0.025373630003732599,0.025532430253408952,0.00015880024967635312,0.0042654238264704658,0.0043251332536487072,5.9709427178241369e-05,0.00036668633229825068,0,0,0,0,0,9,0.025373630003732599,0.025532430253408952,0.00015880024967635312,0.0042654238264704658,0.0043251332536487072,5.9709427178241369e-05,0.00036668633229825068,0,0,0,0,0,1,1.7440775002154827e-06,1.4233933291167497e-05,0.0028494735718887511,0.0013034480874198756,-6.7959076663941262e-06
213,13,9,0.24924880959285775,0.062124969083456653,1,-1,1,0,2,2293,0.025537428546800658,0.059348929565324254,0.033811501018523593,0.0043282052873736682,0.038474696591858232,0.034146491304484564,0.10067558189422322,0,0,0,0,0,1300,0.025537428546800658,0.05934839137864012,0.033810962831839458,0.0043282052873736682,0.038474696591858232,0.034146491304484564,0.099200331508214515,0,0,0,0,0,0.56694286960314,-1.1145461671292527e-05,0.00057276973658879136,0.0094211665575280913,0,9.6241405661068934e-05
213,13,9,0.24924880959285775,0.062124969083456653,1,-1,1,0,3,9,0.059351973371215991,0.059401778465585323,4.9805094369331782e-05,0.038487281015174631,0.038634325105496838,0.000147044090322207,0.00034517921146921875,0,0,0,0,0,9,0.059351973371215991,0.059401778465585323,4.9805094369331782e-05,0.038487281015174631,0.038634325105496838,0.000147044090322207,0.00034517921146921875,0,0,0,0,0,1,3.4159673059045112e-06,7.147999942880916e-05,0.0057442294886318112,0.0018141730384631288,-1.3164895253946164e-05
213,13,9,0.24924880959285775,0.062124969083456653,1,-1,3,1,1,2651,0.014798879104366971,0.076114842836342178,0.061315963731975204,0,0.10000000000000001,0.10000000000000001,0.12548968832601526,0,0,1,1,0.00075443228970199924,1187,0.024816544362908605,0.059696491196853024,0.034879946833944422,0.0040459634375202367,0.03955970647098065,0.035513743033460415,0.051496884112744397,0,0,0,0,0,0.88004526593738208,-0.0077323942040427749,0.00057276973658879136,0.017791815480743094,0,0.024675609635405868
213,13,9,0.24924880959285775,0.062124969083456653,-1,1,1,0,1,169,0,0.0049699975266765317,0.0049699975266765317,0,0.0049867536580601793,0.0049867536580601793,0.0070439557939047026,1,0,1,0,0.011834319526627219,0,nan,nan,nan,nan,nan,nan,0,0,0,0,0,nan,0.017751479289940829,-1.0924360231025476e-07,4.4087286052519399e-07,7.0552013409279102e-07,0,0.00022305760295827611
213,13,9,0.24924880959285775,0.062124969083456653,-1,1,3,1,1,3755,0.014798879104366971,0.076114842836342178,0.061315963731975204,0,0.10000000000000001,0.10000000000000001,0.19243798634122536,0,0,1,1,0.00053262316910785616,0,nan,nan,nan,nan,nan,nan,0,0,0,0,0,nan,0.3022636484687084,-0.0077323942040427749,-9.8803501660683408e-05,0.019657579230064223,0,0.029519740906865963
213,13,9,0.24924880959285775,0.062124969083456653,-1,-1,3,1,1,3755,0.014798879104366971,0.076114842836342178,0.061315963731975204,0,0.10000000000000001,0.10000000000000001,0.19243798634122536,0,0,1,1,0.00053262316910785616,0,nan,nan,nan,nan,nan,nan,0,0,0,0,0,nan,0.3022636484687084,-0.0077323942040427749,-9.8803501660683408e-05,0.0068816059674611102,0,0.029519740906865963
214,0,16,0.25191941013543512,0.063463389202985568,1,1,1,0,1,2657,0.0050292520313331042,0.062429742818242123,0.057400490786909023,0,0.10000000000000001,0.10000000000000001,0.13329507507526206,0,0,1,1,0.00075272864132480243,1350,0.021561040693795865,0.061676559715992514,0.04011551902219665,0.0031498219453846045,0.050033355570380252,0.046883533624995644,0.065859554585897359,0,0,0,0,0,0.50997365449755361,-3.5944873091408436e-05,0.00054527351596726434,0.0079015950409606975,0,0.0036515489459283406
214,0,16,0.25191941013543512,0.063463389202985568,1,1,3,1,1,2647,0.01511484961818696,0.076228393106700848,0.061113543488513888,0,0.10000000000000001,0.10000000000000001,0.12528461170946981,0,0,1,1,0.00075557234605213447,1160,0.025456971314209473,0.0595275216927054,0.034070550378495927,0.0042545359463078483,0.038959306204136089,0.034704770257828241,0.050239683910358796,0,0,0,0,0,0.87457499055534571,-0.0077939068619131595,0.00054527351596726434,0.035773095218630709,0,0.02489628218502243
214,0,16,0.25191941013543512,0.063463389202985568,1,-1,1,0,1,9,0.02581900819008745,0.025942132376930584,0.00012312418684313348,0.0043998395663372323,0.00445185780784986,5.2018241512627635e-05,0.00030123473835805389,0,0,0,0,0,7,0.02581900819008745,0.025937291527685122,0.00011828333759767232,0.0044009409413695673,0.00445185780784986,5.0916866480292707e-05,0.00026670852082676848,0,0,0,0,0,0.77777777777777779,-4.8987406085592138e-07,9.986918841714868e-06,0.0020841678410967483,0,2.0743640504127683e-06
214,0,16,0.25191941013543512,0.063463389202985568,1,-1,1,0,2,9,0.025980035554947357,0.026115564077039143,0.00013552852209178581,0.0044661044346419113,0.0045185136358493177,5.2409201207406428e-05,0.00031519460103748571,0,0,0,0,0,9,0.025980035554947357,0.026115564077039143,0.00013552852209178581,0.0044661044346419113,0.0045185136358493177,5.2409201207406428e-05,0.00031519460103748571,0,0,0,0,0,1,2.0481506670085373e-06,1.3115066752044768e-05,0.0028356003843272148,0.0014193251633192114,-8.0579356769244236e-06
214,0,16,0.25191941013543512,0.063463389202985568,1,-1,1,0,3,2237,0.026139993266113201,0.059135422743094697,0.032995429476981496,0.0045313263120622784,0.037781959761544609,0.033250633449482328,0.097987283543184311,0,0,0,0,0,1276,0.026139993266113201,0.059135422743094697,0.032995429476981496,0.0045313263120622784,0.037781959761544609,0.033250633449482328,0.096600290871266536,0,0,0,0,0,0.57040679481448364,-1.0791370962524573e-05,0.00054527351596726434,0.0092146924165825688,0,9.0168321147390468e-05
214,0,16,0.25191941013543512,0.063463389202985568,1,-1,3,1,1,2647,0.01511484961818696,0.076228393106700848,0.061113543488513888,0,0.10000000000000001,0.10000000000000001,0.12528461170946981,0,0,1,1,0.00075557234605213447,1160,0.025456971314209473,0.0595275216927054,0.034070550378495927,0.0042545359463078483,0.038959306204136089,0.034704770257828241,0.050239683910358796,0,0,0,0,0,0.87457499055534571,-0.0077939068619131595,0.00054527351596726434,0.017497774051278316,0,0.02489628218502243
214,0,16,0.25191941013543512,0.063463389202985568,-1,1,1,0,1,173,0,0.0050770711362388456,0.0050770711362388456,0,0.0050945638213090016,0.0050945638213090016,0.0071970080660422389,1,0,1,0,0.011560693641618497,0,nan,nan,nan,nan,nan,nan,0,0,0,0,0,nan,0.017341040462427744,-1.046057489916883e-07,3.7225985221621053e-07,7.510113503171865e-07,0,0.00023278941145925467
214,0,16,0.25191941013543512,0.063463389202985568,-1,1,3,1,1,3745,0.01511484961818696,0.076228393106700848,0.061113543488513888,0,0.10000000000000001,0.10000000000000001,0.1920357421319874,0,0,1,1,0.00053404539385847798,0,nan,nan,nan,nan,nan,nan,0,0,0,0,0,nan,0.30493991989319091,-0.0077939068619131595,-0.00010310660528971838,0.01984213213273163,0,0.029285541799495936
214,0,16,0.25191941013543512,0.063463389202985568,-1,-1,3,1,1,3745,0.01511484961818696,0.076228393106700848,0.061113543488513888,0,0.10000000000000001,0.10000000000000001,0.1920357421319874,0,0,1,1,0.00053404539385847798,0,nan,nan,nan,nan,nan,nan,0,0,0,0,0,nan,0.30493991989319091,-0.0077939068619131595,-0.00010310660528971838,0.0069282968149868883,0,0.029285541799495936
215,16,0,0.25191941013543512,0.063463389202985568,1,1,1,0,1,2657,0.0050292520313331042,0.062429742818242123,0.057400490786909023,0,0.10000000000000001,0.10000000000000001,0.13329507507526206,0,0,1,1,0.00075272864132480243,1350,0.021561040693795865,0.061676559715992514,0.04011551902219665,0.0031498219453846045,0.050033355570380252,0.046883533624995644,0.065859554585897359,0,0,0,0,0,0.50997365449755361,-3.5944873091408436e-05,0.00054527351596726434,0.0079015950409606975,0,0.0036515489459283406
215,16,0,0.25191941013543512,0.063463389202985568,1,1,3,1,1,2647,0.01511484961818696,0.076228393106700848,0.061113543488513888,0,0.10000000000000001,0.10000000000000001,0.12528461170946981,0,0,1,1,0.00075557234605213447,1160,0.025456971314209473,0.0595275216927054,0.034070550378495927,0.0042545359463078483,0.038959306204136089,0.034704770257828241,0.050239683910358796,0,0,0,0,0,0.87457499055534571,-0.0077939068619131595,0.00054527351596726434,0.035773095218630709,0,0.02489628218502243
215,16,0,0.25191941013543512,0.063463389202985568,1,-1,1,0,1,9,0.02581900819008745,0.025942132376930584,0.00012312418684313348,0.0043998395663372323,0.00445185780784986,5.2018241512627635e-05,0.00030123473835805389,0,0,0,0,0,7,0.02581900819008745,0.025937291527685122,0.00011828333759767232,0.0044009409413695673,0.00445185780784986,5.0916866480292707e-05,0.00026670852082676848,0,0,0,0,0,0.77777777777777779,-4.8987406085592138e-07,9.986918841714868e-06,0.0020841678410967483,0,2.0743640504127683e-06
215,16,0,0.25191941013543512,0.063463389202985568,1,-1,1,0,2,9,0.025980035554947357,0.026115564077039143,0.00013552852209178581,0.0044661044346419113,0.0045185136358493177,5.2409201207406428e-05,0.00031519460103748571,0,0,0,0,0,9,0.025980035554947357,0.026115564077039143,0.00013552852209178581,0.0044661044346419113,0.0045185136358493177,5.2409201207406428e-05,0.00031519460103748571,0,0,0,0,0,1,2.0481506670085373e-06,1.3115066752044768e-05,0.0028356003843272148,0.0014193251633192114,-8.0579356769244236e-06
215,16,0,0.25191941013543512,0.063463389202985568,1,-1,1,0,3,2237,0.026139993266113201,0.059135422743094697,0.032995429476981496,0.0045313263120622784,0.037781959761544609,0.033250633449482328,0.097987283543184311,0,0,0,0,0,1276,0.026139993266113201,0.059135422743094697,0.032995429476981496,0.0045313263120622784,0.037781959761544609,0.033250633449482328,0.096600290871266536,0,0,0,0,0,0.57040679481448364,-1.0791370962524573e-05,0.00054527351596726434,0.0092146924165825688,0,9.0168321147390468e-05
215,16,0,0.25191941013543512,0.063463389202985568,1,-1,3,1,1,2647,0.01511484961818696,0.076228393106700848,0.061113543488513888,0,0.10000000000000001,0.10000000000000001,0.12528461170946981,0,0,1,1,0.00075557234605213447,1160,0.025456971314209473,0.0595275216927054,0.034070550378495927,0.0042545359463078483,0.038959306204136089,0.034704770257828241,0.050239683910358796,0,0,0,0,0,0.87457499055534571,-0.0077939068619131595,0.00054527351596726434,0.017497774051278316,0,0.02489628218502243
215,16,0,0.25191941013543512,0.063463389202985568,-1,1,1,0,1,173,0,0.0050770711362388456,0.0050770711362388456,0,0.0050945638213090016,0.0050945638213090016,0.0071970080660422389,1,0,1,0,0.011560693641618497,0,nan,nan,nan,nan,nan,nan,0,0,0,0,0,nan,0.017341040462427744,-1.046057489916883e-07,3.7225985221621053e-07,7.510113503171865e-07,0,0.00023278941145925467
215,16,0,0.25191941013543512,0.063463389202985568,-1,1,3,1,1,3745,0.01511484961818696,0.076228393106700848,0.061113543488513888,0,0.10000000000000001,0.10000000000000001,0.1920357421319874,0,0,1,1,0.00053404539385847798,0,nan,nan,nan,nan,nan,nan,0,0,0,0,0,nan,0.30493991989319091,-0.0077939068619131595,-0.00010310660528971838,0.01984213213273163,0,0.029285541799495936
215,16,0,0.25191941013543512,0.063463389202985568,-1,-1,3,1,1,3745,0.01511484961818696,0.076228393106700848,0.061113543488513888,0,0.10000000000000001,0.10000000000000001,0.1920357421319874,0,0,1,1,0.00053404539385847798,0,nan,nan,nan,nan,nan,nan,0,0,0,0,0,nan,0.30493991989319091,-0.0077939068619131595,-0.00010310660528971838,0.0069282968149868883,0,0.029285541799495936
216,1,16,0.25241356969796808,0.063712610167670991,1,1,1,0,1,2657,0.0050485477583735311,0.062429557715079867,0.057381009956706336,0,0.10000000000000001,0.10000000000000001,0.13326111914438468,0,0,1,1,0.00075272864132480243,1352,0.021561040693795865,0.061625628503619231,0.040064587809823367,0.0031521577405051199,0.049633088725817211,0.046480930985312092,0.065447070715371494,0,0,0,0,0,0.51072638313887841,-3.5029612848561544e-05,0.00054016771777242747,0.0078384466128633302,0,0.0036587561436789741
216,1,16,0.25241356969796808,0.063712610167670991,1,1,3,1,1,2646,0.015173521443550116,0.076249551935011567,0.061076030491461451,0,0.10000000000000001,0.10000000000000001,0.12524777445966703,0,0,1,1,0.00075585789871504159,1154,0.025563709139426283,0.059488479748410837,0.03392477060898455,0.0042889095298764808,0.038825883922615073,0.03453697439273859,0.049995938525345653,0,0,0,0,0,0.87452758881330306,-0.0078053690043868038,0.00054016771777242747,0.035738894193568502,0,0.024937416774036936
216,1,16,0.25241356969796808,0.063712610167670991,1,-1,1,0,1,9,0.026161957270329723,0.026320779332540904,0.00015882206221118009,0.0045320787931786583,0.0045988943273046201,6.6815534125961792e-05,0.00038461192603666438,0,0,0,0,0,9,0.026161957270329723,0.026320779332540904,0.00015882206221118009,0.0045320787931786583,0.0045988943273046201,6.6815534125961792e-05,0.00038461192603666438,0,0,0,0,0,1,1.3706273491850674e-06,1.494077111941139e-05,0.0028017879389962853,0.0011505900146926858,-5.2954295276420605e-06
216,1,16,0.25241356969796808,0.063712610167670991,1,-1,1,0,2,2219,0.026320758463696626,0.059082380521329539,0.032761622057632916,0.0045973879251472172,0.037616938002173486,0.033019550077026269,0.097230348517905713,0,0,0,0,0,1266,0.026320758463696626,0.059081928817365972,0.03276117035366935,0.0045973879251472172,0.037616938002173486,0.033019550077026269,0.095856160849275812,0,0,0,0,0,0.57052726453357372,-1.077431950605453e-05,0.00054016771777242747,0.0091979234065951918,0,8.9166647196343182e-05
216,1,16,0.25241356969796808,0.063712610167670991,1,-1,1,0,3,9,0.059082183798960151,0.05913516910726771,5.2985308307558487e-05,0.037618800225353508,0.037768852243619658,0.00015005201826615022,0.00035389862696717821,0,0,0,0,0,9,0.059082183798960151,0.05913516910726771,5.2985308307558487e-05,0.037618800225353508,0.037768852243619658,0.00015005201826615022,0.00035389862696717821,0,0,0,0,0,1,9.9498667055617599e-06,7.7549494673254371e-05,0.0064139932628606462,0.0031341214753555116,-3.9290869689138432e-05
216,1,16,0.25241356969796808,0.063712610167670991,1,-1,3,1,1,2646,0.015173521443550116,0.076249551935011567,0.061076030491461451,0,0.10000000000000001,0.10000000000000001,0.12524777445966703,0,0,1,1,0.00075585789871504159,1154,0.025563709139426283,0.059488479748410837,0.03392477060898455,0.0042889095298764808,0.038825883922615073,0.03453697439273859,0.049995938525345653,0,0,0,0,0,0.87452758881330306,-0.0078053690043868038,0.00054016771777242747,0.017440005745352368,0,0.024937416774036936
216,1,16,0.25241356969796808,0.063712610167670991,-1,1,1,0,1,173,0,0.0050970088134136803,0.0050970088134136803,0,0.0051146403429124607,0.0051146403429124607,0.0072255974946976546,1,0,1,0,0.011560693641618497,0,nan,nan,nan,nan,nan,nan,0,0,0,0,0,nan,0.011560693641618497,-2.1002262761260612e-07,5.6745655037194001e-08,5.7045766180449953e-07,0,0.00023462455023346768
216,1,16,0.25241356969796808,0.063712610167670991,-1,1,3,1,1,3750,0.015173521443550116,0.076249551935011567,0.061076030491461451,0,0.10000000000000001,0.10000000000000001,0.19211717846127052,0,0,1,1,0.00053333333333333336,0,nan,nan,nan,nan,nan,nan,0,0,0,0,0,nan,0.30613333333333331,-0.0078053690043868038,-0.00010391799537606686,0.019836077727195114,0,0.029241875641152021
216,1,16,0.25241356969796808,0.063712610167670991,-1,-1,3,1,1,3750,0.015173521443550116,0.076249551935011567,0.061076030491461451,0,0.10000000000000001,0.10000000000000001,0.19211717846127052,0,0,1,1,0.00053333333333333336,0,nan,nan,nan,nan,nan,nan,0,0,0,0,0,nan,0.30613333333333331,-0.0078053690043868038,-0.00010391799537606686,0.0069256627203369983,0,0.029241875641152021
217,16,1,0.25241356969796808,0.063712610167670991,1,1,1,0,1,2657,0.0050485477583735311,0.062429557715079867,0.057381009956706336,0,0.10000000000000001,0.10000000000000001,0.13326111914438468,0,0,1,1,0.00075272864132480243,1352,0.021561040693795865,0.061625628503619231,0.040064587809823367,0.0031521577405051199,0.049633088725817211,0.046480930985312092,0.065447070715371494,0,0,0,0,0,0.51072638313887841,-3.5029612848561544e-05,0.00054016771777242747,0.0078384466128633302,0,0.0036587561436789741
217,16,1,0.25241356969796808,0.063712610167670991,1,1,3,1,1,2646,0.015173521443550116,0.076249551935011567,0.061076030491461451,0,0.10000000000000001,0.10000000000000001,0.12524777445966703,0,0,1,1,0.00075585789871504159,1154,0.025563709139426283,0.059488479748410837,0.03392477060898455,0.0042889095298764808,0.038825883922615073,0.03453697439273859,0.049995938525345653,0,0,0,0,0,0.87452758881330306,-0.0078053690043868038,0.00054016771777242747,0.035738894193568502,0,0.024937416774036936
217,16,1,0.25241356969796808,0.063712610167670991,1,-1,1,0,1,9,0.026161957270329723,0.026320779332540904,0.00015882206221118009,0.0045320787931786583,0.0045988943273046201,6.6815534125961792e-05,0.00038461192603666438,0,0,0,0,0,9,0.026161957270329723,0.026320779332540904,0.00015882206221118009,0.0045320787931786583,0.0045988943273046201,6.6815534125961792e-05,0.00038461192603666438,0,0,0,0,0,1,1.3706273491850674e-06,1.494077111941139e-05,0.0028017879389962853,0.0011505900146926858,-5.2954295276420605e-06
217,16,1,0.25241356969796808,0.063712610167670991,1,-1,1,0,2,2219,0.026320758463696626,0.059082380521329539,0.032761622057632916,0.0045973879251472172,0.037616938002173486,0.033019550077026269,0.097230348517905713,0,0,0,0,0,1266,0.026320758463696626,0.059081928817365972,0.03276117035366935,0.0045973879251472172,0.037616938002173486,0.033019550077026269,0.095856160849275812,0,0,0,0,0,0.57052726453357372,-1.077431950605453e-05,0.00054016771777242747,0.0091979234065951918,0,8.9166647196343182e-05
217,16,1,0.25241356969796808,0.063712610167670991,1,-1,1,0,3,9,0.059082183798960151,0.05913516910726771,5.2985308307558487e-05,0.037618800225353508,0.037768852243619658,0.00015005201826615022,0.00035389862696717821,0,0,0,0,0,9,0.059082183798960151,0.05913516910726771,5.2985308307558487e-05,0.037618800225353508,0.037768852243619658,0.00015005201826615022,0.00035389862696717821,0,0,0,0,0,1,9.9498667055617599e-06,7.7549494673254371e-05,0.0064139932628606462,0.0031341214753555116,-3.9290869689138432e-05
217,16,1,0.25241356969796808,0.063712610167670991,1,-1,3,1,1,2646,0.015173521443550116,0.076249551935011567,0.061076030491461451,0,0.10000000000000001,0.10000000000000001,0.12524777445966703,0,0,1,1,0.00075585789871504159,1154,0.025563709139426283,0.059488479748410837,0.03392477060898455,0.0042889095298764808,0.038825883922615073,0.03453697439273859,0.049995938525345653,0,0,0,0,0,0.87452758881330306,-0.0078053690043868038,0.00054016771777242747,0.017440005745352368,0,0.024937416774036936
217,16,1,0.25241356969796808,0.063712610167670991,-1,1,1,0,1,173,0,0.0050970088134136803,0.0050970088134136803,0,0.0051146403429124607,0.0051146403429124607,0.0072255974946976546,1,0,1,0,0.011560693641618497,0,nan,nan,nan,nan,nan,nan,0,0,0,0,0,nan,0.011560693641618497,-2.1002262761260612e-07,5.6745655037194001e-08,5.7045766180449953e-07,0,0.00023462455023346768
217,16,1,0.25241356969796808,0.063712610167670991,-1,1,3,1,1,3750,0.015173521443550116,0.076249551935011567,0.061076030491461451,0,0.10000000000000001,0.10000000000000001,0.19211717846127052,0,0,1,1,0.00053333333333333336,0,nan,nan,nan,nan,nan,nan,0,0,0,0,0,nan,0.30613333333333331,-0.0078053690043868038,-0.00010391799537606686,0.019836077727195114,0,0.029241875641152021
217,16,1,0.25241356969796808,0.063712610167670991,-1,-1,3,1,1,3750,0.015173521443550116,0.076249551935011567,0.061076030491461451,0,0.10000000000000001,0.10000000000000001,0.19211717846127052,0,0,1,1,0.00053333333333333336,0,nan,nan,nan,nan,nan,nan,0,0,0,0,0,nan,0.30613333333333331,-0.0078053690043868038,-0.00010391799537606686,0.0069256627203369983,0,0.029241875641152021
218,2,16,0.25389015528499331,0.064460210950638031,1,1,1,0,1,2656,0.0051064684976808387,0.062429031128245716,0.057322562630564879,0,0.10000000000000001,0.10000000000000001,0.13325828311936624,0,0,1,1,0.00075301204819277112,1326,0.021827885256837889,0.061570955917286369,0.039743070660448479,0.0032278070741234483,0.049232821881254177,0.046005014807130727,0.064798628180699355,0,0,0,0,0,0.50112951807228912,-3.4006521821250624e-05,0.00052484504158219376,0.0076292752329921495,0,0.0036806009443716959
218,2,16,0.25389015528499331,0.064460210950638031,1,1,3,1,1,2644,0.015349597093757755,0.076313051824287242,0.060963454730529484,0,0.10000000000000001,0.10000000000000001,0.12512719812855461,0,0,1,1,0.00075642965204236008,1139,0.025907749721485979,0.059391577989146384,0.033483828267660401,0.0044029352901934623,0.038492328218812537,0.034089392928619074,0.049308197136341048,0,0,0,0,0,0.87065052950075639,-0.0078397679848229117,0.00052484504158219376,0.035664438639263996,0,0.025060893644662526
218,2,16,0.25389015528499331,0.064460210950638031,1,-1,1,0,1,9,0.026386399109994726,0.026527396985261301,0.00014099787526657484,0.0046004590904755024,0.004655611365832711,5.5152275357208541e-05,0.00034202199153033171,0,0,0,0,0,7,0.026386399109994726,0.026524349566377583,0.00013795045638285638,0.0046004590904755024,0.004655611365832711,5.5152275357208541e-05,0.00030914380021067903,0,0,0,0,0,0.77777777777777779,-3.6946764433201358e-07,1.0881151893601341e-05,0.0021944225460644733,0,1.629202799306529e-06
218,2,16,0.25389015528499331,0.064460210950638031,1,-1,1,0,2,9,0.026543863747027628,0.02669660735476485,0.00015274360773722198,0.00466561073516473,0.0047296978807164006,6.4087145551670541e-05,0.00036748105827246814,0,0,0,0,0,9,0.026543863747027628,0.02669660735476485,0.00015274360773722198,0.00466561073516473,0.0047296978807164006,6.4087145551670541e-05,0.00036748105827246814,0,0,0,0,0,1,1.9871364004347362e-06,1.5105548133819677e-05,0.0029072975449450731,0.0013945143611936448,-7.7786812143012756e-06
218,2,16,0.25389015528499331,0.064460210950638031,1,-1,1,0,3,2187,0.026700309375549298,0.058975615653555927,0.032275306278006628,0.0047308819400754031,0.037278334659470412,0.032547452719395006,0.095761056701999567,0,0,0,0,0,1263,0.026700309375549298,0.058975615653555927,0.032275306278006628,0.0047308819400754031,0.037278334659470412,0.032547452719395006,0.09447142476199992,0,0,0,0,0,0.57750342935528121,-1.0215605454564329e-05,0.00052484504158219376,0.0090888103594043528,0,8.5073436943394298e-05
218,2,16,0.25389015528499331,0.064460210950638031,1,-1,1,0,4,9,0.0589772718620174,0.059028376038237358,5.1104176219958497e-05,0.037285107394771116,0.037427315891698378,0.00014220849692726106,0.00033610397468272979,0,0,0,0,0,9,0.0589772718620174,0.059028376038237358,5.1104176219958497e-05,0.037285107394771116,0.037427315891698378,0.00014220849692726106,0.00033610397468272979,0,0,0,0,0,1,1.1880406193570913e-05,7.5519255145891766e-05,0.0064832176433437787,0.0034302793552902786,-4.706726582132276e-05
218,2,16,0.25389015528499331,0.064460210950638031,1,-1,3,1,1,2644,0.015349597093757755,0.076313051824287242,0.060963454730529484,0,0.10000000000000001,0.10000000000000001,0.12512719812855461,0,0,1,1,0.00075642965204236008,1139,0.025907749721485979,0.059391577989146384,0.033483828267660401,0.0044029352901934623,0.038492328218812537,0.034089392928619074,0.049308197136341048,0,0,0,0,0,0.87065052950075639,-0.0078397679848229117,0.00052484504158219376,0.017271718923323992,0,0.025060893644662526
218,2,16,0.25389015528499331,0.064460210950638031,-1,1,1,0,1,175,0,0.0051568168760510432,0.0051568168760510432,0,0.0051748685077360503,0.0051748685077360503,0.0073116152162193927,1,0,1,0,0.011428571428571429,0,nan,nan,nan,nan,nan,nan,0,0,0,0,0,nan,0.011428571428571429,-1.890217084897161e-07,0,6.1311315384157834e-07,0,0.00024017290436786174
218,2,16,0.25389015528499331,0.064460210950638031,-1,1,3,1,1,3746,0.015349597093757755,0.076313051824287242,0.060963454730529484,0,0.10000000000000001,0.10000000000000001,0.19186479470565498,0,0,1,1,0.0005339028296849973,0,nan,nan,nan,nan,nan,nan,0,0,0,0,0,nan,0.30779498131340094,-0.0078397679848229117,-0.00010637104117249932,0.019926324053227397,0,0.029110890752554824
218,2,16,0.25389015528499331,0.064460210950638031,-1,-1,3,1,1,3746,0.015349597093757755,0.076313051824287242,0.060963454730529484,0,0.10000000000000001,0.10000000000000001,0.19186479470565498,0,0,1,1,0.0005339028296849973,0,nan,nan,nan,nan,nan,nan,0,0,0,0,0,nan,0.30779498131340094,-0.0078397679848229117,-0.00010637104117249932,0.0069469339978079437,0,0.029110890752554824
219,16,2,0.25389015528499331,0.064460210950638031,1,1,1,0,1,2656,0.0051064684976808387,0.062429031128245716,0.057322562630564879,0,0.10000000000000001,0.10000000000000001,0.13325828311936624,0,0,1,1,0.00075301204819277112,1326,0.021827885256837889,0.061570955917286369,0.039743070660448479,0.0032278070741234483,0.049232821881254177,0.046005014807130727,0.064798628180699355,0,0,0,0,0,0.50112951807228912,-3.4006521821250624e-05,0.00052484504158219376,0.0076292752329921495,0,0.0036806009443716959
219,16,2,0.25389015528499331,0.064460210950638031,1,1,3,1,1,2644,0.015349597093757755,0.076313051824287242,0.060963454730529484,0,0.10000000000000001,0.10000000000000001,0.12512719812855461,0,0,1,1,0.00075642965204236008,1139,0.025907749721485979,0.059391577989146384,0.033483828267660401,0.0044029352901934623,0.038492328218812537,0.034089392928619074,0.049308197136341048,0,0,0,0,0,0.87065052950075639,-0.0078397679848229117,0.00052484504158219376,0.035664438639263996,0,0.025060893644662526
219,16,2,0.25389015528499331,0.064460210950638031,1,-1,1,0,1,9,0.026386399109994726,0.026527396985261301,0.00014099787526657484,0.0046004590904755024,0.004655611365832711,5.5152275357208541e-05,0.00034202199153033171,0,0,0,0,0,7,0.026386399109994726,0.026524349566377583,0.00013795045638285638,0.0046004590904755024,0.004655611365832711,5.5152275357208541e-05,0.00030914380021067903,0,0,0,0,0,0.77777777777777779,-3.6946764433201358e-07,1.0881151893601341e-05,0.0021944225460644733,0,1.629202799306529e-06
219,16,2,0.25389015528499331,0.064460210950638031,1,-1,1,0,2,9,0.026543863747027628,0.02669660735476485,0.00015274360773722198,0.00466561073516473,0.0047296978807164006,6.4087145551670541e-05,0.00036748105827246814,0,0,0,0,0,9,0.026543863747027628,0.02669660735476485,0.00015274360773722198,0.00466561073516473,0.0047296978807164006,6.4087145551670541e-05,0.00036748105827246814,0,0,0,0,0,1,1.9871364004347362e-06,1.5105548133819677e-05,0.0029072975449450731,0.0013945143611936448,-7.7786812143012756e-06
219,16,2,0.25389015528499331,0.064460210950638031,1,-1,1,0,3,2187,0.026700309375549298,0.058975615653555927,0.032275306278006628,0.0047308819400754031,0.037278334659470412,0.032547452719395006,0.095761056701999567,0,0,0,0,0,1263,0.026700309375549298,0.058975615653555927,0.032275306278006628,0.0047308819400754031,0.037278334659470412,0.032547452719395006,0.09447142476199992,0,0,0,0,0,0.57750342935528121,-1.0215605454564329e-05,0.00052484504158219376,0.0090888103594043528,0,8.5073436943394298e-05
219,16,2,0.25389015528499331,0.064460210950638031,1,-1,1,0,4,9,0.0589772718620174,0.059028376038237358,5.1104176219958497e-05,0.037285107394771116,0.037427315891698378,0.00014220849692726106,0.00033610397468272979,0,0,0,0,0,9,0.0589772718620174,0.059028376038237358,5.1104176219958497e-05,0.037285107394771116,0.037427315891698378,0.00014220849692726106,0.00033610397468272979,0,0,0,0,0,1,1.1880406193570913e-05,7.5519255145891766e-05,0.0064832176433437787,0.0034302793552902786,-4.706726582132276e-05
219,16,2,0.25389015528499331,0.064460210950638031,1,-1,3,1,1,2644,0.015349597093757755,0.076313051824287242,0.060963454730529484,0,0.10000000000000001,0.10000000000000001,0.12512719812855461,0,0,1,1,0.00075642965204236008,1139,0.025907749721485979,0.059391577989146384,0.033483828267660401,0.0044029352901934623,0.038492328218812537,0.034089392928619074,0.049308197136341048,0,0,0,0,0,0.87065052950075639,-0.0078397679848229117,0.00052484504158219376,0.017271718923323992,0,0.025060893644662526
219,16,2,0.25389015528499331,0.064460210950638031,-1,1,1,0,1,175,0,0.0051568168760510432,0.0051568168760510432,0,0.0051748685077360503,0.0051748685077360503,0.0073116152162193927,1,0,1,0,0.011428571428571429,0,nan,nan,nan,nan,nan,nan,0,0,0,0,0,nan,0.011428571428571429,-1.890217084897161e-07,0,6.1311315384157834e-07,0,0.00024017290436786174
219,16,2,0.25389015528499331,0.064460210950638031,-1,1,3,1,1,3746,0.015349597093757755,0.076313051824287242,0.060963454730529484,0,0.10000000000000001,0.10000000000000001,0.19186479470565498,0,0,1,1,0.0005339028296849973,0,nan,nan,nan,nan,nan,nan,0,0,0,0,0,nan,0.30779498131340094,-0.0078397679848229117,-0.00010637104117249932,0.019926324053227397,0,0.029110890752554824
219,16,2,0.25389015528499331,0.064460210950638031,-1,-1,3,1,1,3746,0.015349597093757755,0.076313051824287242,0.060963454730529484,0,0.10000000000000001,0.10000000000000001,0.19186479470565498,0,0,1,1,0.0005339028296849973,0,nan,nan,nan,nan,nan,nan,0,0,0,0,0,nan,0.30779498131340094,-0.0078397679848229117,-0.00010637104117249932,0.0069469339978079437,0,0.029110890752554824
220,8,14,0.25412414946623468,0.064579083341937182,1,1,1,0,1,2656,0.0051156824166854594,0.062428951144618133,0.057313268727932673,0,0.099999999999999992,0.099999999999999992,0.13325376826364826,0,0,1,1,0.00075301204819277112,1322,0.021827885256837889,0.061570600157503201,0.039742714900665312,0.0032282032856689466,0.04923282188125417,0.046004618595585224,0.064786708536755902,0,0,0,0,0,0.49962349397590361,-3.37303495890104e-05,0.00052241654260130953,0.0075976773385972151,0,0.0036841049658963843
220,8,14,0.25412414946623468,0.064579083341937182,1,1,3,1,1,2644,0.015377603623568431,0.076323153288856693,0.060945549665288264,0,0.10000000000000001,0.10000000000000001,0.12510945890837405,0,0,1,1,0.00075642965204236008,1136,0.02599066044029353,0.059371059434301716,0.033380398994008187,0.0044328839006665833,0.038425617078052032,0.033992733177385451,0.049153669859621149,0,0,0,0,0,0.8702723146747352,-0.0078452399930759101,0.00052241654260130953,0.035683346312314138,0,0.025080539522826694
220,8,14,0.25412414946623468,0.064579083341937182,1,-1,1,0,1,9,0.026554260714331358,0.026694251958245738,0.00013999124391438078,0.004665965003822656,0.0047252624391285261,5.9297435305870165e-05,0.00033863797104137473,0,0,0,0,0,9,0.026554260714331358,0.026694251958245738,0.00013999124391438078,0.004665965003822656,0.0047252624391285261,5.9297435305870165e-05,0.00033863797104137473,0,0,0,0,0,1,1.8065207604039317e-06,1.3944054309705686e-05,0.0028206803324743331,0.0013304754330868986,-7.0806595121910808e-06
220,8,14,0.25412414946623468,0.064579083341937182,1,-1,1,0,2,2187,0.026710660354408576,0.058975501812557334,0.032264841458148757,0.0047312339563639425,0.037272150159298877,0.032540916202934936,0.095751820760044695,0,0,0,0,0,1266,0.026710660354408576,0.058975002500620613,0.032264342146212037,0.0047312339563639425,0.037272150159298877,0.032540916202934936,0.094460999580864874,0,0,0,0,0,0.57887517146776402,-1.0823638535969245e-05,0.00052241654260130953,0.0090620126366801213,0,8.4137734441431565e-05
220,8,14,0.25412414946623468,0.064579083341937182,1,-1,3,1,1,2644,0.015377603623568431,0.076323153288856693,0.060945549665288264,0,0.10000000000000001,0.10000000000000001,0.12510945890837405,0,0,1,1,0.00075642965204236008,1136,0.02599066044029353,0.059371059434301716,0.033380398994008187,0.0044328839006665833,0.038425617078052032,0.033992733177385451,0.049153669859621149,0,0,0,0,0,0.8702723146747352,-0.0078452399930759101,0.00052241654260130953,0.017252643649038162,0,0.025080539522826694
220,8,14,0.25412414946623468,0.064579083341937182,-1,1,1,0,1,175,0,0.005166326667354974,0.005166326667354974,0,0.0051844453625267397,0.0051844453625267397,0.0073253318548724879,1,0,1,0,0.011428571428571429,0,nan,nan,nan,nan,nan,nan,0,0,0,0,0,nan,0.011428571428571429,-1.1045450685186355e-07,0,6.8787036539990414e-07,0,0.00024106110512895883
220,8,14,0.25412414946623468,0.064579083341937182,-1,1,3,1,1,3742,0.015377603623568431,0.076323153288856693,0.060945549665288264,0,0.10000000000000001,0.10000000000000001,0.19177864936065958,0,0,1,1,0.00053447354355959376,0,nan,nan,nan,nan,nan,nan,0,0,0,0,0,nan,0.30839123463388562,-0.0078452399930759101,-0.00010676372493529263,0.01998170352448669,0,0.029090063672353617
220,8,14,0.25412414946623468,0.064579083341937182,-1,-1,3,1,1,3742,0.015377603623568431,0.076323153288856693,0.060945549665288264,0,0.10000000000000001,0.10000000000000001,0.19177864936065958,0,0,1,1,0.00053447354355959376,0,nan,nan,nan,nan,nan,nan,0,0,0,0,0,nan,0.30839123463388562,-0.0078452399930759101,-0.00010676372493529263,0.0069622758684864811,0,0.029090063672353617
221,14,8,0.25412414946623468,0.064579083341937182,1,1,1,0,1,2656,0.0051156824166854594,0.062428951144618133,0.057313268727932673,0,0.099999999999999992,0.099999999999999992,0.13325376826364826,0,0,1,1,0.00075301204819277112,1322,0.021827885256837889,0.061570600157503201,0.039742714900665312,0.0032282032856689466,0.04923282188125417,0.046004618595585224,0.064786708536755902,0,0,0,0,0,0.49962349397590361,-3.37303495890104e-05,0.00052241654260130953,0.0075976773385972151,0,0.0036841049658963843
221,14,8,0.25412414946623468,0.064579083341937182,1,1,3,1,1,2644,0.015377603623568431,0.076323153288856693,0.060945549665288264,0,0.10000000000000001,0.10000000000000001,0.12510945890837405,0,0,1,1,0.00075642965204236008,1136,0.02599066044029353,0.059371059434301716,0.033380398994008187,0.0044328839006665833,0.038425617078052032,0.033992733177385451,0.049153669859621149,0,0,0,0,0,0.8702723146747352,-0.0078452399930759101,0.00052241654260130953,0.035683346312314138,0,0.025080539522826694
221,14,8,0.25412414946623468,0.064579083341937182,1,-1,1,0,1,9,0.026554260714331358,0.026694251958245738,0.00013999124391438078,0.004665965003822656,0.0047252624391285261,5.9297435305870165e-05,0.00033863797104137473,0,0,0,0,0,9,0.026554260714331358,0.026694251958245738,0.00013999124391438078,0.004665965003822656,0.0047252624391285261,5.9297435305870165e-05,0.00033863797104137473,0,0,0,0,0,1,1.8065207604039317e-06,1.3944054309705686e-05,0.0028206803324743331,0.0013304754330868986,-7.0806595121910808e-06
221,14,8,0.25412414946623468,0.064579083341937182,1,-1,1,0,2,2187,0.026710660354408576,0.058975501812557334,0.032264841458148757,0.0047312339563639425,0.037272150159298877,0.032540916202934936,0.095751820760044695,0,0,0,0,0,1266,0.026710660354408576,0.058975002500620613,0.032264342146212037,0.0047312339563639425,0.037272150159298877,0.032540916202934936,0.094460999580864874,0,0,0,0,0,0.57887517146776402,-1.0823638535969245e-05,0.00052241654260130953,0.0090620126366801213,0,8.4137734441431565e-05
221,14,8,0.25412414946623468,0.064579083341937182,1,-1,3,1,1,2644,0.015377603623568431,0.076323153288856693,0.060945549665288264,0,0.10000000000000001,0.10000000000000001,0.12510945890837405,0,0,1,1,0.00075642965204236008,1136,0.02599066044029353,0.059371059434301716,0.033380398994008187,0.0044328839006665833,0.038425617078052032,0.033992733177385451,0.049153669859621149,0,0,0,0,0,0.8702723146747352,-0.0078452399930759101,0.00052241654260130953,0.017252643649038162,0,0.025080539522826694
221,14,8,0.25412414946623468,0.064579083341937182,-1,1,1,0,1,175,0,0.005166326667354974,0.005166326667354974,0,0.0051844453625267397,0.0051844453625267397,0.0073253318548724879,1,0,1,0,0.011428571428571429,0,nan,nan,nan,nan,nan,nan,0,0,0,0,0,nan,0.011428571428571429,-1.1045450685186355e-07,0,6.8787036539990414e-07,0,0.00024106110512895883
221,14,8,0.25412414946623468,0.064579083341937182,-1,1,3,1,1,3742,0.015377603623568431,0.076323153288856693,0.060945549665288264,0,0.10000000000000001,0.10000000000000001,0.19177864936065958,0,0,1,1,0.00053447354355959376,0,nan,nan,nan,nan,nan,nan,0,0,0,0,0,nan,0.30839123463388562,-0.0078452399930759101,-0.00010676372493529263,0.01998170352448669,0,0.029090063672353617
221,14,8,0.25412414946623468,0.064579083341937182,-1,-1,3,1,1,3742,0.015377603623568431,0.076323153288856693,0.060945549665288264,0,0.10000000000000001,0.10000000000000001,0.19177864936065958,0,0,1,1,0.00053447354355959376,0,nan,nan,nan,nan,nan,nan,0,0,0,0,0,nan,0.30839123463388562,-0.0078452399930759101,-0.00010676372493529263,0.0069622758684864811,0,0.029090063672353617
222,6,15,0.25451869037317121,0.064779763749274188,1,1,1,0,1,2655,0.0051312434120794987,0.062428818328015973,0.057297574915936476,0,0.10000000000000001,0.10000000000000001,0.1332421756954118,0,0,1,1,0.00075329566854990583,1322,0.022041360907271514,0.061570033692927531,0.039528672785656013,0.0032864142385294033,0.049232821881254177,0.045946407642724771,0.064588264728038164,0,0,0,0,0,0.4994350282485876,-3.5023494170662188e-05,0.00051831573039345317,0.0075488864902951399,0,0.0036900392012356792
222,6,15,0.25451869037317121,0.064779763749274188,1,1,3,1,1,2643,0.015424891017715364,0.076340211034977068,0.060915320017261701,0,0.10000000000000001,0.10000000000000001,0.12507964874698219,0,0,1,1,0.00075671585319712453,1132,0.026096693813437266,0.059346230820547033,0.033249537007109767,0.0044696464309539694,0.038339321739148516,0.033869675308194548,0.048957503903496749,0,0,0,0,0,0.86946651532349606,-0.0078544799198070822,0.00051831573039345317,0.035657966769272374,0,0.02511371545138321
222,6,15,0.25451869037317121,0.064779763749274188,1,-1,1,0,1,9,0.026571812877712438,0.026691584321965681,0.00011977144425324299,0.004666543531587913,0.0047177745252837194,5.1230993695806394e-05,0.00029148460554566787,0,0,0,0,0,9,0.026571812877712438,0.026691584321965681,0.00011977144425324299,0.004666543531587913,0.0047177745252837194,5.1230993695806394e-05,0.00029148460554566787,0,0,0,0,0,1,1.4985299428453487e-06,1.1984308502055769e-05,0.0026611092824631727,0.0012130096008581722,-5.8855691670964081e-06
222,6,15,0.25451869037317121,0.064779763749274188,1,-1,1,0,2,2187,0.026728134880083673,0.058975313112443334,0.032247178232359661,0.0047318100435213024,0.03726170948421835,0.032529899440697049,0.095713780613894017,0,0,0,0,0,1265,0.026728134880083673,0.058974751138179113,0.03224661625809544,0.0047318100435213024,0.03726170948421835,0.032529899440697049,0.094435849301215125,0,0,0,0,0,0.57841792409693649,-1.0739605259670718e-05,0.00051831573039345317,0.0090101935130690366,0,8.4550543271238673e-05
222,6,15,0.25451869037317121,0.064779763749274188,1,-1,3,1,1,2643,0.015424891017715364,0.076340211034977068,0.060915320017261701,0,0.10000000000000001,0.10000000000000001,0.12507964874698219,0,0,1,1,0.00075671585319712453,1132,0.026096693813437266,0.059346230820547033,0.033249537007109767,0.0044696464309539694,0.038339321739148516,0.033869675308194548,0.048957503903496749,0,0,0,0,0,0.86946651532349606,-0.0078544799198070822,0.00051831573039345317,0.01720700492120969,0,0.02511371545138321
222,6,15,0.25451869037317121,0.064779763749274188,-1,1,1,0,1,176,0,0.0051823810999419347,0.0051823810999419347,0,0.0052006128857848399,0.0052006128857848399,0.0073485116831906085,1,0,1,0,0.011363636363636364,0,nan,nan,nan,nan,nan,nan,0,0,0,0,0,nan,0.017045454545454544,-7.9685834127401719e-08,2.4247690854291878e-07,7.8057500339292106e-07,0,0.00024256427345346388
222,6,15,0.25451869037317121,0.064779763749274188,-1,1,3,1,1,3743,0.015424891017715364,0.076340211034977068,0.060915320017261701,0,0.10000000000000001,0.10000000000000001,0.19188851495159187,0,0,1,1,0.00053433075073470483,0,nan,nan,nan,nan,nan,nan,0,0,0,0,0,nan,0.30937750467539404,-0.0078544799198070822,-0.00010742829546014149,0.01999202512210857,0,0.02905485663868429
222,6,15,0.25451869037317121,0.064779763749274188,-1,-1,3,1,1,3743,0.015424891017715364,0.076340211034977068,0.060915320017261701,0,0.10000000000000001,0.10000000000000001,0.19188851495159187,0,0,1,1,0.00053433075073470483,0,nan,nan,nan,nan,nan,nan,0,0,0,0,0,nan,0.30937750467539404,-0.0078544799198070822,-0.00010742829546014149,0.0069652801146101329,0,0.02905485663868429
223,15,6,0.25451869037317121,0.064779763749274188,1,1,1,0,1,2655,0.0051312434120794987,0.062428818328015973,0.057297574915936476,0,0.10000000000000001,0.10000000000000001,0.1332421756954118,0,0,1,1,0.00075329566854990583,1322,0.022041360907271514,0.061570033692927531,0.039528672785656013,0.0032864142385294033,0.049232821881254177,0.045946407642724771,0.064588264728038164,0,0,0,0,0,0.4994350282485876,-3.5023494170662188e-05,0.00051831573039345317,0.0075488864902951399,0,0.0036900392012356792
223,15,6,0.25451869037317121,0.064779763749274188,1,1,3,1,1,2643,0.015424891017715364,0.076340211034977068,0.060915320017261701,0,0.10000000000000001,0.10000000000000001,0.12507964874698219,0,0,1,1,0.00075671585319712453,1132,0.026096693813437266,0.059346230820547033,0.033249537007109767,0.0044696464309539694,0.038339321739148516,0.033869675308194548,0.048957503903496749,0,0,0,0,0,0.86946651532349606,-0.0078544799198070822,0.00051831573039345317,0.035657966769272374,0,0.02511371545138321
223,15,6,0.25451869037317121,0.064779763749274188,1,-1,1,0,1,9,0.026571812877712438,0.026691584321965681,0.00011977144425324299,0.004666543531587913,0.0047177745252837194,5.1230993695806394e-05,0.00029148460554566787,0,0,0,0,0,9,0.026571812877712438,0.026691584321965681,0.00011977144425324299,0.004666543531587913,0.0047177745252837194,5.1230993695806394e-05,0.00029148460554566787,0,0,0,0,0,1,1.4985299428453487e-06,1.1984308502055769e-05,0.0026611092824631727,0.0012130096008581722,-5.8855691670964081e-06
223,15,6,0.25451869037317121,0.064779763749274188,1,-1,1,0,2,2187,0.026728134880083673,0.058975313112443334,0.032247178232359661,0.0047318100435213024,0.03726170948421835,0.032529899440697049,0.095713780613894017,0,0,0,0,0,1265,0.026728134880083673,0.058974751138179113,0.03224661625809544,0.0047318100435213024,0.03726170948421835,0.032529899440697049,0.094435849301215125,0,0,0,0,0,0.57841792409693649,-1.0739605259670718e-05,0.00051831573039345317,0.0090101935130690366,0,8.4550543271238673e-05
223,15,6,0.25451869037317121,0.064779763749274188,1,-1,3,1,1,2643,0.015424891017715364,0.076340211034977068,0.060915320017261701,0,0.10000000000000001,0.10000000000000001,0.12507964874698219,0,0,1,1,0.00075671585319712453,1132,0.026096693813437266,0.059346230820547033,0.033249537007109767,0.0044696464309539694,0.038339321739148516,0.033869675308194548,0.048957503903496749,0,0,0,0,0,0.86946651532349606,-0.0078544799198070822,0.00051831573039345317,0.01720700492120969,0,0.02511371545138321
223,15,6,0.25451869037317121,0.064779763749274188,-1,1,1,0,1,176,0,0.0051823810999419347,0.0051823810999419347,0,0.0052006128857848399,0.0052006128857848399,0.0073485116831906085,1,0,1,0,0.011363636363636364,0,nan,nan,nan,nan,nan,nan,0,0,0,0,0,nan,0.017045454545454544,-7.9685834127401719e-08,2.4247690854291878e-07,7.8057500339292106e-07,0,0.00024256427345346388
223,15,6,0.25451869037317121,0.064779763749274188,-1,1,3,1,1,3743,0.015424891017715364,0.076340211034977068,0.060915320017261701,0,0.10000000000000001,0.10000000000000001,0.19188851495159187,0,0,1,1,0.00053433075073470483,0,nan,nan,nan,nan,nan,nan,0,0,0,0,0,nan,0.30937750467539404,-0.0078544799198070822,-0.00010742829546014149,0.01999202512210857,0,0.02905485663868429
223,15,6,0.25451869037317121,0.064779763749274188,-1,-1,3,1,1,3743,0.015424891017715364,0.076340211034977068,0.060915320017261701,0,0.10000000000000001,0.10000000000000001,0.19188851495159187,0,0,1,1,0.00053433075073470483,0,nan,nan,nan,nan,nan,nan,0,0,0,0,0,nan,0.30937750467539404,-0.0078544799198070822,-0.00010742829546014149,0.0069652801146101329,0,0.02905485663868429
224,3,16,0.25633182641665542,0.065706005234098364,1,1,1,0,1,2654,0.0052031223957118202,0.062428239237272844,0.057225116841561022,0,0.10000000000000001,0.10000000000000001,0.1332006408603511,0,0,1,1,0.00075357950263752827,1313,0.022521681120747164,0.061466952957645087,0.038945271836897923,0.0034238962286336481,0.048498999332888593,0.045075103104254943,0.063389921424269233,0,0,0,0,0,0.49660889223813115,-3.3083405797169482e-05,0.00049939391112796344,0.0073105666898827812,0,0.0037177283836318121
224,3,16,0.25633182641665542,0.065706005234098364,1,1,3,1,1,2640,0.01564324769060365,0.076418969313771609,0.06077572162316796,0,0.10000000000000001,0.10000000000000001,0.12493541859411103,0,0,1,1,0.00075757575757575758,1111,0.02657771847898599,0.059209893121900642,0.032632174642914652,0.004637729119378254,0.037891927951967976,0.033254198832589718,0.048006941208004722,0,0,0,0,0,0.86439393939393938,-0.0078971438647492745,0.00049939391112796344,0.035559468596837417,0,0.025266940232834403
224,3,16,0.25633182641665542,0.065706005234098364,1,-1,1,0,1,2133,0.027117801253347899,0.058713957269960301,0.031596156016612406,0.0048657639131567251,0.036487891164995429,0.031622127251838703,0.093257369329489609,0,0,0,0,0,1231,0.027117801253347899,0.058713957269960301,0.031596156016612406,0.0048666670430022284,0.036487891164995429,0.031621224121993197,0.092079068551991744,0,0,0,0,0,0.57712142522269105,-9.9811190308995759e-06,0.00049939391112796344,0.0088750230153566024,0,8.0773857756367447e-05
224,3,16,0.25633182641665542,0.065706005234098364,1,-1,1,0,2,15,0.058706944932643453,0.058815147339763368,0.00010820240711991586,0.03647184489340094,0.036774164771725945,0.00030231987832500529,0.00067954891381835061,0,0,0,0,0,15,0.058706944932643453,0.058815147339763368,0.00010820240711991586,0.03647184489340094,0.036774164771725945,0.00030231987832500529,0.00067954891381835061,0,0,0,0,0,1,8.7409632270736313e-06,8.5705504751699442e-05,0.0067272546847652638,0.0029330912115844657,-3.4412096221896114e-05
224,3,16,0.25633182641665542,0.065706005234098364,1,-1,3,1,1,2640,0.01564324769060365,0.076418969313771609,0.06077572162316796,0,0.10000000000000001,0.10000000000000001,0.12493541859411103,0,0,1,1,0.00075757575757575758,1111,0.02657771847898599,0.059209893121900642,0.032632174642914652,0.004637729119378254,0.037891927951967976,0.033254198832589718,0.048006941208004722,0,0,0,0,0,0.86439393939393938,-0.0078971438647492745,0.00049939391112796344,0.016996422222003739,0,0.025266940232834403
224,3,16,0.25633182641665542,0.065706005234098364,-1,1,1,0,1,179,0,0.0052564804187278692,0.0052564804187278692,0,0.0052752423440368366,0.0052752423440368366,0.0074558869424764009,1,0,1,0,0.0111731843575419,0,nan,nan,nan,nan,nan,nan,0,0,0,0,0,nan,0.0111731843575419,-2.0583823960752942e-07,0,5.2775332304887352e-07,0,0.00024956314165665067
224,3,16,0.25633182641665542,0.065706005234098364,-1,1,3,1,1,3738,0.01564324769060365,0.076418969313771609,0.06077572162316796,0,0.10000000000000001,0.10000000000000001,0.19150114278503147,0,0,1,1,0.00053504547886570354,0,nan,nan,nan,nan,nan,nan,0,0,0,0,0,nan,0.31112894596040663,-0.0078971438647492745,-0.00011052234556987808,0.020098517146289609,0,0.028892358132869091
224,3,16,0.25633182641665542,0.065706005234098364,-1,-1,3,1,1,3738,0.01564324769060365,0.076418969313771609,0.06077572162316796,0,0.10000000000000001,0.10000000000000001,0.19150114278503147,0,0,1,1,0.00053504547886570354,0,nan,nan,nan,nan,nan,nan,0,0,0,0,0,nan,0.31112894596040663,-0.0078971438647492745,-0.00011052234556987808,0.0069904831165190492,0,0.028892358132869091
225,16,3,0.25633182641665542,0.065706005234098364,1,1,1,0,1,2654,0.0052031223957118202,0.062428239237272844,0.057225116841561022,0,0.10000000000000001,0.10000000000000001,0.1332006408603511,0,0,1,1,0.00075357950263752827,1313,0.022521681120747164,0.061466952957645087,0.038945271836897923,0.0034238962286336481,0.048498999332888593,0.045075103104254943,0.063389921424269233,0,0,0,0,0,0.49660889223813115,-3.3083405797169482e-05,0.00049939391112796344,0.0073105666898827812,0,0.0037177283836318121
225,16,3,0.25633182641665542,0.065706005234098364,1,1,3,1,1,2640,0.01564324769060365,0.076418969313771609,0.06077572162316796,0,0.10000000000000001,0.10000000000000001,0.12493541859411103,0,0,1,1,0.00075757575757575758,1111,0.02657771847898599,0.059209893121900642,0.032632174642914652,0.004637729119378254,0.037891927951967976,0.033254198832589718,0.048006941208004722,0,0,0,0,0,0.86439393939393938,-0.0078971438647492745,0.00049939391112796344,0.035559468596837417,0,0.025266940232834403
225,16,3,0.25633182641665542,0.065706005234098364,1,-1,1,0,1,2133,0.027117801253347899,0.058713957269960301,0.031596156016612406,0.0048657639131567251,0.036487891164995429,0.031622127251838703,0.093257369329489609,0,0,0,0,0,1231,0.027117801253347899,0.058713957269960301,0.031596156016612406,0.0048666670430022284,0.036487891164995429,0.031621224121993197,0.092079068551991744,0,0,0,0,0,0.57712142522269105,-9.9811190308995759e-06,0.00049939391112796344,0.0088750230153566024,0,8.0773857756367447e-05
225,16,3,0.25633182641665542,0.065706005234098364,1,-1,1,0,2,15,0.058706944932643453,0.058815147339763368,0.00010820240711991586,0.03647184489340094,0.036774164771725945,0.00030231987832500529,0.00067954891381835061,0,0,0,0,0,15,0.058706944932643453,0.058815147339763368,0.00010820240711991586,0.03647184489340094,0.036774164771725945,0.00030231987832500529,0.00067954891381835061,0,0,0,0,0,1,8.7409632270736313e-06,8.5705504751699442e-05,0.0067272546847652638,0.0029330912115844657,-3.4412096221896114e-05
225,16,3,0.25633182641665542,0.065706005234098364,1,-1,3,1,1,2640,0.01564324769060365,0.076418969313771609,0.06077572162316796,0,0.10000000000000001,0.10000000000000001,0.12493541859411103,0,0,1,1,0.00075757575757575758,1111,0.02657771847898599,0.059209893121900642,0.032632174642914652,0.004637729119378254,0.037891927951967976,0.033254198832589718,0.048006941208004722,0,0,0,0,0,0.86439393939393938,-0.0078971438647492745,0.00049939391112796344,0.016996422222003739,0,0.025266940232834403
225,16,3,0.25633182641665542,0.065706005234098364,-1,1,1,0,1,179,0,0.0052564804187278692,0.0052564804187278692,0,0.0052752423440368366,0.0052752423440368366,0.0074558869424764009,1,0,1,0,0.0111731843575419,0,nan,nan,nan,nan,nan,nan,0,0,0,0,0,nan,0.0111731843575419,-2.0583823960752942e-07,0,5.2775332304887352e-07,0,0.00024956314165665067
225,16,3,0.25633182641665542,0.065706005234098364,-1,1,3,1,1,3738,0.01564324769060365,0.076418969313771609,0.06077572162316796,0,0.10000000000000001,0.10000000000000001,0.19150114278503147,0,0,1,1,0.00053504547886570354,0,nan,nan,nan,nan,nan,nan,0,0,0,0,0,nan,0.31112894596040663,-0.0078971438647492745,-0.00011052234556987808,0.020098517146289609,0,0.028892358132869091
225,16,3,0.25633182641665542,0.065706005234098364,-1,-1,3,1,1,3738,0.01564324769060365,0.076418969313771609,0.06077572162316796,0,0.10000000000000001,0.10000000000000001,0.19150114278503147,0,0,1,1,0.00053504547886570354,0,nan,nan,nan,nan,nan,nan,0,0,0,0,0,nan,0.31112894596040663,-0.0078971438647492745,-0.00011052234556987808,0.0069904831165190492,0,0.028892358132869091
226,11,12,0.25663595907397369,0.065862015489818293,1,1,1,0,1,2654,0.0052152368677000653,0.062428135170629125,0.057212898302929062,0,0.10000000000000001,0.10000000000000001,0.13320778832414604,0,0,1,1,0.00075357950263752827,1308,0.022521681120747164,0.061466326950181199,0.038944645829434035,0.0034247816950695904,0.048498999332888593,0.045074217637819006,0.063399761210420916,0,0,0,0,0,0.49472494348153728,-3.2927946100566697e-05,0.00049621630867738872,0.0072646789371896212,0,0.0037224397726057091
226,11,12,0.25663595907397369,0.065862015489818293,1,1,3,1,1,2642,0.015680042110144277,0.076432242553841165,0.060752200443696891,0,0.10000000000000001,0.10000000000000001,0.12491225599018088,0,0,1,1,0.00075700227100681302,1109,0.026631087391594394,0.059190088213137634,0.032559000821543241,0.0046546250761304109,0.037825216811207471,0.033170591735077061,0.04788594407840676,0,0,0,0,0,0.86487509462528389,-0.0079043338565431762,0.00049621630867738872,0.035544030441769459,0,0.025292768881964061
226,11,12,0.25663595907397369,0.065862015489818293,1,-1,1,0,1,9,0.027131291704887969,0.027277254691908018,0.00014596298702004851,0.0048661773946814769,0.0049310484040067859,6.4871009325308954e-05,0.00036150123121771139,0,0,0,0,0,7,0.027131291704887969,0.027271514342895257,0.00014022263800728824,0.004867154937037853,0.0049310484040067859,6.3893466968932902e-05,0.00032312068087242266,0,0,0,0,0,0.77777777777777779,-4.6854455531358493e-07,1.295938446239452e-05,0.0023204527059514286,0,2.0444039833085961e-06
226,11,12,0.25663595907397369,0.065862015489818293,1,-1,1,0,2,9,0.027284239498097031,0.02744251386047477,0.00015827436237773884,0.0049322590701033247,0.0050013028580591775,6.9043787955852878e-05,0.00038573928619590667,0,0,0,0,0,9,0.027284239498097031,0.02744251386047477,0.00015827436237773884,0.0049322590701033247,0.0050013028580591775,6.9043787955852878e-05,0.00038573928619590667,0,0,0,0,0,1,1.8204903218352098e-06,1.6166556949286285e-05,0.002964106649997641,0.0013313529796515741,-7.0900030257084992e-06
226,11,12,0.25663595907397369,0.065862015489818293,1,-1,1,0,3,2117,0.027436230230657496,0.058710916605862536,0.031274686375205044,0.0049975564081049008,0.036479760401977507,0.031482203993872609,0.092541157404526245,0,0,0,0,0,1212,0.027436230230657496,0.058710916605862536,0.031274686375205044,0.00499809457852646,0.036479760401977507,0.031481665823451049,0.091345557277805856,0,0,0,0,0,0.57250826641473784,-1.0256975931238117e-05,0.00049621630867738872,0.0088779577194193719,0,8.0182704973914313e-05
226,11,12,0.25663595907397369,0.065862015489818293,1,-1,1,0,4,9,0.058760001198232319,0.058814985002629994,5.4983804397674974e-05,0.036618630348360132,0.036765990293445745,0.00014735994508561362,0.00035176563292617434,0,0,0,0,0,9,0.058760001198232319,0.058814985002629994,5.4983804397674974e-05,0.036618630348360132,0.036765990293445745,0.00014735994508561362,0.00035176563292617434,0,0,0,0,0,1,7.8086479205756752e-06,7.335809235844622e-05,0.006153297033838611,0.0027721879249128149,-3.0740103564129671e-05
226,11,12,0.25663595907397369,0.065862015489818293,1,-1,3,1,1,2642,0.015680042110144277,0.076432242553841165,0.060752200443696891,0,0.10000000000000001,0.10000000000000001,0.12491225599018088,0,0,1,1,0.00075700227100681302,1109,0.026631087391594394,0.059190088213137634,0.032559000821543241,0.0046546250761304109,0.037825216811207471,0.033170591735077061,0.04788594407840676,0,0,0,0,0,0.86487509462528389,-0.0079043338565431762,0.00049621630867738872,0.016954374985240255,0,0.025292768881964061
226,11,12,0.25663595907397369,0.065862015489818293,-1,1,1,0,1,179,0,0.0052689612391854639,0.0052689612391854639,0,0.0052878137493902778,0.0052878137493902778,0.0074740699757212476,1,0,1,0,0.0111731843575419,0,nan,nan,nan,nan,nan,nan,0,0,0,0,0,nan,0.0111731843575419,-1.6681087941409578e-07,-6.7762635780344027e-21,6.2702660330463046e-07,0,0.00025075185129575851
226,11,12,0.25663595907397369,0.065862015489818293,-1,1,3,1,1,3738,0.015680042110144277,0.076432242553841165,0.060752200443696891,0,0.10000000000000001,0.10000000000000001,0.19138647971196143,0,0,1,1,0.00053504547886570354,0,nan,nan,nan,nan,nan,nan,0,0,0,0,0,nan,0.31166399143927231,-0.0079043338565431762,-0.00011104781016015525,0.02013420600551323,0,0.028864963609505495
226,11,12,0.25663595907397369,0.065862015489818293,-1,-1,3,1,1,3738,0.015680042110144277,0.076432242553841165,0.060752200443696891,0,0.10000000000000001,0.10000000000000001,0.19138647971196143,0,0,1,1,0.00053504547886570354,0,nan,nan,nan,nan,nan,nan,0,0,0,0,0,nan,0.31166399143927231,-0.0079043338565431762,-0.00011104781016015525,0.0069983639361390904,0,0.028864963609505495
227,12,11,0.25663595907397369,0.065862015489818293,1,1,1,0,1,2654,0.0052152368677000653,0.062428135170629125,0.057212898302929062,0,0.10000000000000001,0.10000000000000001,0.13320778832414604,0,0,1,1,0.00075357950263752827,1308,0.022521681120747164,0.061466326950181199,0.038944645829434035,0.0034247816950695904,0.048498999332888593,0.045074217637819006,0.063399761210420916,0,0,0,0,0,0.49472494348153728,-3.2927946100566697e-05,0.00049621630867738872,0.0072646789371896212,0,0.0037224397726057091
227,12,11,0.25663595907397369,0.065862015489818293,1,1,3,1,1,2642,0.015680042110144277,0.076432242553841165,0.060752200443696891,0,0.10000000000000001,0.10000000000000001,0.12491225599018088,0,0,1,1,0.00075700227100681302,1109,0.026631087391594394,0.059190088213137634,0.032559000821543241,0.0046546250761304109,0.037825216811207471,0.033170591735077061,0.04788594407840676,0,0,0,0,0,0.86487509462528389,-0.0079043338565431762,0.00049621630867738872,0.035544030441769459,0,0.025292768881964061
227,12,11,0.25663595907397369,0.065862015489818293,1,-1,1,0,1,9,0.027131291704887969,0.027277254691908018,0.00014596298702004851,0.0048661773946814769,0.0049310484040067859,6.4871009325308954e-05,0.00036150123121771139,0,0,0,0,0,7,0.027131291704887969,0.027271514342895257,0.00014022263800728824,0.004867154937037853,0.0049310484040067859,6.3893466968932902e-05,0.00032312068087242266,0,0,0,0,0,0.77777777777777779,-4.6854455531358493e-07,1.295938446239452e-05,0.0023204527059514286,0,2.0444039833085961e-06
227,12,11,0.25663595907397369,0.065862015489818293,1,-1,1,0,2,9,0.027284239498097031,0.02744251386047477,0.00015827436237773884,0.0049322590701033247,0.0050013028580591775,6.9043787955852878e-05,0.00038573928619590667,0,0,0,0,0,9,0.027284239498097031,0.02744251386047477,0.00015827436237773884,0.0049322590701033247,0.0050013028580591775,6.9043787955852878e-05,0.00038573928619590667,0,0,0,0,0,1,1.8204903218352098e-06,1.6166556949286285e-05,0.002964106649997641,0.0013313529796515741,-7.0900030257084992e-06
227,12,11,0.25663595907397369,0.065862015489818293,1,-1,1,0,3,2117,0.027436230230657496,0.058710916605862536,0.031274686375205044,0.0049975564081049008,0.036479760401977507,0.031482203993872609,0.092541157404526245,0,0,0,0,0,1212,0.027436230230657496,0.058710916605862536,0.031274686375205044,0.00499809457852646,0.036479760401977507,0.031481665823451049,0.091345557277805856,0,0,0,0,0,0.57250826641473784,-1.0256975931238117e-05,0.00049621630867738872,0.0088779577194193719,0,8.0182704973914313e-05
227,12,11,0.25663595907397369,0.065862015489818293,1,-1,1,0,4,9,0.058760001198232319,0.058814985002629994,5.4983804397674974e-05,0.036618630348360132,0.036765990293445745,0.00014735994508561362,0.00035176563292617434,0,0,0,0,0,9,0.058760001198232319,0.058814985002629994,5.4983804397674974e-05,0.036618630348360132,0.036765990293445745,0.00014735994508561362,0.00035176563292617434,0,0,0,0,0,1,7.8086479205756752e-06,7.335809235844622e-05,0.006153297033838611,0.0027721879249128149,-3.0740103564129671e-05
227,12,11,0.25663595907397369,0.065862015489818293,1,-1,3,1,1,2642,0.015680042110144277,0.076432242553841165,0.060752200443696891,0,0.10000000000000001,0.10000000000000001,0.12491225599018088,0,0,1,1,0.00075700227100681302,1109,0.026631087391594394,0.059190088213137634,0.032559000821543241,0.0046546250761304109,0.037825216811207471,0.033170591735077061,0.04788594407840676,0,0,0,0,0,0.86487509462528389,-0.0079043338565431762,0.00049621630867738872,0.016954374985240255,0,0.025292768881964061
227,12,11,0.25663595907397369,0.065862015489818293,-1,1,1,0,1,179,0,0.0052689612391854639,0.0052689612391854639,0,0.0052878137493902778,0.0052878137493902778,0.0074740699757212476,1,0,1,0,0.0111731843575419,0,nan,nan,nan,nan,nan,nan,0,0,0,0,0,nan,0.0111731843575419,-1.6681087941409578e-07,-6.7762635780344027e-21,6.2702660330463046e-07,0,0.00025075185129575851
227,12,11,0.25663595907397369,0.065862015489818293,-1,1,3,1,1,3738,0.015680042110144277,0.076432242553841165,0.060752200443696891,0,0.10000000000000001,0.10000000000000001,0.19138647971196143,0,0,1,1,0.00053504547886570354,0,nan,nan,nan,nan,nan,nan,0,0,0,0,0,nan,0.31166399143927231,-0.0079043338565431762,-0.00011104781016015525,0.02013420600551323,0,0.028864963609505495
227,12,11,0.25663595907397369,0.065862015489818293,-1,-1,3,1,1,3738,0.015680042110144277,0.076432242553841165,0.060752200443696891,0,0.10000000000000001,0.10000000000000001,0.19138647971196143,0,0,1,1,0.00053504547886570354,0,nan,nan,nan,nan,nan,nan,0,0,0,0,0,nan,0.31166399143927231,-0.0079043338565431762,-0.00011104781016015525,0.0069983639361390904,0,0.028864963609505495
228,10,13,0.2585391365993232,0.066842485153523507,1,1,1,0,1,2652,0.0052914308793524439,0.062423913876672982,0.057132482997320537,0,0.10000000000000001,0.10000000000000001,0.13318027360093049,0,0,1,1,0.00075414781297134241,1277,0.023002001334222814,0.061355107874825718,0.038353106540602908,0.0035643369926455339,0.047765176784523015,0.044200839791877479,0.062170043439107134,0,0,0,0,0,0.4830316742081448,-3.3087174545920337e-05,0.00047625002238615923,0.0069870618912080849,0,0.0037523544133332156
228,10,13,0.2585391365993232,0.066842485153523507,1,1,3,1,1,2637,0.015911379378743137,0.076515702044452003,0.060604322665708865,0,0.10000000000000001,0.10000000000000001,0.12475889573503322,0,0,1,1,0.00075843761850587785,1087,0.027111407605070047,0.059043957467878258,0.031932549862808211,0.0048243442229872939,0.037358238825883919,0.032533894602896622,0.046915080452860393,0,0,0,0,0,0.86082669700417136,-0.0079495430747036043,0.00047625002238615923,0.035465175644009729,0,0.025455216089842241
228,10,13,0.2585391365993232,0.066842485153523507,1,-1,1,0,1,9,0.027671021105301383,0.027811559455498014,0.00014053835019663119,0.0050663136358801483,0.005129786210703256,6.3472574823107697e-05,0.00034856932785028757,0,0,0,0,0,9,0.027671021105301383,0.027811559455498014,0.00014053835019663119,0.0050663136358801483,0.005129786210703256,6.3472574823107697e-05,0.00034856932785028757,0,0,0,0,0,1,4.6775319342102443e-07,1.375093384927808e-05,0.0026206109182160837,0.00065401496556699687,-1.7109423007424004e-06
228,10,13,0.2585391365993232,0.066842485153523507,1,-1,1,0,2,9,0.027820788298414764,0.027980027094335259,0.00015923879592049522,0.0051323224247080811,0.0052015196119786561,6.9197187270574924e-05,0.00038477301134239446,0,0,0,0,0,9,0.027820788298414764,0.027980027094335259,0.00015923879592049522,0.0051323224247080811,0.0052015196119786561,6.9197187270574924e-05,0.00038477301134239446,0,0,0,0,0,1,2.2855669621400603e-06,1.6982163758211169e-05,0.0030970671512882469,0.0014950662259749215,-8.9408920802035804e-06
228,10,13,0.2585391365993232,0.066842485153523507,1,-1,1,0,3,2077,0.027969640302409112,0.058601658699572158,0.030632018397163046,0.0051958049082918229,0.036147188587393617,0.030951383679101795,0.090764083429100473,0,0,0,0,0,1185,0.027969640302409112,0.058601658699572158,0.030632018397163046,0.0051958049082918229,0.036147188587393617,0.030951383679101795,0.089533471922690136,0,0,0,0,0,0.57053442465093884,-9.5958604210116935e-06,0.00047625002238615923,0.0087159989852472752,0,7.5043536400432379e-05
228,10,13,0.2585391365993232,0.066842485153523507,1,-1,1,0,4,9,0.058653771286608709,0.058708063434740408,5.4292148131698803e-05,0.036286260185612318,0.036428661412074147,0.00014240122646182879,0.00034248230435213417,0,0,0,0,0,9,0.058653771286608709,0.058708063434740408,5.4292148131698803e-05,0.036286260185612318,0.036428661412074147,0.00014240122646182879,0.00034248230435213417,0,0,0,0,0,1,1.1964805314972093e-07,6.3874412632275603e-05,0.0050299815413846118,4.1959808137369269e-05,-7.0425019956993613e-09
228,10,13,0.2585391365993232,0.066842485153523507,1,-1,3,1,1,2637,0.015911379378743137,0.076515702044452003,0.060604322665708865,0,0.10000000000000001,0.10000000000000001,0.12475889573503322,0,0,1,1,0.00075843761850587785,1087,0.027111407605070047,0.059043957467878258,0.031932549862808211,0.0048243442229872939,0.037358238825883919,0.032533894602896622,0.046915080452860393,0,0,0,0,0,0.86082669700417136,-0.0079495430747036043,0.00047625002238615923,0.016743923246395009,0,0.025455216089842241
228,10,13,0.2585391365993232,0.066842485153523507,-1,1,1,0,1,182,0,0.0053473988122818804,0.0053473988122818804,0,0.0053668224082319832,0.0053668224082319832,0.0075889487316426144,1,0,1,0,0.01098901098901099,0,nan,nan,nan,nan,nan,nan,0,0,0,0,0,nan,0.016483516483516484,-1.2163603813626335e-07,5.06328050784242e-07,7.1340685292620088e-07,0,0.00025828715841495623
228,10,13,0.2585391365993232,0.066842485153523507,-1,1,3,1,1,3739,0.015911379378743137,0.076515702044452003,0.060604322665708865,0,0.10000000000000001,0.10000000000000001,0.19147421836312734,0,0,1,1,0.00053490238031559236,0,nan,nan,nan,nan,nan,nan,0,0,0,0,0,nan,0.31505750200588395,-0.0079495430747036043,-0.00011437869623037464,0.020220994937517136,0,0.028692698922786936
228,10,13,0.2585391365993232,0.066842485153523507,-1,-1,3,1,1,3739,0.015911379378743137,0.076515702044452003,0.060604322665708865,0,0.10000000000000001,0.10000000000000001,0.19147421836312734,0,0,1,1,0.00053490238031559236,0,nan,nan,nan,nan,nan,nan,0,0,0,0,0,nan,0.31505750200588395,-0.0079495430747036043,-0.00011437869623037464,0.0070188415268202589,0,0.028692698922786936
229,13,10,0.2585391365993232,0.066842485153523507,1,1,1,0,1,2652,0.0052914308793524439,0.062423913876672982,0.057132482997320537,0,0.10000000000000001,0.10000000000000001,0.13318027360093049,0,0,1,1,0.00075414781297134241,1277,0.023002001334222814,0.061355107874825718,0.038353106540602908,0.0035643369926455339,0.047765176784523015,0.044200839791877479,0.062170043439107134,0,0,0,0,0,0.4830316742081448,-3.3087174545920337e-05,0.00047625002238615923,0.0069870618912080849,0,0.0037523544133332156
229,13,10,0.2585391365993232,0.066842485153523507,1,1,3,1,1,2637,0.015911379378743137,0.076515702044452003,0.060604322665708865,0,0.10000000000000001,0.10000000000000001,0.12475889573503322,0,0,1,1,0.00075843761850587785,1087,0.027111407605070047,0.059043957467878258,0.031932549862808211,0.0048243442229872939,0.037358238825883919,0.032533894602896622,0.046915080452860393,0,0,0,0,0,0.86082669700417136,-0.0079495430747036043,0.00047625002238615923,0.035465175644009729,0,0.025455216089842241
229,13,10,0.2585391365993232,0.066842485153523507,1,-1,1,0,1,9,0.027671021105301383,0.027811559455498014,0.00014053835019663119,0.0050663136358801483,0.005129786210703256,6.3472574823107697e-05,0.00034856932785028757,0,0,0,0,0,9,0.027671021105301383,0.027811559455498014,0.00014053835019663119,0.0050663136358801483,0.005129786210703256,6.3472574823107697e-05,0.00034856932785028757,0,0,0,0,0,1,4.6775319342102443e-07,1.375093384927808e-05,0.0026206109182160837,0.00065401496556699687,-1.7109423007424004e-06
229,13,10,0.2585391365993232,0.066842485153523507,1,-1,1,0,2,9,0.027820788298414764,0.027980027094335259,0.00015923879592049522,0.0051323224247080811,0.0052015196119786561,6.9197187270574924e-05,0.00038477301134239446,0,0,0,0,0,9,0.027820788298414764,0.027980027094335259,0.00015923879592049522,0.0051323224247080811,0.0052015196119786561,6.9197187270574924e-05,0.00038477301134239446,0,0,0,0,0,1,2.2855669621400603e-06,1.6982163758211169e-05,0.0030970671512882469,0.0014950662259749215,-8.9408920802035804e-06
229,13,10,0.2585391365993232,0.066842485153523507,1,-1,1,0,3,2077,0.027969640302409112,0.058601658699572158,0.030632018397163046,0.0051958049082918229,0.036147188587393617,0.030951383679101795,0.090764083429100473,0,0,0,0,0,1185,0.027969640302409112,0.058601658699572158,0.030632018397163046,0.0051958049082918229,0.036147188587393617,0.030951383679101795,0.089533471922690136,0,0,0,0,0,0.57053442465093884,-9.5958604210116935e-06,0.00047625002238615923,0.0087159989852472752,0,7.5043536400432379e-05
229,13,10,0.2585391365993232,0.066842485153523507,1,-1,1,0,4,9,0.058653771286608709,0.058708063434740408,5.4292148131698803e-05,0.036286260185612318,0.036428661412074147,0.00014240122646182879,0.00034248230435213417,0,0,0,0,0,9,0.058653771286608709,0.058708063434740408,5.4292148131698803e-05,0.036286260185612318,0.036428661412074147,0.00014240122646182879,0.00034248230435213417,0,0,0,0,0,1,1.1964805314972093e-07,6.3874412632275603e-05,0.0050299815413846118,4.1959808137369269e-05,-7.0425019956993613e-09
229,13,10,0.2585391365993232,0.066842485153523507,1,-1,3,1,1,2637,0.015911379378743137,0.076515702044452003,0.060604322665708865,0,0.10000000000000001,0.10000000000000001,0.12475889573503322,0,0,1,1,0.00075843761850587785,1087,0.027111407605070047,0.059043957467878258,0.031932549862808211,0.0048243442229872939,0.037358238825883919,0.032533894602896622,0.046915080452860393,0,0,0,0,0,0.86082669700417136,-0.0079495430747036043,0.00047625002238615923,0.016743923246395009,0,0.025455216089842241
229,13,10,0.2585391365993232,0.066842485153523507,-1,1,1,0,1,182,0,0.0053473988122818804,0.0053473988122818804,0,0.0053668224082319832,0.0053668224082319832,0.0075889487316426144,1,0,1,0,0.01098901098901099,0,nan,nan,nan,nan,nan,nan,0,0,0,0,0,nan,0.016483516483516484,-1.2163603813626335e-07,5.06328050784242e-07,7.1340685292620088e-07,0,0.00025828715841495623
229,13,10,0.2585391365993232,0.066842485153523507,-1,1,3,1,1,3739,0.015911379378743137,0.076515702044452003,0.060604322665708865,0,0.10000000000000001,0.10000000000000001,0.19147421836312734,0,0,1,1,0.00053490238031559236,0,nan,nan,nan,nan,nan,nan,0,0,0,0,0,nan,0.31505750200588395,-0.0079495430747036043,-0.00011437869623037464,0.020220994937517136,0,0.028692698922786936
229,13,10,0.2585391365993232,0.066842485153523507,-1,-1,3,1,1,3739,0.015911379378743137,0.076515702044452003,0.060604322665708865,0,0.10000000000000001,0.10000000000000001,0.19147421836312734,0,0,1,1,0.00053490238031559236,0,nan,nan,nan,nan,nan,nan,0,0,0,0,0,nan,0.31505750200588395,-0.0079495430747036043,-0.00011437869623037464,0.0070188415268202589,0,0.028692698922786936
230,4,16,0.2597107670852305,0.067449682539998848,1,1,1,0,1,2651,0.0053386629788049608,0.062422113116568353,0.057083450137763392,0,0.10000000000000001,0.10000000000000001,0.1331472197531117,0,0,1,1,0.00075443228970199924,1268,0.023215476984656435,0.061353643002546046,0.038138166017889608,0.0036291910864182601,0.047765176784523009,0.04413598569810475,0.06198384001913216,0,0,0,0,0,0.47981893625047151,-3.0201400073586386e-05,0.00046391675439887869,0.0068200489132091945,0,0.003771476987145484
230,4,16,0.2597107670852305,0.067449682539998848,1,1,3,1,1,2637,0.016054727945878575,0.07656742563316471,0.060512697687286135,0,0.10000000000000001,0.10000000000000001,0.1246687617579674,0,0,1,1,0.00075843761850587785,1073,0.027421042147524777,0.058935841531517354,0.031514799383992577,0.0049366244162775182,0.037024683122081389,0.032088058705803869,0.046252071777808774,0,0,0,0,0,0.85930982176715964,-0.0079775609862444644,0.00046391675439887869,0.035390108633738163,0,0.025555927034321718
230,4,16,0.2597107670852305,0.067449682539998848,1,-1,1,0,1,2069,0.028021110589411952,0.058548305415726781,0.03052719482631483,0.0052001459222644313,0.03597672988884567,0.030776583966581238,0.090309144876509942,0,0,0,0,0,1199,0.028021110589411952,0.058548305415726781,0.03052719482631483,0.0052001459222644313,0.03597672988884567,0.030776583966581238,0.089199913776158976,0,0,0,0,0,0.57950700821652967,-9.0029558801927882e-06,0.00046391675439887869,0.0085806008171021939,0,7.3229276893616461e-05
230,4,16,0.2597107670852305,0.067449682539998848,1,-1,3,1,1,2637,0.016054727945878575,0.07656742563316471,0.060512697687286135,0,0.10000000000000001,0.10000000000000001,0.1246687617579674,0,0,1,1,0.00075843761850587785,1073,0.027421042147524777,0.058935841531517354,0.031514799383992577,0.0049366244162775182,0.037024683122081389,0.032088058705803869,0.046252071777808774,0,0,0,0,0,0.85930982176715964,-0.0079775609862444644,0.00046391675439887869,0.016597496602901413,0,0.025555927034321718
230,4,16,0.2597107670852305,0.067449682539998848,-1,1,1,0,1,184,0,0.005395974603199908,0.005395974603199908,0,0.0054157556365760822,0.0054157556365760822,0.0076608770946468979,1,0,1,0,0.010869565217391304,0,nan,nan,nan,nan,nan,nan,0,0,0,0,0,nan,0.016304347826086956,-7.0694734721158531e-08,1.0268190576925054e-07,7.8024379347599239e-07,0,0.00026300982296614676
230,4,16,0.2597107670852305,0.067449682539998848,-1,1,3,1,1,3733,0.016054727945878575,0.07656742563316471,0.060512697687286135,0,0.10000000000000001,0.10000000000000001,0.19099977736729654,0,0,1,1,0.00053576212161800165,0,nan,nan,nan,nan,nan,nan,0,0,0,0,0,nan,0.31636753281542995,-0.0079775609862444644,-0.00011646616767351363,0.020315399961724153,0,0.028585946039153407
230,4,16,0.2597107670852305,0.067449682539998848,-1,-1,3,1,1,3733,0.016054727945878575,0.07656742563316471,0.060512697687286135,0,0.10000000000000001,0.10000000000000001,0.19099977736729654,0,0,1,1,0.00053576212161800165,0,nan,nan,nan,nan,nan,nan,0,0,0,0,0,nan,0.31636753281542995,-0.0079775609862444644,-0.00011646616767351363,0.0070428562295924502,0,0.028585946039153407
231,16,4,0.2597107670852305,0.067449682539998848,1,1,1,0,1,2651,0.0053386629788049608,0.062422113116568353,0.057083450137763392,0,0.10000000000000001,0.10000000000000001,0.1331472197531117,0,0,1,1,0.00075443228970199924,1268,0.023215476984656435,0.061353643002546046,0.038138166017889608,0.0036291910864182601,0.047765176784523009,0.04413598569810475,0.06198384001913216,0,0,0,0,0,0.47981893625047151,-3.0201400073586386e-05,0.00046391675439887869,0.0068200489132091945,0,0.003771476987145484
231,16,4,0.2597107670852305,0.067449682539998848,1,1,3,1,1,2637,0.016054727945878575,0.07656742563316471,0.060512697687286135,0,0.10000000000000001,0.10000000000000001,0.1246687617579674,0,0,1,1,0.00075843761850587785,1073,0.027421042147524777,0.058935841531517354,0.031514799383992577,0.0049366244162775182,0.037024683122081389,0.032088058705803869,0.046252071777808774,0,0,0,0,0,0.85930982176715964,-0.0079775609862444644,0.00046391675439887869,0.035390108633738163,0,0.025555927034321718
231,16,4,0.2597107670852305,0.067449682539998848,1,-1,1,0,1,2069,0.028021110589411952,0.058548305415726781,0.03052719482631483,0.0052001459222644313,0.03597672988884567,0.030776583966581238,0.090309144876509942,0,0,0,0,0,1199,0.028021110589411952,0.058548305415726781,0.03052719482631483,0.0052001459222644313,0.03597672988884567,0.030776583966581238,0.089199913776158976,0,0,0,0,0,0.57950700821652967,-9.0029558801927882e-06,0.00046391675439887869,0.0085806008171021939,0,7.3229276893616461e-05
231,16,4,0.2597107670852305,0.067449682539998848,1,-1,3,1,1,2637,0.016054727945878575,0.07656742563316471,0.060512697687286135,0,0.10000000000000001,0.10000000000000001,0.1246687617579674,0,0,1,1,0.00075843761850587785,1073,0.027421042147524777,0.058935841531517354,0.031514799383992577,0.0049366244162775182,0.037024683122081389,0.032088058705803869,0.046252071777808774,0,0,0,0,0,0.85930982176715964,-0.0079775609862444644,0.00046391675439887869,0.016597496602901413,0,0.025555927034321718
231,16,4,0.2597107670852305,0.067449682539998848,-1,1,1,0,1,184,0,0.005395974603199908,0.005395974603199908,0,0.0054157556365760822,0.0054157556365760822,0.0076608770946468979,1,0,1,0,0.010869565217391304,0,nan,nan,nan,nan,nan,nan,0,0,0,0,0,nan,0.016304347826086956,-7.0694734721158531e-08,1.0268190576925054e-07,7.8024379347599239e-07,0,0.00026300982296614676
231,16,4,0.2597107670852305,0.067449682539998848,-1,1,3,1,1,3733,0.016054727945878575,0.07656742563316471,0.060512697687286135,0,0.10000000000000001,0.10000000000000001,0.19099977736729654,0,0,1,1,0.00053576212161800165,0,nan,nan,nan,nan,nan,nan,0,0,0,0,0,nan,0.31636753281542995,-0.0079775609862444644,-0.00011646616767351363,0.020315399961724153,0,0.028585946039153407
231,16,4,0.2597107670852305,0.067449682539998848,-1,-1,3,1,1,3733,0.016054727945878575,0.07656742563316471,0.060512697687286135,0,0.10000000000000001,0.10000000000000001,0.19099977736729654,0,0,1,1,0.00053576212161800165,0,nan,nan,nan,nan,nan,nan,0,0,0,0,0,nan,0.31636753281542995,-0.0079775609862444644,-0.00011646616767351363,0.0070428562295924502,0,0.028585946039153407
232,7,15,0.26079491367300561,0.068013986997710441,1,1,1,0,1,2651,0.0053825916145871884,0.062420562130666726,0.057037970516079541,0,0.099999999999999992,0.099999999999999992,0.13313366409010396,0,0,1,1,0.00075443228970199924,1253,0.02342895263509006,0.061300640943994913,0.037871688308904854,0.0036943360627806404,0.047431621080720479,0.043737285017939838,0.061422151386497911,0,0,0,0,0,0.47453791022255754,-3.1529140330321408e-05,0.00045246270805786667,0.0066700351668183642,0,0.0037897811178665892
232,7,15,0.26079491367300561,0.068013986997710441,1,1,3,1,1,2634,0.016188005086817871,0.076615521955060606,0.060427516868242735,0,0.10000000000000001,0.10000000000000001,0.12458173413396904,0,0,1,1,0.00075930144267274111,1059,0.027751834556370914,0.058849308431661279,0.031097473875290365,0.0050614216492697499,0.036757838559039357,0.031696416909769605,0.045633574883734609,0,0,0,0,0,0.85649202733485197,-0.008003613774600361,0.00045246270805786667,0.035363537269017357,0,0.025649598980915816
232,7,15,0.26079491367300561,0.068013986997710441,1,-1,1,0,1,9,0.028216518000867958,0.028344075097433058,0.00012755709656510003,0.0052668378935909043,0.0053258024720508664,5.8964578459962114e-05,0.00031887683578718415,0,0,0,0,0,8,0.028216518000867958,0.028344075097433058,0.00012755709656510003,0.005267893732609919,0.0053258024720508664,5.7908739440947453e-05,0.00031792676850415219,0,0,0,0,0,0.88888888888888884,-4.5544904900840792e-08,1.2424693267795101e-05,0.0024080080183848107,0,3.1784257400102439e-07
232,7,15,0.26079491367300561,0.068013986997710441,1,-1,1,0,2,9,0.02836317939031998,0.028507375506376168,0.00014419611605618818,0.0053328816212588814,0.0053990233218416872,6.6141700582805774e-05,0.00035723190853026795,0,0,0,0,0,9,0.02836317939031998,0.028507375506376168,0.00014419611605618818,0.0053328816212588814,0.0053990233218416872,6.6141700582805774e-05,0.00035723190853026795,0,0,0,0,0,1,1.6276240638849767e-06,1.5663359873307724e-05,0.0029445123418724967,0.0012590293815067466,-6.3406199339890432e-06
232,7,15,0.26079491367300561,0.068013986997710441,1,-1,1,0,3,2025,0.028508965468484936,0.058388663443353035,0.0298796979748681,0.0053987743366585251,0.035537431162262101,0.030138656825603575,0.088301847749632192,0,0,0,0,0,1178,0.028508965468484936,0.058388663443353035,0.0298796979748681,0.0053987743366585251,0.035537431162262101,0.030138656825603575,0.087219802525894952,0,0,0,0,0,0.58172839506172835,-8.1963623877334154e-06,0.00045246270805786667,0.0085334328437723095,0,7.1458407819408675e-05
232,7,15,0.26079491367300561,0.068013986997710441,1,-1,3,1,1,2634,0.016188005086817871,0.076615521955060606,0.060427516868242735,0,0.10000000000000001,0.10000000000000001,0.12458173413396904,0,0,1,1,0.00075930144267274111,1059,0.027751834556370914,0.058849308431661279,0.031097473875290365,0.0050614216492697499,0.036757838559039357,0.031696416909769605,0.045633574883734609,0,0,0,0,0,0.85649202733485197,-0.008003613774600361,0.00045246270805786667,0.016480940255530169,0,0.025649598980915816
232,7,15,0.26079491367300561,0.068013986997710441,-1,1,1,0,1,184,0,0.0054411189598168354,0.0054411189598168354,0,0.0054612354324201674,0.0054612354324201674,0.007728499449459381,1,0,1,0,0.010869565217391304,0,nan,nan,nan,nan,nan,nan,0,0,0,0,0,nan,0.010869565217391304,-9.2477634530456433e-08,0,6.7025196588560227e-07,0,0.00026743739687390818
232,7,15,0.26079491367300561,0.068013986997710441,-1,1,3,1,1,3728,0.016188005086817871,0.076615521955060606,0.060427516868242735,0,0.10000000000000001,0.10000000000000001,0.19083791649029963,0,0,1,1,0.00053648068669527897,0,nan,nan,nan,nan,nan,nan,0,0,0,0,0,nan,0.31786480686695279,-0.008003613774600361,-0.00011842310213951297,0.020407168808985385,0,0.028486647778869837
232,7,15,0.26079491367300561,0.068013986997710441,-1,-1,3,1,1,3728,0.016188005086817871,0.076615521955060606,0.060427516868242735,0,0.10000000000000001,0.10000000000000001,0.19083791649029963,0,0,1,1,0.00053648068669527897,0,nan,nan,nan,nan,nan,nan,0,0,0,0,0,nan,0.31786480686695279,-0.008003613774600361,-0.00011842310213951297,0.0070678222565689662,0,0.028486647778869837
233,15,7,0.26079491367300561,0.068013986997710441,1,1,1,0,1,2651,0.0053825916145871884,0.062420562130666726,0.057037970516079541,0,0.099999999999999992,0.099999999999999992,0.13313366409010396,0,0,1,1,0.00075443228970199924,1253,0.02342895263509006,0.061300640943994913,0.037871688308904854,0.0036943360627806404,0.047431621080720479,0.043737285017939838,0.061422151386497911,0,0,0,0,0,0.47453791022255754,-3.1529140330321408e-05,0.00045246270805786667,0.0066700351668183642,0,0.0037897811178665892
233,15,7,0.26079491367300561,0.068013986997710441,1,1,3,1,1,2634,0.016188005086817871,0.076615521955060606,0.060427516868242735,0,0.10000000000000001,0.10000000000000001,0.12458173413396904,0,0,1,1,0.00075930144267274111,1059,0.027751834556370914,0.058849308431661279,0.031097473875290365,0.0050614216492697499,0.036757838559039357,0.031696416909769605,0.045633574883734609,0,0,0,0,0,0.85649202733485197,-0.008003613774600361,0.00045246270805786667,0.035363537269017357,0,0.025649598980915816
233,15,7,0.26079491367300561,0.068013986997710441,1,-1,1,0,1,9,0.028216518000867958,0.028344075097433058,0.00012755709656510003,0.0052668378935909043,0.0053258024720508664,5.8964578459962114e-05,0.00031887683578718415,0,0,0,0,0,8,0.028216518000867958,0.028344075097433058,0.00012755709656510003,0.005267893732609919,0.0053258024720508664,5.7908739440947453e-05,0.00031792676850415219,0,0,0,0,0,0.88888888888888884,-4.5544904900840792e-08,1.2424693267795101e-05,0.0024080080183848107,0,3.1784257400102439e-07
233,15,7,0.26079491367300561,0.068013986997710441,1,-1,1,0,2,9,0.02836317939031998,0.028507375506376168,0.00014419611605618818,0.0053328816212588814,0.0053990233218416872,6.6141700582805774e-05,0.00035723190853026795,0,0,0,0,0,9,0.02836317939031998,0.028507375506376168,0.00014419611605618818,0.0053328816212588814,0.0053990233218416872,6.6141700582805774e-05,0.00035723190853026795,0,0,0,0,0,1,1.6276240638849767e-06,1.5663359873307724e-05,0.0029445123418724967,0.0012590293815067466,-6.3406199339890432e-06
233,15,7,0.26079491367300561,0.068013986997710441,1,-1,1,0,3,2025,0.028508965468484936,0.058388663443353035,0.0298796979748681,0.0053987743366585251,0.035537431162262101,0.030138656825603575,0.088301847749632192,0,0,0,0,0,1178,0.028508965468484936,0.058388663443353035,0.0298796979748681,0.0053987743366585251,0.035537431162262101,0.030138656825603575,0.087219802525894952,0,0,0,0,0,0.58172839506172835,-8.1963623877334154e-06,0.00045246270805786667,0.0085334328437723095,0,7.1458407819408675e-05
233,15,7,0.26079491367300561,0.068013986997710441,1,-1,3,1,1,2634,0.016188005086817871,0.076615521955060606,0.060427516868242735,0,0.10000000000000001,0.10000000000000001,0.12458173413396904,0,0,1,1,0.00075930144267274111,1059,0.027751834556370914,0.058849308431661279,0.031097473875290365,0.0050614216492697499,0.036757838559039357,0.031696416909769605,0.045633574883734609,0,0,0,0,0,0.85649202733485197,-0.008003613774600361,0.00045246270805786667,0.016480940255530169,0,0.025649598980915816
233,15,7,0.26079491367300561,0.068013986997710441,-1,1,1,0,1,184,0,0.0054411189598168354,0.0054411189598168354,0,0.0054612354324201674,0.0054612354324201674,0.007728499449459381,1,0,1,0,0.010869565217391304,0,nan,nan,nan,nan,nan,nan,0,0,0,0,0,nan,0.010869565217391304,-9.2477634530456433e-08,0,6.7025196588560227e-07,0,0.00026743739687390818
233,15,7,0.26079491367300561,0.068013986997710441,-1,1,3,1,1,3728,0.016188005086817871,0.076615521955060606,0.060427516868242735,0,0.10000000000000001,0.10000000000000001,0.19083791649029963,0,0,1,1,0.00053648068669527897,0,nan,nan,nan,nan,nan,nan,0,0,0,0,0,nan,0.31786480686695279,-0.008003613774600361,-0.00011842310213951297,0.020407168808985385,0,0.028486647778869837
233,15,7,0.26079491367300561,0.068013986997710441,-1,-1,3,1,1,3728,0.016188005086817871,0.076615521955060606,0.060427516868242735,0,0.10000000000000001,0.10000000000000001,0.19083791649029963,0,0,1,1,0.00053648068669527897,0,nan,nan,nan,nan,nan,nan,0,0,0,0,0,nan,0.31786480686695279,-0.008003613774600361,-0.00011842310213951297,0.0070678222565689662,0,0.028486647778869837
234,9,14,0.26230360296293775,0.068803180127338492,1,1,1,0,1,2649,0.0054440711058353587,0.062418485527664658,0.056974414421829302,0,0.10000000000000001,0.10000000000000001,0.13309224963958147,0,0,1,1,0.00075500188750471874,1244,0.023855903935957302,0.061191799610944245,0.037335895674986942,0.0038245621610810748,0.046764509673115406,0.042939947512034331,0.060338428245318612,0,0,0,0,0,0.47112117780294449,-3.0800941132127393e-05,0.00043647969846450914,0.0064634849474984081,0,0.0038155934173602518
234,9,14,0.26230360296293775,0.068803180127338492,1,1,3,1,1,2633,0.016374480753501827,0.07668282600286945,0.060308345249367623,0,0.10000000000000001,0.10000000000000001,0.12446143721046229,0,0,1,1,0.00075958982149639193,1042,0.02812541694462975,0.058716055317100113,0.030590638372470363,0.0051987118678192444,0.036357571714476317,0.031158859846657071,0.044835406125647959,0,0,0,0,0,0.85377895936194459,-0.0080400709592122685,0.00043647969846450914,0.035268026212658565,0,0.025780719597669588
234,9,14,0.26230360296293775,0.068803180127338492,1,-1,1,0,1,2003,0.028863596199697278,0.058334668810949161,0.029471072611251883,0.0055322665523563561,0.035361932796735392,0.029829666244379036,0.087266587614091923,0,0,0,0,0,1185,0.028863596199697278,0.058334668810949161,0.029471072611251883,0.0055322665523563561,0.035361932796735392,0.029829666244379036,0.086254291177868522,0,0,0,0,0,0.5916125811283075,-9.2498171103359963e-06,0.00043647969846450914,0.0083975712226342075,0,6.7529762982312174e-05
234,9,14,0.26230360296293775,0.068803180127338492,1,-1,3,1,1,2633,0.016374480753501827,0.07668282600286945,0.060308345249367623,0,0.10000000000000001,0.10000000000000001,0.12446143721046229,0,0,1,1,0.00075958982149639193,1042,0.02812541694462975,0.058716055317100113,0.030590638372470363,0.0051987118678192444,0.036357571714476317,0.031158859846657071,0.044835406125647959,0,0,0,0,0,0.85377895936194459,-0.0080400709592122685,0.00043647969846450914,0.016293805656809095,0,0.025780719597669588
234,9,14,0.26230360296293775,0.068803180127338492,-1,1,1,0,1,187,0,0.0055042544101870797,0.0055042544101870797,0,0.0055248451657623539,0.0055248451657623539,0.0078248891018648237,1,0,1,0,0.0106951871657754,0,nan,nan,nan,nan,nan,nan,0,0,0,0,0,nan,0.0106951871657754,-8.2075880873426694e-08,0,3.7379494192868458e-07,0,0.00027369170919041771
234,9,14,0.26230360296293775,0.068803180127338492,-1,1,3,1,1,3723,0.016374480753501827,0.07668282600286945,0.060308345249367623,0,0.10000000000000001,0.10000000000000001,0.19052062517228457,0,0,1,1,0.00053720118184260007,0,nan,nan,nan,nan,nan,nan,0,0,0,0,0,nan,0.31990330378726833,-0.0080400709592122685,-0.00012118726644825565,0.020505297766947109,0,0.028347655532816828
234,9,14,0.26230360296293775,0.068803180127338492,-1,-1,3,1,1,3723,0.016374480753501827,0.07668282600286945,0.060308345249367623,0,0.10000000000000001,0.10000000000000001,0.19052062517228457,0,0,1,1,0.00053720118184260007,0,nan,nan,nan,nan,nan,nan,0,0,0,0,0,nan,0.31990330378726833,-0.0080400709592122685,-0.00012118726644825565,0.0070906573992408151,0,0.028347655532816828
235,14,9,0.26230360296293775,0.068803180127338492,1,1,1,0,1,2649,0.0054440711058353587,0.062418485527664658,0.056974414421829302,0,0.10000000000000001,0.10000000000000001,0.13309224963958147,0,0,1,1,0.00075500188750471874,1244,0.023855903935957302,0.061191799610944245,0.037335895674986942,0.0038245621610810748,0.046764509673115406,0.042939947512034331,0.060338428245318612,0,0,0,0,0,0.47112117780294449,-3.0800941132127393e-05,0.00043647969846450914,0.0064634849474984081,0,0.0038155934173602518
235,14,9,0.26230360296293775,0.068803180127338492,1,1,3,1,1,2633,0.016374480753501827,0.07668282600286945,0.060308345249367623,0,0.10000000000000001,0.10000000000000001,0.12446143721046229,0,0,1,1,0.00075958982149639193,1042,0.02812541694462975,0.058716055317100113,0.030590638372470363,0.0051987118678192444,0.036357571714476317,0.031158859846657071,0.044835406125647959,0,0,0,0,0,0.85377895936194459,-0.0080400709592122685,0.00043647969846450914,0.035268026212658565,0,0.025780719597669588
235,14,9,0.26230360296293775,0.068803180127338492,1,-1,1,0,1,2003,0.028863596199697278,0.058334668810949161,0.029471072611251883,0.0055322665523563561,0.035361932796735392,0.029829666244379036,0.087266587614091923,0,0,0,0,0,1185,0.028863596199697278,0.058334668810949161,0.029471072611251883,0.0055322665523563561,0.035361932796735392,0.029829666244379036,0.086254291177868522,0,0,0,0,0,0.5916125811283075,-9.2498171103359963e-06,0.00043647969846450914,0.0083975712226342075,0,6.7529762982312174e-05
235,14,9,0.26230360296293775,0.068803180127338492,1,-1,3,1,1,2633,0.016374480753501827,0.07668282600286945,0.060308345249367623,0,0.10000000000000001,0.10000000000000001,0.12446143721046229,0,0,1,1,0.00075958982149639193,1042,0.02812541694462975,0.058716055317100113,0.030590638372470363,0.0051987118678192444,0.036357571714476317,0.031158859846657071,0.044835406125647959,0,0,0,0,0,0.85377895936194459,-0.0080400709592122685,0.00043647969846450914,0.016293805656809095,0,0.025780719597669588
235,14,9,0.26230360296293775,0.068803180127338492,-1,1,1,0,1,187,0,0.0055042544101870797,0.0055042544101870797,0,0.0055248451657623539,0.0055248451657623539,0.0078248891018648237,1,0,1,0,0.0106951871657754,0,nan,nan,nan,nan,nan,nan,0,0,0,0,0,nan,0.0106951871657754,-8.2075880873426694e-08,0,3.7379494192868458e-07,0,0.00027369170919041771
235,14,9,0.26230360296293775,0.068803180127338492,-1,1,3,1,1,3723,0.016374480753501827,0.07668282600286945,0.060308345249367623,0,0.10000000000000001,0.10000000000000001,0.19052062517228457,0,0,1,1,0.00053720118184260007,0,nan,nan,nan,nan,nan,nan,0,0,0,0,0,nan,0.31990330378726833,-0.0080400709592122685,-0.00012118726644825565,0.020505297766947109,0,0.028347655532816828
235,14,9,0.26230360296293775,0.068803180127338492,-1,-1,3,1,1,3723,0.016374480753501827,0.07668282600286945,0.060308345249367623,0,0.10000000000000001,0.10000000000000001,0.19052062517228457,0,0,1,1,0.00053720118184260007,0,nan,nan,nan,nan,nan,nan,0,0,0,0,0,nan,0.31990330378726833,-0.0080400709592122685,-0.00012118726644825565,0.0070906573992408151,0,0.028347655532816828
236,5,16,0.26399016706574358,0.06969080830739921,1,1,1,0,1,2648,0.0055132868624468961,0.062416221964387106,0.056902935101940208,0,0.10000000000000001,0.10000000000000001,0.13308820896645757,0,0,1,1,0.00075528700906344411,1226,0.024282855236824549,0.061144385460577197,0.036861530223752645,0.0039580370109576022,0.046497665110073381,0.042539628099115781,0.05966812960408175,0,0,0,0,0,0.46450151057401812,-2.9694726316441321e-05,0.00041853011736959659,0.006219662890459097,0,0.00384491696977644
236,5,16,0.26399016706574358,0.06969080830739921,1,1,3,1,1,2631,0.01658432959939966,0.076758587018667349,0.060174257419267685,0,0.10000000000000001,0.10000000000000001,0.12433028447109692,0,0,1,1,0.00076016723679209425,1021,0.028605737158105403,0.058581497249536534,0.029975760091431131,0.0053834089141896546,0.035957304869913276,0.030573895955723622,0.043922470832339487,0,0,0,0,0,0.84796655264158116,-0.0080811080628309783,0.00041853011736959659,0.035204729967894782,0,0.025928367468779266
236,5,16,0.26399016706574358,0.06969080830739921,1,-1,1,0,1,9,0.029080138848404873,0.029197429834268391,0.00011729098586351835,0.005600641767502277,0.0056566675140494287,5.60257465471517e-05,0.00029588026333900847,0,0,0,0,0,8,0.029080138848404873,0.029197429834268391,0.00011729098586351835,0.0056017438385954146,0.0056566675140494287,5.4923675454014026e-05,0.0002949651915764613,0,0,0,0,0,0.88888888888888884,-9.4442551890874717e-08,1.1954527890065076e-05,0.002395756565808484,0,4.9688562561614194e-07
236,5,16,0.26399016706574358,0.06969080830739921,1,-1,1,0,2,9,0.029222003383418536,0.029359522223477055,0.00013751884005851894,0.0056666570827851636,0.0057323398594913005,6.5682776706136974e-05,0.00034563286741914759,0,0,0,0,0,9,0.029222003383418536,0.029359522223477055,0.00013751884005851894,0.0056666570827851636,0.0057323398594913005,6.5682776706136974e-05,0.00034563286741914759,0,0,0,0,0,1,1.0399780348033607e-06,1.5210191122591588e-05,0.0028578318658219531,0.0009996248794625275,-3.9969995985618908e-06
236,5,16,0.26399016706574358,0.06969080830739921,1,-1,1,0,3,1951,0.029363051891203543,0.058121612939801365,0.028758561048597822,0.0057325785283453652,0.034788638604211962,0.029056060075866596,0.084919411597979971,0,0,0,0,0,1162,0.029363051891203543,0.058121110419414299,0.028758058528210756,0.0057325785283453652,0.034788638604211962,0.029056060075866596,0.084035462932175606,0,0,0,0,0,0.59559200410046131,-7.9060033405202045e-06,0.00041853011736959659,0.0082522856686938623,0,6.6180165247735356e-05
236,5,16,0.26399016706574358,0.06969080830739921,1,-1,3,1,1,2631,0.01658432959939966,0.076758587018667349,0.060174257419267685,0,0.10000000000000001,0.10000000000000001,0.12433028447109692,0,0,1,1,0.00076016723679209425,1021,0.028605737158105403,0.058581497249536534,0.029975760091431131,0.0053834089141896546,0.035957304869913276,0.030573895955723622,0.043922470832339487,0,0,0,0,0,0.84796655264158116,-0.0080811080628309783,0.00041853011736959659,0.016095667001253179,0,0.025928367468779266
236,5,16,0.26399016706574358,0.06969080830739921,-1,1,1,0,1,189,0,0.005575264664591937,0.005575264664591937,0,0.0055963952028801871,0.0055963952028801871,0.007938445978098542,1,0,1,0,0.010582010582010581,0,nan,nan,nan,nan,nan,nan,0,0,0,0,0,nan,0.010582010582010581,-1.8630310400398746e-07,0,4.6412389108513235e-07,0,0.00028081280192392784
236,5,16,0.26399016706574358,0.06969080830739921,-1,1,3,1,1,3725,0.01658432959939966,0.076758587018667349,0.060174257419267685,0,0.10000000000000001,0.10000000000000001,0.1903794776156153,0,0,1,1,0.0005369127516778523,0,nan,nan,nan,nan,nan,nan,0,0,0,0,0,nan,0.32268456375838928,-0.0080811080628309783,-0.00012433430432098977,0.020609700397462589,0,0.028191149151196058
236,5,16,0.26399016706574358,0.06969080830739921,-1,-1,3,1,1,3725,0.01658432959939966,0.076758587018667349,0.060174257419267685,0,0.10000000000000001,0.10000000000000001,0.1903794776156153,0,0,1,1,0.0005369127516778523,0,nan,nan,nan,nan,nan,nan,0,0,0,0,0,nan,0.32268456375838928,-0.0080811080628309783,-0.00012433430432098977,0.0071150473435623082,0,0.028191149151196058
237,16,5,0.26399016706574358,0.06969080830739921,1,1,1,0,1,2648,0.0055132868624468961,0.062416221964387106,0.056902935101940208,0,0.10000000000000001,0.10000000000000001,0.13308820896645757,0,0,1,1,0.00075528700906344411,1226,0.024282855236824549,0.061144385460577197,0.036861530223752645,0.0039580370109576022,0.046497665110073381,0.042539628099115781,0.05966812960408175,0,0,0,0,0,0.46450151057401812,-2.9694726316441321e-05,0.00041853011736959659,0.006219662890459097,0,0.00384491696977644
237,16,5,0.26399016706574358,0.06969080830739921,1,1,3,1,1,2631,0.01658432959939966,0.076758587018667349,0.060174257419267685,0,0.10000000000000001,0.10000000000000001,0.12433028447109692,0,0,1,1,0.00076016723679209425,1021,0.028605737158105403,0.058581497249536534,0.029975760091431131,0.0053834089141896546,0.035957304869913276,0.030573895955723622,0.043922470832339487,0,0,0,0,0,0.84796655264158116,-0.0080811080628309783,0.00041853011736959659,0.035204729967894782,0,0.025928367468779266
237,16,5,0.26399016706574358,0.06969080830739921,1,-1,1,0,1,9,0.029080138848404873,0.029197429834268391,0.00011729098586351835,0.005600641767502277,0.0056566675140494287,5.60257465471517e-05,0.00029588026333900847,0,0,0,0,0,8,0.029080138848404873,0.029197429834268391,0.00011729098586351835,0.0056017438385954146,0.0056566675140494287,5.4923675454014026e-05,0.0002949651915764613,0,0,0,0,0,0.88888888888888884,-9.4442551890874717e-08,1.1954527890065076e-05,0.002395756565808484,0,4.9688562561614194e-07
237,16,5,0.26399016706574358,0.06969080830739921,1,-1,1,0,2,9,0.029222003383418536,0.029359522223477055,0.00013751884005851894,0.0056666570827851636,0.0057323398594913005,6.5682776706136974e-05,0.00034563286741914759,0,0,0,0,0,9,0.029222003383418536,0.029359522223477055,0.00013751884005851894,0.0056666570827851636,0.0057323398594913005,6.5682776706136974e-05,0.00034563286741914759,0,0,0,0,0,1,1.0399780348033607e-06,1.5210191122591588e-05,0.0028578318658219531,0.0009996248794625275,-3.9969995985618908e-06
237,16,5,0.26399016706574358,0.06969080830739921,1,-1,1,0,3,1951,0.029363051891203543,0.058121612939801365,0.028758561048597822,0.0057325785283453652,0.034788638604211962,0.029056060075866596,0.084919411597979971,0,0,0,0,0,1162,0.029363051891203543,0.058121110419414299,0.028758058528210756,0.0057325785283453652,0.034788638604211962,0.029056060075866596,0.084035462932175606,0,0,0,0,0,0.59559200410046131,-7.9060033405202045e-06,0.00041853011736959659,0.0082522856686938623,0,6.6180165247735356e-05
237,16,5,0.26399016706574358,0.06969080830739921,1,-1,3,1,1,2631,0.01658432959939966,0.076758587018667349,0.060174257419267685,0,0.10000000000000001,0.10000000000000001,0.12433028447109692,0,0,1,1,0.00076016723679209425,1021,0.028605737158105403,0.058581497249536534,0.029975760091431131,0.0053834089141896546,0.035957304869913276,0.030573895955723622,0.043922470832339487,0,0,0,0,0,0.84796655264158116,-0.0080811080628309783,0.00041853011736959659,0.016095667001253179,0,0.025928367468779266
237,16,5,0.26399016706574358,0.06969080830739921,-1,1,1,0,1,189,0,0.005575264664591937,0.005575264664591937,0,0.0055963952028801871,0.0055963952028801871,0.007938445978098542,1,0,1,0,0.010582010582010581,0,nan,nan,nan,nan,nan,nan,0,0,0,0,0,nan,0.010582010582010581,-1.8630310400398746e-07,0,4.6412389108513235e-07,0,0.00028081280192392784
237,16,5,0.26399016706574358,0.06969080830739921,-1,1,3,1,1,3725,0.01658432959939966,0.076758587018667349,0.060174257419267685,0,0.10000000000000001,0.10000000000000001,0.1903794776156153,0,0,1,1,0.0005369127516778523,0,nan,nan,nan,nan,nan,nan,0,0,0,0,0,nan,0.32268456375838928,-0.0080811080628309783,-0.00012433430432098977,0.020609700397462589,0,0.028191149151196058
237,16,5,0.26399016706574358,0.06969080830739921,-1,-1,3,1,1,3725,0.01658432959939966,0.076758587018667349,0.060174257419267685,0,0.10000000000000001,0.10000000000000001,0.1903794776156153,0,0,1,1,0.0005369127516778523,0,nan,nan,nan,nan,nan,nan,0,0,0,0,0,nan,0.32268456375838928,-0.0080811080628309783,-0.00012433430432098977,0.0071150473435623082,0,0.028191149151196058
238,12,12,0.26751209382022056,0.071562720340078489,1,1,1,0,1,2645,0.0056594553544866057,0.062411588882967647,0.05675213352848104,0,0.10000000000000001,0.10000000000000001,0.13301354416729524,0,0,1,1,0.00075614366729678643,1179,0.025136757838559037,0.060926987956874568,0.03579023011831553,0.0042327682643331262,0.045296864576384252,0.041064096312051129,0.057591343287131044,0,0,0,0,0,0.44725897920604912,-2.8084799703868133e-05,0.00038084724464516694,0.0057029474578097674,0,0.0039077391293225626
238,12,12,0.26751209382022056,0.071562720340078489,1,1,3,1,1,2624,0.017026094386180291,0.076918562693568115,0.059892468307387828,0,0.10000000000000001,0.10000000000000001,0.12404742165143907,0,0,1,1,0.00076219512195121954,975,0.029619746497665106,0.058225851089552395,0.028606104591887289,0.0057861529952842458,0.034956637758505667,0.02917048476322142,0.041818524419919553,0,0,0,0,0,0.83955792682926833,-0.008167759638113347,0.00038084724464516694,0.035059743377253851,0,0.026240324510850441
238,12,12,0.26751209382022056,0.071562720340078489,1,-1,1,0,1,9,0.030343399856393463,0.030482843817602336,0.00013944396120887242,0.0061333523069526082,0.0062017487910518195,6.839648409921132e-05,0.00035065391439178763,0,0,0,0,0,9,0.030343399856393463,0.030482843817602336,0.00013944396120887242,0.0061333523069526082,0.0062017487910518195,6.839648409921132e-05,0.00035065391439178763,0,0,0,0,0,1,2.4599617681575172e-06,1.7536157545822582e-05,0.0032102745348503883,0.001554767722770855,-9.6692106870802801e-06
238,12,12,0.26751209382022056,0.071562720340078489,1,-1,1,0,2,1845,0.030478466309618719,0.05769510063399446,0.027216634324375742,0.0061991804070588843,0.033683395634399774,0.027484215227340889,0.080166354583140947,0,0,0,0,0,1095,0.030478466309618719,0.05769510063399446,0.027216634324375742,0.0061991804070588843,0.033683395634399774,0.027484215227340889,0.079327383346761662,0,0,0,0,0,0.5934959349593496,-7.6687909917254831e-06,0.00038084724464516694,0.0079516908808285724,0,6.0044129007841264e-05
238,12,12,0.26751209382022056,0.071562720340078489,1,-1,3,1,1,2624,0.017026094386180291,0.076918562693568115,0.059892468307387828,0,0.10000000000000001,0.10000000000000001,0.12404742165143907,0,0,1,1,0.00076219512195121954,975,0.029619746497665106,0.058225851089552395,0.028606104591887289,0.0057861529952842458,0.034956637758505667,0.02917048476322142,0.041818524419919553,0,0,0,0,0,0.83955792682926833,-0.008167759638113347,0.00038084724464516694,0.015680394212393318,0,0.026240324510850441
238,12,12,0.26751209382022056,0.071562720340078489,-1,1,1,0,1,197,0,0.0057250176272062797,0.0057250176272062797,0,0.005747310508847036,0.005747310508847036,0.0082045688808692445,1,0,1,0,0.01015228426395939,0,nan,nan,nan,nan,nan,nan,0,0,0,0,0,nan,0.02030456852791878,-3.4171619228878564e-07,0,9.5228386253641377e-07,0,0.00029613146828291211
238,12,12,0.26751209382022056,0.071562720340078489,-1,1,3,1,1,3712,0.017026094386180291,0.076918562693568115,0.059892468307387828,0,0.10000000000000001,0.10000000000000001,0.18971164025509402,0,0,1,1,0.00053879310344827585,0,nan,nan,nan,nan,nan,nan,0,0,0,0,0,nan,0.32731681034482757,-0.008167759638113347,-0.00013110330732729044,0.020879680423792329,0,0.0278605293174892
238,12,12,0.26751209382022056,0.071562720340078489,-1,-1,3,1,1,3712,0.017026094386180291,0.076918562693568115,0.059892468307387828,0,0.10000000000000001,0.10000000000000001,0.18971164025509402,0,0,1,1,0.00053879310344827585,0,nan,nan,nan,nan,nan,nan,0,0,0,0,0,nan,0.32731681034482757,-0.008167759638113347,-0.00013110330732729044,0.0071833363489565167,0,0.0278605293174892
239,0,17,0.26757256020895825,0.071595074976776585,1,1,1,0,1,2645,0.0056619846253086973,0.062411510060672248,0.056749525435363553,0,0.10000000000000001,0.10000000000000001,0.13301592555268921,0,0,1,1,0.00075614366729678643,1180,0.025136757838559037,0.060926902394599219,0.035790144556040182,0.0042328549694674684,0.045296864576384252,0.041064009606916786,0.057597757219284056,0,0,0,0,0,0.44763705103969753,-2.827959125661152e-05,0.00038019825068405137,0.0056940420375317302,0,0.0039088364025725679
239,0,17,0.26757256020895825,0.071595074976776585,1,1,3,1,1,2624,0.01703369848333006,0.076921330558059456,0.059887632074729399,0,0.10000000000000001,0.10000000000000001,0.12404252897401249,0,0,1,1,0.00076219512195121954,974,0.029659386561012885,0.05822647589214909,0.028567089331136206,0.0058038692461641079,0.034956637758505667,0.029152768512341561,0.041776142389606308,0,0,0,0,0,0.83917682926829273,-0.0081692587857257627,0.00038019825068405137,0.035053373955703002,0,0.026245723905251615
239,0,17,0.26757256020895825,0.071595074976776585,1,-1,1,0,1,9,0.030346003578102094,0.030482408009538952,0.00013640443143685815,0.0061334482296551739,0.0062004631237981798,6.7014894143005953e-05,0.00034336674972713791,0,0,0,0,0,9,0.030346003578102094,0.030482408009538952,0.00013640443143685815,0.0061334482296551739,0.0062004631237981798,6.7014894143005953e-05,0.00034336674972713791,0,0,0,0,0,1,2.4000683086745846e-06,1.7171984483883428e-05,0.003185486253141084,0.0015359411431237115,-9.4364607805606958e-06
239,0,17,0.26757256020895825,0.071595074976776585,1,-1,1,0,2,1845,0.030481060591977409,0.057694952733390918,0.027213892141413509,0.0061992816095621942,0.033681733986163254,0.02748245237660106,0.080158819264669168,0,0,0,0,0,1095,0.030481060591977409,0.057694952733390918,0.027213892141413509,0.0061992816095621942,0.033681733986163254,0.02748245237660106,0.079324412925223103,0,0,0,0,0,0.5934959349593496,-7.8133260925531485e-06,0.00038019825068405137,0.0079430201064842765,0,5.9695660919166621e-05
239,0,17,0.26757256020895825,0.071595074976776585,1,-1,3,1,1,2624,0.01703369848333006,0.076921330558059456,0.059887632074729399,0,0.10000000000000001,0.10000000000000001,0.12404252897401249,0,0,1,1,0.00076219512195121954,974,0.029659386561012885,0.05822647589214909,0.028567089331136206,0.0058038692461641079,0.034956637758505667,0.029152768512341561,0.041776142389606308,0,0,0,0,0,0.83917682926829273,-0.0081692587857257627,0.00038019825068405137,0.015671782813943231,0,0.026245723905251615
239,0,17,0.26757256020895825,0.071595074976776585,-1,1,1,0,1,197,0,0.0057276059981421264,0.0057276059981421264,0,0.0057499193611058354,0.0057499193611058354,0.0082079622630658461,1,0,1,0,0.01015228426395939,0,nan,nan,nan,nan,nan,nan,0,0,0,0,0,nan,0.02030456852791878,-3.3302616630673633e-07,0,9.9312814714852681e-07,0,0.00029639983876791719
239,0,17,0.26757256020895825,0.071595074976776585,-1,1,3,1,1,3712,0.01703369848333006,0.076921330558059456,0.059887632074729399,0,0.10000000000000001,0.10000000000000001,0.18968740920196109,0,0,1,1,0.00053879310344827585,0,nan,nan,nan,nan,nan,nan,0,0,0,0,0,nan,0.32731681034482757,-0.0081692587857257627,-0.00013122188187981469,0.020881100638401602,0,0.027854809407266246
239,0,17,0.26757256020895825,0.071595074976776585,-1,-1,3,1,1,3712,0.01703369848333006,0.076921330558059456,0.059887632074729399,0,0.10000000000000001,0.10000000000000001,0.18968740920196109,0,0,1,1,0.00053879310344827585,0,nan,nan,nan,nan,nan,nan,0,0,0,0,0,nan,0.32731681034482757,-0.0081692587857257627,-0.00013122188187981469,0.007183391871960966,0,0.027854809407266246
240,17,0,0.26757256020895825,0.071595074976776585,1,1,1,0,1,2645,0.0056619846253086973,0.062411510060672248,0.056749525435363553,0,0.10000000000000001,0.10000000000000001,0.13301592555268921,0,0,1,1,0.00075614366729678643,1180,0.025136757838559037,0.060926902394599219,0.035790144556040182,0.0042328549694674684,0.045296864576384252,0.041064009606916786,0.057597757219284056,0,0,0,0,0,0.44763705103969753,-2.827959125661152e-05,0.00038019825068405137,0.0056940420375317302,0,0.0039088364025725679
240,17,0,0.26757256020895825,0.071595074976776585,1,1,3,1,1,2624,0.01703369848333006,0.076921330558059456,0.059887632074729399,0,0.10000000000000001,0.10000000000000001,0.12404252897401249,0,0,1,1,0.00076219512195121954,974,0.029659386561012885,0.05822647589214909,0.028567089331136206,0.0058038692461641079,0.034956637758505667,0.029152768512341561,0.041776142389606308,0,0,0,0,0,0.83917682926829273,-0.0081692587857257627,0.00038019825068405137,0.035053373955703002,0,0.026245723905251615
240,17,0,0.26757256020895825,0.071595074976776585,1,-1,1,0,1,9,0.030346003578102094,0.030482408009538952,0.00013640443143685815,0.0061334482296551739,0.0062004631237981798,6.7014894143005953e-05,0.00034336674972713791,0,0,0,0,0,9,0.030346003578102094,0.030482408009538952,0.00013640443143685815,0.0061334482296551739,0.0062004631237981798,6.7014894143005953e-05,0.00034336674972713791,0,0,0,0,0,1,2.4000683086745846e-06,1.7171984483883428e-05,0.003185486253141084,0.0015359411431237115,-9.4364607805606958e-06
240,17,0,0.26757256020895825,0.071595074976776585,1,-1,1,0,2,1845,0.030481060591977409,0.057694952733390918,0.027213892141413509,0.0061992816095621942,0.033681733986163254,0.02748245237660106,0.080158819264669168,0,0,0,0,0,1095,0.030481060591977409,0.057694952733390918,0.027213892141413509,0.0061992816095621942,0.033681733986163254,0.02748245237660106,0.079324412925223103,0,0,0,0,0,0.5934959349593496,-7.8133260925531485e-06,0.00038019825068405137,0.0079430201064842765,0,5.9695660919166621e-05
240,17,0,0.26757256020895825,0.071595074976776585,1,-1,3,1,1,2624,0.01703369848333006,0.076921330558059456,0.059887632074729399,0,0.10000000000000001,0.10000000000000001,0.12404252897401249,0,0,1,1,0.00076219512195121954,974,0.029659386561012885,0.05822647589214909,0.028567089331136206,0.0058038692461641079,0.034956637758505667,0.029152768512341561,0.041776142389606308,0,0,0,0,0,0.83917682926829273,-0.0081692587857257627,0.00038019825068405137,0.015671782813943231,0,0.026245723905251615
240,17,0,0.26757256020895825,0.071595074976776585,-1,1,1,0,1,197,0,0.0057276059981421264,0.0057276059981421264,0,0.0057499193611058354,0.0057499193611058354,0.0082079622630658461,1,0,1,0,0.01015228426395939,0,nan,nan,nan,nan,nan,nan,0,0,0,0,0,nan,0.02030456852791878,-3.3302616630673633e-07,0,9.9312814714852681e-07,0,0.00029639983876791719
240,17,0,0.26757256020895825,0.071595074976776585,-1,1,3,1,1,3712,0.01703369848333006,0.076921330558059456,0.059887632074729399,0,0.10000000000000001,0.10000000000000001,0.18968740920196109,0,0,1,1,0.00053879310344827585,0,nan,nan,nan,nan,nan,nan,0,0,0,0,0,nan,0.32731681034482757,-0.0081692587857257627,-0.00013122188187981469,0.020881100638401602,0,0.027854809407266246
240,17,0,0.26757256020895825,0.071595074976776585,-1,-1,3,1,1,3712,0.01703369848333006,0.076921330558059456,0.059887632074729399,0,0.10000000000000001,0.10000000000000001,0.18968740920196109,0,0,1,1,0.00053879310344827585,0,nan,nan,nan,nan,nan,nan,0,0,0,0,0,nan,0.32731681034482757,-0.0081692587857257627,-0.00013122188187981469,0.007183391871960966,0,0.027854809407266246
241,8,15,0.267849979960743,0.071743611764970419,1,1,1,0,1,2645,0.0056735965781584104,0.062411148561350452,0.056737551983192039,0,0.10000000000000001,0.10000000000000001,0.13301543119331272,0,0,1,1,0.00075614366729678643,1178,0.025296864576384259,0.060926522836990703,0.035629658260606448,0.0042844324768330101,0.045296864576384252,0.041012432099551244,0.057432043120349018,0,0,0,0,0,0.44725897920604912,-2.7784181082750252e-05,0.0003772169650790503,0.0056508467102138237,0,0.0039138787737016609
241,8,15,0.267849979960743,0.071743611764970419,1,1,3,1,1,2625,0.017068608106277756,0.076934037537449665,0.059865429431171908,0,0.10000000000000001,0.10000000000000001,0.12402040851225972,0,0,1,1,0.00076190476190476193,970,0.02972648432288192,0.0582021219628929,0.02847563764001098,0.0058302032276573365,0.034889926617745162,0.029059723390087826,0.041636888362351875,0,0,0,0,0,0.83809523809523812,-0.0081761413783482204,0.0003772169650790503,0.035011215938415871,0,0.026270513611237886
241,8,15,0.267849979960743,0.071743611764970419,1,-1,1,0,1,9,0.030357956994966528,0.030480737306539635,0.00012278031157310701,0.0061338792484848231,0.0061945607585105235,6.0681510025700422e-05,0.00031028986703176745,0,0,0,0,0,9,0.030357956994966528,0.030480737306539635,0.00012278031157310701,0.0061338792484848231,0.0061945607585105235,6.0681510025700422e-05,0.00031028986703176745,0,0,0,0,0,1,2.1234238150814113e-06,1.5500357222009281e-05,0.0030659094874124957,0.001445629825378592,-8.3593823680965537e-06
241,8,15,0.267849979960743,0.071743611764970419,1,-1,1,0,2,1839,0.030492970673763317,0.057642274236582275,0.027149303562818958,0.0061997358393725572,0.033552041047760509,0.027352305208387953,0.079849153318146626,0,0,0,0,0,1094,0.030492970673763317,0.057642274236582275,0.027149303562818958,0.0061997358393725572,0.033552041047760509,0.027352305208387953,0.079056714052274352,0,0,0,0,0,0.5948885263730288,-7.6080043918438754e-06,0.0003772169650790503,0.0079116696940592594,0,5.862750444514514e-05
241,8,15,0.267849979960743,0.071743611764970419,1,-1,3,1,1,2625,0.017068608106277756,0.076934037537449665,0.059865429431171908,0,0.10000000000000001,0.10000000000000001,0.12402040851225972,0,0,1,1,0.00076190476190476193,970,0.02972648432288192,0.0582021219628929,0.02847563764001098,0.0058302032276573365,0.034889926617745162,0.029059723390087826,0.041636888362351875,0,0,0,0,0,0.83809523809523812,-0.0081761413783482204,0.0003772169650790503,0.015626791632525866,0,0.026270513611237886
241,8,15,0.267849979960743,0.071743611764970419,-1,1,1,0,1,197,0,0.0057394889411976338,0.0057394889411976338,0,0.0057618962786358408,0.0057618962786358408,0.0082235558188362597,1,0,1,0,0.01015228426395939,0,nan,nan,nan,nan,nan,nan,0,0,0,0,0,nan,0.02030456852791878,-2.8934800103159336e-07,0,1.1286871703684103e-06,0,0.00029763345408148856
241,8,15,0.267849979960743,0.071743611764970419,-1,1,3,1,1,3717,0.017068608106277756,0.076934037537449665,0.059865429431171908,0,0.10000000000000001,0.10000000000000001,0.18987503714728005,0,0,1,1,0.00053806833467850415,0,nan,nan,nan,nan,nan,nan,0,0,0,0,0,nan,0.32849071832122678,-0.0081761413783482204,-0.0001317669332245197,0.020860011717687095,0,0.027828523607847752
241,8,15,0.267849979960743,0.071743611764970419,-1,-1,3,1,1,3717,0.017068608106277756,0.076934037537449665,0.059865429431171908,0,0.10000000000000001,0.10000000000000001,0.18987503714728005,0,0,1,1,0.00053806833467850415,0,nan,nan,nan,nan,nan,nan,0,0,0,0,0,nan,0.32849071832122678,-0.0081761413783482204,-0.0001317669332245197,0.0071741037463394809,0,0.027828523607847752
242,15,8,0.267849979960743,0.071743611764970419,1,1,1,0,1,2645,0.0056735965781584104,0.062411148561350452,0.056737551983192039,0,0.10000000000000001,0.10000000000000001,0.13301543119331272,0,0,1,1,0.00075614366729678643,1178,0.025296864576384259,0.060926522836990703,0.035629658260606448,0.0042844324768330101,0.045296864576384252,0.041012432099551244,0.057432043120349018,0,0,0,0,0,0.44725897920604912,-2.7784181082750252e-05,0.0003772169650790503,0.0056508467102138237,0,0.0039138787737016609
242,15,8,0.267849979960743,0.071743611764970419,1,1,3,1,1,2625,0.017068608106277756,0.076934037537449665,0.059865429431171908,0,0.10000000000000001,0.10000000000000001,0.12402040851225972,0,0,1,1,0.00076190476190476193,970,0.02972648432288192,0.0582021219628929,0.02847563764001098,0.0058302032276573365,0.034889926617745162,0.029059723390087826,0.041636888362351875,0,0,0,0,0,0.83809523809523812,-0.0081761413783482204,0.0003772169650790503,0.035011215938415871,0,0.026270513611237886
242,15,8,0.267849979960743,0.071743611764970419,1,-1,1,0,1,9,0.030357956994966528,0.030480737306539635,0.00012278031157310701,0.0061338792484848231,0.0061945607585105235,6.0681510025700422e-05,0.00031028986703176745,0,0,0,0,0,9,0.030357956994966528,0.030480737306539635,0.00012278031157310701,0.0061338792484848231,0.0061945607585105235,6.0681510025700422e-05,0.00031028986703176745,0,0,0,0,0,1,2.1234238150814113e-06,1.5500357222009281e-05,0.0030659094874124957,0.001445629825378592,-8.3593823680965537e-06
242,15,8,0.267849979960743,0.071743611764970419,1,-1,1,0,2,1839,0.030492970673763317,0.057642274236582275,0.027149303562818958,0.0061997358393725572,0.033552041047760509,0.027352305208387953,0.079849153318146626,0,0,0,0,0,1094,0.030492970673763317,0.057642274236582275,0.027149303562818958,0.0061997358393725572,0.033552041047760509,0.027352305208387953,0.079056714052274352,0,0,0,0,0,0.5948885263730288,-7.6080043918438754e-06,0.0003772169650790503,0.0079116696940592594,0,5.862750444514514e-05
242,15,8,0.267849979960743,0.071743611764970419,1,-1,3,1,1,2625,0.017068608106277756,0.076934037537449665,0.059865429431171908,0,0.10000000000000001,0.10000000000000001,0.12402040851225972,0,0,1,1,0.00076190476190476193,970,0.02972648432288192,0.0582021219628929,0.02847563764001098,0.0058302032276573365,0.034889926617745162,0.029059723390087826,0.041636888362351875,0,0,0,0,0,0.83809523809523812,-0.0081761413783482204,0.0003772169650790503,0.015626791632525866,0,0.026270513611237886
242,15,8,0.267849979960743,0.071743611764970419,-1,1,1,0,1,197,0,0.0057394889411976338,0.0057394889411976338,0,0.0057618962786358408,0.0057618962786358408,0.0082235558188362597,1,0,1,0,0.01015228426395939,0,nan,nan,nan,nan,nan,nan,0,0,0,0,0,nan,0.02030456852791878,-2.8934800103159336e-07,0,1.1286871703684103e-06,0,0.00029763345408148856
242,15,8,0.267849979960743,0.071743611764970419,-1,1,3,1,1,3717,0.017068608106277756,0.076934037537449665,0.059865429431171908,0,0.10000000000000001,0.10000000000000001,0.18987503714728005,0,0,1,1,0.00053806833467850415,0,nan,nan,nan,nan,nan,nan,0,0,0,0,0,nan,0.32849071832122678,-0.0081761413783482204,-0.0001317669332245197,0.020860011717687095,0,0.027828523607847752
242,15,8,0.267849979960743,0.071743611764970419,-1,-1,3,1,1,3717,0.017068608106277756,0.076934037537449665,0.059865429431171908,0,0.10000000000000001,0.10000000000000001,0.18987503714728005,0,0,1,1,0.00053806833467850415,0,nan,nan,nan,nan,nan,nan,0,0,0,0,0,nan,0.32849071832122678,-0.0081761413783482204,-0.0001317669332245197,0.0071741037463394809,0,0.027828523607847752
243,1,17,0.26803786288780546,0.071844295941462008,1,1,1,0,1,2645,0.0056814679340186029,0.062410903855723093,0.056729435921704492,0,0.10000000000000001,0.10000000000000001,0.13299870938272951,0,0,1,1,0.00075614366729678643,1178,0.025296864576384259,0.060926277286821068,0.035629412710436806,0.0042855776034816445,0.045296864576384252,0.041011286972902607,0.057421730705168733,0,0,0,0,0,0.44725897920604912,-2.8398892905791767e-05,0.00037519442308419184,0.0056233934829461232,0,0.0039173012629824229
243,1,17,0.26803786288780546,0.071844295941462008,1,1,3,1,1,2624,0.017092273944419215,0.076942650836358012,0.059850376891938797,0,0.10000000000000001,0.10000000000000001,0.12400588545789945,0,0,1,1,0.00076219512195121954,968,0.029779853235490327,0.058177387503040287,0.02839753426754996,0.0058519054289634734,0.034823215476984658,0.028971310048021184,0.041510708943660754,0,0,0,0,0,0.83803353658536583,-0.0081808068253456222,0.00037519442308419184,0.035004991593773196,0,0.026287318601473902
243,1,17,0.26803786288780546,0.071844295941462008,1,-1,1,0,1,9,0.030366059499052498,0.030479827823326231,0.00011376832427373307,0.0061341630705160069,0.0061905598992246444,5.6396828708637527e-05,0.00028811923395582979,0,0,0,0,0,9,0.030366059499052498,0.030479827823326231,0.00011376832427373307,0.0061341630705160069,0.0061905598992246444,5.6396828708637527e-05,0.00028811923395582979,0,0,0,0,0,1,1.9344200179383022e-06,1.4367496248163784e-05,0.0029794978248234381,0.0013803681489552569,-7.6216649066006478e-06
243,1,17,0.26803786288780546,0.071844295941462008,1,-1,1,0,2,9,0.030501043803599658,0.030642166651745992,0.00014112284814633488,0.0062000344960890293,0.0062700802490219679,7.0045752932938569e-05,0.00035684201974940704,0,0,0,0,0,9,0.030501043803599658,0.030642166651745992,0.00014112284814633488,0.0062000344960890293,0.0062700802490219679,7.0045752932938569e-05,0.00035684201974940704,0,0,0,0,0,1,2.1674425406350455e-06,1.7653068567034417e-05,0.0031858347081271669,0.0014570244336831299,-8.4916808013985803e-06
243,1,17,0.26803786288780546,0.071844295941462008,1,-1,1,0,3,1831,0.030635294101615865,0.057641728813414013,0.027006434711798148,0.0062658753786929682,0.033546869872473337,0.027280994493780367,0.079515778849222368,0,0,0,0,0,1096,0.030635294101615865,0.057641728813414013,0.027006434711798148,0.0062658753786929682,0.033546869872473337,0.027280994493780367,0.078743608894502798,0,0,0,0,0,0.59858001092299296,-7.2063561132829307e-06,0.00037519442308419184,0.0079144873904885907,0,5.8910705092097945e-05
243,1,17,0.26803786288780546,0.071844295941462008,1,-1,3,1,1,2624,0.017092273944419215,0.076942650836358012,0.059850376891938797,0,0.10000000000000001,0.10000000000000001,0.12400588545789945,0,0,1,1,0.00076219512195121954,968,0.029779853235490327,0.058177387503040287,0.02839753426754996,0.0058519054289634734,0.034823215476984658,0.028971310048021184,0.041510708943660754,0,0,0,0,0,0.83803353658536583,-0.0081808068253456222,0.00037519442308419184,0.015606405920602119,0,0.026287318601473902
243,1,17,0.26803786288780546,0.071844295941462008,-1,1,1,0,1,197,0,0.0057475436753169603,0.0057475436753169603,0,0.0057700146628015146,0.0057700146628015146,0.0082341394822070101,1,0,1,0,0.01015228426395939,0,nan,nan,nan,nan,nan,nan,0,0,0,0,0,nan,0.02030456852791878,-3.1394645467919149e-07,0,1.1891601387143912e-06,0,0.00029847109930713919
243,1,17,0.26803786288780546,0.071844295941462008,-1,1,3,1,1,3718,0.017092273944419215,0.076942650836358012,0.059850376891938797,0,0.10000000000000001,0.10000000000000001,0.19002138837855109,0,0,1,1,0.00053792361484669173,0,nan,nan,nan,nan,nan,nan,0,0,0,0,0,nan,0.32920925228617537,-0.0081808068253456222,-0.00013213703319870398,0.020865951583219002,0,0.027810714495811732
243,1,17,0.26803786288780546,0.071844295941462008,-1,-1,3,1,1,3718,0.017092273944419215,0.076942650836358012,0.059850376891938797,0,0.10000000000000001,0.10000000000000001,0.19002138837855109,0,0,1,1,0.00053792361484669173,0,nan,nan,nan,nan,nan,nan,0,0,0,0,0,nan,0.32920925228617537,-0.0081808068253456222,-0.00013213703319870398,0.0071768270785427151,0,0.027810714495811732
244,17,1,0.26803786288780546,0.071844295941462008,1,1,1,0,1,2645,0.0056814679340186029,0.062410903855723093,0.056729435921704492,0,0.10000000000000001,0.10000000000000001,0.13299870938272951,0,0,1,1,0.00075614366729678643,1178,0.025296864576384259,0.060926277286821068,0.035629412710436806,0.0042855776034816445,0.045296864576384252,0.041011286972902607,0.057421730705168733,0,0,0,0,0,0.44725897920604912,-2.8398892905791767e-05,0.00037519442308419184,0.0056233934829461232,0,0.0039173012629824229
244,17,1,0.26803786288780546,0.071844295941462008,1,1,3,1,1,2624,0.017092273944419215,0.076942650836358012,0.059850376891938797,0,0.10000000000000001,0.10000000000000001,0.12400588545789945,0,0,1,1,0.00076219512195121954,968,0.029779853235490327,0.058177387503040287,0.02839753426754996,0.0058519054289634734,0.034823215476984658,0.028971310048021184,0.041510708943660754,0,0,0,0,0,0.83803353658536583,-0.0081808068253456222,0.00037519442308419184,0.035004991593773196,0,0.026287318601473902
244,17,1,0.26803786288780546,0.071844295941462008,1,-1,1,0,1,9,0.030366059499052498,0.030479827823326231,0.00011376832427373307,0.0061341630705160069,0.0061905598992246444,5.6396828708637527e-05,0.00028811923395582979,0,0,0,0,0,9,0.030366059499052498,0.030479827823326231,0.00011376832427373307,0.0061341630705160069,0.0061905598992246444,5.6396828708637527e-05,0.00028811923395582979,0,0,0,0,0,1,1.9344200179383022e-06,1.4367496248163784e-05,0.0029794978248234381,0.0013803681489552569,-7.6216649066006478e-06
244,17,1,0.26803786288780546,0.071844295941462008,1,-1,1,0,2,9,0.030501043803599658,0.030642166651745992,0.00014112284814633488,0.0062000344960890293,0.0062700802490219679,7.0045752932938569e-05,0.00035684201974940704,0,0,0,0,0,9,0.030501043803599658,0.030642166651745992,0.00014112284814633488,0.0062000344960890293,0.0062700802490219679,7.0045752932938569e-05,0.00035684201974940704,0,0,0,0,0,1,2.1674425406350455e-06,1.7653068567034417e-05,0.0031858347081271669,0.0014570244336831299,-8.4916808013985803e-06
244,17,1,0.26803786288780546,0.071844295941462008,1,-1,1,0,3,1831,0.030635294101615865,0.057641728813414013,0.027006434711798148,0.0062658753786929682,0.033546869872473337,0.027280994493780367,0.079515778849222368,0,0,0,0,0,1096,0.030635294101615865,0.057641728813414013,0.027006434711798148,0.0062658753786929682,0.033546869872473337,0.027280994493780367,0.078743608894502798,0,0,0,0,0,0.59858001092299296,-7.2063561132829307e-06,0.00037519442308419184,0.0079144873904885907,0,5.8910705092097945e-05
244,17,1,0.26803786288780546,0.071844295941462008,1,-1,3,1,1,2624,0.017092273944419215,0.076942650836358012,0.059850376891938797,0,0.10000000000000001,0.10000000000000001,0.12400588545789945,0,0,1,1,0.00076219512195121954,968,0.029779853235490327,0.058177387503040287,0.02839753426754996,0.0058519054289634734,0.034823215476984658,0.028971310048021184,0.041510708943660754,0,0,0,0,0,0.83803353658536583,-0.0081808068253456222,0.00037519442308419184,0.015606405920602119,0,0.026287318601473902
244,17,1,0.26803786288780546,0.071844295941462008,-1,1,1,0,1,197,0,0.0057475436753169603,0.0057475436753169603,0,0.0057700146628015146,0.0057700146628015146,0.0082341394822070101,1,0,1,0,0.01015228426395939,0,nan,nan,nan,nan,nan,nan,0,0,0,0,0,nan,0.02030456852791878,-3.1394645467919149e-07,0,1.1891601387143912e-06,0,0.00029847109930713919
244,17,1,0.26803786288780546,0.071844295941462008,-1,1,3,1,1,3718,0.017092273944419215,0.076942650836358012,0.059850376891938797,0,0.10000000000000001,0.10000000000000001,0.19002138837855109,0,0,1,1,0.00053792361484669173,0,nan,nan,nan,nan,nan,nan,0,0,0,0,0,nan,0.32920925228617537,-0.0081808068253456222,-0.00013213703319870398,0.020865951583219002,0,0.027810714495811732
244,17,1,0.26803786288780546,0.071844295941462008,-1,-1,3,1,1,3718,0.017092273944419215,0.076942650836358012,0.059850376891938797,0,0.10000000000000001,0.10000000000000001,0.19002138837855109,0,0,1,1,0.00053792361484669173,0,nan,nan,nan,nan,nan,nan,0,0,0,0,0,nan,0.32920925228617537,-0.0081808068253456222,-0.00013213703319870398,0.0071768270785427151,0,0.027810714495811732
245,11,13,0.26842549209110156,0.072052244804350019,1,1,1,0,1,2646,0.0056977258911079772,0.062410399270318002,0.056712673379210023,0,0.10000000000000001,0.10000000000000001,0.13297791932571962,0,0,1,1,0.00075585789871504159,1179,0.025296864576384259,0.060875636011328019,0.035578771434943757,0.004287600353715856,0.045030020013342227,0.040742419659626369,0.057179094630344408,0,0,0,0,0,0.44784580498866211,-2.817431725660348e-05,0.00037102154236832709,0.0055690337400343569,0,0.0039243815693554545
245,11,13,0.26842549209110156,0.072052244804350019,1,1,3,1,1,2624,0.017141157899743499,0.076960441819064696,0.059819283919321196,0,0.10000000000000001,0.10000000000000001,0.12397667839004027,0,0,1,1,0.00076219512195121954,962,0.029886591060707138,0.058127167171534086,0.028240576110826948,0.0058951905523205606,0.034689793195463642,0.028794602643143083,0.041258275735530078,0,0,0,0,0,0.83765243902439024,-0.008190443576417147,0.00037102154236832709,0.035005990882827777,0,0.026322032732573247
245,11,13,0.26842549209110156,0.072052244804350019,1,-1,1,0,1,9,0.030517717706370809,0.030640193263668996,0.00012247555729818713,0.0062006294306333719,0.0062617967134391168,6.116728280574496e-05,0.00031102605804992863,0,0,0,0,0,9,0.030517717706370809,0.030640193263668996,0.00012247555729818713,0.0062006294306333719,0.0062617967134391168,6.116728280574496e-05,0.00031102605804992863,0,0,0,0,0,1,1.7751104489890143e-06,1.5299502401823299e-05,0.0030141613969509127,0.0013195299809867962,-6.9646374828920583e-06
245,11,13,0.26842549209110156,0.072052244804350019,1,-1,1,0,2,1825,0.030651907607646439,0.057588674666015728,0.026936767058369289,0.0062664977399440134,0.033414970081950657,0.027148472342006645,0.079214694606432642,0,0,0,0,0,1097,0.030651907607646439,0.057588674666015728,0.026936767058369289,0.0062664977399440134,0.033414970081950657,0.027148472342006645,0.078454451086785393,0,0,0,0,0,0.6010958904109589,-7.5489460216383755e-06,0.00037102154236832709,0.0078767751382344247,0,5.7938605118002425e-05
245,11,13,0.26842549209110156,0.072052244804350019,1,-1,3,1,1,2624,0.017141157899743499,0.076960441819064696,0.059819283919321196,0,0.10000000000000001,0.10000000000000001,0.12397667839004027,0,0,1,1,0.00076219512195121954,962,0.029886591060707138,0.058127167171534086,0.028240576110826948,0.0058951905523205606,0.034689793195463642,0.028794602643143083,0.041258275735530078,0,0,0,0,0,0.83765243902439024,-0.008190443576417147,0.00037102154236832709,0.015562572876326062,0,0.026322032732573247
245,11,13,0.26842549209110156,0.072052244804350019,-1,1,1,0,1,198,0,0.0057641795843480018,0.0057641795843480018,0,0.005786781905206588,0.005786781905206588,0.008256063881123276,1,0,1,0,0.010101010101010102,0,nan,nan,nan,nan,nan,nan,0,0,0,0,0,nan,0.025252525252525252,-3.1889332583658211e-07,0,1.2555585854571864e-06,0,0.00030020484877451317
245,11,13,0.26842549209110156,0.072052244804350019,-1,1,3,1,1,3718,0.017141157899743499,0.076960441819064696,0.059819283919321196,0,0.10000000000000001,0.10000000000000001,0.18985302293129491,0,0,1,1,0.00053792361484669173,0,nan,nan,nan,nan,nan,nan,0,0,0,0,0,nan,0.3300161377084454,-0.008190443576417147,-0.0001329030651224572,0.02090781890217222,0,0.027773917064819614
245,11,13,0.26842549209110156,0.072052244804350019,-1,-1,3,1,1,3718,0.017141157899743499,0.076960441819064696,0.059819283919321196,0,0.10000000000000001,0.10000000000000001,0.18985302293129491,0,0,1,1,0.00053792361484669173,0,nan,nan,nan,nan,nan,nan,0,0,0,0,0,nan,0.3300161377084454,-0.008190443576417147,-0.0001329030651224572,0.0071869941123404698,0,0.027773917064819614
246,13,11,0.26842549209110156,0.072052244804350019,1,1,1,0,1,2646,0.0056977258911079772,0.062410399270318002,0.056712673379210023,0,0.10000000000000001,0.10000000000000001,0.13297791932571962,0,0,1,1,0.00075585789871504159,1179,0.025296864576384259,0.060875636011328019,0.035578771434943757,0.004287600353715856,0.045030020013342227,0.040742419659626369,0.057179094630344408,0,0,0,0,0,0.44784580498866211,-2.817431725660348e-05,0.00037102154236832709,0.0055690337400343569,0,0.0039243815693554545
246,13,11,0.26842549209110156,0.072052244804350019,1,1,3,1,1,2624,0.017141157899743499,0.076960441819064696,0.059819283919321196,0,0.10000000000000001,0.10000000000000001,0.12397667839004027,0,0,1,1,0.00076219512195121954,962,0.029886591060707138,0.058127167171534086,0.028240576110826948,0.0058951905523205606,0.034689793195463642,0.028794602643143083,0.041258275735530078,0,0,0,0,0,0.83765243902439024,-0.008190443576417147,0.00037102154236832709,0.035005990882827777,0,0.026322032732573247
246,13,11,0.26842549209110156,0.072052244804350019,1,-1,1,0,1,9,0.030517717706370809,0.030640193263668996,0.00012247555729818713,0.0062006294306333719,0.0062617967134391168,6.116728280574496e-05,0.00031102605804992863,0,0,0,0,0,9,0.030517717706370809,0.030640193263668996,0.00012247555729818713,0.0062006294306333719,0.0062617967134391168,6.116728280574496e-05,0.00031102605804992863,0,0,0,0,0,1,1.7751104489890143e-06,1.5299502401823299e-05,0.0030141613969509127,0.0013195299809867962,-6.9646374828920583e-06
246,13,11,0.26842549209110156,0.072052244804350019,1,-1,1,0,2,1825,0.030651907607646439,0.057588674666015728,0.026936767058369289,0.0062664977399440134,0.033414970081950657,0.027148472342006645,0.079214694606432642,0,0,0,0,0,1097,0.030651907607646439,0.057588674666015728,0.026936767058369289,0.0062664977399440134,0.033414970081950657,0.027148472342006645,0.078454451086785393,0,0,0,0,0,0.6010958904109589,-7.5489460216383755e-06,0.00037102154236832709,0.0078767751382344247,0,5.7938605118002425e-05
246,13,11,0.26842549209110156,0.072052244804350019,1,-1,3,1,1,2624,0.017141157899743499,0.076960441819064696,0.059819283919321196,0,0.10000000000000001,0.10000000000000001,0.12397667839004027,0,0,1,1,0.00076219512195121954,962,0.029886591060707138,0.058127167171534086,0.028240576110826948,0.0058951905523205606,0.034689793195463642,0.028794602643143083,0.041258275735530078,0,0,0,0,0,0.83765243902439024,-0.008190443576417147,0.00037102154236832709,0.015562572876326062,0,0.026322032732573247
246,13,11,0.26842549209110156,0.072052244804350019,-1,1,1,0,1,198,0,0.0057641795843480018,0.0057641795843480018,0,0.005786781905206588,0.005786781905206588,0.008256063881123276,1,0,1,0,0.010101010101010102,0,nan,nan,nan,nan,nan,nan,0,0,0,0,0,nan,0.025252525252525252,-3.1889332583658211e-07,0,1.2555585854571864e-06,0,0.00030020484877451317
246,13,11,0.26842549209110156,0.072052244804350019,-1,1,3,1,1,3718,0.017141157899743499,0.076960441819064696,0.059819283919321196,0,0.10000000000000001,0.10000000000000001,0.18985302293129491,0,0,1,1,0.00053792361484669173,0,nan,nan,nan,nan,nan,nan,0,0,0,0,0,nan,0.3300161377084454,-0.008190443576417147,-0.0001329030651224572,0.02090781890217222,0,0.027773917064819614
246,13,11,0.26842549209110156,0.072052244804350019,-1,-1,3,1,1,3718,0.017141157899743499,0.076960441819064696,0.059819283919321196,0,0.10000000000000001,0.10000000000000001,0.18985302293129491,0,0,1,1,0.00053792361484669173,0,nan,nan,nan,nan,nan,nan,0,0,0,0,0,nan,0.3300161377084454,-0.008190443576417147,-0.0001329030651224572,0.0071869941123404698,0,0.027773917064819614
247,6,16,0.26912603738912688,0.072428824000773731,1,1,1,0,1,2644,0.0057271773735309839,0.062409488166577265,0.056682310793046281,0,0.099999999999999992,0.099999999999999992,0.13296959200906472,0,0,1,1,0.00075642965204236008,1165,0.025510340226817876,0.060874471568144226,0.035364131341326349,0.0043592455952293297,0.045030020013342227,0.040670774418112898,0.056941760503189887,0,0,0,0,0,0.44251134644478063,-2.7163109028506191e-05,0.00036346261504580909,0.005470375941742653,0,0.0039372431554306319
247,6,16,0.26912603738912688,0.072428824000773731,1,1,3,1,1,2623,0.017229704554717108,0.076992676060598675,0.059762971505881571,0,0.10000000000000001,0.10000000000000001,0.12391945064210616,0,0,1,1,0.00076248570339306138,953,0.030100066711140759,0.058065376917945291,0.027965310206804532,0.0059839181460289688,0.034520226005763696,0.028536307859734728,0.040856183937672499,0,0,0,0,0,0.83568433091879524,-0.0082079024669196587,0.00036346261504580909,0.034946707734176921,0,0.02638493197178917
247,6,16,0.26912603738912688,0.072428824000773731,1,-1,1,0,1,9,0.030681993373271141,0.030799281036847578,0.0001172876635764375,0.0062675516076727946,0.0063267794184842163,5.9227810811421713e-05,0.00029953234308975781,0,0,0,0,0,9,0.030681993373271141,0.030799281036847578,0.0001172876635764375,0.0062675516076727946,0.0063267794184842163,5.9227810811421713e-05,0.00029953234308975781,0,0,0,0,0,1,1.1700514057686839e-06,1.4305140801134362e-05,0.0028759592190715096,0.0010669461061439962,-4.5534959736633422e-06
247,6,16,0.26912603738912688,0.072428824000773731,1,-1,1,0,2,1811,0.030815350042214806,0.057534656311857273,0.026719306269642466,0.006333441163921808,0.033275246016809368,0.026941804852887559,0.078600105248085778,0,0,0,0,0,1099,0.030815350042214806,0.057534656311857273,0.026719306269642466,0.006333441163921808,0.033275246016809368,0.026941804852887559,0.077845630168060787,0,0,0,0,0,0.60684704583103255,-6.8900922692688416e-06,0.00036346261504580909,0.0077982757699905057,0,5.7207957883655895e-05
247,6,16,0.26912603738912688,0.072428824000773731,1,-1,3,1,1,2623,0.017229704554717108,0.076992676060598675,0.059762971505881571,0,0.10000000000000001,0.10000000000000001,0.12391945064210616,0,0,1,1,0.00076248570339306138,953,0.030100066711140759,0.058065376917945291,0.027965310206804532,0.0059839181460289688,0.034520226005763696,0.028536307859734728,0.040856183937672499,0,0,0,0,0,0.83568433091879524,-0.0082079024669196587,0.00036346261504580909,0.015469734965926654,0,0.02638493197178917
247,6,16,0.26912603738912688,0.072428824000773731,-1,1,1,0,1,199,0,0.0057943059200618995,0.0057943059200618995,0,0.0058171474148855833,0.0058171474148855833,0.008295858600625261,1,0,1,0,0.010050251256281407,0,nan,nan,nan,nan,nan,nan,0,0,0,0,0,nan,0.020100502512562814,-2.4712209846572332e-07,0,1.1826246877692014e-06,0,0.00030335738890039374
247,6,16,0.26912603738912688,0.072428824000773731,-1,1,3,1,1,3711,0.017229704554717108,0.076992676060598675,0.059762971505881571,0,0.10000000000000001,0.10000000000000001,0.18955690512156542,0,0,1,1,0.00053893829156561571,0,nan,nan,nan,nan,nan,nan,0,0,0,0,0,nan,0.33009970358393964,-0.0082079024669196587,-0.00013429592438105744,0.020967212264853242,0,0.027707247213442567
247,6,16,0.26912603738912688,0.072428824000773731,-1,-1,3,1,1,3711,0.017229704554717108,0.076992676060598675,0.059762971505881571,0,0.10000000000000001,0.10000000000000001,0.18955690512156542,0,0,1,1,0.00053893829156561571,0,nan,nan,nan,nan,nan,nan,0,0,0,0,0,nan,0.33009970358393964,-0.0082079024669196587,-0.00013429592438105744,0.007203201054988174,0,0.027707247213442567
248,16,6,0.26912603738912688,0.072428824000773731,1,1,1,0,1,2644,0.0057271773735309839,0.062409488166577265,0.056682310793046281,0,0.099999999999999992,0.099999999999999992,0.13296959200906472,0,0,1,1,0.00075642965204236008,1165,0.025510340226817876,0.060874471568144226,0.035364131341326349,0.0043592455952293297,0.045030020013342227,0.040670774418112898,0.056941760503189887,0,0,0,0,0,0.44251134644478063,-2.7163109028506191e-05,0.00036346261504580909,0.005470375941742653,0,0.0039372431554306319
248,16,6,0.26912603738912688,0.072428824000773731,1,1,3,1,1,2623,0.017229704554717108,0.076992676060598675,0.059762971505881571,0,0.10000000000000001,0.10000000000000001,0.12391945064210616,0,0,1,1,0.00076248570339306138,953,0.030100066711140759,0.058065376917945291,0.027965310206804532,0.0059839181460289688,0.034520226005763696,0.028536307859734728,0.040856183937672499,0,0,0,0,0,0.83568433091879524,-0.0082079024669196587,0.00036346261504580909,0.034946707734176921,0,0.02638493197178917
248,16,6,0.26912603738912688,0.072428824000773731,1,-1,1,0,1,9,0.030681993373271141,0.030799281036847578,0.0001172876635764375,0.0062675516076727946,0.0063267794184842163,5.9227810811421713e-05,0.00029953234308975781,0,0,0,0,0,9,0.030681993373271141,0.030799281036847578,0.0001172876635764375,0.0062675516076727946,0.0063267794184842163,5.9227810811421713e-05,0.00029953234308975781,0,0,0,0,0,1,1.1700514057686839e-06,1.4305140801134362e-05,0.0028759592190715096,0.0010669461061439962,-4.5534959736633422e-06
248,16,6,0.26912603738912688,0.072428824000773731,1,-1,1,0,2,1811,0.030815350042214806,0.057534656311857273,0.026719306269642466,0.006333441163921808,0.033275246016809368,0.026941804852887559,0.078600105248085778,0,0,0,0,0,1099,0.030815350042214806,0.057534656311857273,0.026719306269642466,0.006333441163921808,0.033275246016809368,0.026941804852887559,0.077845630168060787,0,0,0,0,0,0.60684704583103255,-6.8900922692688416e-06,0.00036346261504580909,0.0077982757699905057,0,5.7207957883655895e-05
248,16,6,0.26912603738912688,0.072428824000773731,1,-1,3,1,1,2623,0.017229704554717108,0.076992676060598675,0.059762971505881571,0,0.10000000000000001,0.10000000000000001,0.12391945064210616,0,0,1,1,0.00076248570339306138,953,0.030100066711140759,0.058065376917945291,0.027965310206804532,0.0059839181460289688,0.034520226005763696,0.028536307859734728,0.040856183937672499,0,0,0,0,0,0.83568433091879524,-0.0082079024669196587,0.00036346261504580909,0.015469734965926654,0,0.02638493197178917
248,16,6,0.26912603738912688,0.072428824000773731,-1,1,1,0,1,199,0,0.0057943059200618995,0.0057943059200618995,0,0.0058171474148855833,0.0058171474148855833,0.008295858600625261,1,0,1,0,0.010050251256281407,0,nan,nan,nan,nan,nan,nan,0,0,0,0,0,nan,0.020100502512562814,-2.4712209846572332e-07,0,1.1826246877692014e-06,0,0.00030335738890039374
248,16,6,0.26912603738912688,0.072428824000773731,-1,1,3,1,1,3711,0.017229704554717108,0.076992676060598675,0.059762971505881571,0,0.10000000000000001,0.10000000000000001,0.18955690512156542,0,0,1,1,0.00053893829156561571,0,nan,nan,nan,nan,nan,nan,0,0,0,0,0,nan,0.33009970358393964,-0.0082079024669196587,-0.00013429592438105744,0.020967212264853242,0,0.027707247213442567
248,16,6,0.26912603738912688,0.072428824000773731,-1,-1,3,1,1,3711,0.017229704554717108,0.076992676060598675,0.059762971505881571,0,0.10000000000000001,0.10000000000000001,0.18955690512156542,0,0,1,1,0.00053893829156561571,0,nan,nan,nan,nan,nan,nan,0,0,0,0,0,nan,0.33009970358393964,-0.0082079024669196587,-0.00013429592438105744,0.007203201054988174,0,0.027707247213442567
249,2,17,0.26942883424835778,0.072591896724429048,1,1,1,0,1,2644,0.0057399342861498325,0.062409094631203657,0.056669160345053822,0,0.10000000000000001,0.10000000000000001,0.13296439335285704,0,0,1,1,0.00075642965204236008,1160,0.025510340226817876,0.060823268153823315,0.035312927927005439,0.0043601495093431109,0.044763175450300188,0.040403025940957078,0.056686404925428834,0,0,0,0,0,0.44062027231467471,-2.779559939959486e-05,0.00036019790255289362,0.0054240909949379475,0,0.0039428284744203413
249,2,17,0.26942883424835778,0.072591896724429048,1,1,3,1,1,2622,0.017268057507480152,0.077006634679693486,0.059738577172213335,0,0.10000000000000001,0.10000000000000001,0.1238938683719424,0,0,1,1,0.00076277650648360034,948,0.03020680453635757,0.058028204254029811,0.027821399717672241,0.0060295806705784709,0.03442294863242161,0.028393367961843139,0.040640020176054489,0,0,0,0,0,0.83447749809305871,-0.0082154633396248414,0.00036019790255289362,0.03492861735181535,0,0.026412175051453494
249,2,17,0.26942883424835778,0.072591896724429048,1,-1,1,0,1,9,0.030828331095518254,0.030959784757024562,0.00013145366150630819,0.0063338872809720372,0.0064007583898747604,6.6871108902723242e-05,0.0003366875013717615,0,0,0,0,0,9,0.030828331095518254,0.030959784757024562,0.00013145366150630819,0.0063338872809720372,0.0064007583898747604,6.6871108902723242e-05,0.0003366875013717615,0,0,0,0,0,1,8.5187175448017628e-07,1.5724583904342616e-05,0.0029073965896048905,0.00090093611682096118,-3.2467435463697307e-06
249,2,17,0.26942883424835778,0.072591896724429048,1,-1,1,0,2,1797,0.030960926341117811,0.057481638191613178,0.026520711850495367,0.0063997800669668139,0.033147299086693963,0.026747519019727148,0.078007253262641046,0,0,0,0,0,1094,0.030960926341117811,0.057481638191613178,0.026520711850495367,0.0063997800669668139,0.033147299086693963,0.026747519019727148,0.077271049176524137,0,0,0,0,0,0.60879243183082921,-7.6286840141091768e-06,0.00036019790255289362,0.0077778991215288872,0,5.6471022296519179e-05
249,2,17,0.26942883424835778,0.072591896724429048,1,-1,3,1,1,2622,0.017268057507480152,0.077006634679693486,0.059738577172213335,0,0.10000000000000001,0.10000000000000001,0.1238938683719424,0,0,1,1,0.00076277650648360034,948,0.03020680453635757,0.058028204254029811,0.027821399717672241,0.0060295806705784709,0.03442294863242161,0.028393367961843139,0.040640020176054489,0,0,0,0,0,0.83447749809305871,-0.0082154633396248414,0.00036019790255289362,0.015432899095430885,0,0.026412175051453494
249,2,17,0.26942883424835778,0.072591896724429048,-1,1,1,0,1,199,0,0.005807351737954324,0.005807351737954324,0,0.0058302976184897992,0.0058302976184897992,0.008313113815613565,1,0,1,0,0.010050251256281407,0,nan,nan,nan,nan,nan,nan,0,0,0,0,0,nan,0.020100502512562814,-2.2134696160816319e-07,0,1.2657545119176843e-06,0,0.00030472771439541964
249,2,17,0.26942883424835778,0.072591896724429048,-1,1,3,1,1,3708,0.017268057507480152,0.077006634679693486,0.059738577172213335,0,0.10000000000000001,0.10000000000000001,0.18943004220723336,0,0,1,1,0.00053937432578209273,0,nan,nan,nan,nan,nan,nan,0,0,0,0,0,nan,0.33036677454153185,-0.0082154633396248414,-0.0001349013368332844,0.020991564579636638,0,0.027678386415476854
249,2,17,0.26942883424835778,0.072591896724429048,-1,-1,3,1,1,3708,0.017268057507480152,0.077006634679693486,0.059738577172213335,0,0.10000000000000001,0.10000000000000001,0.18943004220723336,0,0,1,1,0.00053937432578209273,0,nan,nan,nan,nan,nan,nan,0,0,0,0,0,nan,0.33036677454153185,-0.0082154633396248414,-0.0001349013368332844,0.0072093840192523455,0,0.027678386415476854
250,17,2,0.26942883424835778,0.072591896724429048,1,1,1,0,1,2644,0.0057399342861498325,0.062409094631203657,0.056669160345053822,0,0.10000000000000001,0.10000000000000001,0.13296439335285704,0,0,1,1,0.00075642965204236008,1160,0.025510340226817876,0.060823268153823315,0.035312927927005439,0.0043601495093431109,0.044763175450300188,0.040403025940957078,0.056686404925428834,0,0,0,0,0,0.44062027231467471,-2.779559939959486e-05,0.00036019790255289362,0.0054240909949379475,0,0.0039428284744203413
250,17,2,0.26942883424835778,0.072591896724429048,1,1,3,1,1,2622,0.017268057507480152,0.077006634679693486,0.059738577172213335,0,0.10000000000000001,0.10000000000000001,0.1238938683719424,0,0,1,1,0.00076277650648360034,948,0.03020680453635757,0.058028204254029811,0.027821399717672241,0.0060295806705784709,0.03442294863242161,0.028393367961843139,0.040640020176054489,0,0,0,0,0,0.83447749809305871,-0.0082154633396248414,0.00036019790255289362,0.03492861735181535,0,0.026412175051453494
250,17,2,0.26942883424835778,0.072591896724429048,1,-1,1,0,1,9,0.030828331095518254,0.030959784757024562,0.00013145366150630819,0.0063338872809720372,0.0064007583898747604,6.6871108902723242e-05,0.0003366875013717615,0,0,0,0,0,9,0.030828331095518254,0.030959784757024562,0.00013145366150630819,0.0063338872809720372,0.0064007583898747604,6.6871108902723242e-05,0.0003366875013717615,0,0,0,0,0,1,8.5187175448017628e-07,1.5724583904342616e-05,0.0029073965896048905,0.00090093611682096118,-3.2467435463697307e-06
250,17,2,0.26942883424835778,0.072591896724429048,1,-1,1,0,2,1797,0.030960926341117811,0.057481638191613178,0.026520711850495367,0.0063997800669668139,0.033147299086693963,0.026747519019727148,0.078007253262641046,0,0,0,0,0,1094,0.030960926341117811,0.057481638191613178,0.026520711850495367,0.0063997800669668139,0.033147299086693963,0.026747519019727148,0.077271049176524137,0,0,0,0,0,0.60879243183082921,-7.6286840141091768e-06,0.00036019790255289362,0.0077778991215288872,0,5.6471022296519179e-05
250,17,2,0.26942883424835778,0.072591896724429048,1,-1,3,1,1,2622,0.017268057507480152,0.077006634679693486,0.059738577172213335,0,0.10000000000000001,0.10000000000000001,0.1238938683719424,0,0,1,1,0.00076277650648360034,948,0.03020680453635757,0.058028204254029811,0.027821399717672241,0.0060295806705784709,0.03442294863242161,0.028393367961843139,0.040640020176054489,0,0,0,0,0,0.83447749809305871,-0.0082154633396248414,0.00036019790255289362,0.015432899095430885,0,0.026412175051453494
250,17,2,0.26942883424835778,0.072591896724429048,-1,1,1,0,1,199,0,0.005807351737954324,0.005807351737954324,0,0.0058302976184897992,0.0058302976184897992,0.008313113815613565,1,0,1,0,0.010050251256281407,0,nan,nan,nan,nan,nan,nan,0,0,0,0,0,nan,0.020100502512562814,-2.2134696160816319e-07,0,1.2657545119176843e-06,0,0.00030472771439541964
250,17,2,0.26942883424835778,0.072591896724429048,-1,1,3,1,1,3708,0.017268057507480152,0.077006634679693486,0.059738577172213335,0,0.10000000000000001,0.10000000000000001,0.18943004220723336,0,0,1,1,0.00053937432578209273,0,nan,nan,nan,nan,nan,nan,0,0,0,0,0,nan,0.33036677454153185,-0.0082154633396248414,-0.0001349013368332844,0.020991564579636638,0,0.027678386415476854
250,17,2,0.26942883424835778,0.072591896724429048,-1,-1,3,1,1,3708,0.017268057507480152,0.077006634679693486,0.059738577172213335,0,0.10000000000000001,0.10000000000000001,0.18943004220723336,0,0,1,1,0.00053937432578209273,0,nan,nan,nan,nan,nan,nan,0,0,0,0,0,nan,0.33036677454153185,-0.0082154633396248414,-0.0001349013368332844,0.0072093840192523455,0,0.027678386415476854
251,10,14,0.27114700108503015,0.073520696197405339,1,1,1,0,1,2644,0.0058126240394055948,0.062406863758672021,0.056594239719266429,0,0.10000000000000002,0.10000000000000002,0.13295875003902574,0,0,1,1,0.00075642965204236008,1128,0.026097398265510337,0.060768469700410749,0.034671071434900412,0.0045586140969896584,0.04449633088725817,0.039937716790268515,0.055818620016061526,0,0,0,0,0,0.42927382753403931,-2.5849510615398098e-05,0.00034162701064057262,0.0051636555799031729,0,0.0039748199665988089
251,10,14,0.27114700108503015,0.073520696197405339,1,1,3,1,1,2620,0.017486592293607276,0.077086193620121632,0.059599601326514359,0,0.10000000000000001,0.10000000000000001,0.12375648783663959,0,0,1,1,0.00076335877862595419,923,0.03074049366244163,0.05782309070641127,0.02708259704396964,0.0062564942670899444,0.03388925950633756,0.027632765239247615,0.039511382737791381,0,0,0,0,0,0.82977099236641216,-0.0082585546158724862,0.00034162701064057262,0.034858838361117715,0,0.026567476633167844
251,10,14,0.27114700108503015,0.073520696197405339,1,-1,1,0,1,9,0.031427385138141507,0.031549818853962755,0.00012243371582124768,0.0066007219068199658,0.0066628985730607677,6.2176666240801835e-05,0.00031023757954428256,0,0,0,0,0,9,0.031427385138141507,0.031549818853962755,0.00012243371582124768,0.0066007219068199658,0.0066628985730607677,6.2176666240801835e-05,0.00031023757954428256,0,0,0,0,0,1,3.0409585815793999e-06,1.703844261816801e-05,0.0032905371188209484,0.0017337438133945295,-1.2023470441935221e-05
251,10,14,0.27114700108503015,0.073520696197405339,1,-1,1,0,2,1749,0.031556939492780309,0.057320912937585101,0.025763973444804793,0.0066665254971194424,0.032745721944583167,0.026079196447463725,0.075871107606893862,0,0,0,0,0,1074,0.031556939492780309,0.057320912937585101,0.025763973444804793,0.0066665254971194424,0.032745721944583167,0.026079196447463725,0.075158695124482533,0,0,0,0,0,0.614065180102916,-7.0870188418570789e-06,0.00034162701064057262,0.0075992162617045163,0,5.3274206576128665e-05
251,10,14,0.27114700108503015,0.073520696197405339,1,-1,3,1,1,2620,0.017486592293607276,0.077086193620121632,0.059599601326514359,0,0.10000000000000001,0.10000000000000001,0.12375648783663959,0,0,1,1,0.00076335877862595419,923,0.03074049366244163,0.05782309070641127,0.02708259704396964,0.0062564942670899444,0.03388925950633756,0.027632765239247615,0.039511382737791381,0,0,0,0,0,0.82977099236641216,-0.0082585546158724862,0.00034162701064057262,0.0152223337537937,0,0.026567476633167844
251,10,14,0.27114700108503015,0.073520696197405339,-1,1,1,0,1,202,0,0.0058816556957924275,0.0058816556957924275,0,0.0059051987397681378,0.0059051987397681378,0.008411632359231147,1,0,1,0,0.0099009900990099011,0,nan,nan,nan,nan,nan,nan,0,0,0,0,0,nan,0.024752475247524754,-1.7247448328105942e-07,0,1.3585676489881156e-06,0,0.00031259154742769224
251,10,14,0.27114700108503015,0.073520696197405339,-1,1,3,1,1,3704,0.017486592293607276,0.077086193620121632,0.059599601326514359,0,0.10000000000000001,0.10000000000000001,0.18921746729496694,0,0,1,1,0.00053995680345572358,0,nan,nan,nan,nan,nan,nan,0,0,0,0,0,nan,0.33261339092872572,-0.0082585546158724862,-0.00013837549489538998,0.021127561446819515,0,0.027513766460415343
251,10,14,0.27114700108503015,0.073520696197405339,-1,-1,3,1,1,3704,0.017486592293607276,0.077086193620121632,0.059599601326514359,0,0.10000000000000001,0.10000000000000001,0.18921746729496694,0,0,1,1,0.00053995680345572358,0,nan,nan,nan,nan,nan,nan,0,0,0,0,0,nan,0.33261339092872572,-0.0082585546158724862,-0.00013837549489538998,0.0072423824668043733,0,0.027513766460415343
252,14,10,0.27114700108503015,0.073520696197405339,1,1,1,0,1,2644,0.0058126240394055948,0.062406863758672021,0.056594239719266429,0,0.10000000000000002,0.10000000000000002,0.13295875003902574,0,0,1,1,0.00075642965204236008,1128,0.026097398265510337,0.060768469700410749,0.034671071434900412,0.0045586140969896584,0.04449633088725817,0.039937716790268515,0.055818620016061526,0,0,0,0,0,0.42927382753403931,-2.5849510615398098e-05,0.00034162701064057262,0.0051636555799031729,0,0.0039748199665988089
252,14,10,0.27114700108503015,0.073520696197405339,1,1,3,1,1,2620,0.017486592293607276,0.077086193620121632,0.059599601326514359,0,0.10000000000000001,0.10000000000000001,0.12375648783663959,0,0,1,1,0.00076335877862595419,923,0.03074049366244163,0.05782309070641127,0.02708259704396964,0.0062564942670899444,0.03388925950633756,0.027632765239247615,0.039511382737791381,0,0,0,0,0,0.82977099236641216,-0.0082585546158724862,0.00034162701064057262,0.034858838361117715,0,0.026567476633167844
252,14,10,0.27114700108503015,0.073520696197405339,1,-1,1,0,1,9,0.031427385138141507,0.031549818853962755,0.00012243371582124768,0.0066007219068199658,0.0066628985730607677,6.2176666240801835e-05,0.00031023757954428256,0,0,0,0,0,9,0.031427385138141507,0.031549818853962755,0.00012243371582124768,0.0066007219068199658,0.0066628985730607677,6.2176666240801835e-05,0.00031023757954428256,0,0,0,0,0,1,3.0409585815793999e-06,1.703844261816801e-05,0.0032905371188209484,0.0017337438133945295,-1.2023470441935221e-05
252,14,10,0.27114700108503015,0.073520696197405339,1,-1,1,0,2,1749,0.031556939492780309,0.057320912937585101,0.025763973444804793,0.0066665254971194424,0.032745721944583167,0.026079196447463725,0.075871107606893862,0,0,0,0,0,1074,0.031556939492780309,0.057320912937585101,0.025763973444804793,0.0066665254971194424,0.032745721944583167,0.026079196447463725,0.075158695124482533,0,0,0,0,0,0.614065180102916,-7.0870188418570789e-06,0.00034162701064057262,0.0075992162617045163,0,5.3274206576128665e-05
252,14,10,0.27114700108503015,0.073520696197405339,1,-1,3,1,1,2620,0.017486592293607276,0.077086193620121632,0.059599601326514359,0,0.10000000000000001,0.10000000000000001,0.12375648783663959,0,0,1,1,0.00076335877862595419,923,0.03074049366244163,0.05782309070641127,0.02708259704396964,0.0062564942670899444,0.03388925950633756,0.027632765239247615,0.039511382737791381,0,0,0,0,0,0.82977099236641216,-0.0082585546158724862,0.00034162701064057262,0.0152223337537937,0,0.026567476633167844
252,14,10,0.27114700108503015,0.073520696197405339,-1,1,1,0,1,202,0,0.0058816556957924275,0.0058816556957924275,0,0.0059051987397681378,0.0059051987397681378,0.008411632359231147,1,0,1,0,0.0099009900990099011,0,nan,nan,nan,nan,nan,nan,0,0,0,0,0,nan,0.024752475247524754,-1.7247448328105942e-07,0,1.3585676489881156e-06,0,0.00031259154742769224
252,14,10,0.27114700108503015,0.073520696197405339,-1,1,3,1,1,3704,0.017486592293607276,0.077086193620121632,0.059599601326514359,0,0.10000000000000001,0.10000000000000001,0.18921746729496694,0,0,1,1,0.00053995680345572358,0,nan,nan,nan,nan,nan,nan,0,0,0,0,0,nan,0.33261339092872572,-0.0082585546158724862,-0.00013837549489538998,0.021127561446819515,0,0.027513766460415343
252,14,10,0.27114700108503015,0.073520696197405339,-1,-1,3,1,1,3704,0.017486592293607276,0.077086193620121632,0.059599601326514359,0,0.10000000000000001,0.10000000000000001,0.18921746729496694,0,0,1,1,0.00053995680345572358,0,nan,nan,nan,nan,nan,nan,0,0,0,0,0,nan,0.33261339092872572,-0.0082585546158724862,-0.00013837549489538998,0.0072423824668043733,0,0.027513766460415343
253,3,17,0.27173091654776677,0.073837691007889381,1,1,1,0,1,2642,0.0058374482528149828,0.062406106174894331,0.056568657922079352,0,0.10000000000000001,0.10000000000000001,0.13293253517193929,0,0,1,1,0.00075700227100681302,1128,0.026097398265510344,0.060714727689542371,0.034617329424032027,0.004560498670851695,0.044229486324216145,0.039668987653364449,0.05555275746756716,0,0,0,0,0,0.42922028766086301,-2.601574159392177e-05,0.0003352901871260458,0.0050775553959245406,0,0.0039858076885146091
253,3,17,0.27173091654776677,0.073837691007889381,1,1,3,1,1,2618,0.017561212283921906,0.077113359168749895,0.059552146884827989,0,0.10000000000000001,0.10000000000000001,0.1237080001015636,0,0,1,1,0.00076394194041252863,916,0.030900600400266844,0.057772716629727966,0.026872116229461122,0.0063240422306721439,0.033755837224816537,0.027431794994144394,0.039202829237241429,0,0,0,0,0,0.82734912146676853,-0.0082732685840687676,0.0003352901871260458,0.034823353035118111,0,0.026620520802710955
253,3,17,0.27173091654776677,0.073837691007889381,1,-1,1,0,1,9,0.031581727046540942,0.031707563820609623,0.00012583677406868138,0.0066674469429827419,0.0067329490302115731,6.5502087228831198e-05,0.00032352223976733746,0,0,0,0,0,9,0.031581727046540942,0.031707563820609623,0.00012583677406868138,0.0066674469429827419,0.0067329490302115731,6.5502087228831198e-05,0.00032352223976733746,0,0,0,0,0,1,1.8394047850536549e-06,1.661337178840441e-05,0.0031279177722314516,0.0013422659889398174,-7.2067119402583439e-06
253,3,17,0.27173091654776677,0.073837691007889381,1,-1,1,0,2,1735,0.031710522042589097,0.057267475856552896,0.025556953813963799,0.0067332925787202255,0.032613055380976412,0.025879762802256186,0.075247760419605611,0,0,0,0,0,1063,0.031710522042589097,0.057267475856552896,0.025556953813963799,0.0067332925787202255,0.032613055380976412,0.025879762802256186,0.074549805464430602,0,0,0,0,0,0.61268011527377519,-7.2682131960918829e-06,0.0003352901871260458,0.0075303931967627136,0,5.2108300346440382e-05
253,3,17,0.27173091654776677,0.073837691007889381,1,-1,3,1,1,2618,0.017561212283921906,0.077113359168749895,0.059552146884827989,0,0.10000000000000001,0.10000000000000001,0.1237080001015636,0,0,1,1,0.00076394194041252863,916,0.030900600400266844,0.057772716629727966,0.026872116229461122,0.0063240422306721439,0.033755837224816537,0.027431794994144394,0.039202829237241429,0,0,0,0,0,0.82734912146676853,-0.0082732685840687676,0.0003352901871260458,0.015150267432473573,0,0.026620520802710955
253,3,17,0.27173091654776677,0.073837691007889381,-1,1,1,0,1,202,0,0.0059070152806311501,0.0059070152806311501,0,0.0059307631904812527,0.0059307631904812527,0.0084453662802295368,1,0,1,0,0.0099009900990099011,0,nan,nan,nan,nan,nan,nan,0,0,0,0,0,nan,0.024752475247524754,-1.8397466958441607e-07,3.8576356353453437e-07,1.4484709536023662e-06,0,0.00031529840902457006
253,3,17,0.27173091654776677,0.073837691007889381,-1,1,3,1,1,3706,0.017561212283921906,0.077113359168749895,0.059552146884827989,0,0.10000000000000001,0.10000000000000001,0.189210491681847,0,0,1,1,0.00053966540744738263,0,nan,nan,nan,nan,nan,nan,0,0,0,0,0,nan,0.33432271991365353,-0.0082732685840687676,-0.00013957131810243966,0.021140630127871426,0,0.027457540067842904
253,3,17,0.27173091654776677,0.073837691007889381,-1,-1,3,1,1,3706,0.017561212283921906,0.077113359168749895,0.059552146884827989,0,0.10000000000000001,0.10000000000000001,0.189210491681847,0,0,1,1,0.00053966540744738263,0,nan,nan,nan,nan,nan,nan,0,0,0,0,0,nan,0.33432271991365353,-0.0082732685840687676,-0.00013957131810243966,0.0072454783490153996,0,0.027457540067842904
254,17,3,0.27173091654776677,0.073837691007889381,1,1,1,0,1,2642,0.0058374482528149828,0.062406106174894331,0.056568657922079352,0,0.10000000000000001,0.10000000000000001,0.13293253517193929,0,0,1,1,0.00075700227100681302,1128,0.026097398265510344,0.060714727689542371,0.034617329424032027,0.004560498670851695,0.044229486324216145,0.039668987653364449,0.05555275746756716,0,0,0,0,0,0.42922028766086301,-2.601574159392177e-05,0.0003352901871260458,0.0050775553959245406,0,0.0039858076885146091
254,17,3,0.27173091654776677,0.073837691007889381,1,1,3,1,1,2618,0.017561212283921906,0.077113359168749895,0.059552146884827989,0,0.10000000000000001,0.10000000000000001,0.1237080001015636,0,0,1,1,0.00076394194041252863,916,0.030900600400266844,0.057772716629727966,0.026872116229461122,0.0063240422306721439,0.033755837224816537,0.027431794994144394,0.039202829237241429,0,0,0,0,0,0.82734912146676853,-0.0082732685840687676,0.0003352901871260458,0.034823353035118111,0,0.026620520802710955
254,17,3,0.27173091654776677,0.073837691007889381,1,-1,1,0,1,9,0.031581727046540942,0.031707563820609623,0.00012583677406868138,0.0066674469429827419,0.0067329490302115731,6.5502087228831198e-05,0.00032352223976733746,0,0,0,0,0,9,0.031581727046540942,0.031707563820609623,0.00012583677406868138,0.0066674469429827419,0.0067329490302115731,6.5502087228831198e-05,0.00032352223976733746,0,0,0,0,0,1,1.8394047850536549e-06,1.661337178840441e-05,0.0031279177722314516,0.0013422659889398174,-7.2067119402583439e-06
254,17,3,0.27173091654776677,0.073837691007889381,1,-1,1,0,2,1735,0.031710522042589097,0.057267475856552896,0.025556953813963799,0.0067332925787202255,0.032613055380976412,0.025879762802256186,0.075247760419605611,0,0,0,0,0,1063,0.031710522042589097,0.057267475856552896,0.025556953813963799,0.0067332925787202255,0.032613055380976412,0.025879762802256186,0.074549805464430602,0,0,0,0,0,0.61268011527377519,-7.2682131960918829e-06,0.0003352901871260458,0.0075303931967627136,0,5.2108300346440382e-05
254,17,3,0.27173091654776677,0.073837691007889381,1,-1,3,1,1,2618,0.017561212283921906,0.077113359168749895,0.059552146884827989,0,0.10000000000000001,0.10000000000000001,0.1237080001015636,0,0,1,1,0.00076394194041252863,916,0.030900600400266844,0.057772716629727966,0.026872116229461122,0.0063240422306721439,0.033755837224816537,0.027431794994144394,0.039202829237241429,0,0,0,0,0,0.82734912146676853,-0.0082732685840687676,0.0003352901871260458,0.015150267432473573,0,0.026620520802710955
254,17,3,0.27173091654776677,0.073837691007889381,-1,1,1,0,1,202,0,0.0059070152806311501,0.0059070152806311501,0,0.0059307631904812527,0.0059307631904812527,0.0084453662802295368,1,0,1,0,0.0099009900990099011,0,nan,nan,nan,nan,nan,nan,0,0,0,0,0,nan,0.024752475247524754,-1.8397466958441607e-07,3.8576356353453437e-07,1.4484709536023662e-06,0,0.00031529840902457006
254,17,3,0.27173091654776677,0.073837691007889381,-1,1,3,1,1,3706,0.017561212283921906,0.077113359168749895,0.059552146884827989,0,0.10000000000000001,0.10000000000000001,0.189210491681847,0,0,1,1,0.00053966540744738263,0,nan,nan,nan,nan,nan,nan,0,0,0,0,0,nan,0.33432271991365353,-0.0082732685840687676,-0.00013957131810243966,0.021140630127871426,0,0.027457540067842904
254,17,3,0.27173091654776677,0.073837691007889381,-1,-1,3,1,1,3706,0.017561212283921906,0.077113359168749895,0.059552146884827989,0,0.10000000000000001,0.10000000000000001,0.189210491681847,0,0,1,1,0.00053966540744738263,0,nan,nan,nan,nan,nan,nan,0,0,0,0,0,nan,0.33432271991365353,-0.0082732685840687676,-0.00013957131810243966,0.0072454783490153996,0,0.027457540067842904
255,4,17,0.27492065821576572,0.075581368313789865,1,1,1,0,1,2641,0.0059741023944686411,0.062401969540022147,0.056427867145553506,0,0.10000000000000001,0.10000000000000001,0.13284005690721681,0,0,1,1,0.0007572889057175312,1087,0.02705803869246164,0.060501912604175402,0.033443873911713759,0.0048984680609524735,0.043228819212808536,0.038330351151856061,0.053563654030954103,0,0,0,0,0,0.41461567588034837,-2.5413974686397411e-05,0.00030057287985320996,0.0046026829153065635,0,0.0040468621047050173
255,4,17,0.27492065821576572,0.075581368313789865,1,1,3,1,1,2614,0.017971986282388826,0.077262946669190632,0.059290960386801803,0,0.10000000000000001,0.10000000000000001,0.12345071011141945,0,0,1,1,0.00076511094108645751,868,0.031914609739826551,0.057371581054036024,0.025456971314209473,0.0067734734411932594,0.032758847241713157,0.025985373800519899,0.037060554353519112,0,0,0,0,0,0.81599081866870693,-0.0083542873065388986,0.00030057287985320996,0.03465917075000103,0,0.026912726770539529
255,4,17,0.27492065821576572,0.075581368313789865,1,-1,1,0,1,9,0.03260258817167342,0.032720872394187549,0.0001182842225141284,0.0071346019695537315,0.0071987190964254832,6.411712687175164e-05,0.00030807627780073284,0,0,0,0,0,9,0.03260258817167342,0.032720872394187549,0.0001182842225141284,0.0071346019695537315,0.0071987190964254832,6.411712687175164e-05,0.00030807627780073284,0,0,0,0,0,1,1.8056846260616397e-06,1.654087485258545e-05,0.0031557950188960686,0.0013306219203478378,-7.0822187796406713e-06
255,4,17,0.27492065821576572,0.075581368313789865,1,-1,1,0,2,1637,0.032726408986823996,0.056840631550996931,0.024114222564172935,0.0072004269578585965,0.031618952968707946,0.024418526010849349,0.070871580443927606,0,0,0,0,0,1041,0.032726408986823996,0.056840631550996931,0.024114222564172935,0.0072004269578585965,0.031618952968707946,0.024418526010849349,0.070289251964617966,0,0,0,0,0,0.63591936469150889,-6.6036278683437874e-06,0.00030057287985320996,0.0072183383272573275,0,4.6305248317759839e-05
255,4,17,0.27492065821576572,0.075581368313789865,1,-1,3,1,1,2614,0.017971986282388826,0.077262946669190632,0.059290960386801803,0,0.10000000000000001,0.10000000000000001,0.12345071011141945,0,0,1,1,0.00076511094108645751,868,0.031914609739826551,0.057371581054036024,0.025456971314209473,0.0067734734411932594,0.032758847241713157,0.025985373800519899,0.037060554353519112,0,0,0,0,0,0.81599081866870693,-0.0083542873065388986,0.00030057287985320996,0.01474315496594015,0,0.026912726770539529
255,4,17,0.27492065821576572,0.075581368313789865,-1,1,1,0,1,208,0,0.0060465094651031889,0.0060465094651031889,0,0.0060714042036125789,0.0060714042036125789,0.0086318545030834963,1,0,1,0,0.0096153846153846159,0,nan,nan,nan,nan,nan,nan,0,0,0,0,0,nan,0.02403846153846154,-1.2159877950767401e-07,9.3722559919910643e-08,1.4157814269647659e-06,0,0.00033039769248761241
255,4,17,0.27492065821576572,0.075581368313789865,-1,1,3,1,1,3702,0.017971986282388826,0.077262946669190632,0.059290960386801803,0,0.10000000000000001,0.10000000000000001,0.18884196813826959,0,0,1,1,0.00054024851431658564,0,nan,nan,nan,nan,nan,nan,0,0,0,0,0,nan,0.34008643976229064,-0.0083542873065388986,-0.00014624110684632982,0.021358994162669086,0,0.027147777943516891
255,4,17,0.27492065821576572,0.075581368313789865,-1,-1,3,1,1,3702,0.017971986282388826,0.077262946669190632,0.059290960386801803,0,0.10000000000000001,0.10000000000000001,0.18884196813826959,0,0,1,1,0.00054024851431658564,0,nan,nan,nan,nan,nan,nan,0,0,0,0,0,nan,0.34008643976229064,-0.0083542873065388986,-0.00014624110684632982,0.0072972222322545723,0,0.027147777943516891
256,17,4,0.27492065821576572,0.075581368313789865,1,1,1,0,1,2641,0.0059741023944686411,0.062401969540022147,0.056427867145553506,0,0.10000000000000001,0.10000000000000001,0.13284005690721681,0,0,1,1,0.0007572889057175312,1087,0.02705803869246164,0.060501912604175402,0.033443873911713759,0.0048984680609524735,0.043228819212808536,0.038330351151856061,0.053563654030954103,0,0,0,0,0,0.41461567588034837,-2.5413974686397411e-05,0.00030057287985320996,0.0046026829153065635,0,0.0040468621047050173
256,17,4,0.27492065821576572,0.075581368313789865,1,1,3,1,1,2614,0.017971986282388826,0.077262946669190632,0.059290960386801803,0,0.10000000000000001,0.10000000000000001,0.12345071011141945,0,0,1,1,0.00076511094108645751,868,0.031914609739826551,0.057371581054036024,0.025456971314209473,0.0067734734411932594,0.032758847241713157,0.025985373800519899,0.037060554353519112,0,0,0,0,0,0.81599081866870693,-0.0083542873065388986,0.00030057287985320996,0.03465917075000103,0,0.026912726770539529
256,17,4,0.27492065821576572,0.075581368313789865,1,-1,1,0,1,9,0.03260258817167342,0.032720872394187549,0.0001182842225141284,0.0071346019695537315,0.0071987190964254832,6.411712687175164e-05,0.00030807627780073284,0,0,0,0,0,9,0.03260258817167342,0.032720872394187549,0.0001182842225141284,0.0071346019695537315,0.0071987190964254832,6.411712687175164e-05,0.00030807627780073284,0,0,0,0,0,1,1.8056846260616397e-06,1.654087485258545e-05,0.0031557950188960686,0.0013306219203478378,-7.0822187796406713e-06
256,17,4,0.27492065821576572,0.075581368313789865,1,-1,1,0,2,1637,0.032726408986823996,0.056840631550996931,0.024114222564172935,0.0072004269578585965,0.031618952968707946,0.024418526010849349,0.070871580443927606,0,0,0,0,0,1041,0.032726408986823996,0.056840631550996931,0.024114222564172935,0.0072004269578585965,0.031618952968707946,0.024418526010849349,0.070289251964617966,0,0,0,0,0,0.63591936469150889,-6.6036278683437874e-06,0.00030057287985320996,0.0072183383272573275,0,4.6305248317759839e-05
256,17,4,0.27492065821576572,0.075581368313789865,1,-1,3,1,1,2614,0.017971986282388826,0.077262946669190632,0.059290960386801803,0,0.10000000000000001,0.10000000000000001,0.12345071011141945,0,0,1,1,0.00076511094108645751,868,0.031914609739826551,0.057371581054036024,0.025456971314209473,0.0067734734411932594,0.032758847241713157,0.025985373800519899,0.037060554353519112,0,0,0,0,0,0.81599081866870693,-0.0083542873065388986,0.00030057287985320996,0.01474315496594015,0,0.026912726770539529
256,17,4,0.27492065821576572,0.075581368313789865,-1,1,1,0,1,208,0,0.0060465094651031889,0.0060465094651031889,0,0.0060714042036125789,0.0060714042036125789,0.0086318545030834963,1,0,1,0,0.0096153846153846159,0,nan,nan,nan,nan,nan,nan,0,0,0,0,0,nan,0.02403846153846154,-1.2159877950767401e-07,9.3722559919910643e-08,1.4157814269647659e-06,0,0.00033039769248761241
256,17,4,0.27492065821576572,0.075581368313789865,-1,1,3,1,1,3702,0.017971986282388826,0.077262946669190632,0.059290960386801803,0,0.10000000000000001,0.10000000000000001,0.18884196813826959,0,0,1,1,0.00054024851431658564,0,nan,nan,nan,nan,nan,nan,0,0,0,0,0,nan,0.34008643976229064,-0.0083542873065388986,-0.00014624110684632982,0.021358994162669086,0,0.027147777943516891
256,17,4,0.27492065821576572,0.075581368313789865,-1,-1,3,1,1,3702,0.017971986282388826,0.077262946669190632,0.059290960386801803,0,0.10000000000000001,0.10000000000000001,0.18884196813826959,0,0,1,1,0.00054024851431658564,0,nan,nan,nan,nan,nan,nan,0,0,0,0,0,nan,0.34008643976229064,-0.0083542873065388986,-0.00014624110684632982,0.0072972222322545723,0,0.027147777943516891
257,7,16,0.27506916811814802,0.075663047249209969,1,1,1,0,1,2639,0.0059805083631973843,0.062401776955479799,0.056421268592282414,0,0.10000000000000001,0.10000000000000001,0.13283155505983776,0,0,1,1,0.00075786282682834406,1084,0.027058038692461643,0.060501631174100484,0.033443592481638841,0.0048987567969370378,0.043228819212808536,0.038330062415871502,0.053557680098286244,0,0,0,0,0,0.41303524062144753,-2.4914229808295507e-05,0.00029895356875769054,0.0045895080241408768,0,0.0040497471619973897
257,7,16,0.27506916811814802,0.075663047249209969,1,1,3,1,1,2613,0.017991240169627592,0.077269958525532534,0.059278718355904939,0,0.10000000000000001,0.10000000000000001,0.12343783676083148,0,0,1,1,0.00076540375047837736,865,0.031967978652434954,0.057341168092536018,0.025373189440101064,0.0067980777125334962,0.032688458972648431,0.025890381260114934,0.036926983452617218,0,0,0,0,0,0.8159203980099502,-0.0083580851621982612,0.00029895356875769054,0.034655823039777559,0,0.02692642987227975
257,7,16,0.27506916811814802,0.075663047249209969,1,-1,1,0,1,1621,0.032732617529381343,0.056687104941102268,0.023954487411720925,0.0072006428412699497,0.031286994872320853,0.024086352031050903,0.070110693242294381,0,0,0,0,0,1027,0.032732617529381343,0.056687104941102268,0.023954487411720925,0.007201420175209544,0.031286994872320853,0.024085574697111308,0.069546968807622359,0,0,0,0,0,0.63355953115360886,-6.1718223554110547e-06,0.00029895356875769054,0.0072138717391125196,0,4.6109824796993618e-05
257,7,16,0.27506916811814802,0.075663047249209969,1,-1,1,0,2,17,0.056678043597378387,0.056840527983458185,0.00016248438607979754,0.031270290376692184,0.031614809470681064,0.00034451909398888064,0.00080249848495526509,0,0,0,0,0,17,0.056678043597378387,0.056840527983458185,0.00016248438607979754,0.031270290376692184,0.031614809470681064,0.00034451909398888064,0.00080249848495526509,0,0,0,0,0,1,2.5766053713050701e-07,6.7019044112592407e-05,0.0053283575511425775,0.00034159658113013837,-4.6675289695919678e-07
257,7,16,0.27506916811814802,0.075663047249209969,1,-1,3,1,1,2613,0.017991240169627592,0.077269958525532534,0.059278718355904939,0,0.10000000000000001,0.10000000000000001,0.12343783676083148,0,0,1,1,0.00076540375047837736,865,0.031967978652434954,0.057341168092536018,0.025373189440101064,0.0067980777125334962,0.032688458972648431,0.025890381260114934,0.036926983452617218,0,0,0,0,0,0.8159203980099502,-0.0083580851621982612,0.00029895356875769054,0.014726652589667683,0,0.02692642987227975
257,7,16,0.27506916811814802,0.075663047249209969,-1,1,1,0,1,206,0,0.0060530437799367976,0.0060530437799367976,0,0.0060779933216726541,0.0060779933216726541,0.0086406266558117471,1,0,1,0,0.0097087378640776691,0,nan,nan,nan,nan,nan,nan,0,0,0,0,0,nan,0.014563106796116505,-1.5223412560512798e-07,4.0759432621436634e-08,8.0737457810393199e-07,0,0.0003311137117167004
257,7,16,0.27506916811814802,0.075663047249209969,-1,1,3,1,1,3699,0.017991240169627592,0.077269958525532534,0.059278718355904939,0,0.10000000000000001,0.10000000000000001,0.18877486174695596,0,0,1,1,0.0005406866720735334,0,nan,nan,nan,nan,nan,nan,0,0,0,0,0,nan,0.33955123006217897,-0.0083580851621982612,-0.0001465573560073262,0.021379621441075879,0,0.027133227015009791
257,7,16,0.27506916811814802,0.075663047249209969,-1,-1,3,1,1,3699,0.017991240169627592,0.077269958525532534,0.059278718355904939,0,0.10000000000000001,0.10000000000000001,0.18877486174695596,0,0,1,1,0.0005406866720735334,0,nan,nan,nan,nan,nan,nan,0,0,0,0,0,nan,0.33955123006217897,-0.0083580851621982612,-0.0001465573560073262,0.0073031437171733795,0,0.027133227015009791
258,16,7,0.27506916811814802,0.075663047249209969,1,1,1,0,1,2639,0.0059805083631973843,0.062401776955479799,0.056421268592282414,0,0.10000000000000001,0.10000000000000001,0.13283155505983776,0,0,1,1,0.00075786282682834406,1084,0.027058038692461643,0.060501631174100484,0.033443592481638841,0.0048987567969370378,0.043228819212808536,0.038330062415871502,0.053557680098286244,0,0,0,0,0,0.41303524062144753,-2.4914229808295507e-05,0.00029895356875769054,0.0045895080241408768,0,0.0040497471619973897
258,16,7,0.27506916811814802,0.075663047249209969,1,1,3,1,1,2613,0.017991240169627592,0.077269958525532534,0.059278718355904939,0,0.10000000000000001,0.10000000000000001,0.12343783676083148,0,0,1,1,0.00076540375047837736,865,0.031967978652434954,0.057341168092536018,0.025373189440101064,0.0067980777125334962,0.032688458972648431,0.025890381260114934,0.036926983452617218,0,0,0,0,0,0.8159203980099502,-0.0083580851621982612,0.00029895356875769054,0.034655823039777559,0,0.02692642987227975
258,16,7,0.27506916811814802,0.075663047249209969,1,-1,1,0,1,1621,0.032732617529381343,0.056687104941102268,0.023954487411720925,0.0072006428412699497,0.031286994872320853,0.024086352031050903,0.070110693242294381,0,0,0,0,0,1027,0.032732617529381343,0.056687104941102268,0.023954487411720925,0.007201420175209544,0.031286994872320853,0.024085574697111308,0.069546968807622359,0,0,0,0,0,0.63355953115360886,-6.1718223554110547e-06,0.00029895356875769054,0.0072138717391125196,0,4.6109824796993618e-05
258,16,7,0.27506916811814802,0.075663047249209969,1,-1,1,0,2,17,0.056678043597378387,0.056840527983458185,0.00016248438607979754,0.031270290376692184,0.031614809470681064,0.00034451909398888064,0.00080249848495526509,0,0,0,0,0,17,0.056678043597378387,0.056840527983458185,0.00016248438607979754,0.031270290376692184,0.031614809470681064,0.00034451909398888064,0.00080249848495526509,0,0,0,0,0,1,2.5766053713050701e-07,6.7019044112592407e-05,0.0053283575511425775,0.00034159658113013837,-4.6675289695919678e-07
258,16,7,0.27506916811814802,0.075663047249209969,1,-1,3,1,1,2613,0.017991240169627592,0.077269958525532534,0.059278718355904939,0,0.10000000000000001,0.10000000000000001,0.12343783676083148,0,0,1,1,0.00076540375047837736,865,0.031967978652434954,0.057341168092536018,0.025373189440101064,0.0067980777125334962,0.032688458972648431,0.025890381260114934,0.036926983452617218,0,0,0,0,0,0.8159203980099502,-0.0083580851621982612,0.00029895356875769054,0.014726652589667683,0,0.02692642987227975
258,16,7,0.27506916811814802,0.075663047249209969,-1,1,1,0,1,206,0,0.0060530437799367976,0.0060530437799367976,0,0.0060779933216726541,0.0060779933216726541,0.0086406266558117471,1,0,1,0,0.0097087378640776691,0,nan,nan,nan,nan,nan,nan,0,0,0,0,0,nan,0.014563106796116505,-1.5223412560512798e-07,4.0759432621436634e-08,8.0737457810393199e-07,0,0.0003311137117167004
258,16,7,0.27506916811814802,0.075663047249209969,-1,1,3,1,1,3699,0.017991240169627592,0.077269958525532534,0.059278718355904939,0,0.10000000000000001,0.10000000000000001,0.18877486174695596,0,0,1,1,0.0005406866720735334,0,nan,nan,nan,nan,nan,nan,0,0,0,0,0,nan,0.33955123006217897,-0.0083580851621982612,-0.0001465573560073262,0.021379621441075879,0,0.027133227015009791
258,16,7,0.27506916811814802,0.075663047249209969,-1,-1,3,1,1,3699,0.017991240169627592,0.077269958525532534,0.059278718355904939,0,0.10000000000000001,0.10000000000000001,0.18877486174695596,0,0,1,1,0.0005406866720735334,0,nan,nan,nan,nan,nan,nan,0,0,0,0,0,nan,0.33955123006217897,-0.0083580851621982612,-0.0001465573560073262,0.0073031437171733795,0,0.027133227015009791
259,9,15,0.27562240211995054,0.075967708550371715,1,1,1,0,1,2639,0.0060044078854148211,0.062401060912926659,0.056396653027511838,0,0.10000000000000001,0.10000000000000001,0.13286022349401827,0,0,1,1,0.00075786282682834406,1083,0.027218145430286854,0.060399820947478318,0.033181675517191464,0.0049579684968220784,0.042761841227484991,0.037803872730662914,0.052955403486833488,0,0,0,0,0,0.41265630920803337,-2.498995753272073e-05,0.00029291411149045762,0.0045067569782189258,0,0.0040605278719281846
259,9,15,0.27562240211995054,0.075967708550371715,1,1,3,1,1,2613,0.018063068376816156,0.077296123053601465,0.059233054676785309,0,0.10000000000000001,0.10000000000000001,0.12338702466258898,0,0,1,1,0.00076540375047837736,858,0.032128085390260172,0.057287245891228272,0.0251591605009681,0.006869795772156421,0.032555036691127415,0.025685240918970995,0.036614757022078913,0,0,0,0,0,0.81515499425947191,-0.0083722557884628752,0.00029291411149045762,0.034639506879531906,0,0.026977563108221414
259,9,15,0.27562240211995054,0.075967708550371715,1,-1,1,0,1,9,0.032755775307382627,0.032879701113529898,0.00012392580614727089,0.0072014168445819465,0.0072695389294023466,6.8122084820400157e-05,0.00032589819362890385,0,0,0,0,0,7,0.032755775307382627,0.03287525016677785,0.00011947485939522301,0.007202413030460846,0.0072695389294023466,6.7125898941500575e-05,0.00028779492671807512,0,0,0,0,0,0.77777777777777779,-6.0691149093820168e-07,1.5094586856813553e-05,0.0026387522766452374,0,2.5855991601218518e-06
259,9,15,0.27562240211995054,0.075967708550371715,1,-1,1,0,2,1607,0.033001379219367133,0.056681861849523757,0.023680482630156624,0.0073338280666309635,0.031271446385727104,0.023937618319096139,0.069501916329626628,0,0,0,0,0,1033,0.033001379219367133,0.056681861849523757,0.023680482630156624,0.0073338280666309635,0.031271446385727104,0.023937618319096139,0.068934820508634753,0,0,0,0,0,0.64281269446172995,-6.4512149737738723e-06,0.00029291411149045762,0.0071604952570164465,0,4.5521075203942398e-05
259,9,15,0.27562240211995054,0.075967708550371715,1,-1,1,0,3,17,0.056685622366510577,0.0568401545771509,0.00015453221064032352,0.03127869366995386,0.031599354280260963,0.00032066061030710385,0.00075225052713924457,0,0,0,0,0,15,0.056685622366510577,0.0568401545771509,0.00015453221064032352,0.03127869366995386,0.031599354280260963,0.00032066061030710385,0.00074348305551315296,0,0,0,0,0,0.88235294117647056,-1.4457060210099494e-06,5.8941745064587707e-05,0.0049417622884320427,0,6.2372715134861189e-06
259,9,15,0.27562240211995054,0.075967708550371715,1,-1,3,1,1,2613,0.018063068376816156,0.077296123053601465,0.059233054676785309,0,0.10000000000000001,0.10000000000000001,0.12338702466258898,0,0,1,1,0.00076540375047837736,858,0.032128085390260172,0.057287245891228272,0.0251591605009681,0.006869795772156421,0.032555036691127415,0.025685240918970995,0.036614757022078913,0,0,0,0,0,0.81515499425947191,-0.0083722557884628752,0.00029291411149045762,0.014657768511745694,0,0.026977563108221414
259,9,15,0.27562240211995054,0.075967708550371715,-1,1,1,0,1,208,0,0.0060774166840297378,0.0060774166840297378,0,0.0061025704075814598,0.0061025704075814598,0.0086734001798975703,1,0,1,0,0.0096153846153846159,0,nan,nan,nan,nan,nan,nan,0,0,0,0,0,nan,0.02403846153846154,-1.6612708357238259e-07,3.5048956540448663e-07,1.7245808839700295e-06,0,0.00033379126358550548
259,9,15,0.27562240211995054,0.075967708550371715,-1,1,3,1,1,3695,0.018063068376816156,0.077296123053601465,0.059233054676785309,0,0.10000000000000001,0.10000000000000001,0.18852734698015144,0,0,1,1,0.00054127198917456026,0,nan,nan,nan,nan,nan,nan,0,0,0,0,0,nan,0.34073071718538567,-0.0083722557884628752,-0.00014773997420529199,0.021449657695421353,0,0.027079025237184313
259,9,15,0.27562240211995054,0.075967708550371715,-1,-1,3,1,1,3695,0.018063068376816156,0.077296123053601465,0.059233054676785309,0,0.10000000000000001,0.10000000000000001,0.18852734698015144,0,0,1,1,0.00054127198917456026,0,nan,nan,nan,nan,nan,nan,0,0,0,0,0,nan,0.34073071718538567,-0.0083722557884628752,-0.00014773997420529199,0.0073215549365025917,0,0.027079025237184313
260,15,9,0.27562240211995054,0.075967708550371715,1,1,1,0,1,2639,0.0060044078854148211,0.062401060912926659,0.056396653027511838,0,0.10000000000000001,0.10000000000000001,0.13286022349401827,0,0,1,1,0.00075786282682834406,1083,0.027218145430286854,0.060399820947478318,0.033181675517191464,0.0049579684968220784,0.042761841227484991,0.037803872730662914,0.052955403486833488,0,0,0,0,0,0.41265630920803337,-2.498995753272073e-05,0.00029291411149045762,0.0045067569782189258,0,0.0040605278719281846
260,15,9,0.27562240211995054,0.075967708550371715,1,1,3,1,1,2613,0.018063068376816156,0.077296123053601465,0.059233054676785309,0,0.10000000000000001,0.10000000000000001,0.12338702466258898,0,0,1,1,0.00076540375047837736,858,0.032128085390260172,0.057287245891228272,0.0251591605009681,0.006869795772156421,0.032555036691127415,0.025685240918970995,0.036614757022078913,0,0,0,0,0,0.81515499425947191,-0.0083722557884628752,0.00029291411149045762,0.034639506879531906,0,0.026977563108221414
260,15,9,0.27562240211995054,0.075967708550371715,1,-1,1,0,1,9,0.032755775307382627,0.032879701113529898,0.00012392580614727089,0.0072014168445819465,0.0072695389294023466,6.8122084820400157e-05,0.00032589819362890385,0,0,0,0,0,7,0.032755775307382627,0.03287525016677785,0.00011947485939522301,0.007202413030460846,0.0072695389294023466,6.7125898941500575e-05,0.00028779492671807512,0,0,0,0,0,0.77777777777777779,-6.0691149093820168e-07,1.5094586856813553e-05,0.0026387522766452374,0,2.5855991601218518e-06
260,15,9,0.27562240211995054,0.075967708550371715,1,-1,1,0,2,1607,0.033001379219367133,0.056681861849523757,0.023680482630156624,0.0073338280666309635,0.031271446385727104,0.023937618319096139,0.069501916329626628,0,0,0,0,0,1033,0.033001379219367133,0.056681861849523757,0.023680482630156624,0.0073338280666309635,0.031271446385727104,0.023937618319096139,0.068934820508634753,0,0,0,0,0,0.64281269446172995,-6.4512149737738723e-06,0.00029291411149045762,0.0071604952570164465,0,4.5521075203942398e-05
260,15,9,0.27562240211995054,0.075967708550371715,1,-1,1,0,3,17,0.056685622366510577,0.0568401545771509,0.00015453221064032352,0.03127869366995386,0.031599354280260963,0.00032066061030710385,0.00075225052713924457,0,0,0,0,0,15,0.056685622366510577,0.0568401545771509,0.00015453221064032352,0.03127869366995386,0.031599354280260963,0.00032066061030710385,0.00074348305551315296,0,0,0,0,0,0.88235294117647056,-1.4457060210099494e-06,5.8941745064587707e-05,0.0049417622884320427,0,6.2372715134861189e-06
260,15,9,0.27562240211995054,0.075967708550371715,1,-1,3,1,1,2613,0.018063068376816156,0.077296123053601465,0.059233054676785309,0,0.10000000000000001,0.10000000000000001,0.12338702466258898,0,0,1,1,0.00076540375047837736,858,0.032128085390260172,0.057287245891228272,0.0251591605009681,0.006869795772156421,0.032555036691127415,0.025685240918970995,0.036614757022078913,0,0,0,0,0,0.81515499425947191,-0.0083722557884628752,0.00029291411149045762,0.014657768511745694,0,0.026977563108221414
260,15,9,0.27562240211995054,0.075967708550371715,-1,1,1,0,1,208,0,0.0060774166840297378,0.0060774166840297378,0,0.0061025704075814598,0.0061025704075814598,0.0086734001798975703,1,0,1,0,0.0096153846153846159,0,nan,nan,nan,nan,nan,nan,0,0,0,0,0,nan,0.02403846153846154,-1.6612708357238259e-07,3.5048956540448663e-07,1.7245808839700295e-06,0,0.00033379126358550548
260,15,9,0.27562240211995054,0.075967708550371715,-1,1,3,1,1,3695,0.018063068376816156,0.077296123053601465,0.059233054676785309,0,0.10000000000000001,0.10000000000000001,0.18852734698015144,0,0,1,1,0.00054127198917456026,0,nan,nan,nan,nan,nan,nan,0,0,0,0,0,nan,0.34073071718538567,-0.0083722557884628752,-0.00014773997420529199,0.021449657695421353,0,0.027079025237184313
260,15,9,0.27562240211995054,0.075967708550371715,-1,-1,3,1,1,3695,0.018063068376816156,0.077296123053601465,0.059233054676785309,0,0.10000000000000001,0.10000000000000001,0.18852734698015144,0,0,1,1,0.00054127198917456026,0,nan,nan,nan,nan,nan,nan,0,0,0,0,0,nan,0.34073071718538567,-0.0083722557884628752,-0.00014773997420529199,0.0073215549365025917,0,0.027079025237184313
261,12,13,0.27884215903376269,0.077752949654610215,1,1,1,0,1,2636,0.0061445490625298789,0.062396897399793996,0.05625234833726412,0,0.10000000000000001,0.10000000000000001,0.13279662594168146,0,0,1,1,0.00075872534142640367,1032,0.02812541694462975,0.060179586911464009,0.032054169966834259,0.0052963953793052423,0.041827885256837893,0.036531489877532651,0.051077744581240772,0,0,0,0,0,0.3937784522003035,-2.3562127313247525e-05,0.00025759333689387686,0.0039971598426972255,0,0.0041243079098572969
261,12,13,0.27884215903376269,0.077752949654610215,1,1,3,1,1,2608,0.018484250390594734,0.077449581131677978,0.058965330741083247,0,0.10000000000000002,0.10000000000000002,0.12312701138243631,0,0,1,1,0.0007668711656441718,805,0.033248832555036689,0.056837891927951967,0.023589059372915278,0.0074001731801649354,0.031509680449575847,0.024109507269410912,0.03427689783119682,0,0,0,0,0,0.80253067484662577,-0.008455368109073028,0.00025759333689387686,0.034483816039100605,0,0.027277603205349384
261,12,13,0.27884215903376269,0.077752949654610215,1,-1,1,0,1,1513,0.033973911633035175,0.056253474746183571,0.022279563113148396,0.0078014511823770024,0.03033388569691188,0.022532434514534877,0.065285612375788032,0,0,0,0,0,1002,0.033973911633035175,0.056253474746183571,0.022279563113148396,0.0078023259411886476,0.03033388569691188,0.022531559755723234,0.064836968179867088,0,0,0,0,0,0.66226040978189027,-5.7649596719761578e-06,0.00025759333689387686,0.0067882967311804461,0,3.8864095822545427e-05
261,12,13,0.27884215903376269,0.077752949654610215,1,-1,3,1,1,2608,0.018484250390594734,0.077449581131677978,0.058965330741083247,0,0.10000000000000002,0.10000000000000002,0.12312701138243631,0,0,1,1,0.0007668711656441718,805,0.033248832555036689,0.056837891927951967,0.023589059372915278,0.0074001731801649354,0.031509680449575847,0.024109507269410912,0.03427689783119682,0,0,0,0,0,0.80253067484662577,-0.008455368109073028,0.00025759333689387686,0.014244771914511442,0,0.027277603205349384
261,12,13,0.27884215903376269,0.077752949654610215,-1,1,1,0,1,211,0,0.0062202359723688176,0.0062202359723688176,0,0.0062465990677983071,0.0062465990677983071,0.0088665464982312821,1,0,1,0,0.0094786729857819912,0,nan,nan,nan,nan,nan,nan,0,0,0,0,0,nan,0.014218009478672985,-1.6588059319873826e-07,2.7260629807116974e-07,8.6625812581979481e-07,0,0.00034969842244380868
261,12,13,0.27884215903376269,0.077752949654610215,-1,1,3,1,1,3694,0.018484250390594734,0.077449581131677978,0.058965330741083247,0,0.10000000000000002,0.10000000000000002,0.18831547683475225,0,0,1,1,0.00054141851651326478,0,nan,nan,nan,nan,nan,nan,0,0,0,0,0,nan,0.34596643205197619,-0.008455368109073028,-0.00015476534220780421,0.021654184566094681,0,0.027277603205349384
261,12,13,0.27884215903376269,0.077752949654610215,-1,-1,3,1,1,3694,0.018484250390594734,0.077449581131677978,0.058965330741083247,0,0.10000000000000002,0.10000000000000002,0.18831547683475225,0,0,1,1,0.00054141851651326478,0,nan,nan,nan,nan,nan,nan,0,0,0,0,0,nan,0.34596643205197619,-0.008455368109073028,-0.00015476534220780421,0.0073677209715756033,0,0.027277603205349384
262,13,12,0.27884215903376269,0.077752949654610215,1,1,1,0,1,2636,0.0061445490625298789,0.062396897399793996,0.05625234833726412,0,0.10000000000000001,0.10000000000000001,0.13279662594168146,0,0,1,1,0.00075872534142640367,1032,0.02812541694462975,0.060179586911464009,0.032054169966834259,0.0052963953793052423,0.041827885256837893,0.036531489877532651,0.051077744581240772,0,0,0,0,0,0.3937784522003035,-2.3562127313247525e-05,0.00025759333689387686,0.0039971598426972255,0,0.0041243079098572969
262,13,12,0.27884215903376269,0.077752949654610215,1,1,3,1,1,2608,0.018484250390594734,0.077449581131677978,0.058965330741083247,0,0.10000000000000002,0.10000000000000002,0.12312701138243631,0,0,1,1,0.0007668711656441718,805,0.033248832555036689,0.056837891927951967,0.023589059372915278,0.0074001731801649354,0.031509680449575847,0.024109507269410912,0.03427689783119682,0,0,0,0,0,0.80253067484662577,-0.008455368109073028,0.00025759333689387686,0.034483816039100605,0,0.027277603205349384
262,13,12,0.27884215903376269,0.077752949654610215,1,-1,1,0,1,1513,0.033973911633035175,0.056253474746183571,0.022279563113148396,0.0078014511823770024,0.03033388569691188,0.022532434514534877,0.065285612375788032,0,0,0,0,0,1002,0.033973911633035175,0.056253474746183571,0.022279563113148396,0.0078023259411886476,0.03033388569691188,0.022531559755723234,0.064836968179867088,0,0,0,0,0,0.66226040978189027,-5.7649596719761578e-06,0.00025759333689387686,0.0067882967311804461,0,3.8864095822545427e-05
262,13,12,0.27884215903376269,0.077752949654610215,1,-1,3,1,1,2608,0.018484250390594734,0.077449581131677978,0.058965330741083247,0,0.10000000000000002,0.10000000000000002,0.12312701138243631,0,0,1,1,0.0007668711656441718,805,0.033248832555036689,0.056837891927951967,0.023589059372915278,0.0074001731801649354,0.031509680449575847,0.024109507269410912,0.03427689783119682,0,0,0,0,0,0.80253067484662577,-0.008455368109073028,0.00025759333689387686,0.014244771914511442,0,0.027277603205349384
262,13,12,0.27884215903376269,0.077752949654610215,-1,1,1,0,1,211,0,0.0062202359723688176,0.0062202359723688176,0,0.0062465990677983071,0.0062465990677983071,0.0088665464982312821,1,0,1,0,0.0094786729857819912,0,nan,nan,nan,nan,nan,nan,0,0,0,0,0,nan,0.014218009478672985,-1.6588059319873826e-07,2.7260629807116974e-07,8.6625812581979481e-07,0,0.00034969842244380868
262,13,12,0.27884215903376269,0.077752949654610215,-1,1,3,1,1,3694,0.018484250390594734,0.077449581131677978,0.058965330741083247,0,0.10000000000000002,0.10000000000000002,0.18831547683475225,0,0,1,1,0.00054141851651326478,0,nan,nan,nan,nan,nan,nan,0,0,0,0,0,nan,0.34596643205197619,-0.008455368109073028,-0.00015476534220780421,0.021654184566094681,0,0.027277603205349384
262,13,12,0.27884215903376269,0.077752949654610215,-1,-1,3,1,1,3694,0.018484250390594734,0.077449581131677978,0.058965330741083247,0,0.10000000000000002,0.10000000000000002,0.18831547683475225,0,0,1,1,0.00054141851651326478,0,nan,nan,nan,nan,nan,nan,0,0,0,0,0,nan,0.34596643205197619,-0.008455368109073028,-0.00015476534220780421,0.0073677209715756033,0,0.027277603205349384
263,5,17,0.27896683329957028,0.077822494081190227,1,1,1,0,1,2636,0.0061500124704291451,0.062396736121787616,0.056246723651358473,0,0.10000000000000001,0.10000000000000001,0.1327948169020893,0,0,1,1,0.00075872534142640367,1030,0.028125416944629757,0.060179375560671447,0.03205395861604169,0.0052967299990764414,0.041827885256837893,0.036531155257761454,0.051090374676531686,0,0,0,0,0,0.39301972685887709,-2.3967376340601623e-05,0.00025622212914924768,0.0039745201774084547,0,0.0041268131488360234
263,5,17,0.27896683329957028,0.077822494081190227,1,1,3,1,1,2608,0.018500667296953245,0.077455565135852555,0.05895489783889931,0,0.10000000000000001,0.10000000000000001,0.12311665104599229,0,0,1,1,0.0007668711656441718,803,0.033262706012375874,0.056828826424691475,0.023566120412315601,0.0074049366244162773,0.031487658438959308,0.024082721814543032,0.034240095574892548,0,0,0,0,0,0.80176380368098155,-0.0084586088348709686,0.00025622212914924768,0.034469568423749687,0,0.027289307094694903
263,5,17,0.27896683329957028,0.077822494081190227,1,-1,1,0,1,15,0.033979036356713829,0.034216078922403907,0.00023704256569007792,0.0078016240462308924,0.0079364645181334674,0.00013484047190257496,0.00060096330972168811,0,0,0,0,0,13,0.033979036356713829,0.034216078922403907,0.00023704256569007792,0.0078025510341986279,0.0079364645181334674,0.00013391348393483951,0.00058718630007147555,0,0,0,0,0,0.8666666666666667,-5.9380855716798246e-07,1.8971775917635405e-05,0.0029421044673227674,0,2.5550928741011405e-06
263,5,17,0.27896683329957028,0.077822494081190227,1,-1,1,0,2,1499,0.034213249469232293,0.056253375867319842,0.022040126398087549,0.0079339788262338326,0.030330355824869953,0.022396376998636121,0.064716637209073058,0,0,0,0,0,996,0.034213249469232293,0.056253375867319842,0.022040126398087549,0.0079345504696554051,0.030330355824869953,0.02239580535521455,0.064269237037583443,0,0,0,0,0,0.6644429619746498,-5.7199313192441944e-06,0.00025622212914924768,0.0068046225148340042,0,3.966743346517374e-05
263,5,17,0.27896683329957028,0.077822494081190227,1,-1,3,1,1,2608,0.018500667296953245,0.077455565135852555,0.05895489783889931,0,0.10000000000000001,0.10000000000000001,0.12311665104599229,0,0,1,1,0.0007668711656441718,803,0.033262706012375874,0.056828826424691475,0.023566120412315601,0.0074049366244162773,0.031487658438959308,0.024082721814543032,0.034240095574892548,0,0,0,0,0,0.80176380368098155,-0.0084586088348709686,0.00025622212914924768,0.014225719655121637,0,0.027289307094694903
263,5,17,0.27896683329957028,0.077822494081190227,-1,1,1,0,1,211,0,0.0062257995264952178,0.0062257995264952178,0,0.006252210189512936,0.006252210189512936,0.0088741091938107988,1,0,1,0,0.0094786729857819912,0,nan,nan,nan,nan,nan,nan,0,0,0,0,0,nan,0.014218009478672985,-1.7381914343166029e-07,1.888827746412611e-07,8.9218590283453234e-07,0,0.00035032560495344331
263,5,17,0.27896683329957028,0.077822494081190227,-1,1,3,1,1,3692,0.018500667296953245,0.077455565135852555,0.05895489783889931,0,0.10000000000000001,0.10000000000000001,0.1882573882633336,0,0,1,1,0.00054171180931744309,0,nan,nan,nan,nan,nan,nan,0,0,0,0,0,nan,0.34588299024918745,-0.0084586088348709686,-0.00015504231897643241,0.021668783520771156,0,0.027289307094694903
263,5,17,0.27896683329957028,0.077822494081190227,-1,-1,3,1,1,3692,0.018500667296953245,0.077455565135852555,0.05895489783889931,0,0.10000000000000001,0.10000000000000001,0.1882573882633336,0,0,1,1,0.00054171180931744309,0,nan,nan,nan,nan,nan,nan,0,0,0,0,0,nan,0.34588299024918745,-0.0084586088348709686,-0.00015504231897643241,0.0073716825257967326,0,0.027289307094694903
264,17,5,0.27896683329957028,0.077822494081190227,1,1,1,0,1,2636,0.0061500124704291451,0.062396736121787616,0.056246723651358473,0,0.10000000000000001,0.10000000000000001,0.1327948169020893,0,0,1,1,0.00075872534142640367,1030,0.028125416944629757,0.060179375560671447,0.03205395861604169,0.0052967299990764414,0.041827885256837893,0.036531155257761454,0.051090374676531686,0,0,0,0,0,0.39301972685887709,-2.3967376340601623e-05,0.00025622212914924768,0.0039745201774084547,0,0.0041268131488360234
264,17,5,0.27896683329957028,0.077822494081190227,1,1,3,1,1,2608,0.018500667296953245,0.077455565135852555,0.05895489783889931,0,0.10000000000000001,0.10000000000000001,0.12311665104599229,0,0,1,1,0.0007668711656441718,803,0.033262706012375874,0.056828826424691475,0.023566120412315601,0.0074049366244162773,0.031487658438959308,0.024082721814543032,0.034240095574892548,0,0,0,0,0,0.80176380368098155,-0.0084586088348709686,0.00025622212914924768,0.034469568423749687,0,0.027289307094694903
264,17,5,0.27896683329957028,0.077822494081190227,1,-1,1,0,1,15,0.033979036356713829,0.034216078922403907,0.00023704256569007792,0.0078016240462308924,0.0079364645181334674,0.00013484047190257496,0.00060096330972168811,0,0,0,0,0,13,0.033979036356713829,0.034216078922403907,0.00023704256569007792,0.0078025510341986279,0.0079364645181334674,0.00013391348393483951,0.00058718630007147555,0,0,0,0,0,0.8666666666666667,-5.9380855716798246e-07,1.8971775917635405e-05,0.0029421044673227674,0,2.5550928741011405e-06
264,17,5,0.27896683329957028,0.077822494081190227,1,-1,1,0,2,1499,0.034213249469232293,0.056253375867319842,0.022040126398087549,0.0079339788262338326,0.030330355824869953,0.022396376998636121,0.064716637209073058,0,0,0,0,0,996,0.034213249469232293,0.056253375867319842,0.022040126398087549,0.0079345504696554051,0.030330355824869953,0.02239580535521455,0.064269237037583443,0,0,0,0,0,0.6644429619746498,-5.7199313192441944e-06,0.00025622212914924768,0.0068046225148340042,0,3.966743346517374e-05
264,17,5,0.27896683329957028,0.077822494081190227,1,-1,3,1,1,2608,0.018500667296953245,0.077455565135852555,0.05895489783889931,0,0.10000000000000001,0.10000000000000001,0.12311665104599229,0,0,1,1,0.0007668711656441718,803,0.033262706012375874,0.056828826424691475,0.023566120412315601,0.0074049366244162773,0.031487658438959308,0.024082721814543032,0.034240095574892548,0,0,0,0,0,0.80176380368098155,-0.0084586088348709686,0.00025622212914924768,0.014225719655121637,0,0.027289307094694903
264,17,5,0.27896683329957028,0.077822494081190227,-1,1,1,0,1,211,0,0.0062257995264952178,0.0062257995264952178,0,0.006252210189512936,0.006252210189512936,0.0088741091938107988,1,0,1,0,0.0094786729857819912,0,nan,nan,nan,nan,nan,nan,0,0,0,0,0,nan,0.014218009478672985,-1.7381914343166029e-07,1.888827746412611e-07,8.9218590283453234e-07,0,0.00035032560495344331
264,17,5,0.27896683329957028,0.077822494081190227,-1,1,3,1,1,3692,0.018500667296953245,0.077455565135852555,0.05895489783889931,0,0.10000000000000001,0.10000000000000001,0.1882573882633336,0,0,1,1,0.00054171180931744309,0,nan,nan,nan,nan,nan,nan,0,0,0,0,0,nan,0.34588299024918745,-0.0084586088348709686,-0.00015504231897643241,0.021668783520771156,0,0.027289307094694903
264,17,5,0.27896683329957028,0.077822494081190227,-1,-1,3,1,1,3692,0.018500667296953245,0.077455565135852555,0.05895489783889931,0,0.10000000000000001,0.10000000000000001,0.1882573882633336,0,0,1,1,0.00054171180931744309,0,nan,nan,nan,nan,nan,nan,0,0,0,0,0,nan,0.34588299024918745,-0.0084586088348709686,-0.00015504231897643241,0.0073716825257967326,0,0.027289307094694903
265,11,14,0.28058947921871885,0.078730455848231851,1,1,1,0,1,2636,0.0062213589213318179,0.062394636643768618,0.056173277722436799,0,0.10000000000000001,0.10000000000000001,0.13276056335281455,0,0,1,1,0.00075872534142640367,1000,0.028659106070713807,0.059965818010561611,0.031306711939847805,0.0055007007672063703,0.0409606404269513,0.035459939659744928,0.049609262537122611,0,0,0,0,0,0.38239757207890746,-2.2433324943646541e-05,0.00023832385700014175,0.0037192744489285496,0,0.0041596605767190379
265,11,14,0.28058947921871885,0.078730455848231851,1,1,3,1,1,2606,0.01871429420663584,0.077533715734694711,0.058819421528058871,0,0.10000000000000001,0.10000000000000001,0.1229791757879421,0,0,1,1,0.00076745970836531081,775,0.03383589059372915,0.056571047364909935,0.022735156771180785,0.0076864524554672445,0.030916668808991014,0.023230216353523771,0.032994422705867277,0,0,0,0,0,0.79623944742900998,-0.0085009338652269357,0.00023832385700014175,0.034360333395876401,0,0.027442197315167643
265,11,14,0.28058947921871885,0.078730455848231851,1,-1,1,0,1,15,0.034626245570973074,0.034857985243672687,0.00023173967269961293,0.008135157247200181,0.0082694251938203872,0.00013426794662020625,0.00058887273048947343,0,0,0,0,0,15,0.034626245570973074,0.034857985243672687,0.00023173967269961293,0.008135157247200181,0.0082694251938203872,0.00013426794662020625,0.00058887273048947343,0,0,0,0,0,1,8.8280903906987822e-07,2.0125192001353443e-05,0.003252805596430112,0.00091711185942872542,-3.3643766508192572e-06
265,11,14,0.28058947921871885,0.078730455848231851,1,-1,1,0,2,1433,0.034854596721540246,0.055933427069083441,0.021078830347543195,0.0082672547057509437,0.029673946187286068,0.021406691481535123,0.061831828262119776,0,0,0,0,0,979,0.034854596721540246,0.055933427069083441,0.021078830347543195,0.0082672547057509437,0.029673946187286068,0.021406691481535123,0.06137392424285551,0,0,0,0,0,0.68318213538032102,-5.7258969704124046e-06,0.00023832385700014175,0.0066386533030835465,0,3.6052825041640631e-05
265,11,14,0.28058947921871885,0.078730455848231851,1,-1,3,1,1,2606,0.01871429420663584,0.077533715734694711,0.058819421528058871,0,0.10000000000000001,0.10000000000000001,0.1229791757879421,0,0,1,1,0.00076745970836531081,775,0.03383589059372915,0.056571047364909935,0.022735156771180785,0.0076864524554672445,0.030916668808991014,0.023230216353523771,0.032994422705867277,0,0,0,0,0,0.79623944742900998,-0.0085009338652269357,0.00023832385700014175,0.014005656747443513,0,0.027442197315167643
265,11,14,0.28058947921871885,0.078730455848231851,-1,1,1,0,1,216,0,0.006298436467858548,0.006298436467858548,0,0.0063254737280483784,0.0063254737280483784,0.0089732049562720531,1,0,1,0,0.0092592592592592587,0,nan,nan,nan,nan,nan,nan,0,0,0,0,0,nan,0.027777777777777776,-1.4544738271743993e-07,1.6739441171888833e-07,1.9124682276825942e-06,0,0.00035856591034040503
265,11,14,0.28058947921871885,0.078730455848231851,-1,1,3,1,1,3688,0.01871429420663584,0.077533715734694711,0.058819421528058871,0,0.10000000000000001,0.10000000000000001,0.18800901347155441,0,0,1,1,0.00054229934924078093,0,nan,nan,nan,nan,nan,nan,0,0,0,0,0,nan,0.34924078091106292,-0.0085009338652269357,-0.00015868120775860186,0.021779329636885142,0,0.027442197315167643
265,11,14,0.28058947921871885,0.078730455848231851,-1,-1,3,1,1,3688,0.01871429420663584,0.077533715734694711,0.058819421528058871,0,0.10000000000000001,0.10000000000000001,0.18800901347155441,0,0,1,1,0.00054229934924078093,0,nan,nan,nan,nan,nan,nan,0,0,0,0,0,nan,0.34924078091106292,-0.0085009338652269357,-0.00015868120775860186,0.0073987603470753007,0,0.027442197315167643
266,14,11,0.28058947921871885,0.078730455848231851,1,1,1,0,1,2636,0.0062213589213318179,0.062394636643768618,0.056173277722436799,0,0.10000000000000001,0.10000000000000001,0.13276056335281455,0,0,1,1,0.00075872534142640367,1000,0.028659106070713807,0.059965818010561611,0.031306711939847805,0.0055007007672063703,0.0409606404269513,0.035459939659744928,0.049609262537122611,0,0,0,0,0,0.38239757207890746,-2.2433324943646541e-05,0.00023832385700014175,0.0037192744489285496,0,0.0041596605767190379
266,14,11,0.28058947921871885,0.078730455848231851,1,1,3,1,1,2606,0.01871429420663584,0.077533715734694711,0.058819421528058871,0,0.10000000000000001,0.10000000000000001,0.1229791757879421,0,0,1,1,0.00076745970836531081,775,0.03383589059372915,0.056571047364909935,0.022735156771180785,0.0076864524554672445,0.030916668808991014,0.023230216353523771,0.032994422705867277,0,0,0,0,0,0.79623944742900998,-0.0085009338652269357,0.00023832385700014175,0.034360333395876401,0,0.027442197315167643
266,14,11,0.28058947921871885,0.078730455848231851,1,-1,1,0,1,15,0.034626245570973074,0.034857985243672687,0.00023173967269961293,0.008135157247200181,0.0082694251938203872,0.00013426794662020625,0.00058887273048947343,0,0,0,0,0,15,0.034626245570973074,0.034857985243672687,0.00023173967269961293,0.008135157247200181,0.0082694251938203872,0.00013426794662020625,0.00058887273048947343,0,0,0,0,0,1,8.8280903906987822e-07,2.0125192001353443e-05,0.003252805596430112,0.00091711185942872542,-3.3643766508192572e-06
266,14,11,0.28058947921871885,0.078730455848231851,1,-1,1,0,2,1433,0.034854596721540246,0.055933427069083441,0.021078830347543195,0.0082672547057509437,0.029673946187286068,0.021406691481535123,0.061831828262119776,0,0,0,0,0,979,0.034854596721540246,0.055933427069083441,0.021078830347543195,0.0082672547057509437,0.029673946187286068,0.021406691481535123,0.06137392424285551,0,0,0,0,0,0.68318213538032102,-5.7258969704124046e-06,0.00023832385700014175,0.0066386533030835465,0,3.6052825041640631e-05
266,14,11,0.28058947921871885,0.078730455848231851,1,-1,3,1,1,2606,0.01871429420663584,0.077533715734694711,0.058819421528058871,0,0.10000000000000001,0.10000000000000001,0.1229791757879421,0,0,1,1,0.00076745970836531081,775,0.03383589059372915,0.056571047364909935,0.022735156771180785,0.0076864524554672445,0.030916668808991014,0.023230216353523771,0.032994422705867277,0,0,0,0,0,0.79623944742900998,-0.0085009338652269357,0.00023832385700014175,0.014005656747443513,0,0.027442197315167643
266,14,11,0.28058947921871885,0.078730455848231851,-1,1,1,0,1,216,0,0.006298436467858548,0.006298436467858548,0,0.0063254737280483784,0.0063254737280483784,0.0089732049562720531,1,0,1,0,0.0092592592592592587,0,nan,nan,nan,nan,nan,nan,0,0,0,0,0,nan,0.027777777777777776,-1.4544738271743993e-07,1.6739441171888833e-07,1.9124682276825942e-06,0,0.00035856591034040503
266,14,11,0.28058947921871885,0.078730455848231851,-1,1,3,1,1,3688,0.01871429420663584,0.077533715734694711,0.058819421528058871,0,0.10000000000000001,0.10000000000000001,0.18800901347155441,0,0,1,1,0.00054229934924078093,0,nan,nan,nan,nan,nan,nan,0,0,0,0,0,nan,0.34924078091106292,-0.0085009338652269357,-0.00015868120775860186,0.021779329636885142,0,0.027442197315167643
266,14,11,0.28058947921871885,0.078730455848231851,-1,-1,3,1,1,3688,0.01871429420663584,0.077533715734694711,0.058819421528058871,0,0.10000000000000001,0.10000000000000001,0.18800901347155441,0,0,1,1,0.00054229934924078093,0,nan,nan,nan,nan,nan,nan,0,0,0,0,0,nan,0.34924078091106292,-0.0085009338652269357,-0.00015868120775860186,0.0073987603470753007,0,0.027442197315167643
267,8,16,0.28176705275186092,0.079392672016469962,1,1,1,0,1,2635,0.0062734215438817447,0.062393112544184996,0.05611969100030325,0,0.10000000000000001,0.10000000000000001,0.13268138742269719,0,0,1,1,0.00075901328273244781,1000,0.028979319546364242,0.059912981373796276,0.030933661827432034,0.0056290103920786632,0.04076050700466978,0.035131496612591115,0.049075530397226064,0,0,0,0,0,0.38254269449715372,-2.223726984882186e-05,0.00022531415902626845,0.0035578240905916846,0,0.004183779031703562
267,8,16,0.28176705275186092,0.079392672016469962,1,1,3,1,1,2604,0.018869703958477233,0.077590756045596232,0.058721052087119002,0,0.10000000000000001,0.10000000000000001,0.12288383458241368,0,0,1,1,0.00076804915514592934,753,0.034316210807204803,0.056371320178420593,0.022055109371215791,0.0079318276913169349,0.030486991327551699,0.022555163636234762,0.03199488149334815,0,0,0,0,0,0.79224270353302606,-0.0085318254900608233,0.00022531415902626845,0.034300146008840487,0,0.027553824903503527
267,8,16,0.28176705275186092,0.079392672016469962,1,-1,1,0,1,1387,0.035240391973410362,0.055667201466733679,0.020426809493323317,0.0084679163152127056,0.029146727242458263,0.020678810927245557,0.059761888888305012,0,0,0,0,0,973,0.035240391973410362,0.055667201466733679,0.020426809493323317,0.0084679163152127056,0.029146727242458263,0.020678810927245557,0.059310141059301463,0,0,0,0,0,0.70151405912040377,-4.9804189075587706e-06,0.00022531415902626845,0.0065041651512236561,0,3.4032437862440108e-05
267,8,16,0.28176705275186092,0.079392672016469962,1,-1,1,0,2,11,0.055667058734420335,0.055773189686332249,0.0001061309519119133,0.029146473053029167,0.029342594180447362,0.00019612112741819454,0.00048214952534891397,0,0,0,0,0,11,0.055667058734420335,0.055773189686332249,0.0001061309519119133,0.029146473053029167,0.029342594180447362,0.00019612112741819454,0.00048214952534891397,0,0,0,0,0,1,9.713845780950247e-07,5.373466875899394e-05,0.0049517319352591809,0.00093623314899186981,-3.5061300370849309e-06
267,8,16,0.28176705275186092,0.079392672016469962,1,-1,3,1,1,2604,0.018869703958477233,0.077590756045596232,0.058721052087119002,0,0.10000000000000001,0.10000000000000001,0.12288383458241368,0,0,1,1,0.00076804915514592934,753,0.034316210807204803,0.056371320178420593,0.022055109371215791,0.0079318276913169349,0.030486991327551699,0.022555163636234762,0.03199488149334815,0,0,0,0,0,0.79224270353302606,-0.0085318254900608233,0.00022531415902626845,0.013851195722086544,0,0.027553824903503527
267,8,16,0.28176705275186092,0.079392672016469962,-1,1,1,0,1,218,0,0.0063514137613175977,0.0063514137613175977,0,0.0063789133308083668,0.0063789133308083668,0.0090458963938406158,1,0,1,0,0.0091743119266055051,0,nan,nan,nan,nan,nan,nan,0,0,0,0,0,nan,0.027522935779816515,-1.4781364568328278e-07,7.6884534561634586e-08,1.9357516646062987e-06,0,0.00036463664829819729
267,8,16,0.28176705275186092,0.079392672016469962,-1,1,3,1,1,3690,0.018869703958477233,0.077590756045596232,0.058721052087119002,0,0.10000000000000001,0.10000000000000001,0.18795992490920674,0,0,1,1,0.00054200542005420054,0,nan,nan,nan,nan,nan,nan,0,0,0,0,0,nan,0.35094850948509487,-0.0085318254900608233,-0.00016136182706981818,0.02183750938240828,0,0.027553824903503527
267,8,16,0.28176705275186092,0.079392672016469962,-1,-1,3,1,1,3690,0.018869703958477233,0.077590756045596232,0.058721052087119002,0,0.10000000000000001,0.10000000000000001,0.18795992490920674,0,0,1,1,0.00054200542005420054,0,nan,nan,nan,nan,nan,nan,0,0,0,0,0,nan,0.35094850948509487,-0.0085318254900608233,-0.00016136182706981818,0.0074098751161470145,0,0.027553824903503527
268,16,8,0.28176705275186092,0.079392672016469962,1,1,1,0,1,2635,0.0062734215438817447,0.062393112544184996,0.05611969100030325,0,0.10000000000000001,0.10000000000000001,0.13268138742269719,0,0,1,1,0.00075901328273244781,1000,0.028979319546364242,0.059912981373796276,0.030933661827432034,0.0056290103920786632,0.04076050700466978,0.035131496612591115,0.049075530397226064,0,0,0,0,0,0.38254269449715372,-2.223726984882186e-05,0.00022531415902626845,0.0035578240905916846,0,0.004183779031703562
268,16,8,0.28176705275186092,0.079392672016469962,1,1,3,1,1,2604,0.018869703958477233,0.077590756045596232,0.058721052087119002,0,0.10000000000000001,0.10000000000000001,0.12288383458241368,0,0,1,1,0.00076804915514592934,753,0.034316210807204803,0.056371320178420593,0.022055109371215791,0.0079318276913169349,0.030486991327551699,0.022555163636234762,0.03199488149334815,0,0,0,0,0,0.79224270353302606,-0.0085318254900608233,0.00022531415902626845,0.034300146008840487,0,0.027553824903503527
268,16,8,0.28176705275186092,0.079392672016469962,1,-1,1,0,1,1387,0.035240391973410362,0.055667201466733679,0.020426809493323317,0.0084679163152127056,0.029146727242458263,0.020678810927245557,0.059761888888305012,0,0,0,0,0,973,0.035240391973410362,0.055667201466733679,0.020426809493323317,0.0084679163152127056,0.029146727242458263,0.020678810927245557,0.059310141059301463,0,0,0,0,0,0.70151405912040377,-4.9804189075587706e-06,0.00022531415902626845,0.0065041651512236561,0,3.4032437862440108e-05
268,16,8,0.28176705275186092,0.079392672016469962,1,-1,1,0,2,11,0.055667058734420335,0.055773189686332249,0.0001061309519119133,0.029146473053029167,0.029342594180447362,0.00019612112741819454,0.00048214952534891397,0,0,0,0,0,11,0.055667058734420335,0.055773189686332249,0.0001061309519119133,0.029146473053029167,0.029342594180447362,0.00019612112741819454,0.00048214952534891397,0,0,0,0,0,1,9.713845780950247e-07,5.373466875899394e-05,0.0049517319352591809,0.00093623314899186981,-3.5061300370849309e-06
268,16,8,0.28176705275186092,0.079392672016469962,1,-1,3,1,1,2604,0.018869703958477233,0.077590756045596232,0.058721052087119002,0,0.10000000000000001,0.10000000000000001,0.12288383458241368,0,0,1,1,0.00076804915514592934,753,0.034316210807204803,0.056371320178420593,0.022055109371215791,0.0079318276913169349,0.030486991327551699,0.022555163636234762,0.03199488149334815,0,0,0,0,0,0.79224270353302606,-0.0085318254900608233,0.00022531415902626845,0.013851195722086544,0,0.027553824903503527
268,16,8,0.28176705275186092,0.079392672016469962,-1,1,1,0,1,218,0,0.0063514137613175977,0.0063514137613175977,0,0.0063789133308083668,0.0063789133308083668,0.0090458963938406158,1,0,1,0,0.0091743119266055051,0,nan,nan,nan,nan,nan,nan,0,0,0,0,0,nan,0.027522935779816515,-1.4781364568328278e-07,7.6884534561634586e-08,1.9357516646062987e-06,0,0.00036463664829819729
268,16,8,0.28176705275186092,0.079392672016469962,-1,1,3,1,1,3690,0.018869703958477233,0.077590756045596232,0.058721052087119002,0,0.10000000000000001,0.10000000000000001,0.18795992490920674,0,0,1,1,0.00054200542005420054,0,nan,nan,nan,nan,nan,nan,0,0,0,0,0,nan,0.35094850948509487,-0.0085318254900608233,-0.00016136182706981818,0.02183750938240828,0,0.027553824903503527
268,16,8,0.28176705275186092,0.079392672016469962,-1,-1,3,1,1,3690,0.018869703958477233,0.077590756045596232,0.058721052087119002,0,0.10000000000000001,0.10000000000000001,0.18795992490920674,0,0,1,1,0.00054200542005420054,0,nan,nan,nan,nan,nan,nan,0,0,0,0,0,nan,0.35094850948509487,-0.0085318254900608233,-0.00016136182706981818,0.0074098751161470145,0,0.027553824903503527
269,0,18,0.28320903884990323,0.080207359686285992,1,1,1,0,1,2634,0.0063375007927977366,0.062391245728448799,0.056053744935651059,0,0.099999999999999992,0.099999999999999992,0.13271179238280223,0,0,1,1,0.00075930144267274111,966,0.029299533022014677,0.059807278603216968,0.03050774558120229,0.005758741307330212,0.040360240160106739,0.034601498852776524,0.048332274080713181,0,0,0,0,0,0.36977980258162491,-2.0187831311847311e-05,0.00020933610024515917,0.0033289837531289236,0,0.004213634225579457
269,0,18,0.28320903884990323,0.080207359686285992,1,1,3,1,1,2601,0.019061008040794167,0.077660979078398237,0.058599971037604073,0,0.10000000000000001,0.10000000000000001,0.1227639692668322,0,0,1,1,0.00076893502499038834,726,0.034847198885847877,0.056117034721085299,0.021269835835237422,0.0082054703135423616,0.029953302201467642,0.021747831887925281,0.030822748987276133,0,0,0,0,0,0.78508266051518649,-0.0085698558434879456,0.00020933610024515917,0.034262569086985203,0,0.027691292434056106
269,0,18,0.28320903884990323,0.080207359686285992,1,-1,1,0,1,1347,0.035631416658432162,0.05545614806789248,0.019824731409460318,0.0086695920274314584,0.028719839728348899,0.020050247700917442,0.057935202380640385,0,0,0,0,0,992,0.035631416658432162,0.05545614806789248,0.019824731409460318,0.0086695920274314584,0.028719839728348899,0.020050247700917442,0.057597674787171094,0,0,0,0,0,0.73645137342242017,-5.0296942127553239e-06,0.00020933610024515917,0.0063359788160452599,0,3.0659680630410111e-05
269,0,18,0.28320903884990323,0.080207359686285992,1,-1,3,1,1,2601,0.019061008040794167,0.077660979078398237,0.058599971037604073,0,0.10000000000000001,0.10000000000000001,0.1227639692668322,0,0,1,1,0.00076893502499038834,726,0.034847198885847877,0.056117034721085299,0.021269835835237422,0.0082054703135423616,0.029953302201467642,0.021747831887925281,0.030822748987276133,0,0,0,0,0,0.78508266051518649,-0.0085698558434879456,0.00020933610024515917,0.013670160770880615,0,0.027691292434056106
269,0,18,0.28320903884990323,0.080207359686285992,-1,1,1,0,1,220,0,0.006416588774902878,0.006416588774902878,0,0.0064446621222356785,0.0064446621222356785,0.009135917759159895,1,0,1,0,0.0090909090909090905,0,nan,nan,nan,nan,nan,nan,0,0,0,0,0,nan,0.027272727272727271,-1.5784087909102656e-07,3.298628348566261e-07,1.9566232972266099e-06,0,0.00037217533118332754
269,0,18,0.28320903884990323,0.080207359686285992,-1,1,3,1,1,3687,0.019061008040794167,0.077660979078398237,0.058599971037604073,0,0.10000000000000001,0.10000000000000001,0.18777270356983156,0,0,1,1,0.00054244643341470032,0,nan,nan,nan,nan,nan,nan,0,0,0,0,0,nan,0.35367507458638459,-0.0085698558434879456,-0.00016469044602483851,0.021965658811795182,0,0.027691292434056106
269,0,18,0.28320903884990323,0.080207359686285992,-1,-1,3,1,1,3687,0.019061008040794167,0.077660979078398237,0.058599971037604073,0,0.10000000000000001,0.10000000000000001,0.18777270356983156,0,0,1,1,0.00054244643341470032,0,nan,nan,nan,nan,nan,nan,0,0,0,0,0,nan,0.35367507458638459,-0.0085698558434879456,-0.00016469044602483851,0.0074411461176302649,0,0.027691292434056106
270,18,0,0.28320903884990323,0.080207359686285992,1,1,1,0,1,2634,0.0063375007927977366,0.062391245728448799,0.056053744935651059,0,0.099999999999999992,0.099999999999999992,0.13271179238280223,0,0,1,1,0.00075930144267274111,966,0.029299533022014677,0.059807278603216968,0.03050774558120229,0.005758741307330212,0.040360240160106739,0.034601498852776524,0.048332274080713181,0,0,0,0,0,0.36977980258162491,-2.0187831311847311e-05,0.00020933610024515917,0.0033289837531289236,0,0.004213634225579457
270,18,0,0.28320903884990323,0.080207359686285992,1,1,3,1,1,2601,0.019061008040794167,0.077660979078398237,0.058599971037604073,0,0.10000000000000001,0.10000000000000001,0.1227639692668322,0,0,1,1,0.00076893502499038834,726,0.034847198885847877,0.056117034721085299,0.021269835835237422,0.0082054703135423616,0.029953302201467642,0.021747831887925281,0.030822748987276133,0,0,0,0,0,0.78508266051518649,-0.0085698558434879456,0.00020933610024515917,0.034262569086985203,0,0.027691292434056106
270,18,0,0.28320903884990323,0.080207359686285992,1,-1,1,0,1,1347,0.035631416658432162,0.05545614806789248,0.019824731409460318,0.0086695920274314584,0.028719839728348899,0.020050247700917442,0.057935202380640385,0,0,0,0,0,992,0.035631416658432162,0.05545614806789248,0.019824731409460318,0.0086695920274314584,0.028719839728348899,0.020050247700917442,0.057597674787171094,0,0,0,0,0,0.73645137342242017,-5.0296942127553239e-06,0.00020933610024515917,0.0063359788160452599,0,3.0659680630410111e-05
270,18,0,0.28320903884990323,0.080207359686285992,1,-1,3,1,1,2601,0.019061008040794167,0.077660979078398237,0.058599971037604073,0,0.10000000000000001,0.10000000000000001,0.1227639692668322,0,0,1,1,0.00076893502499038834,726,0.034847198885847877,0.056117034721085299,0.021269835835237422,0.0082054703135423616,0.029953302201467642,0.021747831887925281,0.030822748987276133,0,0,0,0,0,0.78508266051518649,-0.0085698558434879456,0.00020933610024515917,0.013670160770880615,0,0.027691292434056106
270,18,0,0.28320903884990323,0.080207359686285992,-1,1,1,0,1,220,0,0.006416588774902878,0.006416588774902878,0,0.0064446621222356785,0.0064446621222356785,0.009135917759159895,1,0,1,0,0.0090909090909090905,0,nan,nan,nan,nan,nan,nan,0,0,0,0,0,nan,0.027272727272727271,-1.5784087909102656e-07,3.298628348566261e-07,1.9566232972266099e-06,0,0.00037217533118332754
270,18,0,0.28320903884990323,0.080207359686285992,-1,1,3,1,1,3687,0.019061008040794167,0.077660979078398237,0.058599971037604073,0,0.10000000000000001,0.10000000000000001,0.18777270356983156,0,0,1,1,0.00054244643341470032,0,nan,nan,nan,nan,nan,nan,0,0,0,0,0,nan,0.35367507458638459,-0.0085698558434879456,-0.00016469044602483851,0.021965658811795182,0,0.027691292434056106
270,18,0,0.28320903884990323,0.080207359686285992,-1,-1,3,1,1,3687,0.019061008040794167,0.077660979078398237,0.058599971037604073,0,0.10000000000000001,0.10000000000000001,0.18777270356983156,0,0,1,1,0.00054244643341470032,0,nan,nan,nan,nan,nan,nan,0,0,0,0,0,nan,0.35367507458638459,-0.0085698558434879456,-0.00016469044602483851,0.0074411461176302649,0,0.027691292434056106
271,1,18,0.28364869231317003,0.080456580650971415,1,1,1,0,1,2632,0.0063571091847538057,0.062390676451689414,0.056033567266935605,0,0.10000000000000001,0.10000000000000001,0.13269118398096383,0,0,1,1,0.00075987841945288754,964,0.029459639759839888,0.059806383525129556,0.030346743765289667,0.0058228324158787776,0.040360240160106739,0.034537407744227963,0.048181356470104159,0,0,0,0,0,0.36854103343465044,-2.1608499842166857e-05,0.000204451707830801,0.0032651809276647526,0,0.0042228071922927159
271,1,18,0.28364869231317003,0.080456580650971415,1,1,3,1,1,2600,0.019119554472977772,0.077682473127471841,0.058562918654494069,0,0.10000000000000001,0.10000000000000001,0.12272709419259994,0,0,1,1,0.00076923076923076923,719,0.034978663251647044,0.056053619023241644,0.0210749557715946,0.0082721814543028679,0.029819879919946633,0.021547698465643764,0.030532594912807937,0,0,0,0,0,0.78230769230769226,-0.0085814959233154568,0.000204451707830801,0.034226800203352364,0,0.027733377197781912
271,1,18,0.28364869231317003,0.080456580650971415,1,-1,1,0,1,1315,0.036085823604777398,0.055399694611376296,0.019313871006598898,0.0089308226214987393,0.02861195150124541,0.01968112887974667,0.056631390912543975,0,0,0,0,0,961,0.036085823604777398,0.055399216831113741,0.019313393226336344,0.0089308226214987393,0.02861195150124541,0.01968112887974667,0.056289518126296255,0,0,0,0,0,0.73079847908745244,-4.8442698779105022e-06,0.000204451707830801,0.0063140409562195618,0,3.1102771598144605e-05
271,1,18,0.28364869231317003,0.080456580650971415,1,-1,3,1,1,2600,0.019119554472977772,0.077682473127471841,0.058562918654494069,0,0.10000000000000001,0.10000000000000001,0.12272709419259994,0,0,1,1,0.00076923076923076923,719,0.034978663251647044,0.056053619023241644,0.0210749557715946,0.0082721814543028679,0.029819879919946633,0.021547698465643764,0.030532594912807937,0,0,0,0,0,0.78230769230769226,-0.0085814959233154568,0.000204451707830801,0.013608735099398356,0,0.027733377197781912
271,1,18,0.28364869231317003,0.080456580650971415,-1,1,1,0,1,218,0,0.0064365264520777118,0.0064365264520777118,0,0.0064647758380001839,0.0064647758380001839,0.0091636286972210518,1,0,1,0,0.0091743119266055051,0,nan,nan,nan,nan,nan,nan,0,0,0,0,0,nan,0.01834862385321101,-1.630049613571765e-07,1.1015276490580338e-06,9.0843266872700762e-07,0,0.00037449691194483468
271,1,18,0.28364869231317003,0.080456580650971415,-1,1,3,1,1,3684,0.019119554472977772,0.077682473127471841,0.058562918654494069,0,0.10000000000000001,0.10000000000000001,0.18755467425849415,0,0,1,1,0.0005428881650380022,0,nan,nan,nan,nan,nan,nan,0,0,0,0,0,nan,0.35369163952225841,-0.0085814959233154568,-0.00016571549107318448,0.021998249086872528,0,0.027733377197781912
271,1,18,0.28364869231317003,0.080456580650971415,-1,-1,3,1,1,3684,0.019119554472977772,0.077682473127471841,0.058562918654494069,0,0.10000000000000001,0.10000000000000001,0.18755467425849415,0,0,1,1,0.0005428881650380022,0,nan,nan,nan,nan,nan,nan,0,0,0,0,0,nan,0.35369163952225841,-0.0085814959233154568,-0.00016571549107318448,0.0074496870963879913,0,0.027733377197781912
272,18,1,0.28364869231317003,0.080456580650971415,1,1,1,0,1,2632,0.0063571091847538057,0.062390676451689414,0.056033567266935605,0,0.10000000000000001,0.10000000000000001,0.13269118398096383,0,0,1,1,0.00075987841945288754,964,0.029459639759839888,0.059806383525129556,0.030346743765289667,0.0058228324158787776,0.040360240160106739,0.034537407744227963,0.048181356470104159,0,0,0,0,0,0.36854103343465044,-2.1608499842166857e-05,0.000204451707830801,0.0032651809276647526,0,0.0042228071922927159
272,18,1,0.28364869231317003,0.080456580650971415,1,1,3,1,1,2600,0.019119554472977772,0.077682473127471841,0.058562918654494069,0,0.10000000000000001,0.10000000000000001,0.12272709419259994,0,0,1,1,0.00076923076923076923,719,0.034978663251647044,0.056053619023241644,0.0210749557715946,0.0082721814543028679,0.029819879919946633,0.021547698465643764,0.030532594912807937,0,0,0,0,0,0.78230769230769226,-0.0085814959233154568,0.000204451707830801,0.034226800203352364,0,0.027733377197781912
272,18,1,0.28364869231317003,0.080456580650971415,1,-1,1,0,1,1315,0.036085823604777398,0.055399694611376296,0.019313871006598898,0.0089308226214987393,0.02861195150124541,0.01968112887974667,0.056631390912543975,0,0,0,0,0,961,0.036085823604777398,0.055399216831113741,0.019313393226336344,0.0089308226214987393,0.02861195150124541,0.01968112887974667,0.056289518126296255,0,0,0,0,0,0.73079847908745244,-4.8442698779105022e-06,0.000204451707830801,0.0063140409562195618,0,3.1102771598144605e-05
272,18,1,0.28364869231317003,0.080456580650971415,1,-1,3,1,1,2600,0.019119554472977772,0.077682473127471841,0.058562918654494069,0,0.10000000000000001,0.10000000000000001,0.12272709419259994,0,0,1,1,0.00076923076923076923,719,0.034978663251647044,0.056053619023241644,0.0210749557715946,0.0082721814543028679,0.029819879919946633,0.021547698465643764,0.030532594912807937,0,0,0,0,0,0.78230769230769226,-0.0085814959233154568,0.000204451707830801,0.013608735099398356,0,0.027733377197781912
272,18,1,0.28364869231317003,0.080456580650971415,-1,1,1,0,1,218,0,0.0064365264520777118,0.0064365264520777118,0,0.0064647758380001839,0.0064647758380001839,0.0091636286972210518,1,0,1,0,0.0091743119266055051,0,nan,nan,nan,nan,nan,nan,0,0,0,0,0,nan,0.01834862385321101,-1.630049613571765e-07,1.1015276490580338e-06,9.0843266872700762e-07,0,0.00037449691194483468
272,18,1,0.28364869231317003,0.080456580650971415,-1,1,3,1,1,3684,0.019119554472977772,0.077682473127471841,0.058562918654494069,0,0.10000000000000001,0.10000000000000001,0.18755467425849415,0,0,1,1,0.0005428881650380022,0,nan,nan,nan,nan,nan,nan,0,0,0,0,0,nan,0.35369163952225841,-0.0085814959233154568,-0.00016571549107318448,0.021998249086872528,0,0.027733377197781912
272,18,1,0.28364869231317003,0.080456580650971415,-1,-1,3,1,1,3684,0.019119554472977772,0.077682473127471841,0.058562918654494069,0,0.10000000000000001,0.10000000000000001,0.18755467425849415,0,0,1,1,0.0005428881650380022,0,nan,nan,nan,nan,nan,nan,0,0,0,0,0,nan,0.35369163952225841,-0.0085814959233154568,-0.00016571549107318448,0.0074496870963879913,0,0.027733377197781912
273,6,17,0.28383183361731068,0.080560509774564748,1,1,1,0,1,2632,0.0063652880440934409,0.062390439303032487,0.056025151258939046,0,0.10000000000000001,0.10000000000000001,0.13269247739332107,0,0,1,1,0.00075987841945288754,963,0.029459639759839888,0.059753695845877662,0.030294056086037774,0.0058237920857792825,0.040160106737825219,0.034336314652045938,0.04799480802208976,0,0,0,0,0,0.36816109422492399,-2.1438251014428624e-05,0.0002024166540170157,0.0032338183097557964,0,0.0042266379535414282
273,6,17,0.28383183361731068,0.080560509774564748,1,1,3,1,1,2601,0.019143972529925266,0.077691436489304211,0.058547463959378945,0,0.10000000000000001,0.10000000000000001,0.12271107672843663,0,0,1,1,0.00076893502499038834,715,0.035063375583722481,0.056021207283160117,0.020957831699437636,0.0083177741755294243,0.029753168779186118,0.021435394603656694,0.030364243077352568,0,0,0,0,0,0.78085351787773938,-0.0085863502409048026,0.0002024166540170157,0.034192991698506515,0,0.027750929437388584
273,6,17,0.28383183361731068,0.080560509774564748,1,-1,1,0,1,1305,0.036093058790495791,0.055293203032632708,0.019200144242136917,0.0089338031167368517,0.028417722035937874,0.019483918919201024,0.05617775007191525,0,0,0,0,0,955,0.036093058790495791,0.055293203032632708,0.019200144242136917,0.0089338031167368517,0.028417722035937874,0.019483918919201024,0.05584202426817389,0,0,0,0,0,0.73180076628352486,-4.9013870507335039e-06,0.0002024166540170157,0.0062870887310088851,0,3.0615188937843273e-05
273,6,17,0.28383183361731068,0.080560509774564748,1,-1,1,0,2,11,0.055290883235563998,0.055399557996703097,0.00010867476113909924,0.028413961045267742,0.028606725231296926,0.00019276418602918316,0.00048078634432721884,0,0,0,0,0,9,0.055290883235563998,0.055398961801255114,0.00010807856569111651,0.028413961045267742,0.028606725231296926,0.00019276418602918316,0.00047207386902765414,0,0,0,0,0,0.81818181818181823,-1.1354989064670646e-06,4.9931336919996426e-05,0.0044976885687657512,0,4.9096403913911929e-06
273,6,17,0.28383183361731068,0.080560509774564748,1,-1,3,1,1,2601,0.019143972529925266,0.077691436489304211,0.058547463959378945,0,0.10000000000000001,0.10000000000000001,0.12271107672843663,0,0,1,1,0.00076893502499038834,715,0.035063375583722481,0.056021207283160117,0.020957831699437636,0.0083177741755294243,0.029753168779186118,0.021435394603656694,0.030364243077352568,0,0,0,0,0,0.78085351787773938,-0.0085863502409048026,0.0002024166540170157,0.013575454162200445,0,0.027750929437388584
273,6,17,0.28383183361731068,0.080560509774564748,-1,1,1,0,1,219,0,0.0064448407819651795,0.0064448407819651795,0,0.006473163799043607,0.006473163799043607,0.0091751872784590523,1,0,1,0,0.0091324200913242004,0,nan,nan,nan,nan,nan,nan,0,0,0,0,0,nan,0.013698630136986301,-1.6933606484518702e-07,3.3599431734567952e-07,9.1936226838324044e-07,0,0.00037546719472836255
273,6,17,0.28383183361731068,0.080560509774564748,-1,1,3,1,1,3685,0.019143972529925266,0.077691436489304211,0.058547463959378945,0,0.10000000000000001,0.10000000000000001,0.18746571098118456,0,0,1,1,0.00054274084124830398,0,nan,nan,nan,nan,nan,nan,0,0,0,0,0,nan,0.35440976933514245,-0.0085863502409048026,-0.00016614389081952616,0.021997542193352045,0,0.027750929437388584
273,6,17,0.28383183361731068,0.080560509774564748,-1,-1,3,1,1,3685,0.019143972529925266,0.077691436489304211,0.058547463959378945,0,0.10000000000000001,0.10000000000000001,0.18746571098118456,0,0,1,1,0.00054274084124830398,0,nan,nan,nan,nan,nan,nan,0,0,0,0,0,nan,0.35440976933514245,-0.0085863502409048026,-0.00016614389081952616,0.007448061263871552,0,0.027750929437388584
274,17,6,0.28383183361731068,0.080560509774564748,1,1,1,0,1,2632,0.0063652880440934409,0.062390439303032487,0.056025151258939046,0,0.10000000000000001,0.10000000000000001,0.13269247739332107,0,0,1,1,0.00075987841945288754,963,0.029459639759839888,0.059753695845877662,0.030294056086037774,0.0058237920857792825,0.040160106737825219,0.034336314652045938,0.04799480802208976,0,0,0,0,0,0.36816109422492399,-2.1438251014428624e-05,0.0002024166540170157,0.0032338183097557964,0,0.0042266379535414282
274,17,6,0.28383183361731068,0.080560509774564748,1,1,3,1,1,2601,0.019143972529925266,0.077691436489304211,0.058547463959378945,0,0.10000000000000001,0.10000000000000001,0.12271107672843663,0,0,1,1,0.00076893502499038834,715,0.035063375583722481,0.056021207283160117,0.020957831699437636,0.0083177741755294243,0.029753168779186118,0.021435394603656694,0.030364243077352568,0,0,0,0,0,0.78085351787773938,-0.0085863502409048026,0.0002024166540170157,0.034192991698506515,0,0.027750929437388584
274,17,6,0.28383183361731068,0.080560509774564748,1,-1,1,0,1,1305,0.036093058790495791,0.055293203032632708,0.019200144242136917,0.0089338031167368517,0.028417722035937874,0.019483918919201024,0.05617775007191525,0,0,0,0,0,955,0.036093058790495791,0.055293203032632708,0.019200144242136917,0.0089338031167368517,0.028417722035937874,0.019483918919201024,0.05584202426817389,0,0,0,0,0,0.73180076628352486,-4.9013870507335039e-06,0.0002024166540170157,0.0062870887310088851,0,3.0615188937843273e-05
274,17,6,0.28383183361731068,0.080560509774564748,1,-1,1,0,2,11,0.055290883235563998,0.055399557996703097,0.00010867476113909924,0.028413961045267742,0.028606725231296926,0.00019276418602918316,0.00048078634432721884,0,0,0,0,0,9,0.055290883235563998,0.055398961801255114,0.00010807856569111651,0.028413961045267742,0.028606725231296926,0.00019276418602918316,0.00047207386902765414,0,0,0,0,0,0.81818181818181823,-1.1354989064670646e-06,4.9931336919996426e-05,0.0044976885687657512,0,4.9096403913911929e-06
274,17,6,0.28383183361731068,0.080560509774564748,1,-1,3,1,1,2601,0.019143972529925266,0.077691436489304211,0.058547463959378945,0,0.10000000000000001,0.10000000000000001,0.12271107672843663,0,0,1,1,0.00076893502499038834,715,0.035063375583722481,0.056021207283160117,0.020957831699437636,0.0083177741755294243,0.029753168779186118,0.021435394603656694,0.030364243077352568,0,0,0,0,0,0.78085351787773938,-0.0085863502409048026,0.0002024166540170157,0.013575454162200445,0,0.027750929437388584
274,17,6,0.28383183361731068,0.080560509774564748,-1,1,1,0,1,219,0,0.0064448407819651795,0.0064448407819651795,0,0.006473163799043607,0.006473163799043607,0.0091751872784590523,1,0,1,0,0.0091324200913242004,0,nan,nan,nan,nan,nan,nan,0,0,0,0,0,nan,0.013698630136986301,-1.6933606484518702e-07,3.3599431734567952e-07,9.1936226838324044e-07,0,0.00037546719472836255
274,17,6,0.28383183361731068,0.080560509774564748,-1,1,3,1,1,3685,0.019143972529925266,0.077691436489304211,0.058547463959378945,0,0.10000000000000001,0.10000000000000001,0.18746571098118456,0,0,1,1,0.00054274084124830398,0,nan,nan,nan,nan,nan,nan,0,0,0,0,0,nan,0.35440976933514245,-0.0085863502409048026,-0.00016614389081952616,0.021997542193352045,0,0.027750929437388584
274,17,6,0.28383183361731068,0.080560509774564748,-1,-1,3,1,1,3685,0.019143972529925266,0.077691436489304211,0.058547463959378945,0,0.10000000000000001,0.10000000000000001,0.18746571098118456,0,0,1,1,0.00054274084124830398,0,nan,nan,nan,nan,nan,nan,0,0,0,0,0,nan,0.35440976933514245,-0.0085863502409048026,-0.00016614389081952616,0.007448061263871552,0,0.027750929437388584
275,10,15,0.2840514471366738,0.080685224620438589,1,1,1,0,1,2632,0.0063751028776469418,0.062390154918127813,0.056015052040480871,0,0.10000000000000001,0.10000000000000001,0.13269010081259938,0,0,1,1,0.00075987841945288754,955,0.029459639759839895,0.059753241126757076,0.030293601366917181,0.005824827389627198,0.040160106737825219,0.034335279348198022,0.047987306558931797,0,0,0,0,0,0.36512158054711247,-2.1306293710635785e-05,0.00019997367404933207,0.0031933916902923756,0,0.0042312391125739488
275,10,15,0.2840514471366738,0.080685224620438589,1,1,3,1,1,2599,0.019173276548119431,0.077702192514668311,0.058528915966548883,0,0.10000000000000001,0.10000000000000001,0.12269245304936821,0,0,1,1,0.00076952674105425169,710,0.035170113408939288,0.055983989326217475,0.020813875917278186,0.0083757073799406983,0.029676257298653516,0.021300549918712816,0.030159765205824949,0,0,0,0,0,0.77991535205848406,-0.0085921755867982372,0.00019997367404933207,0.034194236423696379,0,0.027771993832169217
275,10,15,0.2840514471366738,0.080685224620438589,1,-1,1,0,1,1305,0.03610174100622647,0.055293028921074024,0.019191287914847553,0.0089351347697896061,0.028411448619406979,0.019476313849617372,0.056164256063183621,0,0,0,0,0,967,0.03610174100622647,0.055293028921074024,0.019191287914847553,0.0089358039424399481,0.028411448619406979,0.019475644676967031,0.055825652167409853,0,0,0,0,0,0.74099616858237549,-4.7038545789029619e-06,0.00019997367404933207,0.0062466050172831451,0,2.8251128416900856e-05
275,10,15,0.2840514471366738,0.080685224620438589,1,-1,3,1,1,2599,0.019173276548119431,0.077702192514668311,0.058528915966548883,0,0.10000000000000001,0.10000000000000001,0.12269245304936821,0,0,1,1,0.00076952674105425169,710,0.035170113408939288,0.055983989326217475,0.020813875917278186,0.0083757073799406983,0.029676257298653516,0.021300549918712816,0.030159765205824949,0,0,0,0,0,0.77991535205848406,-0.0085921755867982372,0.00019997367404933207,0.013552059179902803,0,0.027771993832169217
275,10,15,0.2840514471366738,0.080685224620438589,-1,1,1,0,1,219,0,0.0064548179696350873,0.0064548179696350873,0,0.0064832302866963988,0.0064832302866963988,0.0091890609112273581,1,0,1,0,0.0091324200913242004,0,nan,nan,nan,nan,nan,nan,0,0,0,0,0,nan,0.013698630136986301,-1.5771667554455814e-07,9.9262119634279831e-08,9.6364563114913096e-07,0,0.00037663326054234082
275,10,15,0.2840514471366738,0.080685224620438589,-1,1,3,1,1,3679,0.019173276548119431,0.077702192514668311,0.058528915966548883,0,0.10000000000000001,0.10000000000000001,0.18735917582877115,0,0,1,1,0.00054362598532209838,0,nan,nan,nan,nan,nan,nan,0,0,0,0,0,nan,0.35417232943734711,-0.0085921755867982372,-0.0001666587000844961,0.022038500208510638,0,0.027771993832169217
275,10,15,0.2840514471366738,0.080685224620438589,-1,-1,3,1,1,3679,0.019173276548119431,0.077702192514668311,0.058528915966548883,0,0.10000000000000001,0.10000000000000001,0.18735917582877115,0,0,1,1,0.00054362598532209838,0,nan,nan,nan,nan,nan,nan,0,0,0,0,0,nan,0.35417232943734711,-0.0085921755867982372,-0.0001666587000844961,0.0074601515314553562,0,0.027771993832169217
276,15,10,0.2840514471366738,0.080685224620438589,1,1,1,0,1,2632,0.0063751028776469418,0.062390154918127813,0.056015052040480871,0,0.10000000000000001,0.10000000000000001,0.13269010081259938,0,0,1,1,0.00075987841945288754,955,0.029459639759839895,0.059753241126757076,0.030293601366917181,0.005824827389627198,0.040160106737825219,0.034335279348198022,0.047987306558931797,0,0,0,0,0,0.36512158054711247,-2.1306293710635785e-05,0.00019997367404933207,0.0031933916902923756,0,0.0042312391125739488
276,15,10,0.2840514471366738,0.080685224620438589,1,1,3,1,1,2599,0.019173276548119431,0.077702192514668311,0.058528915966548883,0,0.10000000000000001,0.10000000000000001,0.12269245304936821,0,0,1,1,0.00076952674105425169,710,0.035170113408939288,0.055983989326217475,0.020813875917278186,0.0083757073799406983,0.029676257298653516,0.021300549918712816,0.030159765205824949,0,0,0,0,0,0.77991535205848406,-0.0085921755867982372,0.00019997367404933207,0.034194236423696379,0,0.027771993832169217
276,15,10,0.2840514471366738,0.080685224620438589,1,-1,1,0,1,1305,0.03610174100622647,0.055293028921074024,0.019191287914847553,0.0089351347697896061,0.028411448619406979,0.019476313849617372,0.056164256063183621,0,0,0,0,0,967,0.03610174100622647,0.055293028921074024,0.019191287914847553,0.0089358039424399481,0.028411448619406979,0.019475644676967031,0.055825652167409853,0,0,0,0,0,0.74099616858237549,-4.7038545789029619e-06,0.00019997367404933207,0.0062466050172831451,0,2.8251128416900856e-05
276,15,10,0.2840514471366738,0.080685224620438589,1,-1,3,1,1,2599,0.019173276548119431,0.077702192514668311,0.058528915966548883,0,0.10000000000000001,0.10000000000000001,0.12269245304936821,0,0,1,1,0.00076952674105425169,710,0.035170113408939288,0.055983989326217475,0.020813875917278186,0.0083757073799406983,0.029676257298653516,0.021300549918712816,0.030159765205824949,0,0,0,0,0,0.77991535205848406,-0.0085921755867982372,0.00019997367404933207,0.013552059179902803,0,0.027771993832169217
276,15,10,0.2840514471366738,0.080685224620438589,-1,1,1,0,1,219,0,0.0064548179696350873,0.0064548179696350873,0,0.0064832302866963988,0.0064832302866963988,0.0091890609112273581,1,0,1,0,0.0091324200913242004,0,nan,nan,nan,nan,nan,nan,0,0,0,0,0,nan,0.013698630136986301,-1.5771667554455814e-07,9.9262119634279831e-08,9.6364563114913096e-07,0,0.00037663326054234082
276,15,10,0.2840514471366738,0.080685224620438589,-1,1,3,1,1,3679,0.019173276548119431,0.077702192514668311,0.058528915966548883,0,0.10000000000000001,0.10000000000000001,0.18735917582877115,0,0,1,1,0.00054362598532209838,0,nan,nan,nan,nan,nan,nan,0,0,0,0,0,nan,0.35417232943734711,-0.0085921755867982372,-0.0001666587000844961,0.022038500208510638,0,0.027771993832169217
276,15,10,0.2840514471366738,0.080685224620438589,-1,-1,3,1,1,3679,0.019173276548119431,0.077702192514668311,0.058528915966548883,0,0.10000000000000001,0.10000000000000001,0.18735917582877115,0,0,1,1,0.00054362598532209838,0,nan,nan,nan,nan,nan,nan,0,0,0,0,0,nan,0.35417232943734711,-0.0085921755867982372,-0.0001666587000844961,0.0074601515314553562,0,0.027771993832169217
277,2,18,0.2849634738592623,0.081204181433938455,1,1,1,0,1,2631,0.0064159494821568906,0.06238897524127273,0.055973025759115842,0,0.10000000000000001,0.10000000000000001,0.13264667671448849,0,0,1,1,0.00076016723679209425,930,0.030153435623749166,0.05964504288239586,0.029491607258646694,0.0061035299818324477,0.039759839893262171,0.033656309911429726,0.046839065813424931,0,0,0,0,0,0.3557582668187001,-2.0203263147149426e-05,0.00018984049592881579,0.0030364007222608669,0,0.0042504347327316436
277,2,18,0.2849634738592623,0.081204181433938455,1,1,3,1,1,2599,0.019295244793634786,0.077746974055619963,0.058451729261985177,0,0.10000000000000001,0.10000000000000001,0.12262055674210499,0,0,1,1,0.00076952674105425169,692,0.035490326884589724,0.055788921772121657,0.020298594887531933,0.0085449059853217862,0.029286190793862573,0.020741284808540789,0.02937144711184779,0,0,0,0,0,0.77606771835321275,-0.0086164269331586094,0.00018984049592881579,0.034133672736144795,0,0.027859698015821346
277,2,18,0.2849634738592623,0.081204181433938455,1,-1,1,0,1,1259,0.036566357729064872,0.055079639287059716,0.018513281557994844,0.0092015894250855514,0.028012928475551011,0.018811339050465462,0.054194771133645805,0,0,0,0,0,944,0.036566357729064872,0.055079639287059716,0.018513281557994844,0.009201697687267061,0.028012928475551011,0.01881123078828395,0.05379383300226992,0,0,0,0,0,0.74980142970611596,-4.7874996444445046e-06,0.00018984049592881579,0.0061592380540812751,0,2.8033983556519809e-05
277,2,18,0.2849634738592623,0.081204181433938455,1,-1,1,0,2,11,0.05508002502108169,0.055185975665642144,0.00010595064456045411,0.028013994470974427,0.028198221992411499,0.00018422752143707269,0.00046114847869604286,0,0,0,0,0,10,0.05508002502108169,0.055185322725882495,0.00010529770480080525,0.028013994470974427,0.028198221992411499,0.00018422752143707269,0.00046043465671238268,0,0,0,0,0,0.90909090909090906,-9.6290397283104704e-08,4.7247169836221235e-05,0.0044608334166523177,0,7.0493248163590903e-07
277,2,18,0.2849634738592623,0.081204181433938455,1,-1,3,1,1,2599,0.019295244793634786,0.077746974055619963,0.058451729261985177,0,0.10000000000000001,0.10000000000000001,0.12262055674210499,0,0,1,1,0.00076952674105425169,692,0.035490326884589724,0.055788921772121657,0.020298594887531933,0.0085449059853217862,0.029286190793862573,0.020741284808540789,0.02937144711184779,0,0,0,0,0,0.77606771835321275,-0.0086164269331586094,0.00018984049592881579,0.013423343974732308,0,0.027859698015821346
277,2,18,0.2849634738592623,0.081204181433938455,-1,1,1,0,1,220,0,0.0064963345147150756,0.0064963345147150756,0,0.0065251177582289887,0.0065251177582289887,0.009247167987439053,1,0,1,0,0.0090909090909090905,0,nan,nan,nan,nan,nan,nan,0,0,0,0,0,nan,0.013636363636363636,-1.6769070564488743e-07,4.346130215213519e-07,9.1352828781219939e-07,0,0.00038150476394334805
277,2,18,0.2849634738592623,0.081204181433938455,-1,1,3,1,1,3681,0.019295244793634786,0.077746974055619963,0.058451729261985177,0,0.10000000000000001,0.10000000000000001,0.18741598425337874,0,0,1,1,0.00054333061668024991,0,nan,nan,nan,nan,nan,nan,0,0,0,0,0,nan,0.35642488454224397,-0.0086164269331586094,-0.00016880944850831346,0.022090849675251545,0,0.027859698015821346
277,2,18,0.2849634738592623,0.081204181433938455,-1,-1,3,1,1,3681,0.019295244793634786,0.077746974055619963,0.058451729261985177,0,0.10000000000000001,0.10000000000000001,0.18741598425337874,0,0,1,1,0.00054333061668024991,0,nan,nan,nan,nan,nan,nan,0,0,0,0,0,nan,0.35642488454224397,-0.0086164269331586094,-0.00016880944850831346,0.0074711891233799352,0,0.027859698015821346
278,18,2,0.2849634738592623,0.081204181433938455,1,1,1,0,1,2631,0.0064159494821568906,0.06238897524127273,0.055973025759115842,0,0.10000000000000001,0.10000000000000001,0.13264667671448849,0,0,1,1,0.00076016723679209425,930,0.030153435623749166,0.05964504288239586,0.029491607258646694,0.0061035299818324477,0.039759839893262171,0.033656309911429726,0.046839065813424931,0,0,0,0,0,0.3557582668187001,-2.0203263147149426e-05,0.00018984049592881579,0.0030364007222608669,0,0.0042504347327316436
278,18,2,0.2849634738592623,0.081204181433938455,1,1,3,1,1,2599,0.019295244793634786,0.077746974055619963,0.058451729261985177,0,0.10000000000000001,0.10000000000000001,0.12262055674210499,0,0,1,1,0.00076952674105425169,692,0.035490326884589724,0.055788921772121657,0.020298594887531933,0.0085449059853217862,0.029286190793862573,0.020741284808540789,0.02937144711184779,0,0,0,0,0,0.77606771835321275,-0.0086164269331586094,0.00018984049592881579,0.034133672736144795,0,0.027859698015821346
278,18,2,0.2849634738592623,0.081204181433938455,1,-1,1,0,1,1259,0.036566357729064872,0.055079639287059716,0.018513281557994844,0.0092015894250855514,0.028012928475551011,0.018811339050465462,0.054194771133645805,0,0,0,0,0,944,0.036566357729064872,0.055079639287059716,0.018513281557994844,0.009201697687267061,0.028012928475551011,0.01881123078828395,0.05379383300226992,0,0,0,0,0,0.74980142970611596,-4.7874996444445046e-06,0.00018984049592881579,0.0061592380540812751,0,2.8033983556519809e-05
278,18,2,0.2849634738592623,0.081204181433938455,1,-1,1,0,2,11,0.05508002502108169,0.055185975665642144,0.00010595064456045411,0.028013994470974427,0.028198221992411499,0.00018422752143707269,0.00046114847869604286,0,0,0,0,0,10,0.05508002502108169,0.055185322725882495,0.00010529770480080525,0.028013994470974427,0.028198221992411499,0.00018422752143707269,0.00046043465671238268,0,0,0,0,0,0.90909090909090906,-9.6290397283104704e-08,4.7247169836221235e-05,0.0044608334166523177,0,7.0493248163590903e-07
278,18,2,0.2849634738592623,0.081204181433938455,1,-1,3,1,1,2599,0.019295244793634786,0.077746974055619963,0.058451729261985177,0,0.10000000000000001,0.10000000000000001,0.12262055674210499,0,0,1,1,0.00076952674105425169,692,0.035490326884589724,0.055788921772121657,0.020298594887531933,0.0085449059853217862,0.029286190793862573,0.020741284808540789,0.02937144711184779,0,0,0,0,0,0.77606771835321275,-0.0086164269331586094,0.00018984049592881579,0.013423343974732308,0,0.027859698015821346
278,18,2,0.2849634738592623,0.081204181433938455,-1,1,1,0,1,220,0,0.0064963345147150756,0.0064963345147150756,0,0.0065251177582289887,0.0065251177582289887,0.009247167987439053,1,0,1,0,0.0090909090909090905,0,nan,nan,nan,nan,nan,nan,0,0,0,0,0,nan,0.013636363636363636,-1.6769070564488743e-07,4.346130215213519e-07,9.1352828781219939e-07,0,0.00038150476394334805
278,18,2,0.2849634738592623,0.081204181433938455,-1,1,3,1,1,3681,0.019295244793634786,0.077746974055619963,0.058451729261985177,0,0.10000000000000001,0.10000000000000001,0.18741598425337874,0,0,1,1,0.00054333061668024991,0,nan,nan,nan,nan,nan,nan,0,0,0,0,0,nan,0.35642488454224397,-0.0086164269331586094,-0.00016880944850831346,0.022090849675251545,0,0.027859698015821346
278,18,2,0.2849634738592623,0.081204181433938455,-1,-1,3,1,1,3681,0.019295244793634786,0.077746974055619963,0.058451729261985177,0,0.10000000000000001,0.10000000000000001,0.18741598425337874,0,0,1,1,0.00054333061668024991,0,nan,nan,nan,nan,nan,nan,0,0,0,0,0,nan,0.35642488454224397,-0.0086164269331586094,-0.00016880944850831346,0.0074711891233799352,0,0.027859698015821346
279,3,18,0.2871410380238234,0.082449975717398788,1,1,1,0,1,2627,0.0065140551665505333,0.062386669273050491,0.055872614106499956,0,0.10000000000000001,0.10000000000000001,0.13264067112944572,0,0,1,1,0.00076132470498667686,892,0.030420280186791195,0.059437614669421615,0.029017334482630421,0.006224492653753539,0.039026017344896594,0.032801524691143058,0.045771382634200664,0,0,0,0,0,0.34183479253901788,-1.9815830114854052e-05,0.00016555921660708282,0.0026976256171084407,0,0.0042968369739355573
279,3,18,0.2871410380238234,0.082449975717398788,1,1,3,1,1,2594,0.019588225070963465,0.077854559507672075,0.05826633443670861,0,0.10000000000000001,0.10000000000000001,0.12243274831088738,0,0,1,1,0.00077101002313030066,647,0.036397598398932619,0.055344417920896095,0.018946819521963476,0.0090468963348044849,0.028418945963975983,0.019372049629171498,0.027382854002169846,0,0,0,0,0,0.7659984579799537,-0.0086746893315974155,0.00016555921660708282,0.034039811988284506,0,0.028070482542106784
279,3,18,0.2871410380238234,0.082449975717398788,1,-1,1,0,1,1165,0.037484732151138803,0.054599247713742811,0.017114515562604009,0.0097344513336084758,0.027138372243328615,0.017403920909720139,0.050010520624042945,0,0,0,0,0,970,0.037484732151138803,0.054599247713742811,0.017114515562604009,0.0097344513336084758,0.027138372243328615,0.017403920909720139,0.049731146752916677,0,0,0,0,0,0.83261802575107291,-4.4697040003958082e-06,0.00016555921660708282,0.0060034555801605893,0,2.5860923637285131e-05
279,3,18,0.2871410380238234,0.082449975717398788,1,-1,1,0,2,11,0.054604246307572442,0.054705524014710488,0.00010127770713804635,0.027146886357564893,0.027315837192311586,0.00016895083474669295,0.00042594847738544616,0,0,0,0,0,11,0.054604246307572442,0.054705524014710488,0.00010127770713804635,0.027146886357564893,0.027315837192311586,0.00016895083474669295,0.00042594847738544616,0,0,0,0,0,1,3.4457639237366245e-06,4.3939661881096739e-05,0.0047513841539551134,0.0018399881739853434,-1.3542225921623672e-05
279,3,18,0.2871410380238234,0.082449975717398788,1,-1,3,1,1,2594,0.019588225070963465,0.077854559507672075,0.05826633443670861,0,0.10000000000000001,0.10000000000000001,0.12243274831088738,0,0,1,1,0.00077101002313030066,647,0.036397598398932619,0.055344417920896095,0.018946819521963476,0.0090468963348044849,0.028418945963975983,0.019372049629171498,0.027382854002169846,0,0,0,0,0,0.7659984579799537,-0.0086746893315974155,0.00016555921660708282,0.01313669214679122,0,0.028070482542106784
279,3,18,0.2871410380238234,0.082449975717398788,-1,1,1,0,1,224,0,0.0065959980573919033,0.0065959980573919033,0,0.0066256820427704937,0.0066256820427704937,0.0093886168746117812,1,0,1,0,0.0089285714285714281,0,nan,nan,nan,nan,nan,nan,0,0,0,0,0,nan,0.017857142857142856,-1.5630940015107838e-07,1.0194588277622542e-06,1.1077214390105519e-06,0,0.00039332755290894721
279,3,18,0.2871410380238234,0.082449975717398788,-1,1,3,1,1,3676,0.019588225070963465,0.077854559507672075,0.05826633443670861,0,0.10000000000000001,0.10000000000000001,0.18706251052509282,0,0,1,1,0.00054406964091403701,0,nan,nan,nan,nan,nan,nan,0,0,0,0,0,nan,0.3601741022850925,-0.0086746893315974155,-0.00017402876149247103,0.02226092603073036,0,0.028070482542106784
279,3,18,0.2871410380238234,0.082449975717398788,-1,-1,3,1,1,3676,0.019588225070963465,0.077854559507672075,0.05826633443670861,0,0.10000000000000001,0.10000000000000001,0.18706251052509282,0,0,1,1,0.00054406964091403701,0,nan,nan,nan,nan,nan,nan,0,0,0,0,0,nan,0.3601741022850925,-0.0086746893315974155,-0.00017402876149247103,0.0075130212614441475,0,0.028070482542106784
280,18,3,0.2871410380238234,0.082449975717398788,1,1,1,0,1,2627,0.0065140551665505333,0.062386669273050491,0.055872614106499956,0,0.10000000000000001,0.10000000000000001,0.13264067112944572,0,0,1,1,0.00076132470498667686,892,0.030420280186791195,0.059437614669421615,0.029017334482630421,0.006224492653753539,0.039026017344896594,0.032801524691143058,0.045771382634200664,0,0,0,0,0,0.34183479253901788,-1.9815830114854052e-05,0.00016555921660708282,0.0026976256171084407,0,0.0042968369739355573
280,18,3,0.2871410380238234,0.082449975717398788,1,1,3,1,1,2594,0.019588225070963465,0.077854559507672075,0.05826633443670861,0,0.10000000000000001,0.10000000000000001,0.12243274831088738,0,0,1,1,0.00077101002313030066,647,0.036397598398932619,0.055344417920896095,0.018946819521963476,0.0090468963348044849,0.028418945963975983,0.019372049629171498,0.027382854002169846,0,0,0,0,0,0.7659984579799537,-0.0086746893315974155,0.00016555921660708282,0.034039811988284506,0,0.028070482542106784
280,18,3,0.2871410380238234,0.082449975717398788,1,-1,1,0,1,1165,0.037484732151138803,0.054599247713742811,0.017114515562604009,0.0097344513336084758,0.027138372243328615,0.017403920909720139,0.050010520624042945,0,0,0,0,0,970,0.037484732151138803,0.054599247713742811,0.017114515562604009,0.0097344513336084758,0.027138372243328615,0.017403920909720139,0.049731146752916677,0,0,0,0,0,0.83261802575107291,-4.4697040003958082e-06,0.00016555921660708282,0.0060034555801605893,0,2.5860923637285131e-05
280,18,3,0.2871410380238234,0.082449975717398788,1,-1,1,0,2,11,0.054604246307572442,0.054705524014710488,0.00010127770713804635,0.027146886357564893,0.027315837192311586,0.00016895083474669295,0.00042594847738544616,0,0,0,0,0,11,0.054604246307572442,0.054705524014710488,0.00010127770713804635,0.027146886357564893,0.027315837192311586,0.00016895083474669295,0.00042594847738544616,0,0,0,0,0,1,3.4457639237366245e-06,4.3939661881096739e-05,0.0047513841539551134,0.0018399881739853434,-1.3542225921623672e-05
280,18,3,0.2871410380238234,0.082449975717398788,1,-1,3,1,1,2594,0.019588225070963465,0.077854559507672075,0.05826633443670861,0,0.10000000000000001,0.10000000000000001,0.12243274831088738,0,0,1,1,0.00077101002313030066,647,0.036397598398932619,0.055344417920896095,0.018946819521963476,0.0090468963348044849,0.028418945963975983,0.019372049629171498,0.027382854002169846,0,0,0,0,0,0.7659984579799537,-0.0086746893315974155,0.00016555921660708282,0.01313669214679122,0,0.028070482542106784
280,18,3,0.2871410380238234,0.082449975717398788,-1,1,1,0,1,224,0,0.0065959980573919033,0.0065959980573919033,0,0.0066256820427704937,0.0066256820427704937,0.0093886168746117812,1,0,1,0,0.0089285714285714281,0,nan,nan,nan,nan,nan,nan,0,0,0,0,0,nan,0.017857142857142856,-1.5630940015107838e-07,1.0194588277622542e-06,1.1077214390105519e-06,0,0.00039332755290894721
280,18,3,0.2871410380238234,0.082449975717398788,-1,1,3,1,1,3676,0.019588225070963465,0.077854559507672075,0.05826633443670861,0,0.10000000000000001,0.10000000000000001,0.18706251052509282,0,0,1,1,0.00054406964091403701,0,nan,nan,nan,nan,nan,nan,0,0,0,0,0,nan,0.3601741022850925,-0.0086746893315974155,-0.00017402876149247103,0.02226092603073036,0,0.028070482542106784
280,18,3,0.2871410380238234,0.082449975717398788,-1,-1,3,1,1,3676,0.019588225070963465,0.077854559507672075,0.05826633443670861,0,0.10000000000000001,0.10000000000000001,0.18706251052509282,0,0,1,1,0.00054406964091403701,0,nan,nan,nan,nan,nan,nan,0,0,0,0,0,nan,0.3601741022850925,-0.0086746893315974155,-0.00017402876149247103,0.0075130212614441475,0,0.028070482542106784
281,9,16,0.28916564249902038,0.083616768801871258,1,1,1,0,1,2627,0.0066060020403695581,0.062384484585192052,0.055778482544822497,0,0.10000000000000001,0.10000000000000001,0.13255007508843109,0,0,1,1,0.00076132470498667686,873,0.031380920613742494,0.059220698757656898,0.027839778143914404,0.0066364586440985328,0.038292194796531016,0.031655736152432487,0.044028337153198788,0,0,0,0,0,0.33498287019413781,-1.9497913357655844e-05,0.00014291258259349214,0.0023851215680730908,0,0.004340700497248124
281,9,16,0.28916564249902038,0.083616768801871258,1,1,3,1,1,2592,0.019862857877940412,0.077955436901063796,0.058092579023123384,0,0.10000000000000001,0.10000000000000001,0.122268312270429,0,0,1,1,0.0007716049382716049,601,0.03725443025862471,0.054877627543298321,0.017623197284673611,0.0095396931287525018,0.02755170113408939,0.018012008005336887,0.025429551414593216,0,0,0,0,0,0.75424382716049387,-0.0087293175899485504,0.00014291258259349214,0.033922391984172892,0,0.028268221817692771
281,9,16,0.28916564249902038,0.083616768801871258,1,-1,1,0,1,1055,0.038266952604237597,0.053860365987293012,0.015593413383055414,0.010203291969645999,0.025881929907202714,0.015678637937556715,0.045262107555079402,0,0,0,0,0,921,0.038266952604237597,0.053860365987293012,0.015593413383055414,0.010203291969645999,0.025881929907202714,0.015678637937556715,0.045010652591372408,0,0,0,0,0,0.87298578199052135,-3.9662685719642649e-06,0.00014291258259349214,0.0057864554779163456,0,2.1888059981496005e-05
281,9,16,0.28916564249902038,0.083616768801871258,1,-1,1,0,2,15,0.053850509273850718,0.054013578186367206,0.00016306891251648831,0.025867324029948655,0.026132402275016158,0.00026507824506750294,0.00065237962672700202,0,0,0,0,0,15,0.053850509273850718,0.054013578186367206,0.00016306891251648831,0.025867324029948655,0.026132402275016158,0.00026507824506750294,0.00065237962672700202,0,0,0,0,0,1,4.0651501751321183e-06,5.1678812819585485e-05,0.005157239901026409,0.0019953084421936739,-1.5925023117957385e-05
281,9,16,0.28916564249902038,0.083616768801871258,1,-1,1,0,3,11,0.05406331412902695,0.054171952733456888,0.00010863860442993784,0.026213313995022507,0.026386169336080696,0.00017285534105818817,0.00044457837335990641,0,0,0,0,0,11,0.05406331412902695,0.054171952733456888,0.00010863860442993784,0.026213313995022507,0.026386169336080696,0.00017285534105818817,0.00044457837335990641,0,0,0,0,0,1,1.4952266431113949e-06,4.2640949739164725e-05,0.0044325849672497497,0.0011955904783856745,-5.7177463680259429e-06
281,9,16,0.28916564249902038,0.083616768801871258,1,-1,3,1,1,2592,0.019862857877940412,0.077955436901063796,0.058092579023123384,0,0.10000000000000001,0.10000000000000001,0.122268312270429,0,0,1,1,0.0007716049382716049,601,0.03725443025862471,0.054877627543298321,0.017623197284673611,0.0095396931287525018,0.02755170113408939,0.018012008005336887,0.025429551414593216,0,0,0,0,0,0.75424382716049387,-0.0087293175899485504,0.00014291258259349214,0.012854839953046385,0,0.028268221817692771
281,9,16,0.28916564249902038,0.083616768801871258,-1,1,1,0,1,227,0,0.0066893415041497008,0.0066893415041497008,0,0.0067198816267511289,0.0067198816267511289,0.0095252502014164693,1,0,1,0,0.0088105726872246704,0,nan,nan,nan,nan,nan,nan,0,0,0,0,0,nan,0.017621145374449341,-1.1053926346090944e-07,0,1.0691046900935501e-06,0,0.00040456496468753021
281,9,16,0.28916564249902038,0.083616768801871258,-1,1,3,1,1,3682,0.019862857877940412,0.077955436901063796,0.058092579023123384,0,0.10000000000000001,0.10000000000000001,0.18703859298971226,0,0,1,1,0.00054318305268875606,0,nan,nan,nan,nan,nan,nan,0,0,0,0,0,nan,0.36447582835415537,-0.0087293175899485504,-0.0001789891590365591,0.022358086486812392,0,0.028268221817692771
281,9,16,0.28916564249902038,0.083616768801871258,-1,-1,3,1,1,3682,0.019862857877940412,0.077955436901063796,0.058092579023123384,0,0.10000000000000001,0.10000000000000001,0.18703859298971226,0,0,1,1,0.00054318305268875606,0,nan,nan,nan,nan,nan,nan,0,0,0,0,0,nan,0.36447582835415537,-0.0087293175899485504,-0.0001789891590365591,0.0075300893920263526,0,0.028268221817692771
282,16,9,0.28916564249902038,0.083616768801871258,1,1,1,0,1,2627,0.0066060020403695581,0.062384484585192052,0.055778482544822497,0,0.10000000000000001,0.10000000000000001,0.13255007508843109,0,0,1,1,0.00076132470498667686,873,0.031380920613742494,0.059220698757656898,0.027839778143914404,0.0066364586440985328,0.038292194796531016,0.031655736152432487,0.044028337153198788,0,0,0,0,0,0.33498287019413781,-1.9497913357655844e-05,0.00014291258259349214,0.0023851215680730908,0,0.004340700497248124
282,16,9,0.28916564249902038,0.083616768801871258,1,1,3,1,1,2592,0.019862857877940412,0.077955436901063796,0.058092579023123384,0,0.10000000000000001,0.10000000000000001,0.122268312270429,0,0,1,1,0.0007716049382716049,601,0.03725443025862471,0.054877627543298321,0.017623197284673611,0.0095396931287525018,0.02755170113408939,0.018012008005336887,0.025429551414593216,0,0,0,0,0,0.75424382716049387,-0.0087293175899485504,0.00014291258259349214,0.033922391984172892,0,0.028268221817692771
282,16,9,0.28916564249902038,0.083616768801871258,1,-1,1,0,1,1055,0.038266952604237597,0.053860365987293012,0.015593413383055414,0.010203291969645999,0.025881929907202714,0.015678637937556715,0.045262107555079402,0,0,0,0,0,921,0.038266952604237597,0.053860365987293012,0.015593413383055414,0.010203291969645999,0.025881929907202714,0.015678637937556715,0.045010652591372408,0,0,0,0,0,0.87298578199052135,-3.9662685719642649e-06,0.00014291258259349214,0.0057864554779163456,0,2.1888059981496005e-05
282,16,9,0.28916564249902038,0.083616768801871258,1,-1,1,0,2,15,0.053850509273850718,0.054013578186367206,0.00016306891251648831,0.025867324029948655,0.026132402275016158,0.00026507824506750294,0.00065237962672700202,0,0,0,0,0,15,0.053850509273850718,0.054013578186367206,0.00016306891251648831,0.025867324029948655,0.026132402275016158,0.00026507824506750294,0.00065237962672700202,0,0,0,0,0,1,4.0651501751321183e-06,5.1678812819585485e-05,0.005157239901026409,0.0019953084421936739,-1.5925023117957385e-05
282,16,9,0.28916564249902038,0.083616768801871258,1,-1,1,0,3,11,0.05406331412902695,0.054171952733456888,0.00010863860442993784,0.026213313995022507,0.026386169336080696,0.00017285534105818817,0.00044457837335990641,0,0,0,0,0,11,0.05406331412902695,0.054171952733456888,0.00010863860442993784,0.026213313995022507,0.026386169336080696,0.00017285534105818817,0.00044457837335990641,0,0,0,0,0,1,1.4952266431113949e-06,4.2640949739164725e-05,0.0044325849672497497,0.0011955904783856745,-5.7177463680259429e-06
282,16,9,0.28916564249902038,0.083616768801871258,1,-1,3,1,1,2592,0.019862857877940412,0.077955436901063796,0.058092579023123384,0,0.10000000000000001,0.10000000000000001,0.122268312270429,0,0,1,1,0.0007716049382716049,601,0.03725443025862471,0.054877627543298321,0.017623197284673611,0.0095396931287525018,0.02755170113408939,0.018012008005336887,0.025429551414593216,0,0,0,0,0,0.75424382716049387,-0.0087293175899485504,0.00014291258259349214,0.012854839953046385,0,0.028268221817692771
282,16,9,0.28916564249902038,0.083616768801871258,-1,1,1,0,1,227,0,0.0066893415041497008,0.0066893415041497008,0,0.0067198816267511289,0.0067198816267511289,0.0095252502014164693,1,0,1,0,0.0088105726872246704,0,nan,nan,nan,nan,nan,nan,0,0,0,0,0,nan,0.017621145374449341,-1.1053926346090944e-07,0,1.0691046900935501e-06,0,0.00040456496468753021
282,16,9,0.28916564249902038,0.083616768801871258,-1,1,3,1,1,3682,0.019862857877940412,0.077955436901063796,0.058092579023123384,0,0.10000000000000001,0.10000000000000001,0.18703859298971226,0,0,1,1,0.00054318305268875606,0,nan,nan,nan,nan,nan,nan,0,0,0,0,0,nan,0.36447582835415537,-0.0087293175899485504,-0.0001789891590365591,0.022358086486812392,0,0.028268221817692771
282,16,9,0.28916564249902038,0.083616768801871258,-1,-1,3,1,1,3682,0.019862857877940412,0.077955436901063796,0.058092579023123384,0,0.10000000000000001,0.10000000000000001,0.18703859298971226,0,0,1,1,0.00054318305268875606,0,nan,nan,nan,nan,nan,nan,0,0,0,0,0,nan,0.36447582835415537,-0.0087293175899485504,-0.0001789891590365591,0.0075300893920263526,0,0.028268221817692771
283,7,17,0.28947319914458575,0.083794733023000986,1,1,1,0,1,2625,0.0066200301672236376,0.062384137346980589,0.055764107179756953,0,0.10000000000000002,0.10000000000000002,0.13254111078465144,0,0,1,1,0.00076190476190476193,867,0.031647765176784512,0.059219952291498748,0.027572187114714236,0.0067548288452319175,0.038292194796531016,0.0315373659512991,0.043739133245420461,0,0,0,0,0,0.3321904761904762,-1.9415836972764048e-05,0.00013946647925496263,0.0023454352319500888,0,0.0043474244899697062
283,7,17,0.28947319914458575,0.083794733023000986,1,1,3,1,1,2592,0.019904764346486144,0.077970829713370632,0.058066065366884488,0,0.10000000000000001,0.10000000000000001,0.12224581646187392,0,0,1,1,0.0007716049382716049,594,0.037411607738492329,0.054809873248832554,0.017398265510340225,0.0096336941679310145,0.027427994466776295,0.017794300298845281,0.025108288117058876,0,0,0,0,0,0.75154320987654322,-0.008737653658271274,0.00013946647925496263,0.033887076971277602,0,0.028298404982138457
283,7,17,0.28947319914458575,0.083794733023000986,1,-1,1,0,1,1049,0.038377473553898034,0.053855250798414356,0.015477777244516322,0.010270138513367914,0.025873022747686977,0.015602884234319063,0.045007603321307613,0,0,0,0,0,907,0.038377473553898034,0.053855250798414356,0.015477777244516322,0.010270138513367914,0.025873022747686977,0.015602884234319063,0.044743890930268468,0,0,0,0,0,0.86463298379408959,-3.6343659346372735e-06,0.00013946647925496263,0.0057148967785864997,0,1.9976603502401722e-05
283,7,17,0.28947319914458575,0.083794733023000986,1,-1,1,0,2,15,0.053856214857420988,0.054012226122001836,0.00015601126458084785,0.02587447891737419,0.0261234856307219,0.0002490067133477103,0.00061855178705165536,0,0,0,0,0,15,0.053856214857420988,0.054012226122001836,0.00015601126458084785,0.02587447891737419,0.0261234856307219,0.0002490067133477103,0.00061855178705165536,0,0,0,0,0,1,3.1824335283759699e-06,4.7446213779204008e-05,0.004983544627634613,0.0017638163664679143,-1.2444192698480302e-05
283,7,17,0.28947319914458575,0.083794733023000986,1,-1,1,0,3,11,0.05406889680816019,0.054171695171681432,0.00010279836352124205,0.026213919794068119,0.026377250982762331,0.00016333118869421223,0.00041886079581811883,0,0,0,0,0,11,0.05406889680816019,0.054171695171681432,0.00010279836352124205,0.026213919794068119,0.026377250982762331,0.00016333118869421223,0.00041886079581811883,0,0,0,0,0,1,5.9326672762426667e-07,3.8373441959790562e-05,0.0041538029066235391,0.00073379140008283852,-2.1537992753421298e-06
283,7,17,0.28947319914458575,0.083794733023000986,1,-1,3,1,1,2592,0.019904764346486144,0.077970829713370632,0.058066065366884488,0,0.10000000000000001,0.10000000000000001,0.12224581646187392,0,0,1,1,0.0007716049382716049,594,0.037411607738492329,0.054809873248832554,0.017398265510340225,0.0096336941679310145,0.027427994466776295,0.017794300298845281,0.025108288117058876,0,0,0,0,0,0.75154320987654322,-0.008737653658271274,0.00013946647925496263,0.01280671252745816,0,0.028298404982138457
283,7,17,0.28947319914458575,0.083794733023000986,-1,1,1,0,1,227,0,0.0067035786418400793,0.0067035786418400793,0,0.0067342498016216504,0.0067342498016216504,0.0095465881205138714,1,0,1,0,0.0088105726872246704,0,nan,nan,nan,nan,nan,nan,0,0,0,0,0,nan,0.013215859030837005,-1.5429606159345283e-07,0,8.8118733997676859e-07,0,0.00040629286832664051
283,7,17,0.28947319914458575,0.083794733023000986,-1,1,3,1,1,3678,0.019904764346486144,0.077970829713370632,0.058066065366884488,0,0.10000000000000001,0.10000000000000001,0.18687497262262087,0,0,1,1,0.00054377379010331697,0,nan,nan,nan,nan,nan,nan,0,0,0,0,0,nan,0.36378466557911909,-0.008737653658271274,-0.00017975186642933786,0.02239097025246219,0,0.028298404982138457
283,7,17,0.28947319914458575,0.083794733023000986,-1,-1,3,1,1,3678,0.019904764346486144,0.077970829713370632,0.058066065366884488,0,0.10000000000000001,0.10000000000000001,0.18687497262262087,0,0,1,1,0.00054377379010331697,0,nan,nan,nan,nan,nan,nan,0,0,0,0,0,nan,0.36378466557911909,-0.008737653658271274,-0.00017975186642933786,0.0075388482243455837,0,0.028298404982138457
284,17,7,0.28947319914458575,0.083794733023000986,1,1,1,0,1,2625,0.0066200301672236376,0.062384137346980589,0.055764107179756953,0,0.10000000000000002,0.10000000000000002,0.13254111078465144,0,0,1,1,0.00076190476190476193,867,0.031647765176784512,0.059219952291498748,0.027572187114714236,0.0067548288452319175,0.038292194796531016,0.0315373659512991,0.043739133245420461,0,0,0,0,0,0.3321904761904762,-1.9415836972764048e-05,0.00013946647925496263,0.0023454352319500888,0,0.0043474244899697062
284,17,7,0.28947319914458575,0.083794733023000986,1,1,3,1,1,2592,0.019904764346486144,0.077970829713370632,0.058066065366884488,0,0.10000000000000001,0.10000000000000001,0.12224581646187392,0,0,1,1,0.0007716049382716049,594,0.037411607738492329,0.054809873248832554,0.017398265510340225,0.0096336941679310145,0.027427994466776295,0.017794300298845281,0.025108288117058876,0,0,0,0,0,0.75154320987654322,-0.008737653658271274,0.00013946647925496263,0.033887076971277602,0,0.028298404982138457
284,17,7,0.28947319914458575,0.083794733023000986,1,-1,1,0,1,1049,0.038377473553898034,0.053855250798414356,0.015477777244516322,0.010270138513367914,0.025873022747686977,0.015602884234319063,0.045007603321307613,0,0,0,0,0,907,0.038377473553898034,0.053855250798414356,0.015477777244516322,0.010270138513367914,0.025873022747686977,0.015602884234319063,0.044743890930268468,0,0,0,0,0,0.86463298379408959,-3.6343659346372735e-06,0.00013946647925496263,0.0057148967785864997,0,1.9976603502401722e-05
284,17,7,0.28947319914458575,0.083794733023000986,1,-1,1,0,2,15,0.053856214857420988,0.054012226122001836,0.00015601126458084785,0.02587447891737419,0.0261234856307219,0.0002490067133477103,0.00061855178705165536,0,0,0,0,0,15,0.053856214857420988,0.054012226122001836,0.00015601126458084785,0.02587447891737419,0.0261234856307219,0.0002490067133477103,0.00061855178705165536,0,0,0,0,0,1,3.1824335283759699e-06,4.7446213779204008e-05,0.004983544627634613,0.0017638163664679143,-1.2444192698480302e-05
284,17,7,0.28947319914458575,0.083794733023000986,1,-1,1,0,3,11,0.05406889680816019,0.054171695171681432,0.00010279836352124205,0.026213919794068119,0.026377250982762331,0.00016333118869421223,0.00041886079581811883,0,0,0,0,0,11,0.05406889680816019,0.054171695171681432,0.00010279836352124205,0.026213919794068119,0.026377250982762331,0.00016333118869421223,0.00041886079581811883,0,0,0,0,0,1,5.9326672762426667e-07,3.8373441959790562e-05,0.0041538029066235391,0.00073379140008283852,-2.1537992753421298e-06
284,17,7,0.28947319914458575,0.083794733023000986,1,-1,3,1,1,2592,0.019904764346486144,0.077970829713370632,0.058066065366884488,0,0.10000000000000001,0.10000000000000001,0.12224581646187392,0,0,1,1,0.0007716049382716049,594,0.037411607738492329,0.054809873248832554,0.017398265510340225,0.0096336941679310145,0.027427994466776295,0.017794300298845281,0.025108288117058876,0,0,0,0,0,0.75154320987654322,-0.008737653658271274,0.00013946647925496263,0.01280671252745816,0,0.028298404982138457
284,17,7,0.28947319914458575,0.083794733023000986,-1,1,1,0,1,227,0,0.0067035786418400793,0.0067035786418400793,0,0.0067342498016216504,0.0067342498016216504,0.0095465881205138714,1,0,1,0,0.0088105726872246704,0,nan,nan,nan,nan,nan,nan,0,0,0,0,0,nan,0.013215859030837005,-1.5429606159345283e-07,0,8.8118733997676859e-07,0,0.00040629286832664051
284,17,7,0.28947319914458575,0.083794733023000986,-1,1,3,1,1,3678,0.019904764346486144,0.077970829713370632,0.058066065366884488,0,0.10000000000000001,0.10000000000000001,0.18687497262262087,0,0,1,1,0.00054377379010331697,0,nan,nan,nan,nan,nan,nan,0,0,0,0,0,nan,0.36378466557911909,-0.008737653658271274,-0.00017975186642933786,0.02239097025246219,0,0.028298404982138457
284,17,7,0.28947319914458575,0.083794733023000986,-1,-1,3,1,1,3678,0.019904764346486144,0.077970829713370632,0.058066065366884488,0,0.10000000000000001,0.10000000000000001,0.18687497262262087,0,0,1,1,0.00054377379010331697,0,nan,nan,nan,nan,nan,nan,0,0,0,0,0,nan,0.36378466557911909,-0.008737653658271274,-0.00017975186642933786,0.0075388482243455837,0,0.028298404982138457
285,13,13,0.28972949274994758,0.083943178969141927,1,1,1,0,1,2625,0.0066317341767780334,0.062383845272347645,0.055752111095569615,0,0.10000000000000001,0.10000000000000001,0.13254498106506152,0,0,1,1,0.00076190476190476193,865,0.031487658438959308,0.059059464202363271,0.027571805763403963,0.0066855811714947987,0.037758505670446967,0.031072924498952166,0.043376347089270462,0,0,0,0,0,0.33180952380952383,-1.9414626450559315e-05,0.00013659205692337253,0.0023044212798629363,0,0.0043530399630813989
285,13,13,0.28972949274994758,0.083943178969141927,1,1,3,1,1,2592,0.019939724844260681,0.077983676102345439,0.058043951258084758,0,0.10000000000000001,0.10000000000000001,0.12222432115099308,0,0,1,1,0.0007716049382716049,589,0.037518345563709136,0.054768750463855598,0.017250404900146461,0.0096966721883618712,0.02735156771180787,0.017654895523445999,0.024900022955461218,0,0,0,0,0,0.75077160493827155,-0.0087446099180117972,0.00013659205692337253,0.033899897103981926,0,0.028323593621929866
285,13,13,0.28972949274994758,0.083943178969141927,1,-1,1,0,1,1043,0.038485596484102623,0.053853448097023089,0.015367851612920466,0.010336904452236444,0.025865592986168907,0.015528688533932463,0.044742069179967578,0,0,0,0,0,906,0.038485596484102623,0.053853448097023089,0.015367851612920466,0.010336904452236444,0.025865592986168907,0.015528688533932463,0.044465020369219108,0,0,0,0,0,0.86864813039309685,-3.7815815357732004e-06,0.00013659205692337253,0.0056647707776394532,0,2.055726673017879e-05
285,13,13,0.28972949274994758,0.083943178969141927,1,-1,1,0,2,11,0.053903884488339063,0.054011834494907519,0.0001079500065684566,0.025946480348071354,0.02611604795763087,0.00016956760955951639,0.00043748937027732752,0,0,0,0,0,11,0.053903884488339063,0.054011834494907519,0.0001079500065684566,0.025946480348071354,0.02611604795763087,0.00016956760955951639,0.00043748937027732752,0,0,0,0,0,1,2.4412973526327094e-06,4.2068605370978109e-05,0.0045005636936253082,0.0015425810153095766,-9.5182247551740982e-06
285,13,13,0.28972949274994758,0.083943178969141927,1,-1,1,0,3,11,0.054073553508707503,0.054171487667055519,9.7934158348016165e-05,0.026214381328759324,0.026369811884116776,0.00015543055535745254,0.00039745860617082664,0,0,0,0,0,9,0.054073553508707503,0.054170365703246411,9.6812194538907492e-05,0.026214381328759324,0.026369811884116776,0.00015543055535745254,0.0003885478042753792,0,0,0,0,0,0.81818181818181823,-1.6285715133389515e-07,3.4805755508591631e-05,0.0038343983621644683,0,8.3719490564276073e-07
285,13,13,0.28972949274994758,0.083943178969141927,1,-1,3,1,1,2592,0.019939724844260681,0.077983676102345439,0.058043951258084758,0,0.10000000000000001,0.10000000000000001,0.12222432115099308,0,0,1,1,0.0007716049382716049,589,0.037518345563709136,0.054768750463855598,0.017250404900146461,0.0096966721883618712,0.02735156771180787,0.017654895523445999,0.024900022955461218,0,0,0,0,0,0.75077160493827155,-0.0087446099180117972,0.00013659205692337253,0.012777547311524556,0,0.028323593621929866
285,13,13,0.28972949274994758,0.083943178969141927,-1,1,1,0,1,228,0,0.0067154543175313545,0.0067154543175313545,0,0.0067462358143328743,0.0067462358143328743,0.0095646937898337531,1,0,1,0,0.008771929824561403,0,nan,nan,nan,nan,nan,nan,0,0,0,0,0,nan,0.013157894736842105,-1.6231621337688346e-07,-1.3552527156068805e-20,9.2134024994155501e-07,0,0.0004077370663391491
285,13,13,0.28972949274994758,0.083943178969141927,-1,1,3,1,1,3676,0.019939724844260681,0.077983676102345439,0.058043951258084758,0,0.10000000000000001,0.10000000000000001,0.18673982208924306,0,0,1,1,0.00054406964091403701,0,nan,nan,nan,nan,nan,nan,0,0,0,0,0,nan,0.36398258977149073,-0.0087446099180117972,-0.00018038930676340199,0.022440322195894064,0,0.028323593621929866
285,13,13,0.28972949274994758,0.083943178969141927,-1,-1,3,1,1,3676,0.019939724844260681,0.077983676102345439,0.058043951258084758,0,0.10000000000000001,0.10000000000000001,0.18673982208924306,0,0,1,1,0.00054406964091403701,0,nan,nan,nan,nan,nan,nan,0,0,0,0,0,nan,0.36398258977149073,-0.0087446099180117972,-0.00018038930676340199,0.0075511984067258425,0,0.028323593621929866
286,4,18,0.29016142580174104,0.084193653023299272,1,1,1,0,1,2626,0.006651483057796977,0.062383347700059925,0.05573186464226295,0,0.10000000000000001,0.10000000000000001,0.1325389127621619,0,0,1,1,0.00076161462300076163,861,0.031487658438959308,0.059058469015506661,0.027570810576547353,0.0066888891968390849,0.037758505670446967,0.031069616473607883,0.043387980987099131,0,0,0,0,0,0.33054074638233055,-1.8568738695913848e-05,0.00013174529001095737,0.0022335659718756688,0,0.0043625288931448064
286,4,18,0.29016142580174104,0.084193653023299272,1,1,3,1,1,2591,0.019998720112230448,0.078005353037325226,0.058006632925094781,0,0.10000000000000001,0.10000000000000001,0.12218833140015765,0,0,1,1,0.00077190274025472794,578,0.037731821214142758,0.054656592748484903,0.016924771534342145,0.0098255364160582479,0.027151434289526349,0.017325897873468103,0.024425268302011457,0,0,0,0,0,0.74835970667695872,-0.0087563482929347066,0.00013174529001095737,0.033863358851099416,0,0.028366102121982449
286,4,18,0.29016142580174104,0.084193653023299272,1,-1,1,0,1,1017,0.038697452792413121,0.053693196403707247,0.014995743611294125,0.010470305520125052,0.025605802559005776,0.015135497038880725,0.043602983571267656,0,0,0,0,0,895,0.038697452792413121,0.053693196403707247,0.014995743611294125,0.010470305520125052,0.025605802559005776,0.015135497038880725,0.043333176515030797,0,0,0,0,0,0.88003933136676504,-3.6967504370148023e-06,0.00013174529001095737,0.0056004351832507713,0,1.9387033794917652e-05
286,4,18,0.29016142580174104,0.084193653023299272,1,-1,1,0,2,15,0.053696443328682945,0.053851850507092403,0.00015540717840945711,0.025610701252392027,0.025853056689036983,0.00024235543664495596,0.00060801816669927905,0,0,0,0,0,15,0.053696443328682945,0.053851850507092403,0.00015540717840945711,0.025610701252392027,0.025853056689036983,0.00024235543664495596,0.00060801816669927905,0,0,0,0,0,1,2.3217059171124236e-06,4.4891008398935113e-05,0.0048032869595283191,0.0015016626394007649,-9.0199627302882861e-06
286,4,18,0.29016142580174104,0.084193653023299272,1,-1,1,0,3,11,0.053911841818989212,0.05401146409742285,9.9622278433637856e-05,0.025947336631824167,0.026103498311237434,0.00015616167941326711,0.00040113060698892508,0,0,0,0,0,11,0.053911841818989212,0.05401146409742285,9.9622278433637856e-05,0.025947336631824167,0.026103498311237434,0.00015616167941326711,0.00040113060698892508,0,0,0,0,0,1,1.1818288591143198e-06,3.6093762669180043e-05,0.0041350819523032108,0.0010652441101852634,-4.5389800571375743e-06
286,4,18,0.29016142580174104,0.084193653023299272,1,-1,3,1,1,2591,0.019998720112230448,0.078005353037325226,0.058006632925094781,0,0.10000000000000001,0.10000000000000001,0.12218833140015765,0,0,1,1,0.00077190274025472794,578,0.037731821214142758,0.054656592748484903,0.016924771534342145,0.0098255364160582479,0.027151434289526349,0.017325897873468103,0.024425268302011457,0,0,0,0,0,0.74835970667695872,-0.0087563482929347066,0.00013174529001095737,0.012714611402533636,0,0.028366102121982449
286,4,18,0.29016142580174104,0.084193653023299272,-1,1,1,0,1,229,0,0.0067354922418639412,0.0067354922418639412,0,0.0067664605233029983,0.0067664605233029983,0.009595465390761072,1,0,1,0,0.0087336244541484712,0,nan,nan,nan,nan,nan,nan,0,0,0,0,0,nan,0.017467248908296942,-1.1731823943808323e-07,1.3552527156068805e-20,1.013550768964516e-06,0,0.00041017972253295625
286,4,18,0.29016142580174104,0.084193653023299272,-1,1,3,1,1,3671,0.019998720112230448,0.078005353037325226,0.058006632925094781,0,0.10000000000000001,0.10000000000000001,0.18651632364045953,0,0,1,1,0.00054481067828929448,0,nan,nan,nan,nan,nan,nan,0,0,0,0,0,nan,0.36502315445382727,-0.0087563482929347066,-0.00018146742296083735,0.022486659232064936,0,0.028366102121982449
286,4,18,0.29016142580174104,0.084193653023299272,-1,-1,3,1,1,3671,0.019998720112230448,0.078005353037325226,0.058006632925094781,0,0.10000000000000001,0.10000000000000001,0.18651632364045953,0,0,1,1,0.00054481067828929448,0,nan,nan,nan,nan,nan,nan,0,0,0,0,0,nan,0.36502315445382727,-0.0087563482929347066,-0.00018146742296083735,0.0075644388199966406,0,0.028366102121982449
287,18,4,0.29016142580174104,0.084193653023299272,1,1,1,0,1,2626,0.006651483057796977,0.062383347700059925,0.05573186464226295,0,0.10000000000000001,0.10000000000000001,0.1325389127621619,0,0,1,1,0.00076161462300076163,861,0.031487658438959308,0.059058469015506661,0.027570810576547353,0.0066888891968390849,0.037758505670446967,0.031069616473607883,0.043387980987099131,0,0,0,0,0,0.33054074638233055,-1.8568738695913848e-05,0.00013174529001095737,0.0022335659718756688,0,0.0043625288931448064
287,18,4,0.29016142580174104,0.084193653023299272,1,1,3,1,1,2591,0.019998720112230448,0.078005353037325226,0.058006632925094781,0,0.10000000000000001,0.10000000000000001,0.12218833140015765,0,0,1,1,0.00077190274025472794,578,0.037731821214142758,0.054656592748484903,0.016924771534342145,0.0098255364160582479,0.027151434289526349,0.017325897873468103,0.024425268302011457,0,0,0,0,0,0.74835970667695872,-0.0087563482929347066,0.00013174529001095737,0.033863358851099416,0,0.028366102121982449
287,18,4,0.29016142580174104,0.084193653023299272,1,-1,1,0,1,1017,0.038697452792413121,0.053693196403707247,0.014995743611294125,0.010470305520125052,0.025605802559005776,0.015135497038880725,0.043602983571267656,0,0,0,0,0,895,0.038697452792413121,0.053693196403707247,0.014995743611294125,0.010470305520125052,0.025605802559005776,0.015135497038880725,0.043333176515030797,0,0,0,0,0,0.88003933136676504,-3.6967504370148023e-06,0.00013174529001095737,0.0056004351832507713,0,1.9387033794917652e-05
287,18,4,0.29016142580174104,0.084193653023299272,1,-1,1,0,2,15,0.053696443328682945,0.053851850507092403,0.00015540717840945711,0.025610701252392027,0.025853056689036983,0.00024235543664495596,0.00060801816669927905,0,0,0,0,0,15,0.053696443328682945,0.053851850507092403,0.00015540717840945711,0.025610701252392027,0.025853056689036983,0.00024235543664495596,0.00060801816669927905,0,0,0,0,0,1,2.3217059171124236e-06,4.4891008398935113e-05,0.0048032869595283191,0.0015016626394007649,-9.0199627302882861e-06
287,18,4,0.29016142580174104,0.084193653023299272,1,-1,1,0,3,11,0.053911841818989212,0.05401146409742285,9.9622278433637856e-05,0.025947336631824167,0.026103498311237434,0.00015616167941326711,0.00040113060698892508,0,0,0,0,0,11,0.053911841818989212,0.05401146409742285,9.9622278433637856e-05,0.025947336631824167,0.026103498311237434,0.00015616167941326711,0.00040113060698892508,0,0,0,0,0,1,1.1818288591143198e-06,3.6093762669180043e-05,0.0041350819523032108,0.0010652441101852634,-4.5389800571375743e-06
287,18,4,0.29016142580174104,0.084193653023299272,1,-1,3,1,1,2591,0.019998720112230448,0.078005353037325226,0.058006632925094781,0,0.10000000000000001,0.10000000000000001,0.12218833140015765,0,0,1,1,0.00077190274025472794,578,0.037731821214142758,0.054656592748484903,0.016924771534342145,0.0098255364160582479,0.027151434289526349,0.017325897873468103,0.024425268302011457,0,0,0,0,0,0.74835970667695872,-0.0087563482929347066,0.00013174529001095737,0.012714611402533636,0,0.028366102121982449
287,18,4,0.29016142580174104,0.084193653023299272,-1,1,1,0,1,229,0,0.0067354922418639412,0.0067354922418639412,0,0.0067664605233029983,0.0067664605233029983,0.009595465390761072,1,0,1,0,0.0087336244541484712,0,nan,nan,nan,nan,nan,nan,0,0,0,0,0,nan,0.017467248908296942,-1.1731823943808323e-07,1.3552527156068805e-20,1.013550768964516e-06,0,0.00041017972253295625
287,18,4,0.29016142580174104,0.084193653023299272,-1,1,3,1,1,3671,0.019998720112230448,0.078005353037325226,0.058006632925094781,0,0.10000000000000001,0.10000000000000001,0.18651632364045953,0,0,1,1,0.00054481067828929448,0,nan,nan,nan,nan,nan,nan,0,0,0,0,0,nan,0.36502315445382727,-0.0087563482929347066,-0.00018146742296083735,0.022486659232064936,0,0.028366102121982449
287,18,4,0.29016142580174104,0.084193653023299272,-1,-1,3,1,1,3671,0.019998720112230448,0.078005353037325226,0.058006632925094781,0,0.10000000000000001,0.10000000000000001,0.18651632364045953,0,0,1,1,0.00054481067828929448,0,nan,nan,nan,nan,nan,nan,0,0,0,0,0,nan,0.36502315445382727,-0.0087563482929347066,-0.00018146742296083735,0.0075644388199966406,0,0.028366102121982449
288,12,14,0.29057040575132914,0.084431160698492047,1,1,1,0,1,2626,0.0066702102971605889,0.062382870680939062,0.055712660383778471,0,0.10000000000000001,0.10000000000000001,0.13256237881931002,0,0,1,1,0.00076161462300076163,845,0.031647765176784519,0.05905763909335611,0.027409873916571591,0.0067613132098057784,0.037758505670446967,0.030997192460641188,0.043213375895609862,0,0,0,0,0,0.32444782939832445,-1.8275890198163038e-05,0.00012715084334664783,0.0021564446584423904,0,0.0043715426584650351
288,12,14,0.29057040575132914,0.084431160698492047,1,1,3,1,1,2591,0.020054670155801247,0.078025908135418098,0.057971237979616855,0,0.10000000000000001,0.10000000000000001,0.12215468418642875,0,0,1,1,0.00077190274025472794,568,0.03792087283440175,0.054543028685790529,0.016622155851388778,0.0099399599733155427,0.026951409380521138,0.017011449407205594,0.023978027660068554,0,0,0,0,0,0.74527209571593978,-0.0087674798133012335,0.00012715084334664783,0.033858611639928919,0,0.028406417471968017
288,12,14,0.29057040575132914,0.084431160698492047,1,-1,1,0,1,991,0.038906677558408063,0.053532778175061801,0.014626100616653738,0.010603658701459169,0.025349771112837361,0.014746112411378192,0.042499560979121193,0,0,0,0,0,866,0.038906677558408063,0.053532778175061801,0.014626100616653738,0.010604561024629318,0.025349771112837361,0.014745210088208043,0.042206956560853603,0,0,0,0,0,0.87386478304742687,-3.4086702838526377e-06,0.00012715084334664783,0.0055487712159369646,0,1.8259025774178455e-05
288,12,14,0.29057040575132914,0.084431160698492047,1,-1,1,0,2,15,0.053529323265131892,0.053691899186206385,0.00016257592107449259,0.02534459458776878,0.02559393760419755,0.00024934301642877063,0.0006323079138839475,0,0,0,0,0,15,0.053529323265131892,0.053691899186206385,0.00016257592107449259,0.02534459458776878,0.02559393760419755,0.00024934301642877063,0.0006323079138839475,0,0,0,0,0,1,8.7843373774388277e-07,4.5967489656472841e-05,0.0046592629184241717,0.00089513881276486113,-3.2050939764723405e-06
288,12,14,0.29057040575132914,0.084431160698492047,1,-1,1,0,3,11,0.05374756951010827,0.053851492414072603,0.00010392290396433329,0.025680283129698871,0.025841169362833295,0.00016088623313442393,0.0004161192283078267,0,0,0,0,0,11,0.05374756951010827,0.053851492414072603,0.00010392290396433329,0.025680283129698871,0.025841169362833295,0.00016088623313442393,0.0004161192283078267,0,0,0,0,0,1,1.1356750128025523e-06,3.7482332403462507e-05,0.004159113332267721,0.0010409118977950267,-4.3339903158849767e-06
288,12,14,0.29057040575132914,0.084431160698492047,1,-1,3,1,1,2591,0.020054670155801247,0.078025908135418098,0.057971237979616855,0,0.10000000000000001,0.10000000000000001,0.12215468418642875,0,0,1,1,0.00077190274025472794,568,0.03792087283440175,0.054543028685790529,0.016622155851388778,0.0099399599733155427,0.026951409380521138,0.017011449407205594,0.023978027660068554,0,0,0,0,0,0.74527209571593978,-0.0087674798133012335,0.00012715084334664783,0.012661146261728743,0,0.028406417471968017
288,12,14,0.29057040575132914,0.084431160698492047,-1,1,1,0,1,231,0,0.006754492855879363,0.006754492855879363,0,0.006785638021914015,0.006785638021914015,0.0096251231831143771,1,0,1,0,0.008658008658008658,0,nan,nan,nan,nan,nan,nan,0,0,0,0,0,nan,0.021645021645021644,-1.4765465127753396e-07,0,1.4437128424377835e-06,0,0.00041250263768958671
288,12,14,0.29057040575132914,0.084431160698492047,-1,1,3,1,1,3677,0.020054670155801247,0.078025908135418098,0.057971237979616855,0,0.10000000000000001,0.10000000000000001,0.18680821400934958,0,0,1,1,0.00054392167527875983,0,nan,nan,nan,nan,nan,nan,0,0,0,0,0,nan,0.36741909165080228,-0.0087674798133012335,-0.00018249269496050142,0.02249971350534332,0,0.028406417471968017
288,12,14,0.29057040575132914,0.084431160698492047,-1,-1,3,1,1,3677,0.020054670155801247,0.078025908135418098,0.057971237979616855,0,0.10000000000000001,0.10000000000000001,0.18680821400934958,0,0,1,1,0.00054392167527875983,0,nan,nan,nan,nan,nan,nan,0,0,0,0,0,nan,0.36741909165080228,-0.0087674798133012335,-0.00018249269496050142,0.0075653661749970225,0,0.028406417471968017
289,14,12,0.29057040575132914,0.084431160698492047,1,1,1,0,1,2626,0.0066702102971605889,0.062382870680939062,0.055712660383778471,0,0.10000000000000001,0.10000000000000001,0.13256237881931002,0,0,1,1,0.00076161462300076163,845,0.031647765176784519,0.05905763909335611,0.027409873916571591,0.0067613132098057784,0.037758505670446967,0.030997192460641188,0.043213375895609862,0,0,0,0,0,0.32444782939832445,-1.8275890198163038e-05,0.00012715084334664783,0.0021564446584423904,0,0.0043715426584650351
289,14,12,0.29057040575132914,0.084431160698492047,1,1,3,1,1,2591,0.020054670155801247,0.078025908135418098,0.057971237979616855,0,0.10000000000000001,0.10000000000000001,0.12215468418642875,0,0,1,1,0.00077190274025472794,568,0.03792087283440175,0.054543028685790529,0.016622155851388778,0.0099399599733155427,0.026951409380521138,0.017011449407205594,0.023978027660068554,0,0,0,0,0,0.74527209571593978,-0.0087674798133012335,0.00012715084334664783,0.033858611639928919,0,0.028406417471968017
289,14,12,0.29057040575132914,0.084431160698492047,1,-1,1,0,1,991,0.038906677558408063,0.053532778175061801,0.014626100616653738,0.010603658701459169,0.025349771112837361,0.014746112411378192,0.042499560979121193,0,0,0,0,0,866,0.038906677558408063,0.053532778175061801,0.014626100616653738,0.010604561024629318,0.025349771112837361,0.014745210088208043,0.042206956560853603,0,0,0,0,0,0.87386478304742687,-3.4086702838526377e-06,0.00012715084334664783,0.0055487712159369646,0,1.8259025774178455e-05
289,14,12,0.29057040575132914,0.084431160698492047,1,-1,1,0,2,15,0.053529323265131892,0.053691899186206385,0.00016257592107449259,0.02534459458776878,0.02559393760419755,0.00024934301642877063,0.0006323079138839475,0,0,0,0,0,15,0.053529323265131892,0.053691899186206385,0.00016257592107449259,0.02534459458776878,0.02559393760419755,0.00024934301642877063,0.0006323079138839475,0,0,0,0,0,1,8.7843373774388277e-07,4.5967489656472841e-05,0.0046592629184241717,0.00089513881276486113,-3.2050939764723405e-06
289,14,12,0.29057040575132914,0.084431160698492047,1,-1,1,0,3,11,0.05374756951010827,0.053851492414072603,0.00010392290396433329,0.025680283129698871,0.025841169362833295,0.00016088623313442393,0.0004161192283078267,0,0,0,0,0,11,0.05374756951010827,0.053851492414072603,0.00010392290396433329,0.025680283129698871,0.025841169362833295,0.00016088623313442393,0.0004161192283078267,0,0,0,0,0,1,1.1356750128025523e-06,3.7482332403462507e-05,0.004159113332267721,0.0010409118977950267,-4.3339903158849767e-06
289,14,12,0.29057040575132914,0.084431160698492047,1,-1,3,1,1,2591,0.020054670155801247,0.078025908135418098,0.057971237979616855,0,0.10000000000000001,0.10000000000000001,0.12215468418642875,0,0,1,1,0.00077190274025472794,568,0.03792087283440175,0.054543028685790529,0.016622155851388778,0.0099399599733155427,0.026951409380521138,0.017011449407205594,0.023978027660068554,0,0,0,0,0,0.74527209571593978,-0.0087674798133012335,0.00012715084334664783,0.012661146261728743,0,0.028406417471968017
289,14,12,0.29057040575132914,0.084431160698492047,-1,1,1,0,1,231,0,0.006754492855879363,0.006754492855879363,0,0.006785638021914015,0.006785638021914015,0.0096251231831143771,1,0,1,0,0.008658008658008658,0,nan,nan,nan,nan,nan,nan,0,0,0,0,0,nan,0.021645021645021644,-1.4765465127753396e-07,0,1.4437128424377835e-06,0,0.00041250263768958671
289,14,12,0.29057040575132914,0.084431160698492047,-1,1,3,1,1,3677,0.020054670155801247,0.078025908135418098,0.057971237979616855,0,0.10000000000000001,0.10000000000000001,0.18680821400934958,0,0,1,1,0.00054392167527875983,0,nan,nan,nan,nan,nan,nan,0,0,0,0,0,nan,0.36741909165080228,-0.0087674798133012335,-0.00018249269496050142,0.02249971350534332,0,0.028406417471968017
289,14,12,0.29057040575132914,0.084431160698492047,-1,-1,3,1,1,3677,0.020054670155801247,0.078025908135418098,0.057971237979616855,0,0.10000000000000001,0.10000000000000001,0.18680821400934958,0,0,1,1,0.00054392167527875983,0,nan,nan,nan,nan,nan,nan,0,0,0,0,0,nan,0.36741909165080228,-0.0087674798133012335,-0.00018249269496050142,0.0075653661749970225,0,0.028406417471968017
290,11,15,0.29307846094734608,0.085894984271265074,1,1,1,0,1,2622,0.0067856886454273901,0.062379835567475714,0.055594146922048324,0,0.10000000000000001,0.10000000000000001,0.13247528404874509,0,0,1,1,0.00076277650648360034,787,0.032661774516344229,0.058628540267253615,0.025966765750909386,0.007228177143240643,0.036424282855236821,0.029196105711996177,0.040681713471337921,0,0,0,0,0,0.30205949656750575,-1.845511193281962e-05,9.8931325397635898e-05,0.0017552459962533083,0,0.0044274375089209212
290,11,15,0.29307846094734608,0.085894984271265074,1,1,3,1,1,2586,0.020398266087480039,0.078152719951422783,0.057754453863942748,0,0.10000000000000001,0.10000000000000001,0.1219422603010335,0,0,1,1,0.00077339520494972935,502,0.03917278185456971,0.053849232821881254,0.014676450967311544,0.0107270250755241,0.025768636170302055,0.015041611094777954,0.02114962459911289,0,0,0,0,0,0.72699149265274554,-0.0088361491192115171,9.8931325397635898e-05,0.03371846064124015,0,0.028655207986285881
290,11,15,0.29307846094734608,0.085894984271265074,1,-1,1,0,1,17,0.040401593295591023,0.040675134832539116,0.0002735415369480923,0.011604105872165649,0.011804300684432016,0.00020019481226636777,0.0007330641685676148,0,0,0,0,0,15,0.040401593295591023,0.040675134832539116,0.0002735415369480923,0.011604105872165649,0.011804300684432016,0.00020019481226636777,0.00071973126593830809,0,0,0,0,0,0.88235294117647056,-7.407642693792112e-07,2.5006444218464541e-05,0.0032454406166873787,0,3.2150267009811394e-06
290,11,15,0.29307846094734608,0.085894984271265074,1,-1,1,0,2,809,0.040671910538243872,0.052582200430552867,0.011910289892308995,0.011801736527045475,0.023873637936856242,0.012071901409810766,0.03462606166130057,0,0,0,0,0,712,0.040671910538243872,0.052582200430552867,0.011910289892308995,0.011801736527045475,0.023873637936856242,0.012071901409810766,0.034390875698197196,0,0,0,0,0,0.88009888751545118,-3.0323518546593076e-06,9.8931325397635898e-05,0.0051830275838570666,0,1.5004689802275693e-05
290,11,15,0.29307846094734608,0.085894984271265074,1,-1,1,0,3,19,0.052622012044129515,0.052838634426241017,0.00021662238211150181,0.023943543004094181,0.02425334268599607,0.00030979968190188861,0.00079149376443865018,0,0,0,0,0,19,0.052622012044129515,0.052838634426241017,0.00021662238211150181,0.023943543004094181,0.02425334268599607,0.00030979968190188861,0.00079149376443865018,0,0,0,0,0,1,1.2708953341492745e-06,4.3620508474926368e-05,0.0046125795061150625,0.0010963001368872341,-4.8074959605558737e-06
290,11,15,0.29307846094734608,0.085894984271265074,1,-1,1,0,4,11,0.052948163173958084,0.05305085135778944,0.00010268818383135647,0.024413103157647942,0.024562495315795147,0.00014939215814720533,0.00039358056231848299,0,0,0,0,0,11,0.052948163173958084,0.05305085135778944,0.00010268818383135647,0.024413103157647942,0.024562495315795147,0.00014939215814720533,0.00039358056231848299,0,0,0,0,0,1,2.6687661742711718e-06,3.3699356593837416e-05,0.0041025671960981547,0.001621200046851778,-1.0513158367648828e-05
290,11,15,0.29307846094734608,0.085894984271265074,1,-1,3,1,1,2586,0.020398266087480039,0.078152719951422783,0.057754453863942748,0,0.10000000000000001,0.10000000000000001,0.1219422603010335,0,0,1,1,0.00077339520494972935,502,0.03917278185456971,0.053849232821881254,0.014676450967311544,0.0107270250755241,0.025768636170302055,0.015041611094777954,0.02114962459911289,0,0,0,0,0,0.72699149265274554,-0.0088361491192115171,9.8931325397635898e-05,0.012310115481337005,0,0.028655207986285881
290,11,15,0.29307846094734608,0.085894984271265074,-1,1,1,0,1,235,0,0.0068715987417012061,0.0068715987417012061,0,0.0069038468837400845,0.0069038468837400845,0.0098389623580848132,1,0,1,0,0.0085106382978723406,0,nan,nan,nan,nan,nan,nan,0,0,0,0,0,nan,0.01276595744680851,-2.2887530046744045e-07,1.1178691516768415e-07,8.8734172503620421e-07,0,0.00042696499291961795
290,11,15,0.29307846094734608,0.085894984271265074,-1,1,3,1,1,3668,0.020398266087480039,0.078152719951422783,0.057754453863942748,0,0.10000000000000001,0.10000000000000001,0.18619322245592806,0,0,1,1,0.00054525627044711017,0,nan,nan,nan,nan,nan,nan,0,0,0,0,0,nan,0.3718647764449291,-0.0088361491192115171,-0.00018887547706779838,0.022706769425931465,0,0.028655207986285881
290,11,15,0.29307846094734608,0.085894984271265074,-1,-1,3,1,1,3668,0.020398266087480039,0.078152719951422783,0.057754453863942748,0,0.10000000000000001,0.10000000000000001,0.18619322245592806,0,0,1,1,0.00054525627044711017,0,nan,nan,nan,nan,nan,nan,0,0,0,0,0,nan,0.3718647764449291,-0.0088361491192115171,-0.00018887547706779838,0.0076163366998062637,0,0.028655207986285881
291,15,11,0.29307846094734608,0.085894984271265074,1,1,1,0,1,2622,0.0067856886454273901,0.062379835567475714,0.055594146922048324,0,0.10000000000000001,0.10000000000000001,0.13247528404874509,0,0,1,1,0.00076277650648360034,787,0.032661774516344229,0.058628540267253615,0.025966765750909386,0.007228177143240643,0.036424282855236821,0.029196105711996177,0.040681713471337921,0,0,0,0,0,0.30205949656750575,-1.845511193281962e-05,9.8931325397635898e-05,0.0017552459962533083,0,0.0044274375089209212
291,15,11,0.29307846094734608,0.085894984271265074,1,1,3,1,1,2586,0.020398266087480039,0.078152719951422783,0.057754453863942748,0,0.10000000000000001,0.10000000000000001,0.1219422603010335,0,0,1,1,0.00077339520494972935,502,0.03917278185456971,0.053849232821881254,0.014676450967311544,0.0107270250755241,0.025768636170302055,0.015041611094777954,0.02114962459911289,0,0,0,0,0,0.72699149265274554,-0.0088361491192115171,9.8931325397635898e-05,0.03371846064124015,0,0.028655207986285881
291,15,11,0.29307846094734608,0.085894984271265074,1,-1,1,0,1,17,0.040401593295591023,0.040675134832539116,0.0002735415369480923,0.011604105872165649,0.011804300684432016,0.00020019481226636777,0.0007330641685676148,0,0,0,0,0,15,0.040401593295591023,0.040675134832539116,0.0002735415369480923,0.011604105872165649,0.011804300684432016,0.00020019481226636777,0.00071973126593830809,0,0,0,0,0,0.88235294117647056,-7.407642693792112e-07,2.5006444218464541e-05,0.0032454406166873787,0,3.2150267009811394e-06
291,15,11,0.29307846094734608,0.085894984271265074,1,-1,1,0,2,809,0.040671910538243872,0.052582200430552867,0.011910289892308995,0.011801736527045475,0.023873637936856242,0.012071901409810766,0.03462606166130057,0,0,0,0,0,712,0.040671910538243872,0.052582200430552867,0.011910289892308995,0.011801736527045475,0.023873637936856242,0.012071901409810766,0.034390875698197196,0,0,0,0,0,0.88009888751545118,-3.0323518546593076e-06,9.8931325397635898e-05,0.0051830275838570666,0,1.5004689802275693e-05
291,15,11,0.29307846094734608,0.085894984271265074,1,-1,1,0,3,19,0.052622012044129515,0.052838634426241017,0.00021662238211150181,0.023943543004094181,0.02425334268599607,0.00030979968190188861,0.00079149376443865018,0,0,0,0,0,19,0.052622012044129515,0.052838634426241017,0.00021662238211150181,0.023943543004094181,0.02425334268599607,0.00030979968190188861,0.00079149376443865018,0,0,0,0,0,1,1.2708953341492745e-06,4.3620508474926368e-05,0.0046125795061150625,0.0010963001368872341,-4.8074959605558737e-06
291,15,11,0.29307846094734608,0.085894984271265074,1,-1,1,0,4,11,0.052948163173958084,0.05305085135778944,0.00010268818383135647,0.024413103157647942,0.024562495315795147,0.00014939215814720533,0.00039358056231848299,0,0,0,0,0,11,0.052948163173958084,0.05305085135778944,0.00010268818383135647,0.024413103157647942,0.024562495315795147,0.00014939215814720533,0.00039358056231848299,0,0,0,0,0,1,2.6687661742711718e-06,3.3699356593837416e-05,0.0041025671960981547,0.001621200046851778,-1.0513158367648828e-05
291,15,11,0.29307846094734608,0.085894984271265074,1,-1,3,1,1,2586,0.020398266087480039,0.078152719951422783,0.057754453863942748,0,0.10000000000000001,0.10000000000000001,0.1219422603010335,0,0,1,1,0.00077339520494972935,502,0.03917278185456971,0.053849232821881254,0.014676450967311544,0.0107270250755241,0.025768636170302055,0.015041611094777954,0.02114962459911289,0,0,0,0,0,0.72699149265274554,-0.0088361491192115171,9.8931325397635898e-05,0.012310115481337005,0,0.028655207986285881
291,15,11,0.29307846094734608,0.085894984271265074,-1,1,1,0,1,235,0,0.0068715987417012061,0.0068715987417012061,0,0.0069038468837400845,0.0069038468837400845,0.0098389623580848132,1,0,1,0,0.0085106382978723406,0,nan,nan,nan,nan,nan,nan,0,0,0,0,0,nan,0.01276595744680851,-2.2887530046744045e-07,1.1178691516768415e-07,8.8734172503620421e-07,0,0.00042696499291961795
291,15,11,0.29307846094734608,0.085894984271265074,-1,1,3,1,1,3668,0.020398266087480039,0.078152719951422783,0.057754453863942748,0,0.10000000000000001,0.10000000000000001,0.18619322245592806,0,0,1,1,0.00054525627044711017,0,nan,nan,nan,nan,nan,nan,0,0,0,0,0,nan,0.3718647764449291,-0.0088361491192115171,-0.00018887547706779838,0.022706769425931465,0,0.028655207986285881
291,15,11,0.29307846094734608,0.085894984271265074,-1,-1,3,1,1,3668,0.020398266087480039,0.078152719951422783,0.057754453863942748,0,0.10000000000000001,0.10000000000000001,0.18619322245592806,0,0,1,1,0.00054525627044711017,0,nan,nan,nan,nan,nan,nan,0,0,0,0,0,nan,0.3718647764449291,-0.0088361491192115171,-0.00018887547706779838,0.0076163366998062637,0,0.028655207986285881
292,5,18,0.2939979231060989,0.086434778790699635,1,1,1,0,1,2623,0.0068282916262125473,0.062378681810091416,0.055550390183878869,0,0.10000000000000001,0.10000000000000001,0.13244119563559609,0,0,1,1,0.00076248570339306138,780,0.032928619079386254,0.058580533891423342,0.025651914812037088,0.0073547755533137325,0.036290860573715812,0.02893608502040208,0.040281984307011652,0,0,0,0,0,0.30003812428516963,-1.7210184147244158e-05,8.8561317766623136e-05,0.0016084125876145983,0,0.0044481948998200899
292,5,18,0.2939979231060989,0.086434778790699635,1,1,3,1,1,2585,0.020524806776470533,0.078199524398685355,0.057674717622214822,0,0.10000000000000001,0.10000000000000001,0.12186480465365385,0,0,1,1,0.00077369439071566729,475,0.039653102068045364,0.053550747132479322,0.013897645064433958,0.011041709390183955,0.025283522348232154,0.014241812958048199,0.020013130815035723,0,0,0,0,0,0.71992263056092842,-0.0088614937912759647,8.8561317766623136e-05,0.033667960273628464,0,0.02874707164053034
292,5,18,0.2939979231060989,0.086434778790699635,1,-1,1,0,1,11,0.040882927802436575,0.041047030305820451,0.00016410250338387555,0.011937807101907729,0.012060269555297629,0.00012246245338990054,0.00044754057987113588,0,0,0,0,0,9,0.040882927802436575,0.041047030305820451,0.00016410250338387555,0.01193861331235826,0.012060269555297629,0.00012165624293936951,0.00043404034735755853,0,0,0,0,0,0.81818181818181823,-3.327699206708744e-07,2.2357791433137196e-05,0.0031547924382787779,0,1.5213921631969466e-06
292,5,18,0.2939979231060989,0.086434778790699635,1,-1,1,0,2,755,0.041147751622271203,0.052258714337998377,0.011110962715727174,0.012137436242163336,0.023400785461093837,0.011263349218930501,0.032267256764476532,0,0,0,0,0,686,0.041147751622271203,0.052258714337998377,0.011110962715727174,0.012137436242163336,0.023400785461093837,0.011263349218930501,0.03213813737291378,0,0,0,0,0,0.90860927152317883,-2.4947369321418625e-06,8.8561317766623136e-05,0.0050979777444468549,0,1.2195911717326199e-05
292,5,18,0.2939979231060989,0.086434778790699635,1,-1,1,0,3,19,0.052355466453642086,0.05257095352188746,0.00021548706824537495,0.023544737029283787,0.023846831648109905,0.0003020946188261181,0.00077812491100173688,0,0,0,0,0,17,0.052355466453642086,0.052570741258975186,0.00021527480533310023,0.023544737029283787,0.023846831648109905,0.0003020946188261181,0.00076960460831382261,0,0,0,0,0,0.89473684210526316,-2.2623887974583935e-07,3.9274342795260863e-05,0.0041689799212375868,0,1.1493263183972922e-06
292,5,18,0.2939979231060989,0.086434778790699635,1,-1,3,1,1,2585,0.020524806776470533,0.078199524398685355,0.057674717622214822,0,0.10000000000000001,0.10000000000000001,0.12186480465365385,0,0,1,1,0.00077369439071566729,475,0.039653102068045364,0.053550747132479322,0.013897645064433958,0.011041709390183955,0.025283522348232154,0.014241812958048199,0.020013130815035723,0,0,0,0,0,0.71992263056092842,-0.0088614937912759647,8.8561317766623136e-05,0.012179574878196877,0,0.02874707164053034
292,5,18,0.2939979231060989,0.086434778790699635,-1,1,1,0,1,239,0,0.0069147823032559719,0.0069147823032559719,0,0.0069474414842835199,0.0069474414842835199,0.0099562668607877363,1,0,1,0,0.008368200836820083,0,nan,nan,nan,nan,nan,nan,0,0,0,0,0,nan,0.029288702928870293,-6.2957085924283517e-07,0,2.2435181349417131e-06,0,0.00043236122008934289
292,5,18,0.2939979231060989,0.086434778790699635,-1,1,3,1,1,3669,0.020524806776470533,0.078199524398685355,0.057674717622214822,0,0.10000000000000001,0.10000000000000001,0.18619407611386821,0,0,1,1,0.00054510765876260563,0,nan,nan,nan,nan,nan,nan,0,0,0,0,0,nan,0.37394385391114743,-0.0088614937912759647,-0.00019125685720568773,0.02276632744009793,0,0.02874707164053034
292,5,18,0.2939979231060989,0.086434778790699635,-1,-1,3,1,1,3669,0.020524806776470533,0.078199524398685355,0.057674717622214822,0,0.10000000000000001,0.10000000000000001,0.18619407611386821,0,0,1,1,0.00054510765876260563,0,nan,nan,nan,nan,nan,nan,0,0,0,0,0,nan,0.37394385391114743,-0.0088614937912759647,-0.00019125685720568773,0.0076291169339085798,0,0.02874707164053034
293,18,5,0.2939979231060989,0.086434778790699635,1,1,1,0,1,2623,0.0068282916262125473,0.062378681810091416,0.055550390183878869,0,0.10000000000000001,0.10000000000000001,0.13244119563559609,0,0,1,1,0.00076248570339306138,780,0.032928619079386254,0.058580533891423342,0.025651914812037088,0.0073547755533137325,0.036290860573715812,0.02893608502040208,0.040281984307011652,0,0,0,0,0,0.30003812428516963,-1.7210184147244158e-05,8.8561317766623136e-05,0.0016084125876145983,0,0.0044481948998200899
293,18,5,0.2939979231060989,0.086434778790699635,1,1,3,1,1,2585,0.020524806776470533,0.078199524398685355,0.057674717622214822,0,0.10000000000000001,0.10000000000000001,0.12186480465365385,0,0,1,1,0.00077369439071566729,475,0.039653102068045364,0.053550747132479322,0.013897645064433958,0.011041709390183955,0.025283522348232154,0.014241812958048199,0.020013130815035723,0,0,0,0,0,0.71992263056092842,-0.0088614937912759647,8.8561317766623136e-05,0.033667960273628464,0,0.02874707164053034
293,18,5,0.2939979231060989,0.086434778790699635,1,-1,1,0,1,11,0.040882927802436575,0.041047030305820451,0.00016410250338387555,0.011937807101907729,0.012060269555297629,0.00012246245338990054,0.00044754057987113588,0,0,0,0,0,9,0.040882927802436575,0.041047030305820451,0.00016410250338387555,0.01193861331235826,0.012060269555297629,0.00012165624293936951,0.00043404034735755853,0,0,0,0,0,0.81818181818181823,-3.327699206708744e-07,2.2357791433137196e-05,0.0031547924382787779,0,1.5213921631969466e-06
293,18,5,0.2939979231060989,0.086434778790699635,1,-1,1,0,2,755,0.041147751622271203,0.052258714337998377,0.011110962715727174,0.012137436242163336,0.023400785461093837,0.011263349218930501,0.032267256764476532,0,0,0,0,0,686,0.041147751622271203,0.052258714337998377,0.011110962715727174,0.012137436242163336,0.023400785461093837,0.011263349218930501,0.03213813737291378,0,0,0,0,0,0.90860927152317883,-2.4947369321418625e-06,8.8561317766623136e-05,0.0050979777444468549,0,1.2195911717326199e-05
293,18,5,0.2939979231060989,0.086434778790699635,1,-1,1,0,3,19,0.052355466453642086,0.05257095352188746,0.00021548706824537495,0.023544737029283787,0.023846831648109905,0.0003020946188261181,0.00077812491100173688,0,0,0,0,0,17,0.052355466453642086,0.052570741258975186,0.00021527480533310023,0.023544737029283787,0.023846831648109905,0.0003020946188261181,0.00076960460831382261,0,0,0,0,0,0.89473684210526316,-2.2623887974583935e-07,3.9274342795260863e-05,0.0041689799212375868,0,1.1493263183972922e-06
293,18,5,0.2939979231060989,0.086434778790699635,1,-1,3,1,1,2585,0.020524806776470533,0.078199524398685355,0.057674717622214822,0,0.10000000000000001,0.10000000000000001,0.12186480465365385,0,0,1,1,0.00077369439071566729,475,0.039653102068045364,0.053550747132479322,0.013897645064433958,0.011041709390183955,0.025283522348232154,0.014241812958048199,0.020013130815035723,0,0,0,0,0,0.71992263056092842,-0.0088614937912759647,8.8561317766623136e-05,0.012179574878196877,0,0.02874707164053034
293,18,5,0.2939979231060989,0.086434778790699635,-1,1,1,0,1,239,0,0.0069147823032559719,0.0069147823032559719,0,0.0069474414842835199,0.0069474414842835199,0.0099562668607877363,1,0,1,0,0.008368200836820083,0,nan,nan,nan,nan,nan,nan,0,0,0,0,0,nan,0.029288702928870293,-6.2957085924283517e-07,0,2.2435181349417131e-06,0,0.00043236122008934289
293,18,5,0.2939979231060989,0.086434778790699635,-1,1,3,1,1,3669,0.020524806776470533,0.078199524398685355,0.057674717622214822,0,0.10000000000000001,0.10000000000000001,0.18619407611386821,0,0,1,1,0.00054510765876260563,0,nan,nan,nan,nan,nan,nan,0,0,0,0,0,nan,0.37394385391114743,-0.0088614937912759647,-0.00019125685720568773,0.02276632744009793,0,0.02874707164053034
293,18,5,0.2939979231060989,0.086434778790699635,-1,-1,3,1,1,3669,0.020524806776470533,0.078199524398685355,0.057674717622214822,0,0.10000000000000001,0.10000000000000001,0.18619407611386821,0,0,1,1,0.00054510765876260563,0,nan,nan,nan,nan,nan,nan,0,0,0,0,0,nan,0.37394385391114743,-0.0088614937912759647,-0.00019125685720568773,0.0076291169339085798,0,0.02874707164053034
294,8,17,0.29584515847020543,0.087524357790260965,1,1,1,0,1,2621,0.00691404062486012,0.062376308208366094,0.055462267583505975,0,0.10000000000000002,0.10000000000000002,0.13235235720874419,0,0,1,1,0.00076306753147653572,742,0.033622414943295528,0.058256564635071159,0.024634149691775631,0.0076942295965713378,0.035356904603068715,0.027662675006497377,0.038512455901398943,0,0,0,0,0,0.28615032430370085,-1.7036498118756506e-05,6.7673606607513895e-05,0.0013298070618855073,0,0.0044903285157513158
294,8,17,0.29584515847020543,0.087524357790260965,1,1,3,1,1,2582,0.020780388670529663,0.078294070182677616,0.057513681512147953,0,0.10000000000000001,0.10000000000000001,0.12170822138183429,0,0,1,1,0.00077459333849728897,415,0.040720480320213477,0.052865216508813796,0.012144736188600319,0.011770612517436179,0.024216144096064041,0.012445531578627862,0.017465493507807572,0,0,0,0,0,0.70294345468628971,-0.0089126898012451394,6.7673606607513895e-05,0.033577418669498239,0,0.02893269968573851
294,8,17,0.29584515847020543,0.087524357790260965,1,-1,1,0,1,11,0.042071826164709433,0.042220027168772011,0.00014820100406257725,0.012805345082825338,0.012922099105778261,0.00011675402295292271,0.00041112002870737318,0,0,0,0,0,11,0.042071826164709433,0.042220027168772011,0.00014820100406257725,0.012805345082825338,0.012922099105778261,0.00011675402295292271,0.00041112002870737318,0,0,0,0,0,1,9.074302305026418e-07,2.1833116922106212e-05,0.0034010957005667602,0.00093240337127348466,-3.477504187048639e-06
294,8,17,0.29584515847020543,0.087524357790260965,1,-1,1,0,2,11,0.042323266235371061,0.042487606447224213,0.00016434021185315201,0.013004921641333374,0.013135943843950016,0.00013102220261664195,0.00046172030168719009,0,0,0,0,0,11,0.042323266235371061,0.042487606447224213,0.00016434021185315201,0.013004921641333374,0.013135943843950016,0.00013102220261664195,0.00046172030168719009,0,0,0,0,0,1,6.406847392334341e-07,2.5390201370171134e-05,0.0035227230084961727,0.00076647531802045575,-2.3499376525382352e-06
294,8,17,0.29584515847020543,0.087524357790260965,1,-1,1,0,3,603,0.042489286420286314,0.051346428546969344,0.0088571421266830305,0.01313735958179625,0.022135882928534318,0.0089985233467380684,0.025737767474230164,0,0,0,0,0,565,0.042489286420286314,0.051346428546969344,0.0088571421266830305,0.01313735958179625,0.022135882928534318,0.0089985233467380684,0.025572586190408447,0,0,0,0,0,0.93698175787728022,-2.2581547474327137e-06,6.7673606607513895e-05,0.0048333919406952754,0,1.0365470006267968e-05
294,8,17,0.29584515847020543,0.087524357790260965,1,-1,1,0,4,23,0.051555048498121141,0.051823580594502053,0.00026853209638091208,0.022411317607524343,0.022767594471707203,0.00035627686418285981,0.00092661191019735123,0,0,0,0,0,21,0.051555048498121141,0.051823283971541664,0.00026823547342052362,0.022411317607524343,0.022767594471707203,0.00035627686418285981,0.00091806380614155054,0,0,0,0,0,0.91304347826086951,-8.1475469902112787e-08,3.4732706529761473e-05,0.003890081087513932,0,5.1606162216879443e-07
294,8,17,0.29584515847020543,0.087524357790260965,1,-1,3,1,1,2582,0.020780388670529663,0.078294070182677616,0.057513681512147953,0,0.10000000000000001,0.10000000000000001,0.12170822138183429,0,0,1,1,0.00077459333849728897,415,0.040720480320213477,0.052865216508813796,0.012144736188600319,0.011770612517436179,0.024216144096064041,0.012445531578627862,0.017465493507807572,0,0,0,0,0,0.70294345468628971,-0.0089126898012451394,6.7673606607513895e-05,0.011919619109921273,0,0.02893269968573851
294,8,17,0.29584515847020543,0.087524357790260965,-1,1,1,0,1,240,0,0.0070019486232208777,0.0070019486232208777,0,0.0070354473683568557,0.0070354473683568557,0.010067488109389343,1,0,1,0,0.0083333333333333332,0,nan,nan,nan,nan,nan,nan,0,0,0,0,0,nan,0.025000000000000001,-4.972149584317161e-07,0,1.8023470692315295e-06,0,0.00044335743401071226
294,8,17,0.29584515847020543,0.087524357790260965,-1,1,3,1,1,3666,0.020780388670529663,0.078294070182677616,0.057513681512147953,0,0.10000000000000001,0.10000000000000001,0.18590080533528841,0,0,1,1,0.0005455537370430987,0,nan,nan,nan,nan,nan,nan,0,0,0,0,0,nan,0.37697763229678122,-0.0089126898012451394,-0.00019610913808889899,0.022913412862349762,0,0.02893269968573851
294,8,17,0.29584515847020543,0.087524357790260965,-1,-1,3,1,1,3666,0.020780388670529663,0.078294070182677616,0.057513681512147953,0,0.10000000000000001,0.10000000000000001,0.18590080533528841,0,0,1,1,0.0005455537370430987,0,nan,nan,nan,nan,nan,nan,0,0,0,0,0,nan,0.37697763229678122,-0.0089126898012451394,-0.00019610913808889899,0.0076630483944176942,0,0.02893269968573851
295,17,8,0.29584515847020543,0.087524357790260965,1,1,1,0,1,2621,0.00691404062486012,0.062376308208366094,0.055462267583505975,0,0.10000000000000002,0.10000000000000002,0.13235235720874419,0,0,1,1,0.00076306753147653572,742,0.033622414943295528,0.058256564635071159,0.024634149691775631,0.0076942295965713378,0.035356904603068715,0.027662675006497377,0.038512455901398943,0,0,0,0,0,0.28615032430370085,-1.7036498118756506e-05,6.7673606607513895e-05,0.0013298070618855073,0,0.0044903285157513158
295,17,8,0.29584515847020543,0.087524357790260965,1,1,3,1,1,2582,0.020780388670529663,0.078294070182677616,0.057513681512147953,0,0.10000000000000001,0.10000000000000001,0.12170822138183429,0,0,1,1,0.00077459333849728897,415,0.040720480320213477,0.052865216508813796,0.012144736188600319,0.011770612517436179,0.024216144096064041,0.012445531578627862,0.017465493507807572,0,0,0,0,0,0.70294345468628971,-0.0089126898012451394,6.7673606607513895e-05,0.033577418669498239,0,0.02893269968573851
295,17,8,0.29584515847020543,0.087524357790260965,1,-1,1,0,1,11,0.042071826164709433,0.042220027168772011,0.00014820100406257725,0.012805345082825338,0.012922099105778261,0.00011675402295292271,0.00041112002870737318,0,0,0,0,0,11,0.042071826164709433,0.042220027168772011,0.00014820100406257725,0.012805345082825338,0.012922099105778261,0.00011675402295292271,0.00041112002870737318,0,0,0,0,0,1,9.074302305026418e-07,2.1833116922106212e-05,0.0034010957005667602,0.00093240337127348466,-3.477504187048639e-06
295,17,8,0.29584515847020543,0.087524357790260965,1,-1,1,0,2,11,0.042323266235371061,0.042487606447224213,0.00016434021185315201,0.013004921641333374,0.013135943843950016,0.00013102220261664195,0.00046172030168719009,0,0,0,0,0,11,0.042323266235371061,0.042487606447224213,0.00016434021185315201,0.013004921641333374,0.013135943843950016,0.00013102220261664195,0.00046172030168719009,0,0,0,0,0,1,6.406847392334341e-07,2.5390201370171134e-05,0.0035227230084961727,0.00076647531802045575,-2.3499376525382352e-06
295,17,8,0.29584515847020543,0.087524357790260965,1,-1,1,0,3,603,0.042489286420286314,0.051346428546969344,0.0088571421266830305,0.01313735958179625,0.022135882928534318,0.0089985233467380684,0.025737767474230164,0,0,0,0,0,565,0.042489286420286314,0.051346428546969344,0.0088571421266830305,0.01313735958179625,0.022135882928534318,0.0089985233467380684,0.025572586190408447,0,0,0,0,0,0.93698175787728022,-2.2581547474327137e-06,6.7673606607513895e-05,0.0048333919406952754,0,1.0365470006267968e-05
295,17,8,0.29584515847020543,0.087524357790260965,1,-1,1,0,4,23,0.051555048498121141,0.051823580594502053,0.00026853209638091208,0.022411317607524343,0.022767594471707203,0.00035627686418285981,0.00092661191019735123,0,0,0,0,0,21,0.051555048498121141,0.051823283971541664,0.00026823547342052362,0.022411317607524343,0.022767594471707203,0.00035627686418285981,0.00091806380614155054,0,0,0,0,0,0.91304347826086951,-8.1475469902112787e-08,3.4732706529761473e-05,0.003890081087513932,0,5.1606162216879443e-07
295,17,8,0.29584515847020543,0.087524357790260965,1,-1,3,1,1,2582,0.020780388670529663,0.078294070182677616,0.057513681512147953,0,0.10000000000000001,0.10000000000000001,0.12170822138183429,0,0,1,1,0.00077459333849728897,415,0.040720480320213477,0.052865216508813796,0.012144736188600319,0.011770612517436179,0.024216144096064041,0.012445531578627862,0.017465493507807572,0,0,0,0,0,0.70294345468628971,-0.0089126898012451394,6.7673606607513895e-05,0.011919619109921273,0,0.02893269968573851
295,17,8,0.29584515847020543,0.087524357790260965,-1,1,1,0,1,240,0,0.0070019486232208777,0.0070019486232208777,0,0.0070354473683568557,0.0070354473683568557,0.010067488109389343,1,0,1,0,0.0083333333333333332,0,nan,nan,nan,nan,nan,nan,0,0,0,0,0,nan,0.025000000000000001,-4.972149584317161e-07,0,1.8023470692315295e-06,0,0.00044335743401071226
295,17,8,0.29584515847020543,0.087524357790260965,-1,1,3,1,1,3666,0.020780388670529663,0.078294070182677616,0.057513681512147953,0,0.10000000000000001,0.10000000000000001,0.18590080533528841,0,0,1,1,0.0005455537370430987,0,nan,nan,nan,nan,nan,nan,0,0,0,0,0,nan,0.37697763229678122,-0.0089126898012451394,-0.00019610913808889899,0.022913412862349762,0,0.02893269968573851
295,17,8,0.29584515847020543,0.087524357790260965,-1,-1,3,1,1,3666,0.020780388670529663,0.078294070182677616,0.057513681512147953,0,0.10000000000000001,0.10000000000000001,0.18590080533528841,0,0,1,1,0.0005455537370430987,0,nan,nan,nan,nan,nan,nan,0,0,0,0,0,nan,0.37697763229678122,-0.0089126898012451394,-0.00019610913808889899,0.0076630483944176942,0,0.02893269968573851
296,10,16,0.29721084245353185,0.088334284871938118,1,1,1,0,1,2620,0.0069757489336990412,0.062374511334744712,0.055398762401045673,0,0.10000000000000001,0.10000000000000001,0.13238264718052245,0,0,1,1,0.00076335877862595419,709,0.03388925950633756,0.05815797412899644,0.02426871462265888,0.0078304529160252261,0.035090060040026683,0.027259607124001457,0.037969984498604975,0,0,0,0,0,0.2736641221374046,-1.5452818767461803e-05,6.1484327814705837e-05,0.0011068685376163204,0,0.0045218483913225969
296,10,16,0.29721084245353185,0.088334284871938118,1,1,3,1,1,2581,0.020970505564211823,0.078364416855255317,0.057393911291043494,0,0.10000000000000001,0.10000000000000001,0.12159486713642717,0,0,1,1,0.00077489345215032935,365,0.041607806801031808,0.052278355742807363,0.010670548941775555,0.012408272181454304,0.023348899266177454,0.01094062708472315,0.015334447623951718,0,0,0,0,0,0.68694304533126693,-0.0089507806397345607,5.2207931682762932e-05,0.033473486995653362,0,0.029070865901739958
296,10,16,0.29721084245353185,0.088334284871938118,1,-1,1,0,1,11,0.043345904980337281,0.043499886246637781,0.00015398126630049996,0.013805719359137223,0.013935232772220895,0.00012951341308367267,0.00044266180706284614,0,0,0,0,0,11,0.043345904980337281,0.043499886246637781,0.00015398126630049996,0.013805719359137223,0.013935232772220895,0.00012951341308367267,0.00044266180706284614,0,0,0,0,0,1,2.409362601161455e-07,2.4353366452376502e-05,0.0034143815273737152,0.00043906645154889951,-7.7111739550296849e-07
296,10,16,0.29721084245353185,0.088334284871938118,1,-1,1,0,2,11,0.043504425459340891,0.043660796867614822,0.00015637140827393092,0.013938935785507903,0.014070936951065051,0.0001320011655571475,0.00045006109906942153,0,0,0,0,0,11,0.043504425459340891,0.043660796867614822,0.00015637140827393092,0.013938935785507903,0.014070936951065051,0.0001320011655571475,0.00045006109906942153,0,0,0,0,0,1,1.3889745863464336e-06,2.6142570117973781e-05,0.0036808981757021995,0.0011569387200470718,-5.3540288077766266e-06
296,10,16,0.29721084245353185,0.088334284871938118,1,-1,1,0,3,11,0.043661783679432652,0.043821808129740333,0.0001600244503076817,0.014071804445935133,0.014207660063122934,0.00013585561718780156,0.00046132433794064253,0,0,0,0,0,11,0.043661783679432652,0.043821808129740333,0.0001600244503076817,0.014071804445935133,0.014207660063122934,0.00013585561718780156,0.00046132433794064253,0,0,0,0,0,1,2.1981080340043041e-06,2.7887091500208559e-05,0.0038520734236738461,0.0014642505539865884,-8.5761187394001251e-06
296,10,16,0.29721084245353185,0.088334284871938118,1,-1,1,0,4,509,0.043817993108816511,0.051182927611530503,0.007364934502713992,0.014204269429123532,0.02188987964714622,0.0076856102180226874,0.021666414785504851,0,0,0,0,0,483,0.043817993108816511,0.05118213261219428,0.0073641395033777687,0.014204269429123532,0.02188987964714622,0.0076856102180226874,0.021547514522405442,0,0,0,0,0,0.94891944990176813,-1.5614055480606901e-06,5.2207931682762932e-05,0.0044786591876492168,0,6.9300158739578427e-06
296,10,16,0.29721084245353185,0.088334284871938118,1,-1,3,1,1,2581,0.020970505564211823,0.078364416855255317,0.057393911291043494,0,0.10000000000000001,0.10000000000000001,0.12159486713642717,0,0,1,1,0.00077489345215032935,365,0.041607806801031808,0.052278355742807363,0.010670548941775555,0.012408272181454304,0.023348899266177454,0.01094062708472315,0.015334447623951718,0,0,0,0,0,0.68694304533126693,-0.0089507806397345607,5.2207931682762932e-05,0.011714899111889625,0,0.029070865901739958
296,10,16,0.29721084245353185,0.088334284871938118,-1,1,1,0,1,244,0,0.0070667427897550487,0.0070667427897550487,0,0.007100872253885589,0.007100872253885589,0.010151387675965677,1,0,1,0,0.0081967213114754103,0,nan,nan,nan,nan,nan,nan,0,0,0,0,0,nan,0.032786885245901641,-3.6646109798714704e-07,7.811281835513027e-08,2.6093367652647838e-06,0,0.00045162123712835068
296,10,16,0.29721084245353185,0.088334284871938118,-1,1,3,1,1,3669,0.020970505564211823,0.078364416855255317,0.057393911291043494,0,0.10000000000000001,0.10000000000000001,0.18590790632187093,0,0,1,1,0.00054510765876260563,0,nan,nan,nan,nan,nan,nan,0,0,0,0,0,nan,0.38075769964568001,-0.0089507806397345607,-0.00019975541462621994,0.022977854363476557,0,0.029070865901739958
296,10,16,0.29721084245353185,0.088334284871938118,-1,-1,3,1,1,3669,0.020970505564211823,0.078364416855255317,0.057393911291043494,0,0.10000000000000001,0.10000000000000001,0.18590790632187093,0,0,1,1,0.00054510765876260563,0,nan,nan,nan,nan,nan,nan,0,0,0,0,0,nan,0.38075769964568001,-0.0089507806397345607,-0.00019975541462621994,0.007674660215277955,0,0.029070865901739958
297,16,10,0.29721084245353185,0.088334284871938118,1,1,1,0,1,2620,0.0069757489336990412,0.062374511334744712,0.055398762401045673,0,0.10000000000000001,0.10000000000000001,0.13238264718052245,0,0,1,1,0.00076335877862595419,709,0.03388925950633756,0.05815797412899644,0.02426871462265888,0.0078304529160252261,0.035090060040026683,0.027259607124001457,0.037969984498604975,0,0,0,0,0,0.2736641221374046,-1.5452818767461803e-05,6.1484327814705837e-05,0.0011068685376163204,0,0.0045218483913225969
297,16,10,0.29721084245353185,0.088334284871938118,1,1,3,1,1,2581,0.020970505564211823,0.078364416855255317,0.057393911291043494,0,0.10000000000000001,0.10000000000000001,0.12159486713642717,0,0,1,1,0.00077489345215032935,365,0.041607806801031808,0.052278355742807363,0.010670548941775555,0.012408272181454304,0.023348899266177454,0.01094062708472315,0.015334447623951718,0,0,0,0,0,0.68694304533126693,-0.0089507806397345607,5.2207931682762932e-05,0.033473486995653362,0,0.029070865901739958
297,16,10,0.29721084245353185,0.088334284871938118,1,-1,1,0,1,11,0.043345904980337281,0.043499886246637781,0.00015398126630049996,0.013805719359137223,0.013935232772220895,0.00012951341308367267,0.00044266180706284614,0,0,0,0,0,11,0.043345904980337281,0.043499886246637781,0.00015398126630049996,0.013805719359137223,0.013935232772220895,0.00012951341308367267,0.00044266180706284614,0,0,0,0,0,1,2.409362601161455e-07,2.4353366452376502e-05,0.0034143815273737152,0.00043906645154889951,-7.7111739550296849e-07
297,16,10,0.29721084245353185,0.088334284871938118,1,-1,1,0,2,11,0.043504425459340891,0.043660796867614822,0.00015637140827393092,0.013938935785507903,0.014070936951065051,0.0001320011655571475,0.00045006109906942153,0,0,0,0,0,11,0.043504425459340891,0.043660796867614822,0.00015637140827393092,0.013938935785507903,0.014070936951065051,0.0001320011655571475,0.00045006109906942153,0,0,0,0,0,1,1.3889745863464336e-06,2.6142570117973781e-05,0.0036808981757021995,0.0011569387200470718,-5.3540288077766266e-06
297,16,10,0.29721084245353185,0.088334284871938118,1,-1,1,0,3,11,0.043661783679432652,0.043821808129740333,0.0001600244503076817,0.014071804445935133,0.014207660063122934,0.00013585561718780156,0.00046132433794064253,0,0,0,0,0,11,0.043661783679432652,0.043821808129740333,0.0001600244503076817,0.014071804445935133,0.014207660063122934,0.00013585561718780156,0.00046132433794064253,0,0,0,0,0,1,2.1981080340043041e-06,2.7887091500208559e-05,0.0038520734236738461,0.0014642505539865884,-8.5761187394001251e-06
297,16,10,0.29721084245353185,0.088334284871938118,1,-1,1,0,4,509,0.043817993108816511,0.051182927611530503,0.007364934502713992,0.014204269429123532,0.02188987964714622,0.0076856102180226874,0.021666414785504851,0,0,0,0,0,483,0.043817993108816511,0.05118213261219428,0.0073641395033777687,0.014204269429123532,0.02188987964714622,0.0076856102180226874,0.021547514522405442,0,0,0,0,0,0.94891944990176813,-1.5614055480606901e-06,5.2207931682762932e-05,0.0044786591876492168,0,6.9300158739578427e-06
297,16,10,0.29721084245353185,0.088334284871938118,1,-1,3,1,1,2581,0.020970505564211823,0.078364416855255317,0.057393911291043494,0,0.10000000000000001,0.10000000000000001,0.12159486713642717,0,0,1,1,0.00077489345215032935,365,0.041607806801031808,0.052278355742807363,0.010670548941775555,0.012408272181454304,0.023348899266177454,0.01094062708472315,0.015334447623951718,0,0,0,0,0,0.68694304533126693,-0.0089507806397345607,5.2207931682762932e-05,0.011714899111889625,0,0.029070865901739958
297,16,10,0.29721084245353185,0.088334284871938118,-1,1,1,0,1,244,0,0.0070667427897550487,0.0070667427897550487,0,0.007100872253885589,0.007100872253885589,0.010151387675965677,1,0,1,0,0.0081967213114754103,0,nan,nan,nan,nan,nan,nan,0,0,0,0,0,nan,0.032786885245901641,-3.6646109798714704e-07,7.811281835513027e-08,2.6093367652647838e-06,0,0.00045162123712835068
297,16,10,0.29721084245353185,0.088334284871938118,-1,1,3,1,1,3669,0.020970505564211823,0.078364416855255317,0.057393911291043494,0,0.10000000000000001,0.10000000000000001,0.18590790632187093,0,0,1,1,0.00054510765876260563,0,nan,nan,nan,nan,nan,nan,0,0,0,0,0,nan,0.38075769964568001,-0.0089507806397345607,-0.00019975541462621994,0.022977854363476557,0,0.029070865901739958
297,16,10,0.29721084245353185,0.088334284871938118,-1,-1,3,1,1,3669,0.020970505564211823,0.078364416855255317,0.057393911291043494,0,0.10000000000000001,0.10000000000000001,0.18590790632187093,0,0,1,1,0.00054510765876260563,0,nan,nan,nan,nan,nan,nan,0,0,0,0,0,nan,0.38075769964568001,-0.0089507806397345607,-0.00019975541462621994,0.007674660215277955,0,0.029070865901739958
298,6,18,0.29861814158566147,0.089172794484074155,1,1,1,0,1,2619,0.0070397143862184321,0.062372627091417152,0.055332912705198717,0,0.10000000000000001,0.10000000000000001,0.13232927026110414,0,0,1,1,0.00076365024818633069,667,0.034529686457638424,0.057885694105742451,0.023356007648104027,0.0081546158753353117,0.034356237491661105,0.026201621616325794,0.036414584917838493,0,0,0,0,0,0.25811378388697975,-1.6416377451806234e-05,5.9387515730488215e-05,0.00088922972264211374,0,0.0045546575557316431
298,6,18,0.29861814158566147,0.089172794484074155,1,1,3,1,1,2578,0.021167448688969158,0.078437298580957382,0.057269849891988224,0,0.10000000000000001,0.10000000000000001,0.12147623485497384,0,0,1,1,0.00077579519006982156,304,0.042641761174116076,0.051514836448459528,0.0088730752743434518,0.013189808182160638,0.022281521014009337,0.0090917128318486994,0.012733777712012435,0,0,0,0,0,0.66679596586501166,-0.008990244028107967,3.6247639599433103e-05,0.033386562659629755,0,0.02921406080553153
298,6,18,0.29861814158566147,0.089172794484074155,1,-1,1,0,1,11,0.044701071926312591,0.044833365931400589,0.00013229400508799755,0.014940257505003905,0.01505879811796164,0.00011854061295773523,0.00038762593829445743,0,0,0,0,0,11,0.044701071926312591,0.044833365931400589,0.00013229400508799755,0.014940257505003905,0.01505879811796164,0.00011854061295773523,0.00038762593829445743,0,0,0,0,0,1,2.5715964567494962e-06,2.3136062733702243e-05,0.0037036951893292258,0.0015933497930495303,-1.0155054252043925e-05
298,6,18,0.29861814158566147,0.089172794484074155,1,-1,1,0,2,11,0.044849814387547454,0.044993431724188161,0.00014361733664070703,0.015073401050223088,0.015203329539176524,0.00012992848895343641,0.00042607061193340002,0,0,0,0,0,11,0.044849814387547454,0.044993431724188161,0.00014361733664070703,0.015073401050223088,0.015203329539176524,0.00012992848895343641,0.00042607061193340002,0,0,0,0,0,1,6.858989758645181e-07,2.4440953009965583e-05,0.0035193848163527332,0.00080129641053806248,-2.5683037501647325e-06
298,6,18,0.29861814158566147,0.089172794484074155,1,-1,1,0,3,11,0.045070924962669637,0.045207875036298382,0.00013695007362874573,0.015270371912006878,0.015397856852403143,0.00012748494039626496,0.0004050612644426734,0,0,0,0,0,11,0.045070924962669637,0.045207875036298382,0.00013695007362874573,0.015270371912006878,0.015397856852403143,0.00012748494039626496,0.0004050612644426734,0,0,0,0,0,1,4.0368313720742923e-06,2.6105354302001279e-05,0.0039675447627197996,0.0019998641464367803,-1.5997826416813247e-05
298,6,18,0.29861814158566147,0.089172794484074155,1,-1,1,0,4,15,0.045217027469950127,0.045425125720113382,0.00020809825016325501,0.015406472178601324,0.015594428799393718,0.00018795662079239446,0.00059647279996861123,0,0,0,0,0,15,0.045217027469950127,0.045425125720113382,0.00020809825016325501,0.015406472178601324,0.015594428799393718,0.00018795662079239446,0.00059647279996861123,0,0,0,0,0,1,1.2241215089129443e-06,2.7660562602056308e-05,0.0038812476110150302,0.0010826161443186937,-4.6882308637578981e-06
298,6,18,0.29861814158566147,0.089172794484074155,1,-1,1,0,5,11,0.045434207955457696,0.045581523479814395,0.00014731552435669898,0.015603298980825468,0.015743173970667761,0.0001398749898422931,0.0004428261905621288,0,0,0,0,0,11,0.045434207955457696,0.045581523479814395,0.00014731552435669898,0.015603298980825468,0.015743173970667761,0.0001398749898422931,0.0004428261905621288,0,0,0,0,0,1,3.3313643558123253e-06,2.8738896647980861e-05,0.0040138438901037004,0.0018117081836700626,-1.3129146171108311e-05
298,6,18,0.29861814158566147,0.089172794484074155,1,-1,1,0,6,15,0.045577753824541677,0.045795647481245622,0.00021789365670394495,0.015739580481117125,0.01594341664928518,0.00020383616816805478,0.00064173567218100502,0,0,0,0,0,13,0.045577753824541677,0.045795647481245622,0.00021789365670394495,0.015739580481117125,0.01594341664928518,0.00020383616816805478,0.0006288855612606091,0,0,0,0,0,0.8666666666666667,-4.5653696112086856e-07,3.0092927492120022e-05,0.0037275884120744019,0,2.1033009935882008e-06
298,6,18,0.29861814158566147,0.089172794484074155,1,-1,1,0,7,47,0.045791106112748267,0.046497122152677012,0.00070601603992874462,0.015939030614400173,0.016609306425173546,0.00067027581077337348,0.0020210018287853534,0,0,0,0,0,45,0.045791106112748267,0.046497122152677012,0.00070601603992874462,0.015939030614400173,0.016609306425173546,0.00067027581077337348,0.0020085987403651996,0,0,0,0,0,0.95744680851063835,-3.5577416606116482e-07,3.3639121193917025e-05,0.0039671095149211733,0,1.7559884408519841e-06
298,6,18,0.29861814158566147,0.089172794484074155,1,-1,1,0,8,121,0.046486132461559235,0.048252058620277795,0.0017659261587185601,0.016597960674773302,0.018412084650515026,0.0018141239757417243,0.0051785423877641953,0,0,0,0,0,115,0.046486132461559235,0.048252058620277795,0.0017659261587185601,0.016597960674773302,0.018412084650515026,0.0018141239757417243,0.0051435456666100244,0,0,0,0,0,0.95041322314049592,-3.9961250937306286e-07,3.6247639599433103e-05,0.0042162432556300741,0,1.9757859889898721e-06
298,6,18,0.29861814158566147,0.089172794484074155,1,-1,1,0,9,31,0.04824567415357655,0.048677392459898959,0.00043171830632240948,0.018405108739806501,0.01887578182700907,0.0004706730872025694,0.0013198486063744346,0,0,0,0,0,29,0.04824567415357655,0.048677392459898959,0.00043171830632240948,0.018405108739806501,0.01887578182700907,0.0004706730872025694,0.0013083131718366419,0,0,0,0,0,0.93548387096774188,-8.4149900775308832e-07,3.5637954833080059e-05,0.0041556771940216737,0,3.7208807213649773e-06
298,6,18,0.29861814158566147,0.089172794484074155,1,-1,1,0,10,31,0.048736153042526487,0.049156102648546564,0.00041994960602007719,0.018937714950377733,0.019411021214681211,0.00047330626430347814,0.0013045090208936259,0,0,0,0,0,29,0.048736153042526487,0.049156102648546564,0.00041994960602007719,0.018937714950377733,0.019411021214681211,0.00047330626430347814,0.0012936418858087726,0,0,0,0,0,0.93548387096774188,-3.7854140035605379e-07,3.4061881239191819e-05,0.0039778575496097392,0,1.8188636956905427e-06
298,6,18,0.29861814158566147,0.089172794484074155,1,-1,1,0,11,31,0.049447069610478858,0.049848885482133787,0.0004018158716549286,0.019737663994970043,0.020211136427270293,0.00047347243230025024,0.0012749493271345641,0,0,0,0,0,29,0.049447069610478858,0.049848885482133787,0.0004018158716549286,0.019737663994970043,0.020211136427270293,0.00047347243230025024,0.0012646540244190517,0,0,0,0,0,0.93548387096774188,-3.9644817624171142e-07,2.9774243562697032e-05,0.0034811974121589399,0,1.8072497819591228e-06
298,6,18,0.29861814158566147,0.089172794484074155,1,-1,3,1,1,2578,0.021167448688969158,0.078437298580957382,0.057269849891988224,0,0.10000000000000001,0.10000000000000001,0.12147623485497384,0,0,1,1,0.00077579519006982156,304,0.042641761174116076,0.051514836448459528,0.0088730752743434518,0.013189808182160638,0.022281521014009337,0.0090917128318486994,0.012733777712012435,0,0,0,0,0,0.66679596586501166,-0.008990244028107967,3.6247639599433103e-05,0.011509115683251005,0,0.02921406080553153
298,6,18,0.29861814158566147,0.089172794484074155,-1,1,1,0,1,246,0,0.0071338235587259319,0.0071338235587259319,0,0.0071686123715564275,0.0071686123715564275,0.010238655805721295,1,0,1,0,0.008130081300813009,0,nan,nan,nan,nan,nan,nan,0,0,0,0,0,nan,0.032520325203252036,-2.4996807279395569e-07,2.9207520883073009e-07,2.8016086470338294e-06,0,0.00046025747375311751
298,6,18,0.29861814158566147,0.089172794484074155,-1,1,3,1,1,3662,0.021167448688969158,0.078437298580957382,0.057269849891988224,0,0.10000000000000001,0.10000000000000001,0.18560133708557322,0,0,1,1,0.0005461496450027307,0,nan,nan,nan,nan,nan,nan,0,0,0,0,0,nan,0.38230475150191151,-0.008990244028107967,-0.00020356575426813255,0.023102123450588978,0,0.02921406080553153
298,6,18,0.29861814158566147,0.089172794484074155,-1,-1,3,1,1,3662,0.021167448688969158,0.078437298580957382,0.057269849891988224,0,0.10000000000000001,0.10000000000000001,0.18560133708557322,0,0,1,1,0.0005461496450027307,0,nan,nan,nan,nan,nan,nan,0,0,0,0,0,nan,0.38230475150191151,-0.008990244028107967,-0.00020356575426813255,0.0077050116194297804,0,0.02921406080553153
299,18,6,0.29861814158566147,0.089172794484074155,1,1,1,0,1,2619,0.0070397143862184321,0.062372627091417152,0.055332912705198717,0,0.10000000000000001,0.10000000000000001,0.13232927026110414,0,0,1,1,0.00076365024818633069,667,0.034529686457638424,0.057885694105742451,0.023356007648104027,0.0081546158753353117,0.034356237491661105,0.026201621616325794,0.036414584917838493,0,0,0,0,0,0.25811378388697975,-1.6416377451806234e-05,5.9387515730488215e-05,0.00088922972264211374,0,0.0045546575557316431
299,18,6,0.29861814158566147,0.089172794484074155,1,1,3,1,1,2578,0.021167448688969158,0.078437298580957382,0.057269849891988224,0,0.10000000000000001,0.10000000000000001,0.12147623485497384,0,0,1,1,0.00077579519006982156,304,0.042641761174116076,0.051514836448459528,0.0088730752743434518,0.013189808182160638,0.022281521014009337,0.0090917128318486994,0.012733777712012435,0,0,0,0,0,0.66679596586501166,-0.008990244028107967,3.6247639599433103e-05,0.033386562659629755,0,0.02921406080553153
299,18,6,0.29861814158566147,0.089172794484074155,1,-1,1,0,1,11,0.044701071926312591,0.044833365931400589,0.00013229400508799755,0.014940257505003905,0.01505879811796164,0.00011854061295773523,0.00038762593829445743,0,0,0,0,0,11,0.044701071926312591,0.044833365931400589,0.00013229400508799755,0.014940257505003905,0.01505879811796164,0.00011854061295773523,0.00038762593829445743,0,0,0,0,0,1,2.5715964567494962e-06,2.3136062733702243e-05,0.0037036951893292258,0.0015933497930495303,-1.0155054252043925e-05
299,18,6,0.29861814158566147,0.089172794484074155,1,-1,1,0,2,11,0.044849814387547454,0.044993431724188161,0.00014361733664070703,0.015073401050223088,0.015203329539176524,0.00012992848895343641,0.00042607061193340002,0,0,0,0,0,11,0.044849814387547454,0.044993431724188161,0.00014361733664070703,0.015073401050223088,0.015203329539176524,0.00012992848895343641,0.00042607061193340002,0,0,0,0,0,1,6.858989758645181e-07,2.4440953009965583e-05,0.0035193848163527332,0.00080129641053806248,-2.5683037501647325e-06
299,18,6,0.29861814158566147,0.089172794484074155,1,-1,1,0,3,11,0.045070924962669637,0.045207875036298382,0.00013695007362874573,0.015270371912006878,0.015397856852403143,0.00012748494039626496,0.0004050612644426734,0,0,0,0,0,11,0.045070924962669637,0.045207875036298382,0.00013695007362874573,0.015270371912006878,0.015397856852403143,0.00012748494039626496,0.0004050612644426734,0,0,0,0,0,1,4.0368313720742923e-06,2.6105354302001279e-05,0.0039675447627197996,0.0019998641464367803,-1.5997826416813247e-05
299,18,6,0.29861814158566147,0.089172794484074155,1,-1,1,0,4,15,0.045217027469950127,0.045425125720113382,0.00020809825016325501,0.015406472178601324,0.015594428799393718,0.00018795662079239446,0.00059647279996861123,0,0,0,0,0,15,0.045217027469950127,0.045425125720113382,0.00020809825016325501,0.015406472178601324,0.015594428799393718,0.00018795662079239446,0.00059647279996861123,0,0,0,0,0,1,1.2241215089129443e-06,2.7660562602056308e-05,0.0038812476110150302,0.0010826161443186937,-4.6882308637578981e-06
299,18,6,0.29861814158566147,0.089172794484074155,1,-1,1,0,5,11,0.045434207955457696,0.045581523479814395,0.00014731552435669898,0.015603298980825468,0.015743173970667761,0.0001398749898422931,0.0004428261905621288,0,0,0,0,0,11,0.045434207955457696,0.045581523479814395,0.00014731552435669898,0.015603298980825468,0.015743173970667761,0.0001398749898422931,0.0004428261905621288,0,0,0,0,0,1,3.3313643558123253e-06,2.8738896647980861e-05,0.0040138438901037004,0.0018117081836700626,-1.3129146171108311e-05
299,18,6,0.29861814158566147,0.089172794484074155,1,-1,1,0,6,15,0.045577753824541677,0.045795647481245622,0.00021789365670394495,0.015739580481117125,0.01594341664928518,0.00020383616816805478,0.00064173567218100502,0,0,0,0,0,13,0.045577753824541677,0.045795647481245622,0.00021789365670394495,0.015739580481117125,0.01594341664928518,0.00020383616816805478,0.0006288855612606091,0,0,0,0,0,0.8666666666666667,-4.5653696112086856e-07,3.0092927492120022e-05,0.0037275884120744019,0,2.1033009935882008e-06
299,18,6,0.29861814158566147,0.089172794484074155,1,-1,1,0,7,47,0.045791106112748267,0.046497122152677012,0.00070601603992874462,0.015939030614400173,0.016609306425173546,0.00067027581077337348,0.0020210018287853534,0,0,0,0,0,45,0.045791106112748267,0.046497122152677012,0.00070601603992874462,0.015939030614400173,0.016609306425173546,0.00067027581077337348,0.0020085987403651996,0,0,0,0,0,0.95744680851063835,-3.5577416606116482e-07,3.3639121193917025e-05,0.0039671095149211733,0,1.7559884408519841e-06
299,18,6,0.29861814158566147,0.089172794484074155,1,-1,1,0,8,121,0.046486132461559235,0.048252058620277795,0.0017659261587185601,0.016597960674773302,0.018412084650515026,0.0018141239757417243,0.0051785423877641953,0,0,0,0,0,115,0.046486132461559235,0.048252058620277795,0.0017659261587185601,0.016597960674773302,0.018412084650515026,0.0018141239757417243,0.0051435456666100244,0,0,0,0,0,0.95041322314049592,-3.9961250937306286e-07,3.6247639599433103e-05,0.0042162432556300741,0,1.9757859889898721e-06
299,18,6,0.29861814158566147,0.089172794484074155,1,-1,1,0,9,31,0.04824567415357655,0.048677392459898959,0.00043171830632240948,0.018405108739806501,0.01887578182700907,0.0004706730872025694,0.0013198486063744346,0,0,0,0,0,29,0.04824567415357655,0.048677392459898959,0.00043171830632240948,0.018405108739806501,0.01887578182700907,0.0004706730872025694,0.0013083131718366419,0,0,0,0,0,0.93548387096774188,-8.4149900775308832e-07,3.5637954833080059e-05,0.0041556771940216737,0,3.7208807213649773e-06
299,18,6,0.29861814158566147,0.089172794484074155,1,-1,1,0,10,31,0.048736153042526487,0.049156102648546564,0.00041994960602007719,0.018937714950377733,0.019411021214681211,0.00047330626430347814,0.0013045090208936259,0,0,0,0,0,29,0.048736153042526487,0.049156102648546564,0.00041994960602007719,0.018937714950377733,0.019411021214681211,0.00047330626430347814,0.0012936418858087726,0,0,0,0,0,0.93548387096774188,-3.7854140035605379e-07,3.4061881239191819e-05,0.0039778575496097392,0,1.8188636956905427e-06
299,18,6,0.29861814158566147,0.089172794484074155,1,-1,1,0,11,31,0.049447069610478858,0.049848885482133787,0.0004018158716549286,0.019737663994970043,0.020211136427270293,0.00047347243230025024,0.0012749493271345641,0,0,0,0,0,29,0.049447069610478858,0.049848885482133787,0.0004018158716549286,0.019737663994970043,0.020211136427270293,0.00047347243230025024,0.0012646540244190517,0,0,0,0,0,0.93548387096774188,-3.9644817624171142e-07,2.9774243562697032e-05,0.0034811974121589399,0,1.8072497819591228e-06
299,18,6,0.29861814158566147,0.089172794484074155,1,-1,3,1,1,2578,0.021167448688969158,0.078437298580957382,0.057269849891988224,0,0.10000000000000001,0.10000000000000001,0.12147623485497384,0,0,1,1,0.00077579519006982156,304,0.042641761174116076,0.051514836448459528,0.0088730752743434518,0.013189808182160638,0.022281521014009337,0.0090917128318486994,0.012733777712012435,0,0,0,0,0,0.66679596586501166,-0.008990244028107967,3.6247639599433103e-05,0.011509115683251005,0,0.02921406080553153
299,18,6,0.29861814158566147,0.089172794484074155,-1,1,1,0,1,246,0,0.0071338235587259319,0.0071338235587259319,0,0.0071686123715564275,0.0071686123715564275,0.010238655805721295,1,0,1,0,0.008130081300813009,0,nan,nan,nan,nan,nan,nan,0,0,0,0,0,nan,0.032520325203252036,-2.4996807279395569e-07,2.9207520883073009e-07,2.8016086470338294e-06,0,0.00046025747375311751
299,18,6,0.29861814158566147,0.089172794484074155,-1,1,3,1,1,3662,0.021167448688969158,0.078437298580957382,0.057269849891988224,0,0.10000000000000001,0.10000000000000001,0.18560133708557322,0,0,1,1,0.0005461496450027307,0,nan,nan,nan,nan,nan,nan,0,0,0,0,0,nan,0.38230475150191151,-0.008990244028107967,-0.00020356575426813255,0.023102123450588978,0,0.02921406080553153
299,18,6,0.29861814158566147,0.089172794484074155,-1,-1,3,1,1,3662,0.021167448688969158,0.078437298580957382,0.057269849891988224,0,0.10000000000000001,0.10000000000000001,0.18560133708557322,0,0,1,1,0.0005461496450027307,0,nan,nan,nan,nan,nan,nan,0,0,0,0,0,nan,0.38230475150191151,-0.008990244028107967,-0.00020356575426813255,0.0077050116194297804,0,0.02921406080553153
300,0,19,0.29882787180852188,0.089298096969610385,1,1,1,0,1,2617,0.0070492801516502486,0.062372343678873378,0.055323063527223132,0,0.10000000000000001,0.10000000000000001,0.13232952231201478,0,0,1,1,0.00076423385555980129,663,0.034529686457638424,0.057885085871808642,0.023355399414170218,0.0081563465425075615,0.034356237491661105,0.026199890949153544,0.036423606937387172,0,0,0,0,0,0.25601834161253345,-1.6050661126887323e-05,5.9073429602437535e-05,0.00085652740797310738,0,0.0045595756791022863
300,0,19,0.29882787180852188,0.089298096969610385,1,1,3,1,1,2576,0.021196888196766878,0.078448192597828953,0.057251304401062075,0,0.10000000000000001,0.10000000000000001,0.12146080903224692,0,0,1,1,0.00077639751552795026,295,0.042801867911941294,0.051417257912718478,0.0086153900007771844,0.013314447205414194,0.022148098732488325,0.0088336515270741305,0.012366640303478272,0,0,0,0,0,0.66381987577639756,-0.0089961430769147262,3.3863894607703263e-05,0.033387000025337683,0,0.029235470266380608
300,0,19,0.29882787180852188,0.089298096969610385,1,-1,1,0,1,11,0.044856344245256564,0.044992965324070711,0.00013662107881414615,0.015073695793642483,0.015197455460290627,0.000123759666648144,0.00040430027123242651,0,0,0,0,0,11,0.044856344245256564,0.044992965324070711,0.00013662107881414615,0.015073695793642483,0.015197455460290627,0.000123759666648144,0.00040430027123242651,0,0,0,0,0,1,2.3651606037355466e-07,2.2236384679364394e-05,0.0033316758730853944,0.00044615814074708905,-7.9622834621959733e-07
300,0,19,0.29882787180852188,0.089298096969610385,1,-1,1,0,2,11,0.045223460321016998,0.045366974542751522,0.00014351422173452394,0.015406912285916683,0.015539148526414958,0.00013223624049827493,0.00042975294676131956,0,0,0,0,0,11,0.045223460321016998,0.045366974542751522,0.00014351422173452394,0.015406912285916683,0.015539148526414958,0.00013223624049827493,0.00042975294676131956,0,0,0,0,0,1,7.7106727624289559e-07,2.504110914184444e-05,0.0035626619638762652,0.0008520409820687773,-2.9038953404989061e-06
300,0,19,0.29882787180852188,0.089298096969610385,1,-1,1,0,3,11,0.045440589568987597,0.045580888683799656,0.00014029911481205914,0.01560593390448551,0.015737269102786451,0.00013133519830094142,0.0004206742155182371,0,0,0,0,0,11,0.045440589568987597,0.045580888683799656,0.00014029911481205914,0.01560593390448551,0.015737269102786451,0.00013133519830094142,0.0004206742155182371,0,0,0,0,0,1,2.8825644479750175e-06,2.6499167752179963e-05,0.0038865289179424028,0.0016853115915450839,-1.1361100642384895e-05
300,0,19,0.29882787180852188,0.089298096969610385,1,-1,1,0,4,15,0.045584084115394892,0.045794845834170525,0.00021076171877563304,0.015740093156126019,0.015937499551438375,0.00019740639531235643,0.00061995258677245745,0,0,0,0,0,13,0.045584084115394892,0.045794845834170525,0.00021076171877563304,0.015740311350313729,0.015937499551438375,0.00019718820112464563,0.00060685768539892482,0,0,0,0,0,0.8666666666666667,-9.1997363098648499e-07,2.783987565922356e-05,0.0036018778567532455,0,3.9247894837179775e-06
300,0,19,0.29882787180852188,0.089298096969610385,1,-1,1,0,5,15,0.045797381950544086,0.046008631580147778,0.00021124962960369226,0.015939944533149175,0.016139878041772793,0.00019993350862361828,0.00062440476640113912,0,0,0,0,0,13,0.045797381950544086,0.046008631580147778,0.00021124962960369226,0.015939944533149175,0.016139878041772793,0.00019993350862361828,0.00061152078350763686,0,0,0,0,0,0.8666666666666667,-1.130917746792093e-07,2.905817889098226e-05,0.003703433417286294,0,7.0284165923586511e-07
300,0,19,0.29882787180852188,0.089298096969610385,1,-1,1,0,6,33,0.046008428508419477,0.046492484473552143,0.00048405596513266536,0.016139680152674384,0.016603350355520945,0.00046367020284656182,0.0013982323020532718,0,0,0,0,0,30,0.046008428508419477,0.046492484473552143,0.00048405596513266536,0.016139680152674384,0.016603350355520945,0.00046367020284656182,0.0013839271210798413,0,0,0,0,0,0.90909090909090906,-8.2918554523367946e-07,3.1341974794502384e-05,0.0038362055672588502,0,3.6141557944051592e-06
300,0,19,0.29882787180852188,0.089298096969610385,1,-1,1,0,7,73,0.046492229901507212,0.047558475944535737,0.001066246043028525,0.016603091917246238,0.017675536937728487,0.0010724450204822496,0.0031127724359209176,0,0,0,0,0,68,0.046492229901507212,0.047558475944535737,0.001066246043028525,0.016603091917246238,0.017675536937728487,0.0010724450204822496,0.0030864541591080112,0,0,0,0,0,0.93150684931506844,-8.9114663628242366e-07,3.3815974273386387e-05,0.0040410800637585382,0,3.9040839461156425e-06
300,0,19,0.29882787180852188,0.089298096969610385,1,-1,1,0,8,23,0.047554522142789213,0.047877682294667857,0.0003231601518786445,0.017671354713934592,0.018009253758526272,0.00033789904459168019,0.00097607206571023763,0,0,0,0,0,23,0.047554522142789213,0.047877682294667857,0.0003231601518786445,0.017671354713934592,0.018009253758526272,0.00033789904459168019,0.00097607206571023763,0,0,0,0,0,1,2.3472265472723524e-07,3.3863894607703263e-05,0.0041493277264432046,0.00039443771388499347,-6.2232444053927982e-07
300,0,19,0.29882787180852188,0.089298096969610385,1,-1,1,0,9,27,0.047874533639202674,0.048250736536949758,0.0003762028977470841,0.018005882227506719,0.018406051230447019,0.00040016900294029961,0.0011403544136798849,0,0,0,0,0,25,0.047874533639202674,0.048250736536949758,0.0003762028977470841,0.018005882227506719,0.018406051230447019,0.00040016900294029961,0.001128374642849306,0,0,0,0,0,0.92592592592592593,-7.6788992888512887e-07,3.3775154598471768e-05,0.0040868270290777822,0,3.39854619575338e-06
300,0,19,0.29882787180852188,0.089298096969610385,1,-1,1,0,10,27,0.048251293803815321,0.048622777135856075,0.00037148333204075484,0.018406658810722721,0.018811128127864306,0.00040446931714158488,0.0011351133852014958,0,0,0,0,0,27,0.048251293803815321,0.048622777135856075,0.00037148333204075484,0.018406658810722721,0.018811128127864306,0.00040446931714158488,0.0011351133852014958,0,0,0,0,0,1,1.2495488734582815e-06,3.3214302168099784e-05,0.0041570003835232749,0.0010873932661384399,-4.7296964609728953e-06
300,0,19,0.29882787180852188,0.089298096969610385,1,-1,1,0,11,27,0.048741645356680685,0.049102327603428197,0.00036068224674751237,0.018940231233717044,0.019344726188197579,0.00040449495448053457,0.0011243609662356514,0,0,0,0,0,25,0.048741645356680685,0.049102327603428197,0.00036068224674751237,0.018940231233717044,0.019344726188197579,0.00040449495448053457,0.0011123979612076506,0,0,0,0,0,0.92592592592592593,-9.0132969298529824e-07,3.1589943700649416e-05,0.0037544111415663169,0,3.8761915614443201e-06
300,0,19,0.29882787180852188,0.089298096969610385,1,-1,1,0,12,23,0.049452375916416866,0.049742074776010198,0.00028969885959333197,0.019742173984633932,0.020079769210320779,0.00033759522568684724,0.00092663352564086726,0,0,0,0,0,21,0.049452375916416866,0.049742074776010198,0.00028969885959333197,0.019742173984633932,0.020079769210320779,0.00033759522568684724,0.00091427231134603602,0,0,0,0,0,0.91304347826086951,-9.3609595601368929e-07,2.7228106357418929e-05,0.0032209441389716418,0,3.9372113617316393e-06
300,0,19,0.29882787180852188,0.089298096969610385,1,-1,3,1,1,2576,0.021196888196766878,0.078448192597828953,0.057251304401062075,0,0.10000000000000001,0.10000000000000001,0.12146080903224692,0,0,1,1,0.00077639751552795026,295,0.042801867911941294,0.051417257912718478,0.0086153900007771844,0.013314447205414194,0.022148098732488325,0.0088336515270741305,0.012366640303478272,0,0,0,0,0,0.66381987577639756,-0.0089961430769147262,3.3863894607703263e-05,0.011483493807347723,0,0.029235470266380608
300,0,19,0.29882787180852188,0.089298096969610385,-1,1,1,0,1,244,0,0.0071438477575688298,0.0071438477575688298,0,0.0071787356089043752,0.0071787356089043752,0.010251733676188802,1,0,1,0,0.0081967213114754103,0,nan,nan,nan,nan,nan,nan,0,0,0,0,0,nan,0.024590163934426229,-2.4307812570889585e-07,5.6060646686569449e-07,2.0181555481985235e-06,0,0.00046155508415340012
300,0,19,0.29882787180852188,0.089298096969610385,-1,1,3,1,1,3664,0.021196888196766878,0.078448192597828953,0.057251304401062075,0,0.10000000000000001,0.10000000000000001,0.18569608544002408,0,0,1,1,0.00054585152838427945,0,nan,nan,nan,nan,nan,nan,0,0,0,0,0,nan,0.38373362445414849,-0.0089961430769147262,-0.00020413824313328491,0.023102667708758049,0,0.029235470266380608
300,0,19,0.29882787180852188,0.089298096969610385,-1,-1,3,1,1,3664,0.021196888196766878,0.078448192597828953,0.057251304401062075,0,0.10000000000000001,0.10000000000000001,0.18569608544002408,0,0,1,1,0.00054585152838427945,0,nan,nan,nan,nan,nan,nan,0,0,0,0,0,nan,0.38373362445414849,-0.0089961430769147262,-0.00020413824313328491,0.0077052822270739906,0,0.029235470266380608
301,19,0,0.29882787180852188,0.089298096969610385,1,1,1,0,1,2617,0.0070492801516502486,0.062372343678873378,0.055323063527223132,0,0.10000000000000001,0.10000000000000001,0.13232952231201478,0,0,1,1,0.00076423385555980129,663,0.034529686457638424,0.057885085871808642,0.023355399414170218,0.0081563465425075615,0.034356237491661105,0.026199890949153544,0.036423606937387172,0,0,0,0,0,0.25601834161253345,-1.6050661126887323e-05,5.9073429602437535e-05,0.00085652740797310738,0,0.0045595756791022863
301,19,0,0.29882787180852188,0.089298096969610385,1,1,3,1,1,2576,0.021196888196766878,0.078448192597828953,0.057251304401062075,0,0.10000000000000001,0.10000000000000001,0.12146080903224692,0,0,1,1,0.00077639751552795026,295,0.042801867911941294,0.051417257912718478,0.0086153900007771844,0.013314447205414194,0.022148098732488325,0.0088336515270741305,0.012366640303478272,0,0,0,0,0,0.66381987577639756,-0.0089961430769147262,3.3863894607703263e-05,0.033387000025337683,0,0.029235470266380608
301,19,0,0.29882787180852188,0.089298096969610385,1,-1,1,0,1,11,0.044856344245256564,0.044992965324070711,0.00013662107881414615,0.015073695793642483,0.015197455460290627,0.000123759666648144,0.00040430027123242651,0,0,0,0,0,11,0.044856344245256564,0.044992965324070711,0.00013662107881414615,0.015073695793642483,0.015197455460290627,0.000123759666648144,0.00040430027123242651,0,0,0,0,0,1,2.3651606037355466e-07,2.2236384679364394e-05,0.0033316758730853944,0.00044615814074708905,-7.9622834621959733e-07
301,19,0,0.29882787180852188,0.089298096969610385,1,-1,1,0,2,11,0.045223460321016998,0.045366974542751522,0.00014351422173452394,0.015406912285916683,0.015539148526414958,0.00013223624049827493,0.00042975294676131956,0,0,0,0,0,11,0.045223460321016998,0.045366974542751522,0.00014351422173452394,0.015406912285916683,0.015539148526414958,0.00013223624049827493,0.00042975294676131956,0,0,0,0,0,1,7.7106727624289559e-07,2.504110914184444e-05,0.0035626619638762652,0.0008520409820687773,-2.9038953404989061e-06
301,19,0,0.29882787180852188,0.089298096969610385,1,-1,1,0,3,11,0.045440589568987597,0.045580888683799656,0.00014029911481205914,0.01560593390448551,0.015737269102786451,0.00013133519830094142,0.0004206742155182371,0,0,0,0,0,11,0.045440589568987597,0.045580888683799656,0.00014029911481205914,0.01560593390448551,0.015737269102786451,0.00013133519830094142,0.0004206742155182371,0,0,0,0,0,1,2.8825644479750175e-06,2.6499167752179963e-05,0.0038865289179424028,0.0016853115915450839,-1.1361100642384895e-05
301,19,0,0.29882787180852188,0.089298096969610385,1,-1,1,0,4,15,0.045584084115394892,0.045794845834170525,0.00021076171877563304,0.015740093156126019,0.015937499551438375,0.00019740639531235643,0.00061995258677245745,0,0,0,0,0,13,0.045584084115394892,0.045794845834170525,0.00021076171877563304,0.015740311350313729,0.015937499551438375,0.00019718820112464563,0.00060685768539892482,0,0,0,0,0,0.8666666666666667,-9.1997363098648499e-07,2.783987565922356e-05,0.0036018778567532455,0,3.9247894837179775e-06
301,19,0,0.29882787180852188,0.089298096969610385,1,-1,1,0,5,15,0.045797381950544086,0.046008631580147778,0.00021124962960369226,0.015939944533149175,0.016139878041772793,0.00019993350862361828,0.00062440476640113912,0,0,0,0,0,13,0.045797381950544086,0.046008631580147778,0.00021124962960369226,0.015939944533149175,0.016139878041772793,0.00019993350862361828,0.00061152078350763686,0,0,0,0,0,0.8666666666666667,-1.130917746792093e-07,2.905817889098226e-05,0.003703433417286294,0,7.0284165923586511e-07
301,19,0,0.29882787180852188,0.089298096969610385,1,-1,1,0,6,33,0.046008428508419477,0.046492484473552143,0.00048405596513266536,0.016139680152674384,0.016603350355520945,0.00046367020284656182,0.0013982323020532718,0,0,0,0,0,30,0.046008428508419477,0.046492484473552143,0.00048405596513266536,0.016139680152674384,0.016603350355520945,0.00046367020284656182,0.0013839271210798413,0,0,0,0,0,0.90909090909090906,-8.2918554523367946e-07,3.1341974794502384e-05,0.0038362055672588502,0,3.6141557944051592e-06
301,19,0,0.29882787180852188,0.089298096969610385,1,-1,1,0,7,73,0.046492229901507212,0.047558475944535737,0.001066246043028525,0.016603091917246238,0.017675536937728487,0.0010724450204822496,0.0031127724359209176,0,0,0,0,0,68,0.046492229901507212,0.047558475944535737,0.001066246043028525,0.016603091917246238,0.017675536937728487,0.0010724450204822496,0.0030864541591080112,0,0,0,0,0,0.93150684931506844,-8.9114663628242366e-07,3.3815974273386387e-05,0.0040410800637585382,0,3.9040839461156425e-06
301,19,0,0.29882787180852188,0.089298096969610385,1,-1,1,0,8,23,0.047554522142789213,0.047877682294667857,0.0003231601518786445,0.017671354713934592,0.018009253758526272,0.00033789904459168019,0.00097607206571023763,0,0,0,0,0,23,0.047554522142789213,0.047877682294667857,0.0003231601518786445,0.017671354713934592,0.018009253758526272,0.00033789904459168019,0.00097607206571023763,0,0,0,0,0,1,2.3472265472723524e-07,3.3863894607703263e-05,0.0041493277264432046,0.00039443771388499347,-6.2232444053927982e-07
301,19,0,0.29882787180852188,0.089298096969610385,1,-1,1,0,9,27,0.047874533639202674,0.048250736536949758,0.0003762028977470841,0.018005882227506719,0.018406051230447019,0.00040016900294029961,0.0011403544136798849,0,0,0,0,0,25,0.047874533639202674,0.048250736536949758,0.0003762028977470841,0.018005882227506719,0.018406051230447019,0.00040016900294029961,0.001128374642849306,0,0,0,0,0,0.92592592592592593,-7.6788992888512887e-07,3.3775154598471768e-05,0.0040868270290777822,0,3.39854619575338e-06
301,19,0,0.29882787180852188,0.089298096969610385,1,-1,1,0,10,27,0.048251293803815321,0.048622777135856075,0.00037148333204075484,0.018406658810722721,0.018811128127864306,0.00040446931714158488,0.0011351133852014958,0,0,0,0,0,27,0.048251293803815321,0.048622777135856075,0.00037148333204075484,0.018406658810722721,0.018811128127864306,0.00040446931714158488,0.0011351133852014958,0,0,0,0,0,1,1.2495488734582815e-06,3.3214302168099784e-05,0.0041570003835232749,0.0010873932661384399,-4.7296964609728953e-06
301,19,0,0.29882787180852188,0.089298096969610385,1,-1,1,0,11,27,0.048741645356680685,0.049102327603428197,0.00036068224674751237,0.018940231233717044,0.019344726188197579,0.00040449495448053457,0.0011243609662356514,0,0,0,0,0,25,0.048741645356680685,0.049102327603428197,0.00036068224674751237,0.018940231233717044,0.019344726188197579,0.00040449495448053457,0.0011123979612076506,0,0,0,0,0,0.92592592592592593,-9.0132969298529824e-07,3.1589943700649416e-05,0.0037544111415663169,0,3.8761915614443201e-06
301,19,0,0.29882787180852188,0.089298096969610385,1,-1,1,0,12,23,0.049452375916416866,0.049742074776010198,0.00028969885959333197,0.019742173984633932,0.020079769210320779,0.00033759522568684724,0.00092663352564086726,0,0,0,0,0,21,0.049452375916416866,0.049742074776010198,0.00028969885959333197,0.019742173984633932,0.020079769210320779,0.00033759522568684724,0.00091427231134603602,0,0,0,0,0,0.91304347826086951,-9.3609595601368929e-07,2.7228106357418929e-05,0.0032209441389716418,0,3.9372113617316393e-06
301,19,0,0.29882787180852188,0.089298096969610385,1,-1,3,1,1,2576,0.021196888196766878,0.078448192597828953,0.057251304401062075,0,0.10000000000000001,0.10000000000000001,0.12146080903224692,0,0,1,1,0.00077639751552795026,295,0.042801867911941294,0.051417257912718478,0.0086153900007771844,0.013314447205414194,0.022148098732488325,0.0088336515270741305,0.012366640303478272,0,0,0,0,0,0.66381987577639756,-0.0089961430769147262,3.3863894607703263e-05,0.011483493807347723,0,0.029235470266380608
301,19,0,0.29882787180852188,0.089298096969610385,-1,1,1,0,1,244,0,0.0071438477575688298,0.0071438477575688298,0,0.0071787356089043752,0.0071787356089043752,0.010251733676188802,1,0,1,0,0.0081967213114754103,0,nan,nan,nan,nan,nan,nan,0,0,0,0,0,nan,0.024590163934426229,-2.4307812570889585e-07,5.6060646686569449e-07,2.0181555481985235e-06,0,0.00046155508415340012
301,19,0,0.29882787180852188,0.089298096969610385,-1,1,3,1,1,3664,0.021196888196766878,0.078448192597828953,0.057251304401062075,0,0.10000000000000001,0.10000000000000001,0.18569608544002408,0,0,1,1,0.00054585152838427945,0,nan,nan,nan,nan,nan,nan,0,0,0,0,0,nan,0.38373362445414849,-0.0089961430769147262,-0.00020413824313328491,0.023102667708758049,0,0.029235470266380608
301,19,0,0.29882787180852188,0.089298096969610385,-1,-1,3,1,1,3664,0.021196888196766878,0.078448192597828953,0.057251304401062075,0,0.10000000000000001,0.10000000000000001,0.18569608544002408,0,0,1,1,0.00054585152838427945,0,nan,nan,nan,nan,nan,nan,0,0,0,0,0,nan,0.38373362445414849,-0.0089961430769147262,-0.00020413824313328491,0.0077052822270739906,0,0.029235470266380608
302,1,19,0.29924457878848165,0.089547317934295809,1,1,1,0,1,2618,0.0070683144293110173,0.062371778681118532,0.055303464251807516,0,0.10000000000000001,0.10000000000000001,0.13228590739572915,0,0,1,1,0.00076394194041252863,652,0.034796531020680449,0.057833756861977434,0.023037225841296985,0.0082949765465271247,0.03422281521014009,0.025927838663612965,0.03599517524935926,0,0,0,0,0,0.2524828113063407,-1.634031918876225e-05,5.844815824679965e-05,0.00079338996269738072,0,0.0045686854071752938
302,1,19,0.29924457878848165,0.089547317934295809,1,1,3,1,1,2576,0.021255450481707919,0.078469870351665222,0.057214419869957303,0,0.10000000000000001,0.10000000000000001,0.12142516017833391,0,0,1,1,0.00077639751552795026,273,0.043173287618576563,0.051127418278852567,0.0079541306602760042,0.013609072715143429,0.021762464212769683,0.0081533914976262539,0.011412113389143223,0,0,0,0,0,0.65760869565217395,-0.0090078804258714208,2.9130321311078778e-05,0.033380869769034385,0,0.029278071706943506
302,1,19,0.29924457878848165,0.089547317934295809,1,-1,1,0,1,11,0.045236254970234868,0.045366132555065282,0.00012987758483041373,0.01540749097866612,0.015527431906854456,0.00011994092818833589,0.00038680611467921676,0,0,0,0,0,9,0.045236254970234868,0.045366132555065282,0.00012987758483041373,0.015408693211751577,0.015527431906854456,0.00011873869510287821,0.00037313337508341034,0,0,0,0,0,0.81818181818181823,-1.3733797265259276e-07,2.0609995650334713e-05,0.0031403848418463873,0,6.8033452406385565e-07
302,1,19,0.29924457878848165,0.089547317934295809,1,-1,1,0,2,15,0.046020798732285761,0.046220853551006101,0.00020005481872033964,0.016141216879004494,0.016332636287695507,0.00019141940869101329,0.00058883219914927115,0,0,0,0,0,15,0.046020798732285761,0.046220853551006101,0.00020005481872033964,0.016141216879004494,0.016332636287695507,0.00019141940869101329,0.00058883219914927115,0,0,0,0,0,1,3.5643365966421959e-06,2.5612586648530886e-05,0.0037901038477614096,0.0018786733005440055,-1.4117653480707627e-05
302,1,19,0.29924457878848165,0.089547317934295809,1,-1,1,0,3,11,0.046298573887681382,0.046434314682152693,0.00013574079447131043,0.016405117924712879,0.016539410615750261,0.00013429269103738123,0.00041626491026805485,0,0,0,0,0,11,0.046298573887681382,0.046434314682152693,0.00013574079447131043,0.016405117924712879,0.016539410615750261,0.00013429269103738123,0.00041626491026805485,0,0,0,0,0,1,2.8846675235919114e-06,2.6543948087260331e-05,0.0038874864000008908,0.0016862976146896642,-1.1374398581232206e-05
302,1,19,0.29924457878848165,0.089547317934295809,1,-1,1,0,4,15,0.046504357433211338,0.046701534471364485,0.00019717703815314708,0.016607036594137804,0.016801134742340962,0.00019409814820315827,0.00059096182128902657,0,0,0,0,0,15,0.046504357433211338,0.046701534471364485,0.00019717703815314708,0.016607036594137804,0.016801134742340962,0.00019409814820315827,0.00059096182128902657,0,0,0,0,0,1,1.1104050776501284e-06,2.7528993971724858e-05,0.0038414855289547337,0.001029675245749701,-4.2409244468388297e-06
302,1,19,0.29924457878848165,0.089547317934295809,1,-1,1,0,5,15,0.0467753754191172,0.046968643020274342,0.00019326760115714187,0.016868597566831876,0.017066496509976804,0.00019789894314492865,0.00058304655825978696,0,0,0,0,0,15,0.0467753754191172,0.046968643020274342,0.00019326760115714187,0.016868597566831876,0.017066496509976804,0.00019789894314492865,0.00058304655825978696,0,0,0,0,0,1,2.7070484773647951e-06,2.8286588583044994e-05,0.0040211175312630408,0.0016310626888055388,-1.0641461979254217e-05
302,1,19,0.29924457878848165,0.089547317934295809,1,-1,1,0,6,19,0.04697618089587987,0.047235345093365036,0.00025916419748516634,0.01707418449320872,0.017335588385131183,0.0002614038919224633,0.00077727214482520984,0,0,0,0,0,17,0.04697618089587987,0.047235345093365036,0.00025916419748516634,0.01707418449320872,0.017335588385131183,0.0002614038919224633,0.00076437819280454752,0,0,0,0,0,0.89473684210526316,-1.0039635128437192e-06,2.8805500620177358e-05,0.0037373106448967334,0,4.2673651497863986e-06
302,1,19,0.29924457878848165,0.089547317934295809,1,-1,1,0,7,15,0.04730616856616604,0.047501835275580148,0.00019566670941410791,0.017404095650982616,0.017608501025836779,0.00020440537485416285,0.00060108926708512449,0,0,0,0,0,15,0.04730616856616604,0.047501835275580148,0.00019566670941410791,0.017404095650982616,0.017608501025836779,0.00020440537485416285,0.00060108926708512449,0,0,0,0,0,1,1.8330655388867033e-06,2.9072146248060071e-05,0.0039547788058095449,0.0013344307639914269,-7.1228218555469724e-06
302,1,19,0.29924457878848165,0.089547317934295809,1,-1,1,0,8,19,0.047566075960208939,0.047821906565467719,0.00025583060525877915,0.017674228708671264,0.017941232525390118,0.00026700381671885404,0.00078108635268231321,0,0,0,0,0,17,0.047566075960208939,0.047821906565467719,0.00025583060525877915,0.017674228708671264,0.017941232525390118,0.00026700381671885404,0.00076838938016080861,0,0,0,0,0,0.89473684210526316,-7.5638936811381883e-07,2.9130321311078778e-05,0.0037183512292487844,0,3.2753838735367723e-06
302,1,19,0.29924457878848165,0.089547317934295809,1,-1,1,0,9,19,0.047949202962919685,0.04819528378492214,0.0002460808220024549,0.018071093547718922,0.018336842485218507,0.00026574893749958459,0.00075757031000952386,0,0,0,0,0,19,0.047949202962919685,0.04819528378492214,0.0002460808220024549,0.018071093547718922,0.018336842485218507,0.00026574893749958459,0.00075757031000952386,0,0,0,0,0,1,1.2601791311185465e-06,2.8952738823333815e-05,0.003924424176661126,0.0010990912810168482,-4.8320065760290251e-06
302,1,19,0.29924457878848165,0.089547317934295809,1,-1,1,0,10,19,0.048324467490115305,0.048568472989450683,0.00024400549933537713,0.01847398993543212,0.018740692822403062,0.00026670288697094174,0.00075990160230804784,0,0,0,0,0,19,0.048324467490115305,0.048568472989450683,0.00024400549933537713,0.01847398993543212,0.018740692822403062,0.00026670288697094174,0.00075990160230804784,0,0,0,0,0,1,2.3326484019009822e-07,2.8227433653573553e-05,0.0036982303709975936,0.00042594956390845369,-7.257321239752074e-07
302,1,19,0.29924457878848165,0.089547317934295809,1,-1,1,0,11,15,0.048812894425252912,0.048995107369643701,0.00018221294439078883,0.019008319580157494,0.019212781934537439,0.00020446235437994453,0.00058409536403293419,0,0,0,0,0,15,0.048812894425252912,0.048995107369643701,0.00018221294439078883,0.019008319580157494,0.019212781934537439,0.00020446235437994453,0.00058409536403293419,0,0,0,0,0,1,8.7826982948308518e-08,2.6375045525671887e-05,0.0034360569524505714,0.00020921214560112847,-1.7507888746811111e-07
302,1,19,0.29924457878848165,0.089547317934295809,1,-1,3,1,1,2576,0.021255450481707919,0.078469870351665222,0.057214419869957303,0,0.10000000000000001,0.10000000000000001,0.12142516017833391,0,0,1,1,0.00077639751552795026,273,0.043173287618576563,0.051127418278852567,0.0079541306602760042,0.013609072715143429,0.021762464212769683,0.0081533914976262539,0.011412113389143223,0,0,0,0,0,0.65760869565217395,-0.0090078804258714208,2.9130321311078778e-05,0.011426554157762619,0,0.029278071706943506
302,1,19,0.29924457878848165,0.089547317934295809,-1,1,1,0,1,245,0,0.0071637854347436645,0.0071637854347436645,0,0.00719887008306116,0.00719887008306116,0.010277758562675036,1,0,1,0,0.0081632653061224497,0,nan,nan,nan,nan,nan,nan,0,0,0,0,0,nan,0.024489795918367346,-1.9771044830455453e-07,5.251216629017846e-08,1.9279861149801021e-06,0,0.00046414137679170125
302,1,19,0.29924457878848165,0.089547317934295809,-1,1,3,1,1,3658,0.021255450481707919,0.078469870351665222,0.057214419869957303,0,0.10000000000000001,0.10000000000000001,0.18545262356239803,0,0,1,1,0.00054674685620557679,0,nan,nan,nan,nan,nan,nan,0,0,0,0,0,nan,0.38408966648441772,-0.0090078804258714208,-0.0002052792870201819,0.023185887012282622,0,0.029278071706943506
302,1,19,0.29924457878848165,0.089547317934295809,-1,-1,3,1,1,3658,0.021255450481707919,0.078469870351665222,0.057214419869957303,0,0.10000000000000001,0.10000000000000001,0.18545262356239803,0,0,1,1,0.00054674685620557679,0,nan,nan,nan,nan,nan,nan,0,0,0,0,0,nan,0.38408966648441772,-0.0090078804258714208,-0.0002052792870201819,0.0077281260055866866,0,0.029278071706943506
303,19,1,0.29924457878848165,0.089547317934295809,1,1,1,0,1,2618,0.0070683144293110173,0.062371778681118532,0.055303464251807516,0,0.10000000000000001,0.10000000000000001,0.13228590739572915,0,0,1,1,0.00076394194041252863,652,0.034796531020680449,0.057833756861977434,0.023037225841296985,0.0082949765465271247,0.03422281521014009,0.025927838663612965,0.03599517524935926,0,0,0,0,0,0.2524828113063407,-1.634031918876225e-05,5.844815824679965e-05,0.00079338996269738072,0,0.0045686854071752938
303,19,1,0.29924457878848165,0.089547317934295809,1,1,3,1,1,2576,0.021255450481707919,0.078469870351665222,0.057214419869957303,0,0.10000000000000001,0.10000000000000001,0.12142516017833391,0,0,1,1,0.00077639751552795026,273,0.043173287618576563,0.051127418278852567,0.0079541306602760042,0.013609072715143429,0.021762464212769683,0.0081533914976262539,0.011412113389143223,0,0,0,0,0,0.65760869565217395,-0.0090078804258714208,2.9130321311078778e-05,0.033380869769034385,0,0.029278071706943506
303,19,1,0.29924457878848165,0.089547317934295809,1,-1,1,0,1,11,0.045236254970234868,0.045366132555065282,0.00012987758483041373,0.01540749097866612,0.015527431906854456,0.00011994092818833589,0.00038680611467921676,0,0,0,0,0,9,0.045236254970234868,0.045366132555065282,0.00012987758483041373,0.015408693211751577,0.015527431906854456,0.00011873869510287821,0.00037313337508341034,0,0,0,0,0,0.81818181818181823,-1.3733797265259276e-07,2.0609995650334713e-05,0.0031403848418463873,0,6.8033452406385565e-07
303,19,1,0.29924457878848165,0.089547317934295809,1,-1,1,0,2,15,0.046020798732285761,0.046220853551006101,0.00020005481872033964,0.016141216879004494,0.016332636287695507,0.00019141940869101329,0.00058883219914927115,0,0,0,0,0,15,0.046020798732285761,0.046220853551006101,0.00020005481872033964,0.016141216879004494,0.016332636287695507,0.00019141940869101329,0.00058883219914927115,0,0,0,0,0,1,3.5643365966421959e-06,2.5612586648530886e-05,0.0037901038477614096,0.0018786733005440055,-1.4117653480707627e-05
303,19,1,0.29924457878848165,0.089547317934295809,1,-1,1,0,3,11,0.046298573887681382,0.046434314682152693,0.00013574079447131043,0.016405117924712879,0.016539410615750261,0.00013429269103738123,0.00041626491026805485,0,0,0,0,0,11,0.046298573887681382,0.046434314682152693,0.00013574079447131043,0.016405117924712879,0.016539410615750261,0.00013429269103738123,0.00041626491026805485,0,0,0,0,0,1,2.8846675235919114e-06,2.6543948087260331e-05,0.0038874864000008908,0.0016862976146896642,-1.1374398581232206e-05
303,19,1,0.29924457878848165,0.089547317934295809,1,-1,1,0,4,15,0.046504357433211338,0.046701534471364485,0.00019717703815314708,0.016607036594137804,0.016801134742340962,0.00019409814820315827,0.00059096182128902657,0,0,0,0,0,15,0.046504357433211338,0.046701534471364485,0.00019717703815314708,0.016607036594137804,0.016801134742340962,0.00019409814820315827,0.00059096182128902657,0,0,0,0,0,1,1.1104050776501284e-06,2.7528993971724858e-05,0.0038414855289547337,0.001029675245749701,-4.2409244468388297e-06
303,19,1,0.29924457878848165,0.089547317934295809,1,-1,1,0,5,15,0.0467753754191172,0.046968643020274342,0.00019326760115714187,0.016868597566831876,0.017066496509976804,0.00019789894314492865,0.00058304655825978696,0,0,0,0,0,15,0.0467753754191172,0.046968643020274342,0.00019326760115714187,0.016868597566831876,0.017066496509976804,0.00019789894314492865,0.00058304655825978696,0,0,0,0,0,1,2.7070484773647951e-06,2.8286588583044994e-05,0.0040211175312630408,0.0016310626888055388,-1.0641461979254217e-05
303,19,1,0.29924457878848165,0.089547317934295809,1,-1,1,0,6,19,0.04697618089587987,0.047235345093365036,0.00025916419748516634,0.01707418449320872,0.017335588385131183,0.0002614038919224633,0.00077727214482520984,0,0,0,0,0,17,0.04697618089587987,0.047235345093365036,0.00025916419748516634,0.01707418449320872,0.017335588385131183,0.0002614038919224633,0.00076437819280454752,0,0,0,0,0,0.89473684210526316,-1.0039635128437192e-06,2.8805500620177358e-05,0.0037373106448967334,0,4.2673651497863986e-06
303,19,1,0.29924457878848165,0.089547317934295809,1,-1,1,0,7,15,0.04730616856616604,0.047501835275580148,0.00019566670941410791,0.017404095650982616,0.017608501025836779,0.00020440537485416285,0.00060108926708512449,0,0,0,0,0,15,0.04730616856616604,0.047501835275580148,0.00019566670941410791,0.017404095650982616,0.017608501025836779,0.00020440537485416285,0.00060108926708512449,0,0,0,0,0,1,1.8330655388867033e-06,2.9072146248060071e-05,0.0039547788058095449,0.0013344307639914269,-7.1228218555469724e-06
303,19,1,0.29924457878848165,0.089547317934295809,1,-1,1,0,8,19,0.047566075960208939,0.047821906565467719,0.00025583060525877915,0.017674228708671264,0.017941232525390118,0.00026700381671885404,0.00078108635268231321,0,0,0,0,0,17,0.047566075960208939,0.047821906565467719,0.00025583060525877915,0.017674228708671264,0.017941232525390118,0.00026700381671885404,0.00076838938016080861,0,0,0,0,0,0.89473684210526316,-7.5638936811381883e-07,2.9130321311078778e-05,0.0037183512292487844,0,3.2753838735367723e-06
303,19,1,0.29924457878848165,0.089547317934295809,1,-1,1,0,9,19,0.047949202962919685,0.04819528378492214,0.0002460808220024549,0.018071093547718922,0.018336842485218507,0.00026574893749958459,0.00075757031000952386,0,0,0,0,0,19,0.047949202962919685,0.04819528378492214,0.0002460808220024549,0.018071093547718922,0.018336842485218507,0.00026574893749958459,0.00075757031000952386,0,0,0,0,0,1,1.2601791311185465e-06,2.8952738823333815e-05,0.003924424176661126,0.0010990912810168482,-4.8320065760290251e-06
303,19,1,0.29924457878848165,0.089547317934295809,1,-1,1,0,10,19,0.048324467490115305,0.048568472989450683,0.00024400549933537713,0.01847398993543212,0.018740692822403062,0.00026670288697094174,0.00075990160230804784,0,0,0,0,0,19,0.048324467490115305,0.048568472989450683,0.00024400549933537713,0.01847398993543212,0.018740692822403062,0.00026670288697094174,0.00075990160230804784,0,0,0,0,0,1,2.3326484019009822e-07,2.8227433653573553e-05,0.0036982303709975936,0.00042594956390845369,-7.257321239752074e-07
303,19,1,0.29924457878848165,0.089547317934295809,1,-1,1,0,11,15,0.048812894425252912,0.048995107369643701,0.00018221294439078883,0.019008319580157494,0.019212781934537439,0.00020446235437994453,0.00058409536403293419,0,0,0,0,0,15,0.048812894425252912,0.048995107369643701,0.00018221294439078883,0.019008319580157494,0.019212781934537439,0.00020446235437994453,0.00058409536403293419,0,0,0,0,0,1,8.7826982948308518e-08,2.6375045525671887e-05,0.0034360569524505714,0.00020921214560112847,-1.7507888746811111e-07
303,19,1,0.29924457878848165,0.089547317934295809,1,-1,3,1,1,2576,0.021255450481707919,0.078469870351665222,0.057214419869957303,0,0.10000000000000001,0.10000000000000001,0.12142516017833391,0,0,1,1,0.00077639751552795026,273,0.043173287618576563,0.051127418278852567,0.0079541306602760042,0.013609072715143429,0.021762464212769683,0.0081533914976262539,0.011412113389143223,0,0,0,0,0,0.65760869565217395,-0.0090078804258714208,2.9130321311078778e-05,0.011426554157762619,0,0.029278071706943506
303,19,1,0.29924457878848165,0.089547317934295809,-1,1,1,0,1,245,0,0.0071637854347436645,0.0071637854347436645,0,0.00719887008306116,0.00719887008306116,0.010277758562675036,1,0,1,0,0.0081632653061224497,0,nan,nan,nan,nan,nan,nan,0,0,0,0,0,nan,0.024489795918367346,-1.9771044830455453e-07,5.251216629017846e-08,1.9279861149801021e-06,0,0.00046414137679170125
303,19,1,0.29924457878848165,0.089547317934295809,-1,1,3,1,1,3658,0.021255450481707919,0.078469870351665222,0.057214419869957303,0,0.10000000000000001,0.10000000000000001,0.18545262356239803,0,0,1,1,0.00054674685620557679,0,nan,nan,nan,nan,nan,nan,0,0,0,0,0,nan,0.38408966648441772,-0.0090078804258714208,-0.0002052792870201819,0.023185887012282622,0,0.029278071706943506
303,19,1,0.29924457878848165,0.089547317934295809,-1,-1,3,1,1,3658,0.021255450481707919,0.078469870351665222,0.057214419869957303,0,0.10000000000000001,0.10000000000000001,0.18545262356239803,0,0,1,1,0.00054674685620557679,0,nan,nan,nan,nan,nan,nan,0,0,0,0,0,nan,0.38408966648441772,-0.0090078804258714208,-0.0002052792870201819,0.0077281260055866866,0,0.029278071706943506
304,2,19,0.30049112918231519,0.090294918717262848,1,1,1,0,1,2617,0.0071254450329771611,0.062370077887976064,0.0552446328549989,0,0.10000000000000001,0.10000000000000001,0.13227774173384033,0,0,1,1,0.00076423385555980129,637,0.035170113408939288,0.057094645139701895,0.021924531730762607,0.0084944226202113872,0.032354903268845894,0.023860480648634507,0.033669925186116917,0,0,0,0,0,0.24684753534581583,-1.5577823452591762e-05,5.6568042926528398e-05,0.00062942990974498565,0,0.0045957611914389414
304,2,19,0.30049112918231519,0.090294918717262848,1,1,3,1,1,2575,0.0214311810648967,0.078534921983281603,0.057103740918384903,0,0.10000000000000001,0.10000000000000001,0.12131787755044839,0,0,1,1,0.00077669902912621365,195,0.044456304202801868,0.050119165990839605,0.0056628617880377374,0.01467348094260513,0.02048032021347565,0.0058068392708705199,0.0081187168607878887,0,0,0,0,0,0.63029126213592235,-0.0090431030729001688,1.4949183347336291e-05,0.033288480557560896,0,0.02940594169455045
304,2,19,0.30049112918231519,0.090294918717262848,1,-1,3,1,1,2575,0.0214311810648967,0.078534921983281603,0.057103740918384903,0,0.10000000000000001,0.10000000000000001,0.12131787755044839,0,0,1,1,0.00077669902912621365,195,0.044456304202801868,0.050119165990839605,0.0056628617880377374,0.01467348094260513,0.02048032021347565,0.0058068392708705199,0.0081187168607878887,0,0,0,0,0,0.63029126213592235,-0.0090431030729001688,1.4949183347336291e-05,0.011237354586055442,0,0.02940594169455045
304,2,19,0.30049112918231519,0.090294918717262848,-1,1,1,0,1,247,0,0.0072235934973810274,0.0072235934973810274,0,0.0072592743471313493,0.0072592743471313493,0.010356041629204789,1,0,1,0,0.0080971659919028341,0,nan,nan,nan,nan,nan,nan,0,0,0,0,0,nan,0.024291497975708502,-1.3168852282778457e-07,2.387404831731034e-07,1.9897091534850024e-06,0,0.00047194339204737314
304,2,19,0.30049112918231519,0.090294918717262848,-1,1,3,1,1,3657,0.0214311810648967,0.078534921983281603,0.057103740918384903,0,0.10000000000000001,0.10000000000000001,0.18521968555657153,0,0,1,1,0.00054689636313918512,0,nan,nan,nan,nan,nan,nan,0,0,0,0,0,nan,0.3866557287394039,-0.0090431030729001688,-0.00020872121206162188,0.023269251258898147,0,0.02940594169455045
304,2,19,0.30049112918231519,0.090294918717262848,-1,-1,3,1,1,3657,0.0214311810648967,0.078534921983281603,0.057103740918384903,0,0.10000000000000001,0.10000000000000001,0.18521968555657153,0,0,1,1,0.00054689636313918512,0,nan,nan,nan,nan,nan,nan,0,0,0,0,0,nan,0.3866557287394039,-0.0090431030729001688,-0.00020872121206162188,0.0077460605143369349,0,0.02940594169455045
305,19,2,0.30049112918231519,0.090294918717262848,1,1,1,0,1,2617,0.0071254450329771611,0.062370077887976064,0.0552446328549989,0,0.10000000000000001,0.10000000000000001,0.13227774173384033,0,0,1,1,0.00076423385555980129,637,0.035170113408939288,0.057094645139701895,0.021924531730762607,0.0084944226202113872,0.032354903268845894,0.023860480648634507,0.033669925186116917,0,0,0,0,0,0.24684753534581583,-1.5577823452591762e-05,5.6568042926528398e-05,0.00062942990974498565,0,0.0045957611914389414
305,19,2,0.30049112918231519,0.090294918717262848,1,1,3,1,1,2575,0.0214311810648967,0.078534921983281603,0.057103740918384903,0,0.10000000000000001,0.10000000000000001,0.12131787755044839,0,0,1,1,0.00077669902912621365,195,0.044456304202801868,0.050119165990839605,0.0056628617880377374,0.01467348094260513,0.02048032021347565,0.0058068392708705199,0.0081187168607878887,0,0,0,0,0,0.63029126213592235,-0.0090431030729001688,1.4949183347336291e-05,0.033288480557560896,0,0.02940594169455045
305,19,2,0.30049112918231519,0.090294918717262848,1,-1,3,1,1,2575,0.0214311810648967,0.078534921983281603,0.057103740918384903,0,0.10000000000000001,0.10000000000000001,0.12131787755044839,0,0,1,1,0.00077669902912621365,195,0.044456304202801868,0.050119165990839605,0.0056628617880377374,0.01467348094260513,0.02048032021347565,0.0058068392708705199,0.0081187168607878887,0,0,0,0,0,0.63029126213592235,-0.0090431030729001688,1.4949183347336291e-05,0.011237354586055442,0,0.02940594169455045
305,19,2,0.30049112918231519,0.090294918717262848,-1,1,1,0,1,247,0,0.0072235934973810274,0.0072235934973810274,0,0.0072592743471313493,0.0072592743471313493,0.010356041629204789,1,0,1,0,0.0080971659919028341,0,nan,nan,nan,nan,nan,nan,0,0,0,0,0,nan,0.024291497975708502,-1.3168852282778457e-07,2.387404831731034e-07,1.9897091534850024e-06,0,0.00047194339204737314
305,19,2,0.30049112918231519,0.090294918717262848,-1,1,3,1,1,3657,0.0214311810648967,0.078534921983281603,0.057103740918384903,0,0.10000000000000001,0.10000000000000001,0.18521968555657153,0,0,1,1,0.00054689636313918512,0,nan,nan,nan,nan,nan,nan,0,0,0,0,0,nan,0.3866557287394039,-0.0090431030729001688,-0.00020872121206162188,0.023269251258898147,0,0.02940594169455045
305,19,2,0.30049112918231519,0.090294918717262848,-1,-1,3,1,1,3657,0.0214311810648967,0.078534921983281603,0.057103740918384903,0,0.10000000000000001,0.10000000000000001,0.18521968555657153,0,0,1,1,0.00054689636313918512,0,nan,nan,nan,nan,nan,nan,0,0,0,0,0,nan,0.3866557287394039,-0.0090431030729001688,-0.00020872121206162188,0.0077460605143369349,0,0.02940594169455045
306,13,14,0.30103386854808173,0.090621390013023759,1,1,1,0,1,2617,0.0071504087463199507,0.062369331278086901,0.055218922531766954,0,0.10000000000000001,0.10000000000000001,0.13231139844401132,0,0,1,1,0.00076423385555980129,607,0.035543695797198141,0.05714713219579716,0.021603436398599019,0.0086938392876450728,0.03248832555036691,0.023794486262721837,0.033386850064787379,0,0,0,0,0,0.2353840275124188,-1.4784902654697163e-05,5.5744958359237523e-05,0.00057826558106755519,0,0.0046076356346742391
306,13,14,0.30103386854808173,0.090621390013023759,1,1,3,1,1,2573,0.021507947353259654,0.078563340909530099,0.057055393556270442,0,0.10000000000000002,0.10000000000000002,0.12127233383008093,0,0,1,1,0.00077730275942479595,151,0.045145498045899853,0.049526350900600397,0.004380852854700544,0.015276851234156104,0.019767711998919697,0.0044908607647635938,0.0062773311994586273,0,0,0,0,0,0.61484648270501363,-0.0090584909668372411,8.7674247053093791e-06,0.033291931068019205,0,0.029461817665466218
306,13,14,0.30103386854808173,0.090621390013023759,1,-1,3,1,1,2573,0.021507947353259654,0.078563340909530099,0.057055393556270442,0,0.10000000000000002,0.10000000000000002,0.12127233383008093,0,0,1,1,0.00077730275942479595,151,0.045145498045899853,0.049526350900600397,0.004380852854700544,0.015276851234156104,0.019767711998919697,0.0044908607647635938,0.0062773311994586273,0,0,0,0,0,0.61484648270501363,-0.0090584909668372411,8.7674247053093791e-06,0.011167286585536599,0,0.029461817665466218
306,13,14,0.30103386854808173,0.090621390013023759,-1,1,1,0,1,250,0,0.0072497112010419008,0.0072497112010419008,0,0.0072856539648282967,0.0072856539648282967,0.010390325548334346,1,0,1,0,0.0080000000000000002,0,nan,nan,nan,nan,nan,nan,0,0,0,0,0,nan,0.032000000000000001,-1.5100029100897623e-07,2.6092259391612756e-07,3.2272683430814016e-06,0,0.0004753709695229982
306,13,14,0.30103386854808173,0.090621390013023759,-1,1,3,1,1,3659,0.021507947353259654,0.078563340909530099,0.057055393556270442,0,0.10000000000000002,0.10000000000000002,0.18539352960291974,0,0,1,1,0.00054659743099207429,0,nan,nan,nan,nan,nan,nan,0,0,0,0,0,nan,0.38808417600437278,-0.0090584909668372411,-0.00021023324999404962,0.023310264114046568,0,0.029461817665466218
306,13,14,0.30103386854808173,0.090621390013023759,-1,-1,3,1,1,3659,0.021507947353259654,0.078563340909530099,0.057055393556270442,0,0.10000000000000002,0.10000000000000002,0.18539352960291974,0,0,1,1,0.00054659743099207429,0,nan,nan,nan,nan,nan,nan,0,0,0,0,0,nan,0.38808417600437278,-0.0090584909668372411,-0.00021023324999404962,0.0077547569022223687,0,0.029461817665466218
307,14,13,0.30103386854808173,0.090621390013023759,1,1,1,0,1,2617,0.0071504087463199507,0.062369331278086901,0.055218922531766954,0,0.10000000000000001,0.10000000000000001,0.13231139844401132,0,0,1,1,0.00076423385555980129,607,0.035543695797198141,0.05714713219579716,0.021603436398599019,0.0086938392876450728,0.03248832555036691,0.023794486262721837,0.033386850064787379,0,0,0,0,0,0.2353840275124188,-1.4784902654697163e-05,5.5744958359237523e-05,0.00057826558106755519,0,0.0046076356346742391
307,14,13,0.30103386854808173,0.090621390013023759,1,1,3,1,1,2573,0.021507947353259654,0.078563340909530099,0.057055393556270442,0,0.10000000000000002,0.10000000000000002,0.12127233383008093,0,0,1,1,0.00077730275942479595,151,0.045145498045899853,0.049526350900600397,0.004380852854700544,0.015276851234156104,0.019767711998919697,0.0044908607647635938,0.0062773311994586273,0,0,0,0,0,0.61484648270501363,-0.0090584909668372411,8.7674247053093791e-06,0.033291931068019205,0,0.029461817665466218
307,14,13,0.30103386854808173,0.090621390013023759,1,-1,3,1,1,2573,0.021507947353259654,0.078563340909530099,0.057055393556270442,0,0.10000000000000002,0.10000000000000002,0.12127233383008093,0,0,1,1,0.00077730275942479595,151,0.045145498045899853,0.049526350900600397,0.004380852854700544,0.015276851234156104,0.019767711998919697,0.0044908607647635938,0.0062773311994586273,0,0,0,0,0,0.61484648270501363,-0.0090584909668372411,8.7674247053093791e-06,0.011167286585536599,0,0.029461817665466218
307,14,13,0.30103386854808173,0.090621390013023759,-1,1,1,0,1,250,0,0.0072497112010419008,0.0072497112010419008,0,0.0072856539648282967,0.0072856539648282967,0.010390325548334346,1,0,1,0,0.0080000000000000002,0,nan,nan,nan,nan,nan,nan,0,0,0,0,0,nan,0.032000000000000001,-1.5100029100897623e-07,2.6092259391612756e-07,3.2272683430814016e-06,0,0.0004753709695229982
307,14,13,0.30103386854808173,0.090621390013023759,-1,1,3,1,1,3659,0.021507947353259654,0.078563340909530099,0.057055393556270442,0,0.10000000000000002,0.10000000000000002,0.18539352960291974,0,0,1,1,0.00054659743099207429,0,nan,nan,nan,nan,nan,nan,0,0,0,0,0,nan,0.38808417600437278,-0.0090584909668372411,-0.00021023324999404962,0.023310264114046568,0,0.029461817665466218
307,14,13,0.30103386854808173,0.090621390013023759,-1,-1,3,1,1,3659,0.021507947353259654,0.078563340909530099,0.057055393556270442,0,0.10000000000000002,0.10000000000000002,0.18539352960291974,0,0,1,1,0.00054659743099207429,0,nan,nan,nan,nan,nan,nan,0,0,0,0,0,nan,0.38808417600437278,-0.0090584909668372411,-0.00021023324999404962,0.0077547569022223687,0,0.029461817665466218
308,3,19,0.30255695827517037,0.091540713000723181,1,1,1,0,1,2615,0.0072207797222227166,0.062367217417506886,0.05514643769528417,0,0.10000000000000001,0.10000000000000001,0.13218097215679628,0,0,1,1,0.00076481835564053537,572,0.036024016010673773,0.057248649912602423,0.02122463390192865,0.0089603352679974765,0.032755170113408935,0.023794834845411457,0.033008777786235649,0,0,0,0,0,0.22217973231357552,-1.4564601072908411e-05,5.3420710103471616e-05,0.00051529922296147653,0,0.0046412368810338058
308,3,19,0.30255695827517037,0.091540713000723181,1,1,3,1,1,2570,0.021723559637003002,0.078643423369011187,0.056919863732008184,0,0.10000000000000001,0.10000000000000001,0.12114438744342987,0,0,1,1,0.00077821011673151756,0,nan,nan,nan,nan,nan,nan,0,0,0,0,0,nan,0.56186770428015564,-0.0091018507848929283,-8.6040016670122323e-06,0.033325687734187127,0,0.02961930484133081
308,3,19,0.30255695827517037,0.091540713000723181,1,-1,3,1,1,2570,0.021723559637003002,0.078643423369011187,0.056919863732008184,0,0.10000000000000001,0.10000000000000001,0.12114438744342987,0,0,1,1,0.00077821011673151756,0,nan,nan,nan,nan,nan,nan,0,0,0,0,0,nan,0.56186770428015564,-0.0091018507848929283,-8.6040016670122323e-06,0.011072758133113897,0,0.02961930484133081
308,3,19,0.30255695827517037,0.091540713000723181,-1,1,1,0,1,251,0,0.0073232570400578552,0.0073232570400578552,0,0.0073599426327784229,0.0073599426327784229,0.01048724269915087,1,0,1,0,0.0079681274900398405,0,nan,nan,nan,nan,nan,nan,0,0,0,0,0,nan,0.027888446215139442,-1.2804976339821864e-07,7.1195586099002364e-07,2.3060993196437937e-06,0,0.00048508979620465827
308,3,19,0.30255695827517037,0.091540713000723181,-1,1,3,1,1,3660,0.021723559637003002,0.078643423369011187,0.056919863732008184,0,0.10000000000000001,0.10000000000000001,0.18519272430781869,0,0,1,1,0.00054644808743169399,0,nan,nan,nan,nan,nan,nan,0,0,0,0,0,nan,0.39071038251366119,-0.0091018507848929283,-0.00021452037469902766,0.023393199748927698,0,0.02961930484133081
308,3,19,0.30255695827517037,0.091540713000723181,-1,-1,3,1,1,3660,0.021723559637003002,0.078643423369011187,0.056919863732008184,0,0.10000000000000001,0.10000000000000001,0.18519272430781869,0,0,1,1,0.00054644808743169399,0,nan,nan,nan,nan,nan,nan,0,0,0,0,0,nan,0.39071038251366119,-0.0091018507848929283,-0.00021452037469902766,0.0077710090727359619,0,0.02961930484133081
309,19,3,0.30255695827517037,0.091540713000723181,1,1,1,0,1,2615,0.0072207797222227166,0.062367217417506886,0.05514643769528417,0,0.10000000000000001,0.10000000000000001,0.13218097215679628,0,0,1,1,0.00076481835564053537,572,0.036024016010673773,0.057248649912602423,0.02122463390192865,0.0089603352679974765,0.032755170113408935,0.023794834845411457,0.033008777786235649,0,0,0,0,0,0.22217973231357552,-1.4564601072908411e-05,5.3420710103471616e-05,0.00051529922296147653,0,0.0046412368810338058
309,19,3,0.30255695827517037,0.091540713000723181,1,1,3,1,1,2570,0.021723559637003002,0.078643423369011187,0.056919863732008184,0,0.10000000000000001,0.10000000000000001,0.12114438744342987,0,0,1,1,0.00077821011673151756,0,nan,nan,nan,nan,nan,nan,0,0,0,0,0,nan,0.56186770428015564,-0.0091018507848929283,-8.6040016670122323e-06,0.033325687734187127,0,0.02961930484133081
309,19,3,0.30255695827517037,0.091540713000723181,1,-1,3,1,1,2570,0.021723559637003002,0.078643423369011187,0.056919863732008184,0,0.10000000000000001,0.10000000000000001,0.12114438744342987,0,0,1,1,0.00077821011673151756,0,nan,nan,nan,nan,nan,nan,0,0,0,0,0,nan,0.56186770428015564,-0.0091018507848929283,-8.6040016670122323e-06,0.011072758133113897,0,0.02961930484133081
309,19,3,0.30255695827517037,0.091540713000723181,-1,1,1,0,1,251,0,0.0073232570400578552,0.0073232570400578552,0,0.0073599426327784229,0.0073599426327784229,0.01048724269915087,1,0,1,0,0.0079681274900398405,0,nan,nan,nan,nan,nan,nan,0,0,0,0,0,nan,0.027888446215139442,-1.2804976339821864e-07,7.1195586099002364e-07,2.3060993196437937e-06,0,0.00048508979620465827
309,19,3,0.30255695827517037,0.091540713000723181,-1,1,3,1,1,3660,0.021723559637003002,0.078643423369011187,0.056919863732008184,0,0.10000000000000001,0.10000000000000001,0.18519272430781869,0,0,1,1,0.00054644808743169399,0,nan,nan,nan,nan,nan,nan,0,0,0,0,0,nan,0.39071038251366119,-0.0091018507848929283,-0.00021452037469902766,0.023393199748927698,0,0.02961930484133081
309,19,3,0.30255695827517037,0.091540713000723181,-1,-1,3,1,1,3660,0.021723559637003002,0.078643423369011187,0.056919863732008184,0,0.10000000000000001,0.10000000000000001,0.18519272430781869,0,0,1,1,0.00054644808743169399,0,nan,nan,nan,nan,nan,nan,0,0,0,0,0,nan,0.39071038251366119,-0.0091018507848929283,-0.00021452037469902766,0.0077710090727359619,0,0.02961930484133081
310,12,15,0.30264779715293694,0.09159568912152527,1,1,1,0,1,2615,0.0072249909673132388,0.062367090522659256,0.055142099555346019,0,0.10000000000000001,0.10000000000000001,0.13218051591631452,0,0,1,1,0.00076481835564053537,559,0.03602401601067378,0.057248255428026959,0.021224239417353179,0.0089608917871879124,0.032755170113408935,0.023794278326221024,0.032986218001688092,0,0,0,0,0,0.21720841300191204,-1.4855649137164952e-05,5.3281421269506658e-05,0.00050653009742803172,0,0.0046432538486364701
310,12,15,0.30264779715293694,0.09159568912152527,1,1,3,1,1,2570,0.021736422707688316,0.078648214028880642,0.056911791321192326,0,0.10000000000000001,0.10000000000000001,0.12113591416570917,0,0,1,1,0.00077821011673151756,0,nan,nan,nan,nan,nan,nan,0,0,0,0,0,nan,0.5622568093385214,-0.0091044446900787369,-9.6393562951641422e-06,0.033330916700035941,0,0.029628728114033432
310,12,15,0.30264779715293694,0.09159568912152527,1,-1,3,1,1,2570,0.021736422707688316,0.078648214028880642,0.056911791321192326,0,0.10000000000000001,0.10000000000000001,0.12113591416570917,0,0,1,1,0.00077821011673151756,0,nan,nan,nan,nan,nan,nan,0,0,0,0,0,nan,0.5622568093385214,-0.0091044446900787369,-9.6393562951641422e-06,0.011073735579255129,0,0.029628728114033432
310,12,15,0.30264779715293694,0.09159568912152527,-1,1,1,0,1,251,0,0.0073276551297220219,0.0073276551297220219,0,0.007364385461530204,0.007364385461530204,0.010493056197971765,1,0,1,0,0.0079681274900398405,0,nan,nan,nan,nan,nan,nan,0,0,0,0,0,nan,0.027888446215139442,-1.3444091271686866e-07,8.462664945714987e-07,2.2858548095774243e-06,0,0.00048567412736581344
310,12,15,0.30264779715293694,0.09159568912152527,-1,1,3,1,1,3658,0.021736422707688316,0.078648214028880642,0.056911791321192326,0,0.10000000000000001,0.10000000000000001,0.18513747587432638,0,0,1,1,0.00054674685620557679,0,nan,nan,nan,nan,nan,nan,0,0,0,0,0,nan,0.39065062875888462,-0.0091044446900787369,-0.00021477811880056573,0.023408571438815851,0,0.029628728114033432
310,12,15,0.30264779715293694,0.09159568912152527,-1,-1,3,1,1,3658,0.021736422707688316,0.078648214028880642,0.056911791321192326,0,0.10000000000000001,0.10000000000000001,0.18513747587432638,0,0,1,1,0.00054674685620557679,0,nan,nan,nan,nan,nan,nan,0,0,0,0,0,nan,0.39065062875888462,-0.0091044446900787369,-0.00021477811880056573,0.0077753669515272161,0,0.029628728114033432
311,15,12,0.30264779715293694,0.09159568912152527,1,1,1,0,1,2615,0.0072249909673132388,0.062367090522659256,0.055142099555346019,0,0.10000000000000001,0.10000000000000001,0.13218051591631452,0,0,1,1,0.00076481835564053537,559,0.03602401601067378,0.057248255428026959,0.021224239417353179,0.0089608917871879124,0.032755170113408935,0.023794278326221024,0.032986218001688092,0,0,0,0,0,0.21720841300191204,-1.4855649137164952e-05,5.3281421269506658e-05,0.00050653009742803172,0,0.0046432538486364701
311,15,12,0.30264779715293694,0.09159568912152527,1,1,3,1,1,2570,0.021736422707688316,0.078648214028880642,0.056911791321192326,0,0.10000000000000001,0.10000000000000001,0.12113591416570917,0,0,1,1,0.00077821011673151756,0,nan,nan,nan,nan,nan,nan,0,0,0,0,0,nan,0.5622568093385214,-0.0091044446900787369,-9.6393562951641422e-06,0.033330916700035941,0,0.029628728114033432
311,15,12,0.30264779715293694,0.09159568912152527,1,-1,3,1,1,2570,0.021736422707688316,0.078648214028880642,0.056911791321192326,0,0.10000000000000001,0.10000000000000001,0.12113591416570917,0,0,1,1,0.00077821011673151756,0,nan,nan,nan,nan,nan,nan,0,0,0,0,0,nan,0.5622568093385214,-0.0091044446900787369,-9.6393562951641422e-06,0.011073735579255129,0,0.029628728114033432
311,15,12,0.30264779715293694,0.09159568912152527,-1,1,1,0,1,251,0,0.0073276551297220219,0.0073276551297220219,0,0.007364385461530204,0.007364385461530204,0.010493056197971765,1,0,1,0,0.0079681274900398405,0,nan,nan,nan,nan,nan,nan,0,0,0,0,0,nan,0.027888446215139442,-1.3444091271686866e-07,8.462664945714987e-07,2.2858548095774243e-06,0,0.00048567412736581344
311,15,12,0.30264779715293694,0.09159568912152527,-1,1,3,1,1,3658,0.021736422707688316,0.078648214028880642,0.056911791321192326,0,0.10000000000000001,0.10000000000000001,0.18513747587432638,0,0,1,1,0.00054674685620557679,0,nan,nan,nan,nan,nan,nan,0,0,0,0,0,nan,0.39065062875888462,-0.0091044446900787369,-0.00021477811880056573,0.023408571438815851,0,0.029628728114033432
311,15,12,0.30264779715293694,0.09159568912152527,-1,-1,3,1,1,3658,0.021736422707688316,0.078648214028880642,0.056911791321192326,0,0.10000000000000001,0.10000000000000001,0.18513747587432638,0,0,1,1,0.00054674685620557679,0,nan,nan,nan,nan,nan,nan,0,0,0,0,0,nan,0.39065062875888462,-0.0091044446900787369,-0.00021477811880056573,0.0077753669515272161,0,0.029628728114033432
312,9,17,0.30290007358147386,0.091748454575662275,1,1,1,0,1,2615,0.0072366935947198244,0.062366737649806915,0.055130044055087091,0,0.10000000000000001,0.10000000000000001,0.13211664976933374,0,0,1,1,0.00076481835564053537,553,0.03602401601067378,0.057247242866860476,0.021223226856186696,0.0089622883926658778,0.032755170113408935,0.023792881720743057,0.032944890004404301,0,0,0,0,0,0.21491395793499043,-1.4609139784534732e-05,5.2894198143835458e-05,0.00049939805436527527,0,0.0046488629859692092
312,9,17,0.30290007358147386,0.091748454575662275,1,1,3,1,1,2571,0.021772166096020725,0.078661526123657372,0.056889360027636643,0,0.10000000000000001,0.10000000000000001,0.12111559598447044,0,0,1,1,0.00077790742901594711,0,nan,nan,nan,nan,nan,nan,0,0,0,0,0,nan,0.56281602489303773,-0.0091116527173978352,-1.2515932609091161e-05,0.033332464141724062,0,0.02965491501988754
312,9,17,0.30290007358147386,0.091748454575662275,1,-1,3,1,1,2571,0.021772166096020725,0.078661526123657372,0.056889360027636643,0,0.10000000000000001,0.10000000000000001,0.12111559598447044,0,0,1,1,0.00077790742901594711,0,nan,nan,nan,nan,nan,nan,0,0,0,0,0,nan,0.56281602489303773,-0.0091116527173978352,-1.2515932609091161e-05,0.011072157457623074,0,0.02965491501988754
312,9,17,0.30290007358147386,0.091748454575662275,-1,1,1,0,1,251,0,0.0073398763660529817,0.0073398763660529817,0,0.0073767309536146497,0.0073767309536146497,0.010509216780600636,1,0,1,0,0.0079681274900398405,0,nan,nan,nan,nan,nan,nan,0,0,0,0,0,nan,0.023904382470119521,-1.2672413116474491e-07,7.8309831596949707e-07,2.0757522514415098e-06,0,0.00048729968134510963
312,9,17,0.30290007358147386,0.091748454575662275,-1,1,3,1,1,3659,0.021772166096020725,0.078661526123657372,0.056889360027636643,0,0.10000000000000001,0.10000000000000001,0.18498481658861249,0,0,1,1,0.00054659743099207429,0,nan,nan,nan,nan,nan,nan,0,0,0,0,0,nan,0.39109046187482921,-0.0091116527173978352,-0.00021549514027577253,0.023412330570896044,0,0.02965491501988754
312,9,17,0.30290007358147386,0.091748454575662275,-1,-1,3,1,1,3659,0.021772166096020725,0.078661526123657372,0.056889360027636643,0,0.10000000000000001,0.10000000000000001,0.18498481658861249,0,0,1,1,0.00054659743099207429,0,nan,nan,nan,nan,nan,nan,0,0,0,0,0,nan,0.39109046187482921,-0.0091116527173978352,-0.00021549514027577253,0.007775217914087632,0,0.02965491501988754
313,17,9,0.30290007358147386,0.091748454575662275,1,1,1,0,1,2615,0.0072366935947198244,0.062366737649806915,0.055130044055087091,0,0.10000000000000001,0.10000000000000001,0.13211664976933374,0,0,1,1,0.00076481835564053537,553,0.03602401601067378,0.057247242866860476,0.021223226856186696,0.0089622883926658778,0.032755170113408935,0.023792881720743057,0.032944890004404301,0,0,0,0,0,0.21491395793499043,-1.4609139784534732e-05,5.2894198143835458e-05,0.00049939805436527527,0,0.0046488629859692092
313,17,9,0.30290007358147386,0.091748454575662275,1,1,3,1,1,2571,0.021772166096020725,0.078661526123657372,0.056889360027636643,0,0.10000000000000001,0.10000000000000001,0.12111559598447044,0,0,1,1,0.00077790742901594711,0,nan,nan,nan,nan,nan,nan,0,0,0,0,0,nan,0.56281602489303773,-0.0091116527173978352,-1.2515932609091161e-05,0.033332464141724062,0,0.02965491501988754
313,17,9,0.30290007358147386,0.091748454575662275,1,-1,3,1,1,2571,0.021772166096020725,0.078661526123657372,0.056889360027636643,0,0.10000000000000001,0.10000000000000001,0.12111559598447044,0,0,1,1,0.00077790742901594711,0,nan,nan,nan,nan,nan,nan,0,0,0,0,0,nan,0.56281602489303773,-0.0091116527173978352,-1.2515932609091161e-05,0.011072157457623074,0,0.02965491501988754
313,17,9,0.30290007358147386,0.091748454575662275,-1,1,1,0,1,251,0,0.0073398763660529817,0.0073398763660529817,0,0.0073767309536146497,0.0073767309536146497,0.010509216780600636,1,0,1,0,0.0079681274900398405,0,nan,nan,nan,nan,nan,nan,0,0,0,0,0,nan,0.023904382470119521,-1.2672413116474491e-07,7.8309831596949707e-07,2.0757522514415098e-06,0,0.00048729968134510963
313,17,9,0.30290007358147386,0.091748454575662275,-1,1,3,1,1,3659,0.021772166096020725,0.078661526123657372,0.056889360027636643,0,0.10000000000000001,0.10000000000000001,0.18498481658861249,0,0,1,1,0.00054659743099207429,0,nan,nan,nan,nan,nan,nan,0,0,0,0,0,nan,0.39109046187482921,-0.0091116527173978352,-0.00021549514027577253,0.023412330570896044,0,0.02965491501988754
313,17,9,0.30290007358147386,0.091748454575662275,-1,-1,3,1,1,3659,0.021772166096020725,0.078661526123657372,0.056889360027636643,0,0.10000000000000001,0.10000000000000001,0.18498481658861249,0,0,1,1,0.00054659743099207429,0,nan,nan,nan,nan,nan,nan,0,0,0,0,0,nan,0.39109046187482921,-0.0091116527173978352,-0.00021549514027577253,0.007775217914087632,0,0.02965491501988754
314,7,18,0.30398522617474422,0.092407017732510394,1,1,1,0,1,2614,0.0072871698113081496,0.062365212310851202,0.055078042499543053,0,0.10000000000000001,0.10000000000000001,0.1319359608606395,0,0,1,1,0.00076511094108645751,526,0.036504336224149433,0.056824834705334969,0.020320498481185535,0.0092324656195657221,0.031754503002001333,0.022522037382435613,0.031231545171761126,0,0,0,0,0,0.2046671767406274,-1.3183838415572441e-05,5.1222032607610844e-05,0.0004455402327257991,0,0.0046731185076038222
314,7,18,0.30398522617474422,0.092407017732510394,1,1,3,1,1,2569,0.021926306485893311,0.078718944136370414,0.056792637650477103,0,0.10000000000000001,0.10000000000000001,0.1210267321939249,0,0,1,1,0.00077851304009342152,0,nan,nan,nan,nan,nan,nan,0,0,0,0,0,nan,0.56675749318801094,-0.0091427409125595226,-2.4901727887243735e-05,0.0334634323427263,0,0.029767877701259843
314,7,18,0.30398522617474422,0.092407017732510394,1,-1,3,1,1,2569,0.021926306485893311,0.078718944136370414,0.056792637650477103,0,0.10000000000000001,0.10000000000000001,0.1210267321939249,0,0,1,1,0.00077851304009342152,0,nan,nan,nan,nan,nan,nan,0,0,0,0,0,nan,0.56675749318801094,-0.0091427409125595226,-2.4901727887243735e-05,0.011103495864681777,0,0.029767877701259843
314,7,18,0.30398522617474422,0.092407017732510394,-1,1,1,0,1,253,0,0.0073925614186008317,0.0073925614186008317,0,0.0074299539772251268,0.0074299539772251268,0.010579094321707304,1,0,1,0,0.0079051383399209481,0,nan,nan,nan,nan,nan,nan,0,0,0,0,0,nan,0.02766798418972332,-1.3185828131692429e-07,1.0921016231566356e-06,2.304211288507212e-06,0,0.00049433859188796245
314,7,18,0.30398522617474422,0.092407017732510394,-1,1,3,1,1,3653,0.021926306485893311,0.078718944136370414,0.056792637650477103,0,0.10000000000000001,0.10000000000000001,0.18481656208870645,0,0,1,1,0.00054749520941691757,0,nan,nan,nan,nan,nan,nan,0,0,0,0,0,nan,0.39282781275663836,-0.0091427409125595226,-0.00021859985731114215,0.02352341882411749,0,0.029767877701259843
314,7,18,0.30398522617474422,0.092407017732510394,-1,-1,3,1,1,3653,0.021926306485893311,0.078718944136370414,0.056792637650477103,0,0.10000000000000001,0.10000000000000001,0.18481656208870645,0,0,1,1,0.00054749520941691757,0,nan,nan,nan,nan,nan,nan,0,0,0,0,0,nan,0.39282781275663836,-0.0091427409125595226,-0.00021859985731114215,0.0078032794010065793,0,0.029767877701259843
315,18,7,0.30398522617474422,0.092407017732510394,1,1,1,0,1,2614,0.0072871698113081496,0.062365212310851202,0.055078042499543053,0,0.10000000000000001,0.10000000000000001,0.1319359608606395,0,0,1,1,0.00076511094108645751,526,0.036504336224149433,0.056824834705334969,0.020320498481185535,0.0092324656195657221,0.031754503002001333,0.022522037382435613,0.031231545171761126,0,0,0,0,0,0.2046671767406274,-1.3183838415572441e-05,5.1222032607610844e-05,0.0004455402327257991,0,0.0046731185076038222
315,18,7,0.30398522617474422,0.092407017732510394,1,1,3,1,1,2569,0.021926306485893311,0.078718944136370414,0.056792637650477103,0,0.10000000000000001,0.10000000000000001,0.1210267321939249,0,0,1,1,0.00077851304009342152,0,nan,nan,nan,nan,nan,nan,0,0,0,0,0,nan,0.56675749318801094,-0.0091427409125595226,-2.4901727887243735e-05,0.0334634323427263,0,0.029767877701259843
315,18,7,0.30398522617474422,0.092407017732510394,1,-1,3,1,1,2569,0.021926306485893311,0.078718944136370414,0.056792637650477103,0,0.10000000000000001,0.10000000000000001,0.1210267321939249,0,0,1,1,0.00077851304009342152,0,nan,nan,nan,nan,nan,nan,0,0,0,0,0,nan,0.56675749318801094,-0.0091427409125595226,-2.4901727887243735e-05,0.011103495864681777,0,0.029767877701259843
315,18,7,0.30398522617474422,0.092407017732510394,-1,1,1,0,1,253,0,0.0073925614186008317,0.0073925614186008317,0,0.0074299539772251268,0.0074299539772251268,0.010579094321707304,1,0,1,0,0.0079051383399209481,0,nan,nan,nan,nan,nan,nan,0,0,0,0,0,nan,0.02766798418972332,-1.3185828131692429e-07,1.0921016231566356e-06,2.304211288507212e-06,0,0.00049433859188796245
315,18,7,0.30398522617474422,0.092407017732510394,-1,1,3,1,1,3653,0.021926306485893311,0.078718944136370414,0.056792637650477103,0,0.10000000000000001,0.10000000000000001,0.18481656208870645,0,0,1,1,0.00054749520941691757,0,nan,nan,nan,nan,nan,nan,0,0,0,0,0,nan,0.39282781275663836,-0.0091427409125595226,-0.00021859985731114215,0.02352341882411749,0,0.029767877701259843
315,18,7,0.30398522617474422,0.092407017732510394,-1,-1,3,1,1,3653,0.021926306485893311,0.078718944136370414,0.056792637650477103,0,0.10000000000000001,0.10000000000000001,0.18481656208870645,0,0,1,1,0.00054749520941691757,0,nan,nan,nan,nan,nan,nan,0,0,0,0,0,nan,0.39282781275663836,-0.0091427409125595226,-0.00021859985731114215,0.0078032794010065793,0,0.029767877701259843
316,4,19,0.30542493399626636,0.093284390306623666,1,1,1,0,1,2613,0.0073544824066949753,0.06236317112581722,0.055008688719122248,0,0.10000000000000001,0.10000000000000001,0.13179541197094463,0,0,1,1,0.00076540375047837736,472,0.037198132088058701,0.056555147515795712,0.019357015427737011,0.0096340969739172125,0.031154102735156768,0.021520005761239556,0.029675067360702946,0,0,0,0,0,0.18446230386528895,-1.3967205805744798e-05,4.8987252529150135e-05,0.00037451011497747821,0,0.0047056199500234994
316,4,19,0.30542493399626636,0.093284390306623666,1,1,3,1,1,2567,0.022131780864809283,0.078795499295179622,0.056663718430370338,0,0.10000000000000001,0.10000000000000001,0.12090772175114738,0,0,1,1,0.00077911959485781068,0,nan,nan,nan,nan,nan,nan,0,0,0,0,0,nan,0.5714842228282041,-0.0091841891810407056,-4.1357580826509207e-05,0.033658943290535238,0,0.02991853292642347
316,4,19,0.30542493399626636,0.093284390306623666,1,-1,3,1,1,2567,0.022131780864809283,0.078795499295179622,0.056663718430370338,0,0.10000000000000001,0.10000000000000001,0.12090772175114738,0,0,1,1,0.00077911959485781068,0,nan,nan,nan,nan,nan,nan,0,0,0,0,0,nan,0.5714842228282041,-0.0091841891810407056,-4.1357580826509207e-05,0.011149942045355171,0,0.02991853292642347
316,4,19,0.30542493399626636,0.093284390306623666,-1,1,1,0,1,255,0,0.0074627512245298922,0.0074627512245298922,0,0.0075008668263185328,0.0075008668263185328,0.01067273527478366,1,0,1,0,0.0078431372549019607,0,nan,nan,nan,nan,nan,nan,0,0,0,0,0,nan,0.023529411764705882,-1.4644740632331523e-07,6.6897832433880514e-07,2.2473105055449763e-06,0,0.00050379504205323765
316,4,19,0.30542493399626636,0.093284390306623666,-1,1,3,1,1,3659,0.022131780864809283,0.078795499295179622,0.056663718430370338,0,0.10000000000000001,0.10000000000000001,0.18491406231312291,0,0,1,1,0.00054659743099207429,0,nan,nan,nan,nan,nan,nan,0,0,0,0,0,nan,0.39710303361574201,-0.0091841891810407056,-0.00022277062335688969,0.023606749692040713,0,0.02991853292642347
316,4,19,0.30542493399626636,0.093284390306623666,-1,-1,3,1,1,3659,0.022131780864809283,0.078795499295179622,0.056663718430370338,0,0.10000000000000001,0.10000000000000001,0.18491406231312291,0,0,1,1,0.00054659743099207429,0,nan,nan,nan,nan,nan,nan,0,0,0,0,0,nan,0.39710303361574201,-0.0091841891810407056,-0.00022277062335688969,0.0078185988166106658,0,0.02991853292642347
317,19,4,0.30542493399626636,0.093284390306623666,1,1,1,0,1,2613,0.0073544824066949753,0.06236317112581722,0.055008688719122248,0,0.10000000000000001,0.10000000000000001,0.13179541197094463,0,0,1,1,0.00076540375047837736,472,0.037198132088058701,0.056555147515795712,0.019357015427737011,0.0096340969739172125,0.031154102735156768,0.021520005761239556,0.029675067360702946,0,0,0,0,0,0.18446230386528895,-1.3967205805744798e-05,4.8987252529150135e-05,0.00037451011497747821,0,0.0047056199500234994
317,19,4,0.30542493399626636,0.093284390306623666,1,1,3,1,1,2567,0.022131780864809283,0.078795499295179622,0.056663718430370338,0,0.10000000000000001,0.10000000000000001,0.12090772175114738,0,0,1,1,0.00077911959485781068,0,nan,nan,nan,nan,nan,nan,0,0,0,0,0,nan,0.5714842228282041,-0.0091841891810407056,-4.1357580826509207e-05,0.033658943290535238,0,0.02991853292642347
317,19,4,0.30542493399626636,0.093284390306623666,1,-1,3,1,1,2567,0.022131780864809283,0.078795499295179622,0.056663718430370338,0,0.10000000000000001,0.10000000000000001,0.12090772175114738,0,0,1,1,0.00077911959485781068,0,nan,nan,nan,nan,nan,nan,0,0,0,0,0,nan,0.5714842228282041,-0.0091841891810407056,-4.1357580826509207e-05,0.011149942045355171,0,0.02991853292642347
317,19,4,0.30542493399626636,0.093284390306623666,-1,1,1,0,1,255,0,0.0074627512245298922,0.0074627512245298922,0,0.0075008668263185328,0.0075008668263185328,0.01067273527478366,1,0,1,0,0.0078431372549019607,0,nan,nan,nan,nan,nan,nan,0,0,0,0,0,nan,0.023529411764705882,-1.4644740632331523e-07,6.6897832433880514e-07,2.2473105055449763e-06,0,0.00050379504205323765
317,19,4,0.30542493399626636,0.093284390306623666,-1,1,3,1,1,3659,0.022131780864809283,0.078795499295179622,0.056663718430370338,0,0.10000000000000001,0.10000000000000001,0.18491406231312291,0,0,1,1,0.00054659743099207429,0,nan,nan,nan,nan,nan,nan,0,0,0,0,0,nan,0.39710303361574201,-0.0091841891810407056,-0.00022277062335688969,0.023606749692040713,0,0.02991853292642347
317,19,4,0.30542493399626636,0.093284390306623666,-1,-1,3,1,1,3659,0.022131780864809283,0.078795499295179622,0.056663718430370338,0,0.10000000000000001,0.10000000000000001,0.18491406231312291,0,0,1,1,0.00054659743099207429,0,nan,nan,nan,nan,nan,nan,0,0,0,0,0,nan,0.39710303361574201,-0.0091841891810407056,-0.00022277062335688969,0.0078185988166106658,0,0.02991853292642347
318,11,16,0.30584970904476044,0.093544044522764616,1,1,1,0,1,2612,0.0073744178322272501,0.062362565356391654,0.054988147524164407,0,0.10000000000000001,0.10000000000000001,0.13177448244918072,0,0,1,1,0.00076569678407350692,446,0.037304869913275515,0.056553206044210269,0.019248336130934754,0.0096988497616226528,0.031154102735156768,0.021455252973534115,0.029503904396237776,0,0,0,0,0,0.17419601837672283,-1.3465480166828194e-05,4.8324385754047527e-05,0.00034511868070050388,0,0.0047152791368154428
318,11,16,0.30584970904476044,0.093544044522764616,1,1,3,1,1,2566,0.022192615396994429,0.078818164500892157,0.056625549103897728,0,0.10000000000000001,0.10000000000000001,0.12087110831113632,0,0,1,1,0.00077942322681215901,0,nan,nan,nan,nan,nan,nan,0,0,0,0,0,nan,0.57248636009353082,-0.0091964608223033349,-4.6217876992684482e-05,0.033695790375158234,0,0.029963148338782424
318,11,16,0.30584970904476044,0.093544044522764616,1,-1,3,1,1,2566,0.022192615396994429,0.078818164500892157,0.056625549103897728,0,0.10000000000000001,0.10000000000000001,0.12087110831113632,0,0,1,1,0.00077942322681215901,0,nan,nan,nan,nan,nan,nan,0,0,0,0,0,nan,0.57248636009353082,-0.0091964608223033349,-4.6217876992684482e-05,0.011158415971234474,0,0.029963148338782424
318,11,16,0.30584970904476044,0.093544044522764616,-1,1,1,0,1,256,0,0.0074835235618211692,0.0074835235618211692,0,0.0075218542216902561,0.0075218542216902561,0.010700590307076978,1,0,1,0,0.0078125,0,nan,nan,nan,nan,nan,nan,0,0,0,0,0,nan,0.02734375,-1.237927368807223e-07,3.1087499567942958e-07,2.5132739779362972e-06,0,0.00050661088026914415
318,11,16,0.30584970904476044,0.093544044522764616,-1,1,3,1,1,3650,0.022192615396994429,0.078818164500892157,0.056625549103897728,0,0.10000000000000001,0.10000000000000001,0.18464194732653805,0,0,1,1,0.00054794520547945202,0,nan,nan,nan,nan,nan,nan,0,0,0,0,0,nan,0.39753424657534248,-0.0091964608223033349,-0.00022401249960133038,0.023677664434585896,0,0.029963148338782424
318,11,16,0.30584970904476044,0.093544044522764616,-1,-1,3,1,1,3650,0.022192615396994429,0.078818164500892157,0.056625549103897728,0,0.10000000000000001,0.10000000000000001,0.18464194732653805,0,0,1,1,0.00054794520547945202,0,nan,nan,nan,nan,nan,nan,0,0,0,0,0,nan,0.39753424657534248,-0.0091964608223033349,-0.00022401249960133038,0.0078385948670462533,0,0.029963148338782424
319,16,11,0.30584970904476044,0.093544044522764616,1,1,1,0,1,2612,0.0073744178322272501,0.062362565356391654,0.054988147524164407,0,0.10000000000000001,0.10000000000000001,0.13177448244918072,0,0,1,1,0.00076569678407350692,446,0.037304869913275515,0.056553206044210269,0.019248336130934754,0.0096988497616226528,0.031154102735156768,0.021455252973534115,0.029503904396237776,0,0,0,0,0,0.17419601837672283,-1.3465480166828194e-05,4.8324385754047527e-05,0.00034511868070050388,0,0.0047152791368154428
319,16,11,0.30584970904476044,0.093544044522764616,1,1,3,1,1,2566,0.022192615396994429,0.078818164500892157,0.056625549103897728,0,0.10000000000000001,0.10000000000000001,0.12087110831113632,0,0,1,1,0.00077942322681215901,0,nan,nan,nan,nan,nan,nan,0,0,0,0,0,nan,0.57248636009353082,-0.0091964608223033349,-4.6217876992684482e-05,0.033695790375158234,0,0.029963148338782424
319,16,11,0.30584970904476044,0.093544044522764616,1,-1,3,1,1,2566,0.022192615396994429,0.078818164500892157,0.056625549103897728,0,0.10000000000000001,0.10000000000000001,0.12087110831113632,0,0,1,1,0.00077942322681215901,0,nan,nan,nan,nan,nan,nan,0,0,0,0,0,nan,0.57248636009353082,-0.0091964608223033349,-4.6217876992684482e-05,0.011158415971234474,0,0.029963148338782424
319,16,11,0.30584970904476044,0.093544044522764616,-1,1,1,0,1,256,0,0.0074835235618211692,0.0074835235618211692,0,0.0075218542216902561,0.0075218542216902561,0.010700590307076978,1,0,1,0,0.0078125,0,nan,nan,nan,nan,nan,nan,0,0,0,0,0,nan,0.02734375,-1.237927368807223e-07,3.1087499567942958e-07,2.5132739779362972e-06,0,0.00050661088026914415
319,16,11,0.30584970904476044,0.093544044522764616,-1,1,3,1,1,3650,0.022192615396994429,0.078818164500892157,0.056625549103897728,0,0.10000000000000001,0.10000000000000001,0.18464194732653805,0,0,1,1,0.00054794520547945202,0,nan,nan,nan,nan,nan,nan,0,0,0,0,0,nan,0.39753424657534248,-0.0091964608223033349,-0.00022401249960133038,0.023677664434585896,0,0.029963148338782424
319,16,11,0.30584970904476044,0.093544044522764616,-1,-1,3,1,1,3650,0.022192615396994429,0.078818164500892157,0.056625549103897728,0,0.10000000000000001,0.10000000000000001,0.18464194732653805,0,0,1,1,0.00054794520547945202,0,nan,nan,nan,nan,nan,nan,0,0,0,0,0,nan,0.39753424657534248,-0.0091964608223033349,-0.00022401249960133038,0.0078385948670462533,0,0.029963148338782424
320,5,19,0.30907202408827628,0.095525516074024028,1,1,1,0,1,2609,0.007526756217971233,0.062357923789864496,0.054831167571893262,0,0.10000000000000001,0.10000000000000001,0.1313957810258238,0,0,1,1,0.00076657723265619016,362,0.039226150767178114,0.055595964529750103,0.016369813762571989,0.010890260276186572,0.029152768512341561,0.018262508236154988,0.024907249649517956,0,0,0,0,0,0.14220007665772327,-1.292578424936257e-05,4.3244628786207937e-05,0.000253389751039656,0,0.0047895894037964801
320,5,19,0.30907202408827628,0.095525516074024028,1,1,3,1,1,2561,0.022657231361477112,0.078991321384858149,0.056334090023381037,0,0.10000000000000001,0.10000000000000001,0.12059146145766372,0,0,1,1,0.00078094494338149163,0,nan,nan,nan,nan,nan,nan,0,0,0,0,0,nan,0.58336587270597418,-0.0092902089104810927,-8.3152730687906373e-05,0.034123544205089021,0,0.030304141596186461
320,5,19,0.30907202408827628,0.095525516074024028,1,-1,3,1,1,2561,0.022657231361477112,0.078991321384858149,0.056334090023381037,0,0.10000000000000001,0.10000000000000001,0.12059146145766372,0,0,1,1,0.00078094494338149163,0,nan,nan,nan,nan,nan,nan,0,0,0,0,0,nan,0.58336587270597418,-0.0092902089104810927,-8.3152730687906373e-05,0.011259599033964826,0,0.030304141596186461
320,5,19,0.30907202408827628,0.095525516074024028,-1,1,1,0,1,260,0,0.0076420412859219229,0.0076420412859219229,0,0.0076820354295049128,0.0076820354295049128,0.010916335576902341,1,0,1,0,0.0076923076923076927,0,nan,nan,nan,nan,nan,nan,0,0,0,0,0,nan,0.019230769230769232,-1.272999775573687e-07,1.8631183007696581e-07,1.4575475582513373e-06,0,0.00052835910019693013
320,5,19,0.30907202408827628,0.095525516074024028,-1,1,3,1,1,3655,0.022657231361477112,0.078991321384858149,0.056334090023381037,0,0.10000000000000001,0.10000000000000001,0.184485114399695,0,0,1,1,0.00054719562243502051,0,nan,nan,nan,nan,nan,nan,0,0,0,0,0,nan,0.40519835841313268,-0.0092902089104810927,-0.00023360318006294072,0.023904808793191141,0,0.030304141596186461
320,5,19,0.30907202408827628,0.095525516074024028,-1,-1,3,1,1,3655,0.022657231361477112,0.078991321384858149,0.056334090023381037,0,0.10000000000000001,0.10000000000000001,0.184485114399695,0,0,1,1,0.00054719562243502051,0,nan,nan,nan,nan,nan,nan,0,0,0,0,0,nan,0.40519835841313268,-0.0092902089104810927,-0.00023360318006294072,0.0078869086171785893,0,0.030304141596186461
321,19,5,0.30907202408827628,0.095525516074024028,1,1,1,0,1,2609,0.007526756217971233,0.062357923789864496,0.054831167571893262,0,0.10000000000000001,0.10000000000000001,0.1313957810258238,0,0,1,1,0.00076657723265619016,362,0.039226150767178114,0.055595964529750103,0.016369813762571989,0.010890260276186572,0.029152768512341561,0.018262508236154988,0.024907249649517956,0,0,0,0,0,0.14220007665772327,-1.292578424936257e-05,4.3244628786207937e-05,0.000253389751039656,0,0.0047895894037964801
321,19,5,0.30907202408827628,0.095525516074024028,1,1,3,1,1,2561,0.022657231361477112,0.078991321384858149,0.056334090023381037,0,0.10000000000000001,0.10000000000000001,0.12059146145766372,0,0,1,1,0.00078094494338149163,0,nan,nan,nan,nan,nan,nan,0,0,0,0,0,nan,0.58336587270597418,-0.0092902089104810927,-8.3152730687906373e-05,0.034123544205089021,0,0.030304141596186461
321,19,5,0.30907202408827628,0.095525516074024028,1,-1,3,1,1,2561,0.022657231361477112,0.078991321384858149,0.056334090023381037,0,0.10000000000000001,0.10000000000000001,0.12059146145766372,0,0,1,1,0.00078094494338149163,0,nan,nan,nan,nan,nan,nan,0,0,0,0,0,nan,0.58336587270597418,-0.0092902089104810927,-8.3152730687906373e-05,0.011259599033964826,0,0.030304141596186461
321,19,5,0.30907202408827628,0.095525516074024028,-1,1,1,0,1,260,0,0.0076420412859219229,0.0076420412859219229,0,0.0076820354295049128,0.0076820354295049128,0.010916335576902341,1,0,1,0,0.0076923076923076927,0,nan,nan,nan,nan,nan,nan,0,0,0,0,0,nan,0.019230769230769232,-1.272999775573687e-07,1.8631183007696581e-07,1.4575475582513373e-06,0,0.00052835910019693013
321,19,5,0.30907202408827628,0.095525516074024028,-1,1,3,1,1,3655,0.022657231361477112,0.078991321384858149,0.056334090023381037,0,0.10000000000000001,0.10000000000000001,0.184485114399695,0,0,1,1,0.00054719562243502051,0,nan,nan,nan,nan,nan,nan,0,0,0,0,0,nan,0.40519835841313268,-0.0092902089104810927,-0.00023360318006294072,0.023904808793191141,0,0.030304141596186461
321,19,5,0.30907202408827628,0.095525516074024028,-1,-1,3,1,1,3655,0.022657231361477112,0.078991321384858149,0.056334090023381037,0,0.10000000000000001,0.10000000000000001,0.184485114399695,0,0,1,1,0.00054719562243502051,0,nan,nan,nan,nan,nan,nan,0,0,0,0,0,nan,0.40519835841313268,-0.0092902089104810927,-0.00023360318006294072,0.0078869086171785893,0,0.030304141596186461
322,8,18,0.31005909517343688,0.096136642499770386,1,1,1,0,1,2610,0.0075738130724381817,0.06235648817040651,0.054782675097968331,0,0.10000000000000001,0.10000000000000001,0.13134455466852549,0,0,1,1,0.00076628352490421458,321,0.039439626417611742,0.055321500169257257,0.015881873751645514,0.011034758082071652,0.028619079386257504,0.01758432130418585,0.024027015126682247,0,0,0,0,0,0.12681992337164752,-1.2037322078712123e-05,4.1670707557605116e-05,0.00021276013223168243,0,0.0048127186024204795
322,8,18,0.31005909517343688,0.096136642499770386,1,1,3,1,1,2559,0.022800656242364818,0.079044791235224829,0.056244134992860011,0,0.10000000000000001,0.10000000000000001,0.12050198668406162,0,0,1,1,0.00078155529503712393,0,nan,nan,nan,nan,nan,nan,0,0,0,0,0,nan,0.58772958186791713,-0.0093191569415158101,-9.4486462011991886e-05,0.034254219899953961,0,0.030409491792862703
322,8,18,0.31005909517343688,0.096136642499770386,1,-1,3,1,1,2559,0.022800656242364818,0.079044791235224829,0.056244134992860011,0,0.10000000000000001,0.10000000000000001,0.12050198668406162,0,0,1,1,0.00078155529503712393,0,nan,nan,nan,nan,nan,nan,0,0,0,0,0,nan,0.58772958186791713,-0.0093191569415158101,-9.4486462011991886e-05,0.011291518055226364,0,0.030409491792862703
322,8,18,0.31005909517343688,0.096136642499770386,-1,1,1,0,1,263,0,0.007690931399981631,0.007690931399981631,0,0.0077314458411780586,0.0077314458411780586,0.010984748084324002,1,0,1,0,0.0076045627376425855,0,nan,nan,nan,nan,nan,nan,0,0,0,0,0,nan,0.026615969581749048,-1.3472574968481838e-07,1.9179356004521626e-07,2.403721882132168e-06,0,0.00053515941709672977
322,8,18,0.31005909517343688,0.096136642499770386,-1,1,3,1,1,3655,0.022800656242364818,0.079044791235224829,0.056244134992860011,0,0.10000000000000001,0.10000000000000001,0.18432530191258875,0,0,1,1,0.00054719562243502051,0,nan,nan,nan,nan,nan,nan,0,0,0,0,0,nan,0.40683994528043776,-0.0093191569415158101,-0.00023660170319689364,0.023975884946148024,0,0.030409491792862703
322,8,18,0.31005909517343688,0.096136642499770386,-1,-1,3,1,1,3655,0.022800656242364818,0.079044791235224829,0.056244134992860011,0,0.10000000000000001,0.10000000000000001,0.18432530191258875,0,0,1,1,0.00054719562243502051,0,nan,nan,nan,nan,nan,nan,0,0,0,0,0,nan,0.40683994528043776,-0.0093191569415158101,-0.00023660170319689364,0.0079021348079608457,0,0.030409491792862703
323,18,8,0.31005909517343688,0.096136642499770386,1,1,1,0,1,2610,0.0075738130724381817,0.06235648817040651,0.054782675097968331,0,0.10000000000000001,0.10000000000000001,0.13134455466852549,0,0,1,1,0.00076628352490421458,321,0.039439626417611742,0.055321500169257257,0.015881873751645514,0.011034758082071652,0.028619079386257504,0.01758432130418585,0.024027015126682247,0,0,0,0,0,0.12681992337164752,-1.2037322078712123e-05,4.1670707557605116e-05,0.00021276013223168243,0,0.0048127186024204795
323,18,8,0.31005909517343688,0.096136642499770386,1,1,3,1,1,2559,0.022800656242364818,0.079044791235224829,0.056244134992860011,0,0.10000000000000001,0.10000000000000001,0.12050198668406162,0,0,1,1,0.00078155529503712393,0,nan,nan,nan,nan,nan,nan,0,0,0,0,0,nan,0.58772958186791713,-0.0093191569415158101,-9.4486462011991886e-05,0.034254219899953961,0,0.030409491792862703
323,18,8,0.31005909517343688,0.096136642499770386,1,-1,3,1,1,2559,0.022800656242364818,0.079044791235224829,0.056244134992860011,0,0.10000000000000001,0.10000000000000001,0.12050198668406162,0,0,1,1,0.00078155529503712393,0,nan,nan,nan,nan,nan,nan,0,0,0,0,0,nan,0.58772958186791713,-0.0093191569415158101,-9.4486462011991886e-05,0.011291518055226364,0,0.030409491792862703
323,18,8,0.31005909517343688,0.096136642499770386,-1,1,1,0,1,263,0,0.007690931399981631,0.007690931399981631,0,0.0077314458411780586,0.0077314458411780586,0.010984748084324002,1,0,1,0,0.0076045627376425855,0,nan,nan,nan,nan,nan,nan,0,0,0,0,0,nan,0.026615969581749048,-1.3472574968481838e-07,1.9179356004521626e-07,2.403721882132168e-06,0,0.00053515941709672977
323,18,8,0.31005909517343688,0.096136642499770386,-1,1,3,1,1,3655,0.022800656242364818,0.079044791235224829,0.056244134992860011,0,0.10000000000000001,0.10000000000000001,0.18432530191258875,0,0,1,1,0.00054719562243502051,0,nan,nan,nan,nan,nan,nan,0,0,0,0,0,nan,0.40683994528043776,-0.0093191569415158101,-0.00023660170319689364,0.023975884946148024,0,0.030409491792862703
323,18,8,0.31005909517343688,0.096136642499770386,-1,-1,3,1,1,3655,0.022800656242364818,0.079044791235224829,0.056244134992860011,0,0.10000000000000001,0.10000000000000001,0.18432530191258875,0,0,1,1,0.00054719562243502051,0,nan,nan,nan,nan,nan,nan,0,0,0,0,0,nan,0.40683994528043776,-0.0093191569415158101,-0.00023660170319689364,0.0079021348079608457,0,0.030409491792862703
324,10,17,0.31058971432700266,0.096465970645729135,1,1,1,0,1,2608,0.0075991866203594435,0.062355715477963765,0.05475652885760432,0,0.10000000000000001,0.10000000000000001,0.13127871156406618,0,0,1,1,0.0007668711656441718,298,0.040026684456304203,0.055110540696988161,0.015083856240683959,0.011424708926861262,0.028218812541694463,0.016794103614833203,0.022860962027589235,0,0,0,0,0,0.11771472392638037,-1.1883992225990289e-05,4.0821204206354823e-05,0.00019039521001656032,0,0.0048252230948079523
324,10,17,0.31058971432700266,0.096465970645729135,1,1,3,1,1,2558,0.022877970538110005,0.079073620160272973,0.056195649622162967,0,0.10000000000000001,0.10000000000000001,0.12045852673542257,0,0,1,1,0.00078186082877247849,0,nan,nan,nan,nan,nan,nan,0,0,0,0,0,nan,0.59108678655199376,-0.0093347641405269535,-0.00010058289041085408,0.034300128175766928,0,0.030466301778167924
324,10,17,0.31058971432700266,0.096465970645729135,1,-1,3,1,1,2558,0.022877970538110005,0.079073620160272973,0.056195649622162967,0,0.10000000000000001,0.10000000000000001,0.12045852673542257,0,0,1,1,0.00078186082877247849,0,nan,nan,nan,nan,nan,nan,0,0,0,0,0,nan,0.59108678655199376,-0.0093347641405269535,-0.00010058289041085408,0.011302262399935694,0,0.030466301778167924
324,10,17,0.31058971432700266,0.096465970645729135,-1,1,1,0,1,264,0,0.0077172776516583321,0.0077172776516583321,0,0.0077580745052104518,0.0077580745052104518,0.0110223458947148,1,0,1,0,0.007575757575757576,0,nan,nan,nan,nan,nan,nan,0,0,0,0,0,nan,0.026515151515151516,-1.2628043762634618e-07,6.135100663083251e-07,2.6595244971378668e-06,0,0.00053884220475659047
324,10,17,0.31058971432700266,0.096465970645729135,-1,1,3,1,1,3656,0.022877970538110005,0.079073620160272973,0.056195649622162967,0,0.10000000000000001,0.10000000000000001,0.18445922094127978,0,0,1,1,0.00054704595185995622,0,nan,nan,nan,nan,nan,nan,0,0,0,0,0,nan,0.4086433260393873,-0.0093347641405269535,-0.00023822549741114049,0.023992433624254659,0,0.030466301778167924
324,10,17,0.31058971432700266,0.096465970645729135,-1,-1,3,1,1,3656,0.022877970538110005,0.079073620160272973,0.056195649622162967,0,0.10000000000000001,0.10000000000000001,0.18445922094127978,0,0,1,1,0.00054704595185995622,0,nan,nan,nan,nan,nan,nan,0,0,0,0,0,nan,0.4086433260393873,-0.0093347641405269535,-0.00023822549741114049,0.0079045275492701222,0,0.030466301778167924
325,17,10,0.31058971432700266,0.096465970645729135,1,1,1,0,1,2608,0.0075991866203594435,0.062355715477963765,0.05475652885760432,0,0.10000000000000001,0.10000000000000001,0.13127871156406618,0,0,1,1,0.0007668711656441718,298,0.040026684456304203,0.055110540696988161,0.015083856240683959,0.011424708926861262,0.028218812541694463,0.016794103614833203,0.022860962027589235,0,0,0,0,0,0.11771472392638037,-1.1883992225990289e-05,4.0821204206354823e-05,0.00019039521001656032,0,0.0048252230948079523
325,17,10,0.31058971432700266,0.096465970645729135,1,1,3,1,1,2558,0.022877970538110005,0.079073620160272973,0.056195649622162967,0,0.10000000000000001,0.10000000000000001,0.12045852673542257,0,0,1,1,0.00078186082877247849,0,nan,nan,nan,nan,nan,nan,0,0,0,0,0,nan,0.59108678655199376,-0.0093347641405269535,-0.00010058289041085408,0.034300128175766928,0,0.030466301778167924
325,17,10,0.31058971432700266,0.096465970645729135,1,-1,3,1,1,2558,0.022877970538110005,0.079073620160272973,0.056195649622162967,0,0.10000000000000001,0.10000000000000001,0.12045852673542257,0,0,1,1,0.00078186082877247849,0,nan,nan,nan,nan,nan,nan,0,0,0,0,0,nan,0.59108678655199376,-0.0093347641405269535,-0.00010058289041085408,0.011302262399935694,0,0.030466301778167924
325,17,10,0.31058971432700266,0.096465970645729135,-1,1,1,0,1,264,0,0.0077172776516583321,0.0077172776516583321,0,0.0077580745052104518,0.0077580745052104518,0.0110223458947148,1,0,1,0,0.007575757575757576,0,nan,nan,nan,nan,nan,nan,0,0,0,0,0,nan,0.026515151515151516,-1.2628043762634618e-07,6.135100663083251e-07,2.6595244971378668e-06,0,0.00053884220475659047
325,17,10,0.31058971432700266,0.096465970645729135,-1,1,3,1,1,3656,0.022877970538110005,0.079073620160272973,0.056195649622162967,0,0.10000000000000001,0.10000000000000001,0.18445922094127978,0,0,1,1,0.00054704595185995622,0,nan,nan,nan,nan,nan,nan,0,0,0,0,0,nan,0.4086433260393873,-0.0093347641405269535,-0.00023822549741114049,0.023992433624254659,0,0.030466301778167924
325,17,10,0.31058971432700266,0.096465970645729135,-1,-1,3,1,1,3656,0.022877970538110005,0.079073620160272973,0.056195649622162967,0,0.10000000000000001,0.10000000000000001,0.18445922094127978,0,0,1,1,0.00054704595185995622,0,nan,nan,nan,nan,nan,nan,0,0,0,0,0,nan,0.4086433260393873,-0.0093347641405269535,-0.00023822549741114049,0.0079045275492701222,0,0.030466301778167924
326,14,14,0.31192883973256719,0.097299601056905591,1,1,1,0,1,2607,0.007663450671356477,0.062353758232710423,0.054690307561353943,0,0.10000000000000001,0.10000000000000001,0.13110842803691686,0,0,1,1,0.00076716532412734941,244,0.040507004669779842,0.054526620013387747,0.014019615343607905,0.01175954203608065,0.027151434289526349,0.015391892253445699,0.0210378743847408,0,0,0,0,0,0.097046413502109699,-1.1829730552857234e-05,3.8666801300236259e-05,0.00013234732232156887,0,0.004857001237642153
326,14,14,0.31192883973256719,0.097299601056905591,1,1,3,1,1,2556,0.023073112701323978,0.079146625894821937,0.056073513193497959,0,0.10000000000000001,0.10000000000000001,0.12034248679251418,0,0,1,1,0.00078247261345852897,0,nan,nan,nan,nan,nan,nan,0,0,0,0,0,nan,0.59507042253521125,-0.0093742883182821347,-0.00011597824777663849,0.0344969569920512,0,0.030610204190778763
326,14,14,0.31192883973256719,0.097299601056905591,1,-1,3,1,1,2556,0.023073112701323978,0.079146625894821937,0.056073513193497959,0,0.10000000000000001,0.10000000000000001,0.12034248679251418,0,0,1,1,0.00078247261345852897,0,nan,nan,nan,nan,nan,nan,0,0,0,0,0,nan,0.59507042253521125,-0.0093742883182821347,-0.00011597824777663849,0.011349648372382313,0,0.030610204190778763
326,14,14,0.31192883973256719,0.097299601056905591,-1,1,1,0,1,266,0,0.0077839680845524463,0.0077839680845524463,0,0.0078254830283469717,0.0078254830283469717,0.011120446775454165,1,0,1,0,0.0075187969924812026,0,nan,nan,nan,nan,nan,nan,0,0,0,0,0,nan,0.022556390977443608,-1.4036552435945987e-07,2.0122672755584498e-07,2.2354386128289417e-06,0,0.00054822110597953894
326,14,14,0.31192883973256719,0.097299601056905591,-1,1,3,1,1,3656,0.023073112701323978,0.079146625894821937,0.056073513193497959,0,0.10000000000000001,0.10000000000000001,0.18425856141963487,0,0,1,1,0.00054704595185995622,0,nan,nan,nan,nan,nan,nan,0,0,0,0,0,nan,0.41165207877461707,-0.0093742883182821347,-0.00024236063656532438,0.024110667741441355,0,0.030610204190778763
326,14,14,0.31192883973256719,0.097299601056905591,-1,-1,3,1,1,3656,0.023073112701323978,0.079146625894821937,0.056073513193497959,0,0.10000000000000001,0.10000000000000001,0.18425856141963487,0,0,1,1,0.00054704595185995622,0,nan,nan,nan,nan,nan,nan,0,0,0,0,0,nan,0.41165207877461707,-0.0093742883182821347,-0.00024236063656532438,0.0079313105791240807,0,0.030610204190778763
327,13,15,0.31270740067362812,0.097785918436056996,1,1,1,0,1,2606,0.0077009668454987891,0.062352615868840583,0.054651649023341797,0,0.10000000000000001,0.10000000000000001,0.13106868506383551,0,0,1,1,0.00076745970836531081,198,0.040987324883255502,0.05425889219238153,0.013271567309126028,0.012099314463701178,0.026684456304202797,0.014585141840501619,0.019906330706243633,0,0,0,0,0,0.079048349961627018,-1.0971096782159029e-05,3.7407382698754241e-05,0.00010486863385777309,0,0.0048756220622188633
327,13,15,0.31270740067362812,0.097785918436056996,1,1,3,1,1,2554,0.023186763164070291,0.07918924579583729,0.056002482631766999,0,0.10000000000000001,0.10000000000000001,0.12027507227415328,0,0,1,1,0.00078308535630383712,0,nan,nan,nan,nan,nan,nan,0,0,0,0,0,nan,0.59749412685982772,-0.0093973610915835046,-0.00012493588054205226,0.034571142741037092,0,0.030694231742880267
327,13,15,0.31270740067362812,0.097785918436056996,1,-1,3,1,1,2554,0.023186763164070291,0.07918924579583729,0.056002482631766999,0,0.10000000000000001,0.10000000000000001,0.12027507227415328,0,0,1,1,0.00078308535630383712,0,nan,nan,nan,nan,nan,nan,0,0,0,0,0,nan,0.59749412685982772,-0.0093973610915835046,-0.00012493588054205226,0.011367370428138559,0,0.030694231742880267
327,13,15,0.31270740067362812,0.097785918436056996,-1,1,1,0,1,267,0,0.0078228734748845598,0.0078228734748845598,0,0.0078648097700362175,0.0078648097700362175,0.011181529881808559,1,0,1,0,0.0074906367041198503,0,nan,nan,nan,nan,nan,nan,0,0,0,0,0,nan,0.026217228464419477,-1.681931917788882e-07,2.7675908272355339e-07,2.7300563526125543e-06,0,0.00055373003459938477
327,13,15,0.31270740067362812,0.097785918436056996,-1,1,3,1,1,3650,0.023186763164070291,0.07918924579583729,0.056002482631766999,0,0.10000000000000001,0.10000000000000001,0.18399877136032999,0,0,1,1,0.00054794520547945202,0,nan,nan,nan,nan,nan,nan,0,0,0,0,0,nan,0.4126027397260274,-0.0093973610915835046,-0.00024478939761620968,0.024179626802682045,0,0.030694231742880267
327,13,15,0.31270740067362812,0.097785918436056996,-1,-1,3,1,1,3650,0.023186763164070291,0.07918924579583729,0.056002482631766999,0,0.10000000000000001,0.10000000000000001,0.18399877136032999,0,0,1,1,0.00054794520547945202,0,nan,nan,nan,nan,nan,nan,0,0,0,0,0,nan,0.4126027397260274,-0.0093973610915835046,-0.00024478939761620968,0.0079483635493508079,0,0.030694231742880267
328,15,13,0.31270740067362812,0.097785918436056996,1,1,1,0,1,2606,0.0077009668454987891,0.062352615868840583,0.054651649023341797,0,0.10000000000000001,0.10000000000000001,0.13106868506383551,0,0,1,1,0.00076745970836531081,198,0.040987324883255502,0.05425889219238153,0.013271567309126028,0.012099314463701178,0.026684456304202797,0.014585141840501619,0.019906330706243633,0,0,0,0,0,0.079048349961627018,-1.0971096782159029e-05,3.7407382698754241e-05,0.00010486863385777309,0,0.0048756220622188633
328,15,13,0.31270740067362812,0.097785918436056996,1,1,3,1,1,2554,0.023186763164070291,0.07918924579583729,0.056002482631766999,0,0.10000000000000001,0.10000000000000001,0.12027507227415328,0,0,1,1,0.00078308535630383712,0,nan,nan,nan,nan,nan,nan,0,0,0,0,0,nan,0.59749412685982772,-0.0093973610915835046,-0.00012493588054205226,0.034571142741037092,0,0.030694231742880267
328,15,13,0.31270740067362812,0.097785918436056996,1,-1,3,1,1,2554,0.023186763164070291,0.07918924579583729,0.056002482631766999,0,0.10000000000000001,0.10000000000000001,0.12027507227415328,0,0,1,1,0.00078308535630383712,0,nan,nan,nan,nan,nan,nan,0,0,0,0,0,nan,0.59749412685982772,-0.0093973610915835046,-0.00012493588054205226,0.011367370428138559,0,0.030694231742880267
328,15,13,0.31270740067362812,0.097785918436056996,-1,1,1,0,1,267,0,0.0078228734748845598,0.0078228734748845598,0,0.0078648097700362175,0.0078648097700362175,0.011181529881808559,1,0,1,0,0.0074906367041198503,0,nan,nan,nan,nan,nan,nan,0,0,0,0,0,nan,0.026217228464419477,-1.681931917788882e-07,2.7675908272355339e-07,2.7300563526125543e-06,0,0.00055373003459938477
328,15,13,0.31270740067362812,0.097785918436056996,-1,1,3,1,1,3650,0.023186763164070291,0.07918924579583729,0.056002482631766999,0,0.10000000000000001,0.10000000000000001,0.18399877136032999,0,0,1,1,0.00054794520547945202,0,nan,nan,nan,nan,nan,nan,0,0,0,0,0,nan,0.4126027397260274,-0.0093973610915835046,-0.00024478939761620968,0.024179626802682045,0,0.030694231742880267
328,15,13,0.31270740067362812,0.097785918436056996,-1,-1,3,1,1,3650,0.023186763164070291,0.07918924579583729,0.056002482631766999,0,0.10000000000000001,0.10000000000000001,0.18399877136032999,0,0,1,1,0.00054794520547945202,0,nan,nan,nan,nan,nan,nan,0,0,0,0,0,nan,0.4126027397260274,-0.0093973610915835046,-0.00024478939761620968,0.0079483635493508079,0,0.030694231742880267
329,6,19,0.31347014493791675,0.098263531767398549,1,1,1,0,1,2607,0.0077378282821135343,0.062351493779973441,0.054613665497859905,0,0.10000000000000001,0.10000000000000001,0.13102343709541775,0,0,1,1,0.00076716532412734941,167,0.041627751834556366,0.053826955814706812,0.012199203980150446,0.012563879964232234,0.02595063375583722,0.013386753791604986,0.018250954425572289,0,0,0,0,0,0.067510548523206745,-1.1237320709766484e-05,3.6168705476044902e-05,8.408976756274569e-05,0,0.0048939680822705257
329,6,19,0.31347014493791675,0.098263531767398549,1,1,3,1,1,2553,0.023298420771898726,0.079231120837690933,0.055932700065792207,0,0.10000000000000001,0.10000000000000001,0.12021292498312289,0,0,1,1,0.0007833920877399138,0,nan,nan,nan,nan,nan,nan,0,0,0,0,0,nan,0.60125342734038389,-0.0094200305185189997,-0.00013371506198425924,0.034675702111438077,0,0.030776806755194893
329,6,19,0.31347014493791675,0.098263531767398549,1,-1,3,1,1,2553,0.023298420771898726,0.079231120837690933,0.055932700065792207,0,0.10000000000000001,0.10000000000000001,0.12021292498312289,0,0,1,1,0.0007833920877399138,0,nan,nan,nan,nan,nan,nan,0,0,0,0,0,nan,0.60125342734038389,-0.0094200305185189997,-0.00013371506198425924,0.011392045609515808,0,0.030776806755194893
329,6,19,0.31347014493791675,0.098263531767398549,-1,1,1,0,1,269,0,0.0078610825413918846,0.0078610825413918846,0,0.0079034359946824721,0.0079034359946824721,0.011247051977235488,1,0,1,0,0.0074349442379182153,0,nan,nan,nan,nan,nan,nan,0,0,0,0,0,nan,0.026022304832713755,-2.0408140962116408e-07,0,2.4509059220806809e-06,0,0.00055916743610864123
329,6,19,0.31347014493791675,0.098263531767398549,-1,1,3,1,1,3651,0.023298420771898726,0.079231120837690933,0.055932700065792207,0,0.10000000000000001,0.10000000000000001,0.18395360804411548,0,0,1,1,0.00054779512462339083,0,nan,nan,nan,nan,nan,nan,0,0,0,0,0,nan,0.41468090933990687,-0.0094200305185189997,-0.00024718647489030507,0.024236132277641202,0,0.030776806755194893
329,6,19,0.31347014493791675,0.098263531767398549,-1,-1,3,1,1,3651,0.023298420771898726,0.079231120837690933,0.055932700065792207,0,0.10000000000000001,0.10000000000000001,0.18395360804411548,0,0,1,1,0.00054779512462339083,0,nan,nan,nan,nan,nan,nan,0,0,0,0,0,nan,0.41468090933990687,-0.0094200305185189997,-0.00024718647489030507,0.0079600071573156916,0,0.030776806755194893
330,19,6,0.31347014493791675,0.098263531767398549,1,1,1,0,1,2607,0.0077378282821135343,0.062351493779973441,0.054613665497859905,0,0.10000000000000001,0.10000000000000001,0.13102343709541775,0,0,1,1,0.00076716532412734941,167,0.041627751834556366,0.053826955814706812,0.012199203980150446,0.012563879964232234,0.02595063375583722,0.013386753791604986,0.018250954425572289,0,0,0,0,0,0.067510548523206745,-1.1237320709766484e-05,3.6168705476044902e-05,8.408976756274569e-05,0,0.0048939680822705257
330,19,6,0.31347014493791675,0.098263531767398549,1,1,3,1,1,2553,0.023298420771898726,0.079231120837690933,0.055932700065792207,0,0.10000000000000001,0.10000000000000001,0.12021292498312289,0,0,1,1,0.0007833920877399138,0,nan,nan,nan,nan,nan,nan,0,0,0,0,0,nan,0.60125342734038389,-0.0094200305185189997,-0.00013371506198425924,0.034675702111438077,0,0.030776806755194893
330,19,6,0.31347014493791675,0.098263531767398549,1,-1,3,1,1,2553,0.023298420771898726,0.079231120837690933,0.055932700065792207,0,0.10000000000000001,0.10000000000000001,0.12021292498312289,0,0,1,1,0.0007833920877399138,0,nan,nan,nan,nan,nan,nan,0,0,0,0,0,nan,0.60125342734038389,-0.0094200305185189997,-0.00013371506198425924,0.011392045609515808,0,0.030776806755194893
330,19,6,0.31347014493791675,0.098263531767398549,-1,1,1,0,1,269,0,0.0078610825413918846,0.0078610825413918846,0,0.0079034359946824721,0.0079034359946824721,0.011247051977235488,1,0,1,0,0.0074349442379182153,0,nan,nan,nan,nan,nan,nan,0,0,0,0,0,nan,0.026022304832713755,-2.0408140962116408e-07,0,2.4509059220806809e-06,0,0.00055916743610864123
330,19,6,0.31347014493791675,0.098263531767398549,-1,1,3,1,1,3651,0.023298420771898726,0.079231120837690933,0.055932700065792207,0,0.10000000000000001,0.10000000000000001,0.18395360804411548,0,0,1,1,0.00054779512462339083,0,nan,nan,nan,nan,nan,nan,0,0,0,0,0,nan,0.41468090933990687,-0.0094200305185189997,-0.00024718647489030507,0.024236132277641202,0,0.030776806755194893
330,19,6,0.31347014493791675,0.098263531767398549,-1,-1,3,1,1,3651,0.023298420771898726,0.079231120837690933,0.055932700065792207,0,0.10000000000000001,0.10000000000000001,0.18395360804411548,0,0,1,1,0.00054779512462339083,0,nan,nan,nan,nan,nan,nan,0,0,0,0,0,nan,0.41468090933990687,-0.0094200305185189997,-0.00024718647489030507,0.0079600071573156916,0,0.030776806755194893
331,0,20,0.31442808593450156,0.098865021224434302,1,1,1,0,1,2606,0.0077842806787106183,0.062350080681941325,0.054565800003230705,0,0.10000000000000001,0.10000000000000001,0.13095215925731085,0,0,1,1,0.00076745970836531081,147,0.042161440960640423,0.053457252657054637,0.011295811696414214,0.012965685079991802,0.025350233488992662,0.01238454840900086,0.016872441206437293,0,0,0,0,0,0.0602455871066769,-1.095359114758977e-05,3.5474941109631217e-05,6.687789916335997e-05,0,0.0049171541584819975
331,0,20,0.31442808593450156,0.098865021224434302,1,1,3,1,1,2551,0.0234390952540596,0.079283881687204377,0.055844786433144777,0,0.10000000000000001,0.10000000000000001,0.12012968750437161,0,0,1,1,0.0007840062720501764,0,nan,nan,nan,nan,nan,nan,0,0,0,0,0,nan,0.60407683261466094,-0.0094485929855751914,-0.00014474887883274734,0.034805038197947565,0,0.03088087069314005
331,0,20,0.31442808593450156,0.098865021224434302,1,-1,3,1,1,2551,0.0234390952540596,0.079283881687204377,0.055844786433144777,0,0.10000000000000001,0.10000000000000001,0.12012968750437161,0,0,1,1,0.0007840062720501764,0,nan,nan,nan,nan,nan,nan,0,0,0,0,0,nan,0.60407683261466094,-0.0094485929855751914,-0.00014474887883274734,0.011422906123819299,0,0.03088087069314005
331,0,20,0.31442808593450156,0.098865021224434302,-1,1,1,0,1,273,0,0.0079092016979547437,0.0079092016979547437,0,0.0079520822400975921,0.0079520822400975921,0.011405984755848725,1,0,1,0,0.007326007326007326,0,nan,nan,nan,nan,nan,nan,0,0,0,0,0,nan,0.029304029304029304,-2.7798866321677583e-07,7.1179390303784725e-07,2.7273511497834234e-06,0,0.00056605299737003058
331,0,20,0.31442808593450156,0.098865021224434302,-1,1,3,1,1,3649,0.0234390952540596,0.079283881687204377,0.055844786433144777,0,0.10000000000000001,0.10000000000000001,0.18378222698138533,0,0,1,1,0.00054809536859413543,0,nan,nan,nan,nan,nan,nan,0,0,0,0,0,nan,0.41627843244724583,-0.0094485929855751914,-0.00025022188599572082,0.024319440583636606,0,0.03088087069314005
331,0,20,0.31442808593450156,0.098865021224434302,-1,-1,3,1,1,3649,0.0234390952540596,0.079283881687204377,0.055844786433144777,0,0.10000000000000001,0.10000000000000001,0.18378222698138533,0,0,1,1,0.00054809536859413543,0,nan,nan,nan,nan,nan,nan,0,0,0,0,0,nan,0.41627843244724583,-0.0094485929855751914,-0.00025022188599572082,0.007979056034282294,0,0.03088087069314005
332,20,0,0.31442808593450156,0.098865021224434302,1,1,1,0,1,2606,0.0077842806787106183,0.062350080681941325,0.054565800003230705,0,0.10000000000000001,0.10000000000000001,0.13095215925731085,0,0,1,1,0.00076745970836531081,147,0.042161440960640423,0.053457252657054637,0.011295811696414214,0.012965685079991802,0.025350233488992662,0.01238454840900086,0.016872441206437293,0,0,0,0,0,0.0602455871066769,-1.095359114758977e-05,3.5474941109631217e-05,6.687789916335997e-05,0,0.0049171541584819975
332,20,0,0.31442808593450156,0.098865021224434302,1,1,3,1,1,2551,0.0234390952540596,0.079283881687204377,0.055844786433144777,0,0.10000000000000001,0.10000000000000001,0.12012968750437161,0,0,1,1,0.0007840062720501764,0,nan,nan,nan,nan,nan,nan,0,0,0,0,0,nan,0.60407683261466094,-0.0094485929855751914,-0.00014474887883274734,0.034805038197947565,0,0.03088087069314005
332,20,0,0.31442808593450156,0.098865021224434302,1,-1,3,1,1,2551,0.0234390952540596,0.079283881687204377,0.055844786433144777,0,0.10000000000000001,0.10000000000000001,0.12012968750437161,0,0,1,1,0.0007840062720501764,0,nan,nan,nan,nan,nan,nan,0,0,0,0,0,nan,0.60407683261466094,-0.0094485929855751914,-0.00014474887883274734,0.011422906123819299,0,0.03088087069314005
332,20,0,0.31442808593450156,0.098865021224434302,-1,1,1,0,1,273,0,0.0079092016979547437,0.0079092016979547437,0,0.0079520822400975921,0.0079520822400975921,0.011405984755848725,1,0,1,0,0.007326007326007326,0,nan,nan,nan,nan,nan,nan,0,0,0,0,0,nan,0.029304029304029304,-2.7798866321677583e-07,7.1179390303784725e-07,2.7273511497834234e-06,0,0.00056605299737003058
332,20,0,0.31442808593450156,0.098865021224434302,-1,1,3,1,1,3649,0.0234390952540596,0.079283881687204377,0.055844786433144777,0,0.10000000000000001,0.10000000000000001,0.18378222698138533,0,0,1,1,0.00054809536859413543,0,nan,nan,nan,nan,nan,nan,0,0,0,0,0,nan,0.41627843244724583,-0.0094485929855751914,-0.00025022188599572082,0.024319440583636606,0,0.03088087069314005
332,20,0,0.31442808593450156,0.098865021224434302,-1,-1,3,1,1,3649,0.0234390952540596,0.079283881687204377,0.055844786433144777,0,0.10000000000000001,0.10000000000000001,0.18378222698138533,0,0,1,1,0.00054809536859413543,0,nan,nan,nan,nan,nan,nan,0,0,0,0,0,nan,0.41627843244724583,-0.0094485929855751914,-0.00025022188599572082,0.007979056034282294,0,0.03088087069314005
333,1,20,0.31482414486363608,0.099114242189119725,1,1,1,0,1,2604,0.0078035360908278424,0.062349495254866091,0.054545959164038246,0,0.10000000000000002,0.10000000000000002,0.130918177996696,0,0,1,1,0.00076804915514592934,140,0.042428285523682455,0.053079373419524706,0.010651087895842251,0.013169688624151922,0.024749833222148097,0.011580144597996176,0.015822756380459636,0,0,0,0,0,0.05683563748079877,-1.0893651898126862e-05,3.5224494224281089e-05,5.9992117461740568e-05,0,0.0049267875829422251
333,1,20,0.31482414486363608,0.099114242189119725,1,1,3,1,1,2550,0.023497401062689421,0.079305747702696883,0.055808346640007458,0,0.10000000000000001,0.10000000000000001,0.12009697835646489,0,0,1,1,0.00078431372549019605,0,nan,nan,nan,nan,nan,nan,0,0,0,0,0,nan,0.60627450980392161,-0.0094604307553781183,-0.00014931050467733477,0.034844707398062967,0,0.030924007901636956
333,1,20,0.31482414486363608,0.099114242189119725,1,-1,3,1,1,2550,0.023497401062689421,0.079305747702696883,0.055808346640007458,0,0.10000000000000001,0.10000000000000001,0.12009697835646489,0,0,1,1,0.00078431372549019605,0,nan,nan,nan,nan,nan,nan,0,0,0,0,0,nan,0.60627450980392161,-0.0094604307553781183,-0.00014931050467733477,0.011432852752645389,0,0.030924007901636956
333,1,20,0.31482414486363608,0.099114242189119725,-1,1,1,0,1,273,0,0.0079291393751295767,0.0079291393751295767,0,0.0079722398623105397,0.0079722398623105397,0.011446710626085266,1,0,1,0,0.007326007326007326,0,nan,nan,nan,nan,nan,nan,0,0,0,0,0,nan,0.029304029304029304,-6.5329791820126649e-07,1.3608731780771527e-07,2.6510661526462924e-06,0,0.00056891842887167652
333,1,20,0.31482414486363608,0.099114242189119725,-1,1,3,1,1,3648,0.023497401062689421,0.079305747702696883,0.055808346640007458,0,0.10000000000000001,0.10000000000000001,0.18371924686687291,0,0,1,1,0.00054824561403508769,0,nan,nan,nan,nan,nan,nan,0,0,0,0,0,nan,0.41776315789473684,-0.0094604307553781183,-0.00025148500492092117,0.024346394628242504,0,0.030924007901636956
333,1,20,0.31482414486363608,0.099114242189119725,-1,-1,3,1,1,3648,0.023497401062689421,0.079305747702696883,0.055808346640007458,0,0.10000000000000001,0.10000000000000001,0.18371924686687291,0,0,1,1,0.00054824561403508769,0,nan,nan,nan,nan,nan,nan,0,0,0,0,0,nan,0.41776315789473684,-0.0094604307553781183,-0.00025148500492092117,0.0079862920584378785,0,0.030924007901636956
334,20,1,0.31482414486363608,0.099114242189119725,1,1,1,0,1,2604,0.0078035360908278424,0.062349495254866091,0.054545959164038246,0,0.10000000000000002,0.10000000000000002,0.130918177996696,0,0,1,1,0.00076804915514592934,140,0.042428285523682455,0.053079373419524706,0.010651087895842251,0.013169688624151922,0.024749833222148097,0.011580144597996176,0.015822756380459636,0,0,0,0,0,0.05683563748079877,-1.0893651898126862e-05,3.5224494224281089e-05,5.9992117461740568e-05,0,0.0049267875829422251
334,20,1,0.31482414486363608,0.099114242189119725,1,1,3,1,1,2550,0.023497401062689421,0.079305747702696883,0.055808346640007458,0,0.10000000000000001,0.10000000000000001,0.12009697835646489,0,0,1,1,0.00078431372549019605,0,nan,nan,nan,nan,nan,nan,0,0,0,0,0,nan,0.60627450980392161,-0.0094604307553781183,-0.00014931050467733477,0.034844707398062967,0,0.030924007901636956
334,20,1,0.31482414486363608,0.099114242189119725,1,-1,3,1,1,2550,0.023497401062689421,0.079305747702696883,0.055808346640007458,0,0.10000000000000001,0.10000000000000001,0.12009697835646489,0,0,1,1,0.00078431372549019605,0,nan,nan,nan,nan,nan,nan,0,0,0,0,0,nan,0.60627450980392161,-0.0094604307553781183,-0.00014931050467733477,0.011432852752645389,0,0.030924007901636956
334,20,1,0.31482414486363608,0.099114242189119725,-1,1,1,0,1,273,0,0.0079291393751295767,0.0079291393751295767,0,0.0079722398623105397,0.0079722398623105397,0.011446710626085266,1,0,1,0,0.007326007326007326,0,nan,nan,nan,nan,nan,nan,0,0,0,0,0,nan,0.029304029304029304,-6.5329791820126649e-07,1.3608731780771527e-07,2.6510661526462924e-06,0,0.00056891842887167652
334,20,1,0.31482414486363608,0.099114242189119725,-1,1,3,1,1,3648,0.023497401062689421,0.079305747702696883,0.055808346640007458,0,0.10000000000000001,0.10000000000000001,0.18371924686687291,0,0,1,1,0.00054824561403508769,0,nan,nan,nan,nan,nan,nan,0,0,0,0,0,nan,0.41776315789473684,-0.0094604307553781183,-0.00025148500492092117,0.024346394628242504,0,0.030924007901636956
334,20,1,0.31482414486363608,0.099114242189119725,-1,-1,3,1,1,3648,0.023497401062689421,0.079305747702696883,0.055808346640007458,0,0.10000000000000001,0.10000000000000001,0.18371924686687291,0,0,1,1,0.00054824561403508769,0,nan,nan,nan,nan,nan,nan,0,0,0,0,0,nan,0.41776315789473684,-0.0094604307553781183,-0.00025148500492092117,0.0079862920584378785,0,0.030924007901636956
335,12,16,0.31503134665144805,0.099244749373024813,1,1,1,0,1,2604,0.0078136218631278502,0.062349188718780216,0.054535566855652362,0,0.10000000000000001,0.10000000000000001,0.13089808727529392,0,0,1,1,0.00076804915514592934,133,0.042588392261507672,0.053246576439057169,0.010658184177549497,0.013294171880852367,0.025016677785190129,0.011722505904337762,0.0159340896031097,0,0,0,0,0,0.054531490015360985,-1.0527406441772168e-05,3.5092714541251684e-05,5.6462610680236938e-05,0,0.0049318383920959911
335,12,16,0.31503134665144805,0.099244749373024813,1,1,3,1,1,2552,0.023527937300198837,0.079317204300843588,0.055789267000644752,0,0.10000000000000001,0.10000000000000001,0.12008001728152384,0,0,1,1,0.0007836990595611285,0,nan,nan,nan,nan,nan,nan,0,0,0,0,0,nan,0.60775862068965514,-0.0094666324172496073,-0.00015169828087636058,0.034874696519539561,0,0.030946608475112984
335,12,16,0.31503134665144805,0.099244749373024813,1,-1,3,1,1,2552,0.023527937300198837,0.079317204300843588,0.055789267000644752,0,0.10000000000000001,0.10000000000000001,0.12008001728152384,0,0,1,1,0.0007836990595611285,0,nan,nan,nan,nan,nan,nan,0,0,0,0,0,nan,0.60775862068965514,-0.0094666324172496073,-0.00015169828087636058,0.011437676715249213,0,0.030946608475112984
335,12,16,0.31503134665144805,0.099244749373024813,-1,1,1,0,1,273,0,0.007939579949841985,0.007939579949841985,0,0.0079827955140722648,0.0079827955140722648,0.011462279724644499,1,0,1,0,0.007326007326007326,0,nan,nan,nan,nan,nan,nan,0,0,0,0,0,nan,0.029304029304029304,-7.3864909311174409e-07,8.0668108941501539e-08,2.8392452789688439e-06,0,0.00057042181341717725
335,12,16,0.31503134665144805,0.099244749373024813,-1,1,3,1,1,3660,0.023527937300198837,0.079317204300843588,0.055789267000644752,0,0.10000000000000001,0.10000000000000001,0.18405116848450592,0,0,1,1,0.00054644808743169399,0,nan,nan,nan,nan,nan,nan,0,0,0,0,0,nan,0.41967213114754098,-0.0094666324172496073,-0.00025214771911973141,0.024311715768619895,0,0.030946608475112984
335,12,16,0.31503134665144805,0.099244749373024813,-1,-1,3,1,1,3660,0.023527937300198837,0.079317204300843588,0.055789267000644752,0,0.10000000000000001,0.10000000000000001,0.18405116848450592,0,0,1,1,0.00054644808743169399,0,nan,nan,nan,nan,nan,nan,0,0,0,0,0,nan,0.41967213114754098,-0.0094666324172496073,-0.00025214771911973141,0.007972408627864809,0,0.030946608475112984
336,16,12,0.31503134665144805,0.099244749373024813,1,1,1,0,1,2604,0.0078136218631278502,0.062349188718780216,0.054535566855652362,0,0.10000000000000001,0.10000000000000001,0.13089808727529392,0,0,1,1,0.00076804915514592934,133,0.042588392261507672,0.053246576439057169,0.010658184177549497,0.013294171880852367,0.025016677785190129,0.011722505904337762,0.0159340896031097,0,0,0,0,0,0.054531490015360985,-1.0527406441772168e-05,3.5092714541251684e-05,5.6462610680236938e-05,0,0.0049318383920959911
336,16,12,0.31503134665144805,0.099244749373024813,1,1,3,1,1,2552,0.023527937300198837,0.079317204300843588,0.055789267000644752,0,0.10000000000000001,0.10000000000000001,0.12008001728152384,0,0,1,1,0.0007836990595611285,0,nan,nan,nan,nan,nan,nan,0,0,0,0,0,nan,0.60775862068965514,-0.0094666324172496073,-0.00015169828087636058,0.034874696519539561,0,0.030946608475112984
336,16,12,0.31503134665144805,0.099244749373024813,1,-1,3,1,1,2552,0.023527937300198837,0.079317204300843588,0.055789267000644752,0,0.10000000000000001,0.10000000000000001,0.12008001728152384,0,0,1,1,0.0007836990595611285,0,nan,nan,nan,nan,nan,nan,0,0,0,0,0,nan,0.60775862068965514,-0.0094666324172496073,-0.00015169828087636058,0.011437676715249213,0,0.030946608475112984
336,16,12,0.31503134665144805,0.099244749373024813,-1,1,1,0,1,273,0,0.007939579949841985,0.007939579949841985,0,0.0079827955140722648,0.0079827955140722648,0.011462279724644499,1,0,1,0,0.007326007326007326,0,nan,nan,nan,nan,nan,nan,0,0,0,0,0,nan,0.029304029304029304,-7.3864909311174409e-07,8.0668108941501539e-08,2.8392452789688439e-06,0,0.00057042181341717725
336,16,12,0.31503134665144805,0.099244749373024813,-1,1,3,1,1,3660,0.023527937300198837,0.079317204300843588,0.055789267000644752,0,0.10000000000000001,0.10000000000000001,0.18405116848450592,0,0,1,1,0.00054644808743169399,0,nan,nan,nan,nan,nan,nan,0,0,0,0,0,nan,0.41967213114754098,-0.0094666324172496073,-0.00025214771911973141,0.024311715768619895,0,0.030946608475112984
336,16,12,0.31503134665144805,0.099244749373024813,-1,-1,3,1,1,3660,0.023527937300198837,0.079317204300843588,0.055789267000644752,0,0.10000000000000001,0.10000000000000001,0.18405116848450592,0,0,1,1,0.00054644808743169399,0,nan,nan,nan,nan,nan,nan,0,0,0,0,0,nan,0.41967213114754098,-0.0094666324172496073,-0.00025214771911973141,0.007972408627864809,0,0.030946608475112984
337,2,20,0.31600924507375849,0.099861842972086765,1,1,1,0,1,2603,0.0078613249579891319,0.062347739656972503,0.054486414698983368,0,0.10000000000000001,0.10000000000000001,0.13078707320788308,0,0,1,1,0.000768344218209758,115,0.043602401601067375,0.052549612944456828,0.0089472113433894523,0.014104133074083447,0.023949299533022016,0.0098451664589385684,0.013355988133250353,0,0,0,0,0,0.047637341529004992,-1.0553537195721831e-05,3.4463795556121128e-05,4.389258377518554e-05,0,0.0049557778605644389
337,2,20,0.31600924507375849,0.099861842972086765,1,1,3,1,1,2550,0.023672366878357526,0.079371383887070254,0.055699017008712728,0,0.10000000000000001,0.10000000000000001,0.11999860273840328,0,0,1,1,0.00078431372549019605,0,nan,nan,nan,nan,nan,nan,0,0,0,0,0,nan,0.61176470588235299,-0.0094959622641507362,-0.00016297287363380093,0.035006328447321704,0,0.031053511495660841
337,2,20,0.31600924507375849,0.099861842972086765,1,-1,3,1,1,2550,0.023672366878357526,0.079371383887070254,0.055699017008712728,0,0.10000000000000001,0.10000000000000001,0.11999860273840328,0,0,1,1,0.00078431372549019605,0,nan,nan,nan,nan,nan,nan,0,0,0,0,0,nan,0.61176470588235299,-0.0094959622641507362,-0.00016297287363380093,0.011469002421130199,0,0.031053511495660841
337,2,20,0.31600924507375849,0.099861842972086765,-1,1,1,0,1,275,0,0.0079889474377669422,0.0079889474377669422,0,0.0080327099221525582,0.0080327099221525582,0.011531483911379266,1,0,1,0,0.0072727272727272727,0,nan,nan,nan,nan,nan,nan,0,0,0,0,0,nan,0.029090909090909091,-7.2105468076468578e-07,0,2.9325883885682108e-06,0,0.00057755753850508983
337,2,20,0.31600924507375849,0.099861842972086765,-1,1,3,1,1,3658,0.023672366878357526,0.079371383887070254,0.055699017008712728,0,0.10000000000000001,0.10000000000000001,0.18383399639570019,0,0,1,1,0.00054674685620557679,0,nan,nan,nan,nan,nan,nan,0,0,0,0,0,nan,0.42126845270639696,-0.0094959622641507362,-0.00025529312465361184,0.024395882633089512,0,0.031053511495660841
337,2,20,0.31600924507375849,0.099861842972086765,-1,-1,3,1,1,3658,0.023672366878357526,0.079371383887070254,0.055699017008712728,0,0.10000000000000001,0.10000000000000001,0.18383399639570019,0,0,1,1,0.00054674685620557679,0,nan,nan,nan,nan,nan,nan,0,0,0,0,0,nan,0.42126845270639696,-0.0094959622641507362,-0.00025529312465361184,0.0079913600541850864,0,0.031053511495660841
338,20,2,0.31600924507375849,0.099861842972086765,1,1,1,0,1,2603,0.0078613249579891319,0.062347739656972503,0.054486414698983368,0,0.10000000000000001,0.10000000000000001,0.13078707320788308,0,0,1,1,0.000768344218209758,115,0.043602401601067375,0.052549612944456828,0.0089472113433894523,0.014104133074083447,0.023949299533022016,0.0098451664589385684,0.013355988133250353,0,0,0,0,0,0.047637341529004992,-1.0553537195721831e-05,3.4463795556121128e-05,4.389258377518554e-05,0,0.0049557778605644389
338,20,2,0.31600924507375849,0.099861842972086765,1,1,3,1,1,2550,0.023672366878357526,0.079371383887070254,0.055699017008712728,0,0.10000000000000001,0.10000000000000001,0.11999860273840328,0,0,1,1,0.00078431372549019605,0,nan,nan,nan,nan,nan,nan,0,0,0,0,0,nan,0.61176470588235299,-0.0094959622641507362,-0.00016297287363380093,0.035006328447321704,0,0.031053511495660841
338,20,2,0.31600924507375849,0.099861842972086765,1,-1,3,1,1,2550,0.023672366878357526,0.079371383887070254,0.055699017008712728,0,0.10000000000000001,0.10000000000000001,0.11999860273840328,0,0,1,1,0.00078431372549019605,0,nan,nan,nan,nan,nan,nan,0,0,0,0,0,nan,0.61176470588235299,-0.0094959622641507362,-0.00016297287363380093,0.011469002421130199,0,0.031053511495660841
338,20,2,0.31600924507375849,0.099861842972086765,-1,1,1,0,1,275,0,0.0079889474377669422,0.0079889474377669422,0,0.0080327099221525582,0.0080327099221525582,0.011531483911379266,1,0,1,0,0.0072727272727272727,0,nan,nan,nan,nan,nan,nan,0,0,0,0,0,nan,0.029090909090909091,-7.2105468076468578e-07,0,2.9325883885682108e-06,0,0.00057755753850508983
338,20,2,0.31600924507375849,0.099861842972086765,-1,1,3,1,1,3658,0.023672366878357526,0.079371383887070254,0.055699017008712728,0,0.10000000000000001,0.10000000000000001,0.18383399639570019,0,0,1,1,0.00054674685620557679,0,nan,nan,nan,nan,nan,nan,0,0,0,0,0,nan,0.42126845270639696,-0.0094959622641507362,-0.00025529312465361184,0.024395882633089512,0,0.031053511495660841
338,20,2,0.31600924507375849,0.099861842972086765,-1,-1,3,1,1,3658,0.023672366878357526,0.079371383887070254,0.055699017008712728,0,0.10000000000000001,0.10000000000000001,0.18383399639570019,0,0,1,1,0.00054674685620557679,0,nan,nan,nan,nan,nan,nan,0,0,0,0,0,nan,0.42126845270639696,-0.0094959622641507362,-0.00025529312465361184,0.0079913600541850864,0,0.031053511495660841
339,9,18,0.31679763143870204,0.10036073928517168,1,1,1,0,1,2602,0.0078999102413494574,0.062346568741588122,0.054446658500238665,0,0.10000000000000001,0.10000000000000001,0.13072670235065226,0,0,1,1,0.00076863950807071484,79,0.044616410940627078,0.051857753648579585,0.007241342707952507,0.014961560431938373,0.02294863242161441,0.0079870719896760374,0.010809086493925773,0,0,0,0,0,0.033820138355111454,-9.8471884927172054e-06,3.394842052997771e-05,2.3607816926604074e-05,0,0.0049752004435540606
339,9,18,0.31679763143870204,0.10036073928517168,1,1,3,1,1,2549,0.023789178352673461,0.07941520666294101,0.055626028310267549,0,0.10000000000000001,0.10000000000000001,0.11993050648888931,0,0,1,1,0.00078462142016477048,0,nan,nan,nan,nan,nan,nan,0,0,0,0,0,nan,0.61396626127893295,-0.0095196855332521351,-0.00017206213987881633,0.035114943125608193,0,0.03113999916064792
339,9,18,0.31679763143870204,0.10036073928517168,1,-1,3,1,1,2549,0.023789178352673461,0.07941520666294101,0.055626028310267549,0,0.10000000000000001,0.10000000000000001,0.11993050648888931,0,0,1,1,0.00078462142016477048,0,nan,nan,nan,nan,nan,nan,0,0,0,0,0,nan,0.61396626127893295,-0.0095196855332521351,-0.00017206213987881633,0.011494733806531756,0,0.03113999916064792
339,9,18,0.31679763143870204,0.10036073928517168,-1,1,1,0,1,277,0,0.0080288591428137341,0.0080288591428137341,0,0.0080730652828156883,0.0080730652828156883,0.011581675575379594,1,0,1,0,0.0072202166064981952,0,nan,nan,nan,nan,nan,nan,0,0,0,0,0,nan,0.032490974729241874,-7.0360080957232343e-07,2.6547770207188096e-07,3.0301218142166708e-06,0,0.00058335900332000528
339,9,18,0.31679763143870204,0.10036073928517168,-1,1,3,1,1,3655,0.023789178352673461,0.07941520666294101,0.055626028310267549,0,0.10000000000000001,0.10000000000000001,0.18374749150752873,0,0,1,1,0.00054719562243502051,0,nan,nan,nan,nan,nan,nan,0,0,0,0,0,nan,0.42270861833105333,-0.0095196855332521351,-0.00025785031654057479,0.024478719321684231,0,0.03113999916064792
339,9,18,0.31679763143870204,0.10036073928517168,-1,-1,3,1,1,3655,0.023789178352673461,0.07941520666294101,0.055626028310267549,0,0.10000000000000001,0.10000000000000001,0.18374749150752873,0,0,1,1,0.00054719562243502051,0,nan,nan,nan,nan,nan,nan,0,0,0,0,0,nan,0.42270861833105333,-0.0095196855332521351,-0.00025785031654057479,0.0080109526666398544,0,0.03113999916064792
340,18,9,0.31679763143870204,0.10036073928517168,1,1,1,0,1,2602,0.0078999102413494574,0.062346568741588122,0.054446658500238665,0,0.10000000000000001,0.10000000000000001,0.13072670235065226,0,0,1,1,0.00076863950807071484,79,0.044616410940627078,0.051857753648579585,0.007241342707952507,0.014961560431938373,0.02294863242161441,0.0079870719896760374,0.010809086493925773,0,0,0,0,0,0.033820138355111454,-9.8471884927172054e-06,3.394842052997771e-05,2.3607816926604074e-05,0,0.0049752004435540606
340,18,9,0.31679763143870204,0.10036073928517168,1,1,3,1,1,2549,0.023789178352673461,0.07941520666294101,0.055626028310267549,0,0.10000000000000001,0.10000000000000001,0.11993050648888931,0,0,1,1,0.00078462142016477048,0,nan,nan,nan,nan,nan,nan,0,0,0,0,0,nan,0.61396626127893295,-0.0095196855332521351,-0.00017206213987881633,0.035114943125608193,0,0.03113999916064792
340,18,9,0.31679763143870204,0.10036073928517168,1,-1,3,1,1,2549,0.023789178352673461,0.07941520666294101,0.055626028310267549,0,0.10000000000000001,0.10000000000000001,0.11993050648888931,0,0,1,1,0.00078462142016477048,0,nan,nan,nan,nan,nan,nan,0,0,0,0,0,nan,0.61396626127893295,-0.0095196855332521351,-0.00017206213987881633,0.011494733806531756,0,0.03113999916064792
340,18,9,0.31679763143870204,0.10036073928517168,-1,1,1,0,1,277,0,0.0080288591428137341,0.0080288591428137341,0,0.0080730652828156883,0.0080730652828156883,0.011581675575379594,1,0,1,0,0.0072202166064981952,0,nan,nan,nan,nan,nan,nan,0,0,0,0,0,nan,0.032490974729241874,-7.0360080957232343e-07,2.6547770207188096e-07,3.0301218142166708e-06,0,0.00058335900332000528
340,18,9,0.31679763143870204,0.10036073928517168,-1,1,3,1,1,3655,0.023789178352673461,0.07941520666294101,0.055626028310267549,0,0.10000000000000001,0.10000000000000001,0.18374749150752873,0,0,1,1,0.00054719562243502051,0,nan,nan,nan,nan,nan,nan,0,0,0,0,0,nan,0.42270861833105333,-0.0095196855332521351,-0.00025785031654057479,0.024478719321684231,0,0.03113999916064792
340,18,9,0.31679763143870204,0.10036073928517168,-1,-1,3,1,1,3655,0.023789178352673461,0.07941520666294101,0.055626028310267549,0,0.10000000000000001,0.10000000000000001,0.18374749150752873,0,0,1,1,0.00054719562243502051,0,nan,nan,nan,nan,nan,nan,0,0,0,0,0,nan,0.42270861833105333,-0.0095196855332521351,-0.00025785031654057479,0.0080109526666398544,0,0.03113999916064792
341,3,20,0.31797427137356116,0.1011076372555471,1,1,1,0,1,2601,0.0079577147539927617,0.062344817103010305,0.054387102349017544,0,0.10000000000000001,0.10000000000000001,0.13067560846772333,0,0,1,1,0.00076893502499038834,18,0.045363575717144763,0.049206137424949968,0.0038425617078052046,0.015631786387648609,0.019563298136989891,0.0039315117493412821,0.005500982413122895,0,0,0,0,0,0.010765090349865437,-9.5948627169910837e-06,3.3165515569974231e-05,4.1668509353253295e-06,0,0.005006807345496877
341,3,20,0.31797427137356116,0.1011076372555471,1,1,3,1,1,2545,0.023964132459143989,0.079480857194037316,0.05551672473489333,0,0.10000000000000001,0.10000000000000001,0.11983995917924781,0,0,1,1,0.00078585461689587423,0,nan,nan,nan,nan,nan,nan,0,0,0,0,0,nan,0.62003929273084479,-0.009555223827287386,-0.00018564070249597604,0.035289968602466922,0,0.031269593311084927
341,3,20,0.31797427137356116,0.1011076372555471,1,-1,3,1,1,2545,0.023964132459143989,0.079480857194037316,0.05551672473489333,0,0.10000000000000001,0.10000000000000001,0.11983995917924781,0,0,1,1,0.00078585461689587423,0,nan,nan,nan,nan,nan,nan,0,0,0,0,0,nan,0.62003929273084479,-0.009555223827287386,-0.00018564070249597604,0.011538847730676991,0,0.031269593311084927
341,3,20,0.31797427137356116,0.1011076372555471,-1,1,1,0,1,278,0,0.0080886109804437691,0.0080886109804437691,0,0.0081334874403789191,0.0081334874403789191,0.011657543353562392,1,0,1,0,0.0071942446043165471,0,nan,nan,nan,nan,nan,nan,0,0,0,0,0,nan,0.03237410071942446,-5.1326901698788528e-07,2.6176297090326991e-07,3.2574697719927009e-06,0,0.00059209906071515741
341,3,20,0.31797427137356116,0.1011076372555471,-1,1,3,1,1,3653,0.023964132459143989,0.079480857194037316,0.05551672473489333,0,0.10000000000000001,0.10000000000000001,0.18358949437601912,0,0,1,1,0.00054749520941691757,0,nan,nan,nan,nan,nan,nan,0,0,0,0,0,nan,0.42595127292636187,-0.009555223827287386,-0.000261702510371822,0.02457724761417765,0,0.031269593311084927
341,3,20,0.31797427137356116,0.1011076372555471,-1,-1,3,1,1,3653,0.023964132459143989,0.079480857194037316,0.05551672473489333,0,0.10000000000000001,0.10000000000000001,0.18358949437601912,0,0,1,1,0.00054749520941691757,0,nan,nan,nan,nan,nan,nan,0,0,0,0,0,nan,0.42595127292636187,-0.009555223827287386,-0.000261702510371822,0.0080345330363632179,0,0.031269593311084927
342,20,3,0.31797427137356116,0.1011076372555471,1,1,1,0,1,2601,0.0079577147539927617,0.062344817103010305,0.054387102349017544,0,0.10000000000000001,0.10000000000000001,0.13067560846772333,0,0,1,1,0.00076893502499038834,18,0.045363575717144763,0.049206137424949968,0.0038425617078052046,0.015631786387648609,0.019563298136989891,0.0039315117493412821,0.005500982413122895,0,0,0,0,0,0.010765090349865437,-9.5948627169910837e-06,3.3165515569974231e-05,4.1668509353253295e-06,0,0.005006807345496877
342,20,3,0.31797427137356116,0.1011076372555471,1,1,3,1,1,2545,0.023964132459143989,0.079480857194037316,0.05551672473489333,0,0.10000000000000001,0.10000000000000001,0.11983995917924781,0,0,1,1,0.00078585461689587423,0,nan,nan,nan,nan,nan,nan,0,0,0,0,0,nan,0.62003929273084479,-0.009555223827287386,-0.00018564070249597604,0.035289968602466922,0,0.031269593311084927
342,20,3,0.31797427137356116,0.1011076372555471,1,-1,3,1,1,2545,0.023964132459143989,0.079480857194037316,0.05551672473489333,0,0.10000000000000001,0.10000000000000001,0.11983995917924781,0,0,1,1,0.00078585461689587423,0,nan,nan,nan,nan,nan,nan,0,0,0,0,0,nan,0.62003929273084479,-0.009555223827287386,-0.00018564070249597604,0.011538847730676991,0,0.031269593311084927
342,20,3,0.31797427137356116,0.1011076372555471,-1,1,1,0,1,278,0,0.0080886109804437691,0.0080886109804437691,0,0.0081334874403789191,0.0081334874403789191,0.011657543353562392,1,0,1,0,0.0071942446043165471,0,nan,nan,nan,nan,nan,nan,0,0,0,0,0,nan,0.03237410071942446,-5.1326901698788528e-07,2.6176297090326991e-07,3.2574697719927009e-06,0,0.00059209906071515741
342,20,3,0.31797427137356116,0.1011076372555471,-1,1,3,1,1,3653,0.023964132459143989,0.079480857194037316,0.05551672473489333,0,0.10000000000000001,0.10000000000000001,0.18358949437601912,0,0,1,1,0.00054749520941691757,0,nan,nan,nan,nan,nan,nan,0,0,0,0,0,nan,0.42595127292636187,-0.009555223827287386,-0.000261702510371822,0.02457724761417765,0,0.031269593311084927
342,20,3,0.31797427137356116,0.1011076372555471,-1,-1,3,1,1,3653,0.023964132459143989,0.079480857194037316,0.05551672473489333,0,0.10000000000000001,0.10000000000000001,0.18358949437601912,0,0,1,1,0.00054749520941691757,0,nan,nan,nan,nan,nan,nan,0,0,0,0,0,nan,0.42595127292636187,-0.009555223827287386,-0.000261702510371822,0.0080345330363632179,0,0.031269593311084927
343,7,19,0.31858712311679327,0.10149775501583479,1,1,1,0,1,2602,0.0079879240680031799,0.062343902965376639,0.05435597889737346,0,0.10000000000000001,0.10000000000000001,0.13063093215956254,0,0,1,1,0.00076863950807071484,6,0.04643095396931287,0.048619079386257508,0.0021881254169446376,0.016634004410300045,0.018902453505939588,0.0022684490956395437,0.0031524248091950031,0,0,0,0,0,0.0069177555726364333,-9.9264836060721526e-06,3.2751279322737139e-05,1.2563023465509949e-06,0,0.0050252027975884418
343,7,19,0.31858712311679327,0.10149775501583479,1,1,3,1,1,2545,0.024055550508443099,0.079515162699484263,0.05545961219104116,0,0.10000000000000001,0.10000000000000001,0.11978563489178695,0,0,1,1,0.00078585461689587423,0,nan,nan,nan,nan,nan,nan,0,0,0,0,0,nan,0.62161100196463659,-0.0095737945041695152,-0.0001927097623901705,0.035329419703198965,0,0.031337329072445269
343,7,19,0.31858712311679327,0.10149775501583479,1,-1,3,1,1,2545,0.024055550508443099,0.079515162699484263,0.05545961219104116,0,0.10000000000000001,0.10000000000000001,0.11978563489178695,0,0,1,1,0.00078585461689587423,0,nan,nan,nan,nan,nan,nan,0,0,0,0,0,nan,0.62161100196463659,-0.0095737945041695152,-0.0001927097623901705,0.011546363544390432,0,0.031337329072445269
343,7,19,0.31858712311679327,0.10149775501583479,-1,1,1,0,1,280,0,0.0081198204012667818,0.0081198204012667818,0,0.0081650496587160459,0.0081650496587160459,0.011697343528062509,1,0,1,0,0.0071428571428571426,0,nan,nan,nan,nan,nan,nan,0,0,0,0,0,nan,0.03214285714285714,-4.5614370178047965e-07,2.7105054312137611e-20,3.322599461225247e-06,0,0.00059669019150994536
343,7,19,0.31858712311679327,0.10149775501583479,-1,1,3,1,1,3653,0.024055550508443099,0.079515162699484263,0.05545961219104116,0,0.10000000000000001,0.10000000000000001,0.18360602928333161,0,0,1,1,0.00054749520941691757,0,nan,nan,nan,nan,nan,nan,0,0,0,0,0,nan,0.42732001094990418,-0.0095737945041695152,-0.000263725933395313,0.024605349816185937,0,0.031337329072445269
343,7,19,0.31858712311679327,0.10149775501583479,-1,-1,3,1,1,3653,0.024055550508443099,0.079515162699484263,0.05545961219104116,0,0.10000000000000001,0.10000000000000001,0.18360602928333161,0,0,1,1,0.00054749520941691757,0,nan,nan,nan,nan,nan,nan,0,0,0,0,0,nan,0.42732001094990418,-0.0095737945041695152,-0.000263725933395313,0.0080401253543391817,0,0.031337329072445269
344,19,7,0.31858712311679327,0.10149775501583479,1,1,1,0,1,2602,0.0079879240680031799,0.062343902965376639,0.05435597889737346,0,0.10000000000000001,0.10000000000000001,0.13063093215956254,0,0,1,1,0.00076863950807071484,6,0.04643095396931287,0.048619079386257508,0.0021881254169446376,0.016634004410300045,0.018902453505939588,0.0022684490956395437,0.0031524248091950031,0,0,0,0,0,0.0069177555726364333,-9.9264836060721526e-06,3.2751279322737139e-05,1.2563023465509949e-06,0,0.0050252027975884418
344,19,7,0.31858712311679327,0.10149775501583479,1,1,3,1,1,2545,0.024055550508443099,0.079515162699484263,0.05545961219104116,0,0.10000000000000001,0.10000000000000001,0.11978563489178695,0,0,1,1,0.00078585461689587423,0,nan,nan,nan,nan,nan,nan,0,0,0,0,0,nan,0.62161100196463659,-0.0095737945041695152,-0.0001927097623901705,0.035329419703198965,0,0.031337329072445269
344,19,7,0.31858712311679327,0.10149775501583479,1,-1,3,1,1,2545,0.024055550508443099,0.079515162699484263,0.05545961219104116,0,0.10000000000000001,0.10000000000000001,0.11978563489178695,0,0,1,1,0.00078585461689587423,0,nan,nan,nan,nan,nan,nan,0,0,0,0,0,nan,0.62161100196463659,-0.0095737945041695152,-0.0001927097623901705,0.011546363544390432,0,0.031337329072445269
344,19,7,0.31858712311679327,0.10149775501583479,-1,1,1,0,1,280,0,0.0081198204012667818,0.0081198204012667818,0,0.0081650496587160459,0.0081650496587160459,0.011697343528062509,1,0,1,0,0.0071428571428571426,0,nan,nan,nan,nan,nan,nan,0,0,0,0,0,nan,0.03214285714285714,-4.5614370178047965e-07,2.7105054312137611e-20,3.322599461225247e-06,0,0.00059669019150994536
344,19,7,0.31858712311679327,0.10149775501583479,-1,1,3,1,1,3653,0.024055550508443099,0.079515162699484263,0.05545961219104116,0,0.10000000000000001,0.10000000000000001,0.18360602928333161,0,0,1,1,0.00054749520941691757,0,nan,nan,nan,nan,nan,nan,0,0,0,0,0,nan,0.42732001094990418,-0.0095737945041695152,-0.000263725933395313,0.024605349816185937,0,0.031337329072445269
344,19,7,0.31858712311679327,0.10149775501583479,-1,-1,3,1,1,3653,0.024055550508443099,0.079515162699484263,0.05545961219104116,0,0.10000000000000001,0.10000000000000001,0.18360602928333161,0,0,1,1,0.00054749520941691757,0,nan,nan,nan,nan,nan,nan,0,0,0,0,0,nan,0.42732001094990418,-0.0095737945041695152,-0.000263725933395313,0.0080401253543391817,0,0.031337329072445269
345,11,17,0.31886632041743707,0.10167573029655563,1,1,1,0,1,2602,0.0080017070601858704,0.062343486127205937,0.054341779067020063,0,0.10000000000000001,0.10000000000000001,0.13060172289417527,0,0,1,1,0.00076863950807071484,0,nan,nan,nan,nan,nan,nan,0,0,0,0,0,nan,0.0046118370484242886,-9.6039895302600414e-06,3.2561107104132762e-05,4.6843122270068424e-07,0,0.0050336021436630015
345,11,17,0.31886632041743707,0.10167573029655563,1,1,3,1,1,2545,0.024097264131797191,0.079530819476026735,0.055433555344229543,0,0.10000000000000001,0.10000000000000001,0.11976396513519813,0,0,1,1,0.00078585461689587423,0,nan,nan,nan,nan,nan,nan,0,0,0,0,0,nan,0.62278978388998041,-0.0095822696322159263,-0.00019593161213837286,0.035390955460137374,0,0.031368245191993591
345,11,17,0.31886632041743707,0.10167573029655563,1,-1,3,1,1,2545,0.024097264131797191,0.079530819476026735,0.055433555344229543,0,0.10000000000000001,0.10000000000000001,0.11976396513519813,0,0,1,1,0.00078585461689587423,0,nan,nan,nan,nan,nan,nan,0,0,0,0,0,nan,0.62278978388998041,-0.0095822696322159263,-0.00019593161213837286,0.011560726184075514,0,0.031368245191993591
345,11,17,0.31886632041743707,0.10167573029655563,-1,1,1,0,1,280,0,0.0081340584237244509,0.0081340584237244509,0,0.0081794487537611912,0.0081794487537611912,0.011715512587001098,1,0,1,0,0.0071428571428571426,0,nan,nan,nan,nan,nan,nan,0,0,0,0,0,nan,0.03214285714285714,-3.9865296010995052e-07,0,3.4412809154363125e-06,0,0.00059879059757287549
345,11,17,0.31886632041743707,0.10167573029655563,-1,1,3,1,1,3651,0.024097264131797191,0.079530819476026735,0.055433555344229543,0,0.10000000000000001,0.10000000000000001,0.18340781946779003,0,0,1,1,0.00054779512462339083,0,nan,nan,nan,nan,nan,nan,0,0,0,0,0,nan,0.42782799233086827,-0.0095822696322159263,-0.00026465162576225074,0.024658555005673575,0,0.031368245191993591
345,11,17,0.31886632041743707,0.10167573029655563,-1,-1,3,1,1,3651,0.024097264131797191,0.079530819476026735,0.055433555344229543,0,0.10000000000000001,0.10000000000000001,0.18340781946779003,0,0,1,1,0.00054779512462339083,0,nan,nan,nan,nan,nan,nan,0,0,0,0,0,nan,0.42782799233086827,-0.0095822696322159263,-0.00026465162576225074,0.008052770853898791,0,0.031368245191993591
346,17,11,0.31886632041743707,0.10167573029655563,1,1,1,0,1,2602,0.0080017070601858704,0.062343486127205937,0.054341779067020063,0,0.10000000000000001,0.10000000000000001,0.13060172289417527,0,0,1,1,0.00076863950807071484,0,nan,nan,nan,nan,nan,nan,0,0,0,0,0,nan,0.0046118370484242886,-9.6039895302600414e-06,3.2561107104132762e-05,4.6843122270068424e-07,0,0.0050336021436630015
346,17,11,0.31886632041743707,0.10167573029655563,1,1,3,1,1,2545,0.024097264131797191,0.079530819476026735,0.055433555344229543,0,0.10000000000000001,0.10000000000000001,0.11976396513519813,0,0,1,1,0.00078585461689587423,0,nan,nan,nan,nan,nan,nan,0,0,0,0,0,nan,0.62278978388998041,-0.0095822696322159263,-0.00019593161213837286,0.035390955460137374,0,0.031368245191993591
346,17,11,0.31886632041743707,0.10167573029655563,1,-1,3,1,1,2545,0.024097264131797191,0.079530819476026735,0.055433555344229543,0,0.10000000000000001,0.10000000000000001,0.11976396513519813,0,0,1,1,0.00078585461689587423,0,nan,nan,nan,nan,nan,nan,0,0,0,0,0,nan,0.62278978388998041,-0.0095822696322159263,-0.00019593161213837286,0.011560726184075514,0,0.031368245191993591
346,17,11,0.31886632041743707,0.10167573029655563,-1,1,1,0,1,280,0,0.0081340584237244509,0.0081340584237244509,0,0.0081794487537611912,0.0081794487537611912,0.011715512587001098,1,0,1,0,0.0071428571428571426,0,nan,nan,nan,nan,nan,nan,0,0,0,0,0,nan,0.03214285714285714,-3.9865296010995052e-07,0,3.4412809154363125e-06,0,0.00059879059757287549
346,17,11,0.31886632041743707,0.10167573029655563,-1,1,3,1,1,3651,0.024097264131797191,0.079530819476026735,0.055433555344229543,0,0.10000000000000001,0.10000000000000001,0.18340781946779003,0,0,1,1,0.00054779512462339083,0,nan,nan,nan,nan,nan,nan,0,0,0,0,0,nan,0.42782799233086827,-0.0095822696322159263,-0.00026465162576225074,0.024658555005673575,0,0.031368245191993591
346,17,11,0.31886632041743707,0.10167573029655563,-1,-1,3,1,1,3651,0.024097264131797191,0.079530819476026735,0.055433555344229543,0,0.10000000000000001,0.10000000000000001,0.18340781946779003,0,0,1,1,0.00054779512462339083,0,nan,nan,nan,nan,nan,nan,0,0,0,0,0,nan,0.42782799233086827,-0.0095822696322159263,-0.00026465162576225074,0.008052770853898791,0,0.031368245191993591
347,4,20,0.32070440371383674,0.10285131456144758,1,1,1,0,1,2600,0.0080928170131294684,0.06234074107067103,0.054247924057541558,0,0.10000000000000001,0.10000000000000001,0.13045437998633652,0,0,1,1,0.00076923076923076923,0,nan,nan,nan,nan,nan,nan,0,0,0,0,0,nan,0.0046153846153846158,-9.0064935391286072e-06,3.128651377118949e-05,4.8434826564054243e-07,0,0.0050891945903146791
347,4,20,0.32070440371383674,0.10285131456144758,1,1,3,1,1,2542,0.024372120464089379,0.079634293420638574,0.055262172956549199,0,0.10000000000000001,0.10000000000000001,0.11961009834196507,0,0,1,1,0.00078678206136900079,0,nan,nan,nan,nan,nan,nan,0,0,0,0,0,nan,0.6294256490952006,-0.0096382814253410196,-0.00021714249725314852,0.03564142389698096,0,0.031572625208330991
347,4,20,0.32070440371383674,0.10285131456144758,1,-1,3,1,1,2542,0.024372120464089379,0.079634293420638574,0.055262172956549199,0,0.10000000000000001,0.10000000000000001,0.11961009834196507,0,0,1,1,0.00078678206136900079,0,nan,nan,nan,nan,nan,nan,0,0,0,0,0,nan,0.6294256490952006,-0.0096382814253410196,-0.00021714249725314852,0.011620055223955131,0,0.031572625208330991
347,4,20,0.32070440371383674,0.10285131456144758,-1,1,1,0,1,284,0,0.0082281051649158079,0.0082281051649158079,0,0.0082745659411041922,0.0082745659411041922,0.011836028074318827,1,0,1,0,0.0070422535211267607,0,nan,nan,nan,nan,nan,nan,0,0,0,0,0,nan,0.035211267605633804,-1.9411693840133671e-07,8.5968793896821507e-07,3.6672066390075651e-06,0,0.00061275761159121367
347,4,20,0.32070440371383674,0.10285131456144758,-1,1,3,1,1,3658,0.024372120464089379,0.079634293420638574,0.055262172956549199,0,0.10000000000000001,0.10000000000000001,0.18366559311012742,0,0,1,1,0.00054674685620557679,0,nan,nan,nan,nan,nan,nan,0,0,0,0,0,nan,0.43302351011481682,-0.0096382814253410196,-0.00027080685841965676,0.024759705386386641,0,0.031572625208330991
347,4,20,0.32070440371383674,0.10285131456144758,-1,-1,3,1,1,3658,0.024372120464089379,0.079634293420638574,0.055262172956549199,0,0.10000000000000001,0.10000000000000001,0.18366559311012742,0,0,1,1,0.00054674685620557679,0,nan,nan,nan,nan,nan,nan,0,0,0,0,0,nan,0.43302351011481682,-0.0096382814253410196,-0.00027080685841965676,0.0080708953343675786,0,0.031572625208330991
348,20,4,0.32070440371383674,0.10285131456144758,1,1,1,0,1,2600,0.0080928170131294684,0.06234074107067103,0.054247924057541558,0,0.10000000000000001,0.10000000000000001,0.13045437998633652,0,0,1,1,0.00076923076923076923,0,nan,nan,nan,nan,nan,nan,0,0,0,0,0,nan,0.0046153846153846158,-9.0064935391286072e-06,3.128651377118949e-05,4.8434826564054243e-07,0,0.0050891945903146791
348,20,4,0.32070440371383674,0.10285131456144758,1,1,3,1,1,2542,0.024372120464089379,0.079634293420638574,0.055262172956549199,0,0.10000000000000001,0.10000000000000001,0.11961009834196507,0,0,1,1,0.00078678206136900079,0,nan,nan,nan,nan,nan,nan,0,0,0,0,0,nan,0.6294256490952006,-0.0096382814253410196,-0.00021714249725314852,0.03564142389698096,0,0.031572625208330991
348,20,4,0.32070440371383674,0.10285131456144758,1,-1,3,1,1,2542,0.024372120464089379,0.079634293420638574,0.055262172956549199,0,0.10000000000000001,0.10000000000000001,0.11961009834196507,0,0,1,1,0.00078678206136900079,0,nan,nan,nan,nan,nan,nan,0,0,0,0,0,nan,0.6294256490952006,-0.0096382814253410196,-0.00021714249725314852,0.011620055223955131,0,0.031572625208330991
348,20,4,0.32070440371383674,0.10285131456144758,-1,1,1,0,1,284,0,0.0082281051649158079,0.0082281051649158079,0,0.0082745659411041922,0.0082745659411041922,0.011836028074318827,1,0,1,0,0.0070422535211267607,0,nan,nan,nan,nan,nan,nan,0,0,0,0,0,nan,0.035211267605633804,-1.9411693840133671e-07,8.5968793896821507e-07,3.6672066390075651e-06,0,0.00061275761159121367
348,20,4,0.32070440371383674,0.10285131456144758,-1,1,3,1,1,3658,0.024372120464089379,0.079634293420638574,0.055262172956549199,0,0.10000000000000001,0.10000000000000001,0.18366559311012742,0,0,1,1,0.00054674685620557679,0,nan,nan,nan,nan,nan,nan,0,0,0,0,0,nan,0.43302351011481682,-0.0096382814253410196,-0.00027080685841965676,0.024759705386386641,0,0.031572625208330991
348,20,4,0.32070440371383674,0.10285131456144758,-1,-1,3,1,1,3658,0.024372120464089379,0.079634293420638574,0.055262172956549199,0,0.10000000000000001,0.10000000000000001,0.18366559311012742,0,0,1,1,0.00054674685620557679,0,nan,nan,nan,nan,nan,nan,0,0,0,0,0,nan,0.43302351011481682,-0.0096382814253410196,-0.00027080685841965676,0.0080708953343675786,0,0.031572625208330991
349,14,15,0.32320911107197897,0.10446412947993883,1,1,1,0,1,2598,0.0082179599795139929,0.062336990751098165,0.05411903077158417,0,0.10000000000000001,0.10000000000000001,0.13030013931117967,0,0,1,1,0.00076982294072363352,0,nan,nan,nan,nan,nan,nan,0,0,0,0,0,nan,0.0046189376443418013,-8.0675370098679455e-06,2.9487357708044741e-05,5.4547158684921666e-07,0,0.005165776056085248
349,14,15,0.32320911107197897,0.10446412947993883,1,1,3,1,1,2537,0.024748754928108616,0.079776437673035994,0.055027682744927378,0,0.10000000000000001,0.10000000000000001,0.11939575851628971,0,0,1,1,0.00078833267638943631,0,nan,nan,nan,nan,nan,nan,0,0,0,0,0,nan,0.6389436342136382,-0.0097152232997865188,-0.00024607509112961991,0.035962747077313034,0,0.031853534636327271
349,14,15,0.32320911107197897,0.10446412947993883,1,-1,3,1,1,2537,0.024748754928108616,0.079776437673035994,0.055027682744927378,0,0.10000000000000001,0.10000000000000001,0.11939575851628971,0,0,1,1,0.00078833267638943631,0,nan,nan,nan,nan,nan,nan,0,0,0,0,0,nan,0.6389436342136382,-0.0097152232997865188,-0.00024607509112961991,0.011695269432398679,0,0.031853534636327271
349,14,15,0.32320911107197897,0.10446412947993883,-1,1,1,0,1,287,0,0.0083571303583951078,0.0083571303583951078,0,0.0084050817958538047,0.0084050817958538047,0.012002703530387293,1,0,1,0,0.0069686411149825784,0,nan,nan,nan,nan,nan,nan,0,0,0,0,0,nan,0.03484320557491289,-1.1581955075462059e-07,1.2483895152389912e-06,3.8502252309516757e-06,0,0.00063218300355159286
349,14,15,0.32320911107197897,0.10446412947993883,-1,1,3,1,1,3657,0.024748754928108616,0.079776437673035994,0.055027682744927378,0,0.10000000000000001,0.10000000000000001,0.18336625412227886,0,0,1,1,0.00054689636313918512,0,nan,nan,nan,nan,nan,nan,0,0,0,0,0,nan,0.43997812414547444,-0.0097152232997865188,-0.00027936651130883644,0.024945884807073174,0,0.031853534636327271
349,14,15,0.32320911107197897,0.10446412947993883,-1,-1,3,1,1,3657,0.024748754928108616,0.079776437673035994,0.055027682744927378,0,0.10000000000000001,0.10000000000000001,0.18336625412227886,0,0,1,1,0.00054689636313918512,0,nan,nan,nan,nan,nan,nan,0,0,0,0,0,nan,0.43997812414547444,-0.0097152232997865188,-0.00027936651130883644,0.0081123730748417465,0,0.031853534636327271
350,15,14,0.32320911107197897,0.10446412947993883,1,1,1,0,1,2598,0.0082179599795139929,0.062336990751098165,0.05411903077158417,0,0.10000000000000001,0.10000000000000001,0.13030013931117967,0,0,1,1,0.00076982294072363352,0,nan,nan,nan,nan,nan,nan,0,0,0,0,0,nan,0.0046189376443418013,-8.0675370098679455e-06,2.9487357708044741e-05,5.4547158684921666e-07,0,0.005165776056085248
350,15,14,0.32320911107197897,0.10446412947993883,1,1,3,1,1,2537,0.024748754928108616,0.079776437673035994,0.055027682744927378,0,0.10000000000000001,0.10000000000000001,0.11939575851628971,0,0,1,1,0.00078833267638943631,0,nan,nan,nan,nan,nan,nan,0,0,0,0,0,nan,0.6389436342136382,-0.0097152232997865188,-0.00024607509112961991,0.035962747077313034,0,0.031853534636327271
350,15,14,0.32320911107197897,0.10446412947993883,1,-1,3,1,1,2537,0.024748754928108616,0.079776437673035994,0.055027682744927378,0,0.10000000000000001,0.10000000000000001,0.11939575851628971,0,0,1,1,0.00078833267638943631,0,nan,nan,nan,nan,nan,nan,0,0,0,0,0,nan,0.6389436342136382,-0.0097152232997865188,-0.00024607509112961991,0.011695269432398679,0,0.031853534636327271
350,15,14,0.32320911107197897,0.10446412947993883,-1,1,1,0,1,287,0,0.0083571303583951078,0.0083571303583951078,0,0.0084050817958538047,0.0084050817958538047,0.012002703530387293,1,0,1,0,0.0069686411149825784,0,nan,nan,nan,nan,nan,nan,0,0,0,0,0,nan,0.03484320557491289,-1.1581955075462059e-07,1.2483895152389912e-06,3.8502252309516757e-06,0,0.00063218300355159286
350,15,14,0.32320911107197897,0.10446412947993883,-1,1,3,1,1,3657,0.024748754928108616,0.079776437673035994,0.055027682744927378,0,0.10000000000000001,0.10000000000000001,0.18336625412227886,0,0,1,1,0.00054689636313918512,0,nan,nan,nan,nan,nan,nan,0,0,0,0,0,nan,0.43997812414547444,-0.0097152232997865188,-0.00027936651130883644,0.024945884807073174,0,0.031853534636327271
350,15,14,0.32320911107197897,0.10446412947993883,-1,-1,3,1,1,3657,0.024748754928108616,0.079776437673035994,0.055027682744927378,0,0.10000000000000001,0.10000000000000001,0.18336625412227886,0,0,1,1,0.00054689636313918512,0,nan,nan,nan,nan,nan,nan,0,0,0,0,0,nan,0.43997812414547444,-0.0097152232997865188,-0.00027936651130883644,0.0081123730748417465,0,0.031853534636327271
351,10,18,0.32415776306489796,0.10507825535523854,1,1,1,0,1,2597,0.0082656578158335041,0.062335567030813575,0.054069909214980075,0,0.099999999999999992,0.099999999999999992,0.13024222310844807,0,0,1,1,0.00077011936850211781,0,nan,nan,nan,nan,nan,nan,0,0,0,0,0,nan,0.0046207162110127068,-8.0317925521992484e-06,2.8787468716762622e-05,5.5368653405523878e-07,0,0.0051950304160988878
351,10,18,0.32415776306489796,0.10507825535523854,1,1,3,1,1,2535,0.024892287298172999,0.079830619031140013,0.054938331732967013,0,0.10000000000000001,0.10000000000000001,0.11930844414901616,0,0,1,1,0.00078895463510848124,0,nan,nan,nan,nan,nan,nan,0,0,0,0,0,nan,0.6418145956607495,-0.0097445506501915354,-0.00025703292784858776,0.036098698785755563,0,0.031960654781938137
351,10,18,0.32415776306489796,0.10507825535523854,1,-1,3,1,1,2535,0.024892287298172999,0.079830619031140013,0.054938331732967013,0,0.10000000000000001,0.10000000000000001,0.11930844414901616,0,0,1,1,0.00078895463510848124,0,nan,nan,nan,nan,nan,nan,0,0,0,0,0,nan,0.6418145956607495,-0.0097445506501915354,-0.00025703292784858776,0.011727782655171808,0,0.031960654781938137
351,10,18,0.32415776306489796,0.10507825535523854,-1,1,1,0,1,289,0,0.0084062604284190837,0.0084062604284190837,0,0.0084547867439885693,0.0084547867439885693,0.012066676817988497,1,0,1,0,0.006920415224913495,0,nan,nan,nan,nan,nan,nan,0,0,0,0,0,nan,0.034602076124567477,-1.1154493514926389e-07,9.527462753821758e-07,3.9947476442552022e-06,0,0.00063966004116841537
351,10,18,0.32415776306489796,0.10507825535523854,-1,1,3,1,1,3663,0.024892287298172999,0.079830619031140013,0.054938331732967013,0,0.10000000000000001,0.10000000000000001,0.18355876774341801,0,0,1,1,0.00054600054600054604,0,nan,nan,nan,nan,nan,nan,0,0,0,0,0,nan,0.44389844389844391,-0.0097445506501915354,-0.0002826608575616183,0.024981860243785962,0,0.031960654781938137
351,10,18,0.32415776306489796,0.10507825535523854,-1,-1,3,1,1,3663,0.024892287298172999,0.079830619031140013,0.054938331732967013,0,0.10000000000000001,0.10000000000000001,0.18355876774341801,0,0,1,1,0.00054600054600054604,0,nan,nan,nan,nan,nan,nan,0,0,0,0,0,nan,0.44389844389844391,-0.0097445506501915354,-0.0002826608575616183,0.0081162601142928999,0,0.031960654781938137
352,18,10,0.32415776306489796,0.10507825535523854,1,1,1,0,1,2597,0.0082656578158335041,0.062335567030813575,0.054069909214980075,0,0.099999999999999992,0.099999999999999992,0.13024222310844807,0,0,1,1,0.00077011936850211781,0,nan,nan,nan,nan,nan,nan,0,0,0,0,0,nan,0.0046207162110127068,-8.0317925521992484e-06,2.8787468716762622e-05,5.5368653405523878e-07,0,0.0051950304160988878
352,18,10,0.32415776306489796,0.10507825535523854,1,1,3,1,1,2535,0.024892287298172999,0.079830619031140013,0.054938331732967013,0,0.10000000000000001,0.10000000000000001,0.11930844414901616,0,0,1,1,0.00078895463510848124,0,nan,nan,nan,nan,nan,nan,0,0,0,0,0,nan,0.6418145956607495,-0.0097445506501915354,-0.00025703292784858776,0.036098698785755563,0,0.031960654781938137
352,18,10,0.32415776306489796,0.10507825535523854,1,-1,3,1,1,2535,0.024892287298172999,0.079830619031140013,0.054938331732967013,0,0.10000000000000001,0.10000000000000001,0.11930844414901616,0,0,1,1,0.00078895463510848124,0,nan,nan,nan,nan,nan,nan,0,0,0,0,0,nan,0.6418145956607495,-0.0097445506501915354,-0.00025703292784858776,0.011727782655171808,0,0.031960654781938137
352,18,10,0.32415776306489796,0.10507825535523854,-1,1,1,0,1,289,0,0.0084062604284190837,0.0084062604284190837,0,0.0084547867439885693,0.0084547867439885693,0.012066676817988497,1,0,1,0,0.006920415224913495,0,nan,nan,nan,nan,nan,nan,0,0,0,0,0,nan,0.034602076124567477,-1.1154493514926389e-07,9.527462753821758e-07,3.9947476442552022e-06,0,0.00063966004116841537
352,18,10,0.32415776306489796,0.10507825535523854,-1,1,3,1,1,3663,0.024892287298172999,0.079830619031140013,0.054938331732967013,0,0.10000000000000001,0.10000000000000001,0.18355876774341801,0,0,1,1,0.00054600054600054604,0,nan,nan,nan,nan,nan,nan,0,0,0,0,0,nan,0.44389844389844391,-0.0097445506501915354,-0.0002826608575616183,0.024981860243785962,0,0.031960654781938137
352,18,10,0.32415776306489796,0.10507825535523854,-1,-1,3,1,1,3663,0.024892287298172999,0.079830619031140013,0.054938331732967013,0,0.10000000000000001,0.10000000000000001,0.18355876774341801,0,0,1,1,0.00054600054600054604,0,nan,nan,nan,nan,nan,nan,0,0,0,0,0,nan,0.44389844389844391,-0.0097445506501915354,-0.0002826608575616183,0.0081162601142928999,0,0.031960654781938137
353,5,20,0.32417964206416161,0.10509244032884794,1,1,1,0,1,2597,0.008266759633422811,0.062335534176554672,0.054068774543131859,0,0.10000000000000001,0.10000000000000001,0.13024092487824163,0,0,1,1,0.00077011936850211781,0,nan,nan,nan,nan,nan,nan,0,0,0,0,0,nan,0.0046207162110127068,-8.0892487783637914e-06,2.8771208610797039e-05,5.5469888502597028e-07,0,0.0051957067335778864
353,5,20,0.32417964206416161,0.10509244032884794,1,1,3,1,1,2535,0.024895603353774276,0.079831870634068547,0.054936267280294271,0,0.10000000000000001,0.10000000000000001,0.11930636914033291,0,0,1,1,0.00078895463510848124,0,nan,nan,nan,nan,nan,nan,0,0,0,0,0,nan,0.6418145956607495,-0.0097452281508408605,-0.00025728494990679958,0.036100160854192619,0,0.031963129724226949
353,5,20,0.32417964206416161,0.10509244032884794,1,-1,3,1,1,2535,0.024895603353774276,0.079831870634068547,0.054936267280294271,0,0.10000000000000001,0.10000000000000001,0.11930636914033291,0,0,1,1,0.00078895463510848124,0,nan,nan,nan,nan,nan,nan,0,0,0,0,0,nan,0.6418145956607495,-0.0097452281508408605,-0.00025728494990679958,0.01172805175994,0,0.031963129724226949
353,5,20,0.32417964206416161,0.10509244032884794,-1,1,1,0,1,289,0,0.0084073952263078351,0.0084073952263078351,0,0.0084559348040024237,0.0084559348040024237,0.012068158453519244,1,0,1,0,0.006920415224913495,0,nan,nan,nan,nan,nan,nan,0,0,0,0,0,nan,0.034602076124567477,-1.1087082961102842e-07,9.9192061912852891e-07,3.9876257883826045e-06,0,0.00063983326119443644
353,5,20,0.32417964206416161,0.10509244032884794,-1,1,3,1,1,3663,0.024895603353774276,0.079831870634068547,0.054936267280294271,0,0.10000000000000001,0.10000000000000001,0.18354115527797765,0,0,1,1,0.00054600054600054604,0,nan,nan,nan,nan,nan,nan,0,0,0,0,0,nan,0.44389844389844391,-0.0097452281508408605,-0.0002827371779653751,0.024982631926309787,0,0.031963129724226949
353,5,20,0.32417964206416161,0.10509244032884794,-1,-1,3,1,1,3663,0.024895603353774276,0.079831870634068547,0.054936267280294271,0,0.10000000000000001,0.10000000000000001,0.18354115527797765,0,0,1,1,0.00054600054600054604,0,nan,nan,nan,nan,nan,nan,0,0,0,0,0,nan,0.44389844389844391,-0.0097452281508408605,-0.0002827371779653751,0.0081163251130767309,0,0.031963129724226949
354,20,5,0.32417964206416161,0.10509244032884794,1,1,1,0,1,2597,0.008266759633422811,0.062335534176554672,0.054068774543131859,0,0.10000000000000001,0.10000000000000001,0.13024092487824163,0,0,1,1,0.00077011936850211781,0,nan,nan,nan,nan,nan,nan,0,0,0,0,0,nan,0.0046207162110127068,-8.0892487783637914e-06,2.8771208610797039e-05,5.5469888502597028e-07,0,0.0051957067335778864
354,20,5,0.32417964206416161,0.10509244032884794,1,1,3,1,1,2535,0.024895603353774276,0.079831870634068547,0.054936267280294271,0,0.10000000000000001,0.10000000000000001,0.11930636914033291,0,0,1,1,0.00078895463510848124,0,nan,nan,nan,nan,nan,nan,0,0,0,0,0,nan,0.6418145956607495,-0.0097452281508408605,-0.00025728494990679958,0.036100160854192619,0,0.031963129724226949
354,20,5,0.32417964206416161,0.10509244032884794,1,-1,3,1,1,2535,0.024895603353774276,0.079831870634068547,0.054936267280294271,0,0.10000000000000001,0.10000000000000001,0.11930636914033291,0,0,1,1,0.00078895463510848124,0,nan,nan,nan,nan,nan,nan,0,0,0,0,0,nan,0.6418145956607495,-0.0097452281508408605,-0.00025728494990679958,0.01172805175994,0,0.031963129724226949
354,20,5,0.32417964206416161,0.10509244032884794,-1,1,1,0,1,289,0,0.0084073952263078351,0.0084073952263078351,0,0.0084559348040024237,0.0084559348040024237,0.012068158453519244,1,0,1,0,0.006920415224913495,0,nan,nan,nan,nan,nan,nan,0,0,0,0,0,nan,0.034602076124567477,-1.1087082961102842e-07,9.9192061912852891e-07,3.9876257883826045e-06,0,0.00063983326119443644
354,20,5,0.32417964206416161,0.10509244032884794,-1,1,3,1,1,3663,0.024895603353774276,0.079831870634068547,0.054936267280294271,0,0.10000000000000001,0.10000000000000001,0.18354115527797765,0,0,1,1,0.00054600054600054604,0,nan,nan,nan,nan,nan,nan,0,0,0,0,0,nan,0.44389844389844391,-0.0097452281508408605,-0.0002827371779653751,0.024982631926309787,0,0.031963129724226949
354,20,5,0.32417964206416161,0.10509244032884794,-1,-1,3,1,1,3663,0.024895603353774276,0.079831870634068547,0.054936267280294271,0,0.10000000000000001,0.10000000000000001,0.18354115527797765,0,0,1,1,0.00054600054600054604,0,nan,nan,nan,nan,nan,nan,0,0,0,0,0,nan,0.44389844389844391,-0.0097452281508408605,-0.0002827371779653751,0.0081163251130767309,0,0.031963129724226949
355,8,19,0.32438769980240428,0.10522737978309477,1,1,1,0,1,2595,0.0082772431269184862,0.062335221709883301,0.054057978582964815,0,0.10000000000000001,0.10000000000000001,0.130229875868349,0,0,1,1,0.00077071290944123315,0,nan,nan,nan,nan,nan,nan,0,0,0,0,0,nan,0.0042389210019267822,-7.5151586885264154e-06,2.8616317832144282e-05,4.7711650266028504e-07,0,0.0052021417992623459
355,8,19,0.32438769980240428,0.10522737978309477,1,1,3,1,1,2535,0.02492714910229837,0.079843779125291281,0.054916630022992907,0,0.10000000000000001,0.10000000000000001,0.11928493423198555,0,0,1,1,0.00078895463510848124,0,nan,nan,nan,nan,nan,nan,0,0,0,0,0,nan,0.64378698224852071,-0.0097516740704391668,-0.00025968474812294656,0.036158388746821361,0,0.031986677608436105
355,8,19,0.32438769980240428,0.10522737978309477,1,-1,3,1,1,2535,0.02492714910229837,0.079843779125291281,0.054916630022992907,0,0.10000000000000001,0.10000000000000001,0.11928493423198555,0,0,1,1,0.00078895463510848124,0,nan,nan,nan,nan,nan,nan,0,0,0,0,0,nan,0.64378698224852071,-0.0097516740704391668,-0.00025968474812294656,0.011741881872116383,0,0.031986677608436105
355,8,19,0.32438769980240428,0.10522737978309477,-1,1,1,0,1,287,0,0.0084181903826475828,0.0084181903826475828,0,0.0084668560804048252,0.0084668560804048252,0.012082257337583252,1,0,1,0,0.0069686411149825784,0,nan,nan,nan,nan,nan,nan,0,0,0,0,0,nan,0.027874564459930314,-1.2343679146959645e-07,1.3698034461000761e-06,3.0166345838096922e-06,0,0.00064148224263097355
355,8,19,0.32438769980240428,0.10522737978309477,-1,1,3,1,1,3659,0.02492714910229837,0.079843779125291281,0.054916630022992907,0,0.10000000000000001,0.10000000000000001,0.18337532290793232,0,0,1,1,0.00054659743099207429,0,nan,nan,nan,nan,nan,nan,0,0,0,0,0,nan,0.44383711396556436,-0.0097516740704391668,-0.0002834637172740009,0.025046954396308017,0,0.031986677608436105
355,8,19,0.32438769980240428,0.10522737978309477,-1,-1,3,1,1,3659,0.02492714910229837,0.079843779125291281,0.054916630022992907,0,0.10000000000000001,0.10000000000000001,0.18337532290793232,0,0,1,1,0.00054659743099207429,0,nan,nan,nan,nan,nan,nan,0,0,0,0,0,nan,0.44383711396556436,-0.0097516740704391668,-0.0002834637172740009,0.0081330819735644985,0,0.031986677608436105
356,19,8,0.32438769980240428,0.10522737978309477,1,1,1,0,1,2595,0.0082772431269184862,0.062335221709883301,0.054057978582964815,0,0.10000000000000001,0.10000000000000001,0.130229875868349,0,0,1,1,0.00077071290944123315,0,nan,nan,nan,nan,nan,nan,0,0,0,0,0,nan,0.0042389210019267822,-7.5151586885264154e-06,2.8616317832144282e-05,4.7711650266028504e-07,0,0.0052021417992623459
356,19,8,0.32438769980240428,0.10522737978309477,1,1,3,1,1,2535,0.02492714910229837,0.079843779125291281,0.054916630022992907,0,0.10000000000000001,0.10000000000000001,0.11928493423198555,0,0,1,1,0.00078895463510848124,0,nan,nan,nan,nan,nan,nan,0,0,0,0,0,nan,0.64378698224852071,-0.0097516740704391668,-0.00025968474812294656,0.036158388746821361,0,0.031986677608436105
356,19,8,0.32438769980240428,0.10522737978309477,1,-1,3,1,1,2535,0.02492714910229837,0.079843779125291281,0.054916630022992907,0,0.10000000000000001,0.10000000000000001,0.11928493423198555,0,0,1,1,0.00078895463510848124,0,nan,nan,nan,nan,nan,nan,0,0,0,0,0,nan,0.64378698224852071,-0.0097516740704391668,-0.00025968474812294656,0.011741881872116383,0,0.031986677608436105
356,19,8,0.32438769980240428,0.10522737978309477,-1,1,1,0,1,287,0,0.0084181903826475828,0.0084181903826475828,0,0.0084668560804048252,0.0084668560804048252,0.012082257337583252,1,0,1,0,0.0069686411149825784,0,nan,nan,nan,nan,nan,nan,0,0,0,0,0,nan,0.027874564459930314,-1.2343679146959645e-07,1.3698034461000761e-06,3.0166345838096922e-06,0,0.00064148224263097355
356,19,8,0.32438769980240428,0.10522737978309477,-1,1,3,1,1,3659,0.02492714910229837,0.079843779125291281,0.054916630022992907,0,0.10000000000000001,0.10000000000000001,0.18337532290793232,0,0,1,1,0.00054659743099207429,0,nan,nan,nan,nan,nan,nan,0,0,0,0,0,nan,0.44383711396556436,-0.0097516740704391668,-0.0002834637172740009,0.025046954396308017,0,0.031986677608436105
356,19,8,0.32438769980240428,0.10522737978309477,-1,-1,3,1,1,3659,0.02492714910229837,0.079843779125291281,0.054916630022992907,0,0.10000000000000001,0.10000000000000001,0.18337532290793232,0,0,1,1,0.00054659743099207429,0,nan,nan,nan,nan,nan,nan,0,0,0,0,0,nan,0.44383711396556436,-0.0097516740704391668,-0.0002834637172740009,0.0081330819735644985,0,0.031986677608436105
357,13,16,0.32470752791944402,0.10543497868755652,1,1,1,0,1,2594,0.0082933753624395996,0.06233475172031152,0.054041376357871922,0,0.10000000000000001,0.10000000000000001,0.13020897601428155,0,0,1,1,0.00077101002313030066,0,nan,nan,nan,nan,nan,nan,0,0,0,0,0,nan,0.0046260601387818042,-7.8364868056913768e-06,2.8377282160273529e-05,5.1520528756945186e-07,0,0.0052120466954891443
357,13,16,0.32470752791944402,0.10543497868755652,1,1,3,1,1,2536,0.024975687855952763,0.079862106807709457,0.054886418951756694,0,0.10000000000000001,0.10000000000000001,0.11925424164998311,0,0,1,1,0.00078864353312302837,0,nan,nan,nan,nan,nan,nan,0,0,0,0,0,nan,0.64432176656151419,-0.0097615939535213581,-0.00026338516171295519,0.036166449103883808,0,0.03202291866204289
357,13,16,0.32470752791944402,0.10543497868755652,1,-1,3,1,1,2536,0.024975687855952763,0.079862106807709457,0.054886418951756694,0,0.10000000000000001,0.10000000000000001,0.11925424164998311,0,0,1,1,0.00078864353312302837,0,nan,nan,nan,nan,nan,nan,0,0,0,0,0,nan,0.64432176656151419,-0.0097615939535213581,-0.00026338516171295519,0.011741666896148719,0,0.03202291866204289
357,13,16,0.32470752791944402,0.10543497868755652,-1,1,1,0,1,289,0,0.0084347982950045194,0.0084347982950045194,0,0.0084836594238183426,0.0084836594238183426,0.012103967616150291,1,0,1,0,0.006920415224913495,0,nan,nan,nan,nan,nan,nan,0,0,0,0,0,nan,0.02768166089965398,-1.2911112461899926e-07,8.2138646925871968e-07,2.8373174903608662e-06,0,0.0006440234109945449
357,13,16,0.32470752791944402,0.10543497868755652,-1,1,3,1,1,3664,0.024975687855952763,0.079862106807709457,0.054886418951756694,0,0.10000000000000001,0.10000000000000001,0.18332676379418025,0,0,1,1,0.00054585152838427945,0,nan,nan,nan,nan,nan,nan,0,0,0,0,0,nan,0.44459606986899564,-0.0097615939535213581,-0.00028458328910964468,0.02502861499399071,0,0.03202291866204289
357,13,16,0.32470752791944402,0.10543497868755652,-1,-1,3,1,1,3664,0.024975687855952763,0.079862106807709457,0.054886418951756694,0,0.10000000000000001,0.10000000000000001,0.18332676379418025,0,0,1,1,0.00054585152838427945,0,nan,nan,nan,nan,nan,nan,0,0,0,0,0,nan,0.44459606986899564,-0.0097615939535213581,-0.00028458328910964468,0.0081253225315138407,0,0.03202291866204289
358,16,13,0.32470752791944402,0.10543497868755652,1,1,1,0,1,2594,0.0082933753624395996,0.06233475172031152,0.054041376357871922,0,0.10000000000000001,0.10000000000000001,0.13020897601428155,0,0,1,1,0.00077101002313030066,0,nan,nan,nan,nan,nan,nan,0,0,0,0,0,nan,0.0046260601387818042,-7.8364868056913768e-06,2.8377282160273529e-05,5.1520528756945186e-07,0,0.0052120466954891443
358,16,13,0.32470752791944402,0.10543497868755652,1,1,3,1,1,2536,0.024975687855952763,0.079862106807709457,0.054886418951756694,0,0.10000000000000001,0.10000000000000001,0.11925424164998311,0,0,1,1,0.00078864353312302837,0,nan,nan,nan,nan,nan,nan,0,0,0,0,0,nan,0.64432176656151419,-0.0097615939535213581,-0.00026338516171295519,0.036166449103883808,0,0.03202291866204289
358,16,13,0.32470752791944402,0.10543497868755652,1,-1,3,1,1,2536,0.024975687855952763,0.079862106807709457,0.054886418951756694,0,0.10000000000000001,0.10000000000000001,0.11925424164998311,0,0,1,1,0.00078864353312302837,0,nan,nan,nan,nan,nan,nan,0,0,0,0,0,nan,0.64432176656151419,-0.0097615939535213581,-0.00026338516171295519,0.011741666896148719,0,0.03202291866204289
358,16,13,0.32470752791944402,0.10543497868755652,-1,1,1,0,1,289,0,0.0084347982950045194,0.0084347982950045194,0,0.0084836594238183426,0.0084836594238183426,0.012103967616150291,1,0,1,0,0.006920415224913495,0,nan,nan,nan,nan,nan,nan,0,0,0,0,0,nan,0.02768166089965398,-1.2911112461899926e-07,8.2138646925871968e-07,2.8373174903608662e-06,0,0.0006440234109945449
358,16,13,0.32470752791944402,0.10543497868755652,-1,1,3,1,1,3664,0.024975687855952763,0.079862106807709457,0.054886418951756694,0,0.10000000000000001,0.10000000000000001,0.18332676379418025,0,0,1,1,0.00054585152838427945,0,nan,nan,nan,nan,nan,nan,0,0,0,0,0,nan,0.44459606986899564,-0.0097615939535213581,-0.00028458328910964468,0.02502861499399071,0,0.03202291866204289
358,16,13,0.32470752791944402,0.10543497868755652,-1,-1,3,1,1,3664,0.024975687855952763,0.079862106807709457,0.054886418951756694,0,0.10000000000000001,0.10000000000000001,0.18332676379418025,0,0,1,1,0.00054585152838427945,0,nan,nan,nan,nan,nan,nan,0,0,0,0,0,nan,0.44459606986899564,-0.0097615939535213581,-0.00028458328910964468,0.0081253225315138407,0,0.03202291866204289
359,12,17,0.32768343740081801,0.10737643514681583,1,1,1,0,1,2591,0.008444355085315167,0.062330509027095096,0.053886153941779931,0,0.10000000000000001,0.10000000000000001,0.13002242812175008,0,0,1,1,0.00077190274025472794,0,nan,nan,nan,nan,nan,nan,0,0,0,0,0,nan,0.0038595137012736396,-6.6252986688140035e-06,2.6430387671811539e-05,5.0056839585944986e-07,0,0.0052997927679906166
359,12,17,0.32768343740081801,0.10737643514681583,1,1,3,1,1,2525,0.025429850936320636,0.080000000000000002,0.054570149063679366,0,0.099755063663481219,0.099755063663481219,0.11874261485179602,0,1,1,0,0.00079207920792079213,0,nan,nan,nan,nan,nan,nan,0,0,0,0,0,nan,0.66455445544554459,-0.0098013284920039877,-0.00029516028991586165,0.036497926006413148,0,0.032195097271602476
359,12,17,0.32768343740081801,0.10737643514681583,1,-1,3,1,1,2525,0.025429850936320636,0.080000000000000002,0.054570149063679366,0,0.099755063663481219,0.099755063663481219,0.11874261485179602,0,1,1,0,0.00079207920792079213,0,nan,nan,nan,nan,nan,nan,0,0,0,0,0,nan,0.66455445544554459,-0.0098013284920039877,-0.00029516028991586165,0.011828470805698363,0,0.032195097271602476
359,12,17,0.32768343740081801,0.10737643514681583,-1,1,1,0,1,293,0,0.0085901148117452659,0.0085901148117452659,0,0.0086408207751329756,0.0086408207751329756,0.012310316562118711,1,0,1,0,0.0068259385665529011,0,nan,nan,nan,nan,nan,nan,0,0,0,0,0,nan,0.027303754266211604,-1.2790562857313103e-07,1.5087314930263074e-06,3.1708917278979478e-06,0,0.00066803273994048436
359,12,17,0.32768343740081801,0.10737643514681583,-1,1,3,1,1,3665,0.025429850936320636,0.080000000000000002,0.054570149063679366,0,0.099755063663481219,0.099755063663481219,0.18319613006746399,0,1,1,0,0.00054570259208731246,0,nan,nan,nan,nan,nan,nan,0,0,0,0,0,nan,0.44938608458390178,-0.0098013284920039877,-0.00029516028991586165,0.025135411465156202,0,0.032195097271602476
359,12,17,0.32768343740081801,0.10737643514681583,-1,-1,3,1,1,3665,0.025429850936320636,0.080000000000000002,0.054570149063679366,0,0.099755063663481219,0.099755063663481219,0.18319613006746399,0,1,1,0,0.00054570259208731246,0,nan,nan,nan,nan,nan,nan,0,0,0,0,0,nan,0.44938608458390178,-0.0098013284920039877,-0.00029516028991586165,0.008144371146163407,0,0.032195097271602476
360,17,12,0.32768343740081801,0.10737643514681583,1,1,1,0,1,2591,0.008444355085315167,0.062330509027095096,0.053886153941779931,0,0.10000000000000001,0.10000000000000001,0.13002242812175008,0,0,1,1,0.00077190274025472794,0,nan,nan,nan,nan,nan,nan,0,0,0,0,0,nan,0.0038595137012736396,-6.6252986688140035e-06,2.6430387671811539e-05,5.0056839585944986e-07,0,0.0052997927679906166
360,17,12,0.32768343740081801,0.10737643514681583,1,1,3,1,1,2525,0.025429850936320636,0.080000000000000002,0.054570149063679366,0,0.099755063663481219,0.099755063663481219,0.11874261485179602,0,1,1,0,0.00079207920792079213,0,nan,nan,nan,nan,nan,nan,0,0,0,0,0,nan,0.66455445544554459,-0.0098013284920039877,-0.00029516028991586165,0.036497926006413148,0,0.032195097271602476
360,17,12,0.32768343740081801,0.10737643514681583,1,-1,3,1,1,2525,0.025429850936320636,0.080000000000000002,0.054570149063679366,0,0.099755063663481219,0.099755063663481219,0.11874261485179602,0,1,1,0,0.00079207920792079213,0,nan,nan,nan,nan,nan,nan,0,0,0,0,0,nan,0.66455445544554459,-0.0098013284920039877,-0.00029516028991586165,0.011828470805698363,0,0.032195097271602476
360,17,12,0.32768343740081801,0.10737643514681583,-1,1,1,0,1,293,0,0.0085901148117452659,0.0085901148117452659,0,0.0086408207751329756,0.0086408207751329756,0.012310316562118711,1,0,1,0,0.0068259385665529011,0,nan,nan,nan,nan,nan,nan,0,0,0,0,0,nan,0.027303754266211604,-1.2790562857313103e-07,1.5087314930263074e-06,3.1708917278979478e-06,0,0.00066803273994048436
360,17,12,0.32768343740081801,0.10737643514681583,-1,1,3,1,1,3665,0.025429850936320636,0.080000000000000002,0.054570149063679366,0,0.099755063663481219,0.099755063663481219,0.18319613006746399,0,1,1,0,0.00054570259208731246,0,nan,nan,nan,nan,nan,nan,0,0,0,0,0,nan,0.44938608458390178,-0.0098013284920039877,-0.00029516028991586165,0.025135411465156202,0,0.032195097271602476
360,17,12,0.32768343740081801,0.10737643514681583,-1,-1,3,1,1,3665,0.025429850936320636,0.080000000000000002,0.054570149063679366,0,0.099755063663481219,0.099755063663481219,0.18319613006746399,0,1,1,0,0.00054570259208731246,0,nan,nan,nan,nan,nan,nan,0,0,0,0,0,nan,0.44938608458390178,-0.0098013284920039877,-0.00029516028991586165,0.008144371146163407,0,0.032195097271602476
361,6,20,0.3283754802390435,0.10783045602222247,1,1,1,0,1,2592,0.0084796940167571958,0.062329500549348674,0.053849806532591478,0,0.10000000000000001,0.10000000000000001,0.12998670078197003,0,0,1,1,0.0007716049382716049,0,nan,nan,nan,nan,nan,nan,0,0,0,0,0,nan,0.0046296296296296294,-6.5081172720122908e-06,2.5965947876933844e-05,5.8422201796563184e-07,0,0.0053174764921511113
361,6,20,0.3283754802390435,0.10783045602222247,1,1,3,1,1,2518,0.025535653967301439,0.080000000000000002,0.054464346032698563,0,0.099464722426958516,0.099464722426958516,0.11839037375159758,0,1,1,0,0.00079428117553613975,0,nan,nan,nan,nan,nan,nan,0,0,0,0,0,nan,0.66560762509928517,-0.0097602104395507795,-0.00029766162549658764,0.036429578799317172,0,0.032076659948200081
361,6,20,0.3283754802390435,0.10783045602222247,1,-1,3,1,1,2518,0.025535653967301439,0.080000000000000002,0.054464346032698563,0,0.099464722426958516,0.099464722426958516,0.11839037375159758,0,1,1,0,0.00079428117553613975,0,nan,nan,nan,nan,nan,nan,0,0,0,0,0,nan,0.66560762509928517,-0.0097602104395507795,-0.00029766162549658764,0.011817300712317704,0,0.032076659948200081
361,6,20,0.3283754802390435,0.10783045602222247,-1,1,1,0,1,297,0,0.0086264364817777977,0.0086264364817777977,0,0.008677578027798406,0.008677578027798406,0.012359829773390577,1,0,1,0,0.0067340067340067337,0,nan,nan,nan,nan,nan,nan,0,0,0,0,0,nan,0.033670033670033669,-1.2304872186867416e-07,5.7815673252815383e-07,4.2460544260139341e-06,0,0.00067371115091173462
361,6,20,0.3283754802390435,0.10783045602222247,-1,1,3,1,1,3658,0.025535653967301439,0.080000000000000002,0.054464346032698563,0,0.099464722426958516,0.099464722426958516,0.18279312329288447,0,1,1,0,0.00054674685620557679,0,nan,nan,nan,nan,nan,nan,0,0,0,0,0,nan,0.45024603608529251,-0.0097602104395507795,-0.00029766162549658764,0.025063849207056118,0,0.032076659948200081
361,6,20,0.3283754802390435,0.10783045602222247,-1,-1,3,1,1,3658,0.025535653967301439,0.080000000000000002,0.054464346032698563,0,0.099464722426958516,0.099464722426958516,0.18279312329288447,0,1,1,0,0.00054674685620557679,0,nan,nan,nan,nan,nan,nan,0,0,0,0,0,nan,0.45024603608529251,-0.0097602104395507795,-0.00029766162549658764,0.0081281935570229769,0,0.032076659948200081
362,20,6,0.3283754802390435,0.10783045602222247,1,1,1,0,1,2592,0.0084796940167571958,0.062329500549348674,0.053849806532591478,0,0.10000000000000001,0.10000000000000001,0.12998670078197003,0,0,1,1,0.0007716049382716049,0,nan,nan,nan,nan,nan,nan,0,0,0,0,0,nan,0.0046296296296296294,-6.5081172720122908e-06,2.5965947876933844e-05,5.8422201796563184e-07,0,0.0053174764921511113
362,20,6,0.3283754802390435,0.10783045602222247,1,1,3,1,1,2518,0.025535653967301439,0.080000000000000002,0.054464346032698563,0,0.099464722426958516,0.099464722426958516,0.11839037375159758,0,1,1,0,0.00079428117553613975,0,nan,nan,nan,nan,nan,nan,0,0,0,0,0,nan,0.66560762509928517,-0.0097602104395507795,-0.00029766162549658764,0.036429578799317172,0,0.032076659948200081
362,20,6,0.3283754802390435,0.10783045602222247,1,-1,3,1,1,2518,0.025535653967301439,0.080000000000000002,0.054464346032698563,0,0.099464722426958516,0.099464722426958516,0.11839037375159758,0,1,1,0,0.00079428117553613975,0,nan,nan,nan,nan,nan,nan,0,0,0,0,0,nan,0.66560762509928517,-0.0097602104395507795,-0.00029766162549658764,0.011817300712317704,0,0.032076659948200081
362,20,6,0.3283754802390435,0.10783045602222247,-1,1,1,0,1,297,0,0.0086264364817777977,0.0086264364817777977,0,0.008677578027798406,0.008677578027798406,0.012359829773390577,1,0,1,0,0.0067340067340067337,0,nan,nan,nan,nan,nan,nan,0,0,0,0,0,nan,0.033670033670033669,-1.2304872186867416e-07,5.7815673252815383e-07,4.2460544260139341e-06,0,0.00067371115091173462
362,20,6,0.3283754802390435,0.10783045602222247,-1,1,3,1,1,3658,0.025535653967301439,0.080000000000000002,0.054464346032698563,0,0.099464722426958516,0.099464722426958516,0.18279312329288447,0,1,1,0,0.00054674685620557679,0,nan,nan,nan,nan,nan,nan,0,0,0,0,0,nan,0.45024603608529251,-0.0097602104395507795,-0.00029766162549658764,0.025063849207056118,0,0.032076659948200081
362,20,6,0.3283754802390435,0.10783045602222247,-1,-1,3,1,1,3658,0.025535653967301439,0.080000000000000002,0.054464346032698563,0,0.099464722426958516,0.099464722426958516,0.18279312329288447,0,1,1,0,0.00054674685620557679,0,nan,nan,nan,nan,nan,nan,0,0,0,0,0,nan,0.45024603608529251,-0.0097602104395507795,-0.00029766162549658764,0.0081281935570229769,0,0.032076659948200081
363,0,21,0.33000870923759856,0.10890574817266586,1,1,1,0,1,2590,0.008563439236965821,0.062327091908776965,0.053763652671811143,0,0.10000000000000001,0.10000000000000001,0.12988434238095981,0,0,1,1,0.0007722007722007722,0,nan,nan,nan,nan,nan,nan,0,0,0,0,0,nan,0.0042471042471042475,-5.9203187011163847e-06,2.5568596631463184e-05,5.2242721734109351e-07,0,0.0053595537148700464
363,0,21,0.33000870923759856,0.10890574817266586,1,1,3,1,1,2503,0.025786381010396632,0.080000000000000002,0.05421361898960337,0,0.098785177426331222,0.098785177426331222,0.11756236175250935,0,1,1,0,0.00079904115061925688,0,nan,nan,nan,nan,nan,nan,0,0,0,0,0,nan,0.6715940870954854,-0.0096650523213306326,-0.00030362782681723176,0.036327605468558309,0,0.031802880253041912
363,0,21,0.33000870923759856,0.10890574817266586,1,-1,3,1,1,2503,0.025786381010396632,0.080000000000000002,0.05421361898960337,0,0.098785177426331222,0.098785177426331222,0.11756236175250935,0,1,1,0,0.00079904115061925688,0,nan,nan,nan,nan,nan,nan,0,0,0,0,0,nan,0.6715940870954854,-0.0096650523213306326,-0.00030362782681723176,0.011803677952247665,0,0.031802880253041912
363,0,21,0.33000870923759856,0.10890574817266586,-1,1,1,0,1,298,0,0.0087124598538132671,0.0087124598538132671,0,0.0087646433861000989,0.0087646433861000989,0.01248250738964158,1,0,1,0,0.0067114093959731542,0,nan,nan,nan,nan,nan,nan,0,0,0,0,0,nan,0.026845637583892617,-1.7474651233269204e-07,2.7105054312137611e-20,2.9651906664319078e-06,0,0.00068725650281166862
363,0,21,0.33000870923759856,0.10890574817266586,-1,1,3,1,1,3651,0.025786381010396632,0.080000000000000002,0.05421361898960337,0,0.098785177426331222,0.098785177426331222,0.18211189703454961,0,1,1,0,0.00054779512462339083,0,nan,nan,nan,nan,nan,nan,0,0,0,0,0,nan,0.45330046562585591,-0.0096650523213306326,-0.00030362782681723176,0.024891003356343085,0,0.031802880253041912
363,0,21,0.33000870923759856,0.10890574817266586,-1,-1,3,1,1,3651,0.025786381010396632,0.080000000000000002,0.05421361898960337,0,0.098785177426331222,0.098785177426331222,0.18211189703454961,0,1,1,0,0.00054779512462339083,0,nan,nan,nan,nan,nan,nan,0,0,0,0,0,nan,0.45330046562585591,-0.0096650523213306326,-0.00030362782681723176,0.0080851331274225217,0,0.031802880253041912
364,21,0,0.33000870923759856,0.10890574817266586,1,1,1,0,1,2590,0.008563439236965821,0.062327091908776965,0.053763652671811143,0,0.10000000000000001,0.10000000000000001,0.12988434238095981,0,0,1,1,0.0007722007722007722,0,nan,nan,nan,nan,nan,nan,0,0,0,0,0,nan,0.0042471042471042475,-5.9203187011163847e-06,2.5568596631463184e-05,5.2242721734109351e-07,0,0.0053595537148700464
364,21,0,0.33000870923759856,0.10890574817266586,1,1,3,1,1,2503,0.025786381010396632,0.080000000000000002,0.05421361898960337,0,0.098785177426331222,0.098785177426331222,0.11756236175250935,0,1,1,0,0.00079904115061925688,0,nan,nan,nan,nan,nan,nan,0,0,0,0,0,nan,0.6715940870954854,-0.0096650523213306326,-0.00030362782681723176,0.036327605468558309,0,0.031802880253041912
364,21,0,0.33000870923759856,0.10890574817266586,1,-1,3,1,1,2503,0.025786381010396632,0.080000000000000002,0.05421361898960337,0,0.098785177426331222,0.098785177426331222,0.11756236175250935,0,1,1,0,0.00079904115061925688,0,nan,nan,nan,nan,nan,nan,0,0,0,0,0,nan,0.6715940870954854,-0.0096650523213306326,-0.00030362782681723176,0.011803677952247665,0,0.031802880253041912
364,21,0,0.33000870923759856,0.10890574817266586,-1,1,1,0,1,298,0,0.0087124598538132671,0.0087124598538132671,0,0.0087646433861000989,0.0087646433861000989,0.01248250738964158,1,0,1,0,0.0067114093959731542,0,nan,nan,nan,nan,nan,nan,0,0,0,0,0,nan,0.026845637583892617,-1.7474651233269204e-07,2.7105054312137611e-20,2.9651906664319078e-06,0,0.00068725650281166862
364,21,0,0.33000870923759856,0.10890574817266586,-1,1,3,1,1,3651,0.025786381010396632,0.080000000000000002,0.05421361898960337,0,0.098785177426331222,0.098785177426331222,0.18211189703454961,0,1,1,0,0.00054779512462339083,0,nan,nan,nan,nan,nan,nan,0,0,0,0,0,nan,0.45330046562585591,-0.0096650523213306326,-0.00030362782681723176,0.024891003356343085,0,0.031802880253041912
364,21,0,0.33000870923759856,0.10890574817266586,-1,-1,3,1,1,3651,0.025786381010396632,0.080000000000000002,0.05421361898960337,0,0.098785177426331222,0.098785177426331222,0.18211189703454961,0,1,1,0,0.00054779512462339083,0,nan,nan,nan,nan,nan,nan,0,0,0,0,0,nan,0.45330046562585591,-0.0096650523213306326,-0.00030362782681723176,0.0080851331274225217,0,0.031802880253041912
365,1,21,0.3303860910167849,0.10915496913735129,1,1,1,0,1,2590,0.0085828568643010143,0.06232653089327618,0.053743674028975168,0,0.10000000000000001,0.10000000000000001,0.12986508873106137,0,0,1,1,0.0007722007722007722,0,nan,nan,nan,nan,nan,nan,0,0,0,0,0,nan,0.0042471042471042475,-5.6900652576510164e-06,2.5496068354041761e-05,5.5763669745862535e-07,0,0.0053693448934365295
365,1,21,0.3303860910167849,0.10915496913735129,1,1,3,1,1,2500,0.025844521246102883,0.080000000000000002,0.054155478753897118,0,0.098629258967698669,0.098629258967698669,0.11737440592805659,0,1,1,0,0.00080000000000000004,0,nan,nan,nan,nan,nan,nan,0,0,0,0,0,nan,0.67400000000000004,-0.0096434313393776016,-0.00030501906655682842,0.036311839283068102,0,0.031740737264432849
365,1,21,0.3303860910167849,0.10915496913735129,1,-1,3,1,1,2500,0.025844521246102883,0.080000000000000002,0.054155478753897118,0,0.098629258967698669,0.098629258967698669,0.11737440592805659,0,1,1,0,0.00080000000000000004,0,nan,nan,nan,nan,nan,nan,0,0,0,0,0,nan,0.67400000000000004,-0.0096434313393776016,-0.00030501906655682842,0.011802031469440482,0,0.031740737264432849
365,1,21,0.3303860910167849,0.10915496913735129,-1,1,1,0,1,300,0,0.0087323975309881018,0.0087323975309881018,0,0.0087848238442959047,0.0087848238442959047,0.012513321516461819,1,0,1,0,0.0066666666666666671,0,nan,nan,nan,nan,nan,nan,0,0,0,0,0,nan,0.033333333333333333,-1.6532658483818887e-07,2.7987509923488568e-08,4.3995606721754652e-06,0,0.00069041525327351782
365,1,21,0.3303860910167849,0.10915496913735129,-1,1,3,1,1,3646,0.025844521246102883,0.080000000000000002,0.054155478753897118,0,0.098629258967698669,0.098629258967698669,0.18183545516902699,0,1,1,0,0.00054854635216675812,0,nan,nan,nan,nan,nan,nan,0,0,0,0,0,nan,0.4539221064179923,-0.0096434313393776016,-0.00030501906655682842,0.024884888175719377,0,0.031740737264432849
365,1,21,0.3303860910167849,0.10915496913735129,-1,-1,3,1,1,3646,0.025844521246102883,0.080000000000000002,0.054155478753897118,0,0.098629258967698669,0.098629258967698669,0.18183545516902699,0,1,1,0,0.00054854635216675812,0,nan,nan,nan,nan,nan,nan,0,0,0,0,0,nan,0.4539221064179923,-0.0096434313393776016,-0.00030501906655682842,0.0080857471254702547,0,0.031740737264432849
366,21,1,0.3303860910167849,0.10915496913735129,1,1,1,0,1,2590,0.0085828568643010143,0.06232653089327618,0.053743674028975168,0,0.10000000000000001,0.10000000000000001,0.12986508873106137,0,0,1,1,0.0007722007722007722,0,nan,nan,nan,nan,nan,nan,0,0,0,0,0,nan,0.0042471042471042475,-5.6900652576510164e-06,2.5496068354041761e-05,5.5763669745862535e-07,0,0.0053693448934365295
366,21,1,0.3303860910167849,0.10915496913735129,1,1,3,1,1,2500,0.025844521246102883,0.080000000000000002,0.054155478753897118,0,0.098629258967698669,0.098629258967698669,0.11737440592805659,0,1,1,0,0.00080000000000000004,0,nan,nan,nan,nan,nan,nan,0,0,0,0,0,nan,0.67400000000000004,-0.0096434313393776016,-0.00030501906655682842,0.036311839283068102,0,0.031740737264432849
366,21,1,0.3303860910167849,0.10915496913735129,1,-1,3,1,1,2500,0.025844521246102883,0.080000000000000002,0.054155478753897118,0,0.098629258967698669,0.098629258967698669,0.11737440592805659,0,1,1,0,0.00080000000000000004,0,nan,nan,nan,nan,nan,nan,0,0,0,0,0,nan,0.67400000000000004,-0.0096434313393776016,-0.00030501906655682842,0.011802031469440482,0,0.031740737264432849
366,21,1,0.3303860910167849,0.10915496913735129,-1,1,1,0,1,300,0,0.0087323975309881018,0.0087323975309881018,0,0.0087848238442959047,0.0087848238442959047,0.012513321516461819,1,0,1,0,0.0066666666666666671,0,nan,nan,nan,nan,nan,nan,0,0,0,0,0,nan,0.033333333333333333,-1.6532658483818887e-07,2.7987509923488568e-08,4.3995606721754652e-06,0,0.00069041525327351782
366,21,1,0.3303860910167849,0.10915496913735129,-1,1,3,1,1,3646,0.025844521246102883,0.080000000000000002,0.054155478753897118,0,0.098629258967698669,0.098629258967698669,0.18183545516902699,0,1,1,0,0.00054854635216675812,0,nan,nan,nan,nan,nan,nan,0,0,0,0,0,nan,0.4539221064179923,-0.0096434313393776016,-0.00030501906655682842,0.024884888175719377,0,0.031740737264432849
366,21,1,0.3303860910167849,0.10915496913735129,-1,-1,3,1,1,3646,0.025844521246102883,0.080000000000000002,0.054155478753897118,0,0.098629258967698669,0.098629258967698669,0.18183545516902699,0,1,1,0,0.00054854635216675812,0,nan,nan,nan,nan,nan,nan,0,0,0,0,0,nan,0.4539221064179923,-0.0096434313393776016,-0.00030501906655682842,0.0080857471254702547,0,0.031740737264432849
367,9,19,0.33083451538268505,0.10945147656849608,1,1,1,0,1,2589,0.0086059645276715512,0.062325862144111087,0.053719897616439534,0,0.10000000000000001,0.10000000000000001,0.12984302973765591,0,0,1,1,0.00077249903437620702,0,nan,nan,nan,nan,nan,nan,0,0,0,0,0,nan,0.0038624951718810351,-5.7139376529555686e-06,2.5407491501608587e-05,4.7016266976133012e-07,0,0.0053810127574055048
367,9,19,0.33083451538268505,0.10945147656849608,1,1,3,1,1,2497,0.025913706661247406,0.080000000000000002,0.054086293338752596,0,0.098444506012240862,0.098444506012240862,0.11715008613886679,0,1,1,0,0.00080096115338406087,0,nan,nan,nan,nan,nan,nan,0,0,0,0,0,nan,0.67521025230276333,-0.0096179142309606638,-0.00030667841850941561,0.036256927477464305,0,0.031667426378650804
367,9,19,0.33083451538268505,0.10945147656849608,1,-1,3,1,1,2497,0.025913706661247406,0.080000000000000002,0.054086293338752596,0,0.098444506012240862,0.098444506012240862,0.11715008613886679,0,1,1,0,0.00080096115338406087,0,nan,nan,nan,nan,nan,nan,0,0,0,0,0,nan,0.67521025230276333,-0.0096179142309606638,-0.00030667841850941561,0.011790165965965549,0,0.031667426378650804
367,9,19,0.33083451538268505,0.10945147656849608,-1,1,1,0,1,300,0,0.0087561181254796859,0.0087561181254796859,0,0.0088088333619983448,0.0088088333619983448,0.012551915332346401,1,0,1,0,0.0066666666666666671,0,nan,nan,nan,nan,nan,nan,0,0,0,0,0,nan,0.026666666666666668,-2.1486819070431411e-07,2.7105054312137611e-20,2.8861613994340678e-06,0,0.00069418275838321864
367,9,19,0.33083451538268505,0.10945147656849608,-1,1,3,1,1,3649,0.025913706661247406,0.080000000000000002,0.054086293338752596,0,0.098444506012240862,0.098444506012240862,0.18171830903565056,0,1,1,0,0.00054809536859413543,0,nan,nan,nan,nan,nan,nan,0,0,0,0,0,nan,0.45491915593313237,-0.0096179142309606638,-0.00030667841850941561,0.024798814720485094,0,0.031667426378650804
367,9,19,0.33083451538268505,0.10945147656849608,-1,-1,3,1,1,3649,0.025913706661247406,0.080000000000000002,0.054086293338752596,0,0.098444506012240862,0.098444506012240862,0.18171830903565056,0,1,1,0,0.00054809536859413543,0,nan,nan,nan,nan,nan,nan,0,0,0,0,0,nan,0.45491915593313237,-0.0096179142309606638,-0.00030667841850941561,0.0080621893206445309,0,0.031667426378650804
368,19,9,0.33083451538268505,0.10945147656849608,1,1,1,0,1,2589,0.0086059645276715512,0.062325862144111087,0.053719897616439534,0,0.10000000000000001,0.10000000000000001,0.12984302973765591,0,0,1,1,0.00077249903437620702,0,nan,nan,nan,nan,nan,nan,0,0,0,0,0,nan,0.0038624951718810351,-5.7139376529555686e-06,2.5407491501608587e-05,4.7016266976133012e-07,0,0.0053810127574055048
368,19,9,0.33083451538268505,0.10945147656849608,1,1,3,1,1,2497,0.025913706661247406,0.080000000000000002,0.054086293338752596,0,0.098444506012240862,0.098444506012240862,0.11715008613886679,0,1,1,0,0.00080096115338406087,0,nan,nan,nan,nan,nan,nan,0,0,0,0,0,nan,0.67521025230276333,-0.0096179142309606638,-0.00030667841850941561,0.036256927477464305,0,0.031667426378650804
368,19,9,0.33083451538268505,0.10945147656849608,1,-1,3,1,1,2497,0.025913706661247406,0.080000000000000002,0.054086293338752596,0,0.098444506012240862,0.098444506012240862,0.11715008613886679,0,1,1,0,0.00080096115338406087,0,nan,nan,nan,nan,nan,nan,0,0,0,0,0,nan,0.67521025230276333,-0.0096179142309606638,-0.00030667841850941561,0.011790165965965549,0,0.031667426378650804
368,19,9,0.33083451538268505,0.10945147656849608,-1,1,1,0,1,300,0,0.0087561181254796859,0.0087561181254796859,0,0.0088088333619983448,0.0088088333619983448,0.012551915332346401,1,0,1,0,0.0066666666666666671,0,nan,nan,nan,nan,nan,nan,0,0,0,0,0,nan,0.026666666666666668,-2.1486819070431411e-07,2.7105054312137611e-20,2.8861613994340678e-06,0,0.00069418275838321864
368,19,9,0.33083451538268505,0.10945147656849608,-1,1,3,1,1,3649,0.025913706661247406,0.080000000000000002,0.054086293338752596,0,0.098444506012240862,0.098444506012240862,0.18171830903565056,0,1,1,0,0.00054809536859413543,0,nan,nan,nan,nan,nan,nan,0,0,0,0,0,nan,0.45491915593313237,-0.0096179142309606638,-0.00030667841850941561,0.024798814720485094,0,0.031667426378650804
368,19,9,0.33083451538268505,0.10945147656849608,-1,-1,3,1,1,3649,0.025913706661247406,0.080000000000000002,0.054086293338752596,0,0.098444506012240862,0.098444506012240862,0.18171830903565056,0,1,1,0,0.00054809536859413543,0,nan,nan,nan,nan,nan,nan,0,0,0,0,0,nan,0.45491915593313237,-0.0096179142309606638,-0.00030667841850941561,0.0080621893206445309,0,0.031667426378650804
369,2,21,0.33151556512525671,0.10990256992031833,1,1,1,0,1,2589,0.0086411271024166292,0.062324841580754055,0.053683714478337426,0,0.10000000000000001,0.10000000000000001,0.12980066458629635,0,0,1,1,0.00077249903437620702,0,nan,nan,nan,nan,nan,nan,0,0,0,0,0,nan,0.004248744689069139,-5.6313893184529106e-06,2.526801081971809e-05,5.1625153871337634e-07,0,0.0053988030140915905
369,2,21,0.33151556512525671,0.10990256992031833,1,1,3,1,1,2491,0.026018990507462376,0.080000000000000002,0.053981009492537625,0,0.098164989181556694,0.098164989181556694,0.11681468802697306,0,1,1,0,0.00080289040545965479,0,nan,nan,nan,nan,nan,nan,0,0,0,0,0,nan,0.67804094741067844,-0.0095795198776800743,-0.00030921151680231578,0.036218971699211913,0,0.031557182188507012
369,2,21,0.33151556512525671,0.10990256992031833,1,-1,3,1,1,2491,0.026018990507462376,0.080000000000000002,0.053981009492537625,0,0.098164989181556694,0.098164989181556694,0.11681468802697306,0,1,1,0,0.00080289040545965479,0,nan,nan,nan,nan,nan,nan,0,0,0,0,0,nan,0.67804094741067844,-0.0095795198776800743,-0.00030921151680231578,0.011785034252300744,0,0.031557182188507012
369,2,21,0.33151556512525671,0.10990256992031833,-1,1,1,0,1,302,0,0.0087922055936254656,0.0087922055936254656,0,0.0088453640711687442,0.0088453640711687442,0.01262088826912244,1,0,1,0,0.0066225165562913907,0,nan,nan,nan,nan,nan,nan,0,0,0,0,0,nan,0.029801324503311258,-2.6784158894439672e-07,0,3.7733243082698075e-06,0,0.0006999344832178887
369,2,21,0.33151556512525671,0.10990256992031833,-1,1,3,1,1,3643,0.026018990507462376,0.080000000000000002,0.053981009492537625,0,0.098164989181556694,0.098164989181556694,0.18130543925470738,0,1,1,0,0.00054899807850672519,0,nan,nan,nan,nan,nan,nan,0,0,0,0,0,nan,0.4559429041998353,-0.0095795198776800743,-0.00030921151680231578,0.024752818463960231,0,0.031557182188507012
369,2,21,0.33151556512525671,0.10990256992031833,-1,-1,3,1,1,3643,0.026018990507462376,0.080000000000000002,0.053981009492537625,0,0.098164989181556694,0.098164989181556694,0.18130543925470738,0,1,1,0,0.00054899807850672519,0,nan,nan,nan,nan,nan,nan,0,0,0,0,0,nan,0.4559429041998353,-0.0095795198776800743,-0.00030921151680231578,0.0080519466777035156,0,0.031557182188507012
370,21,2,0.33151556512525671,0.10990256992031833,1,1,1,0,1,2589,0.0086411271024166292,0.062324841580754055,0.053683714478337426,0,0.10000000000000001,0.10000000000000001,0.12980066458629635,0,0,1,1,0.00077249903437620702,0,nan,nan,nan,nan,nan,nan,0,0,0,0,0,nan,0.004248744689069139,-5.6313893184529106e-06,2.526801081971809e-05,5.1625153871337634e-07,0,0.0053988030140915905
370,21,2,0.33151556512525671,0.10990256992031833,1,1,3,1,1,2491,0.026018990507462376,0.080000000000000002,0.053981009492537625,0,0.098164989181556694,0.098164989181556694,0.11681468802697306,0,1,1,0,0.00080289040545965479,0,nan,nan,nan,nan,nan,nan,0,0,0,0,0,nan,0.67804094741067844,-0.0095795198776800743,-0.00030921151680231578,0.036218971699211913,0,0.031557182188507012
370,21,2,0.33151556512525671,0.10990256992031833,1,-1,3,1,1,2491,0.026018990507462376,0.080000000000000002,0.053981009492537625,0,0.098164989181556694,0.098164989181556694,0.11681468802697306,0,1,1,0,0.00080289040545965479,0,nan,nan,nan,nan,nan,nan,0,0,0,0,0,nan,0.67804094741067844,-0.0095795198776800743,-0.00030921151680231578,0.011785034252300744,0,0.031557182188507012
370,21,2,0.33151556512525671,0.10990256992031833,-1,1,1,0,1,302,0,0.0087922055936254656,0.0087922055936254656,0,0.0088453640711687442,0.0088453640711687442,0.01262088826912244,1,0,1,0,0.0066225165562913907,0,nan,nan,nan,nan,nan,nan,0,0,0,0,0,nan,0.029801324503311258,-2.6784158894439672e-07,0,3.7733243082698075e-06,0,0.0006999344832178887
370,21,2,0.33151556512525671,0.10990256992031833,-1,1,3,1,1,3643,0.026018990507462376,0.080000000000000002,0.053981009492537625,0,0.098164989181556694,0.098164989181556694,0.18130543925470738,0,1,1,0,0.00054899807850672519,0,nan,nan,nan,nan,nan,nan,0,0,0,0,0,nan,0.4559429041998353,-0.0095795198776800743,-0.00030921151680231578,0.024752818463960231,0,0.031557182188507012
370,21,2,0.33151556512525671,0.10990256992031833,-1,-1,3,1,1,3643,0.026018990507462376,0.080000000000000002,0.053981009492537625,0,0.098164989181556694,0.098164989181556694,0.18130543925470738,0,1,1,0,0.00054899807850672519,0,nan,nan,nan,nan,nan,nan,0,0,0,0,0,nan,0.4559429041998353,-0.0095795198776800743,-0.00030921151680231578,0.0080519466777035156,0,0.031557182188507012
371,11,18,0.33209639414794168,0.11028801500606504,1,1,1,0,1,2588,0.0086711831719217258,0.062323966726255141,0.053652783554333415,0,0.10000000000000001,0.10000000000000001,0.12976683077134757,0,0,1,1,0.00077279752704791343,0,nan,nan,nan,nan,nan,nan,0,0,0,0,0,nan,0.004250386398763524,-5.3953355560754372e-06,2.5144359027302573e-05,4.8652386915689707e-07,0,0.0054140415915649156
371,11,18,0.33209639414794168,0.11028801500606504,1,1,3,1,1,2484,0.026108978860469353,0.080000000000000002,0.053891021139530648,0,0.097927602232453018,0.097927602232453018,0.11652750574998061,0,1,1,0,0.00080515297906602254,0,nan,nan,nan,nan,nan,nan,0,0,0,0,0,nan,0.67954911433172305,-0.0095471113614372972,-0.00031138422410183751,0.036188733575354008,0,0.03146418502911931
371,11,18,0.33209639414794168,0.11028801500606504,1,-1,3,1,1,2484,0.026108978860469353,0.080000000000000002,0.053891021139530648,0,0.097927602232453018,0.097927602232453018,0.11652750574998061,0,1,1,0,0.00080515297906602254,0,nan,nan,nan,nan,nan,nan,0,0,0,0,0,nan,0.67954911433172305,-0.0095471113614372972,-0.00031138422410183751,0.011783361873721455,0,0.03146418502911931
371,11,18,0.33209639414794168,0.11028801500606504,-1,1,1,0,1,306,0,0.0088230412004852033,0.0088230412004852033,0,0.0088765783076931136,0.0088765783076931136,0.012799761132856573,1,0,1,0,0.0065359477124183009,0,nan,nan,nan,nan,nan,nan,0,0,0,0,0,nan,0.035947712418300651,-8.5982334961895207e-07,8.1985589720588573e-07,3.8618163620487534e-06,0,0.00070486790153703001
371,11,18,0.33209639414794168,0.11028801500606504,-1,1,3,1,1,3636,0.026108978860469353,0.080000000000000002,0.053891021139530648,0,0.097927602232453018,0.097927602232453018,0.18101245215124884,0,1,1,0,0.00055005500550055003,0,nan,nan,nan,nan,nan,nan,0,0,0,0,0,nan,0.45709570957095708,-0.0095471113614372972,-0.00031138422410183751,0.024710144386355475,0,0.03146418502911931
371,11,18,0.33209639414794168,0.11028801500606504,-1,-1,3,1,1,3636,0.026108978860469353,0.080000000000000002,0.053891021139530648,0,0.097927602232453018,0.097927602232453018,0.18101245215124884,0,1,1,0,0.00055005500550055003,0,nan,nan,nan,nan,nan,nan,0,0,0,0,0,nan,0.45709570957095708,-0.0095471113614372972,-0.00031138422410183751,0.0080436083562677261,0,0.03146418502911931
372,18,11,0.33209639414794168,0.11028801500606504,1,1,1,0,1,2588,0.0086711831719217258,0.062323966726255141,0.053652783554333415,0,0.10000000000000001,0.10000000000000001,0.12976683077134757,0,0,1,1,0.00077279752704791343,0,nan,nan,nan,nan,nan,nan,0,0,0,0,0,nan,0.004250386398763524,-5.3953355560754372e-06,2.5144359027302573e-05,4.8652386915689707e-07,0,0.0054140415915649156
372,18,11,0.33209639414794168,0.11028801500606504,1,1,3,1,1,2484,0.026108978860469353,0.080000000000000002,0.053891021139530648,0,0.097927602232453018,0.097927602232453018,0.11652750574998061,0,1,1,0,0.00080515297906602254,0,nan,nan,nan,nan,nan,nan,0,0,0,0,0,nan,0.67954911433172305,-0.0095471113614372972,-0.00031138422410183751,0.036188733575354008,0,0.03146418502911931
372,18,11,0.33209639414794168,0.11028801500606504,1,-1,3,1,1,2484,0.026108978860469353,0.080000000000000002,0.053891021139530648,0,0.097927602232453018,0.097927602232453018,0.11652750574998061,0,1,1,0,0.00080515297906602254,0,nan,nan,nan,nan,nan,nan,0,0,0,0,0,nan,0.67954911433172305,-0.0095471113614372972,-0.00031138422410183751,0.011783361873721455,0,0.03146418502911931
372,18,11,0.33209639414794168,0.11028801500606504,-1,1,1,0,1,306,0,0.0088230412004852033,0.0088230412004852033,0,0.0088765783076931136,0.0088765783076931136,0.012799761132856573,1,0,1,0,0.0065359477124183009,0,nan,nan,nan,nan,nan,nan,0,0,0,0,0,nan,0.035947712418300651,-8.5982334961895207e-07,8.1985589720588573e-07,3.8618163620487534e-06,0,0.00070486790153703001
372,18,11,0.33209639414794168,0.11028801500606504,-1,1,3,1,1,3636,0.026108978860469353,0.080000000000000002,0.053891021139530648,0,0.097927602232453018,0.097927602232453018,0.18101245215124884,0,1,1,0,0.00055005500550055003,0,nan,nan,nan,nan,nan,nan,0,0,0,0,0,nan,0.45709570957095708,-0.0095471113614372972,-0.00031138422410183751,0.024710144386355475,0,0.03146418502911931
372,18,11,0.33209639414794168,0.11028801500606504,-1,-1,3,1,1,3636,0.026108978860469353,0.080000000000000002,0.053891021139530648,0,0.097927602232453018,0.097927602232453018,0.18101245215124884,0,1,1,0,0.00055005500550055003,0,nan,nan,nan,nan,nan,nan,0,0,0,0,0,nan,0.45709570957095708,-0.0095471113614372972,-0.00031138422410183751,0.0080436083562677261,0,0.03146418502911931
373,7,20,0.33326367829491815,0.1110646792706587,1,1,1,0,1,2587,0.0087317660984564584,0.062322196795599902,0.053590430697143442,0,0.10000000000000001,0.10000000000000001,0.12969876296853838,0,0,1,1,0.00077309625048318511,0,nan,nan,nan,nan,nan,nan,0,0,0,0,0,nan,0.0046385775028991109,-4.7619730774739217e-06,2.4882874193862397e-05,5.4394906868552272e-07,0,0.0054448508378345398
373,7,20,0.33326367829491815,0.1110646792706587,1,1,3,1,1,2475,0.026290378776694143,0.080000000000000002,0.053709621223305859,0,0.097453303381854789,0.097453303381854789,0.11594006980654585,0,1,1,0,0.00080808080808080808,0,nan,nan,nan,nan,nan,nan,0,0,0,0,0,nan,0.68606060606060604,-0.0094829062603625554,-0.00031578529232625366,0.036104498896980426,0,0.031280112242897062
373,7,20,0.33326367829491815,0.1110646792706587,1,-1,3,1,1,2475,0.026290378776694143,0.080000000000000002,0.053709621223305859,0,0.097453303381854789,0.097453303381854789,0.11594006980654585,0,1,1,0,0.00080808080808080808,0,nan,nan,nan,nan,nan,nan,0,0,0,0,0,nan,0.68606060606060604,-0.0094829062603625554,-0.00031578529232625366,0.011768884777104515,0,0.031280112242897062
373,7,20,0.33326367829491815,0.1110646792706587,-1,1,1,0,1,308,0,0.0088851743416526949,0.0088851743416526949,0,0.0089394800654995273,0.0089394800654995273,0.012861697208033457,1,0,1,0,0.0064935064935064939,0,nan,nan,nan,nan,nan,nan,0,0,0,0,0,nan,0.035714285714285712,-1.0884966836309377e-06,5.084534641090115e-08,4.3698643223488025e-06,0,0.0007148617623277322
373,7,20,0.33326367829491815,0.1110646792706587,-1,1,3,1,1,3637,0.026290378776694143,0.080000000000000002,0.053709621223305859,0,0.097453303381854789,0.097453303381854789,0.180840985855025,0,1,1,0,0.0005499037668408029,0,nan,nan,nan,nan,nan,nan,0,0,0,0,0,nan,0.46026945284575199,-0.0094829062603625554,-0.00031578529232625366,0.024557337512559955,0,0.031280112242897062
373,7,20,0.33326367829491815,0.1110646792706587,-1,-1,3,1,1,3637,0.026290378776694143,0.080000000000000002,0.053709621223305859,0,0.097453303381854789,0.097453303381854789,0.180840985855025,0,1,1,0,0.0005499037668408029,0,nan,nan,nan,nan,nan,nan,0,0,0,0,0,nan,0.46026945284575199,-0.0094829062603625554,-0.00031578529232625366,0.008002922325712699,0,0.031280112242897062
374,20,7,0.33326367829491815,0.1110646792706587,1,1,1,0,1,2587,0.0087317660984564584,0.062322196795599902,0.053590430697143442,0,0.10000000000000001,0.10000000000000001,0.12969876296853838,0,0,1,1,0.00077309625048318511,0,nan,nan,nan,nan,nan,nan,0,0,0,0,0,nan,0.0046385775028991109,-4.7619730774739217e-06,2.4882874193862397e-05,5.4394906868552272e-07,0,0.0054448508378345398
374,20,7,0.33326367829491815,0.1110646792706587,1,1,3,1,1,2475,0.026290378776694143,0.080000000000000002,0.053709621223305859,0,0.097453303381854789,0.097453303381854789,0.11594006980654585,0,1,1,0,0.00080808080808080808,0,nan,nan,nan,nan,nan,nan,0,0,0,0,0,nan,0.68606060606060604,-0.0094829062603625554,-0.00031578529232625366,0.036104498896980426,0,0.031280112242897062
374,20,7,0.33326367829491815,0.1110646792706587,1,-1,3,1,1,2475,0.026290378776694143,0.080000000000000002,0.053709621223305859,0,0.097453303381854789,0.097453303381854789,0.11594006980654585,0,1,1,0,0.00080808080808080808,0,nan,nan,nan,nan,nan,nan,0,0,0,0,0,nan,0.68606060606060604,-0.0094829062603625554,-0.00031578529232625366,0.011768884777104515,0,0.031280112242897062
374,20,7,0.33326367829491815,0.1110646792706587,-1,1,1,0,1,308,0,0.0088851743416526949,0.0088851743416526949,0,0.0089394800654995273,0.0089394800654995273,0.012861697208033457,1,0,1,0,0.0064935064935064939,0,nan,nan,nan,nan,nan,nan,0,0,0,0,0,nan,0.035714285714285712,-1.0884966836309377e-06,5.084534641090115e-08,4.3698643223488025e-06,0,0.0007148617623277322
374,20,7,0.33326367829491815,0.1110646792706587,-1,1,3,1,1,3637,0.026290378776694143,0.080000000000000002,0.053709621223305859,0,0.097453303381854789,0.097453303381854789,0.180840985855025,0,1,1,0,0.0005499037668408029,0,nan,nan,nan,nan,nan,nan,0,0,0,0,0,nan,0.46026945284575199,-0.0094829062603625554,-0.00031578529232625366,0.024557337512559955,0,0.031280112242897062
374,20,7,0.33326367829491815,0.1110646792706587,-1,-1,3,1,1,3637,0.026290378776694143,0.080000000000000002,0.053709621223305859,0,0.097453303381854789,0.097453303381854789,0.180840985855025,0,1,1,0,0.0005499037668408029,0,nan,nan,nan,nan,nan,nan,0,0,0,0,0,nan,0.46026945284575199,-0.0094829062603625554,-0.00031578529232625366,0.008002922325712699,0,0.031280112242897062
375,3,21,0.33338920828931862,0.11114836420377866,1,1,1,0,1,2587,0.0087382953785499692,0.062322005563952149,0.053583710185402179,0,0.10000000000000001,0.10000000000000001,0.12969133098403085,0,0,1,1,0.00077309625048318511,0,nan,nan,nan,nan,nan,nan,0,0,0,0,0,nan,0.0046385775028991109,-4.9628955617690143e-06,2.485372710852511e-05,5.6091855770212369e-07,0,0.005448178742738112
375,3,21,0.33338920828931862,0.11114836420377866,1,1,3,1,1,2475,0.026309929355922853,0.080000000000000002,0.053690070644077145,0,0.097402507509816869,0.097402507509816869,0.11587998936129956,0,1,1,0,0.00080808080808080808,0,nan,nan,nan,nan,nan,nan,0,0,0,0,0,nan,0.68686868686868685,-0.009476073101991344,-0.00031626134694850115,0.036114449693861406,0,0.03126053491499238
375,3,21,0.33338920828931862,0.11114836420377866,1,-1,3,1,1,2475,0.026309929355922853,0.080000000000000002,0.053690070644077145,0,0.097402507509816869,0.097402507509816869,0.11587998936129956,0,1,1,0,0.00080808080808080808,0,nan,nan,nan,nan,nan,nan,0,0,0,0,0,nan,0.68686868686868685,-0.009476073101991344,-0.00031626134694850115,0.011770979525640215,0,0.03126053491499238
375,3,21,0.33338920828931862,0.11114836420377866,-1,1,1,0,1,308,0,0.0088918691363022925,0.0088918691363022925,0,0.0089462584550355218,0.0089462584550355218,0.01286989210878127,1,0,1,0,0.0064935064935064939,0,nan,nan,nan,nan,nan,nan,0,0,0,0,0,nan,0.035714285714285712,-1.0644193294904309e-06,2.7105054312137611e-20,4.4852065142885464e-06,0,0.00071594286486473225
375,3,21,0.33338920828931862,0.11114836420377866,-1,1,3,1,1,3641,0.026309929355922853,0.080000000000000002,0.053690070644077145,0,0.097402507509816869,0.097402507509816869,0.18087428816540141,0,1,1,0,0.00054929964295523208,0,nan,nan,nan,nan,nan,nan,0,0,0,0,0,nan,0.46168634990387258,-0.009476073101991344,-0.00031626134694850115,0.024541291561445081,0,0.03126053491499238
375,3,21,0.33338920828931862,0.11114836420377866,-1,-1,3,1,1,3641,0.026309929355922853,0.080000000000000002,0.053690070644077145,0,0.097402507509816869,0.097402507509816869,0.18087428816540141,0,1,1,0,0.00054929964295523208,0,nan,nan,nan,nan,nan,nan,0,0,0,0,0,nan,0.46168634990387258,-0.009476073101991344,-0.00031626134694850115,0.0079977189626686453,0,0.03126053491499238
376,21,3,0.33338920828931862,0.11114836420377866,1,1,1,0,1,2587,0.0087382953785499692,0.062322005563952149,0.053583710185402179,0,0.10000000000000001,0.10000000000000001,0.12969133098403085,0,0,1,1,0.00077309625048318511,0,nan,nan,nan,nan,nan,nan,0,0,0,0,0,nan,0.0046385775028991109,-4.9628955617690143e-06,2.485372710852511e-05,5.6091855770212369e-07,0,0.005448178742738112
376,21,3,0.33338920828931862,0.11114836420377866,1,1,3,1,1,2475,0.026309929355922853,0.080000000000000002,0.053690070644077145,0,0.097402507509816869,0.097402507509816869,0.11587998936129956,0,1,1,0,0.00080808080808080808,0,nan,nan,nan,nan,nan,nan,0,0,0,0,0,nan,0.68686868686868685,-0.009476073101991344,-0.00031626134694850115,0.036114449693861406,0,0.03126053491499238
376,21,3,0.33338920828931862,0.11114836420377866,1,-1,3,1,1,2475,0.026309929355922853,0.080000000000000002,0.053690070644077145,0,0.097402507509816869,0.097402507509816869,0.11587998936129956,0,1,1,0,0.00080808080808080808,0,nan,nan,nan,nan,nan,nan,0,0,0,0,0,nan,0.68686868686868685,-0.009476073101991344,-0.00031626134694850115,0.011770979525640215,0,0.03126053491499238
376,21,3,0.33338920828931862,0.11114836420377866,-1,1,1,0,1,308,0,0.0088918691363022925,0.0088918691363022925,0,0.0089462584550355218,0.0089462584550355218,0.01286989210878127,1,0,1,0,0.0064935064935064939,0,nan,nan,nan,nan,nan,nan,0,0,0,0,0,nan,0.035714285714285712,-1.0644193294904309e-06,2.7105054312137611e-20,4.4852065142885464e-06,0,0.00071594286486473225
376,21,3,0.33338920828931862,0.11114836420377866,-1,1,3,1,1,3641,0.026309929355922853,0.080000000000000002,0.053690070644077145,0,0.097402507509816869,0.097402507509816869,0.18087428816540141,0,1,1,0,0.00054929964295523208,0,nan,nan,nan,nan,nan,nan,0,0,0,0,0,nan,0.46168634990387258,-0.009476073101991344,-0.00031626134694850115,0.024541291561445081,0,0.03126053491499238
376,21,3,0.33338920828931862,0.11114836420377866,-1,-1,3,1,1,3641,0.026309929355922853,0.080000000000000002,0.053690070644077145,0,0.097402507509816869,0.097402507509816869,0.18087428816540141,0,1,1,0,0.00054929964295523208,0,nan,nan,nan,nan,nan,nan,0,0,0,0,0,nan,0.46168634990387258,-0.009476073101991344,-0.00031626134694850115,0.0079977189626686453,0,0.03126053491499238
377,15,15,0.33410875161086706,0.11162865790297206,1,1,1,0,1,2586,0.0087757781357818681,0.062320906229283851,0.053545128093501981,0,0.10000000000000001,0.10000000000000001,0.12964503869211708,0,0,1,1,0.00077339520494972935,0,nan,nan,nan,nan,nan,nan,0,0,0,0,0,nan,0.0046403712296983757,-4.2902728810102699e-06,2.4682829644027948e-05,5.4085100224046356e-07,0,0.0054673094074675624
377,15,15,0.33410875161086706,0.11162865790297206,1,1,3,1,1,2466,0.026422163350591488,0.080000000000000002,0.053577836649408517,0,0.097112169089322339,0.097112169089322339,0.11552563101653476,0,1,1,0,0.0008110300081103001,0,nan,nan,nan,nan,nan,nan,0,0,0,0,0,nan,0.68937550689375504,-0.0094371767172052919,-0.00031900050598960054,0.036081911736812744,0,0.031149144610088362
377,15,15,0.33410875161086706,0.11162865790297206,1,-1,3,1,1,2466,0.026422163350591488,0.080000000000000002,0.053577836649408517,0,0.097112169089322339,0.097112169089322339,0.11552563101653476,0,1,1,0,0.0008110300081103001,0,nan,nan,nan,nan,nan,nan,0,0,0,0,0,nan,0.68937550689375504,-0.0094371767172052919,-0.00031900050598960054,0.011770432636684631,0,0.031149144610088362
377,15,15,0.33410875161086706,0.11162865790297206,-1,1,1,0,1,309,0,0.008930292632237765,0.008930292632237765,0,0.0089851611796959389,0.0089851611796959389,0.01291714855086604,1,0,1,0,0.0064724919093851136,0,nan,nan,nan,nan,nan,nan,0,0,0,0,0,nan,0.038834951456310676,-8.5801381074352128e-07,2.8104121214478708e-08,4.6056007797832149e-06,0,0.00072216335198230241
377,15,15,0.33410875161086706,0.11162865790297206,-1,1,3,1,1,3630,0.026422163350591488,0.080000000000000002,0.053577836649408517,0,0.097112169089322339,0.097112169089322339,0.18040074013386143,0,1,1,0,0.00055096418732782364,0,nan,nan,nan,nan,nan,nan,0,0,0,0,0,nan,0.46198347107438015,-0.0094371767172052919,-0.00031900050598960054,0.024499796099236124,0,0.031149144610088362
377,15,15,0.33410875161086706,0.11162865790297206,-1,-1,3,1,1,3630,0.026422163350591488,0.080000000000000002,0.053577836649408517,0,0.097112169089322339,0.097112169089322339,0.18040074013386143,0,1,1,0,0.00055096418732782364,0,nan,nan,nan,nan,nan,nan,0,0,0,0,0,nan,0.46198347107438015,-0.0094371767172052919,-0.00031900050598960054,0.007990221465192628,0,0.031149144610088362
378,14,16,0.33483307741535684,0.11211318973143836,1,1,1,0,1,2585,0.0088136019653133925,0.062319794310292484,0.053506192344979095,0,0.10000000000000001,0.10000000000000001,0.12960334876212937,0,0,1,1,0.00077369439071566729,0,nan,nan,nan,nan,nan,nan,0,0,0,0,0,nan,0.0046421663442940036,-3.8213032112616163e-06,2.4504247836311892e-05,5.3310241552580301e-07,0,0.0054866617681293616
378,14,16,0.33483307741535684,0.11211318973143836,1,1,3,1,1,2461,0.026535424730900026,0.080000000000000002,0.053464575269099979,0,0.096821240046358684,0.096821240046358684,0.11516763713076436,0,1,1,0,0.00081267777326290123,0,nan,nan,nan,nan,nan,nan,0,0,0,0,0,nan,0.69402681836651769,-0.009398473434618743,-0.00032177580318099193,0.036038892125207778,0,0.031038390785996815
378,14,16,0.33483307741535684,0.11211318973143836,1,-1,3,1,1,2461,0.026535424730900026,0.080000000000000002,0.053464575269099979,0,0.096821240046358684,0.096821240046358684,0.11516763713076436,0,1,1,0,0.00081267777326290123,0,nan,nan,nan,nan,nan,nan,0,0,0,0,0,nan,0.69402681836651769,-0.009398473434618743,-0.00032177580318099193,0.011763426568860424,0,0.031038390785996815
378,14,16,0.33483307741535684,0.11211318973143836,-1,1,1,0,1,309,0,0.0089690551785150674,0.0089690551785150674,0,0.0090244087519447333,0.0090244087519447333,0.012965278828904832,1,0,1,0,0.0064724919093851136,0,nan,nan,nan,nan,nan,nan,0,0,0,0,0,nan,0.032362459546925564,-7.7004059354857709e-07,2.7105054312137611e-20,3.8366099542777719e-06,0,0.00072846610268366744
378,14,16,0.33483307741535684,0.11211318973143836,-1,1,3,1,1,3623,0.026535424730900026,0.080000000000000002,0.053464575269099979,0,0.096821240046358684,0.096821240046358684,0.17990997079597362,0,1,1,0,0.00055202870549268563,0,nan,nan,nan,nan,nan,nan,0,0,0,0,0,nan,0.46232404085012418,-0.009398473434618743,-0.00032177580318099193,0.024463129203848803,0,0.031038390785996815
378,14,16,0.33483307741535684,0.11211318973143836,-1,-1,3,1,1,3623,0.026535424730900026,0.080000000000000002,0.053464575269099979,0,0.096821240046358684,0.096821240046358684,0.17990997079597362,0,1,1,0,0.00055202870549268563,0,nan,nan,nan,nan,nan,nan,0,0,0,0,0,nan,0.46232404085012418,-0.009398473434618743,-0.00032177580318099193,0.007982121152998272,0,0.031038390785996815
379,16,14,0.33483307741535684,0.11211318973143836,1,1,1,0,1,2585,0.0088136019653133925,0.062319794310292484,0.053506192344979095,0,0.10000000000000001,0.10000000000000001,0.12960334876212937,0,0,1,1,0.00077369439071566729,0,nan,nan,nan,nan,nan,nan,0,0,0,0,0,nan,0.0046421663442940036,-3.8213032112616163e-06,2.4504247836311892e-05,5.3310241552580301e-07,0,0.0054866617681293616
379,16,14,0.33483307741535684,0.11211318973143836,1,1,3,1,1,2461,0.026535424730900026,0.080000000000000002,0.053464575269099979,0,0.096821240046358684,0.096821240046358684,0.11516763713076436,0,1,1,0,0.00081267777326290123,0,nan,nan,nan,nan,nan,nan,0,0,0,0,0,nan,0.69402681836651769,-0.009398473434618743,-0.00032177580318099193,0.036038892125207778,0,0.031038390785996815
379,16,14,0.33483307741535684,0.11211318973143836,1,-1,3,1,1,2461,0.026535424730900026,0.080000000000000002,0.053464575269099979,0,0.096821240046358684,0.096821240046358684,0.11516763713076436,0,1,1,0,0.00081267777326290123,0,nan,nan,nan,nan,nan,nan,0,0,0,0,0,nan,0.69402681836651769,-0.009398473434618743,-0.00032177580318099193,0.011763426568860424,0,0.031038390785996815
379,16,14,0.33483307741535684,0.11211318973143836,-1,1,1,0,1,309,0,0.0089690551785150674,0.0089690551785150674,0,0.0090244087519447333,0.0090244087519447333,0.012965278828904832,1,0,1,0,0.0064724919093851136,0,nan,nan,nan,nan,nan,nan,0,0,0,0,0,nan,0.032362459546925564,-7.7004059354857709e-07,2.7105054312137611e-20,3.8366099542777719e-06,0,0.00072846610268366744
379,16,14,0.33483307741535684,0.11211318973143836,-1,1,3,1,1,3623,0.026535424730900026,0.080000000000000002,0.053464575269099979,0,0.096821240046358684,0.096821240046358684,0.17990997079597362,0,1,1,0,0.00055202870549268563,0,nan,nan,nan,nan,nan,nan,0,0,0,0,0,nan,0.46232404085012418,-0.009398473434618743,-0.00032177580318099193,0.024463129203848803,0,0.031038390785996815
379,16,14,0.33483307741535684,0.11211318973143836,-1,-1,3,1,1,3623,0.026535424730900026,0.080000000000000002,0.053464575269099979,0,0.096821240046358684,0.096821240046358684,0.17990997079597362,0,1,1,0,0.00055202870549268563,0,nan,nan,nan,nan,nan,nan,0,0,0,0,0,nan,0.46232404085012418,-0.009398473434618743,-0.00032177580318099193,0.007982121152998272,0,0.031038390785996815
380,4,21,0.33599410933776674,0.11289204150967914,1,1,1,0,1,2584,0.0088739677874083191,0.062318001627916932,0.053444033840508609,0,0.10000000000000001,0.10000000000000001,0.12953456729048629,0,0,1,1,0.00077399380804953565,0,nan,nan,nan,nan,nan,nan,0,0,0,0,0,nan,0.0050309597523219814,-3.8706719208254046e-06,2.4204396243914092e-05,5.973253000274847e-07,0,0.005517879808145958
380,4,21,0.33599410933776674,0.11289204150967914,1,1,3,1,1,2451,0.026716731149004681,0.080000000000000002,0.053283268850995325,0,0.096357660652269181,0.096357660652269181,0.11459476495984364,0,1,1,0,0.00081599347205222358,0,nan,nan,nan,nan,nan,nan,0,0,0,0,0,nan,0.70093839249286005,-0.0093373637969147924,-0.00032626209372731184,0.035975333791737681,0,0.030863692265519941
380,4,21,0.33599410933776674,0.11289204150967914,1,-1,3,1,1,2451,0.026716731149004681,0.080000000000000002,0.053283268850995325,0,0.096357660652269181,0.096357660652269181,0.11459476495984364,0,1,1,0,0.00081599347205222358,0,nan,nan,nan,nan,nan,nan,0,0,0,0,0,nan,0.70093839249286005,-0.0093373637969147924,-0.00032626209372731184,0.011755682798732892,0,0.030863692265519941
380,4,21,0.33599410933776674,0.11289204150967914,-1,1,1,0,1,311,0,0.0090313633207743313,0.0090313633207743313,0,0.0090875011458922284,0.0090875011458922284,0.013043369244991204,1,0,1,0,0.0064308681672025723,0,nan,nan,nan,nan,nan,nan,0,0,0,0,0,nan,0.03215434083601286,-5.5140063995697593e-07,4.6867347733872645e-07,3.9910990084931989e-06,0,0.00073865510540304519
380,4,21,0.33599410933776674,0.11289204150967914,-1,1,3,1,1,3631,0.026716731149004681,0.080000000000000002,0.053283268850995325,0,0.096357660652269181,0.096357660652269181,0.17987828838522485,0,1,1,0,0.000550812448361333,0,nan,nan,nan,nan,nan,nan,0,0,0,0,0,nan,0.46543651886532633,-0.0093373637969147924,-0.00032626209372731184,0.024272713762076896,0,0.030863692265519941
380,4,21,0.33599410933776674,0.11289204150967914,-1,-1,3,1,1,3631,0.026716731149004681,0.080000000000000002,0.053283268850995325,0,0.096357660652269181,0.096357660652269181,0.17987828838522485,0,1,1,0,0.000550812448361333,0,nan,nan,nan,nan,nan,nan,0,0,0,0,0,nan,0.46543651886532633,-0.0093373637969147924,-0.00032626209372731184,0.0079298343649767643,0,0.030863692265519941
381,21,4,0.33599410933776674,0.11289204150967914,1,1,1,0,1,2584,0.0088739677874083191,0.062318001627916932,0.053444033840508609,0,0.10000000000000001,0.10000000000000001,0.12953456729048629,0,0,1,1,0.00077399380804953565,0,nan,nan,nan,nan,nan,nan,0,0,0,0,0,nan,0.0050309597523219814,-3.8706719208254046e-06,2.4204396243914092e-05,5.973253000274847e-07,0,0.005517879808145958
381,21,4,0.33599410933776674,0.11289204150967914,1,1,3,1,1,2451,0.026716731149004681,0.080000000000000002,0.053283268850995325,0,0.096357660652269181,0.096357660652269181,0.11459476495984364,0,1,1,0,0.00081599347205222358,0,nan,nan,nan,nan,nan,nan,0,0,0,0,0,nan,0.70093839249286005,-0.0093373637969147924,-0.00032626209372731184,0.035975333791737681,0,0.030863692265519941
381,21,4,0.33599410933776674,0.11289204150967914,1,-1,3,1,1,2451,0.026716731149004681,0.080000000000000002,0.053283268850995325,0,0.096357660652269181,0.096357660652269181,0.11459476495984364,0,1,1,0,0.00081599347205222358,0,nan,nan,nan,nan,nan,nan,0,0,0,0,0,nan,0.70093839249286005,-0.0093373637969147924,-0.00032626209372731184,0.011755682798732892,0,0.030863692265519941
381,21,4,0.33599410933776674,0.11289204150967914,-1,1,1,0,1,311,0,0.0090313633207743313,0.0090313633207743313,0,0.0090875011458922284,0.0090875011458922284,0.013043369244991204,1,0,1,0,0.0064308681672025723,0,nan,nan,nan,nan,nan,nan,0,0,0,0,0,nan,0.03215434083601286,-5.5140063995697593e-07,4.6867347733872645e-07,3.9910990084931989e-06,0,0.00073865510540304519
381,21,4,0.33599410933776674,0.11289204150967914,-1,1,3,1,1,3631,0.026716731149004681,0.080000000000000002,0.053283268850995325,0,0.096357660652269181,0.096357660652269181,0.17987828838522485,0,1,1,0,0.000550812448361333,0,nan,nan,nan,nan,nan,nan,0,0,0,0,0,nan,0.46543651886532633,-0.0093373637969147924,-0.00032626209372731184,0.024272713762076896,0,0.030863692265519941
381,21,4,0.33599410933776674,0.11289204150967914,-1,-1,3,1,1,3631,0.026716731149004681,0.080000000000000002,0.053283268850995325,0,0.096357660652269181,0.096357660652269181,0.17987828838522485,0,1,1,0,0.000550812448361333,0,nan,nan,nan,nan,nan,nan,0,0,0,0,0,nan,0.46543651886532633,-0.0093373637969147924,-0.00032626209372731184,0.0079298343649767643,0,0.030863692265519941
382,13,17,0.33699653479130548,0.11356666446134756,1,1,1,0,1,2583,0.008925231984039406,0.062316444261817906,0.053391212277778502,0,0.10000000000000001,0.10000000000000001,0.1294775568059138,0,0,1,1,0.00077429345722028649,0,nan,nan,nan,nan,nan,nan,0,0,0,0,0,nan,0.0050329074719318622,-3.4287869559840561e-06,2.3932148572276308e-05,6.2244866124696715e-07,0,0.0055450292381480958
382,13,17,0.33699653479130548,0.11356666446134756,1,1,3,1,1,2442,0.026873849271249924,0.080000000000000002,0.053126150728750078,0,0.095960076160645225,0.095960076160645225,0.11410961495776392,0,1,1,0,0.00081900081900081905,0,nan,nan,nan,nan,nan,nan,0,0,0,0,0,nan,0.70638820638820643,-0.0092855022039705724,-0.00033017311428803326,0.035927858609424462,0,0.030715602731548431
382,13,17,0.33699653479130548,0.11356666446134756,1,-1,3,1,1,2442,0.026873849271249924,0.080000000000000002,0.053126150728750078,0,0.095960076160645225,0.095960076160645225,0.11410961495776392,0,1,1,0,0.00081900081900081905,0,nan,nan,nan,nan,nan,nan,0,0,0,0,0,nan,0.70638820638820643,-0.0092855022039705724,-0.00033017311428803326,0.011750950628540485,0,0.030715602731548431
382,13,17,0.33699653479130548,0.11356666446134756,-1,1,1,0,1,313,0,0.0090853331569078037,0.0090853331569078037,0,0.0091421543884565477,0.0091421543884565477,0.013111321778830275,1,0,1,0,0.0063897763578274758,0,nan,nan,nan,nan,nan,nan,0,0,0,0,0,nan,0.035143769968051117,-3.4480321479718641e-07,1.0492139730256683e-06,4.2702617365442497e-06,0,0.00074753809183612742
382,13,17,0.33699653479130548,0.11356666446134756,-1,1,3,1,1,3630,0.026873849271249924,0.080000000000000002,0.053126150728750078,0,0.095960076160645225,0.095960076160645225,0.17962876283268667,0,1,1,0,0.00055096418732782364,0,nan,nan,nan,nan,nan,nan,0,0,0,0,0,nan,0.46804407713498625,-0.0092855022039705724,-0.00033017311428803326,0.024159032327493928,0,0.030715602731548431
382,13,17,0.33699653479130548,0.11356666446134756,-1,-1,3,1,1,3630,0.026873849271249924,0.080000000000000002,0.053126150728750078,0,0.095960076160645225,0.095960076160645225,0.17962876283268667,0,1,1,0,0.00055096418732782364,0,nan,nan,nan,nan,nan,nan,0,0,0,0,0,nan,0.46804407713498625,-0.0092855022039705724,-0.00033017311428803326,0.0079000858587658825,0,0.030715602731548431
383,17,13,0.33699653479130548,0.11356666446134756,1,1,1,0,1,2583,0.008925231984039406,0.062316444261817906,0.053391212277778502,0,0.10000000000000001,0.10000000000000001,0.1294775568059138,0,0,1,1,0.00077429345722028649,0,nan,nan,nan,nan,nan,nan,0,0,0,0,0,nan,0.0050329074719318622,-3.4287869559840561e-06,2.3932148572276308e-05,6.2244866124696715e-07,0,0.0055450292381480958
383,17,13,0.33699653479130548,0.11356666446134756,1,1,3,1,1,2442,0.026873849271249924,0.080000000000000002,0.053126150728750078,0,0.095960076160645225,0.095960076160645225,0.11410961495776392,0,1,1,0,0.00081900081900081905,0,nan,nan,nan,nan,nan,nan,0,0,0,0,0,nan,0.70638820638820643,-0.0092855022039705724,-0.00033017311428803326,0.035927858609424462,0,0.030715602731548431
383,17,13,0.33699653479130548,0.11356666446134756,1,-1,3,1,1,2442,0.026873849271249924,0.080000000000000002,0.053126150728750078,0,0.095960076160645225,0.095960076160645225,0.11410961495776392,0,1,1,0,0.00081900081900081905,0,nan,nan,nan,nan,nan,nan,0,0,0,0,0,nan,0.70638820638820643,-0.0092855022039705724,-0.00033017311428803326,0.011750950628540485,0,0.030715602731548431
383,17,13,0.33699653479130548,0.11356666446134756,-1,1,1,0,1,313,0,0.0090853331569078037,0.0090853331569078037,0,0.0091421543884565477,0.0091421543884565477,0.013111321778830275,1,0,1,0,0.0063897763578274758,0,nan,nan,nan,nan,nan,nan,0,0,0,0,0,nan,0.035143769968051117,-3.4480321479718641e-07,1.0492139730256683e-06,4.2702617365442497e-06,0,0.00074753809183612742
383,17,13,0.33699653479130548,0.11356666446134756,-1,1,3,1,1,3630,0.026873849271249924,0.080000000000000002,0.053126150728750078,0,0.095960076160645225,0.095960076160645225,0.17962876283268667,0,1,1,0,0.00055096418732782364,0,nan,nan,nan,nan,nan,nan,0,0,0,0,0,nan,0.46804407713498625,-0.0092855022039705724,-0.00033017311428803326,0.024159032327493928,0,0.030715602731548431
383,17,13,0.33699653479130548,0.11356666446134756,-1,-1,3,1,1,3630,0.026873849271249924,0.080000000000000002,0.053126150728750078,0,0.095960076160645225,0.095960076160645225,0.17962876283268667,0,1,1,0,0.00055096418732782364,0,nan,nan,nan,nan,nan,nan,0,0,0,0,0,nan,0.46804407713498625,-0.0092855022039705724,-0.00033017311428803326,0.0079000858587658825,0,0.030715602731548431
384,10,19,0.33788902414633554,0.11416899263856294,1,1,1,0,1,2582,0.0089710382322008547,0.062315050763410748,0.053344012531209892,0,0.10000000000000001,0.10000000000000001,0.12942334003809702,0,0,1,1,0.00077459333849728897,0,nan,nan,nan,nan,nan,nan,0,0,0,0,0,nan,0.005034856700232378,-3.1216820687908237e-06,2.3679437216676222e-05,6.2962483900793847e-07,0,0.0055693540464594286
384,10,19,0.33788902414633554,0.11416899263856294,1,1,3,1,1,2434,0.027014196074930344,0.080000000000000016,0.052985803925069672,0,0.095608117276584373,0.095608117276584373,0.11367501472920886,0,1,1,0,0.00082169268693508624,0,nan,nan,nan,nan,nan,nan,0,0,0,0,0,nan,0.71240755957271984,-0.0092400133259723863,-0.00033368470733066854,0.035903774878105595,0,0.030585842791598546
384,10,19,0.33788902414633554,0.11416899263856294,1,-1,3,1,1,2434,0.027014196074930344,0.080000000000000016,0.052985803925069672,0,0.095608117276584373,0.095608117276584373,0.11367501472920886,0,1,1,0,0.00082169268693508624,0,nan,nan,nan,nan,nan,nan,0,0,0,0,0,nan,0.71240755957271984,-0.0092400133259723863,-0.00033368470733066854,0.011751761163540493,0,0.030585842791598546
384,10,19,0.33788902414633554,0.11416899263856294,-1,1,1,0,1,314,0,0.0091335194110850337,0.0091335194110850337,0,0.0091909555938599584,0.0091909555938599584,0.013172198920698968,1,0,1,0,0.006369426751592357,0,nan,nan,nan,nan,nan,nan,0,0,0,0,0,nan,0.035031847133757961,-2.4064937699787791e-07,6.8528765566940996e-07,4.4030248331608166e-06,0,0.00075551443781318706
384,10,19,0.33788902414633554,0.11416899263856294,-1,1,3,1,1,3622,0.027014196074930344,0.080000000000000016,0.052985803925069672,0,0.095608117276584373,0.095608117276584373,0.17912021941682965,0,1,1,0,0.00055218111540585317,0,nan,nan,nan,nan,nan,nan,0,0,0,0,0,nan,0.46824958586416343,-0.0092400133259723863,-0.00033368470733066854,0.024109775453429676,0,0.030585842791598546
384,10,19,0.33788902414633554,0.11416899263856294,-1,-1,3,1,1,3622,0.027014196074930344,0.080000000000000016,0.052985803925069672,0,0.095608117276584373,0.095608117276584373,0.17912021941682965,0,1,1,0,0.00055218111540585317,0,nan,nan,nan,nan,nan,nan,0,0,0,0,0,nan,0.46824958586416343,-0.0092400133259723863,-0.00033368470733066854,0.0078885691753003331,0,0.030585842791598546
385,19,10,0.33788902414633554,0.11416899263856294,1,1,1,0,1,2582,0.0089710382322008547,0.062315050763410748,0.053344012531209892,0,0.10000000000000001,0.10000000000000001,0.12942334003809702,0,0,1,1,0.00077459333849728897,0,nan,nan,nan,nan,nan,nan,0,0,0,0,0,nan,0.005034856700232378,-3.1216820687908237e-06,2.3679437216676222e-05,6.2962483900793847e-07,0,0.0055693540464594286
385,19,10,0.33788902414633554,0.11416899263856294,1,1,3,1,1,2434,0.027014196074930344,0.080000000000000016,0.052985803925069672,0,0.095608117276584373,0.095608117276584373,0.11367501472920886,0,1,1,0,0.00082169268693508624,0,nan,nan,nan,nan,nan,nan,0,0,0,0,0,nan,0.71240755957271984,-0.0092400133259723863,-0.00033368470733066854,0.035903774878105595,0,0.030585842791598546
385,19,10,0.33788902414633554,0.11416899263856294,1,-1,3,1,1,2434,0.027014196074930344,0.080000000000000016,0.052985803925069672,0,0.095608117276584373,0.095608117276584373,0.11367501472920886,0,1,1,0,0.00082169268693508624,0,nan,nan,nan,nan,nan,nan,0,0,0,0,0,nan,0.71240755957271984,-0.0092400133259723863,-0.00033368470733066854,0.011751761163540493,0,0.030585842791598546
385,19,10,0.33788902414633554,0.11416899263856294,-1,1,1,0,1,314,0,0.0091335194110850337,0.0091335194110850337,0,0.0091909555938599584,0.0091909555938599584,0.013172198920698968,1,0,1,0,0.006369426751592357,0,nan,nan,nan,nan,nan,nan,0,0,0,0,0,nan,0.035031847133757961,-2.4064937699787791e-07,6.8528765566940996e-07,4.4030248331608166e-06,0,0.00075551443781318706
385,19,10,0.33788902414633554,0.11416899263856294,-1,1,3,1,1,3622,0.027014196074930344,0.080000000000000016,0.052985803925069672,0,0.095608117276584373,0.095608117276584373,0.17912021941682965,0,1,1,0,0.00055218111540585317,0,nan,nan,nan,nan,nan,nan,0,0,0,0,0,nan,0.46824958586416343,-0.0092400133259723863,-0.00033368470733066854,0.024109775453429676,0,0.030585842791598546
385,19,10,0.33788902414633554,0.11416899263856294,-1,-1,3,1,1,3622,0.027014196074930344,0.080000000000000016,0.052985803925069672,0,0.095608117276584373,0.095608117276584373,0.17912021941682965,0,1,1,0,0.00055218111540585317,0,nan,nan,nan,nan,nan,nan,0,0,0,0,0,nan,0.46824958586416343,-0.0092400133259723863,-0.00033368470733066854,0.0078885691753003331,0,0.030585842791598546
386,8,20,0.33881308126741311,0.11479430403791868,1,1,1,0,1,2583,0.0090186288045249596,0.062313601563987533,0.053294972759462572,0,0.10000000000000001,0.10000000000000001,0.12937084756696784,0,0,1,1,0.00077429345722028649,0,nan,nan,nan,nan,nan,nan,0,0,0,0,0,nan,0.0058072009291521487,-2.7424820447748599e-06,2.3407630877469353e-05,7.8557112458761271e-07,0,0.0055946909476439757
386,8,20,0.33881308126741311,0.11479430403791868,1,1,3,1,1,2427,0.027159963348102903,0.080000000000000002,0.052840036651897099,0,0.095245686090613665,0.095245686090613665,0.11323707953715992,0,1,1,0,0.00082406262875978574,0,nan,nan,nan,nan,nan,nan,0,0,0,0,0,nan,0.71611042439225381,-0.0091935835546731286,-0.00033734994533248289,0.035823428205065122,0,0.030453530030087932
386,8,20,0.33881308126741311,0.11479430403791868,1,-1,3,1,1,2427,0.027159963348102903,0.080000000000000002,0.052840036651897099,0,0.095245686090613665,0.095245686090613665,0.11323707953715992,0,1,1,0,0.00082406262875978574,0,nan,nan,nan,nan,nan,nan,0,0,0,0,0,nan,0.71611042439225381,-0.0091935835546731286,-0.00033734994533248289,0.011736564717493812,0,0.030453530030087932
386,8,20,0.33881308126741311,0.11479430403791868,-1,1,1,0,1,318,0,0.0091835443230334959,0.0091835443230334959,0,0.0092416222203487754,0.0092416222203487754,0.013235622019062095,1,0,1,0,0.0062893081761006293,0,nan,nan,nan,nan,nan,nan,0,0,0,0,0,nan,0.040880503144654086,-1.5131019685400812e-07,3.6665536161061799e-07,5.6533178931443845e-06,0,0.00076384018622093115
386,8,20,0.33881308126741311,0.11479430403791868,-1,1,3,1,1,3623,0.027159963348102903,0.080000000000000002,0.052840036651897099,0,0.095245686090613665,0.095245686090613665,0.17893449847736925,0,1,1,0,0.00055202870549268563,0,nan,nan,nan,nan,nan,nan,0,0,0,0,0,nan,0.47143251449075352,-0.0091935835546731286,-0.00033734994533248289,0.023983703518900362,0,0.030453530030087932
386,8,20,0.33881308126741311,0.11479430403791868,-1,-1,3,1,1,3623,0.027159963348102903,0.080000000000000002,0.052840036651897099,0,0.095245686090613665,0.095245686090613665,0.17893449847736925,0,1,1,0,0.00055202870549268563,0,nan,nan,nan,nan,nan,nan,0,0,0,0,0,nan,0.47143251449075352,-0.0091935835546731286,-0.00033734994533248289,0.0078553944516643586,0,0.030453530030087932
387,20,8,0.33881308126741311,0.11479430403791868,1,1,1,0,1,2583,0.0090186288045249596,0.062313601563987533,0.053294972759462572,0,0.10000000000000001,0.10000000000000001,0.12937084756696784,0,0,1,1,0.00077429345722028649,0,nan,nan,nan,nan,nan,nan,0,0,0,0,0,nan,0.0058072009291521487,-2.7424820447748599e-06,2.3407630877469353e-05,7.8557112458761271e-07,0,0.0055946909476439757
387,20,8,0.33881308126741311,0.11479430403791868,1,1,3,1,1,2427,0.027159963348102903,0.080000000000000002,0.052840036651897099,0,0.095245686090613665,0.095245686090613665,0.11323707953715992,0,1,1,0,0.00082406262875978574,0,nan,nan,nan,nan,nan,nan,0,0,0,0,0,nan,0.71611042439225381,-0.0091935835546731286,-0.00033734994533248289,0.035823428205065122,0,0.030453530030087932
387,20,8,0.33881308126741311,0.11479430403791868,1,-1,3,1,1,2427,0.027159963348102903,0.080000000000000002,0.052840036651897099,0,0.095245686090613665,0.095245686090613665,0.11323707953715992,0,1,1,0,0.00082406262875978574,0,nan,nan,nan,nan,nan,nan,0,0,0,0,0,nan,0.71611042439225381,-0.0091935835546731286,-0.00033734994533248289,0.011736564717493812,0,0.030453530030087932
387,20,8,0.33881308126741311,0.11479430403791868,-1,1,1,0,1,318,0,0.0091835443230334959,0.0091835443230334959,0,0.0092416222203487754,0.0092416222203487754,0.013235622019062095,1,0,1,0,0.0062893081761006293,0,nan,nan,nan,nan,nan,nan,0,0,0,0,0,nan,0.040880503144654086,-1.5131019685400812e-07,3.6665536161061799e-07,5.6533178931443845e-06,0,0.00076384018622093115
387,20,8,0.33881308126741311,0.11479430403791868,-1,1,3,1,1,3623,0.027159963348102903,0.080000000000000002,0.052840036651897099,0,0.095245686090613665,0.095245686090613665,0.17893449847736925,0,1,1,0,0.00055202870549268563,0,nan,nan,nan,nan,nan,nan,0,0,0,0,0,nan,0.47143251449075352,-0.0091935835546731286,-0.00033734994533248289,0.023983703518900362,0,0.030453530030087932
387,20,8,0.33881308126741311,0.11479430403791868,-1,-1,3,1,1,3623,0.027159963348102903,0.080000000000000002,0.052840036651897099,0,0.095245686090613665,0.095245686090613665,0.17893449847736925,0,1,1,0,0.00055202870549268563,0,nan,nan,nan,nan,nan,nan,0,0,0,0,0,nan,0.47143251449075352,-0.0091935835546731286,-0.00033734994533248289,0.0078553944516643586,0,0.030453530030087932
388,5,21,0.3393127867868812,0.11513316727707951,1,1,1,0,1,2581,0.0090444377368523766,0.062312815311399455,0.053268377574547082,0,0.10000000000000001,0.10000000000000001,0.12934158118823869,0,0,1,1,0.00077489345215032935,0,nan,nan,nan,nan,nan,nan,0,0,0,0,0,nan,0.005424254165052305,-2.5674168754844949e-06,2.325637103302609e-05,7.1533546476847653e-07,0,0.0056084567703869395
388,5,21,0.3393127867868812,0.11513316727707951,1,1,3,1,1,2421,0.027238984310481017,0.080000000000000002,0.052761015689518985,0,0.095050508292561425,0.095050508292561425,0.11299471981363646,0,1,1,0,0.00082610491532424622,0,nan,nan,nan,nan,nan,nan,0,0,0,0,0,nan,0.71788517141676988,-0.0091687528886188266,-0.00033934454290565044,0.035822857143868542,0,0.030382824366264095
388,5,21,0.3393127867868812,0.11513316727707951,1,-1,3,1,1,2421,0.027238984310481017,0.080000000000000002,0.052761015689518985,0,0.095050508292561425,0.095050508292561425,0.11299471981363646,0,1,1,0,0.00082610491532424622,0,nan,nan,nan,nan,nan,nan,0,0,0,0,0,nan,0.71788517141676988,-0.0091687528886188266,-0.00033934454290565044,0.011741469038280042,0,0.030382824366264095
388,5,21,0.3393127867868812,0.11513316727707951,-1,1,1,0,1,316,0,0.0092106533821663603,0.0092106533821663603,0,0.0092690794951050624,0.0092690794951050624,0.013270107428233684,1,0,1,0,0.0063291139240506328,0,nan,nan,nan,nan,nan,nan,0,0,0,0,0,nan,0.034810126582278479,-1.1396071229443023e-07,1.2696961212654259e-06,4.6213693950618736e-06,0,0.00076837107246897267
388,5,21,0.3393127867868812,0.11513316727707951,-1,1,3,1,1,3623,0.027238984310481017,0.080000000000000002,0.052761015689518985,0,0.095050508292561425,0.095050508292561425,0.17888260088043698,0,1,1,0,0.00055202870549268563,0,nan,nan,nan,nan,nan,nan,0,0,0,0,0,nan,0.47170852884349984,-0.0091687528886188266,-0.00033934454290565044,0.023925453047283253,0,0.030382824366264095
388,5,21,0.3393127867868812,0.11513316727707951,-1,-1,3,1,1,3623,0.027238984310481017,0.080000000000000002,0.052761015689518985,0,0.095050508292561425,0.095050508292561425,0.17888260088043698,0,1,1,0,0.00055202870549268563,0,nan,nan,nan,nan,nan,nan,0,0,0,0,0,nan,0.47170852884349984,-0.0091687528886188266,-0.00033934454290565044,0.0078401182005646344,0,0.030382824366264095
389,21,5,0.3393127867868812,0.11513316727707951,1,1,1,0,1,2581,0.0090444377368523766,0.062312815311399455,0.053268377574547082,0,0.10000000000000001,0.10000000000000001,0.12934158118823869,0,0,1,1,0.00077489345215032935,0,nan,nan,nan,nan,nan,nan,0,0,0,0,0,nan,0.005424254165052305,-2.5674168754844949e-06,2.325637103302609e-05,7.1533546476847653e-07,0,0.0056084567703869395
389,21,5,0.3393127867868812,0.11513316727707951,1,1,3,1,1,2421,0.027238984310481017,0.080000000000000002,0.052761015689518985,0,0.095050508292561425,0.095050508292561425,0.11299471981363646,0,1,1,0,0.00082610491532424622,0,nan,nan,nan,nan,nan,nan,0,0,0,0,0,nan,0.71788517141676988,-0.0091687528886188266,-0.00033934454290565044,0.035822857143868542,0,0.030382824366264095
389,21,5,0.3393127867868812,0.11513316727707951,1,-1,3,1,1,2421,0.027238984310481017,0.080000000000000002,0.052761015689518985,0,0.095050508292561425,0.095050508292561425,0.11299471981363646,0,1,1,0,0.00082610491532424622,0,nan,nan,nan,nan,nan,nan,0,0,0,0,0,nan,0.71788517141676988,-0.0091687528886188266,-0.00033934454290565044,0.011741469038280042,0,0.030382824366264095
389,21,5,0.3393127867868812,0.11513316727707951,-1,1,1,0,1,316,0,0.0092106533821663603,0.0092106533821663603,0,0.0092690794951050624,0.0092690794951050624,0.013270107428233684,1,0,1,0,0.0063291139240506328,0,nan,nan,nan,nan,nan,nan,0,0,0,0,0,nan,0.034810126582278479,-1.1396071229443023e-07,1.2696961212654259e-06,4.6213693950618736e-06,0,0.00076837107246897267
389,21,5,0.3393127867868812,0.11513316727707951,-1,1,3,1,1,3623,0.027238984310481017,0.080000000000000002,0.052761015689518985,0,0.095050508292561425,0.095050508292561425,0.17888260088043698,0,1,1,0,0.00055202870549268563,0,nan,nan,nan,nan,nan,nan,0,0,0,0,0,nan,0.47170852884349984,-0.0091687528886188266,-0.00033934454290565044,0.023925453047283253,0,0.030382824366264095
389,21,5,0.3393127867868812,0.11513316727707951,-1,-1,3,1,1,3623,0.027238984310481017,0.080000000000000002,0.052761015689518985,0,0.095050508292561425,0.095050508292561425,0.17888260088043698,0,1,1,0,0.00055202870549268563,0,nan,nan,nan,nan,nan,nan,0,0,0,0,0,nan,0.47170852884349984,-0.0091687528886188266,-0.00033934454290565044,0.0078401182005646344,0,0.030382824366264095
390,12,18,0.34057116709481622,0.11598871985632524,1,1,1,0,1,2580,0.0091096366454781214,0.062310827887049988,0.053201191241571869,0,0.10000000000000001,0.10000000000000001,0.1292696336558623,0,0,1,1,0.00077519379844961239,0,nan,nan,nan,nan,nan,nan,0,0,0,0,0,nan,0.0054263565891472867,-2.4070385046039979e-06,2.2862280938323155e-05,7.6732792678230165e-07,0,0.0056433224058300632
390,12,18,0.34057116709481622,0.11598871985632524,1,1,3,1,1,2410,0.027438575579128998,0.080000000000000002,0.052561424420871,0,0.094561506157895547,0.094561506157895547,0.11239100540197215,0,1,1,0,0.00082987551867219915,0,nan,nan,nan,nan,nan,nan,0,0,0,0,0,nan,0.72697095435684644,-0.0091070721427676561,-0.00034440660822807284,0.035792310210743153,0,0.030207358694735675
390,12,18,0.34057116709481622,0.11598871985632524,1,-1,3,1,1,2410,0.027438575579128998,0.080000000000000002,0.052561424420871,0,0.094561506157895547,0.094561506157895547,0.11239100540197215,0,1,1,0,0.00082987551867219915,0,nan,nan,nan,nan,nan,nan,0,0,0,0,0,nan,0.72697095435684644,-0.0091070721427676561,-0.00034440660822807284,0.011743096208321651,0,0.030207358694735675
390,12,18,0.34057116709481622,0.11598871985632524,-1,1,1,0,1,318,0,0.0092790975885060183,0.0092790975885060183,0,0.0093384097661754744,0.0093384097661754744,0.013357560590271116,1,0,1,0,0.0062893081761006293,0,nan,nan,nan,nan,nan,nan,0,0,0,0,0,nan,0.034591194968553458,-1.1620616346188226e-07,1.6237926867786786e-06,4.729234163977498e-06,0,0.00077987078046320426
390,12,18,0.34057116709481622,0.11598871985632524,-1,1,3,1,1,3620,0.027438575579128998,0.080000000000000002,0.052561424420871,0,0.094561506157895547,0.094561506157895547,0.17846438642430251,0,1,1,0,0.00055248618784530391,0,nan,nan,nan,nan,nan,nan,0,0,0,0,0,nan,0.47541436464088399,-0.0091070721427676561,-0.00034440660822807284,0.023814280650914003,0,0.030207358694735675
390,12,18,0.34057116709481622,0.11598871985632524,-1,-1,3,1,1,3620,0.027438575579128998,0.080000000000000002,0.052561424420871,0,0.094561506157895547,0.094561506157895547,0.17846438642430251,0,1,1,0,0.00055248618784530391,0,nan,nan,nan,nan,nan,nan,0,0,0,0,0,nan,0.47541436464088399,-0.0091070721427676561,-0.00034440660822807284,0.0078110314022462957,0,0.030207358694735675
391,18,12,0.34057116709481622,0.11598871985632524,1,1,1,0,1,2580,0.0091096366454781214,0.062310827887049988,0.053201191241571869,0,0.10000000000000001,0.10000000000000001,0.1292696336558623,0,0,1,1,0.00077519379844961239,0,nan,nan,nan,nan,nan,nan,0,0,0,0,0,nan,0.0054263565891472867,-2.4070385046039979e-06,2.2862280938323155e-05,7.6732792678230165e-07,0,0.0056433224058300632
391,18,12,0.34057116709481622,0.11598871985632524,1,1,3,1,1,2410,0.027438575579128998,0.080000000000000002,0.052561424420871,0,0.094561506157895547,0.094561506157895547,0.11239100540197215,0,1,1,0,0.00082987551867219915,0,nan,nan,nan,nan,nan,nan,0,0,0,0,0,nan,0.72697095435684644,-0.0091070721427676561,-0.00034440660822807284,0.035792310210743153,0,0.030207358694735675
391,18,12,0.34057116709481622,0.11598871985632524,1,-1,3,1,1,2410,0.027438575579128998,0.080000000000000002,0.052561424420871,0,0.094561506157895547,0.094561506157895547,0.11239100540197215,0,1,1,0,0.00082987551867219915,0,nan,nan,nan,nan,nan,nan,0,0,0,0,0,nan,0.72697095435684644,-0.0091070721427676561,-0.00034440660822807284,0.011743096208321651,0,0.030207358694735675
391,18,12,0.34057116709481622,0.11598871985632524,-1,1,1,0,1,318,0,0.0092790975885060183,0.0092790975885060183,0,0.0093384097661754744,0.0093384097661754744,0.013357560590271116,1,0,1,0,0.0062893081761006293,0,nan,nan,nan,nan,nan,nan,0,0,0,0,0,nan,0.034591194968553458,-1.1620616346188226e-07,1.6237926867786786e-06,4.729234163977498e-06,0,0.00077987078046320426
391,18,12,0.34057116709481622,0.11598871985632524,-1,1,3,1,1,3620,0.027438575579128998,0.080000000000000002,0.052561424420871,0,0.094561506157895547,0.094561506157895547,0.17846438642430251,0,1,1,0,0.00055248618784530391,0,nan,nan,nan,nan,nan,nan,0,0,0,0,0,nan,0.47541436464088399,-0.0091070721427676561,-0.00034440660822807284,0.023814280650914003,0,0.030207358694735675
391,18,12,0.34057116709481622,0.11598871985632524,-1,-1,3,1,1,3620,0.027438575579128998,0.080000000000000002,0.052561424420871,0,0.094561506157895547,0.094561506157895547,0.17846438642430251,0,1,1,0,0.00055248618784530391,0,nan,nan,nan,nan,nan,nan,0,0,0,0,0,nan,0.47541436464088399,-0.0091070721427676561,-0.00034440660822807284,0.0078110314022462957,0,0.030207358694735675
392,6,21,0.34332372911066611,0.11787118297045403,1,1,1,0,1,2577,0.0092533212942690242,0.06230645686823208,0.053053135573963059,0,0.10000000000000001,0.10000000000000001,0.12911411666227984,0,0,1,1,0.00077609623593325567,0,nan,nan,nan,nan,nan,nan,0,0,0,0,0,nan,0.0050446255335661622,-2.1316953930891375e-06,2.1935399447896959e-05,7.4678089715262384e-07,0,0.0057205846698452998
392,6,21,0.34332372911066611,0.11787118297045403,1,1,3,1,1,2387,0.027876987491854147,0.080000000000000002,0.052123012508145855,0,0.093503877707095659,0.093503877707095659,0.11108876869942261,0,1,1,0,0.0008378718056137411,0,nan,nan,nan,nan,nan,nan,0,0,0,0,0,nan,0.74570590699622963,-0.0089762477250696915,-0.00035567656383626883,0.035697708788773493,0,0.02983603510712117
392,6,21,0.34332372911066611,0.11787118297045403,1,-1,3,1,1,2387,0.027876987491854147,0.080000000000000002,0.052123012508145855,0,0.093503877707095659,0.093503877707095659,0.11108876869942261,0,1,1,0,0.0008378718056137411,0,nan,nan,nan,nan,nan,nan,0,0,0,0,0,nan,0.74570590699622963,-0.0089762477250696915,-0.00035567656383626883,0.011740157443721934,0,0.02983603510712117
392,6,21,0.34332372911066611,0.11787118297045403,-1,1,1,0,1,324,0,0.0094296946376363211,0.0094296946376363211,0,0.0094909818907293261,0.0094909818907293261,0.013553230934331304,1,0,1,0,0.0061728395061728392,0,nan,nan,nan,nan,nan,nan,0,0,0,0,0,nan,0.033950617283950615,-1.1282890177214647e-07,7.2568322443254565e-07,4.9682561496505294e-06,0,0.00080547639164789571
392,6,21,0.34332372911066611,0.11787118297045403,-1,1,3,1,1,3623,0.027876987491854147,0.080000000000000002,0.052123012508145855,0,0.093503877707095659,0.093503877707095659,0.17800676904578408,0,1,1,0,0.00055202870549268563,0,nan,nan,nan,nan,nan,nan,0,0,0,0,0,nan,0.4810930168368755,-0.0089762477250696915,-0.00035567656383626883,0.023500575605187191,0,0.02983603510712117
392,6,21,0.34332372911066611,0.11787118297045403,-1,-1,3,1,1,3623,0.027876987491854147,0.080000000000000002,0.052123012508145855,0,0.093503877707095659,0.093503877707095659,0.17800676904578408,0,1,1,0,0.00055202870549268563,0,nan,nan,nan,nan,nan,nan,0,0,0,0,0,nan,0.4810930168368755,-0.0089762477250696915,-0.00035567656383626883,0.0077259489506169001,0,0.02983603510712117
393,21,6,0.34332372911066611,0.11787118297045403,1,1,1,0,1,2577,0.0092533212942690242,0.06230645686823208,0.053053135573963059,0,0.10000000000000001,0.10000000000000001,0.12911411666227984,0,0,1,1,0.00077609623593325567,0,nan,nan,nan,nan,nan,nan,0,0,0,0,0,nan,0.0050446255335661622,-2.1316953930891375e-06,2.1935399447896959e-05,7.4678089715262384e-07,0,0.0057205846698452998
393,21,6,0.34332372911066611,0.11787118297045403,1,1,3,1,1,2387,0.027876987491854147,0.080000000000000002,0.052123012508145855,0,0.093503877707095659,0.093503877707095659,0.11108876869942261,0,1,1,0,0.0008378718056137411,0,nan,nan,nan,nan,nan,nan,0,0,0,0,0,nan,0.74570590699622963,-0.0089762477250696915,-0.00035567656383626883,0.035697708788773493,0,0.02983603510712117
393,21,6,0.34332372911066611,0.11787118297045403,1,-1,3,1,1,2387,0.027876987491854147,0.080000000000000002,0.052123012508145855,0,0.093503877707095659,0.093503877707095659,0.11108876869942261,0,1,1,0,0.0008378718056137411,0,nan,nan,nan,nan,nan,nan,0,0,0,0,0,nan,0.74570590699622963,-0.0089762477250696915,-0.00035567656383626883,0.011740157443721934,0,0.02983603510712117
393,21,6,0.34332372911066611,0.11787118297045403,-1,1,1,0,1,324,0,0.0094296946376363211,0.0094296946376363211,0,0.0094909818907293261,0.0094909818907293261,0.013553230934331304,1,0,1,0,0.0061728395061728392,0,nan,nan,nan,nan,nan,nan,0,0,0,0,0,nan,0.033950617283950615,-1.1282890177214647e-07,7.2568322443254565e-07,4.9682561496505294e-06,0,0.00080547639164789571
393,21,6,0.34332372911066611,0.11787118297045403,-1,1,3,1,1,3623,0.027876987491854147,0.080000000000000002,0.052123012508145855,0,0.093503877707095659,0.093503877707095659,0.17800676904578408,0,1,1,0,0.00055202870549268563,0,nan,nan,nan,nan,nan,nan,0,0,0,0,0,nan,0.4810930168368755,-0.0089762477250696915,-0.00035567656383626883,0.023500575605187191,0,0.02983603510712117
393,21,6,0.34332372911066611,0.11787118297045403,-1,-1,3,1,1,3623,0.027876987491854147,0.080000000000000002,0.052123012508145855,0,0.093503877707095659,0.093503877707095659,0.17800676904578408,0,1,1,0,0.00055202870549268563,0,nan,nan,nan,nan,nan,nan,0,0,0,0,0,nan,0.4810930168368755,-0.0089762477250696915,-0.00035567656383626883,0.0077259489506169001,0,0.02983603510712117
394,9,20,0.34499043584325639,0.11901840082331999,1,1,1,0,1,2575,0.0093410303556672371,0.062303791759545382,0.052962761403878143,0,0.10000000000000001,0.10000000000000001,0.12902381242221089,0,0,1,1,0.00077669902912621365,0,nan,nan,nan,nan,nan,nan,0,0,0,0,0,nan,0.0046601941747572819,-1.9936211682023981e-06,2.1331668850001862e-05,6.8094227186333445e-07,0,0.0057680334007669792
394,9,20,0.34499043584325639,0.11901840082331999,1,1,3,1,1,2373,0.028143980756709444,0.080000000000000002,0.051856019243290558,0,0.092871146834211771,0.092871146834211771,0.11031002369558242,0,1,1,0,0.00084281500210703754,0,nan,nan,nan,nan,nan,nan,0,0,0,0,0,nan,0.75684787189211966,-0.0088996590682643272,-0.00036263372120423566,0.035676416052784182,0,0.029619205898528563
394,9,20,0.34499043584325639,0.11901840082331999,1,-1,3,1,1,2373,0.028143980756709444,0.080000000000000002,0.051856019243290558,0,0.092871146834211771,0.092871146834211771,0.11031002369558242,0,1,1,0,0.00084281500210703754,0,nan,nan,nan,nan,nan,nan,0,0,0,0,0,nan,0.75684787189211966,-0.0088996590682643272,-0.00036263372120423566,0.011746964057581077,0,0.029619205898528563
394,9,20,0.34499043584325639,0.11901840082331999,-1,1,1,0,1,325,0,0.009521472065865599,0.009521472065865599,0,0.0095839789925331632,0.0095839789925331632,0.013678029745807748,1,0,1,0,0.0061538461538461538,0,nan,nan,nan,nan,nan,nan,0,0,0,0,0,nan,0.027692307692307693,-1.7614381245077823e-07,6.5908179256303316e-07,3.658266132071076e-06,0,0.00082128525346238134
394,9,20,0.34499043584325639,0.11901840082331999,-1,1,3,1,1,3621,0.028143980756709444,0.080000000000000002,0.051856019243290558,0,0.092871146834211771,0.092871146834211771,0.17751738941228018,0,1,1,0,0.00055233360950013809,0,nan,nan,nan,nan,nan,nan,0,0,0,0,0,nan,0.48605357636012153,-0.0088996590682643272,-0.00036263372120423566,0.023361476949715996,0,0.029619205898528563
394,9,20,0.34499043584325639,0.11901840082331999,-1,-1,3,1,1,3621,0.028143980756709444,0.080000000000000002,0.051856019243290558,0,0.092871146834211771,0.092871146834211771,0.17751738941228018,0,1,1,0,0.00055233360950013809,0,nan,nan,nan,nan,nan,nan,0,0,0,0,0,nan,0.48605357636012153,-0.0088996590682643272,-0.00036263372120423566,0.0076893795519358508,0,0.029619205898528563
395,20,9,0.34499043584325639,0.11901840082331999,1,1,1,0,1,2575,0.0093410303556672371,0.062303791759545382,0.052962761403878143,0,0.10000000000000001,0.10000000000000001,0.12902381242221089,0,0,1,1,0.00077669902912621365,0,nan,nan,nan,nan,nan,nan,0,0,0,0,0,nan,0.0046601941747572819,-1.9936211682023981e-06,2.1331668850001862e-05,6.8094227186333445e-07,0,0.0057680334007669792
395,20,9,0.34499043584325639,0.11901840082331999,1,1,3,1,1,2373,0.028143980756709444,0.080000000000000002,0.051856019243290558,0,0.092871146834211771,0.092871146834211771,0.11031002369558242,0,1,1,0,0.00084281500210703754,0,nan,nan,nan,nan,nan,nan,0,0,0,0,0,nan,0.75684787189211966,-0.0088996590682643272,-0.00036263372120423566,0.035676416052784182,0,0.029619205898528563
395,20,9,0.34499043584325639,0.11901840082331999,1,-1,3,1,1,2373,0.028143980756709444,0.080000000000000002,0.051856019243290558,0,0.092871146834211771,0.092871146834211771,0.11031002369558242,0,1,1,0,0.00084281500210703754,0,nan,nan,nan,nan,nan,nan,0,0,0,0,0,nan,0.75684787189211966,-0.0088996590682643272,-0.00036263372120423566,0.011746964057581077,0,0.029619205898528563
395,20,9,0.34499043584325639,0.11901840082331999,-1,1,1,0,1,325,0,0.009521472065865599,0.009521472065865599,0,0.0095839789925331632,0.0095839789925331632,0.013678029745807748,1,0,1,0,0.0061538461538461538,0,nan,nan,nan,nan,nan,nan,0,0,0,0,0,nan,0.027692307692307693,-1.7614381245077823e-07,6.5908179256303316e-07,3.658266132071076e-06,0,0.00082128525346238134
395,20,9,0.34499043584325639,0.11901840082331999,-1,1,3,1,1,3621,0.028143980756709444,0.080000000000000002,0.051856019243290558,0,0.092871146834211771,0.092871146834211771,0.17751738941228018,0,1,1,0,0.00055233360950013809,0,nan,nan,nan,nan,nan,nan,0,0,0,0,0,nan,0.48605357636012153,-0.0088996590682643272,-0.00036263372120423566,0.023361476949715996,0,0.029619205898528563
395,20,9,0.34499043584325639,0.11901840082331999,-1,-1,3,1,1,3621,0.028143980756709444,0.080000000000000002,0.051856019243290558,0,0.092871146834211771,0.092871146834211771,0.17751738941228018,0,1,1,0,0.00055233360950013809,0,nan,nan,nan,nan,nan,nan,0,0,0,0,0,nan,0.48605357636012153,-0.0088996590682643272,-0.00036263372120423566,0.0076893795519358508,0,0.029619205898528563
396,15,16,0.34536606398786723,0.11927771815447161,1,1,1,0,1,2575,0.0093608744042733925,0.062303189410123347,0.052942315005849956,0,0.10000000000000001,0.10000000000000001,0.12900394374074098,0,0,1,1,0.00077669902912621365,0,nan,nan,nan,nan,nan,nan,0,0,0,0,0,nan,0.0046601941747572819,-1.9661970621452759e-06,2.1191247416811723e-05,7.180742899255499e-07,0,0.0057787963099638177
396,15,16,0.34536606398786723,0.11927771815447161,1,1,3,1,1,2370,0.028204362883896494,0.080000000000000002,0.051795637116103507,0,0.092729315131201806,0.092729315131201806,0.11013670252360835,0,1,1,0,0.0008438818565400844,0,nan,nan,nan,nan,nan,nan,0,0,0,0,0,nan,0.76075949367088602,-0.0088826624929267042,-0.00036421565563232174,0.035672544520950061,0,0.029571144961651738
396,15,16,0.34536606398786723,0.11927771815447161,1,-1,3,1,1,2370,0.028204362883896494,0.080000000000000002,0.051795637116103507,0,0.092729315131201806,0.092729315131201806,0.11013670252360835,0,1,1,0,0.0008438818565400844,0,nan,nan,nan,nan,nan,nan,0,0,0,0,0,nan,0.76075949367088602,-0.0088826624929267042,-0.00036421565563232174,0.011748870428604534,0,0.029571144961651738
396,15,16,0.34536606398786723,0.11927771815447161,-1,1,1,0,1,327,0,0.0095422174523577281,0.0095422174523577281,0,0.0096050008431673353,0.0096050008431673353,0.013708147488192549,1,0,1,0,0.0061162079510703364,0,nan,nan,nan,nan,nan,nan,0,0,0,0,0,nan,0.033639143730886847,-1.998488651673287e-07,6.739907205339569e-07,5.087372540805567e-06,0,0.00082488001906995628
396,15,16,0.34536606398786723,0.11927771815447161,-1,1,3,1,1,3632,0.028204362883896494,0.080000000000000002,0.051795637116103507,0,0.092729315131201806,0.092729315131201806,0.17781135751030208,0,1,1,0,0.0005506607929515419,0,nan,nan,nan,nan,nan,nan,0,0,0,0,0,nan,0.48650881057268724,-0.0088826624929267042,-0.00036421565563232174,0.023262002016235524,0,0.029571144961651738
396,15,16,0.34536606398786723,0.11927771815447161,-1,-1,3,1,1,3632,0.028204362883896494,0.080000000000000002,0.051795637116103507,0,0.092729315131201806,0.092729315131201806,0.17781135751030208,0,1,1,0,0.0005506607929515419,0,nan,nan,nan,nan,nan,nan,0,0,0,0,0,nan,0.48650881057268724,-0.0088826624929267042,-0.00036421565563232174,0.0076591724726779867,0,0.029571144961651738
397,16,15,0.34536606398786723,0.11927771815447161,1,1,1,0,1,2575,0.0093608744042733925,0.062303189410123347,0.052942315005849956,0,0.10000000000000001,0.10000000000000001,0.12900394374074098,0,0,1,1,0.00077669902912621365,0,nan,nan,nan,nan,nan,nan,0,0,0,0,0,nan,0.0046601941747572819,-1.9661970621452759e-06,2.1191247416811723e-05,7.180742899255499e-07,0,0.0057787963099638177
397,16,15,0.34536606398786723,0.11927771815447161,1,1,3,1,1,2370,0.028204362883896494,0.080000000000000002,0.051795637116103507,0,0.092729315131201806,0.092729315131201806,0.11013670252360835,0,1,1,0,0.0008438818565400844,0,nan,nan,nan,nan,nan,nan,0,0,0,0,0,nan,0.76075949367088602,-0.0088826624929267042,-0.00036421565563232174,0.035672544520950061,0,0.029571144961651738
397,16,15,0.34536606398786723,0.11927771815447161,1,-1,3,1,1,2370,0.028204362883896494,0.080000000000000002,0.051795637116103507,0,0.092729315131201806,0.092729315131201806,0.11013670252360835,0,1,1,0,0.0008438818565400844,0,nan,nan,nan,nan,nan,nan,0,0,0,0,0,nan,0.76075949367088602,-0.0088826624929267042,-0.00036421565563232174,0.011748870428604534,0,0.029571144961651738
397,16,15,0.34536606398786723,0.11927771815447161,-1,1,1,0,1,327,0,0.0095422174523577281,0.0095422174523577281,0,0.0096050008431673353,0.0096050008431673353,0.013708147488192549,1,0,1,0,0.0061162079510703364,0,nan,nan,nan,nan,nan,nan,0,0,0,0,0,nan,0.033639143730886847,-1.998488651673287e-07,6.739907205339569e-07,5.087372540805567e-06,0,0.00082488001906995628
397,16,15,0.34536606398786723,0.11927771815447161,-1,1,3,1,1,3632,0.028204362883896494,0.080000000000000002,0.051795637116103507,0,0.092729315131201806,0.092729315131201806,0.17781135751030208,0,1,1,0,0.0005506607929515419,0,nan,nan,nan,nan,nan,nan,0,0,0,0,0,nan,0.48650881057268724,-0.0088826624929267042,-0.00036421565563232174,0.023262002016235524,0,0.029571144961651738
397,16,15,0.34536606398786723,0.11927771815447161,-1,-1,3,1,1,3632,0.028204362883896494,0.080000000000000002,0.051795637116103507,0,0.092729315131201806,0.092729315131201806,0.17781135751030208,0,1,1,0,0.0005506607929515419,0,nan,nan,nan,nan,nan,nan,0,0,0,0,0,nan,0.48650881057268724,-0.0088826624929267042,-0.00036421565563232174,0.0076591724726779867,0,0.029571144961651738
398,11,19,0.34551230410708883,0.11937875228938943,1,1,1,0,1,2575,0.0093686064725739607,0.062302954743116035,0.052934348270542074,0,0.10000000000000001,0.10000000000000001,0.12899618480535208,0,0,1,1,0.00077669902912621365,0,nan,nan,nan,nan,nan,nan,0,0,0,0,0,nan,0.0046601941747572819,-1.9535876178796612e-06,2.1136147903153641e-05,7.3104920718986948e-07,0,0.0057829934379373723
398,11,19,0.34551230410708883,0.11937875228938943,1,1,3,1,1,2369,0.028227890942011852,0.080000000000000002,0.051772109057988153,0,0.092674181205362305,0.092674181205362305,0.11006622949643267,0,1,1,0,0.00084423807513718866,0,nan,nan,nan,nan,nan,nan,0,0,0,0,0,nan,0.76234698184888139,-0.0088760725713334914,-0.00036483293435318797,0.035659397031812715,0,0.029552516765581252
398,11,19,0.34551230410708883,0.11937875228938943,1,-1,3,1,1,2369,0.028227890942011852,0.080000000000000002,0.051772109057988153,0,0.092674181205362305,0.092674181205362305,0.11006622949643267,0,1,1,0,0.00084423807513718866,0,nan,nan,nan,nan,nan,nan,0,0,0,0,0,nan,0.76234698184888139,-0.0088760725713334914,-0.00036483293435318797,0.011746490724748057,0,0.029552516765581252
398,11,19,0.34551230410708883,0.11937875228938943,-1,1,1,0,1,328,0,0.0095503001831511534,0.0095503001831511534,0,0.0096131921457518789,0.0096131921457518789,0.013720326149013969,1,0,1,0,0.0060975609756097563,0,nan,nan,nan,nan,nan,nan,0,0,0,0,0,nan,0.033536585365853661,-1.9657096687387444e-07,1.302742016965594e-06,5.0202441985440893e-06,0,0.00082628281478927328
398,11,19,0.34551230410708883,0.11937875228938943,-1,1,3,1,1,3627,0.028227890942011852,0.080000000000000002,0.051772109057988153,0,0.092674181205362305,0.092674181205362305,0.17760605568889962,0,1,1,0,0.00055141990625861594,0,nan,nan,nan,nan,nan,nan,0,0,0,0,0,nan,0.48690377722635786,-0.0088760725713334914,-0.00036483293435318797,0.023273229153672581,0,0.029552516765581252
398,11,19,0.34551230410708883,0.11937875228938943,-1,-1,3,1,1,3627,0.028227890942011852,0.080000000000000002,0.051772109057988153,0,0.092674181205362305,0.092674181205362305,0.17760605568889962,0,1,1,0,0.00055141990625861594,0,nan,nan,nan,nan,nan,nan,0,0,0,0,0,nan,0.48690377722635786,-0.0088760725713334914,-0.00036483293435318797,0.0076637062334853744,0,0.029552516765581252
399,19,11,0.34551230410708883,0.11937875228938943,1,1,1,0,1,2575,0.0093686064725739607,0.062302954743116035,0.052934348270542074,0,0.10000000000000001,0.10000000000000001,0.12899618480535208,0,0,1,1,0.00077669902912621365,0,nan,nan,nan,nan,nan,nan,0,0,0,0,0,nan,0.0046601941747572819,-1.9535876178796612e-06,2.1136147903153641e-05,7.3104920718986948e-07,0,0.0057829934379373723
399,19,11,0.34551230410708883,0.11937875228938943,1,1,3,1,1,2369,0.028227890942011852,0.080000000000000002,0.051772109057988153,0,0.092674181205362305,0.092674181205362305,0.11006622949643267,0,1,1,0,0.00084423807513718866,0,nan,nan,nan,nan,nan,nan,0,0,0,0,0,nan,0.76234698184888139,-0.0088760725713334914,-0.00036483293435318797,0.035659397031812715,0,0.029552516765581252
399,19,11,0.34551230410708883,0.11937875228938943,1,-1,3,1,1,2369,0.028227890942011852,0.080000000000000002,0.051772109057988153,0,0.092674181205362305,0.092674181205362305,0.11006622949643267,0,1,1,0,0.00084423807513718866,0,nan,nan,nan,nan,nan,nan,0,0,0,0,0,nan,0.76234698184888139,-0.0088760725713334914,-0.00036483293435318797,0.011746490724748057,0,0.029552516765581252
399,19,11,0.34551230410708883,0.11937875228938943,-1,1,1,0,1,328,0,0.0095503001831511534,0.0095503001831511534,0,0.0096131921457518789,0.0096131921457518789,0.013720326149013969,1,0,1,0,0.0060975609756097563,0,nan,nan,nan,nan,nan,nan,0,0,0,0,0,nan,0.033536585365853661,-1.9657096687387444e-07,1.302742016965594e-06,5.0202441985440893e-06,0,0.00082628281478927328
399,19,11,0.34551230410708883,0.11937875228938943,-1,1,3,1,1,3627,0.028227890942011852,0.080000000000000002,0.051772109057988153,0,0.092674181205362305,0.092674181205362305,0.17760605568889962,0,1,1,0,0.00055141990625861594,0,nan,nan,nan,nan,nan,nan,0,0,0,0,0,nan,0.48690377722635786,-0.0088760725713334914,-0.00036483293435318797,0.023273229153672581,0,0.029552516765581252
399,19,11,0.34551230410708883,0.11937875228938943,-1,-1,3,1,1,3627,0.028227890942011852,0.080000000000000002,0.051772109057988153,0,0.092674181205362305,0.092674181205362305,0.17760605568889962,0,1,1,0,0.00055141990625861594,0,nan,nan,nan,nan,nan,nan,0,0,0,0,0,nan,0.48690377722635786,-0.0088760725713334914,-0.00036483293435318797,0.0076637062334853744,0,0.029552516765581252
