mode_index,m,n,q,q2,branch_id,root_id,kind_id,source_id_0lambda_1trace,curve_id,hopf_branch_id,is_success,n_points,K_min,K_max,K_span,F_intersection_min,F_intersection_max,F_intersection_span,mean_DeltaF,std_DeltaF,mean_abs_DeltaF,median_abs_DeltaF,p95_abs_DeltaF,rms_DeltaF,max_abs_DeltaF,K_at_max_abs_DeltaF,F_intersection_at_max_abs_DeltaF,F_Hopf_at_max_abs_DeltaF,DeltaF_at_max_abs_DeltaF,touch_Kmin,touch_Kmax,touch_Fmin,touch_Fmax,edge_fraction,complex_fraction,det_min,det_max,mean_abs_imag_lambda,min_abs_imag_lambda,rad_real_max
199,8,13,0.24062600087699448,0.05790087229805535,1,1,1,0,1,-1,1,1457,0.018999332888592395,0.061998811628514949,0.042999478739922554,0.0024925739690974053,0.052901934623082056,0.050409360653984651,0.0030403288803947572,0.00082785840083984547,0.0030403288803947572,0.0030524905038587721,0.0042640785499996597,0.0031510235214614866,0.0042912470785293408,0.059773182121414276,0.040023000888625954,0.044314247967155294,0.0042912470785293408,0,0,0,0,0,0.54804804804804808,-4.0373522132340593e-05,0.00066015264612888987,0.0094011717578542948,0,0.0035015502446754036
199,8,13,0.24062600087699448,0.05790087229805535,1,1,3,1,1,-1,1,1271,0.022788525683789196,0.060184119157006846,0.03739559347321765,0.0034232385246118356,0.041427618412274846,0.03800437988766301,0.003081278672212401,0.00079217621793407943,0.003081278672212401,0.0030653230008911223,0.0042761976937360224,0.0031814810098586724,0.0042912470785293408,0.059773182121414276,0.040023000888625954,0.044314247967155294,0.0042912470785293408,0,0,0,0,0,0.89447990987607962,-0.0075387554709185744,0.00066015264612888987,0.036245885392085855,0,0.023981828459675149
199,8,13,0.24062600087699448,0.05790087229805535,1,-1,1,0,1,-1,0,9,0.023273631421275465,0.023437139688991658,0.00016350826771619267,0.003598247795423943,0.0036604996028118913,6.2251807387948312e-05,0.0018072396244640065,2.6106238898393269e-05,0.0018072396244640065,0.001802600223435747,0.0018492459561625541,0.0018074281717241831,0.0018495343295407674,0.02342895263509006,0.003598247795423943,0.0054477821249647104,0.0018495343295407674,0,0,0,0,0,1,2.493905487860234e-07,1.213183811499064e-05,0.0023422000646863826,0.00045162329479910376,-8.1585440162079274e-07
199,8,13,0.24062600087699448,0.05790087229805535,1,-1,1,0,2,-1,1,1379,0.023451795425522278,0.059777052232099143,0.036325256806576861,0.0036636857988458426,0.040023000888625954,0.03635931508978011,0.0031626256214190795,0.00089715703604607703,0.0031626256214190795,0.0031047283553222657,0.0047005117863776957,0.0032874141157729735,0.005423793292318041,0.05729998531446881,0.03228819212808539,0.037711985420403431,0.005423793292318041,0,0,0,0,0,0.56216877293110479,-1.3441166360064947e-05,0.00066015264612888987,0.010021839376853784,0,0.00012336100726497199
199,8,13,0.24062600087699448,0.05790087229805535,1,-1,1,0,3,-1,0,9,0.059774277522950649,0.059829254126127461,5.49766031768123e-05,0.040014741689767194,0.040197092235003201,0.00018235054523600691,0.0043680993744724707,8.101363560319149e-05,0.0043680993744724707,0.0043335488363299354,0.0044732032630218077,0.0043688505758861145,0.0044732032630218077,0.059826551034022679,0.040014741689767194,0.044487944952789002,0.0044732032630218077,0,0,0,0,0,1,1.7509521752224065e-05,0.00010031675094166803,0.0074075345078263178,0.0041626124032584704,-6.9309368079045023e-05
199,8,13,0.24062600087699448,0.05790087229805535,1,-1,1,0,4,-1,0,9,0.059835280868103455,0.059882175939390735,4.6895071287279821e-05,0.04021868144394744,0.040373202429999672,0.00015452098605223119,0.0043525305212327395,6.9957730213792151e-05,0.0043525305212327395,0.0043049027784272387,0.0044448522839876659,0.0043530926962654041,0.0044448522839876659,0.05987991994663109,0.04021868144394744,0.044663533727935106,0.0044448522839876659,0,0,0,0,0,1,1.5598004916093583e-05,8.7231572564112434e-05,0.0069915749095309414,0.0039328302701286824,-6.1868615734561792e-05
199,8,13,0.24062600087699448,0.05790087229805535,1,-1,3,1,1,-1,1,1271,0.022788525683789196,0.060184119157006846,0.03739559347321765,0.0034232385246118356,0.041427618412274846,0.03800437988766301,0.003081278672212401,0.00079217621793407943,0.003081278672212401,0.0030653230008911223,0.0042761976937360224,0.0031814810098586724,0.0042912470785293408,0.059773182121414276,0.040023000888625954,0.044314247967155294,0.0042912470785293408,0,0,0,0,0,0.89447990987607962,-0.0075387554709185744,0.00066015264612888987,0.018710651173125092,0,0.023981828459675149
200,13,8,0.24062600087699448,0.05790087229805535,1,1,1,0,1,-1,1,1457,0.018999332888592395,0.061998811628514949,0.042999478739922554,0.0024925739690974053,0.052901934623082056,0.050409360653984651,0.0030403288803947572,0.00082785840083984547,0.0030403288803947572,0.0030524905038587721,0.0042640785499996597,0.0031510235214614866,0.0042912470785293408,0.059773182121414276,0.040023000888625954,0.044314247967155294,0.0042912470785293408,0,0,0,0,0,0.54804804804804808,-4.0373522132340593e-05,0.00066015264612888987,0.0094011717578542948,0,0.0035015502446754036
200,13,8,0.24062600087699448,0.05790087229805535,1,1,3,1,1,-1,1,1271,0.022788525683789196,0.060184119157006846,0.03739559347321765,0.0034232385246118356,0.041427618412274846,0.03800437988766301,0.003081278672212401,0.00079217621793407943,0.003081278672212401,0.0030653230008911223,0.0042761976937360224,0.0031814810098586724,0.0042912470785293408,0.059773182121414276,0.040023000888625954,0.044314247967155294,0.0042912470785293408,0,0,0,0,0,0.89447990987607962,-0.0075387554709185744,0.00066015264612888987,0.036245885392085855,0,0.023981828459675149
200,13,8,0.24062600087699448,0.05790087229805535,1,-1,1,0,1,-1,0,9,0.023273631421275465,0.023437139688991658,0.00016350826771619267,0.003598247795423943,0.0036604996028118913,6.2251807387948312e-05,0.0018072396244640065,2.6106238898393269e-05,0.0018072396244640065,0.001802600223435747,0.0018492459561625541,0.0018074281717241831,0.0018495343295407674,0.02342895263509006,0.003598247795423943,0.0054477821249647104,0.0018495343295407674,0,0,0,0,0,1,2.493905487860234e-07,1.213183811499064e-05,0.0023422000646863826,0.00045162329479910376,-8.1585440162079274e-07
200,13,8,0.24062600087699448,0.05790087229805535,1,-1,1,0,2,-1,1,1379,0.023451795425522278,0.059777052232099143,0.036325256806576861,0.0036636857988458426,0.040023000888625954,0.03635931508978011,0.0031626256214190795,0.00089715703604607703,0.0031626256214190795,0.0031047283553222657,0.0047005117863776957,0.0032874141157729735,0.005423793292318041,0.05729998531446881,0.03228819212808539,0.037711985420403431,0.005423793292318041,0,0,0,0,0,0.56216877293110479,-1.3441166360064947e-05,0.00066015264612888987,0.010021839376853784,0,0.00012336100726497199
200,13,8,0.24062600087699448,0.05790087229805535,1,-1,1,0,3,-1,0,9,0.059774277522950649,0.059829254126127461,5.49766031768123e-05,0.040014741689767194,0.040197092235003201,0.00018235054523600691,0.0043680993744724707,8.101363560319149e-05,0.0043680993744724707,0.0043335488363299354,0.0044732032630218077,0.0043688505758861145,0.0044732032630218077,0.059826551034022679,0.040014741689767194,0.044487944952789002,0.0044732032630218077,0,0,0,0,0,1,1.7509521752224065e-05,0.00010031675094166803,0.0074075345078263178,0.0041626124032584704,-6.9309368079045023e-05
200,13,8,0.24062600087699448,0.05790087229805535,1,-1,1,0,4,-1,0,9,0.059835280868103455,0.059882175939390735,4.6895071287279821e-05,0.04021868144394744,0.040373202429999672,0.00015452098605223119,0.0043525305212327395,6.9957730213792151e-05,0.0043525305212327395,0.0043049027784272387,0.0044448522839876659,0.0043530926962654041,0.0044448522839876659,0.05987991994663109,0.04021868144394744,0.044663533727935106,0.0044448522839876659,0,0,0,0,0,1,1.5598004916093583e-05,8.7231572564112434e-05,0.0069915749095309414,0.0039328302701286824,-6.1868615734561792e-05
200,13,8,0.24062600087699448,0.05790087229805535,1,-1,3,1,1,-1,1,1271,0.022788525683789196,0.060184119157006846,0.03739559347321765,0.0034232385246118356,0.041427618412274846,0.03800437988766301,0.003081278672212401,0.00079217621793407943,0.003081278672212401,0.0030653230008911223,0.0042761976937360224,0.0031814810098586724,0.0042912470785293408,0.059773182121414276,0.040023000888625954,0.044314247967155294,0.0042912470785293408,0,0,0,0,0,0.89447990987607962,-0.0075387554709185744,0.00066015264612888987,0.018710651173125092,0,0.023981828459675149
201,3,15,0.24095008815644542,0.058056944982598821,1,1,1,0,1,-1,1,1459,0.019266177451634427,0.061998410222640181,0.042732232771005754,0.0025550832689392061,0.052901934623082056,0.050346851354142852,0.0030525724380408821,0.00082805462387944544,0.0030525724380408821,0.0030693873071544128,0.0042722608855347583,0.0031628899679905058,0.0042995241882156157,0.059773182121414276,0.040014723778939679,0.044314247967155294,0.0042995241882156157,0,0,0,0,0,0.54896810506566607,-3.7982699023840754e-05,0.00065691009975855246,0.0093571575318715378,0,0.0035054465557563946
201,3,15,0.24095008815644542,0.058056944982598821,1,1,3,1,1,-1,1,1269,0.022841894596397596,0.060167537760293252,0.037325643163895653,0.00343733005921098,0.041360907271514341,0.037923577212303362,0.0030894272533137624,0.00079251197519675329,0.0030894272533137624,0.0030734051422643648,0.0042841650602247526,0.0031894570046244668,0.0042995241882156157,0.059773182121414276,0.040014723778939679,0.044314247967155294,0.0042995241882156157,0,0,0,0,0,0.89406461307287755,-0.0075458963367897669,0.00065691009975855246,0.036229911133659962,0,0.02400738926440775
201,3,15,0.24095008815644542,0.058056944982598821,1,-1,1,0,1,-1,0,9,0.023288225610574635,0.023435848367533312,0.00014762275695867633,0.0035986849852646468,0.0036550312145467341,5.6346229282087327e-05,0.0018094359144049576,2.3745707242837381e-05,0.0018094359144049576,0.0018020074598435461,0.0018487670280729624,0.0018095917183030454,0.0018490971397000637,0.02342895263509006,0.0035986849852646468,0.0054477821249647104,0.0018490971397000637,0,0,0,0,0,1,4.7672145717212074e-08,1.0800968278565582e-05,0.0021850029919204248,0.00010224914145350462,-4.1819547711915189e-08
201,3,15,0.24095008815644542,0.058056944982598821,1,-1,1,0,2,-1,0,11,0.023466298064677531,0.023655990774495237,0.00018969270981770633,0.0036641691936944347,0.0037355999542094728,7.1430760515038029e-05,0.0018197720962779965,3.00189422834273e-05,0.0018197720962779965,0.0018021856849097418,0.0018739061757554795,0.0018200196755221712,0.0018743035552680485,0.023655990774495237,0.0036691127418278851,0.0055434162970959336,0.0018743035552680485,0,0,0,0,0,1,1.0952436288172093e-06,1.480249062268168e-05,0.0028421456968745081,0.001017806159086126,-4.1437175098946105e-06
201,3,15,0.24095008815644542,0.058056944982598821,1,-1,1,0,3,-1,1,1368,0.023643017087597012,0.059776211156188572,0.036133194068591556,0.0037294725187272597,0.040014723778939679,0.036285251260212419,0.0031760476052875219,0.00089132465745720237,0.0031760476052875219,0.0031204163570093622,0.0046900408804298127,0.0032987479497596965,0.0054211335129326285,0.057298805385383893,0.03228819212808539,0.037709325641018018,0.0054211335129326285,0,0,0,0,0,0.55996725337699549,-1.2356227017787966e-05,0.00065691009975855246,0.010016217517419072,0,0.00012232308591498409
201,3,15,0.24095008815644542,0.058056944982598821,1,-1,1,0,4,-1,0,9,0.059776738929787458,0.059829103891290175,5.2364961502716911e-05,0.040016395985180607,0.040188800852146635,0.00017240486696602775,0.0043710948814480559,7.7024670373731976e-05,0.0043710948814480559,0.004331957891042168,0.004471548967608395,0.0043717734687958813,0.004471548967608395,0.059826551034022679,0.040016395985180607,0.044487944952789002,0.004471548967608395,0,0,0,0,0,1,1.6989819895574471e-05,9.5642712034883965e-05,0.0072627484212288524,0.0041020186304573172,-6.730622737847569e-05
201,3,15,0.24095008815644542,0.058056944982598821,1,-1,1,0,5,-1,0,9,0.059837715883393788,0.059882035018620668,4.4319135226879303e-05,0.040219617896958583,0.040364904482757195,0.00014528658579861242,0.0043557607398902777,6.6426244280607926e-05,0.0043557607398902777,0.004303845148892281,0.0044439158309764679,0.0043562672173661169,0.0044439158309764679,0.059879919946631083,0.040219617896958583,0.044663533727935051,0.0044439158309764679,0,0,0,0,0,1,1.4624352454006221e-05,8.249471754170429e-05,0.0068238229531798885,0.0038088698092167885,-5.8029956894252538e-05
201,3,15,0.24095008815644542,0.058056944982598821,1,-1,3,1,1,-1,1,1269,0.022841894596397596,0.060167537760293252,0.037325643163895653,0.00343733005921098,0.041360907271514341,0.037923577212303362,0.0030894272533137624,0.00079251197519675329,0.0030894272533137624,0.0030734051422643648,0.0042841650602247526,0.0031894570046244668,0.0042995241882156157,0.059773182121414276,0.040014723778939679,0.044314247967155294,0.0042995241882156157,0,0,0,0,0,0.89406461307287755,-0.0075458963367897669,0.00065691009975855246,0.018678100097543886,0,0.02400738926440775
202,15,3,0.24095008815644542,0.058056944982598821,1,1,1,0,1,-1,1,1459,0.019266177451634427,0.061998410222640181,0.042732232771005754,0.0025550832689392061,0.052901934623082056,0.050346851354142852,0.0030525724380408821,0.00082805462387944544,0.0030525724380408821,0.0030693873071544128,0.0042722608855347583,0.0031628899679905058,0.0042995241882156157,0.059773182121414276,0.040014723778939679,0.044314247967155294,0.0042995241882156157,0,0,0,0,0,0.54896810506566607,-3.7982699023840754e-05,0.00065691009975855246,0.0093571575318715378,0,0.0035054465557563946
202,15,3,0.24095008815644542,0.058056944982598821,1,1,3,1,1,-1,1,1269,0.022841894596397596,0.060167537760293252,0.037325643163895653,0.00343733005921098,0.041360907271514341,0.037923577212303362,0.0030894272533137624,0.00079251197519675329,0.0030894272533137624,0.0030734051422643648,0.0042841650602247526,0.0031894570046244668,0.0042995241882156157,0.059773182121414276,0.040014723778939679,0.044314247967155294,0.0042995241882156157,0,0,0,0,0,0.89406461307287755,-0.0075458963367897669,0.00065691009975855246,0.036229911133659962,0,0.02400738926440775
202,15,3,0.24095008815644542,0.058056944982598821,1,-1,1,0,1,-1,0,9,0.023288225610574635,0.023435848367533312,0.00014762275695867633,0.0035986849852646468,0.0036550312145467341,5.6346229282087327e-05,0.0018094359144049576,2.3745707242837381e-05,0.0018094359144049576,0.0018020074598435461,0.0018487670280729624,0.0018095917183030454,0.0018490971397000637,0.02342895263509006,0.0035986849852646468,0.0054477821249647104,0.0018490971397000637,0,0,0,0,0,1,4.7672145717212074e-08,1.0800968278565582e-05,0.0021850029919204248,0.00010224914145350462,-4.1819547711915189e-08
202,15,3,0.24095008815644542,0.058056944982598821,1,-1,1,0,2,-1,0,11,0.023466298064677531,0.023655990774495237,0.00018969270981770633,0.0036641691936944347,0.0037355999542094728,7.1430760515038029e-05,0.0018197720962779965,3.00189422834273e-05,0.0018197720962779965,0.0018021856849097418,0.0018739061757554795,0.0018200196755221712,0.0018743035552680485,0.023655990774495237,0.0036691127418278851,0.0055434162970959336,0.0018743035552680485,0,0,0,0,0,1,1.0952436288172093e-06,1.480249062268168e-05,0.0028421456968745081,0.001017806159086126,-4.1437175098946105e-06
202,15,3,0.24095008815644542,0.058056944982598821,1,-1,1,0,3,-1,1,1368,0.023643017087597012,0.059776211156188572,0.036133194068591556,0.0037294725187272597,0.040014723778939679,0.036285251260212419,0.0031760476052875219,0.00089132465745720237,0.0031760476052875219,0.0031204163570093622,0.0046900408804298127,0.0032987479497596965,0.0054211335129326285,0.057298805385383893,0.03228819212808539,0.037709325641018018,0.0054211335129326285,0,0,0,0,0,0.55996725337699549,-1.2356227017787966e-05,0.00065691009975855246,0.010016217517419072,0,0.00012232308591498409
202,15,3,0.24095008815644542,0.058056944982598821,1,-1,1,0,4,-1,0,9,0.059776738929787458,0.059829103891290175,5.2364961502716911e-05,0.040016395985180607,0.040188800852146635,0.00017240486696602775,0.0043710948814480559,7.7024670373731976e-05,0.0043710948814480559,0.004331957891042168,0.004471548967608395,0.0043717734687958813,0.004471548967608395,0.059826551034022679,0.040016395985180607,0.044487944952789002,0.004471548967608395,0,0,0,0,0,1,1.6989819895574471e-05,9.5642712034883965e-05,0.0072627484212288524,0.0041020186304573172,-6.730622737847569e-05
202,15,3,0.24095008815644542,0.058056944982598821,1,-1,1,0,5,-1,0,9,0.059837715883393788,0.059882035018620668,4.4319135226879303e-05,0.040219617896958583,0.040364904482757195,0.00014528658579861242,0.0043557607398902777,6.6426244280607926e-05,0.0043557607398902777,0.004303845148892281,0.0044439158309764679,0.0043562672173661169,0.0044439158309764679,0.059879919946631083,0.040219617896958583,0.044663533727935051,0.0044439158309764679,0,0,0,0,0,1,1.4624352454006221e-05,8.249471754170429e-05,0.0068238229531798885,0.0038088698092167885,-5.8029956894252538e-05
202,15,3,0.24095008815644542,0.058056944982598821,1,-1,3,1,1,-1,1,1269,0.022841894596397596,0.060167537760293252,0.037325643163895653,0.00343733005921098,0.041360907271514341,0.037923577212303362,0.0030894272533137624,0.00079251197519675329,0.0030894272533137624,0.0030734051422643648,0.0042841650602247526,0.0031894570046244668,0.0042995241882156157,0.059773182121414276,0.040014723778939679,0.044314247967155294,0.0042995241882156157,0,0,0,0,0,0.89406461307287755,-0.0075458963367897669,0.00065691009975855246,0.018678100097543886,0,0.02400738926440775
203,4,15,0.24454165757289556,0.059800622288499306,1,1,1,0,1,-1,1,1425,0.019799866577718477,0.061890123197871856,0.04209025662015338,0.0026897382931643102,0.051834556370913942,0.049144818077749633,0.003149338467383949,0.00082578001350039039,0.003149338467383949,0.0031676794558038075,0.0043596891487049805,0.0032558018079792551,0.0043921301939597521,0.059613075383589058,0.039411849853182725,0.043803980047142477,0.0043921301939597521,0,0,0,0,0,0.53698835899361619,-3.7495831127867436e-05,0.00062073951062647755,0.0088942345267252337,0,0.0035502833545875629
203,4,15,0.24454165757289556,0.059800622288499306,1,1,3,1,1,-1,1,1233,0.023695797198132092,0.059963644533870347,0.036267847335738256,0.0036944114421104614,0.040560373582388259,0.036865962140277798,0.0031851425699194452,0.00078860724482611563,0.0031851425699194452,0.0031717966598493602,0.0043737610635331383,0.0032813159825450041,0.0043921301939597521,0.059613075383589058,0.039411849853182725,0.043803980047142477,0.0043921301939597521,0,0,0,0,0,0.88713318284424381,-0.0076257499555366535,0.00062073951062647755,0.036074035841883928,0,0.024293350881134851
203,4,15,0.24454165757289556,0.059800622288499306,1,-1,1,0,1,-1,0,9,0.024152361462668023,0.024291648315449603,0.00013928685278158034,0.0038655996798516909,0.0039197758561651157,5.4176176313424761e-05,0.0019075039498221494,2.3236691912870897e-05,0.0019075039498221494,0.0018977138941707588,0.0019467014378053993,0.0019076454760877752,0.0019467708263194165,0.024291648315449603,0.003869246164109406,0.0058160169904288225,0.0019467708263194165,0,0,0,0,0,1,1.1611424652720805e-06,1.1702952443082957e-05,0.0025231134610221519,0.001062019494545443,-4.5115416271782338e-06
203,4,15,0.24454165757289556,0.059800622288499306,1,-1,1,0,2,-1,1,1336,0.024324332437522328,0.059615872031557215,0.035291539594034887,0.0039309646844978468,0.039411849853182725,0.035480885168684875,0.00326159001046294,0.00088082166678649044,0.00326159001046294,0.0032126141057730994,0.004735079195788177,0.0033784339870762859,0.0053872251922706116,0.057342845641410456,0.032421614409606406,0.037808839601877017,0.0053872251922706116,0,0,0,0,0,0.55922980326496441,-1.0672052142634146e-05,0.00062073951062647755,0.0097248707530214907,0,0.00011052653594875453
203,4,15,0.24454165757289556,0.059800622288499306,1,-1,1,0,3,-1,0,9,0.059617519969413085,0.059668771590276462,5.1251620863376757e-05,0.03942018080782151,0.039580220506774774,0.00016003969895326403,0.0044580831571547404,7.2380903871423829e-05,0.0044580831571547404,0.0044147381638794947,0.0045529008950944017,0.0044586707022779811,0.0045534115070916328,0.059668771590276462,0.039426284189459641,0.043979695696551274,0.0045534115070916328,0,0,0,0,0,1,7.4753214337775089e-06,8.190802911589889e-05,0.0063615355867566257,0.0027073527723914946,-2.931903613670365e-05
203,4,15,0.24454165757289556,0.059800622288499306,1,-1,3,1,1,-1,1,1233,0.023695797198132092,0.059963644533870347,0.036267847335738256,0.0036944114421104614,0.040560373582388259,0.036865962140277798,0.0031851425699194452,0.00078860724482611563,0.0031851425699194452,0.0031717966598493602,0.0043737610635331383,0.0032813159825450041,0.0043921301939597521,0.059613075383589058,0.039411849853182725,0.043803980047142477,0.0043921301939597521,0,0,0,0,0,0.88713318284424381,-0.0076257499555366535,0.00062073951062647755,0.018293777345441919,0,0.024293350881134851
204,15,4,0.24454165757289556,0.059800622288499306,1,1,1,0,1,-1,1,1425,0.019799866577718477,0.061890123197871856,0.04209025662015338,0.0026897382931643102,0.051834556370913942,0.049144818077749633,0.003149338467383949,0.00082578001350039039,0.003149338467383949,0.0031676794558038075,0.0043596891487049805,0.0032558018079792551,0.0043921301939597521,0.059613075383589058,0.039411849853182725,0.043803980047142477,0.0043921301939597521,0,0,0,0,0,0.53698835899361619,-3.7495831127867436e-05,0.00062073951062647755,0.0088942345267252337,0,0.0035502833545875629
204,15,4,0.24454165757289556,0.059800622288499306,1,1,3,1,1,-1,1,1233,0.023695797198132092,0.059963644533870347,0.036267847335738256,0.0036944114421104614,0.040560373582388259,0.036865962140277798,0.0031851425699194452,0.00078860724482611563,0.0031851425699194452,0.0031717966598493602,0.0043737610635331383,0.0032813159825450041,0.0043921301939597521,0.059613075383589058,0.039411849853182725,0.043803980047142477,0.0043921301939597521,0,0,0,0,0,0.88713318284424381,-0.0076257499555366535,0.00062073951062647755,0.036074035841883928,0,0.024293350881134851
204,15,4,0.24454165757289556,0.059800622288499306,1,-1,1,0,1,-1,0,9,0.024152361462668023,0.024291648315449603,0.00013928685278158034,0.0038655996798516909,0.0039197758561651157,5.4176176313424761e-05,0.0019075039498221494,2.3236691912870897e-05,0.0019075039498221494,0.0018977138941707588,0.0019467014378053993,0.0019076454760877752,0.0019467708263194165,0.024291648315449603,0.003869246164109406,0.0058160169904288225,0.0019467708263194165,0,0,0,0,0,1,1.1611424652720805e-06,1.1702952443082957e-05,0.0025231134610221519,0.001062019494545443,-4.5115416271782338e-06
204,15,4,0.24454165757289556,0.059800622288499306,1,-1,1,0,2,-1,1,1336,0.024324332437522328,0.059615872031557215,0.035291539594034887,0.0039309646844978468,0.039411849853182725,0.035480885168684875,0.00326159001046294,0.00088082166678649044,0.00326159001046294,0.0032126141057730994,0.004735079195788177,0.0033784339870762859,0.0053872251922706116,0.057342845641410456,0.032421614409606406,0.037808839601877017,0.0053872251922706116,0,0,0,0,0,0.55922980326496441,-1.0672052142634146e-05,0.00062073951062647755,0.0097248707530214907,0,0.00011052653594875453
204,15,4,0.24454165757289556,0.059800622288499306,1,-1,1,0,3,-1,0,9,0.059617519969413085,0.059668771590276462,5.1251620863376757e-05,0.03942018080782151,0.039580220506774774,0.00016003969895326403,0.0044580831571547404,7.2380903871423829e-05,0.0044580831571547404,0.0044147381638794947,0.0045529008950944017,0.0044586707022779811,0.0045534115070916328,0.059668771590276462,0.039426284189459641,0.043979695696551274,0.0045534115070916328,0,0,0,0,0,1,7.4753214337775089e-06,8.190802911589889e-05,0.0063615355867566257,0.0027073527723914946,-2.931903613670365e-05
204,15,4,0.24454165757289556,0.059800622288499306,1,-1,3,1,1,-1,1,1233,0.023695797198132092,0.059963644533870347,0.036267847335738256,0.0036944114421104614,0.040560373582388259,0.036865962140277798,0.0031851425699194452,0.00078860724482611563,0.0031851425699194452,0.0031717966598493602,0.0043737610635331383,0.0032813159825450041,0.0043921301939597521,0.059613075383589058,0.039411849853182725,0.043803980047142477,0.0043921301939597521,0,0,0,0,0,0.88713318284424381,-0.0076257499555366535,0.00062073951062647755,0.018293777345441919,0,0.024293350881134851
205,11,11,0.24527802722534706,0.060161310639558097,1,1,1,0,1,-1,1,1417,0.020066711140760505,0.061889327728484829,0.041822616587724321,0.0027561098891943376,0.051834556370913935,0.0490784464817196,0.0031678237617128132,0.00082590842029296328,0.0031678237617128132,0.0031863166512633295,0.0043773723226189498,0.0032737183910628502,0.0044111079399136374,0.059666444296197461,0.039561207845006427,0.043972315784920064,0.0044111079399136374,0,0,0,0,0,0.53418482344102181,-3.7066965180756797e-05,0.00061328689058773192,0.0087963147039106029,0,0.0035598451504438014
205,11,11,0.24527802722534706,0.060161310639558097,1,1,3,1,1,-1,1,1228,0.023838130409706906,0.0599332888592395,0.036095158449532594,0.0037358238825883927,0.040436551310853747,0.036700727428265356,0.0032050100571317844,0.00078883229211227865,0.0032050100571317844,0.0031925391837430862,0.0043924517660604723,0.0033006583966528552,0.0044111079399136374,0.059666444296197461,0.039561207845006427,0.043972315784920064,0.0044111079399136374,0,0,0,0,0,0.88596161083929248,-0.0076422829587016027,0.00061328689058773192,0.036060001197333068,0,0.024352585694373142
205,11,11,0.24527802722534706,0.060161310639558097,1,-1,1,0,1,-1,0,9,0.024357313530168543,0.024505834143143369,0.00014852061297482635,0.0039320554913489974,0.003990258900226867,5.8203408877869657e-05,0.0019322672243348531,2.4771060975810203e-05,0.0019322672243348531,0.001924114518169092,0.0019734308125294166,0.0019324259964357197,0.0019735360645006918,0.024505834143143369,0.0039359573048699135,0.0059094933693706053,0.0019735360645006918,0,0,0,0,0,1,1.1839860698574593e-06,1.2562110471393229e-05,0.0025851620601864502,0.0010704832460900239,-4.5837375206377391e-06
205,11,11,0.24527802722534706,0.060161310639558097,1,-1,1,0,2,-1,1,1339,0.024527873385216593,0.05961555040256631,0.035087677017349717,0.0039974009948168382,0.039392918881706131,0.035395517886889293,0.0032879055414292251,0.00088252897155210249,0.0032879055414292251,0.0032406440115354124,0.0047575996058162855,0.0034042885064268298,0.005460782861169737,0.056924046755463212,0.031420947298198797,0.036881730159368534,0.005460782861169737,0,0,0,0,0,0.56284153005464477,-1.2435771898301379e-05,0.00061328689058773192,0.00967729998745143,0,0.00010824486462623227
205,11,11,0.24527802722534706,0.060161310639558097,1,-1,1,0,3,-1,0,9,0.059623349148243729,0.05966845745258452,4.5108304340790717e-05,0.039421303040156244,0.039561207845006427,0.00013990480485018275,0.00446578835942576,6.4499778961785571e-05,0.00446578835942576,0.0044127528586075174,0.0045518542029673852,0.0044662541231628031,0.0045524151751030958,0.05966845745258452,0.039426284189459641,0.043978699364562737,0.0045524151751030958,0,0,0,0,0,1,5.2155996219764713e-06,7.1101610299510875e-05,0.0058990010658318392,0.0022589500368841824,-2.0411421076556193e-05
205,11,11,0.24527802722534706,0.060161310639558097,1,-1,3,1,1,-1,1,1228,0.023838130409706906,0.0599332888592395,0.036095158449532594,0.0037358238825883927,0.040436551310853747,0.036700727428265356,0.0032050100571317844,0.00078883229211227865,0.0032050100571317844,0.0031925391837430862,0.0043924517660604723,0.0033006583966528552,0.0044111079399136374,0.059666444296197461,0.039561207845006427,0.043972315784920064,0.0044111079399136374,0,0,0,0,0,0.88596161083929248,-0.0076422829587016027,0.00061328689058773192,0.018219959973072831,0,0.024352585694373142
206,10,12,0.24627678704862097,0.060652255838991795,1,1,1,0,1,-1,1,1399,0.020333555703802533,0.061838888715700271,0.041505333011897738,0.0028242206720676477,0.05136757838559039,0.048543357713522743,0.0032002254629886653,0.00082359285228465187,0.0032002254629886653,0.0032200093257782163,0.0044024894470155538,0.0033045042291235437,0.0044368287554895566,0.059613075383589058,0.03936715129165292,0.043803980047142477,0.0044368287554895566,0,0,0,0,0,0.52706766917293235,-3.7608974884576985e-05,0.00060313690232156175,0.0086672261941121344,0,0.0035730109418930498
206,10,12,0.24627678704862097,0.060652255838991795,1,1,3,1,1,-1,1,1219,0.024057883695577757,0.059879919946631083,0.035822036251053326,0.0038025350233488993,0.040232331081764376,0.036429796058415474,0.0032317958899002056,0.00078798306391562737,0.0032317958899002056,0.0032200093257782163,0.004417236414612633,0.0033264729042927323,0.0044368287554895566,0.059613075383589058,0.03936715129165292,0.043803980047142477,0.0044368287554895566,0,0,0,0,0,0.88587570621468925,-0.0076647970411172269,0.00060313690232156175,0.035993783520993,0,0.024433265162881461
206,10,12,0.24627678704862097,0.060652255838991795,1,-1,1,0,1,-1,0,9,0.024572574461740715,0.024717972138394665,0.00014539767665395012,0.0039988706404821221,0.0040567324885852647,5.7861848103142599e-05,0.0019593802800530252,2.4584455011359378e-05,0.0019593802800530252,0.0019508309192750326,0.0020003340781695063,0.001959534505256,0.0020004091784014879,0.024709806537691795,0.0039988706404821221,0.0059992798188836099,0.0020004091784014879,0,0,0,0,0,1,8.8170031143549726e-07,1.2243309847692728e-05,0.0025200720293557127,0.00091892468566604152,-3.377690311705733e-06
206,10,12,0.24627678704862097,0.060652255838991795,1,-1,1,0,2,-1,1,1325,0.024741685022800858,0.059459732526178623,0.034718047503377765,0.0040642361076664961,0.038873057675373343,0.034808821567706844,0.0032962881555675129,0.00088035495049638578,0.0032962881555675129,0.0032437537454917224,0.0047789486533919715,0.003411823624309758,0.0054541161202805374,0.05692096571765299,0.031420947298198797,0.036875063418479334,0.0054541161202805374,0,0,0,0,0,0.56455048998721769,-1.1476965047489515e-05,0.00060313690232156175,0.0096323384257838707,0,0.00010508685852959063
206,10,12,0.24627678704862097,0.060652255838991795,1,-1,1,0,3,-1,0,13,0.05945921125653561,0.059561647665892149,0.00010243640935653914,0.038871772609233739,0.039200602790030979,0.00032883018079724047,0.0044915323057541905,6.7441237342487088e-05,0.0044915323057541905,0.0044367319043877723,0.0046005623936995824,0.0044920385989133975,0.0046005623936995824,0.059506337558372244,0.038871772609233739,0.043472335002933321,0.0046005623936995824,0,0,0,0,0,0.8666666666666667,-2.1479531329743185e-06,9.0689924121032978e-05,0.0063428490867504092,0,9.3448131555223841e-06
206,10,12,0.24627678704862097,0.060652255838991795,1,-1,1,0,4,-1,0,9,0.059567658519880516,0.059615131574282797,4.7473054402280557e-05,0.03922148694240548,0.03936715129165292,0.00014566434924744021,0.0044949020482972606,6.6723475626614338e-05,0.0044949020482972606,0.0044450609285186446,0.0045835672192461544,0.0044953972511877754,0.0045842832955855922,0.059615131574282797,0.039226150767178114,0.043810434062763706,0.0045842832955855922,0,0,0,0,0,1,4.8101840858877175e-07,6.9105542132473757e-05,0.0053065463481735513,0.00059797295266976859,-1.430286608498405e-06
206,10,12,0.24627678704862097,0.060652255838991795,1,-1,3,1,1,-1,1,1219,0.024057883695577757,0.059879919946631083,0.035822036251053326,0.0038025350233488993,0.040232331081764376,0.036429796058415474,0.0032317958899002056,0.00078798306391562737,0.0032317958899002056,0.0032200093257782163,0.004417236414612633,0.0033264729042927323,0.0044368287554895566,0.059613075383589058,0.03936715129165292,0.043803980047142477,0.0044368287554895566,0,0,0,0,0,0.88587570621468925,-0.0076647970411172269,0.00060313690232156175,0.018108157377116532,0,0.024433265162881461
207,12,10,0.24627678704862097,0.060652255838991795,1,1,1,0,1,-1,1,1399,0.020333555703802533,0.061838888715700271,0.041505333011897738,0.0028242206720676477,0.05136757838559039,0.048543357713522743,0.0032002254629886653,0.00082359285228465187,0.0032002254629886653,0.0032200093257782163,0.0044024894470155538,0.0033045042291235437,0.0044368287554895566,0.059613075383589058,0.03936715129165292,0.043803980047142477,0.0044368287554895566,0,0,0,0,0,0.52706766917293235,-3.7608974884576985e-05,0.00060313690232156175,0.0086672261941121344,0,0.0035730109418930498
207,12,10,0.24627678704862097,0.060652255838991795,1,1,3,1,1,-1,1,1219,0.024057883695577757,0.059879919946631083,0.035822036251053326,0.0038025350233488993,0.040232331081764376,0.036429796058415474,0.0032317958899002056,0.00078798306391562737,0.0032317958899002056,0.0032200093257782163,0.004417236414612633,0.0033264729042927323,0.0044368287554895566,0.059613075383589058,0.03936715129165292,0.043803980047142477,0.0044368287554895566,0,0,0,0,0,0.88587570621468925,-0.0076647970411172269,0.00060313690232156175,0.035993783520993,0,0.024433265162881461
207,12,10,0.24627678704862097,0.060652255838991795,1,-1,1,0,1,-1,0,9,0.024572574461740715,0.024717972138394665,0.00014539767665395012,0.0039988706404821221,0.0040567324885852647,5.7861848103142599e-05,0.0019593802800530252,2.4584455011359378e-05,0.0019593802800530252,0.0019508309192750326,0.0020003340781695063,0.001959534505256,0.0020004091784014879,0.024709806537691795,0.0039988706404821221,0.0059992798188836099,0.0020004091784014879,0,0,0,0,0,1,8.8170031143549726e-07,1.2243309847692728e-05,0.0025200720293557127,0.00091892468566604152,-3.377690311705733e-06
207,12,10,0.24627678704862097,0.060652255838991795,1,-1,1,0,2,-1,1,1325,0.024741685022800858,0.059459732526178623,0.034718047503377765,0.0040642361076664961,0.038873057675373343,0.034808821567706844,0.0032962881555675129,0.00088035495049638578,0.0032962881555675129,0.0032437537454917224,0.0047789486533919715,0.003411823624309758,0.0054541161202805374,0.05692096571765299,0.031420947298198797,0.036875063418479334,0.0054541161202805374,0,0,0,0,0,0.56455048998721769,-1.1476965047489515e-05,0.00060313690232156175,0.0096323384257838707,0,0.00010508685852959063
207,12,10,0.24627678704862097,0.060652255838991795,1,-1,1,0,3,-1,0,13,0.05945921125653561,0.059561647665892149,0.00010243640935653914,0.038871772609233739,0.039200602790030979,0.00032883018079724047,0.0044915323057541905,6.7441237342487088e-05,0.0044915323057541905,0.0044367319043877723,0.0046005623936995824,0.0044920385989133975,0.0046005623936995824,0.059506337558372244,0.038871772609233739,0.043472335002933321,0.0046005623936995824,0,0,0,0,0,0.8666666666666667,-2.1479531329743185e-06,9.0689924121032978e-05,0.0063428490867504092,0,9.3448131555223841e-06
207,12,10,0.24627678704862097,0.060652255838991795,1,-1,1,0,4,-1,0,9,0.059567658519880516,0.059615131574282797,4.7473054402280557e-05,0.03922148694240548,0.03936715129165292,0.00014566434924744021,0.0044949020482972606,6.6723475626614338e-05,0.0044949020482972606,0.0044450609285186446,0.0045835672192461544,0.0044953972511877754,0.0045842832955855922,0.059615131574282797,0.039226150767178114,0.043810434062763706,0.0045842832955855922,0,0,0,0,0,1,4.8101840858877175e-07,6.9105542132473757e-05,0.0053065463481735513,0.00059797295266976859,-1.430286608498405e-06
207,12,10,0.24627678704862097,0.060652255838991795,1,-1,3,1,1,-1,1,1219,0.024057883695577757,0.059879919946631083,0.035822036251053326,0.0038025350233488993,0.040232331081764376,0.036429796058415474,0.0032317958899002056,0.00078798306391562737,0.0032317958899002056,0.0032200093257782163,0.004417236414612633,0.0033264729042927323,0.0044368287554895566,0.059613075383589058,0.03936715129165292,0.043803980047142477,0.0044368287554895566,0,0,0,0,0,0.88587570621468925,-0.0076647970411172269,0.00060313690232156175,0.018108157377116532,0,0.024433265162881461
208,7,14,0.24667683023477741,0.060849458574677197,1,1,1,0,1,-1,1,1399,0.020333555703802533,0.061838323755295688,0.041504768051493154,0.0028251263923108842,0.05136757838559039,0.048542451993279508,0.0032099292633990229,0.00082514264567743237,0.0032099292633990229,0.0032331504561539173,0.0044126369888237305,0.0033142881983528449,0.0044471059521034445,0.059613075383589058,0.039356874095039032,0.043803980047142477,0.0044471059521034445,0,0,0,0,0,0.52762119503945881,-3.7065110950620895e-05,0.00059905972052658467,0.0086133821830467489,0,0.0035783474678345393
208,7,14,0.24667683023477741,0.060849458574677197,1,1,3,1,1,-1,1,1214,0.024176117411607738,0.059860528112314917,0.03568441070070718,0.0038410275529449679,0.040160106737825219,0.036319079184880254,0.0032432445917922738,0.00078685850016980074,0.0032432445917922738,0.0032316795746541449,0.0044273430888249789,0.0033373315360448234,0.0044471059521034445,0.059613075383589058,0.039356874095039032,0.043803980047142477,0.0044471059521034445,0,0,0,0,0,0.88474576271186445,-0.0076738434227631392,0.00059905972052658467,0.035997735248989388,0,0.024465688086992954
208,7,14,0.24667683023477741,0.060849458574677197,1,-1,1,0,1,-1,0,9,0.024590542694644751,0.024716141641199233,0.0001255989465544817,0.0039994239625382351,0.0040496424422782722,5.021847974003707e-05,0.0019622172774068341,2.1832458103551336e-05,0.0019622172774068341,0.0019500463145234667,0.0019996783340292565,0.0019623387322225318,0.0019998558563453957,0.024709806537691798,0.0039994239625382351,0.0059992798188836308,0.0019998558563453957,0,0,0,0,0,1,6.0786294231695822e-07,1.0467092558228178e-05,0.0023534100730963022,0.00076143478546642992,-2.3191317300732328e-06
208,7,14,0.24667683023477741,0.060849458574677197,1,-1,1,0,2,-1,0,11,0.02475955631146274,0.024933208253779933,0.00017365194231719339,0.004064824678011154,0.0041344508559037624,6.9626177892608346e-05,0.0019750478650531994,2.9683179014969179e-05,0.0019750478650531994,0.001957145282319289,0.0020291671823754057,0.0019752709080953011,0.0020292311468901054,0.024923282188125416,0.004064824678011154,0.0060940558249012594,0.0020292311468901054,0,0,0,0,0,1,8.3663190911538302e-07,1.4570845443410285e-05,0.002836252733882379,0.00088494622254649638,-3.1325192671972521e-06
208,7,14,0.24667683023477741,0.060849458574677197,1,-1,1,0,3,-1,1,1321,0.024927381408704586,0.059456292051074978,0.034528910642370389,0.0041301691401412601,0.038862631483217017,0.034732462343075754,0.0033243466602991957,0.00088368390132028914,0.0033243466602991957,0.0032723908661952995,0.0048249761785527437,0.0034397933012457393,0.0054517875597055176,0.056919889336350095,0.031420947298198797,0.036872734857904314,0.0054517875597055176,0,0,0,0,0,0.56525459991442017,-1.245871438235375e-05,0.00059905972052658467,0.0096167923564275427,0,0.00010391763749862792
208,7,14,0.24667683023477741,0.060849458574677197,1,-1,1,0,4,-1,0,6,0.05950655678236004,0.059561440599956585,5.4883817596544648e-05,0.039026017344896594,0.039190305441913501,0.00016428809701690694,0.0044693171965551476,3.8162841915217472e-05,0.0044693171965551476,0.0044470106870485651,0.0045325953799023131,0.0044694801270311751,0.0045499949522393307,0.059561440599956585,0.039092728485657105,0.043642723437896436,0.0045499949522393307,0,0,0,0,0,0.66666666666666663,-3.3905790248522417e-06,7.5709624903894394e-05,0.0050725538154601955,0,1.4231210169777389e-05
208,7,14,0.24667683023477741,0.060849458574677197,1,-1,3,1,1,-1,1,1214,0.024176117411607738,0.059860528112314917,0.03568441070070718,0.0038410275529449679,0.040160106737825219,0.036319079184880254,0.0032432445917922738,0.00078685850016980074,0.0032432445917922738,0.0032316795746541449,0.0044273430888249789,0.0033373315360448234,0.0044471059521034445,0.059613075383589058,0.039356874095039032,0.043803980047142477,0.0044471059521034445,0,0,0,0,0,0.88474576271186445,-0.0076738434227631392,0.00059905972052658467,0.018069282963022334,0,0.024465688086992954
209,14,7,0.24667683023477741,0.060849458574677197,1,1,1,0,1,-1,1,1399,0.020333555703802533,0.061838323755295688,0.041504768051493154,0.0028251263923108842,0.05136757838559039,0.048542451993279508,0.0032099292633990229,0.00082514264567743237,0.0032099292633990229,0.0032331504561539173,0.0044126369888237305,0.0033142881983528449,0.0044471059521034445,0.059613075383589058,0.039356874095039032,0.043803980047142477,0.0044471059521034445,0,0,0,0,0,0.52762119503945881,-3.7065110950620895e-05,0.00059905972052658467,0.0086133821830467489,0,0.0035783474678345393
209,14,7,0.24667683023477741,0.060849458574677197,1,1,3,1,1,-1,1,1214,0.024176117411607738,0.059860528112314917,0.03568441070070718,0.0038410275529449679,0.040160106737825219,0.036319079184880254,0.0032432445917922738,0.00078685850016980074,0.0032432445917922738,0.0032316795746541449,0.0044273430888249789,0.0033373315360448234,0.0044471059521034445,0.059613075383589058,0.039356874095039032,0.043803980047142477,0.0044471059521034445,0,0,0,0,0,0.88474576271186445,-0.0076738434227631392,0.00059905972052658467,0.035997735248989388,0,0.024465688086992954
209,14,7,0.24667683023477741,0.060849458574677197,1,-1,1,0,1,-1,0,9,0.024590542694644751,0.024716141641199233,0.0001255989465544817,0.0039994239625382351,0.0040496424422782722,5.021847974003707e-05,0.0019622172774068341,2.1832458103551336e-05,0.0019622172774068341,0.0019500463145234667,0.0019996783340292565,0.0019623387322225318,0.0019998558563453957,0.024709806537691798,0.0039994239625382351,0.0059992798188836308,0.0019998558563453957,0,0,0,0,0,1,6.0786294231695822e-07,1.0467092558228178e-05,0.0023534100730963022,0.00076143478546642992,-2.3191317300732328e-06
209,14,7,0.24667683023477741,0.060849458574677197,1,-1,1,0,2,-1,0,11,0.02475955631146274,0.024933208253779933,0.00017365194231719339,0.004064824678011154,0.0041344508559037624,6.9626177892608346e-05,0.0019750478650531994,2.9683179014969179e-05,0.0019750478650531994,0.001957145282319289,0.0020291671823754057,0.0019752709080953011,0.0020292311468901054,0.024923282188125416,0.004064824678011154,0.0060940558249012594,0.0020292311468901054,0,0,0,0,0,1,8.3663190911538302e-07,1.4570845443410285e-05,0.002836252733882379,0.00088494622254649638,-3.1325192671972521e-06
209,14,7,0.24667683023477741,0.060849458574677197,1,-1,1,0,3,-1,1,1321,0.024927381408704586,0.059456292051074978,0.034528910642370389,0.0041301691401412601,0.038862631483217017,0.034732462343075754,0.0033243466602991957,0.00088368390132028914,0.0033243466602991957,0.0032723908661952995,0.0048249761785527437,0.0034397933012457393,0.0054517875597055176,0.056919889336350095,0.031420947298198797,0.036872734857904314,0.0054517875597055176,0,0,0,0,0,0.56525459991442017,-1.245871438235375e-05,0.00059905972052658467,0.0096167923564275427,0,0.00010391763749862792
209,14,7,0.24667683023477741,0.060849458574677197,1,-1,1,0,4,-1,0,6,0.05950655678236004,0.059561440599956585,5.4883817596544648e-05,0.039026017344896594,0.039190305441913501,0.00016428809701690694,0.0044693171965551476,3.8162841915217472e-05,0.0044693171965551476,0.0044470106870485651,0.0045325953799023131,0.0044694801270311751,0.0045499949522393307,0.059561440599956585,0.039092728485657105,0.043642723437896436,0.0045499949522393307,0,0,0,0,0,0.66666666666666663,-3.3905790248522417e-06,7.5709624903894394e-05,0.0050725538154601955,0,1.4231210169777389e-05
209,14,7,0.24667683023477741,0.060849458574677197,1,-1,3,1,1,-1,1,1214,0.024176117411607738,0.059860528112314917,0.03568441070070718,0.0038410275529449679,0.040160106737825219,0.036319079184880254,0.0032432445917922738,0.00078685850016980074,0.0032432445917922738,0.0032316795746541449,0.0044273430888249789,0.0033373315360448234,0.0044471059521034445,0.059613075383589058,0.039356874095039032,0.043803980047142477,0.0044471059521034445,0,0,0,0,0,0.88474576271186445,-0.0076738434227631392,0.00059905972052658467,0.018069282963022334,0,0.024465688086992954
210,5,15,0.249081809965922,0.062041748055899675,1,1,1,0,1,-1,1,1389,0.02086724482988659,0.061728723562976678,0.040861478733090088,0.0029639998165114159,0.050433622414943292,0.047469622598431876,0.0032801508021531424,0.00082221259810470325,0.0032801508021531424,0.0033109098028131258,0.004468929752379917,0.0033816302047012755,0.0045089029822216187,0.059506337558372244,0.038963432020711702,0.043472335002933321,0.0045089029822216187,0,0,0,0,0,0.52388115833019933,-3.668687364321318e-05,0.00057448050482141497,0.0083038275118590462,0,0.0036111809132220582
210,5,15,0.249081809965922,0.062041748055899675,1,1,3,1,1,-1,1,1188,0.024763175450300198,0.059695199048738962,0.034932023598438763,0.0040278259505383187,0.039559706470980657,0.035531880520442337,0.0033080806671330659,0.0007821293146462097,0.0033080806671330659,0.0032979825851677143,0.0044851413184920051,0.0033992828604116634,0.0045089029822216187,0.059506337558372244,0.038963432020711702,0.043472335002933321,0.0045089029822216187,0,0,0,0,0,0.87938183188842822,-0.0077285713807523073,0.00057448050482141497,0.035879054892236938,0,0.024661900062571362
210,5,15,0.249081809965922,0.062041748055899675,1,-1,1,0,1,-1,1,1308,0.025366174619023449,0.059348485630877877,0.033982311011854428,0.0042651634700164968,0.038479030049804006,0.034213866579787505,0.003386282085596326,0.00088021706729216704,0.003386282085596326,0.0033386269247285064,0.0048793714085339623,0.0034988124340671689,0.0054658576032736855,0.056708200943671981,0.030953969312875251,0.036419826916148937,0.0054658576032736855,0,0,0,0,0,0.56844850065189045,-1.1235029361004191e-05,0.00057448050482141497,0.009419151958300797,0,9.6737148052453102e-05
210,5,15,0.249081809965922,0.062041748055899675,1,-1,1,0,2,-1,0,9,0.059350561981224022,0.059401852709705674,5.1290728481652448e-05,0.038487052047542873,0.03863869337996427,0.00015164133242139693,0.0045697348420407589,6.9074051733560127e-05,0.0045697348420407589,0.0045226820303489457,0.0046609661948434607,0.0045702568583378522,0.0046615760554300778,0.059401852709705674,0.038492328218812537,0.043153904274242615,0.0046615760554300778,0,0,0,0,0,1,3.9328776788231828e-06,7.3938424676011109e-05,0.0058609384047420268,0.0019495070994289803,-1.5202311722895985e-05
210,5,15,0.249081809965922,0.062041748055899675,1,-1,3,1,1,-1,1,1188,0.024763175450300198,0.059695199048738962,0.034932023598438763,0.0040278259505383187,0.039559706470980657,0.035531880520442337,0.0033080806671330659,0.0007821293146462097,0.0033080806671330659,0.0032979825851677143,0.0044851413184920051,0.0033992828604116634,0.0045089029822216187,0.059506337558372244,0.038963432020711702,0.043472335002933321,0.0045089029822216187,0,0,0,0,0,0.87938183188842822,-0.0077285713807523073,0.00057448050482141497,0.017799154692208091,0,0.024661900062571362
211,15,5,0.249081809965922,0.062041748055899675,1,1,1,0,1,-1,1,1389,0.02086724482988659,0.061728723562976678,0.040861478733090088,0.0029639998165114159,0.050433622414943292,0.047469622598431876,0.0032801508021531424,0.00082221259810470325,0.0032801508021531424,0.0033109098028131258,0.004468929752379917,0.0033816302047012755,0.0045089029822216187,0.059506337558372244,0.038963432020711702,0.043472335002933321,0.0045089029822216187,0,0,0,0,0,0.52388115833019933,-3.668687364321318e-05,0.00057448050482141497,0.0083038275118590462,0,0.0036111809132220582
211,15,5,0.249081809965922,0.062041748055899675,1,1,3,1,1,-1,1,1188,0.024763175450300198,0.059695199048738962,0.034932023598438763,0.0040278259505383187,0.039559706470980657,0.035531880520442337,0.0033080806671330659,0.0007821293146462097,0.0033080806671330659,0.0032979825851677143,0.0044851413184920051,0.0033992828604116634,0.0045089029822216187,0.059506337558372244,0.038963432020711702,0.043472335002933321,0.0045089029822216187,0,0,0,0,0,0.87938183188842822,-0.0077285713807523073,0.00057448050482141497,0.035879054892236938,0,0.024661900062571362
211,15,5,0.249081809965922,0.062041748055899675,1,-1,1,0,1,-1,1,1308,0.025366174619023449,0.059348485630877877,0.033982311011854428,0.0042651634700164968,0.038479030049804006,0.034213866579787505,0.003386282085596326,0.00088021706729216704,0.003386282085596326,0.0033386269247285064,0.0048793714085339623,0.0034988124340671689,0.0054658576032736855,0.056708200943671981,0.030953969312875251,0.036419826916148937,0.0054658576032736855,0,0,0,0,0,0.56844850065189045,-1.1235029361004191e-05,0.00057448050482141497,0.009419151958300797,0,9.6737148052453102e-05
211,15,5,0.249081809965922,0.062041748055899675,1,-1,1,0,2,-1,0,9,0.059350561981224022,0.059401852709705674,5.1290728481652448e-05,0.038487052047542873,0.03863869337996427,0.00015164133242139693,0.0045697348420407589,6.9074051733560127e-05,0.0045697348420407589,0.0045226820303489457,0.0046609661948434607,0.0045702568583378522,0.0046615760554300778,0.059401852709705674,0.038492328218812537,0.043153904274242615,0.0046615760554300778,0,0,0,0,0,1,3.9328776788231828e-06,7.3938424676011109e-05,0.0058609384047420268,0.0019495070994289803,-1.5202311722895985e-05
211,15,5,0.249081809965922,0.062041748055899675,1,-1,3,1,1,-1,1,1188,0.024763175450300198,0.059695199048738962,0.034932023598438763,0.0040278259505383187,0.039559706470980657,0.035531880520442337,0.0033080806671330659,0.0007821293146462097,0.0033080806671330659,0.0032979825851677143,0.0044851413184920051,0.0033992828604116634,0.0045089029822216187,0.059506337558372244,0.038963432020711702,0.043472335002933321,0.0045089029822216187,0,0,0,0,0,0.87938183188842822,-0.0077285713807523073,0.00057448050482141497,0.017799154692208091,0,0.024661900062571362
212,9,13,0.24924880959285775,0.062124969083456653,1,1,1,0,1,-1,1,1386,0.02086724482988659,0.061728536809933413,0.040861291980046822,0.0029641858889778321,0.050433622414943292,0.047469436525965462,0.0032847533564300722,0.00082286702568756961,0.0032847533564300722,0.0033165089624658303,0.0044739127225113424,0.003386253793581121,0.0045132175355229592,0.059506337558372244,0.038959117467410362,0.043472335002933321,0.0045132175355229592,0,0,0,0,0,0.52312899586310646,-3.7231313964470636e-05,0.00057276973658879136,0.0082793157016166057,0,0.003613508228361725
212,9,13,0.24924880959285775,0.062124969083456653,1,1,3,1,1,-1,1,1187,0.024816544362908605,0.059696491196853024,0.034879946833944422,0.0040459634375202367,0.03955970647098065,0.035513743033460415,0.0033134762834597024,0.00078212851259728828,0.0033134762834597024,0.003304567558791438,0.0044900120101088042,0.0034045337553426564,0.0045132175355229592,0.059506337558372244,0.038959117467410362,0.043472335002933321,0.0045132175355229592,0,0,0,0,0,0.88004526593738208,-0.0077323942040427749,0.00057276973658879136,0.035890928343607499,0,0.024675609635405868
212,9,13,0.24924880959285775,0.062124969083456653,1,-1,1,0,1,-1,0,9,0.025373630003732599,0.025532430253408952,0.00015880024967635312,0.0042654238264704658,0.0043251332536487072,5.9709427178241369e-05,0.0020519118105641254,2.6565518416234888e-05,0.0020519118105641254,0.0020424261394547272,0.0020971585105324592,0.0020520837714628685,0.0020995598137042984,0.025532430253408952,0.0042695130086724481,0.0063690728223767465,0.0020995598137042984,0,0,0,0,0,1,1.7440775002154827e-06,1.4233933291167497e-05,0.0028494735718887511,0.0013034480874198756,-6.7959076663941262e-06
212,9,13,0.24924880959285775,0.062124969083456653,1,-1,1,0,2,-1,1,1300,0.025537428546800658,0.05934839137864012,0.033810962831839458,0.0043282052873736682,0.038474696591858232,0.034146491304484564,0.003396280258918841,0.00087604868609927097,0.003396280258918841,0.0033502018460893832,0.0048772732854529223,0.003507446492469713,0.0054989414849714313,0.05650101406113936,0.030486991327551699,0.03598593281252313,0.0054989414849714313,0,0,0,0,0,0.56694286960314,-1.1145461671292527e-05,0.00057276973658879136,0.0094211665575280913,0,9.6241405661068934e-05
212,9,13,0.24924880959285775,0.062124969083456653,1,-1,1,0,3,-1,0,9,0.059351973371215991,0.059401778465585323,4.9805094369331782e-05,0.038487281015174631,0.038634325105496838,0.000147044090322207,0.0045715146050973477,6.7269581752575809e-05,0.0045715146050973477,0.0045222149719231011,0.0046607401140908427,0.0045720095123750045,0.0046613518992635536,0.059401778465585323,0.038492328218812537,0.04315368011807609,0.0046613518992635536,0,0,0,0,0,1,3.4159673059045112e-06,7.147999942880916e-05,0.0057442294886318112,0.0018141730384631288,-1.3164895253946164e-05
212,9,13,0.24924880959285775,0.062124969083456653,1,-1,3,1,1,-1,1,1187,0.024816544362908605,0.059696491196853024,0.034879946833944422,0.0040459634375202367,0.03955970647098065,0.035513743033460415,0.0033134762834597024,0.00078212851259728828,0.0033134762834597024,0.003304567558791438,0.0044900120101088042,0.0034045337553426564,0.0045132175355229592,0.059506337558372244,0.038959117467410362,0.043472335002933321,0.0045132175355229592,0,0,0,0,0,0.88004526593738208,-0.0077323942040427749,0.00057276973658879136,0.017791815480743094,0,0.024675609635405868
213,13,9,0.24924880959285775,0.062124969083456653,1,1,1,0,1,-1,1,1386,0.02086724482988659,0.061728536809933413,0.040861291980046822,0.0029641858889778321,0.050433622414943292,0.047469436525965462,0.0032847533564300722,0.00082286702568756961,0.0032847533564300722,0.0033165089624658303,0.0044739127225113424,0.003386253793581121,0.0045132175355229592,0.059506337558372244,0.038959117467410362,0.043472335002933321,0.0045132175355229592,0,0,0,0,0,0.52312899586310646,-3.7231313964470636e-05,0.00057276973658879136,0.0082793157016166057,0,0.003613508228361725
213,13,9,0.24924880959285775,0.062124969083456653,1,1,3,1,1,-1,1,1187,0.024816544362908605,0.059696491196853024,0.034879946833944422,0.0040459634375202367,0.03955970647098065,0.035513743033460415,0.0033134762834597024,0.00078212851259728828,0.0033134762834597024,0.003304567558791438,0.0044900120101088042,0.0034045337553426564,0.0045132175355229592,0.059506337558372244,0.038959117467410362,0.043472335002933321,0.0045132175355229592,0,0,0,0,0,0.88004526593738208,-0.0077323942040427749,0.00057276973658879136,0.035890928343607499,0,0.024675609635405868
213,13,9,0.24924880959285775,0.062124969083456653,1,-1,1,0,1,-1,0,9,0.025373630003732599,0.025532430253408952,0.00015880024967635312,0.0042654238264704658,0.0043251332536487072,5.9709427178241369e-05,0.0020519118105641254,2.6565518416234888e-05,0.0020519118105641254,0.0020424261394547272,0.0020971585105324592,0.0020520837714628685,0.0020995598137042984,0.025532430253408952,0.0042695130086724481,0.0063690728223767465,0.0020995598137042984,0,0,0,0,0,1,1.7440775002154827e-06,1.4233933291167497e-05,0.0028494735718887511,0.0013034480874198756,-6.7959076663941262e-06
213,13,9,0.24924880959285775,0.062124969083456653,1,-1,1,0,2,-1,1,1300,0.025537428546800658,0.05934839137864012,0.033810962831839458,0.0043282052873736682,0.038474696591858232,0.034146491304484564,0.003396280258918841,0.00087604868609927097,0.003396280258918841,0.0033502018460893832,0.0048772732854529223,0.003507446492469713,0.0054989414849714313,0.05650101406113936,0.030486991327551699,0.03598593281252313,0.0054989414849714313,0,0,0,0,0,0.56694286960314,-1.1145461671292527e-05,0.00057276973658879136,0.0094211665575280913,0,9.6241405661068934e-05
213,13,9,0.24924880959285775,0.062124969083456653,1,-1,1,0,3,-1,0,9,0.059351973371215991,0.059401778465585323,4.9805094369331782e-05,0.038487281015174631,0.038634325105496838,0.000147044090322207,0.0045715146050973477,6.7269581752575809e-05,0.0045715146050973477,0.0045222149719231011,0.0046607401140908427,0.0045720095123750045,0.0046613518992635536,0.059401778465585323,0.038492328218812537,0.04315368011807609,0.0046613518992635536,0,0,0,0,0,1,3.4159673059045112e-06,7.147999942880916e-05,0.0057442294886318112,0.0018141730384631288,-1.3164895253946164e-05
213,13,9,0.24924880959285775,0.062124969083456653,1,-1,3,1,1,-1,1,1187,0.024816544362908605,0.059696491196853024,0.034879946833944422,0.0040459634375202367,0.03955970647098065,0.035513743033460415,0.0033134762834597024,0.00078212851259728828,0.0033134762834597024,0.003304567558791438,0.0044900120101088042,0.0034045337553426564,0.0045132175355229592,0.059506337558372244,0.038959117467410362,0.043472335002933321,0.0045132175355229592,0,0,0,0,0,0.88004526593738208,-0.0077323942040427749,0.00057276973658879136,0.017791815480743094,0,0.024675609635405868
214,0,16,0.25191941013543512,0.063463389202985568,1,1,1,0,1,-1,1,1350,0.021561040693795865,0.061676559715992514,0.04011551902219665,0.0031498219453846045,0.050033355570380252,0.046883533624995644,0.0033569245273880628,0.00081908045752346944,0.0033569245273880628,0.0033837633934715953,0.0045409506007576001,0.0034554066444452565,0.0045814744797871912,0.059399599733155437,0.038565628971719217,0.043147103451506408,0.0045814744797871912,0,0,0,0,0,0.50997365449755361,-3.5944873091408436e-05,0.00054527351596726434,0.0079015950409606975,0,0.0036515489459283406
214,0,16,0.25191941013543512,0.063463389202985568,1,1,3,1,1,-1,1,1160,0.025456971314209473,0.0595275216927054,0.034070550378495927,0.0042545359463078483,0.038959306204136089,0.034704770257828241,0.0033869883791712626,0.00077704672308278038,0.0033869883791712626,0.0033787950987371144,0.0045541362038190236,0.0034749808475004382,0.0045814744797871912,0.059399599733155437,0.038565628971719217,0.043147103451506408,0.0045814744797871912,0,0,0,0,0,0.87457499055534571,-0.0077939068619131595,0.00054527351596726434,0.035773095218630709,0,0.02489628218502243
214,0,16,0.25191941013543512,0.063463389202985568,1,-1,1,0,1,-1,0,7,0.02581900819008745,0.025937291527685122,0.00011828333759767232,0.0044009409413695673,0.00445185780784986,5.0916866480292707e-05,0.0021055138676826304,1.0233491263181907e-05,0.0021055138676826304,0.002103676038687048,0.0021220951213800862,0.0021055387366057414,0.0021299393705195751,0.025883922615076715,0.0044009409413695673,0.0065308803118891423,0.0021299393705195751,0,0,0,0,0,0.77777777777777779,-4.8987406085592138e-07,9.986918841714868e-06,0.0020841678410967483,0,2.0743640504127683e-06
214,0,16,0.25191941013543512,0.063463389202985568,1,-1,1,0,2,-1,0,9,0.025980035554947357,0.026115564077039143,0.00013552852209178581,0.0044661044346419113,0.0045185136358493177,5.2409201207406428e-05,0.0021252710961397066,2.3945622007298622e-05,0.0021252710961397066,0.0021114220074453802,0.0021671469290892049,0.0021254059906051326,0.0021691292357044877,0.026115564077039143,0.0044696464309539694,0.0066387756666584571,0.0021691292357044877,0,0,0,0,0,1,2.0481506670085373e-06,1.3115066752044768e-05,0.0028356003843272148,0.0014193251633192114,-8.0579356769244236e-06
214,0,16,0.25191941013543512,0.063463389202985568,1,-1,1,0,3,-1,1,1276,0.026139993266113201,0.059135422743094697,0.032995429476981496,0.0045313263120622784,0.037781959761544609,0.033250633449482328,0.0034665289079367201,0.00087210056200883986,0.0034665289079367201,0.0034201710450254257,0.0049469709713291492,0.0035745464131574909,0.0054985482532334262,0.05633859570474288,0.030153435623749163,0.035651983876982589,0.0054985482532334262,0,0,0,0,0,0.57040679481448364,-1.0791370962524573e-05,0.00054527351596726434,0.0092146924165825688,0,9.0168321147390468e-05
214,0,16,0.25191941013543512,0.063463389202985568,1,-1,3,1,1,-1,1,1160,0.025456971314209473,0.0595275216927054,0.034070550378495927,0.0042545359463078483,0.038959306204136089,0.034704770257828241,0.0033869883791712626,0.00077704672308278038,0.0033869883791712626,0.0033787950987371144,0.0045541362038190236,0.0034749808475004382,0.0045814744797871912,0.059399599733155437,0.038565628971719217,0.043147103451506408,0.0045814744797871912,0,0,0,0,0,0.87457499055534571,-0.0077939068619131595,0.00054527351596726434,0.017497774051278316,0,0.02489628218502243
215,16,0,0.25191941013543512,0.063463389202985568,1,1,1,0,1,-1,1,1350,0.021561040693795865,0.061676559715992514,0.04011551902219665,0.0031498219453846045,0.050033355570380252,0.046883533624995644,0.0033569245273880628,0.00081908045752346944,0.0033569245273880628,0.0033837633934715953,0.0045409506007576001,0.0034554066444452565,0.0045814744797871912,0.059399599733155437,0.038565628971719217,0.043147103451506408,0.0045814744797871912,0,0,0,0,0,0.50997365449755361,-3.5944873091408436e-05,0.00054527351596726434,0.0079015950409606975,0,0.0036515489459283406
215,16,0,0.25191941013543512,0.063463389202985568,1,1,3,1,1,-1,1,1160,0.025456971314209473,0.0595275216927054,0.034070550378495927,0.0042545359463078483,0.038959306204136089,0.034704770257828241,0.0033869883791712626,0.00077704672308278038,0.0033869883791712626,0.0033787950987371144,0.0045541362038190236,0.0034749808475004382,0.0045814744797871912,0.059399599733155437,0.038565628971719217,0.043147103451506408,0.0045814744797871912,0,0,0,0,0,0.87457499055534571,-0.0077939068619131595,0.00054527351596726434,0.035773095218630709,0,0.02489628218502243
215,16,0,0.25191941013543512,0.063463389202985568,1,-1,1,0,1,-1,0,7,0.02581900819008745,0.025937291527685122,0.00011828333759767232,0.0044009409413695673,0.00445185780784986,5.0916866480292707e-05,0.0021055138676826304,1.0233491263181907e-05,0.0021055138676826304,0.002103676038687048,0.0021220951213800862,0.0021055387366057414,0.0021299393705195751,0.025883922615076715,0.0044009409413695673,0.0065308803118891423,0.0021299393705195751,0,0,0,0,0,0.77777777777777779,-4.8987406085592138e-07,9.986918841714868e-06,0.0020841678410967483,0,2.0743640504127683e-06
215,16,0,0.25191941013543512,0.063463389202985568,1,-1,1,0,2,-1,0,9,0.025980035554947357,0.026115564077039143,0.00013552852209178581,0.0044661044346419113,0.0045185136358493177,5.2409201207406428e-05,0.0021252710961397066,2.3945622007298622e-05,0.0021252710961397066,0.0021114220074453802,0.0021671469290892049,0.0021254059906051326,0.0021691292357044877,0.026115564077039143,0.0044696464309539694,0.0066387756666584571,0.0021691292357044877,0,0,0,0,0,1,2.0481506670085373e-06,1.3115066752044768e-05,0.0028356003843272148,0.0014193251633192114,-8.0579356769244236e-06
215,16,0,0.25191941013543512,0.063463389202985568,1,-1,1,0,3,-1,1,1276,0.026139993266113201,0.059135422743094697,0.032995429476981496,0.0045313263120622784,0.037781959761544609,0.033250633449482328,0.0034665289079367201,0.00087210056200883986,0.0034665289079367201,0.0034201710450254257,0.0049469709713291492,0.0035745464131574909,0.0054985482532334262,0.05633859570474288,0.030153435623749163,0.035651983876982589,0.0054985482532334262,0,0,0,0,0,0.57040679481448364,-1.0791370962524573e-05,0.00054527351596726434,0.0092146924165825688,0,9.0168321147390468e-05
215,16,0,0.25191941013543512,0.063463389202985568,1,-1,3,1,1,-1,1,1160,0.025456971314209473,0.0595275216927054,0.034070550378495927,0.0042545359463078483,0.038959306204136089,0.034704770257828241,0.0033869883791712626,0.00077704672308278038,0.0033869883791712626,0.0033787950987371144,0.0045541362038190236,0.0034749808475004382,0.0045814744797871912,0.059399599733155437,0.038565628971719217,0.043147103451506408,0.0045814744797871912,0,0,0,0,0,0.87457499055534571,-0.0077939068619131595,0.00054527351596726434,0.017497774051278316,0,0.02489628218502243
216,1,16,0.25241356969796808,0.063712610167670991,1,1,1,0,1,-1,1,1352,0.021561040693795865,0.061625628503619231,0.040064587809823367,0.0031521577405051199,0.049633088725817211,0.046480930985312092,0.003366301654942097,0.00082182482219631632,0.003366301654942097,0.0033993790080714716,0.0045507605060281188,0.0034651670768440453,0.0045939015866672331,0.059346230820547026,0.03839288994934862,0.042986791536015853,0.0045939015866672331,0,0,0,0,0,0.51072638313887841,-3.5029612848561544e-05,0.00054016771777242747,0.0078384466128633302,0,0.0036587561436789741
216,1,16,0.25241356969796808,0.063712610167670991,1,1,3,1,1,-1,1,1154,0.025563709139426283,0.059488479748410837,0.03392477060898455,0.0042889095298764808,0.038825883922615073,0.03453697439273859,0.0034001227112099418,0.00077553161966692572,0.0034001227112099418,0.0033922043550163143,0.0045656157207687887,0.0034874465937686917,0.0045940549768608355,0.059399599733155437,0.038553048474645572,0.043147103451506408,0.0045940549768608355,0,0,0,0,0,0.87452758881330306,-0.0078053690043868038,0.00054016771777242747,0.035738894193568502,0,0.024937416774036936
216,1,16,0.25241356969796808,0.063712610167670991,1,-1,1,0,1,-1,0,9,0.026161957270329723,0.026320779332540904,0.00015882206221118009,0.0045320787931786583,0.0045988943273046201,6.6815534125961792e-05,0.0021525293457397721,2.83198037106431e-05,0.0021525293457397721,0.0021460006002305618,0.0021986897606553167,0.0021527156327655313,0.0021988473496275902,0.026320779332540904,0.0045363575717144765,0.0067352049213420667,0.0021988473496275902,0,0,0,0,0,1,1.3706273491850674e-06,1.494077111941139e-05,0.0028017879389962853,0.0011505900146926858,-5.2954295276420605e-06
216,1,16,0.25241356969796808,0.063712610167670991,1,-1,1,0,2,-1,1,1266,0.026320758463696626,0.059081928817365972,0.03276117035366935,0.0045973879251472172,0.037616938002173486,0.033019550077026269,0.0034850815897112461,0.00086970072411558786,0.0034850815897112461,0.0034386955934352578,0.0049516713255287129,0.0035919594981669049,0.0054943263582222547,0.056336525779323132,0.030153435623749166,0.035647761981971421,0.0054943263582222547,0,0,0,0,0,0.57052726453357372,-1.077431950605453e-05,0.00054016771777242747,0.0091979234065951918,0,8.9166647196343182e-05
216,1,16,0.25241356969796808,0.063712610167670991,1,-1,1,0,3,-1,0,9,0.059082183798960151,0.05913516910726771,5.2985308307558487e-05,0.037618800225353508,0.037768852243619658,0.00015005201826615022,0.0046513550774925326,6.8383095016638016e-05,0.0046513550774925326,0.0046034240931774884,0.004741652075775568,0.0046518577261777496,0.0047419238018194254,0.05913516910726771,0.037625083388925951,0.042367007190745376,0.0047419238018194254,0,0,0,0,0,1,9.9498667055617599e-06,7.7549494673254371e-05,0.0064139932628606462,0.0031341214753555116,-3.9290869689138432e-05
216,1,16,0.25241356969796808,0.063712610167670991,1,-1,3,1,1,-1,1,1154,0.025563709139426283,0.059488479748410837,0.03392477060898455,0.0042889095298764808,0.038825883922615073,0.03453697439273859,0.0034001227112099418,0.00077553161966692572,0.0034001227112099418,0.0033922043550163143,0.0045656157207687887,0.0034874465937686917,0.0045940549768608355,0.059399599733155437,0.038553048474645572,0.043147103451506408,0.0045940549768608355,0,0,0,0,0,0.87452758881330306,-0.0078053690043868038,0.00054016771777242747,0.017440005745352368,0,0.024937416774036936
217,16,1,0.25241356969796808,0.063712610167670991,1,1,1,0,1,-1,1,1352,0.021561040693795865,0.061625628503619231,0.040064587809823367,0.0031521577405051199,0.049633088725817211,0.046480930985312092,0.003366301654942097,0.00082182482219631632,0.003366301654942097,0.0033993790080714716,0.0045507605060281188,0.0034651670768440453,0.0045939015866672331,0.059346230820547026,0.03839288994934862,0.042986791536015853,0.0045939015866672331,0,0,0,0,0,0.51072638313887841,-3.5029612848561544e-05,0.00054016771777242747,0.0078384466128633302,0,0.0036587561436789741
217,16,1,0.25241356969796808,0.063712610167670991,1,1,3,1,1,-1,1,1154,0.025563709139426283,0.059488479748410837,0.03392477060898455,0.0042889095298764808,0.038825883922615073,0.03453697439273859,0.0034001227112099418,0.00077553161966692572,0.0034001227112099418,0.0033922043550163143,0.0045656157207687887,0.0034874465937686917,0.0045940549768608355,0.059399599733155437,0.038553048474645572,0.043147103451506408,0.0045940549768608355,0,0,0,0,0,0.87452758881330306,-0.0078053690043868038,0.00054016771777242747,0.035738894193568502,0,0.024937416774036936
217,16,1,0.25241356969796808,0.063712610167670991,1,-1,1,0,1,-1,0,9,0.026161957270329723,0.026320779332540904,0.00015882206221118009,0.0045320787931786583,0.0045988943273046201,6.6815534125961792e-05,0.0021525293457397721,2.83198037106431e-05,0.0021525293457397721,0.0021460006002305618,0.0021986897606553167,0.0021527156327655313,0.0021988473496275902,0.026320779332540904,0.0045363575717144765,0.0067352049213420667,0.0021988473496275902,0,0,0,0,0,1,1.3706273491850674e-06,1.494077111941139e-05,0.0028017879389962853,0.0011505900146926858,-5.2954295276420605e-06
217,16,1,0.25241356969796808,0.063712610167670991,1,-1,1,0,2,-1,1,1266,0.026320758463696626,0.059081928817365972,0.03276117035366935,0.0045973879251472172,0.037616938002173486,0.033019550077026269,0.0034850815897112461,0.00086970072411558786,0.0034850815897112461,0.0034386955934352578,0.0049516713255287129,0.0035919594981669049,0.0054943263582222547,0.056336525779323132,0.030153435623749166,0.035647761981971421,0.0054943263582222547,0,0,0,0,0,0.57052726453357372,-1.077431950605453e-05,0.00054016771777242747,0.0091979234065951918,0,8.9166647196343182e-05
217,16,1,0.25241356969796808,0.063712610167670991,1,-1,1,0,3,-1,0,9,0.059082183798960151,0.05913516910726771,5.2985308307558487e-05,0.037618800225353508,0.037768852243619658,0.00015005201826615022,0.0046513550774925326,6.8383095016638016e-05,0.0046513550774925326,0.0046034240931774884,0.004741652075775568,0.0046518577261777496,0.0047419238018194254,0.05913516910726771,0.037625083388925951,0.042367007190745376,0.0047419238018194254,0,0,0,0,0,1,9.9498667055617599e-06,7.7549494673254371e-05,0.0064139932628606462,0.0031341214753555116,-3.9290869689138432e-05
217,16,1,0.25241356969796808,0.063712610167670991,1,-1,3,1,1,-1,1,1154,0.025563709139426283,0.059488479748410837,0.03392477060898455,0.0042889095298764808,0.038825883922615073,0.03453697439273859,0.0034001227112099418,0.00077553161966692572,0.0034001227112099418,0.0033922043550163143,0.0045656157207687887,0.0034874465937686917,0.0045940549768608355,0.059399599733155437,0.038553048474645572,0.043147103451506408,0.0045940549768608355,0,0,0,0,0,0.87452758881330306,-0.0078053690043868038,0.00054016771777242747,0.017440005745352368,0,0.024937416774036936
218,2,16,0.25389015528499331,0.064460210950638031,1,1,1,0,1,-1,1,1326,0.021827885256837889,0.061570955917286369,0.039743070660448479,0.0032278070741234483,0.049232821881254177,0.046005014807130727,0.0034081470532269734,0.00081639711001523397,0.0034081470532269734,0.0034446806790679515,0.0045863912346841614,0.0035045642493270008,0.0046315304217450642,0.059292861907938622,0.038196434535639687,0.042827964957384751,0.0046315304217450642,0,0,0,0,0,0.50112951807228912,-3.4006521821250624e-05,0.00052484504158219376,0.0076292752329921495,0,0.0036806009443716959
218,2,16,0.25389015528499331,0.064460210950638031,1,1,3,1,1,-1,1,1139,0.025907749721485979,0.059391577989146384,0.033483828267660401,0.0044029352901934623,0.038492328218812537,0.034089392928619074,0.0034404525452013525,0.00077234516571615631,0.0034404525452013525,0.0034339099013226335,0.0046007247619786161,0.0035260786676969617,0.0046317170202178071,0.059346230820547026,0.038355074515798046,0.042986791536015853,0.0046317170202178071,0,0,0,0,0,0.87065052950075639,-0.0078397679848229117,0.00052484504158219376,0.035664438639263996,0,0.025060893644662526
218,2,16,0.25389015528499331,0.064460210950638031,1,-1,1,0,1,-1,0,7,0.026386399109994726,0.026524349566377583,0.00013795045638285638,0.0046004590904755024,0.004655611365832711,5.5152275357208541e-05,0.0021765018242750705,1.3481287525783559e-05,0.0021765018242750705,0.0021760370136656966,0.0021978216418875999,0.0021765435755311821,0.0022058291380394968,0.026470980653769179,0.0046004590904755024,0.0068062882285149992,0.0022058291380394968,0,0,0,0,0,0.77777777777777779,-3.6946764433201358e-07,1.0881151893601341e-05,0.0021944225460644733,0,1.629202799306529e-06
218,2,16,0.25389015528499331,0.064460210950638031,1,-1,1,0,2,-1,0,9,0.026543863747027628,0.02669660735476485,0.00015274360773722198,0.00466561073516473,0.0047296978807164006,6.4087145551670541e-05,0.0021976475928551058,2.7517443465333328e-05,0.0021976475928551058,0.0021891207951821893,0.0022434334207472452,0.0021978198634275531,0.002244093252834747,0.02669660735476485,0.0046697798532354898,0.0069138731060702369,0.002244093252834747,0,0,0,0,0,1,1.9871364004347362e-06,1.5105548133819677e-05,0.0029072975449450731,0.0013945143611936448,-7.7786812143012756e-06
218,2,16,0.25389015528499331,0.064460210950638031,1,-1,1,0,3,-1,1,1263,0.026700309375549298,0.058975615653555927,0.032275306278006628,0.0047308819400754031,0.037278334659470412,0.032547452719395006,0.0035430628918972089,0.00087820580617139197,0.0035430628918972089,0.0034960568184738763,0.0050772482713552988,0.0036502794542243142,0.0055251831502152737,0.056019804598700706,0.029486324216144097,0.035011507366359371,0.0055251831502152737,0,0,0,0,0,0.57750342935528121,-1.0215605454564329e-05,0.00052484504158219376,0.0090888103594043528,0,8.5073436943394298e-05
218,2,16,0.25389015528499331,0.064460210950638031,1,-1,1,0,4,-1,0,9,0.0589772718620174,0.059028376038237358,5.1104176219958497e-05,0.037285107394771116,0.037427315891698378,0.00014220849692726106,0.0046831437573036554,6.5356441392165184e-05,0.0046831437573036554,0.0046307648995305636,0.004769954652718328,0.0046835997817921684,0.0047700611088008077,0.059028376038237358,0.037291527685123407,0.042061588793924215,0.0047700611088008077,0,0,0,0,0,1,1.1880406193570913e-05,7.5519255145891766e-05,0.0064832176433437787,0.0034302793552902786,-4.706726582132276e-05
218,2,16,0.25389015528499331,0.064460210950638031,1,-1,3,1,1,-1,1,1139,0.025907749721485979,0.059391577989146384,0.033483828267660401,0.0044029352901934623,0.038492328218812537,0.034089392928619074,0.0034404525452013525,0.00077234516571615631,0.0034404525452013525,0.0034339099013226335,0.0046007247619786161,0.0035260786676969617,0.0046317170202178071,0.059346230820547026,0.038355074515798046,0.042986791536015853,0.0046317170202178071,0,0,0,0,0,0.87065052950075639,-0.0078397679848229117,0.00052484504158219376,0.017271718923323992,0,0.025060893644662526
219,16,2,0.25389015528499331,0.064460210950638031,1,1,1,0,1,-1,1,1326,0.021827885256837889,0.061570955917286369,0.039743070660448479,0.0032278070741234483,0.049232821881254177,0.046005014807130727,0.0034081470532269734,0.00081639711001523397,0.0034081470532269734,0.0034446806790679515,0.0045863912346841614,0.0035045642493270008,0.0046315304217450642,0.059292861907938622,0.038196434535639687,0.042827964957384751,0.0046315304217450642,0,0,0,0,0,0.50112951807228912,-3.4006521821250624e-05,0.00052484504158219376,0.0076292752329921495,0,0.0036806009443716959
219,16,2,0.25389015528499331,0.064460210950638031,1,1,3,1,1,-1,1,1139,0.025907749721485979,0.059391577989146384,0.033483828267660401,0.0044029352901934623,0.038492328218812537,0.034089392928619074,0.0034404525452013525,0.00077234516571615631,0.0034404525452013525,0.0034339099013226335,0.0046007247619786161,0.0035260786676969617,0.0046317170202178071,0.059346230820547026,0.038355074515798046,0.042986791536015853,0.0046317170202178071,0,0,0,0,0,0.87065052950075639,-0.0078397679848229117,0.00052484504158219376,0.035664438639263996,0,0.025060893644662526
219,16,2,0.25389015528499331,0.064460210950638031,1,-1,1,0,1,-1,0,7,0.026386399109994726,0.026524349566377583,0.00013795045638285638,0.0046004590904755024,0.004655611365832711,5.5152275357208541e-05,0.0021765018242750705,1.3481287525783559e-05,0.0021765018242750705,0.0021760370136656966,0.0021978216418875999,0.0021765435755311821,0.0022058291380394968,0.026470980653769179,0.0046004590904755024,0.0068062882285149992,0.0022058291380394968,0,0,0,0,0,0.77777777777777779,-3.6946764433201358e-07,1.0881151893601341e-05,0.0021944225460644733,0,1.629202799306529e-06
219,16,2,0.25389015528499331,0.064460210950638031,1,-1,1,0,2,-1,0,9,0.026543863747027628,0.02669660735476485,0.00015274360773722198,0.00466561073516473,0.0047296978807164006,6.4087145551670541e-05,0.0021976475928551058,2.7517443465333328e-05,0.0021976475928551058,0.0021891207951821893,0.0022434334207472452,0.0021978198634275531,0.002244093252834747,0.02669660735476485,0.0046697798532354898,0.0069138731060702369,0.002244093252834747,0,0,0,0,0,1,1.9871364004347362e-06,1.5105548133819677e-05,0.0029072975449450731,0.0013945143611936448,-7.7786812143012756e-06
219,16,2,0.25389015528499331,0.064460210950638031,1,-1,1,0,3,-1,1,1263,0.026700309375549298,0.058975615653555927,0.032275306278006628,0.0047308819400754031,0.037278334659470412,0.032547452719395006,0.0035430628918972089,0.00087820580617139197,0.0035430628918972089,0.0034960568184738763,0.0050772482713552988,0.0036502794542243142,0.0055251831502152737,0.056019804598700706,0.029486324216144097,0.035011507366359371,0.0055251831502152737,0,0,0,0,0,0.57750342935528121,-1.0215605454564329e-05,0.00052484504158219376,0.0090888103594043528,0,8.5073436943394298e-05
219,16,2,0.25389015528499331,0.064460210950638031,1,-1,1,0,4,-1,0,9,0.0589772718620174,0.059028376038237358,5.1104176219958497e-05,0.037285107394771116,0.037427315891698378,0.00014220849692726106,0.0046831437573036554,6.5356441392165184e-05,0.0046831437573036554,0.0046307648995305636,0.004769954652718328,0.0046835997817921684,0.0047700611088008077,0.059028376038237358,0.037291527685123407,0.042061588793924215,0.0047700611088008077,0,0,0,0,0,1,1.1880406193570913e-05,7.5519255145891766e-05,0.0064832176433437787,0.0034302793552902786,-4.706726582132276e-05
219,16,2,0.25389015528499331,0.064460210950638031,1,-1,3,1,1,-1,1,1139,0.025907749721485979,0.059391577989146384,0.033483828267660401,0.0044029352901934623,0.038492328218812537,0.034089392928619074,0.0034404525452013525,0.00077234516571615631,0.0034404525452013525,0.0034339099013226335,0.0046007247619786161,0.0035260786676969617,0.0046317170202178071,0.059346230820547026,0.038355074515798046,0.042986791536015853,0.0046317170202178071,0,0,0,0,0,0.87065052950075639,-0.0078397679848229117,0.00052484504158219376,0.017271718923323992,0,0.025060893644662526
220,8,14,0.25412414946623468,0.064579083341937182,1,1,1,0,1,-1,1,1322,0.021827885256837889,0.061570600157503201,0.039742714900665312,0.0032282032856689466,0.04923282188125417,0.046004618595585224,0.0034119811122917446,0.00081764974988923832,0.0034119811122917446,0.0034471884691227427,0.004590341815209717,0.0035085846468525662,0.0046375045770943313,0.059292861907938622,0.03819046038029042,0.042827964957384751,0.0046375045770943313,0,0,0,0,0,0.49962349397590361,-3.37303495890104e-05,0.00052241654260130953,0.0075976773385972151,0,0.0036841049658963843
220,8,14,0.25412414946623468,0.064579083341937182,1,1,3,1,1,-1,1,1136,0.02599066044029353,0.059371059434301716,0.033380398994008187,0.0044328839006665833,0.038425617078052032,0.033992733177385451,0.0034478165923680208,0.00077141004350583049,0.0034478165923680208,0.0034410102168211266,0.004606274941846903,0.0035330599640863579,0.0046375769915212098,0.059346230820547033,0.038349214544494636,0.042986791536015846,0.0046375769915212098,0,0,0,0,0,0.8702723146747352,-0.0078452399930759101,0.00052241654260130953,0.035683346312314138,0,0.025080539522826694
220,8,14,0.25412414946623468,0.064579083341937182,1,-1,1,0,1,-1,0,9,0.026554260714331358,0.026694251958245738,0.00013999124391438078,0.004665965003822656,0.0047252624391285261,5.9297435305870165e-05,0.0021993237579476599,2.5597465336467434e-05,0.0021993237579476599,0.0021885102047574882,0.0022426148324223016,0.0021994727146533713,0.0022429651180651249,0.026694251958245738,0.0046697798532354898,0.0069127449713006148,0.0022429651180651249,0,0,0,0,0,1,1.8065207604039317e-06,1.3944054309705686e-05,0.0028206803324743331,0.0013304754330868986,-7.0806595121910808e-06
220,8,14,0.25412414946623468,0.064579083341937182,1,-1,1,0,2,-1,1,1266,0.026710660354408576,0.058975002500620613,0.032264342146212037,0.0047312339563639425,0.037272150159298877,0.032540916202934936,0.0035550989271563773,0.00088204576303878334,0.0035550989271563773,0.0035081418394526925,0.0051149385491414939,0.0036628858991187658,0.0055229741849402193,0.056018688365329347,0.029486324216144093,0.035009298401084313,0.0055229741849402193,0,0,0,0,0,0.57887517146776402,-1.0823638535969245e-05,0.00052241654260130953,0.0090620126366801213,0,8.4137734441431565e-05
220,8,14,0.25412414946623468,0.064579083341937182,1,-1,3,1,1,-1,1,1136,0.02599066044029353,0.059371059434301716,0.033380398994008187,0.0044328839006665833,0.038425617078052032,0.033992733177385451,0.0034478165923680208,0.00077141004350583049,0.0034478165923680208,0.0034410102168211266,0.004606274941846903,0.0035330599640863579,0.0046375769915212098,0.059346230820547033,0.038349214544494636,0.042986791536015846,0.0046375769915212098,0,0,0,0,0,0.8702723146747352,-0.0078452399930759101,0.00052241654260130953,0.017252643649038162,0,0.025080539522826694
221,14,8,0.25412414946623468,0.064579083341937182,1,1,1,0,1,-1,1,1322,0.021827885256837889,0.061570600157503201,0.039742714900665312,0.0032282032856689466,0.04923282188125417,0.046004618595585224,0.0034119811122917446,0.00081764974988923832,0.0034119811122917446,0.0034471884691227427,0.004590341815209717,0.0035085846468525662,0.0046375045770943313,0.059292861907938622,0.03819046038029042,0.042827964957384751,0.0046375045770943313,0,0,0,0,0,0.49962349397590361,-3.37303495890104e-05,0.00052241654260130953,0.0075976773385972151,0,0.0036841049658963843
221,14,8,0.25412414946623468,0.064579083341937182,1,1,3,1,1,-1,1,1136,0.02599066044029353,0.059371059434301716,0.033380398994008187,0.0044328839006665833,0.038425617078052032,0.033992733177385451,0.0034478165923680208,0.00077141004350583049,0.0034478165923680208,0.0034410102168211266,0.004606274941846903,0.0035330599640863579,0.0046375769915212098,0.059346230820547033,0.038349214544494636,0.042986791536015846,0.0046375769915212098,0,0,0,0,0,0.8702723146747352,-0.0078452399930759101,0.00052241654260130953,0.035683346312314138,0,0.025080539522826694
221,14,8,0.25412414946623468,0.064579083341937182,1,-1,1,0,1,-1,0,9,0.026554260714331358,0.026694251958245738,0.00013999124391438078,0.004665965003822656,0.0047252624391285261,5.9297435305870165e-05,0.0021993237579476599,2.5597465336467434e-05,0.0021993237579476599,0.0021885102047574882,0.0022426148324223016,0.0021994727146533713,0.0022429651180651249,0.026694251958245738,0.0046697798532354898,0.0069127449713006148,0.0022429651180651249,0,0,0,0,0,1,1.8065207604039317e-06,1.3944054309705686e-05,0.0028206803324743331,0.0013304754330868986,-7.0806595121910808e-06
221,14,8,0.25412414946623468,0.064579083341937182,1,-1,1,0,2,-1,1,1266,0.026710660354408576,0.058975002500620613,0.032264342146212037,0.0047312339563639425,0.037272150159298877,0.032540916202934936,0.0035550989271563773,0.00088204576303878334,0.0035550989271563773,0.0035081418394526925,0.0051149385491414939,0.0036628858991187658,0.0055229741849402193,0.056018688365329347,0.029486324216144093,0.035009298401084313,0.0055229741849402193,0,0,0,0,0,0.57887517146776402,-1.0823638535969245e-05,0.00052241654260130953,0.0090620126366801213,0,8.4137734441431565e-05
221,14,8,0.25412414946623468,0.064579083341937182,1,-1,3,1,1,-1,1,1136,0.02599066044029353,0.059371059434301716,0.033380398994008187,0.0044328839006665833,0.038425617078052032,0.033992733177385451,0.0034478165923680208,0.00077141004350583049,0.0034478165923680208,0.0034410102168211266,0.004606274941846903,0.0035330599640863579,0.0046375769915212098,0.059346230820547033,0.038349214544494636,0.042986791536015846,0.0046375769915212098,0,0,0,0,0,0.8702723146747352,-0.0078452399930759101,0.00052241654260130953,0.017252643649038162,0,0.025080539522826694
222,6,15,0.25451869037317121,0.064779763749274188,1,1,1,0,1,-1,1,1322,0.022041360907271514,0.061570033692927531,0.039528672785656013,0.0032864142385294033,0.049232821881254177,0.045946407642724771,0.0034253155858127594,0.00081789837252148128,0.0034253155858127594,0.0034614401473060247,0.004601425584237432,0.0035216110816194764,0.0046475901479816062,0.059292861907938615,0.038180374809403159,0.042827964957384765,0.0046475901479816062,0,0,0,0,0,0.4994350282485876,-3.5023494170662188e-05,0.00051831573039345317,0.0075488864902951399,0,0.0036900392012356792
222,6,15,0.25451869037317121,0.064779763749274188,1,1,3,1,1,-1,1,1132,0.026096693813437266,0.059346230820547033,0.033249537007109767,0.0044696464309539694,0.038339321739148516,0.033869675308194548,0.0034583463224216173,0.00077053585995398609,0.0034583463224216173,0.0034518043564477283,0.0046151516861383541,0.0035431461721586021,0.0046475901479816062,0.059292861907938615,0.038180374809403159,0.042827964957384765,0.0046475901479816062,0,0,0,0,0,0.86946651532349606,-0.0078544799198070822,0.00051831573039345317,0.035657966769272374,0,0.02511371545138321
222,6,15,0.25451869037317121,0.064779763749274188,1,-1,1,0,1,-1,0,9,0.026571812877712438,0.026691584321965681,0.00011977144425324299,0.004666543531587913,0.0047177745252837194,5.1230993695806394e-05,0.0022022509607512388,2.2771829274808087e-05,0.0022022509607512388,0.0021875747401126633,0.0022416168876001064,0.0022023686908277358,0.0022416875618716378,0.026691584321965681,0.004669779853235489,0.0069114674151071268,0.0022416875618716378,0,0,0,0,0,1,1.4985299428453487e-06,1.1984308502055769e-05,0.0026611092824631727,0.0012130096008581722,-5.8855691670964081e-06
222,6,15,0.25451869037317121,0.064779763749274188,1,-1,1,0,2,-1,1,1265,0.026728134880083673,0.058974751138179113,0.03224661625809544,0.0047318100435213024,0.03726170948421835,0.032529899440697049,0.0035545370583878713,0.00087854182571328848,0.0035545370583878713,0.0035082556610655999,0.0050862818287808441,0.0036614982505772599,0.0055195719868838741,0.056016968941541151,0.02948632421614409,0.035005896203027964,0.0055195719868838741,0,0,0,0,0,0.57841792409693649,-1.0739605259670718e-05,0.00051831573039345317,0.0090101935130690366,0,8.4550543271238673e-05
222,6,15,0.25451869037317121,0.064779763749274188,1,-1,3,1,1,-1,1,1132,0.026096693813437266,0.059346230820547033,0.033249537007109767,0.0044696464309539694,0.038339321739148516,0.033869675308194548,0.0034583463224216173,0.00077053585995398609,0.0034583463224216173,0.0034518043564477283,0.0046151516861383541,0.0035431461721586021,0.0046475901479816062,0.059292861907938615,0.038180374809403159,0.042827964957384765,0.0046475901479816062,0,0,0,0,0,0.86946651532349606,-0.0078544799198070822,0.00051831573039345317,0.01720700492120969,0,0.02511371545138321
223,15,6,0.25451869037317121,0.064779763749274188,1,1,1,0,1,-1,1,1322,0.022041360907271514,0.061570033692927531,0.039528672785656013,0.0032864142385294033,0.049232821881254177,0.045946407642724771,0.0034253155858127594,0.00081789837252148128,0.0034253155858127594,0.0034614401473060247,0.004601425584237432,0.0035216110816194764,0.0046475901479816062,0.059292861907938615,0.038180374809403159,0.042827964957384765,0.0046475901479816062,0,0,0,0,0,0.4994350282485876,-3.5023494170662188e-05,0.00051831573039345317,0.0075488864902951399,0,0.0036900392012356792
223,15,6,0.25451869037317121,0.064779763749274188,1,1,3,1,1,-1,1,1132,0.026096693813437266,0.059346230820547033,0.033249537007109767,0.0044696464309539694,0.038339321739148516,0.033869675308194548,0.0034583463224216173,0.00077053585995398609,0.0034583463224216173,0.0034518043564477283,0.0046151516861383541,0.0035431461721586021,0.0046475901479816062,0.059292861907938615,0.038180374809403159,0.042827964957384765,0.0046475901479816062,0,0,0,0,0,0.86946651532349606,-0.0078544799198070822,0.00051831573039345317,0.035657966769272374,0,0.02511371545138321
223,15,6,0.25451869037317121,0.064779763749274188,1,-1,1,0,1,-1,0,9,0.026571812877712438,0.026691584321965681,0.00011977144425324299,0.004666543531587913,0.0047177745252837194,5.1230993695806394e-05,0.0022022509607512388,2.2771829274808087e-05,0.0022022509607512388,0.0021875747401126633,0.0022416168876001064,0.0022023686908277358,0.0022416875618716378,0.026691584321965681,0.004669779853235489,0.0069114674151071268,0.0022416875618716378,0,0,0,0,0,1,1.4985299428453487e-06,1.1984308502055769e-05,0.0026611092824631727,0.0012130096008581722,-5.8855691670964081e-06
223,15,6,0.25451869037317121,0.064779763749274188,1,-1,1,0,2,-1,1,1265,0.026728134880083673,0.058974751138179113,0.03224661625809544,0.0047318100435213024,0.03726170948421835,0.032529899440697049,0.0035545370583878713,0.00087854182571328848,0.0035545370583878713,0.0035082556610655999,0.0050862818287808441,0.0036614982505772599,0.0055195719868838741,0.056016968941541151,0.02948632421614409,0.035005896203027964,0.0055195719868838741,0,0,0,0,0,0.57841792409693649,-1.0739605259670718e-05,0.00051831573039345317,0.0090101935130690366,0,8.4550543271238673e-05
223,15,6,0.25451869037317121,0.064779763749274188,1,-1,3,1,1,-1,1,1132,0.026096693813437266,0.059346230820547033,0.033249537007109767,0.0044696464309539694,0.038339321739148516,0.033869675308194548,0.0034583463224216173,0.00077053585995398609,0.0034583463224216173,0.0034518043564477283,0.0046151516861383541,0.0035431461721586021,0.0046475901479816062,0.059292861907938615,0.038180374809403159,0.042827964957384765,0.0046475901479816062,0,0,0,0,0,0.86946651532349606,-0.0078544799198070822,0.00051831573039345317,0.01720700492120969,0,0.02511371545138321
224,3,16,0.25633182641665542,0.065706005234098364,1,1,1,0,1,-1,1,1313,0.022521681120747164,0.061466952957645087,0.038945271836897923,0.0034238962286336481,0.048498999332888593,0.045075103104254943,0.0034799995414826353,0.00081268088032963469,0.0034799995414826353,0.0035204541844862623,0.0046432457325607948,0.0035736321889602326,0.004692474989831906,0.059079386257505001,0.037514338923002842,0.042206813912834748,0.004692474989831906,0,0,0,0,0,0.49660889223813115,-3.3083405797169482e-05,0.00049939391112796344,0.0073105666898827812,0,0.0037177283836318121
224,3,16,0.25633182641665542,0.065706005234098364,1,1,3,1,1,-1,1,1111,0.02657771847898599,0.059209893121900642,0.032632174642914652,0.004637729119378254,0.037891927951967976,0.033254198832589718,0.0035103856603126878,0.00076460963326426305,0.0035103856603126878,0.0035050845047965087,0.0046580489535752861,0.0035926919399538637,0.004693669244237475,0.059186124082721815,0.037820956130261409,0.042514625374498884,0.004693669244237475,0,0,0,0,0,0.86439393939393938,-0.0078971438647492745,0.00049939391112796344,0.035559468596837417,0,0.025266940232834403
224,3,16,0.25633182641665542,0.065706005234098364,1,-1,1,0,1,-1,1,1231,0.027117801253347899,0.058713957269960301,0.031596156016612406,0.0048666670430022284,0.036487891164995429,0.031621224121993197,0.0035761040193876799,0.00086175053389068133,0.0035761040193876799,0.0035249399437317468,0.0050643140252191361,0.0036784689668585748,0.0055345987373669123,0.055751614133486935,0.02895263509006004,0.034487233827426952,0.0055345987373669123,0,0,0,0,0,0.57712142522269105,-9.9811190308995759e-06,0.00049939391112796344,0.0088750230153566024,0,8.0773857756367447e-05
224,3,16,0.25633182641665542,0.065706005234098364,1,-1,1,0,2,-1,0,15,0.058706944932643453,0.058815147339763368,0.00010820240711991586,0.03647184489340094,0.036774164771725945,0.00030231987832500529,0.004748644137661932,7.0258532323385083e-05,0.004748644137661932,0.0047071600263079438,0.0048423880603568779,0.004749163864041255,0.0048426049473424687,0.058815147339763368,0.036624416277518348,0.041467021224860817,0.0048426049473424687,0,0,0,0,0,1,8.7409632270736313e-06,8.5705504751699442e-05,0.0067272546847652638,0.0029330912115844657,-3.4412096221896114e-05
224,3,16,0.25633182641665542,0.065706005234098364,1,-1,3,1,1,-1,1,1111,0.02657771847898599,0.059209893121900642,0.032632174642914652,0.004637729119378254,0.037891927951967976,0.033254198832589718,0.0035103856603126878,0.00076460963326426305,0.0035103856603126878,0.0035050845047965087,0.0046580489535752861,0.0035926919399538637,0.004693669244237475,0.059186124082721815,0.037820956130261409,0.042514625374498884,0.004693669244237475,0,0,0,0,0,0.86439393939393938,-0.0078971438647492745,0.00049939391112796344,0.016996422222003739,0,0.025266940232834403
225,16,3,0.25633182641665542,0.065706005234098364,1,1,1,0,1,-1,1,1313,0.022521681120747164,0.061466952957645087,0.038945271836897923,0.0034238962286336481,0.048498999332888593,0.045075103104254943,0.0034799995414826353,0.00081268088032963469,0.0034799995414826353,0.0035204541844862623,0.0046432457325607948,0.0035736321889602326,0.004692474989831906,0.059079386257505001,0.037514338923002842,0.042206813912834748,0.004692474989831906,0,0,0,0,0,0.49660889223813115,-3.3083405797169482e-05,0.00049939391112796344,0.0073105666898827812,0,0.0037177283836318121
225,16,3,0.25633182641665542,0.065706005234098364,1,1,3,1,1,-1,1,1111,0.02657771847898599,0.059209893121900642,0.032632174642914652,0.004637729119378254,0.037891927951967976,0.033254198832589718,0.0035103856603126878,0.00076460963326426305,0.0035103856603126878,0.0035050845047965087,0.0046580489535752861,0.0035926919399538637,0.004693669244237475,0.059186124082721815,0.037820956130261409,0.042514625374498884,0.004693669244237475,0,0,0,0,0,0.86439393939393938,-0.0078971438647492745,0.00049939391112796344,0.035559468596837417,0,0.025266940232834403
225,16,3,0.25633182641665542,0.065706005234098364,1,-1,1,0,1,-1,1,1231,0.027117801253347899,0.058713957269960301,0.031596156016612406,0.0048666670430022284,0.036487891164995429,0.031621224121993197,0.0035761040193876799,0.00086175053389068133,0.0035761040193876799,0.0035249399437317468,0.0050643140252191361,0.0036784689668585748,0.0055345987373669123,0.055751614133486935,0.02895263509006004,0.034487233827426952,0.0055345987373669123,0,0,0,0,0,0.57712142522269105,-9.9811190308995759e-06,0.00049939391112796344,0.0088750230153566024,0,8.0773857756367447e-05
225,16,3,0.25633182641665542,0.065706005234098364,1,-1,1,0,2,-1,0,15,0.058706944932643453,0.058815147339763368,0.00010820240711991586,0.03647184489340094,0.036774164771725945,0.00030231987832500529,0.004748644137661932,7.0258532323385083e-05,0.004748644137661932,0.0047071600263079438,0.0048423880603568779,0.004749163864041255,0.0048426049473424687,0.058815147339763368,0.036624416277518348,0.041467021224860817,0.0048426049473424687,0,0,0,0,0,1,8.7409632270736313e-06,8.5705504751699442e-05,0.0067272546847652638,0.0029330912115844657,-3.4412096221896114e-05
225,16,3,0.25633182641665542,0.065706005234098364,1,-1,3,1,1,-1,1,1111,0.02657771847898599,0.059209893121900642,0.032632174642914652,0.004637729119378254,0.037891927951967976,0.033254198832589718,0.0035103856603126878,0.00076460963326426305,0.0035103856603126878,0.0035050845047965087,0.0046580489535752861,0.0035926919399538637,0.004693669244237475,0.059186124082721815,0.037820956130261409,0.042514625374498884,0.004693669244237475,0,0,0,0,0,0.86439393939393938,-0.0078971438647492745,0.00049939391112796344,0.016996422222003739,0,0.025266940232834403
226,11,12,0.25663595907397369,0.065862015489818293,1,1,1,0,1,-1,1,1308,0.022521681120747164,0.061466326950181199,0.038944645829434035,0.0034247816950695904,0.048498999332888593,0.045074217637819006,0.0034864496764918183,0.000812749586405374,0.0034864496764918183,0.003526916604082133,0.0046494494313893348,0.0035799292223327559,0.0047003921617080127,0.059079386257505001,0.037506421751126735,0.042206813912834748,0.0047003921617080127,0,0,0,0,0,0.49472494348153728,-3.2927946100566697e-05,0.00049621630867738872,0.0072646789371896212,0,0.0037224397726057091
226,11,12,0.25663595907397369,0.065862015489818293,1,1,3,1,1,-1,1,1109,0.026631087391594394,0.059190088213137634,0.032559000821543241,0.0046546250761304109,0.037825216811207471,0.033170591735077061,0.003518513925723945,0.00076447010616070604,0.003518513925723945,0.003513823090300329,0.0046653933748193261,0.003600604780967593,0.0047013414074279572,0.059186124082721822,0.037813283967070919,0.042514625374498877,0.0047013414074279572,0,0,0,0,0,0.86487509462528389,-0.0079043338565431762,0.00049621630867738872,0.035544030441769459,0,0.025292768881964061
226,11,12,0.25663595907397369,0.065862015489818293,1,-1,1,0,1,-1,0,7,0.027131291704887969,0.027271514342895257,0.00014022263800728824,0.004867154937037853,0.0049310484040067859,6.3893466968932902e-05,0.0022674621508225815,1.4510000287630991e-05,0.0022674621508225815,0.0022613727712067567,0.0022909064846122697,0.002267508576724973,0.0022991393584850901,0.027218145430286857,0.004867154937037853,0.0071662942955229431,0.0022991393584850901,0,0,0,0,0,0.77777777777777779,-4.6854455531358493e-07,1.295938446239452e-05,0.0023204527059514286,0,2.0444039833085961e-06
226,11,12,0.25663595907397369,0.065862015489818293,1,-1,1,0,2,-1,0,9,0.027284239498097031,0.02744251386047477,0.00015827436237773884,0.0049322590701033247,0.0050013028580591775,6.9043787955852878e-05,0.002291340408800073,2.9401298371837557e-05,0.002291340408800073,0.0022842418650386867,0.0023394805069989885,0.0022915290321848499,0.0023398837369393456,0.02744251386047477,0.0049366244162775182,0.0072765081532168638,0.0023398837369393456,0,0,0,0,0,1,1.8204903218352098e-06,1.6166556949286285e-05,0.002964106649997641,0.0013313529796515741,-7.0900030257084992e-06
226,11,12,0.25663595907397369,0.065862015489818293,1,-1,1,0,3,-1,1,1212,0.027436230230657496,0.058710916605862536,0.031274686375205044,0.00499809457852646,0.036479760401977507,0.031481665823451049,0.0035910326233484315,0.00084902439036604546,0.0035910326233484315,0.0035445231001551454,0.0050462342130294536,0.0036900349208902009,0.0055319601287343451,0.055750247691087385,0.02895263509006004,0.034484595218794385,0.0055319601287343451,0,0,0,0,0,0.57250826641473784,-1.0256975931238117e-05,0.00049621630867738872,0.0088779577194193719,0,8.0182704973914313e-05
226,11,12,0.25663595907397369,0.065862015489818293,1,-1,1,0,4,-1,0,9,0.058760001198232319,0.058814985002629994,5.4983804397674974e-05,0.036618630348360132,0.036765990293445745,0.00014735994508561362,0.0047526121866211628,6.7376042932228925e-05,0.0047526121866211628,0.0047039600232310907,0.0048417940165776203,0.0047530897453741811,0.0048421596932108693,0.058814985002629994,0.036624416277518342,0.041466575970729211,0.0048421596932108693,0,0,0,0,0,1,7.8086479205756752e-06,7.335809235844622e-05,0.006153297033838611,0.0027721879249128149,-3.0740103564129671e-05
226,11,12,0.25663595907397369,0.065862015489818293,1,-1,3,1,1,-1,1,1109,0.026631087391594394,0.059190088213137634,0.032559000821543241,0.0046546250761304109,0.037825216811207471,0.033170591735077061,0.003518513925723945,0.00076447010616070604,0.003518513925723945,0.003513823090300329,0.0046653933748193261,0.003600604780967593,0.0047013414074279572,0.059186124082721822,0.037813283967070919,0.042514625374498877,0.0047013414074279572,0,0,0,0,0,0.86487509462528389,-0.0079043338565431762,0.00049621630867738872,0.016954374985240255,0,0.025292768881964061
227,12,11,0.25663595907397369,0.065862015489818293,1,1,1,0,1,-1,1,1308,0.022521681120747164,0.061466326950181199,0.038944645829434035,0.0034247816950695904,0.048498999332888593,0.045074217637819006,0.0034864496764918183,0.000812749586405374,0.0034864496764918183,0.003526916604082133,0.0046494494313893348,0.0035799292223327559,0.0047003921617080127,0.059079386257505001,0.037506421751126735,0.042206813912834748,0.0047003921617080127,0,0,0,0,0,0.49472494348153728,-3.2927946100566697e-05,0.00049621630867738872,0.0072646789371896212,0,0.0037224397726057091
227,12,11,0.25663595907397369,0.065862015489818293,1,1,3,1,1,-1,1,1109,0.026631087391594394,0.059190088213137634,0.032559000821543241,0.0046546250761304109,0.037825216811207471,0.033170591735077061,0.003518513925723945,0.00076447010616070604,0.003518513925723945,0.003513823090300329,0.0046653933748193261,0.003600604780967593,0.0047013414074279572,0.059186124082721822,0.037813283967070919,0.042514625374498877,0.0047013414074279572,0,0,0,0,0,0.86487509462528389,-0.0079043338565431762,0.00049621630867738872,0.035544030441769459,0,0.025292768881964061
227,12,11,0.25663595907397369,0.065862015489818293,1,-1,1,0,1,-1,0,7,0.027131291704887969,0.027271514342895257,0.00014022263800728824,0.004867154937037853,0.0049310484040067859,6.3893466968932902e-05,0.0022674621508225815,1.4510000287630991e-05,0.0022674621508225815,0.0022613727712067567,0.0022909064846122697,0.002267508576724973,0.0022991393584850901,0.027218145430286857,0.004867154937037853,0.0071662942955229431,0.0022991393584850901,0,0,0,0,0,0.77777777777777779,-4.6854455531358493e-07,1.295938446239452e-05,0.0023204527059514286,0,2.0444039833085961e-06
227,12,11,0.25663595907397369,0.065862015489818293,1,-1,1,0,2,-1,0,9,0.027284239498097031,0.02744251386047477,0.00015827436237773884,0.0049322590701033247,0.0050013028580591775,6.9043787955852878e-05,0.002291340408800073,2.9401298371837557e-05,0.002291340408800073,0.0022842418650386867,0.0023394805069989885,0.0022915290321848499,0.0023398837369393456,0.02744251386047477,0.0049366244162775182,0.0072765081532168638,0.0023398837369393456,0,0,0,0,0,1,1.8204903218352098e-06,1.6166556949286285e-05,0.002964106649997641,0.0013313529796515741,-7.0900030257084992e-06
227,12,11,0.25663595907397369,0.065862015489818293,1,-1,1,0,3,-1,1,1212,0.027436230230657496,0.058710916605862536,0.031274686375205044,0.00499809457852646,0.036479760401977507,0.031481665823451049,0.0035910326233484315,0.00084902439036604546,0.0035910326233484315,0.0035445231001551454,0.0050462342130294536,0.0036900349208902009,0.0055319601287343451,0.055750247691087385,0.02895263509006004,0.034484595218794385,0.0055319601287343451,0,0,0,0,0,0.57250826641473784,-1.0256975931238117e-05,0.00049621630867738872,0.0088779577194193719,0,8.0182704973914313e-05
227,12,11,0.25663595907397369,0.065862015489818293,1,-1,1,0,4,-1,0,9,0.058760001198232319,0.058814985002629994,5.4983804397674974e-05,0.036618630348360132,0.036765990293445745,0.00014735994508561362,0.0047526121866211628,6.7376042932228925e-05,0.0047526121866211628,0.0047039600232310907,0.0048417940165776203,0.0047530897453741811,0.0048421596932108693,0.058814985002629994,0.036624416277518342,0.041466575970729211,0.0048421596932108693,0,0,0,0,0,1,7.8086479205756752e-06,7.335809235844622e-05,0.006153297033838611,0.0027721879249128149,-3.0740103564129671e-05
227,12,11,0.25663595907397369,0.065862015489818293,1,-1,3,1,1,-1,1,1109,0.026631087391594394,0.059190088213137634,0.032559000821543241,0.0046546250761304109,0.037825216811207471,0.033170591735077061,0.003518513925723945,0.00076447010616070604,0.003518513925723945,0.003513823090300329,0.0046653933748193261,0.003600604780967593,0.0047013414074279572,0.059186124082721822,0.037813283967070919,0.042514625374498877,0.0047013414074279572,0,0,0,0,0,0.86487509462528389,-0.0079043338565431762,0.00049621630867738872,0.016954374985240255,0,0.025292768881964061
228,10,13,0.2585391365993232,0.066842485153523507,1,1,1,0,1,-1,1,1277,0.023002001334222814,0.061355107874825718,0.038353106540602908,0.0035643369926455339,0.047765176784523015,0.044200839791877479,0.0035455855076921431,0.00080676448477029104,0.0035455855076921431,0.003586105869763781,0.0046956178615745704,0.003636213074923309,0.0047469872333190874,0.058919279519679783,0.037007933081464987,0.041754920314784075,0.0047469872333190874,0,0,0,0,0,0.4830316742081448,-3.3087174545920337e-05,0.00047625002238615923,0.0069870618912080849,0,0.0037523544133332156
228,10,13,0.2585391365993232,0.066842485153523507,1,1,3,1,1,-1,1,1087,0.027111407605070047,0.059043957467878258,0.031932549862808211,0.0048243442229872939,0.037358238825883919,0.032533894602896622,0.0035722951732582073,0.00075789725703620536,0.0035722951732582073,0.0035687105765120561,0.0047095096888162954,0.0036518079162391457,0.004748777359117537,0.059026017344896597,0.037306125004248188,0.042054902363365725,0.004748777359117537,0,0,0,0,0,0.86082669700417136,-0.0079495430747036043,0.00047625002238615923,0.035465175644009729,0,0.025455216089842241
228,10,13,0.2585391365993232,0.066842485153523507,1,-1,1,0,1,-1,0,9,0.027671021105301383,0.027811559455498014,0.00014053835019663119,0.0050663136358801483,0.005129786210703256,6.3472574823107697e-05,0.0023449392671214234,2.7028287815511312e-05,0.0023449392671214234,0.0023346756005189441,0.0023902192795231367,0.0023450950289551583,0.0023904397683726115,0.027805203468979318,0.0050663136358801483,0.0074567534042527597,0.0023904397683726115,0,0,0,0,0,1,4.6775319342102443e-07,1.375093384927808e-05,0.0026206109182160837,0.00065401496556699687,-1.7109423007424004e-06
228,10,13,0.2585391365993232,0.066842485153523507,1,-1,1,0,2,-1,0,9,0.027820788298414764,0.027980027094335259,0.00015923879592049522,0.0051323224247080811,0.0052015196119786561,6.9197187270574924e-05,0.0023571342413425747,2.9867630500280966e-05,0.0023571342413425747,0.0023491949210230414,0.0024066130875912833,0.0023573234625441919,0.0024078050451645039,0.027980027094335259,0.0051367578385590395,0.0075445628837235434,0.0024078050451645039,0,0,0,0,0,1,2.2855669621400603e-06,1.6982163758211169e-05,0.0030970671512882469,0.0014950662259749215,-8.9408920802035804e-06
228,10,13,0.2585391365993232,0.066842485153523507,1,-1,1,0,3,-1,1,1185,0.027969640302409112,0.058601658699572158,0.030632018397163046,0.0051958049082918229,0.036147188587393617,0.030951383679101795,0.0036436766631762593,0.0008352007023362146,0.0036436766631762593,0.0036019388563482482,0.005045133034792891,0.0037381733291753853,0.0055250600293902941,0.055642507995348256,0.028752501667778513,0.034277561697168807,0.0055250600293902941,0,0,0,0,0,0.57053442465093884,-9.5958604210116935e-06,0.00047625002238615923,0.0087159989852472752,0,7.5043536400432379e-05
228,10,13,0.2585391365993232,0.066842485153523507,1,-1,1,0,4,-1,0,9,0.058653771286608709,0.058708063434740408,5.4292148131698803e-05,0.036286260185612318,0.036428661412074147,0.00014240122646182879,0.0047969549291533263,6.5560516934300692e-05,0.0047969549291533263,0.0047457993578714566,0.004884200566164865,0.0047974029196752995,0.004884799636776252,0.058708063434740408,0.036290860573715812,0.041175660210492064,0.004884799636776252,0,0,0,0,0,1,1.1964805314972093e-07,6.3874412632275603e-05,0.0050299815413846118,4.1959808137369269e-05,-7.0425019956993613e-09
228,10,13,0.2585391365993232,0.066842485153523507,1,-1,3,1,1,-1,1,1087,0.027111407605070047,0.059043957467878258,0.031932549862808211,0.0048243442229872939,0.037358238825883919,0.032533894602896622,0.0035722951732582073,0.00075789725703620536,0.0035722951732582073,0.0035687105765120561,0.0047095096888162954,0.0036518079162391457,0.004748777359117537,0.059026017344896597,0.037306125004248188,0.042054902363365725,0.004748777359117537,0,0,0,0,0,0.86082669700417136,-0.0079495430747036043,0.00047625002238615923,0.016743923246395009,0,0.025455216089842241
229,13,10,0.2585391365993232,0.066842485153523507,1,1,1,0,1,-1,1,1277,0.023002001334222814,0.061355107874825718,0.038353106540602908,0.0035643369926455339,0.047765176784523015,0.044200839791877479,0.0035455855076921431,0.00080676448477029104,0.0035455855076921431,0.003586105869763781,0.0046956178615745704,0.003636213074923309,0.0047469872333190874,0.058919279519679783,0.037007933081464987,0.041754920314784075,0.0047469872333190874,0,0,0,0,0,0.4830316742081448,-3.3087174545920337e-05,0.00047625002238615923,0.0069870618912080849,0,0.0037523544133332156
229,13,10,0.2585391365993232,0.066842485153523507,1,1,3,1,1,-1,1,1087,0.027111407605070047,0.059043957467878258,0.031932549862808211,0.0048243442229872939,0.037358238825883919,0.032533894602896622,0.0035722951732582073,0.00075789725703620536,0.0035722951732582073,0.0035687105765120561,0.0047095096888162954,0.0036518079162391457,0.004748777359117537,0.059026017344896597,0.037306125004248188,0.042054902363365725,0.004748777359117537,0,0,0,0,0,0.86082669700417136,-0.0079495430747036043,0.00047625002238615923,0.035465175644009729,0,0.025455216089842241
229,13,10,0.2585391365993232,0.066842485153523507,1,-1,1,0,1,-1,0,9,0.027671021105301383,0.027811559455498014,0.00014053835019663119,0.0050663136358801483,0.005129786210703256,6.3472574823107697e-05,0.0023449392671214234,2.7028287815511312e-05,0.0023449392671214234,0.0023346756005189441,0.0023902192795231367,0.0023450950289551583,0.0023904397683726115,0.027805203468979318,0.0050663136358801483,0.0074567534042527597,0.0023904397683726115,0,0,0,0,0,1,4.6775319342102443e-07,1.375093384927808e-05,0.0026206109182160837,0.00065401496556699687,-1.7109423007424004e-06
229,13,10,0.2585391365993232,0.066842485153523507,1,-1,1,0,2,-1,0,9,0.027820788298414764,0.027980027094335259,0.00015923879592049522,0.0051323224247080811,0.0052015196119786561,6.9197187270574924e-05,0.0023571342413425747,2.9867630500280966e-05,0.0023571342413425747,0.0023491949210230414,0.0024066130875912833,0.0023573234625441919,0.0024078050451645039,0.027980027094335259,0.0051367578385590395,0.0075445628837235434,0.0024078050451645039,0,0,0,0,0,1,2.2855669621400603e-06,1.6982163758211169e-05,0.0030970671512882469,0.0014950662259749215,-8.9408920802035804e-06
229,13,10,0.2585391365993232,0.066842485153523507,1,-1,1,0,3,-1,1,1185,0.027969640302409112,0.058601658699572158,0.030632018397163046,0.0051958049082918229,0.036147188587393617,0.030951383679101795,0.0036436766631762593,0.0008352007023362146,0.0036436766631762593,0.0036019388563482482,0.005045133034792891,0.0037381733291753853,0.0055250600293902941,0.055642507995348256,0.028752501667778513,0.034277561697168807,0.0055250600293902941,0,0,0,0,0,0.57053442465093884,-9.5958604210116935e-06,0.00047625002238615923,0.0087159989852472752,0,7.5043536400432379e-05
229,13,10,0.2585391365993232,0.066842485153523507,1,-1,1,0,4,-1,0,9,0.058653771286608709,0.058708063434740408,5.4292148131698803e-05,0.036286260185612318,0.036428661412074147,0.00014240122646182879,0.0047969549291533263,6.5560516934300692e-05,0.0047969549291533263,0.0047457993578714566,0.004884200566164865,0.0047974029196752995,0.004884799636776252,0.058708063434740408,0.036290860573715812,0.041175660210492064,0.004884799636776252,0,0,0,0,0,1,1.1964805314972093e-07,6.3874412632275603e-05,0.0050299815413846118,4.1959808137369269e-05,-7.0425019956993613e-09
229,13,10,0.2585391365993232,0.066842485153523507,1,-1,3,1,1,-1,1,1087,0.027111407605070047,0.059043957467878258,0.031932549862808211,0.0048243442229872939,0.037358238825883919,0.032533894602896622,0.0035722951732582073,0.00075789725703620536,0.0035722951732582073,0.0035687105765120561,0.0047095096888162954,0.0036518079162391457,0.004748777359117537,0.059026017344896597,0.037306125004248188,0.042054902363365725,0.004748777359117537,0,0,0,0,0,0.86082669700417136,-0.0079495430747036043,0.00047625002238615923,0.016743923246395009,0,0.025455216089842241
230,4,16,0.2597107670852305,0.067449682539998848,1,1,1,0,1,-1,1,1268,0.023215476984656435,0.061353643002546046,0.038138166017889608,0.0036291910864182601,0.047765176784523009,0.04413598569810475,0.003566028597450021,0.00081095143678323249,0.003566028597450021,0.0036094999170915385,0.0047201779153554883,0.0036570756337068223,0.0047764732115059133,0.058865910607071373,0.036830320952692071,0.041606794164197984,0.0047764732115059133,0,0,0,0,0,0.47981893625047151,-3.0201400073586386e-05,0.00046391675439887869,0.0068200489132091945,0,0.003771476987145484
230,4,16,0.2597107670852305,0.067449682539998848,1,1,3,1,1,-1,1,1073,0.027421042147524777,0.058935841531517354,0.031514799383992577,0.0049366244162775182,0.037024683122081389,0.032088058705803869,0.0036042044667065959,0.00075346912323396144,0.0036042044667065959,0.0036013509495695858,0.0047350874552701972,0.003682119709826764,0.0047773972511359203,0.058919279519679776,0.036977523063648154,0.041754920314784075,0.0047773972511359203,0,0,0,0,0,0.85930982176715964,-0.0079775609862444644,0.00046391675439887869,0.035390108633738163,0,0.025555927034321718
230,4,16,0.2597107670852305,0.067449682539998848,1,-1,1,0,1,-1,1,1199,0.028021110589411952,0.058548305415726781,0.03052719482631483,0.0052001459222644313,0.03597672988884567,0.030776583966581238,0.0036860438010235109,0.00084769807941182144,0.0036860438010235109,0.0036434200127592013,0.005120477263667691,0.003782262674233817,0.0055377710213325403,0.055438024619620996,0.028352234823215475,0.033890005844548016,0.0055377710213325403,0,0,0,0,0,0.57950700821652967,-9.0029558801927882e-06,0.00046391675439887869,0.0085806008171021939,0,7.3229276893616461e-05
230,4,16,0.2597107670852305,0.067449682539998848,1,-1,3,1,1,-1,1,1073,0.027421042147524777,0.058935841531517354,0.031514799383992577,0.0049366244162775182,0.037024683122081389,0.032088058705803869,0.0036042044667065959,0.00075346912323396144,0.0036042044667065959,0.0036013509495695858,0.0047350874552701972,0.003682119709826764,0.0047773972511359203,0.058919279519679776,0.036977523063648154,0.041754920314784075,0.0047773972511359203,0,0,0,0,0,0.85930982176715964,-0.0079775609862444644,0.00046391675439887869,0.016597496602901413,0,0.025555927034321718
231,16,4,0.2597107670852305,0.067449682539998848,1,1,1,0,1,-1,1,1268,0.023215476984656435,0.061353643002546046,0.038138166017889608,0.0036291910864182601,0.047765176784523009,0.04413598569810475,0.003566028597450021,0.00081095143678323249,0.003566028597450021,0.0036094999170915385,0.0047201779153554883,0.0036570756337068223,0.0047764732115059133,0.058865910607071373,0.036830320952692071,0.041606794164197984,0.0047764732115059133,0,0,0,0,0,0.47981893625047151,-3.0201400073586386e-05,0.00046391675439887869,0.0068200489132091945,0,0.003771476987145484
231,16,4,0.2597107670852305,0.067449682539998848,1,1,3,1,1,-1,1,1073,0.027421042147524777,0.058935841531517354,0.031514799383992577,0.0049366244162775182,0.037024683122081389,0.032088058705803869,0.0036042044667065959,0.00075346912323396144,0.0036042044667065959,0.0036013509495695858,0.0047350874552701972,0.003682119709826764,0.0047773972511359203,0.058919279519679776,0.036977523063648154,0.041754920314784075,0.0047773972511359203,0,0,0,0,0,0.85930982176715964,-0.0079775609862444644,0.00046391675439887869,0.035390108633738163,0,0.025555927034321718
231,16,4,0.2597107670852305,0.067449682539998848,1,-1,1,0,1,-1,1,1199,0.028021110589411952,0.058548305415726781,0.03052719482631483,0.0052001459222644313,0.03597672988884567,0.030776583966581238,0.0036860438010235109,0.00084769807941182144,0.0036860438010235109,0.0036434200127592013,0.005120477263667691,0.003782262674233817,0.0055377710213325403,0.055438024619620996,0.028352234823215475,0.033890005844548016,0.0055377710213325403,0,0,0,0,0,0.57950700821652967,-9.0029558801927882e-06,0.00046391675439887869,0.0085806008171021939,0,7.3229276893616461e-05
231,16,4,0.2597107670852305,0.067449682539998848,1,-1,3,1,1,-1,1,1073,0.027421042147524777,0.058935841531517354,0.031514799383992577,0.0049366244162775182,0.037024683122081389,0.032088058705803869,0.0036042044667065959,0.00075346912323396144,0.0036042044667065959,0.0036013509495695858,0.0047350874552701972,0.003682119709826764,0.0047773972511359203,0.058919279519679776,0.036977523063648154,0.041754920314784075,0.0047773972511359203,0,0,0,0,0,0.85930982176715964,-0.0079775609862444644,0.00046391675439887869,0.016597496602901413,0,0.025555927034321718
232,7,15,0.26079491367300561,0.068013986997710441,1,1,1,0,1,-1,1,1253,0.02342895263509006,0.061300640943994913,0.037871688308904854,0.0036943360627806404,0.047431621080720479,0.043737285017939838,0.003607517407462135,0.00080410332510260892,0.003607517407462135,0.0036577304079836691,0.0047475824144695864,0.0036960470779717342,0.0048021051730242903,0.058759172781854566,0.036512034829168274,0.041314140002192565,0.0048021051730242903,0,0,0,0,0,0.47453791022255754,-3.1529140330321408e-05,0.00045246270805786667,0.0066700351668183642,0,0.0037897811178665892
232,7,15,0.26079491367300561,0.068013986997710441,1,1,3,1,1,-1,1,1059,0.027751834556370914,0.058849308431661279,0.031097473875290365,0.0050614216492697499,0.036757838559039357,0.031696416909769605,0.0036361881459290126,0.00074845336272458783,0.0036361881459290126,0.0036342739957801046,0.0047590202806226962,0.0037124179006098454,0.0048033717745972204,0.058812541694462976,0.036656504075390714,0.041459875849987934,0.0048033717745972204,0,0,0,0,0,0.85649202733485197,-0.008003613774600361,0.00045246270805786667,0.035363537269017357,0,0.025649598980915816
232,7,15,0.26079491367300561,0.068013986997710441,1,-1,1,0,1,-1,0,8,0.028216518000867958,0.028344075097433058,0.00012755709656510003,0.005267893732609919,0.0053258024720508664,5.7908739440947453e-05,0.0024105493706917131,2.1476556574860709e-05,0.0024105493706917131,0.0024018576895768148,0.0024495242049199406,0.0024106450404455084,0.0024591898383342185,0.028344075097433058,0.0052701801200800528,0.0077293699584142714,0.0024591898383342185,0,0,0,0,0,0.88888888888888884,-4.5544904900840792e-08,1.2424693267795101e-05,0.0024080080183848107,0,3.1784257400102439e-07
232,7,15,0.26079491367300561,0.068013986997710441,1,-1,1,0,2,-1,0,9,0.02836317939031998,0.028507375506376168,0.00014419611605618818,0.0053328816212588814,0.0053990233218416872,6.6141700582805774e-05,0.0024289076666394386,2.8272336996035067e-05,0.0024289076666394386,0.0024188093809997526,0.0024761219276208486,0.002429072205204913,0.0024762418996739106,0.028507375506376168,0.0053368912608405591,0.0078131331605144697,0.0024762418996739106,0,0,0,0,0,1,1.6276240638849767e-06,1.5663359873307724e-05,0.0029445123418724967,0.0012590293815067466,-6.3406199339890432e-06
232,7,15,0.26079491367300561,0.068013986997710441,1,-1,1,0,3,-1,1,1178,0.028508965468484936,0.058388663443353035,0.0298796979748681,0.0053987743366585251,0.035537431162262101,0.030138656825603575,0.0037227020292654252,0.00083893505852002353,0.0037227020292654252,0.0036787655039521548,0.0051579471072366722,0.0038160611146981003,0.0055366751327264284,0.055330399818818071,0.028152101400933955,0.033688776533660383,0.0055366751327264284,0,0,0,0,0,0.58172839506172835,-8.1963623877334154e-06,0.00045246270805786667,0.0085334328437723095,0,7.1458407819408675e-05
232,7,15,0.26079491367300561,0.068013986997710441,1,-1,3,1,1,-1,1,1059,0.027751834556370914,0.058849308431661279,0.031097473875290365,0.0050614216492697499,0.036757838559039357,0.031696416909769605,0.0036361881459290126,0.00074845336272458783,0.0036361881459290126,0.0036342739957801046,0.0047590202806226962,0.0037124179006098454,0.0048033717745972204,0.058812541694462976,0.036656504075390714,0.041459875849987934,0.0048033717745972204,0,0,0,0,0,0.85649202733485197,-0.008003613774600361,0.00045246270805786667,0.016480940255530169,0,0.025649598980915816
233,15,7,0.26079491367300561,0.068013986997710441,1,1,1,0,1,-1,1,1253,0.02342895263509006,0.061300640943994913,0.037871688308904854,0.0036943360627806404,0.047431621080720479,0.043737285017939838,0.003607517407462135,0.00080410332510260892,0.003607517407462135,0.0036577304079836691,0.0047475824144695864,0.0036960470779717342,0.0048021051730242903,0.058759172781854566,0.036512034829168274,0.041314140002192565,0.0048021051730242903,0,0,0,0,0,0.47453791022255754,-3.1529140330321408e-05,0.00045246270805786667,0.0066700351668183642,0,0.0037897811178665892
233,15,7,0.26079491367300561,0.068013986997710441,1,1,3,1,1,-1,1,1059,0.027751834556370914,0.058849308431661279,0.031097473875290365,0.0050614216492697499,0.036757838559039357,0.031696416909769605,0.0036361881459290126,0.00074845336272458783,0.0036361881459290126,0.0036342739957801046,0.0047590202806226962,0.0037124179006098454,0.0048033717745972204,0.058812541694462976,0.036656504075390714,0.041459875849987934,0.0048033717745972204,0,0,0,0,0,0.85649202733485197,-0.008003613774600361,0.00045246270805786667,0.035363537269017357,0,0.025649598980915816
233,15,7,0.26079491367300561,0.068013986997710441,1,-1,1,0,1,-1,0,8,0.028216518000867958,0.028344075097433058,0.00012755709656510003,0.005267893732609919,0.0053258024720508664,5.7908739440947453e-05,0.0024105493706917131,2.1476556574860709e-05,0.0024105493706917131,0.0024018576895768148,0.0024495242049199406,0.0024106450404455084,0.0024591898383342185,0.028344075097433058,0.0052701801200800528,0.0077293699584142714,0.0024591898383342185,0,0,0,0,0,0.88888888888888884,-4.5544904900840792e-08,1.2424693267795101e-05,0.0024080080183848107,0,3.1784257400102439e-07
233,15,7,0.26079491367300561,0.068013986997710441,1,-1,1,0,2,-1,0,9,0.02836317939031998,0.028507375506376168,0.00014419611605618818,0.0053328816212588814,0.0053990233218416872,6.6141700582805774e-05,0.0024289076666394386,2.8272336996035067e-05,0.0024289076666394386,0.0024188093809997526,0.0024761219276208486,0.002429072205204913,0.0024762418996739106,0.028507375506376168,0.0053368912608405591,0.0078131331605144697,0.0024762418996739106,0,0,0,0,0,1,1.6276240638849767e-06,1.5663359873307724e-05,0.0029445123418724967,0.0012590293815067466,-6.3406199339890432e-06
233,15,7,0.26079491367300561,0.068013986997710441,1,-1,1,0,3,-1,1,1178,0.028508965468484936,0.058388663443353035,0.0298796979748681,0.0053987743366585251,0.035537431162262101,0.030138656825603575,0.0037227020292654252,0.00083893505852002353,0.0037227020292654252,0.0036787655039521548,0.0051579471072366722,0.0038160611146981003,0.0055366751327264284,0.055330399818818071,0.028152101400933955,0.033688776533660383,0.0055366751327264284,0,0,0,0,0,0.58172839506172835,-8.1963623877334154e-06,0.00045246270805786667,0.0085334328437723095,0,7.1458407819408675e-05
233,15,7,0.26079491367300561,0.068013986997710441,1,-1,3,1,1,-1,1,1059,0.027751834556370914,0.058849308431661279,0.031097473875290365,0.0050614216492697499,0.036757838559039357,0.031696416909769605,0.0036361881459290126,0.00074845336272458783,0.0036361881459290126,0.0036342739957801046,0.0047590202806226962,0.0037124179006098454,0.0048033717745972204,0.058812541694462976,0.036656504075390714,0.041459875849987934,0.0048033717745972204,0,0,0,0,0,0.85649202733485197,-0.008003613774600361,0.00045246270805786667,0.016480940255530169,0,0.025649598980915816
234,9,14,0.26230360296293775,0.068803180127338492,1,1,1,0,1,-1,1,1244,0.023855903935957302,0.061191799610944245,0.037335895674986942,0.0038245621610810748,0.046764509673115406,0.042939947512034331,0.0036583871027887544,0.00079564044600125396,0.0036583871027887544,0.0037123463708412761,0.004783031347646757,0.0037439070385312957,0.0048386553570163443,0.058652434956637758,0.036187463300271519,0.041026118657287863,0.0048386553570163443,0,0,0,0,0,0.47112117780294449,-3.0800941132127393e-05,0.00043647969846450914,0.0064634849474984081,0,0.0038155934173602518
234,9,14,0.26230360296293775,0.068803180127338492,1,1,3,1,1,-1,1,1042,0.02812541694462975,0.058716055317100113,0.030590638372470363,0.0051987118678192444,0.036357571714476317,0.031158859846657071,0.0036787238814373706,0.0007428232234995305,0.0036787238814373706,0.0036769407030891738,0.0047937000540265616,0.0037529715875860114,0.0048401286350578804,0.058705803869246162,0.036329433510802221,0.041169562145860102,0.0048401286350578804,0,0,0,0,0,0.85377895936194459,-0.0080400709592122685,0.00043647969846450914,0.035268026212658565,0,0.025780719597669588
234,9,14,0.26230360296293775,0.068803180127338492,1,-1,1,0,1,-1,1,1185,0.028863596199697278,0.058334668810949161,0.029471072611251883,0.0055322665523563561,0.035361932796735392,0.029829666244379036,0.0037770958711820608,0.00084250080575530182,0.0037770958711820608,0.0037361416755355356,0.0052071832092584923,0.0038699174187311679,0.0055484691630419691,0.055009825632143038,0.02755170113408939,0.033100170297131359,0.0055484691630419691,0,0,0,0,0,0.5916125811283075,-9.2498171103359963e-06,0.00043647969846450914,0.0083975712226342075,0,6.7529762982312174e-05
234,9,14,0.26230360296293775,0.068803180127338492,1,-1,3,1,1,-1,1,1042,0.02812541694462975,0.058716055317100113,0.030590638372470363,0.0051987118678192444,0.036357571714476317,0.031158859846657071,0.0036787238814373706,0.0007428232234995305,0.0036787238814373706,0.0036769407030891738,0.0047937000540265616,0.0037529715875860114,0.0048401286350578804,0.058705803869246162,0.036329433510802221,0.041169562145860102,0.0048401286350578804,0,0,0,0,0,0.85377895936194459,-0.0080400709592122685,0.00043647969846450914,0.016293805656809095,0,0.025780719597669588
235,14,9,0.26230360296293775,0.068803180127338492,1,1,1,0,1,-1,1,1244,0.023855903935957302,0.061191799610944245,0.037335895674986942,0.0038245621610810748,0.046764509673115406,0.042939947512034331,0.0036583871027887544,0.00079564044600125396,0.0036583871027887544,0.0037123463708412761,0.004783031347646757,0.0037439070385312957,0.0048386553570163443,0.058652434956637758,0.036187463300271519,0.041026118657287863,0.0048386553570163443,0,0,0,0,0,0.47112117780294449,-3.0800941132127393e-05,0.00043647969846450914,0.0064634849474984081,0,0.0038155934173602518
235,14,9,0.26230360296293775,0.068803180127338492,1,1,3,1,1,-1,1,1042,0.02812541694462975,0.058716055317100113,0.030590638372470363,0.0051987118678192444,0.036357571714476317,0.031158859846657071,0.0036787238814373706,0.0007428232234995305,0.0036787238814373706,0.0036769407030891738,0.0047937000540265616,0.0037529715875860114,0.0048401286350578804,0.058705803869246162,0.036329433510802221,0.041169562145860102,0.0048401286350578804,0,0,0,0,0,0.85377895936194459,-0.0080400709592122685,0.00043647969846450914,0.035268026212658565,0,0.025780719597669588
235,14,9,0.26230360296293775,0.068803180127338492,1,-1,1,0,1,-1,1,1185,0.028863596199697278,0.058334668810949161,0.029471072611251883,0.0055322665523563561,0.035361932796735392,0.029829666244379036,0.0037770958711820608,0.00084250080575530182,0.0037770958711820608,0.0037361416755355356,0.0052071832092584923,0.0038699174187311679,0.0055484691630419691,0.055009825632143038,0.02755170113408939,0.033100170297131359,0.0055484691630419691,0,0,0,0,0,0.5916125811283075,-9.2498171103359963e-06,0.00043647969846450914,0.0083975712226342075,0,6.7529762982312174e-05
235,14,9,0.26230360296293775,0.068803180127338492,1,-1,3,1,1,-1,1,1042,0.02812541694462975,0.058716055317100113,0.030590638372470363,0.0051987118678192444,0.036357571714476317,0.031158859846657071,0.0036787238814373706,0.0007428232234995305,0.0036787238814373706,0.0036769407030891738,0.0047937000540265616,0.0037529715875860114,0.0048401286350578804,0.058705803869246162,0.036329433510802221,0.041169562145860102,0.0048401286350578804,0,0,0,0,0,0.85377895936194459,-0.0080400709592122685,0.00043647969846450914,0.016293805656809095,0,0.025780719597669588
236,5,16,0.26399016706574358,0.06969080830739921,1,1,1,0,1,-1,1,1226,0.024282855236824549,0.061144385460577197,0.036861530223752645,0.0039580370109576022,0.046497665110073381,0.042539628099115781,0.003696376732725153,0.0007990017781829775,0.003696376732725153,0.0037528122368455409,0.0048164411269254644,0.0037817462622142485,0.0048759201880816949,0.058438959306204144,0.03558732328266706,0.040463243470748755,0.0048759201880816949,0,0,0,0,0,0.46450151057401812,-2.9694726316441321e-05,0.00041853011736959659,0.006219662890459097,0,0.00384491696977644
236,5,16,0.26399016706574358,0.06969080830739921,1,1,3,1,1,-1,1,1021,0.028605737158105403,0.058581497249536534,0.029975760091431131,0.0053834089141896546,0.035957304869913276,0.030573895955723622,0.0037288371370625428,0.00073486470882505334,0.0037288371370625428,0.0037280204247233037,0.0048303050947915219,0.0038005595028907666,0.0048798662742927101,0.058581497249536534,0.035957304869913276,0.040837171144205986,0.0048798662742927101,0,0,0,0,0,0.84796655264158116,-0.0080811080628309783,0.00041853011736959659,0.035204729967894782,0,0.025928367468779266
236,5,16,0.26399016706574358,0.06969080830739921,1,-1,1,0,1,-1,0,8,0.029080138848404873,0.029197429834268391,0.00011729098586351835,0.0056017438385954146,0.0056566675140494287,5.4923675454014026e-05,0.0025214912383350772,2.0727839511793873e-05,0.0025214912383350772,0.0025108826741079603,0.0025593196279536713,0.0025215764331725874,0.0025693436421242001,0.029197429834268391,0.0056037358238825883,0.0081730794660067885,0.0025693436421242001,0,0,0,0,0,0.88888888888888884,-9.4442551890874717e-08,1.1954527890065076e-05,0.002395756565808484,0,4.9688562561614194e-07
236,5,16,0.26399016706574358,0.06969080830739921,1,-1,1,0,2,-1,0,9,0.029222003383418536,0.029359522223477055,0.00013751884005851894,0.0056666570827851636,0.0057323398594913005,6.5682776706136974e-05,0.002541391643289718,2.8134880996700717e-05,0.002541391643289718,0.0025297619255655471,0.0025887647614048167,0.0025415473743590758,0.0025888719158549357,0.029352901934623081,0.0056666570827851636,0.0082555289986400993,0.0025888719158549357,0,0,0,0,0,1,1.0399780348033607e-06,1.5210191122591588e-05,0.0028578318658219531,0.0009996248794625275,-3.9969995985618908e-06
236,5,16,0.26399016706574358,0.06969080830739921,1,-1,1,0,3,-1,1,1162,0.029363051891203543,0.058121110419414299,0.028758058528210756,0.0057325785283453652,0.034788638604211962,0.029056060075866596,0.0038094548154221138,0.00082886957583278953,0.0038094548154221138,0.0037608700748083708,0.0052334845329009977,0.0038985857390192095,0.0055478781751703288,0.054786523614674038,0.027151434289526349,0.032699312464696678,0.0055478781751703288,0,0,0,0,0,0.59559200410046131,-7.9060033405202045e-06,0.00041853011736959659,0.0082522856686938623,0,6.6180165247735356e-05
236,5,16,0.26399016706574358,0.06969080830739921,1,-1,3,1,1,-1,1,1021,0.028605737158105403,0.058581497249536534,0.029975760091431131,0.0053834089141896546,0.035957304869913276,0.030573895955723622,0.0037288371370625428,0.00073486470882505334,0.0037288371370625428,0.0037280204247233037,0.0048303050947915219,0.0038005595028907666,0.0048798662742927101,0.058581497249536534,0.035957304869913276,0.040837171144205986,0.0048798662742927101,0,0,0,0,0,0.84796655264158116,-0.0080811080628309783,0.00041853011736959659,0.016095667001253179,0,0.025928367468779266
237,16,5,0.26399016706574358,0.06969080830739921,1,1,1,0,1,-1,1,1226,0.024282855236824549,0.061144385460577197,0.036861530223752645,0.0039580370109576022,0.046497665110073381,0.042539628099115781,0.003696376732725153,0.0007990017781829775,0.003696376732725153,0.0037528122368455409,0.0048164411269254644,0.0037817462622142485,0.0048759201880816949,0.058438959306204144,0.03558732328266706,0.040463243470748755,0.0048759201880816949,0,0,0,0,0,0.46450151057401812,-2.9694726316441321e-05,0.00041853011736959659,0.006219662890459097,0,0.00384491696977644
237,16,5,0.26399016706574358,0.06969080830739921,1,1,3,1,1,-1,1,1021,0.028605737158105403,0.058581497249536534,0.029975760091431131,0.0053834089141896546,0.035957304869913276,0.030573895955723622,0.0037288371370625428,0.00073486470882505334,0.0037288371370625428,0.0037280204247233037,0.0048303050947915219,0.0038005595028907666,0.0048798662742927101,0.058581497249536534,0.035957304869913276,0.040837171144205986,0.0048798662742927101,0,0,0,0,0,0.84796655264158116,-0.0080811080628309783,0.00041853011736959659,0.035204729967894782,0,0.025928367468779266
237,16,5,0.26399016706574358,0.06969080830739921,1,-1,1,0,1,-1,0,8,0.029080138848404873,0.029197429834268391,0.00011729098586351835,0.0056017438385954146,0.0056566675140494287,5.4923675454014026e-05,0.0025214912383350772,2.0727839511793873e-05,0.0025214912383350772,0.0025108826741079603,0.0025593196279536713,0.0025215764331725874,0.0025693436421242001,0.029197429834268391,0.0056037358238825883,0.0081730794660067885,0.0025693436421242001,0,0,0,0,0,0.88888888888888884,-9.4442551890874717e-08,1.1954527890065076e-05,0.002395756565808484,0,4.9688562561614194e-07
237,16,5,0.26399016706574358,0.06969080830739921,1,-1,1,0,2,-1,0,9,0.029222003383418536,0.029359522223477055,0.00013751884005851894,0.0056666570827851636,0.0057323398594913005,6.5682776706136974e-05,0.002541391643289718,2.8134880996700717e-05,0.002541391643289718,0.0025297619255655471,0.0025887647614048167,0.0025415473743590758,0.0025888719158549357,0.029352901934623081,0.0056666570827851636,0.0082555289986400993,0.0025888719158549357,0,0,0,0,0,1,1.0399780348033607e-06,1.5210191122591588e-05,0.0028578318658219531,0.0009996248794625275,-3.9969995985618908e-06
237,16,5,0.26399016706574358,0.06969080830739921,1,-1,1,0,3,-1,1,1162,0.029363051891203543,0.058121110419414299,0.028758058528210756,0.0057325785283453652,0.034788638604211962,0.029056060075866596,0.0038094548154221138,0.00082886957583278953,0.0038094548154221138,0.0037608700748083708,0.0052334845329009977,0.0038985857390192095,0.0055478781751703288,0.054786523614674038,0.027151434289526349,0.032699312464696678,0.0055478781751703288,0,0,0,0,0,0.59559200410046131,-7.9060033405202045e-06,0.00041853011736959659,0.0082522856686938623,0,6.6180165247735356e-05
237,16,5,0.26399016706574358,0.06969080830739921,1,-1,3,1,1,-1,1,1021,0.028605737158105403,0.058581497249536534,0.029975760091431131,0.0053834089141896546,0.035957304869913276,0.030573895955723622,0.0037288371370625428,0.00073486470882505334,0.0037288371370625428,0.0037280204247233037,0.0048303050947915219,0.0038005595028907666,0.0048798662742927101,0.058581497249536534,0.035957304869913276,0.040837171144205986,0.0048798662742927101,0,0,0,0,0,0.84796655264158116,-0.0080811080628309783,0.00041853011736959659,0.016095667001253179,0,0.025928367468779266
238,12,12,0.26751209382022056,0.071562720340078489,1,1,1,0,1,-1,1,1179,0.025136757838559037,0.060926987956874568,0.03579023011831553,0.0042327682643331262,0.045296864576384252,0.041064096312051129,0.0038065899437723324,0.00078356370175209158,0.0038065899437723324,0.003869246786100379,0.0048971642764189319,0.0038863992428380401,0.0049602244329236544,0.058225498899075794,0.034956637758505667,0.039916862191429321,0.0049602244329236544,0,0,0,0,0,0.44725897920604912,-2.8084799703868133e-05,0.00038084724464516694,0.0057029474578097674,0,0.0039077391293225626
238,12,12,0.26751209382022056,0.071562720340078489,1,1,3,1,1,-1,1,975,0.029619746497665106,0.058225851089552395,0.028606104591887289,0.0057861529952842458,0.034956637758505667,0.02917048476322142,0.0038318789922149417,0.00071591887937972319,0.0038318789922149417,0.0038325405350937702,0.0049055286923780986,0.0038981837376950968,0.0049611194772193126,0.058225483655770509,0.034955704255412119,0.039916823732631432,0.0049611194772193126,0,0,0,0,0,0.83955792682926833,-0.008167759638113347,0.00038084724464516694,0.035059743377253851,0,0.026240324510850441
238,12,12,0.26751209382022056,0.071562720340078489,1,-1,1,0,1,-1,0,9,0.030343399856393463,0.030482843817602336,0.00013944396120887242,0.0061333523069526082,0.0062017487910518195,6.839648409921132e-05,0.0026823309038468768,2.9529866900359648e-05,0.0026823309038468768,0.0026702787663536176,0.0027321928004133979,0.0026824934465476619,0.0027326079093813373,0.030482843817602336,0.0061374249499666442,0.0088700328593479816,0.0027326079093813373,0,0,0,0,0,1,2.4599617681575172e-06,1.7536157545822582e-05,0.0032102745348503883,0.001554767722770855,-9.6692106870802801e-06
238,12,12,0.26751209382022056,0.071562720340078489,1,-1,1,0,2,-1,1,1095,0.030478466309618719,0.05769510063399446,0.027216634324375742,0.0061991804070588843,0.033683395634399774,0.027484215227340889,0.0038986028538788371,0.00079502978122214757,0.0038986028538788371,0.0038500311046613736,0.005291475247295464,0.0039788411083256829,0.005543023164190905,0.054208236193323545,0.026150767178118747,0.031693790342309652,0.005543023164190905,0,0,0,0,0,0.5934959349593496,-7.6687909917254831e-06,0.00038084724464516694,0.0079516908808285724,0,6.0044129007841264e-05
238,12,12,0.26751209382022056,0.071562720340078489,1,-1,3,1,1,-1,1,975,0.029619746497665106,0.058225851089552395,0.028606104591887289,0.0057861529952842458,0.034956637758505667,0.02917048476322142,0.0038318789922149417,0.00071591887937972319,0.0038318789922149417,0.0038325405350937702,0.0049055286923780986,0.0038981837376950968,0.0049611194772193126,0.058225483655770509,0.034955704255412119,0.039916823732631432,0.0049611194772193126,0,0,0,0,0,0.83955792682926833,-0.008167759638113347,0.00038084724464516694,0.015680394212393318,0,0.026240324510850441
239,0,17,0.26757256020895825,0.071595074976776585,1,1,1,0,1,-1,1,1180,0.025136757838559037,0.060926902394599219,0.035790144556040182,0.0042328549694674684,0.045296864576384252,0.041064009606916786,0.003806862777913205,0.00078390063689554111,0.003806862777913205,0.0038707731102727676,0.0048986095624087454,0.0038867344157256594,0.0049602896395742821,0.058225524743933776,0.034956637758505667,0.039916927398079949,0.0049602896395742821,0,0,0,0,0,0.44763705103969753,-2.827959125661152e-05,0.00038019825068405137,0.0056940420375317302,0,0.0039088364025725679
239,0,17,0.26757256020895825,0.071595074976776585,1,1,3,1,1,-1,1,974,0.029659386561012885,0.05822647589214909,0.028567089331136206,0.0058038692461641079,0.034956637758505667,0.029152768512341561,0.0038347916686045942,0.00071537636773774151,0.0038347916686045942,0.0038358385618492766,0.004907306009158491,0.0039009473835360632,0.0049627068521032394,0.058225483655770509,0.034954116880528192,0.039916823732631432,0.0049627068521032394,0,0,0,0,0,0.83917682926829273,-0.0081692587857257627,0.00038019825068405137,0.035053373955703002,0,0.026245723905251615
239,0,17,0.26757256020895825,0.071595074976776585,1,-1,1,0,1,-1,0,9,0.030346003578102094,0.030482408009538952,0.00013640443143685815,0.0061334482296551739,0.0062004631237981798,6.7014894143005953e-05,0.0026828094214018435,2.9015250935021903e-05,0.0026828094214018435,0.0026700196753217725,0.0027320090735432666,0.0026829663203904214,0.0027323656463994952,0.030482408009538952,0.0061374249499666442,0.0088697905963661394,0.0027323656463994952,0,0,0,0,0,1,2.4000683086745846e-06,1.7171984483883428e-05,0.003185486253141084,0.0015359411431237115,-9.4364607805606958e-06
239,0,17,0.26757256020895825,0.071595074976776585,1,-1,1,0,2,-1,1,1095,0.030481060591977409,0.057694952733390918,0.027213892141413509,0.0061992816095621942,0.033681733986163254,0.02748245237660106,0.0039000679497205918,0.00079475580726197825,0.0039000679497205918,0.0038516881667813689,0.0052913301889014695,0.003980221954315414,0.00554217319713117,0.05420773621576741,0.026150767178118747,0.031692940375249917,0.00554217319713117,0,0,0,0,0,0.5934959349593496,-7.8133260925531485e-06,0.00038019825068405137,0.0079430201064842765,0,5.9695660919166621e-05
239,0,17,0.26757256020895825,0.071595074976776585,1,-1,3,1,1,-1,1,974,0.029659386561012885,0.05822647589214909,0.028567089331136206,0.0058038692461641079,0.034956637758505667,0.029152768512341561,0.0038347916686045942,0.00071537636773774151,0.0038347916686045942,0.0038358385618492766,0.004907306009158491,0.0039009473835360632,0.0049627068521032394,0.058225483655770509,0.034954116880528192,0.039916823732631432,0.0049627068521032394,0,0,0,0,0,0.83917682926829273,-0.0081692587857257627,0.00038019825068405137,0.015671782813943231,0,0.026245723905251615
240,17,0,0.26757256020895825,0.071595074976776585,1,1,1,0,1,-1,1,1180,0.025136757838559037,0.060926902394599219,0.035790144556040182,0.0042328549694674684,0.045296864576384252,0.041064009606916786,0.003806862777913205,0.00078390063689554111,0.003806862777913205,0.0038707731102727676,0.0048986095624087454,0.0038867344157256594,0.0049602896395742821,0.058225524743933776,0.034956637758505667,0.039916927398079949,0.0049602896395742821,0,0,0,0,0,0.44763705103969753,-2.827959125661152e-05,0.00038019825068405137,0.0056940420375317302,0,0.0039088364025725679
240,17,0,0.26757256020895825,0.071595074976776585,1,1,3,1,1,-1,1,974,0.029659386561012885,0.05822647589214909,0.028567089331136206,0.0058038692461641079,0.034956637758505667,0.029152768512341561,0.0038347916686045942,0.00071537636773774151,0.0038347916686045942,0.0038358385618492766,0.004907306009158491,0.0039009473835360632,0.0049627068521032394,0.058225483655770509,0.034954116880528192,0.039916823732631432,0.0049627068521032394,0,0,0,0,0,0.83917682926829273,-0.0081692587857257627,0.00038019825068405137,0.035053373955703002,0,0.026245723905251615
240,17,0,0.26757256020895825,0.071595074976776585,1,-1,1,0,1,-1,0,9,0.030346003578102094,0.030482408009538952,0.00013640443143685815,0.0061334482296551739,0.0062004631237981798,6.7014894143005953e-05,0.0026828094214018435,2.9015250935021903e-05,0.0026828094214018435,0.0026700196753217725,0.0027320090735432666,0.0026829663203904214,0.0027323656463994952,0.030482408009538952,0.0061374249499666442,0.0088697905963661394,0.0027323656463994952,0,0,0,0,0,1,2.4000683086745846e-06,1.7171984483883428e-05,0.003185486253141084,0.0015359411431237115,-9.4364607805606958e-06
240,17,0,0.26757256020895825,0.071595074976776585,1,-1,1,0,2,-1,1,1095,0.030481060591977409,0.057694952733390918,0.027213892141413509,0.0061992816095621942,0.033681733986163254,0.02748245237660106,0.0039000679497205918,0.00079475580726197825,0.0039000679497205918,0.0038516881667813689,0.0052913301889014695,0.003980221954315414,0.00554217319713117,0.05420773621576741,0.026150767178118747,0.031692940375249917,0.00554217319713117,0,0,0,0,0,0.5934959349593496,-7.8133260925531485e-06,0.00038019825068405137,0.0079430201064842765,0,5.9695660919166621e-05
240,17,0,0.26757256020895825,0.071595074976776585,1,-1,3,1,1,-1,1,974,0.029659386561012885,0.05822647589214909,0.028567089331136206,0.0058038692461641079,0.034956637758505667,0.029152768512341561,0.0038347916686045942,0.00071537636773774151,0.0038347916686045942,0.0038358385618492766,0.004907306009158491,0.0039009473835360632,0.0049627068521032394,0.058225483655770509,0.034954116880528192,0.039916823732631432,0.0049627068521032394,0,0,0,0,0,0.83917682926829273,-0.0081692587857257627,0.00038019825068405137,0.015671782813943231,0,0.026245723905251615
241,8,15,0.267849979960743,0.071743611764970419,1,1,1,0,1,-1,1,1178,0.025296864576384259,0.060926522836990703,0.035629658260606448,0.0042844324768330101,0.045296864576384252,0.041012432099551244,0.0038132010625582433,0.00078241896365479377,0.0038132010625582433,0.0038787557462581588,0.004901033858409635,0.0038926445738317749,0.0049608470872475885,0.058065376917945291,0.034556245416809066,0.039517092504056654,0.0049608470872475885,0,0,0,0,0,0.44725897920604912,-2.7784181082750252e-05,0.0003772169650790503,0.0056508467102138237,0,0.0039138787737016609
241,8,15,0.267849979960743,0.071743611764970419,1,1,3,1,1,-1,1,970,0.02972648432288192,0.0582021219628929,0.02847563764001098,0.0058302032276573365,0.034889926617745162,0.029059723390087826,0.0038426012720067832,0.00071359736976868177,0.0038426012720067832,0.003843779412703691,0.0049128965885405938,0.0039082995972377719,0.0049680468770527328,0.0582021219628929,0.034889926617745162,0.039857973494797895,0.0049680468770527328,0,0,0,0,0,0.83809523809523812,-0.0081761413783482204,0.0003772169650790503,0.035011215938415871,0,0.026270513611237886
241,8,15,0.267849979960743,0.071743611764970419,1,-1,1,0,1,-1,0,9,0.030357956994966528,0.030480737306539635,0.00012278031157310701,0.0061338792484848231,0.0061945607585105235,6.0681510025700422e-05,0.0026850619569965708,2.6820818565547736e-05,0.0026850619569965708,0.0026689728175720634,0.002731279448830348,0.0026851959089084694,0.0027314369510977304,0.030480737306539635,0.0061374249499666442,0.0088688619010643746,0.0027314369510977304,0,0,0,0,0,1,2.1234238150814113e-06,1.5500357222009281e-05,0.0030659094874124957,0.001445629825378592,-8.3593823680965537e-06
241,8,15,0.267849979960743,0.071743611764970419,1,-1,1,0,2,-1,1,1094,0.030492970673763317,0.057642274236582275,0.027149303562818958,0.0061997358393725572,0.033552041047760509,0.027352305208387953,0.0039065470240819567,0.00079502506712171995,0.0039065470240819567,0.0038570437206618593,0.0052956153538645237,0.0039866244504236275,0.0055385801290431975,0.054205622448768399,0.026150767178118744,0.031689347307161941,0.0055385801290431975,0,0,0,0,0,0.5948885263730288,-7.6080043918438754e-06,0.0003772169650790503,0.0079116696940592594,0,5.862750444514514e-05
241,8,15,0.267849979960743,0.071743611764970419,1,-1,3,1,1,-1,1,970,0.02972648432288192,0.0582021219628929,0.02847563764001098,0.0058302032276573365,0.034889926617745162,0.029059723390087826,0.0038426012720067832,0.00071359736976868177,0.0038426012720067832,0.003843779412703691,0.0049128965885405938,0.0039082995972377719,0.0049680468770527328,0.0582021219628929,0.034889926617745162,0.039857973494797895,0.0049680468770527328,0,0,0,0,0,0.83809523809523812,-0.0081761413783482204,0.0003772169650790503,0.015626791632525866,0,0.026270513611237886
242,15,8,0.267849979960743,0.071743611764970419,1,1,1,0,1,-1,1,1178,0.025296864576384259,0.060926522836990703,0.035629658260606448,0.0042844324768330101,0.045296864576384252,0.041012432099551244,0.0038132010625582433,0.00078241896365479377,0.0038132010625582433,0.0038787557462581588,0.004901033858409635,0.0038926445738317749,0.0049608470872475885,0.058065376917945291,0.034556245416809066,0.039517092504056654,0.0049608470872475885,0,0,0,0,0,0.44725897920604912,-2.7784181082750252e-05,0.0003772169650790503,0.0056508467102138237,0,0.0039138787737016609
242,15,8,0.267849979960743,0.071743611764970419,1,1,3,1,1,-1,1,970,0.02972648432288192,0.0582021219628929,0.02847563764001098,0.0058302032276573365,0.034889926617745162,0.029059723390087826,0.0038426012720067832,0.00071359736976868177,0.0038426012720067832,0.003843779412703691,0.0049128965885405938,0.0039082995972377719,0.0049680468770527328,0.0582021219628929,0.034889926617745162,0.039857973494797895,0.0049680468770527328,0,0,0,0,0,0.83809523809523812,-0.0081761413783482204,0.0003772169650790503,0.035011215938415871,0,0.026270513611237886
242,15,8,0.267849979960743,0.071743611764970419,1,-1,1,0,1,-1,0,9,0.030357956994966528,0.030480737306539635,0.00012278031157310701,0.0061338792484848231,0.0061945607585105235,6.0681510025700422e-05,0.0026850619569965708,2.6820818565547736e-05,0.0026850619569965708,0.0026689728175720634,0.002731279448830348,0.0026851959089084694,0.0027314369510977304,0.030480737306539635,0.0061374249499666442,0.0088688619010643746,0.0027314369510977304,0,0,0,0,0,1,2.1234238150814113e-06,1.5500357222009281e-05,0.0030659094874124957,0.001445629825378592,-8.3593823680965537e-06
242,15,8,0.267849979960743,0.071743611764970419,1,-1,1,0,2,-1,1,1094,0.030492970673763317,0.057642274236582275,0.027149303562818958,0.0061997358393725572,0.033552041047760509,0.027352305208387953,0.0039065470240819567,0.00079502506712171995,0.0039065470240819567,0.0038570437206618593,0.0052956153538645237,0.0039866244504236275,0.0055385801290431975,0.054205622448768399,0.026150767178118744,0.031689347307161941,0.0055385801290431975,0,0,0,0,0,0.5948885263730288,-7.6080043918438754e-06,0.0003772169650790503,0.0079116696940592594,0,5.862750444514514e-05
242,15,8,0.267849979960743,0.071743611764970419,1,-1,3,1,1,-1,1,970,0.02972648432288192,0.0582021219628929,0.02847563764001098,0.0058302032276573365,0.034889926617745162,0.029059723390087826,0.0038426012720067832,0.00071359736976868177,0.0038426012720067832,0.003843779412703691,0.0049128965885405938,0.0039082995972377719,0.0049680468770527328,0.0582021219628929,0.034889926617745162,0.039857973494797895,0.0049680468770527328,0,0,0,0,0,0.83809523809523812,-0.0081761413783482204,0.0003772169650790503,0.015626791632525866,0,0.026270513611237886
243,1,17,0.26803786288780546,0.071844295941462008,1,1,1,0,1,-1,1,1178,0.025296864576384259,0.060926277286821068,0.035629412710436806,0.0042855776034816445,0.045296864576384252,0.041011286972902607,0.0038141279000598414,0.00078191432087968576,0.0038141279000598414,0.0038787398687926185,0.0049016290089758862,0.0038934511224891001,0.0049629860056028957,0.058012008005336888,0.034422693316929681,0.039385679322532577,0.0049629860056028957,0,0,0,0,0,0.44725897920604912,-2.8398892905791767e-05,0.00037519442308419184,0.0056233934829461232,0,0.0039173012629824229
243,1,17,0.26803786288780546,0.071844295941462008,1,1,3,1,1,-1,1,968,0.029779853235490327,0.058177387503040287,0.02839753426754996,0.0058519054289634734,0.034823215476984658,0.028971310048021184,0.0038478599332455125,0.00071283041123823478,0.0038478599332455125,0.0038491629163009758,0.0049166105418687305,0.0039133302008726835,0.0049727068106318467,0.058172114743162105,0.034809941647332268,0.039782648457964115,0.0049727068106318467,0,0,0,0,0,0.83803353658536583,-0.0081808068253456222,0.00037519442308419184,0.035004991593773196,0,0.026287318601473902
243,1,17,0.26803786288780546,0.071844295941462008,1,-1,1,0,1,-1,0,9,0.030366059499052498,0.030479827823326231,0.00011376832427373307,0.0061341630705160069,0.0061905598992246444,5.6396828708637527e-05,0.0026866286712566023,2.5498771142492173e-05,0.0026866286712566023,0.0026711309255466548,0.0027308626020550739,0.0026867496728478061,0.0027309314211597293,0.030479827823326231,0.0061374249499666442,0.0088683563711263735,0.0027309314211597293,0,0,0,0,0,1,1.9344200179383022e-06,1.4367496248163784e-05,0.0029794978248234381,0.0013803681489552569,-7.6216649066006478e-06
243,1,17,0.26803786288780546,0.071844295941462008,1,-1,1,0,2,-1,0,9,0.030501043803599658,0.030642166651745992,0.00014112284814633488,0.0062000344960890293,0.0062700802490219679,7.0045752932938569e-05,0.0027039965632842267,3.0079157318909782e-05,0.0027039965632842267,0.0026925252146312011,0.0027544982672311085,0.0027041638578233244,0.002754739173831902,0.030642166651745992,0.0062041360907271513,0.0089588752645590533,0.002754739173831902,0,0,0,0,0,1,2.1674425406350455e-06,1.7653068567034417e-05,0.0031858347081271669,0.0014570244336831299,-8.4916808013985803e-06
243,1,17,0.26803786288780546,0.071844295941462008,1,-1,1,0,3,-1,1,1096,0.030635294101615865,0.057641728813414013,0.027006434711798148,0.0062658753786929682,0.033546869872473337,0.027280994493780367,0.0039282902947476959,0.00079603194588776687,0.0039282902947476959,0.0038813140102784867,0.0053097668029868997,0.0040081331687810478,0.0055363948888648915,0.054204336726720731,0.02615076717811874,0.031687162066983632,0.0055363948888648915,0,0,0,0,0,0.59858001092299296,-7.2063561132829307e-06,0.00037519442308419184,0.0079144873904885907,0,5.8910705092097945e-05
243,1,17,0.26803786288780546,0.071844295941462008,1,-1,3,1,1,-1,1,968,0.029779853235490327,0.058177387503040287,0.02839753426754996,0.0058519054289634734,0.034823215476984658,0.028971310048021184,0.0038478599332455125,0.00071283041123823478,0.0038478599332455125,0.0038491629163009758,0.0049166105418687305,0.0039133302008726835,0.0049727068106318467,0.058172114743162105,0.034809941647332268,0.039782648457964115,0.0049727068106318467,0,0,0,0,0,0.83803353658536583,-0.0081808068253456222,0.00037519442308419184,0.015606405920602119,0,0.026287318601473902
244,17,1,0.26803786288780546,0.071844295941462008,1,1,1,0,1,-1,1,1178,0.025296864576384259,0.060926277286821068,0.035629412710436806,0.0042855776034816445,0.045296864576384252,0.041011286972902607,0.0038141279000598414,0.00078191432087968576,0.0038141279000598414,0.0038787398687926185,0.0049016290089758862,0.0038934511224891001,0.0049629860056028957,0.058012008005336888,0.034422693316929681,0.039385679322532577,0.0049629860056028957,0,0,0,0,0,0.44725897920604912,-2.8398892905791767e-05,0.00037519442308419184,0.0056233934829461232,0,0.0039173012629824229
244,17,1,0.26803786288780546,0.071844295941462008,1,1,3,1,1,-1,1,968,0.029779853235490327,0.058177387503040287,0.02839753426754996,0.0058519054289634734,0.034823215476984658,0.028971310048021184,0.0038478599332455125,0.00071283041123823478,0.0038478599332455125,0.0038491629163009758,0.0049166105418687305,0.0039133302008726835,0.0049727068106318467,0.058172114743162105,0.034809941647332268,0.039782648457964115,0.0049727068106318467,0,0,0,0,0,0.83803353658536583,-0.0081808068253456222,0.00037519442308419184,0.035004991593773196,0,0.026287318601473902
244,17,1,0.26803786288780546,0.071844295941462008,1,-1,1,0,1,-1,0,9,0.030366059499052498,0.030479827823326231,0.00011376832427373307,0.0061341630705160069,0.0061905598992246444,5.6396828708637527e-05,0.0026866286712566023,2.5498771142492173e-05,0.0026866286712566023,0.0026711309255466548,0.0027308626020550739,0.0026867496728478061,0.0027309314211597293,0.030479827823326231,0.0061374249499666442,0.0088683563711263735,0.0027309314211597293,0,0,0,0,0,1,1.9344200179383022e-06,1.4367496248163784e-05,0.0029794978248234381,0.0013803681489552569,-7.6216649066006478e-06
244,17,1,0.26803786288780546,0.071844295941462008,1,-1,1,0,2,-1,0,9,0.030501043803599658,0.030642166651745992,0.00014112284814633488,0.0062000344960890293,0.0062700802490219679,7.0045752932938569e-05,0.0027039965632842267,3.0079157318909782e-05,0.0027039965632842267,0.0026925252146312011,0.0027544982672311085,0.0027041638578233244,0.002754739173831902,0.030642166651745992,0.0062041360907271513,0.0089588752645590533,0.002754739173831902,0,0,0,0,0,1,2.1674425406350455e-06,1.7653068567034417e-05,0.0031858347081271669,0.0014570244336831299,-8.4916808013985803e-06
244,17,1,0.26803786288780546,0.071844295941462008,1,-1,1,0,3,-1,1,1096,0.030635294101615865,0.057641728813414013,0.027006434711798148,0.0062658753786929682,0.033546869872473337,0.027280994493780367,0.0039282902947476959,0.00079603194588776687,0.0039282902947476959,0.0038813140102784867,0.0053097668029868997,0.0040081331687810478,0.0055363948888648915,0.054204336726720731,0.02615076717811874,0.031687162066983632,0.0055363948888648915,0,0,0,0,0,0.59858001092299296,-7.2063561132829307e-06,0.00037519442308419184,0.0079144873904885907,0,5.8910705092097945e-05
244,17,1,0.26803786288780546,0.071844295941462008,1,-1,3,1,1,-1,1,968,0.029779853235490327,0.058177387503040287,0.02839753426754996,0.0058519054289634734,0.034823215476984658,0.028971310048021184,0.0038478599332455125,0.00071283041123823478,0.0038478599332455125,0.0038491629163009758,0.0049166105418687305,0.0039133302008726835,0.0049727068106318467,0.058172114743162105,0.034809941647332268,0.039782648457964115,0.0049727068106318467,0,0,0,0,0,0.83803353658536583,-0.0081808068253456222,0.00037519442308419184,0.015606405920602119,0,0.026287318601473902
245,11,13,0.26842549209110156,0.072052244804350019,1,1,1,0,1,-1,1,1179,0.025296864576384259,0.060875636011328019,0.035578771434943757,0.004287600353715856,0.045030020013342227,0.040742419659626369,0.0038269253600532881,0.00078001595471019968,0.0038269253600532881,0.0038943996738521197,0.0049064478361476697,0.0039056091203577259,0.0049728414102023291,0.057958639092728484,0.034282313723599557,0.039255155133801886,0.0049728414102023291,0,0,0,0,0,0.44784580498866211,-2.817431725660348e-05,0.00037102154236832709,0.0055690337400343569,0,0.0039243815693554545
245,11,13,0.26842549209110156,0.072052244804350019,1,1,3,1,1,-1,1,962,0.029886591060707138,0.058127167171534086,0.028240576110826948,0.0058951905523205606,0.034689793195463642,0.028794602643143083,0.0038588042938643894,0.00071005683402342273,0.0038588042938643894,0.0038602840234350927,0.0049235676052073046,0.0039235890821911531,0.00498062868113789,0.058118745830553702,0.034668781532779212,0.039649410213917102,0.00498062868113789,0,0,0,0,0,0.83765243902439024,-0.008190443576417147,0.00037102154236832709,0.035005990882827777,0,0.026322032732573247
245,11,13,0.26842549209110156,0.072052244804350019,1,-1,1,0,1,-1,0,9,0.030517717706370809,0.030640193263668996,0.00012247555729818713,0.0062006294306333719,0.0062617967134391168,6.116728280574496e-05,0.0027071983113637257,2.6961395811378808e-05,0.0027071983113637257,0.0026911239147270989,0.0027535980242139701,0.0027073325643361037,0.0027536353918328994,0.030640193263668996,0.0062041360907271513,0.0089577714825600507,0.0027536353918328994,0,0,0,0,0,1,1.7751104489890143e-06,1.5299502401823299e-05,0.0030141613969509127,0.0013195299809867962,-6.9646374828920583e-06
245,11,13,0.26842549209110156,0.072052244804350019,1,-1,1,0,2,-1,1,1097,0.030651907607646439,0.057588674666015728,0.026936767058369289,0.0062664977399440134,0.033414970081950657,0.027148472342006645,0.0039398578118848265,0.00079747114271870546,0.0039398578118848265,0.0038943996738521197,0.0053088812522821514,0.0040197561868027488,0.0055404308556768408,0.054048787760721966,0.025883922615076715,0.031424353470753556,0.0055404308556768408,0,0,0,0,0,0.6010958904109589,-7.5489460216383755e-06,0.00037102154236832709,0.0078767751382344247,0,5.7938605118002425e-05
245,11,13,0.26842549209110156,0.072052244804350019,1,-1,3,1,1,-1,1,962,0.029886591060707138,0.058127167171534086,0.028240576110826948,0.0058951905523205606,0.034689793195463642,0.028794602643143083,0.0038588042938643894,0.00071005683402342273,0.0038588042938643894,0.0038602840234350927,0.0049235676052073046,0.0039235890821911531,0.00498062868113789,0.058118745830553702,0.034668781532779212,0.039649410213917102,0.00498062868113789,0,0,0,0,0,0.83765243902439024,-0.008190443576417147,0.00037102154236832709,0.015562572876326062,0,0.026322032732573247
246,13,11,0.26842549209110156,0.072052244804350019,1,1,1,0,1,-1,1,1179,0.025296864576384259,0.060875636011328019,0.035578771434943757,0.004287600353715856,0.045030020013342227,0.040742419659626369,0.0038269253600532881,0.00078001595471019968,0.0038269253600532881,0.0038943996738521197,0.0049064478361476697,0.0039056091203577259,0.0049728414102023291,0.057958639092728484,0.034282313723599557,0.039255155133801886,0.0049728414102023291,0,0,0,0,0,0.44784580498866211,-2.817431725660348e-05,0.00037102154236832709,0.0055690337400343569,0,0.0039243815693554545
246,13,11,0.26842549209110156,0.072052244804350019,1,1,3,1,1,-1,1,962,0.029886591060707138,0.058127167171534086,0.028240576110826948,0.0058951905523205606,0.034689793195463642,0.028794602643143083,0.0038588042938643894,0.00071005683402342273,0.0038588042938643894,0.0038602840234350927,0.0049235676052073046,0.0039235890821911531,0.00498062868113789,0.058118745830553702,0.034668781532779212,0.039649410213917102,0.00498062868113789,0,0,0,0,0,0.83765243902439024,-0.008190443576417147,0.00037102154236832709,0.035005990882827777,0,0.026322032732573247
246,13,11,0.26842549209110156,0.072052244804350019,1,-1,1,0,1,-1,0,9,0.030517717706370809,0.030640193263668996,0.00012247555729818713,0.0062006294306333719,0.0062617967134391168,6.116728280574496e-05,0.0027071983113637257,2.6961395811378808e-05,0.0027071983113637257,0.0026911239147270989,0.0027535980242139701,0.0027073325643361037,0.0027536353918328994,0.030640193263668996,0.0062041360907271513,0.0089577714825600507,0.0027536353918328994,0,0,0,0,0,1,1.7751104489890143e-06,1.5299502401823299e-05,0.0030141613969509127,0.0013195299809867962,-6.9646374828920583e-06
246,13,11,0.26842549209110156,0.072052244804350019,1,-1,1,0,2,-1,1,1097,0.030651907607646439,0.057588674666015728,0.026936767058369289,0.0062664977399440134,0.033414970081950657,0.027148472342006645,0.0039398578118848265,0.00079747114271870546,0.0039398578118848265,0.0038943996738521197,0.0053088812522821514,0.0040197561868027488,0.0055404308556768408,0.054048787760721966,0.025883922615076715,0.031424353470753556,0.0055404308556768408,0,0,0,0,0,0.6010958904109589,-7.5489460216383755e-06,0.00037102154236832709,0.0078767751382344247,0,5.7938605118002425e-05
246,13,11,0.26842549209110156,0.072052244804350019,1,-1,3,1,1,-1,1,962,0.029886591060707138,0.058127167171534086,0.028240576110826948,0.0058951905523205606,0.034689793195463642,0.028794602643143083,0.0038588042938643894,0.00071005683402342273,0.0038588042938643894,0.0038602840234350927,0.0049235676052073046,0.0039235890821911531,0.00498062868113789,0.058118745830553702,0.034668781532779212,0.039649410213917102,0.00498062868113789,0,0,0,0,0,0.83765243902439024,-0.008190443576417147,0.00037102154236832709,0.015562572876326062,0,0.026322032732573247
247,6,16,0.26912603738912688,0.072428824000773731,1,1,1,0,1,-1,1,1165,0.025510340226817876,0.060874471568144226,0.035364131341326349,0.0043592455952293297,0.045030020013342227,0.040670774418112898,0.0038494560516250287,0.00077463439090532456,0.0038494560516250287,0.003913736122338092,0.0049253810327899647,0.0039266232736240208,0.0049888672062541467,0.05790527018012008,0.034136637647165444,0.03912550485341959,0.0049888672062541467,0,0,0,0,0,0.44251134644478063,-2.7163109028506191e-05,0.00036346261504580909,0.005470375941742653,0,0.0039372431554306319
247,6,16,0.26912603738912688,0.072428824000773731,1,1,3,1,1,-1,1,953,0.030100066711140759,0.058065376917945291,0.027965310206804532,0.0059839181460289688,0.034520226005763696,0.028536307859734728,0.003879747741783901,0.00070607320256610385,0.003879747741783901,0.0038808389380802083,0.00493882912269108,0.0039434733303598283,0.0049968664982929581,0.058065376917945291,0.034520226005763696,0.039517092504056654,0.0049968664982929581,0,0,0,0,0,0.83568433091879524,-0.0082079024669196587,0.00036346261504580909,0.034946707734176921,0,0.02638493197178917
247,6,16,0.26912603738912688,0.072428824000773731,1,-1,1,0,1,-1,0,9,0.030681993373271141,0.030799281036847578,0.0001172876635764375,0.0062675516076727946,0.0063267794184842163,5.9227810811421713e-05,0.0027307864115473854,2.6343116499056453e-05,0.0027307864115473854,0.0027139235720376534,0.002776327694219022,0.0027309134708515992,0.002776426305132011,0.03079386257505003,0.0062675516076727946,0.0090439779128048056,0.002776426305132011,0,0,0,0,0,1,1.1700514057686839e-06,1.4305140801134362e-05,0.0028759592190715096,0.0010669461061439962,-4.5534959736633422e-06
247,6,16,0.26912603738912688,0.072428824000773731,1,-1,1,0,2,-1,1,1099,0.030815350042214806,0.057534656311857273,0.026719306269642466,0.006333441163921808,0.033275246016809368,0.026941804852887559,0.0039694525173124924,0.00079854716566004984,0.0039694525173124924,0.0039234249665788395,0.0053453480349793178,0.0040489789901877954,0.005538070994590652,0.053887547142307854,0.025617078052034691,0.031155149046625343,0.005538070994590652,0,0,0,0,0,0.60684704583103255,-6.8900922692688416e-06,0.00036346261504580909,0.0077982757699905057,0,5.7207957883655895e-05
247,6,16,0.26912603738912688,0.072428824000773731,1,-1,3,1,1,-1,1,953,0.030100066711140759,0.058065376917945291,0.027965310206804532,0.0059839181460289688,0.034520226005763696,0.028536307859734728,0.003879747741783901,0.00070607320256610385,0.003879747741783901,0.0038808389380802083,0.00493882912269108,0.0039434733303598283,0.0049968664982929581,0.058065376917945291,0.034520226005763696,0.039517092504056654,0.0049968664982929581,0,0,0,0,0,0.83568433091879524,-0.0082079024669196587,0.00036346261504580909,0.015469734965926654,0,0.02638493197178917
248,16,6,0.26912603738912688,0.072428824000773731,1,1,1,0,1,-1,1,1165,0.025510340226817876,0.060874471568144226,0.035364131341326349,0.0043592455952293297,0.045030020013342227,0.040670774418112898,0.0038494560516250287,0.00077463439090532456,0.0038494560516250287,0.003913736122338092,0.0049253810327899647,0.0039266232736240208,0.0049888672062541467,0.05790527018012008,0.034136637647165444,0.03912550485341959,0.0049888672062541467,0,0,0,0,0,0.44251134644478063,-2.7163109028506191e-05,0.00036346261504580909,0.005470375941742653,0,0.0039372431554306319
248,16,6,0.26912603738912688,0.072428824000773731,1,1,3,1,1,-1,1,953,0.030100066711140759,0.058065376917945291,0.027965310206804532,0.0059839181460289688,0.034520226005763696,0.028536307859734728,0.003879747741783901,0.00070607320256610385,0.003879747741783901,0.0038808389380802083,0.00493882912269108,0.0039434733303598283,0.0049968664982929581,0.058065376917945291,0.034520226005763696,0.039517092504056654,0.0049968664982929581,0,0,0,0,0,0.83568433091879524,-0.0082079024669196587,0.00036346261504580909,0.034946707734176921,0,0.02638493197178917
248,16,6,0.26912603738912688,0.072428824000773731,1,-1,1,0,1,-1,0,9,0.030681993373271141,0.030799281036847578,0.0001172876635764375,0.0062675516076727946,0.0063267794184842163,5.9227810811421713e-05,0.0027307864115473854,2.6343116499056453e-05,0.0027307864115473854,0.0027139235720376534,0.002776327694219022,0.0027309134708515992,0.002776426305132011,0.03079386257505003,0.0062675516076727946,0.0090439779128048056,0.002776426305132011,0,0,0,0,0,1,1.1700514057686839e-06,1.4305140801134362e-05,0.0028759592190715096,0.0010669461061439962,-4.5534959736633422e-06
248,16,6,0.26912603738912688,0.072428824000773731,1,-1,1,0,2,-1,1,1099,0.030815350042214806,0.057534656311857273,0.026719306269642466,0.006333441163921808,0.033275246016809368,0.026941804852887559,0.0039694525173124924,0.00079854716566004984,0.0039694525173124924,0.0039234249665788395,0.0053453480349793178,0.0040489789901877954,0.005538070994590652,0.053887547142307854,0.025617078052034691,0.031155149046625343,0.005538070994590652,0,0,0,0,0,0.60684704583103255,-6.8900922692688416e-06,0.00036346261504580909,0.0077982757699905057,0,5.7207957883655895e-05
248,16,6,0.26912603738912688,0.072428824000773731,1,-1,3,1,1,-1,1,953,0.030100066711140759,0.058065376917945291,0.027965310206804532,0.0059839181460289688,0.034520226005763696,0.028536307859734728,0.003879747741783901,0.00070607320256610385,0.003879747741783901,0.0038808389380802083,0.00493882912269108,0.0039434733303598283,0.0049968664982929581,0.058065376917945291,0.034520226005763696,0.039517092504056654,0.0049968664982929581,0,0,0,0,0,0.83568433091879524,-0.0082079024669196587,0.00036346261504580909,0.015469734965926654,0,0.02638493197178917
249,2,17,0.26942883424835778,0.072591896724429048,1,1,1,0,1,-1,1,1160,0.025510340226817876,0.060823268153823315,0.035312927927005439,0.0043601495093431109,0.044763175450300188,0.040403025940957078,0.0038567282056503772,0.00077638997288820093,0.0038567282056503772,0.0039212613349573384,0.0049343816290586947,0.0039340988602551055,0.0049970313544936557,0.05790527018012008,0.034128473498925935,0.03912550485341959,0.0049970313544936557,0,0,0,0,0,0.44062027231467471,-2.779559939959486e-05,0.00036019790255289362,0.0054240909949379475,0,0.0039428284744203413
249,2,17,0.26942883424835778,0.072591896724429048,1,1,3,1,1,-1,1,948,0.03020680453635757,0.058028204254029811,0.027821399717672241,0.0060295806705784709,0.03442294863242161,0.028393367961843139,0.0038895607606259054,0.00070358191854999052,0.0038895607606259054,0.0038914940180529156,0.0049450144424058821,0.0039526839522925758,0.0050025169342126988,0.058028204254029811,0.03442294863242161,0.039425465566634309,0.0050025169342126988,0,0,0,0,0,0.83447749809305871,-0.0082154633396248414,0.00036019790255289362,0.03492861735181535,0,0.026412175051453494
249,2,17,0.26942883424835778,0.072591896724429048,1,-1,1,0,1,-1,0,9,0.030828331095518254,0.030959784757024562,0.00013145366150630819,0.0063338872809720372,0.0064007583898747604,6.6871108902723242e-05,0.0027513131392875325,2.8844905918971543e-05,0.0027513131392875325,0.002737632433037966,0.0028003066584058448,0.0027514643408580986,0.0028004579176708379,0.030953969312875251,0.0063338872809720372,0.009134345198642875,0.0028004579176708379,0,0,0,0,0,1,8.5187175448017628e-07,1.5724583904342616e-05,0.0029073965896048905,0.00090093611682096118,-3.2467435463697307e-06
249,2,17,0.26942883424835778,0.072591896724429048,1,-1,1,0,2,-1,1,1094,0.030960926341117811,0.057481638191613178,0.026520711850495367,0.0063997800669668139,0.033147299086693963,0.026747519019727148,0.0039765770168535622,0.00079438307024689875,0.0039765770168535622,0.0039267433370340655,0.0053570698961586853,0.0040551460187350672,0.0055390377111478387,0.053726387906554193,0.025350233488992659,0.030889271200140497,0.0055390377111478387,0,0,0,0,0,0.60879243183082921,-7.6286840141091768e-06,0.00036019790255289362,0.0077778991215288872,0,5.6471022296519179e-05
249,2,17,0.26942883424835778,0.072591896724429048,1,-1,3,1,1,-1,1,948,0.03020680453635757,0.058028204254029811,0.027821399717672241,0.0060295806705784709,0.03442294863242161,0.028393367961843139,0.0038895607606259054,0.00070358191854999052,0.0038895607606259054,0.0038914940180529156,0.0049450144424058821,0.0039526839522925758,0.0050025169342126988,0.058028204254029811,0.03442294863242161,0.039425465566634309,0.0050025169342126988,0,0,0,0,0,0.83447749809305871,-0.0082154633396248414,0.00036019790255289362,0.015432899095430885,0,0.026412175051453494
250,17,2,0.26942883424835778,0.072591896724429048,1,1,1,0,1,-1,1,1160,0.025510340226817876,0.060823268153823315,0.035312927927005439,0.0043601495093431109,0.044763175450300188,0.040403025940957078,0.0038567282056503772,0.00077638997288820093,0.0038567282056503772,0.0039212613349573384,0.0049343816290586947,0.0039340988602551055,0.0049970313544936557,0.05790527018012008,0.034128473498925935,0.03912550485341959,0.0049970313544936557,0,0,0,0,0,0.44062027231467471,-2.779559939959486e-05,0.00036019790255289362,0.0054240909949379475,0,0.0039428284744203413
250,17,2,0.26942883424835778,0.072591896724429048,1,1,3,1,1,-1,1,948,0.03020680453635757,0.058028204254029811,0.027821399717672241,0.0060295806705784709,0.03442294863242161,0.028393367961843139,0.0038895607606259054,0.00070358191854999052,0.0038895607606259054,0.0038914940180529156,0.0049450144424058821,0.0039526839522925758,0.0050025169342126988,0.058028204254029811,0.03442294863242161,0.039425465566634309,0.0050025169342126988,0,0,0,0,0,0.83447749809305871,-0.0082154633396248414,0.00036019790255289362,0.03492861735181535,0,0.026412175051453494
250,17,2,0.26942883424835778,0.072591896724429048,1,-1,1,0,1,-1,0,9,0.030828331095518254,0.030959784757024562,0.00013145366150630819,0.0063338872809720372,0.0064007583898747604,6.6871108902723242e-05,0.0027513131392875325,2.8844905918971543e-05,0.0027513131392875325,0.002737632433037966,0.0028003066584058448,0.0027514643408580986,0.0028004579176708379,0.030953969312875251,0.0063338872809720372,0.009134345198642875,0.0028004579176708379,0,0,0,0,0,1,8.5187175448017628e-07,1.5724583904342616e-05,0.0029073965896048905,0.00090093611682096118,-3.2467435463697307e-06
250,17,2,0.26942883424835778,0.072591896724429048,1,-1,1,0,2,-1,1,1094,0.030960926341117811,0.057481638191613178,0.026520711850495367,0.0063997800669668139,0.033147299086693963,0.026747519019727148,0.0039765770168535622,0.00079438307024689875,0.0039765770168535622,0.0039267433370340655,0.0053570698961586853,0.0040551460187350672,0.0055390377111478387,0.053726387906554193,0.025350233488992659,0.030889271200140497,0.0055390377111478387,0,0,0,0,0,0.60879243183082921,-7.6286840141091768e-06,0.00036019790255289362,0.0077778991215288872,0,5.6471022296519179e-05
250,17,2,0.26942883424835778,0.072591896724429048,1,-1,3,1,1,-1,1,948,0.03020680453635757,0.058028204254029811,0.027821399717672241,0.0060295806705784709,0.03442294863242161,0.028393367961843139,0.0038895607606259054,0.00070358191854999052,0.0038895607606259054,0.0038914940180529156,0.0049450144424058821,0.0039526839522925758,0.0050025169342126988,0.058028204254029811,0.03442294863242161,0.039425465566634309,0.0050025169342126988,0,0,0,0,0,0.83447749809305871,-0.0082154633396248414,0.00036019790255289362,0.015432899095430885,0,0.026412175051453494
251,10,14,0.27114700108503015,0.073520696197405339,1,1,1,0,1,-1,1,1128,0.026097398265510337,0.060768469700410749,0.034671071434900412,0.0045586140969896584,0.04449633088725817,0.039937716790268515,0.0039082397945769337,0.00076818877866978289,0.0039082397945769337,0.0039748156288369543,0.0049696476733400961,0.0039830204985147801,0.0050378180414655874,0.057798532354903266,0.033830949785616717,0.038868767827082304,0.0050378180414655874,0,0,0,0,0,0.42927382753403931,-2.5849510615398098e-05,0.00034162701064057262,0.0051636555799031729,0,0.0039748199665988089
251,10,14,0.27114700108503015,0.073520696197405339,1,1,3,1,1,-1,1,923,0.03074049366244163,0.05782309070641127,0.02708259704396964,0.0062564942670899444,0.03388925950633756,0.027632765239247615,0.0039395390818031412,0.00069167917936982721,0.0039395390818031412,0.0039416392583812854,0.0049786418217879526,0.0039997985279546337,0.0050382801576838374,0.05782309070641127,0.03388925950633756,0.038927539664021397,0.0050382801576838374,0,0,0,0,0,0.82977099236641216,-0.0082585546158724862,0.00034162701064057262,0.034858838361117715,0,0.026567476633167844
251,10,14,0.27114700108503015,0.073520696197405339,1,-1,1,0,1,-1,0,9,0.031427385138141507,0.031549818853962755,0.00012243371582124768,0.0066007219068199658,0.0066628985730607677,6.2176666240801835e-05,0.0028225543794055783,2.7784194934587471e-05,0.0028225543794055783,0.0028053439784122862,0.0028706684081809472,0.0028226911248292416,0.0028712332827466134,0.031549818853962755,0.0066044029352901931,0.0094756362180368064,0.0028712332827466134,0,0,0,0,0,1,3.0409585815793999e-06,1.703844261816801e-05,0.0032905371188209484,0.0017337438133945295,-1.2023470441935221e-05
251,10,14,0.27114700108503015,0.073520696197405339,1,-1,1,0,2,-1,1,1074,0.031556939492780309,0.057320912937585101,0.025763973444804793,0.0066665254971194424,0.032745721944583167,0.026079196447463725,0.0040352265994154845,0.00078135273289866084,0.0040352265994154845,0.003986969761740726,0.0053723522609064669,0.0041101783175232758,0.0055283519400021394,0.053348687184495203,0.024749833222148097,0.030278185162150237,0.0055283519400021394,0,0,0,0,0,0.614065180102916,-7.0870188418570789e-06,0.00034162701064057262,0.0075992162617045163,0,5.3274206576128665e-05
251,10,14,0.27114700108503015,0.073520696197405339,1,-1,3,1,1,-1,1,923,0.03074049366244163,0.05782309070641127,0.02708259704396964,0.0062564942670899444,0.03388925950633756,0.027632765239247615,0.0039395390818031412,0.00069167917936982721,0.0039395390818031412,0.0039416392583812854,0.0049786418217879526,0.0039997985279546337,0.0050382801576838374,0.05782309070641127,0.03388925950633756,0.038927539664021397,0.0050382801576838374,0,0,0,0,0,0.82977099236641216,-0.0082585546158724862,0.00034162701064057262,0.0152223337537937,0,0.026567476633167844
252,14,10,0.27114700108503015,0.073520696197405339,1,1,1,0,1,-1,1,1128,0.026097398265510337,0.060768469700410749,0.034671071434900412,0.0045586140969896584,0.04449633088725817,0.039937716790268515,0.0039082397945769337,0.00076818877866978289,0.0039082397945769337,0.0039748156288369543,0.0049696476733400961,0.0039830204985147801,0.0050378180414655874,0.057798532354903266,0.033830949785616717,0.038868767827082304,0.0050378180414655874,0,0,0,0,0,0.42927382753403931,-2.5849510615398098e-05,0.00034162701064057262,0.0051636555799031729,0,0.0039748199665988089
252,14,10,0.27114700108503015,0.073520696197405339,1,1,3,1,1,-1,1,923,0.03074049366244163,0.05782309070641127,0.02708259704396964,0.0062564942670899444,0.03388925950633756,0.027632765239247615,0.0039395390818031412,0.00069167917936982721,0.0039395390818031412,0.0039416392583812854,0.0049786418217879526,0.0039997985279546337,0.0050382801576838374,0.05782309070641127,0.03388925950633756,0.038927539664021397,0.0050382801576838374,0,0,0,0,0,0.82977099236641216,-0.0082585546158724862,0.00034162701064057262,0.034858838361117715,0,0.026567476633167844
252,14,10,0.27114700108503015,0.073520696197405339,1,-1,1,0,1,-1,0,9,0.031427385138141507,0.031549818853962755,0.00012243371582124768,0.0066007219068199658,0.0066628985730607677,6.2176666240801835e-05,0.0028225543794055783,2.7784194934587471e-05,0.0028225543794055783,0.0028053439784122862,0.0028706684081809472,0.0028226911248292416,0.0028712332827466134,0.031549818853962755,0.0066044029352901931,0.0094756362180368064,0.0028712332827466134,0,0,0,0,0,1,3.0409585815793999e-06,1.703844261816801e-05,0.0032905371188209484,0.0017337438133945295,-1.2023470441935221e-05
252,14,10,0.27114700108503015,0.073520696197405339,1,-1,1,0,2,-1,1,1074,0.031556939492780309,0.057320912937585101,0.025763973444804793,0.0066665254971194424,0.032745721944583167,0.026079196447463725,0.0040352265994154845,0.00078135273289866084,0.0040352265994154845,0.003986969761740726,0.0053723522609064669,0.0041101783175232758,0.0055283519400021394,0.053348687184495203,0.024749833222148097,0.030278185162150237,0.0055283519400021394,0,0,0,0,0,0.614065180102916,-7.0870188418570789e-06,0.00034162701064057262,0.0075992162617045163,0,5.3274206576128665e-05
252,14,10,0.27114700108503015,0.073520696197405339,1,-1,3,1,1,-1,1,923,0.03074049366244163,0.05782309070641127,0.02708259704396964,0.0062564942670899444,0.03388925950633756,0.027632765239247615,0.0039395390818031412,0.00069167917936982721,0.0039395390818031412,0.0039416392583812854,0.0049786418217879526,0.0039997985279546337,0.0050382801576838374,0.05782309070641127,0.03388925950633756,0.038927539664021397,0.0050382801576838374,0,0,0,0,0,0.82977099236641216,-0.0082585546158724862,0.00034162701064057262,0.0152223337537937,0,0.026567476633167844
253,3,17,0.27173091654776677,0.073837691007889381,1,1,1,0,1,-1,1,1128,0.026097398265510344,0.060714727689542371,0.034617329424032027,0.004560498670851695,0.044229486324216145,0.039668987653364449,0.0039220962374710159,0.00077014317216585854,0.0039220962374710159,0.00399329768668567,0.004979461913898013,0.0039969937955440958,0.0050507344171346405,0.057745163442294863,0.033690918591319445,0.038741653008454086,0.0050507344171346405,0,0,0,0,0,0.42922028766086301,-2.601574159392177e-05,0.0003352901871260458,0.0050775553959245406,0,0.0039858076885146091
253,3,17,0.27173091654776677,0.073837691007889381,1,1,3,1,1,-1,1,916,0.030900600400266844,0.057772716629727966,0.026872116229461122,0.0063240422306721439,0.033755837224816537,0.027431794994144394,0.0039573316901858301,0.00068845542609132664,0.0039573316901858301,0.0039603554767832453,0.0049912414667531713,0.0040167704664149815,0.0050513394005632442,0.057772716629727966,0.033755837224816537,0.038807176625379781,0.0050513394005632442,0,0,0,0,0,0.82734912146676853,-0.0082732685840687676,0.0003352901871260458,0.034823353035118111,0,0.026620520802710955
253,3,17,0.27173091654776677,0.073837691007889381,1,-1,1,0,1,-1,0,9,0.031581727046540942,0.031707563820609623,0.00012583677406868138,0.0066674469429827419,0.0067329490302115731,6.5502087228831198e-05,0.0028471042118846592,2.8642194638353985e-05,0.0028471042118846592,0.0028314090474501992,0.002896172801459746,0.0028472482801197838,0.0028962051527577698,0.031707563820609623,0.0066711140760507001,0.0095673192288084699,0.0028962051527577698,0,0,0,0,0,1,1.8394047850536549e-06,1.661337178840441e-05,0.0031279177722314516,0.0013422659889398174,-7.2067119402583439e-06
253,3,17,0.27173091654776677,0.073837691007889381,1,-1,1,0,2,-1,1,1063,0.031710522042589097,0.057267475856552896,0.025556953813963799,0.0067332925787202255,0.032613055380976412,0.025879762802256186,0.0040479012717153,0.00077352761886648842,0.0040479012717153,0.0040006695426790355,0.0053677592949118941,0.0041211466465904366,0.0055235946602961578,0.053345706485379327,0.024749833222148097,0.030273427882444255,0.0055235946602961578,0,0,0,0,0,0.61268011527377519,-7.2682131960918829e-06,0.0003352901871260458,0.0075303931967627136,0,5.2108300346440382e-05
253,3,17,0.27173091654776677,0.073837691007889381,1,-1,3,1,1,-1,1,916,0.030900600400266844,0.057772716629727966,0.026872116229461122,0.0063240422306721439,0.033755837224816537,0.027431794994144394,0.0039573316901858301,0.00068845542609132664,0.0039573316901858301,0.0039603554767832453,0.0049912414667531713,0.0040167704664149815,0.0050513394005632442,0.057772716629727966,0.033755837224816537,0.038807176625379781,0.0050513394005632442,0,0,0,0,0,0.82734912146676853,-0.0082732685840687676,0.0003352901871260458,0.015150267432473573,0,0.026620520802710955
254,17,3,0.27173091654776677,0.073837691007889381,1,1,1,0,1,-1,1,1128,0.026097398265510344,0.060714727689542371,0.034617329424032027,0.004560498670851695,0.044229486324216145,0.039668987653364449,0.0039220962374710159,0.00077014317216585854,0.0039220962374710159,0.00399329768668567,0.004979461913898013,0.0039969937955440958,0.0050507344171346405,0.057745163442294863,0.033690918591319445,0.038741653008454086,0.0050507344171346405,0,0,0,0,0,0.42922028766086301,-2.601574159392177e-05,0.0003352901871260458,0.0050775553959245406,0,0.0039858076885146091
254,17,3,0.27173091654776677,0.073837691007889381,1,1,3,1,1,-1,1,916,0.030900600400266844,0.057772716629727966,0.026872116229461122,0.0063240422306721439,0.033755837224816537,0.027431794994144394,0.0039573316901858301,0.00068845542609132664,0.0039573316901858301,0.0039603554767832453,0.0049912414667531713,0.0040167704664149815,0.0050513394005632442,0.057772716629727966,0.033755837224816537,0.038807176625379781,0.0050513394005632442,0,0,0,0,0,0.82734912146676853,-0.0082732685840687676,0.0003352901871260458,0.034823353035118111,0,0.026620520802710955
254,17,3,0.27173091654776677,0.073837691007889381,1,-1,1,0,1,-1,0,9,0.031581727046540942,0.031707563820609623,0.00012583677406868138,0.0066674469429827419,0.0067329490302115731,6.5502087228831198e-05,0.0028471042118846592,2.8642194638353985e-05,0.0028471042118846592,0.0028314090474501992,0.002896172801459746,0.0028472482801197838,0.0028962051527577698,0.031707563820609623,0.0066711140760507001,0.0095673192288084699,0.0028962051527577698,0,0,0,0,0,1,1.8394047850536549e-06,1.661337178840441e-05,0.0031279177722314516,0.0013422659889398174,-7.2067119402583439e-06
254,17,3,0.27173091654776677,0.073837691007889381,1,-1,1,0,2,-1,1,1063,0.031710522042589097,0.057267475856552896,0.025556953813963799,0.0067332925787202255,0.032613055380976412,0.025879762802256186,0.0040479012717153,0.00077352761886648842,0.0040479012717153,0.0040006695426790355,0.0053677592949118941,0.0041211466465904366,0.0055235946602961578,0.053345706485379327,0.024749833222148097,0.030273427882444255,0.0055235946602961578,0,0,0,0,0,0.61268011527377519,-7.2682131960918829e-06,0.0003352901871260458,0.0075303931967627136,0,5.2108300346440382e-05
254,17,3,0.27173091654776677,0.073837691007889381,1,-1,3,1,1,-1,1,916,0.030900600400266844,0.057772716629727966,0.026872116229461122,0.0063240422306721439,0.033755837224816537,0.027431794994144394,0.0039573316901858301,0.00068845542609132664,0.0039573316901858301,0.0039603554767832453,0.0049912414667531713,0.0040167704664149815,0.0050513394005632442,0.057772716629727966,0.033755837224816537,0.038807176625379781,0.0050513394005632442,0,0,0,0,0,0.82734912146676853,-0.0082732685840687676,0.0003352901871260458,0.015150267432473573,0,0.026620520802710955
255,4,17,0.27492065821576572,0.075581368313789865,1,1,1,0,1,-1,1,1087,0.02705803869246164,0.060501912604175402,0.033443873911713759,0.0048984680609524735,0.043228819212808536,0.038330351151856061,0.0040180103244164258,0.00075364110478474587,0.0040180103244164258,0.0040998046121435185,0.0050417605505001855,0.0040880780180835791,0.0051151898899694931,0.057371581054036024,0.032758847241713157,0.03787403713168265,0.0051151898899694931,0,0,0,0,0,0.41461567588034837,-2.5413974686397411e-05,0.00030057287985320996,0.0046026829153065635,0,0.0040468621047050173
255,4,17,0.27492065821576572,0.075581368313789865,1,1,3,1,1,-1,1,868,0.031914609739826551,0.057371581054036024,0.025456971314209473,0.0067734734411932594,0.032758847241713157,0.025985373800519899,0.0040537348441717323,0.00066368754207449243,0.0040537348441717323,0.0040580117923491414,0.0050506381039136412,0.0041077058488110966,0.0051151898899694931,0.057371581054036024,0.032758847241713157,0.03787403713168265,0.0051151898899694931,0,0,0,0,0,0.81599081866870693,-0.0083542873065388986,0.00030057287985320996,0.03465917075000103,0,0.026912726770539529
255,4,17,0.27492065821576572,0.075581368313789865,1,-1,1,0,1,-1,0,9,0.03260258817167342,0.032720872394187549,0.0001182842225141284,0.0071346019695537315,0.0071987190964254832,6.411712687175164e-05,0.0029825509806601491,2.8499496405645955e-05,0.0029825509806601491,0.0029642497456730905,0.003031756201452766,0.0029826871397335979,0.003031762837051347,0.032715143428952632,0.0071346019695537315,0.010166364806605079,0.003031762837051347,0,0,0,0,0,1,1.8056846260616397e-06,1.654087485258545e-05,0.0031557950188960686,0.0013306219203478378,-7.0822187796406713e-06
255,4,17,0.27492065821576572,0.075581368313789865,1,-1,1,0,2,-1,1,1041,0.032726408986823996,0.056840631550996931,0.024114222564172935,0.0072004269578585965,0.031618952968707946,0.024418526010849349,0.0041535958853492413,0.00074967397604827027,0.0041535958853492413,0.0040997418091090546,0.005419656522828678,0.0042207072688299737,0.0054968345663558987,0.053048699132755166,0.024307507505754999,0.029804342072110898,0.0054968345663558987,0,0,0,0,0,0.63591936469150889,-6.6036278683437874e-06,0.00030057287985320996,0.0072183383272573275,0,4.6305248317759839e-05
255,4,17,0.27492065821576572,0.075581368313789865,1,-1,3,1,1,-1,1,868,0.031914609739826551,0.057371581054036024,0.025456971314209473,0.0067734734411932594,0.032758847241713157,0.025985373800519899,0.0040537348441717323,0.00066368754207449243,0.0040537348441717323,0.0040580117923491414,0.0050506381039136412,0.0041077058488110966,0.0051151898899694931,0.057371581054036024,0.032758847241713157,0.03787403713168265,0.0051151898899694931,0,0,0,0,0,0.81599081866870693,-0.0083542873065388986,0.00030057287985320996,0.01474315496594015,0,0.026912726770539529
256,17,4,0.27492065821576572,0.075581368313789865,1,1,1,0,1,-1,1,1087,0.02705803869246164,0.060501912604175402,0.033443873911713759,0.0048984680609524735,0.043228819212808536,0.038330351151856061,0.0040180103244164258,0.00075364110478474587,0.0040180103244164258,0.0040998046121435185,0.0050417605505001855,0.0040880780180835791,0.0051151898899694931,0.057371581054036024,0.032758847241713157,0.03787403713168265,0.0051151898899694931,0,0,0,0,0,0.41461567588034837,-2.5413974686397411e-05,0.00030057287985320996,0.0046026829153065635,0,0.0040468621047050173
256,17,4,0.27492065821576572,0.075581368313789865,1,1,3,1,1,-1,1,868,0.031914609739826551,0.057371581054036024,0.025456971314209473,0.0067734734411932594,0.032758847241713157,0.025985373800519899,0.0040537348441717323,0.00066368754207449243,0.0040537348441717323,0.0040580117923491414,0.0050506381039136412,0.0041077058488110966,0.0051151898899694931,0.057371581054036024,0.032758847241713157,0.03787403713168265,0.0051151898899694931,0,0,0,0,0,0.81599081866870693,-0.0083542873065388986,0.00030057287985320996,0.03465917075000103,0,0.026912726770539529
256,17,4,0.27492065821576572,0.075581368313789865,1,-1,1,0,1,-1,0,9,0.03260258817167342,0.032720872394187549,0.0001182842225141284,0.0071346019695537315,0.0071987190964254832,6.411712687175164e-05,0.0029825509806601491,2.8499496405645955e-05,0.0029825509806601491,0.0029642497456730905,0.003031756201452766,0.0029826871397335979,0.003031762837051347,0.032715143428952632,0.0071346019695537315,0.010166364806605079,0.003031762837051347,0,0,0,0,0,1,1.8056846260616397e-06,1.654087485258545e-05,0.0031557950188960686,0.0013306219203478378,-7.0822187796406713e-06
256,17,4,0.27492065821576572,0.075581368313789865,1,-1,1,0,2,-1,1,1041,0.032726408986823996,0.056840631550996931,0.024114222564172935,0.0072004269578585965,0.031618952968707946,0.024418526010849349,0.0041535958853492413,0.00074967397604827027,0.0041535958853492413,0.0040997418091090546,0.005419656522828678,0.0042207072688299737,0.0054968345663558987,0.053048699132755166,0.024307507505754999,0.029804342072110898,0.0054968345663558987,0,0,0,0,0,0.63591936469150889,-6.6036278683437874e-06,0.00030057287985320996,0.0072183383272573275,0,4.6305248317759839e-05
256,17,4,0.27492065821576572,0.075581368313789865,1,-1,3,1,1,-1,1,868,0.031914609739826551,0.057371581054036024,0.025456971314209473,0.0067734734411932594,0.032758847241713157,0.025985373800519899,0.0040537348441717323,0.00066368754207449243,0.0040537348441717323,0.0040580117923491414,0.0050506381039136412,0.0041077058488110966,0.0051151898899694931,0.057371581054036024,0.032758847241713157,0.03787403713168265,0.0051151898899694931,0,0,0,0,0,0.81599081866870693,-0.0083542873065388986,0.00030057287985320996,0.01474315496594015,0,0.026912726770539529
257,7,16,0.27506916811814802,0.075663047249209969,1,1,1,0,1,-1,1,1084,0.027058038692461643,0.060501631174100484,0.033443592481638841,0.0048987567969370378,0.043228819212808536,0.038330062415871502,0.0040190006281700793,0.00075368167752480728,0.0040190006281700793,0.0041013978864143687,0.0050440436329897099,0.0040890588306195961,0.0051050836053384216,0.057158105403602402,0.032289563689818584,0.037394647295157006,0.0051050836053384216,0,0,0,0,0,0.41303524062144753,-2.4914229808295507e-05,0.00029895356875769054,0.0045895080241408768,0,0.0040497471619973897
257,7,16,0.27506916811814802,0.075663047249209969,1,1,3,1,1,-1,1,865,0.031967978652434954,0.057341168092536018,0.025373189440101064,0.0067980777125334962,0.032688458972648431,0.025890381260114934,0.0040567722880270512,0.00066206667766899601,0.0040567722880270512,0.0040606502107264145,0.0050513331979034574,0.0041104420300721789,0.0051165809828895084,0.057341168092536018,0.032688458972648431,0.037805039955537939,0.0051165809828895084,0,0,0,0,0,0.8159203980099502,-0.0083580851621982612,0.00029895356875769054,0.034655823039777559,0,0.02692642987227975
257,7,16,0.27506916811814802,0.075663047249209969,1,-1,1,0,1,-1,1,1027,0.032732617529381343,0.056687104941102268,0.023954487411720925,0.007201420175209544,0.031286994872320853,0.024085574697111308,0.0041402437417464646,0.00074459716917842555,0.0041402437417464646,0.0040789773704844393,0.0054154133018176785,0.0042066665170202508,0.0054955039962010441,0.053048699132755173,0.024308838075909861,0.029804342072110905,0.0054955039962010441,0,0,0,0,0,0.63355953115360886,-6.1718223554110547e-06,0.00029895356875769054,0.0072138717391125196,0,4.6109824796993618e-05
257,7,16,0.27506916811814802,0.075663047249209969,1,-1,1,0,2,-1,0,17,0.056678043597378387,0.056840527983458185,0.00016248438607979754,0.031270290376692184,0.031614809470681064,0.00034451909398888064,0.0051405669318279092,6.5182747486322744e-05,0.0051405669318279092,0.0051462282918174618,0.005233198057853999,0.0051409801761116009,0.0052341226728543078,0.056787515695685471,0.031354236157438292,0.0365883588302926,0.0052341226728543078,0,0,0,0,0,1,2.5766053713050701e-07,6.7019044112592407e-05,0.0053283575511425775,0.00034159658113013837,-4.6675289695919678e-07
257,7,16,0.27506916811814802,0.075663047249209969,1,-1,3,1,1,-1,1,865,0.031967978652434954,0.057341168092536018,0.025373189440101064,0.0067980777125334962,0.032688458972648431,0.025890381260114934,0.0040567722880270512,0.00066206667766899601,0.0040567722880270512,0.0040606502107264145,0.0050513331979034574,0.0041104420300721789,0.0051165809828895084,0.057341168092536018,0.032688458972648431,0.037805039955537939,0.0051165809828895084,0,0,0,0,0,0.8159203980099502,-0.0083580851621982612,0.00029895356875769054,0.014726652589667683,0,0.02692642987227975
258,16,7,0.27506916811814802,0.075663047249209969,1,1,1,0,1,-1,1,1084,0.027058038692461643,0.060501631174100484,0.033443592481638841,0.0048987567969370378,0.043228819212808536,0.038330062415871502,0.0040190006281700793,0.00075368167752480728,0.0040190006281700793,0.0041013978864143687,0.0050440436329897099,0.0040890588306195961,0.0051050836053384216,0.057158105403602402,0.032289563689818584,0.037394647295157006,0.0051050836053384216,0,0,0,0,0,0.41303524062144753,-2.4914229808295507e-05,0.00029895356875769054,0.0045895080241408768,0,0.0040497471619973897
258,16,7,0.27506916811814802,0.075663047249209969,1,1,3,1,1,-1,1,865,0.031967978652434954,0.057341168092536018,0.025373189440101064,0.0067980777125334962,0.032688458972648431,0.025890381260114934,0.0040567722880270512,0.00066206667766899601,0.0040567722880270512,0.0040606502107264145,0.0050513331979034574,0.0041104420300721789,0.0051165809828895084,0.057341168092536018,0.032688458972648431,0.037805039955537939,0.0051165809828895084,0,0,0,0,0,0.8159203980099502,-0.0083580851621982612,0.00029895356875769054,0.034655823039777559,0,0.02692642987227975
258,16,7,0.27506916811814802,0.075663047249209969,1,-1,1,0,1,-1,1,1027,0.032732617529381343,0.056687104941102268,0.023954487411720925,0.007201420175209544,0.031286994872320853,0.024085574697111308,0.0041402437417464646,0.00074459716917842555,0.0041402437417464646,0.0040789773704844393,0.0054154133018176785,0.0042066665170202508,0.0054955039962010441,0.053048699132755173,0.024308838075909861,0.029804342072110905,0.0054955039962010441,0,0,0,0,0,0.63355953115360886,-6.1718223554110547e-06,0.00029895356875769054,0.0072138717391125196,0,4.6109824796993618e-05
258,16,7,0.27506916811814802,0.075663047249209969,1,-1,1,0,2,-1,0,17,0.056678043597378387,0.056840527983458185,0.00016248438607979754,0.031270290376692184,0.031614809470681064,0.00034451909398888064,0.0051405669318279092,6.5182747486322744e-05,0.0051405669318279092,0.0051462282918174618,0.005233198057853999,0.0051409801761116009,0.0052341226728543078,0.056787515695685471,0.031354236157438292,0.0365883588302926,0.0052341226728543078,0,0,0,0,0,1,2.5766053713050701e-07,6.7019044112592407e-05,0.0053283575511425775,0.00034159658113013837,-4.6675289695919678e-07
258,16,7,0.27506916811814802,0.075663047249209969,1,-1,3,1,1,-1,1,865,0.031967978652434954,0.057341168092536018,0.025373189440101064,0.0067980777125334962,0.032688458972648431,0.025890381260114934,0.0040567722880270512,0.00066206667766899601,0.0040567722880270512,0.0040606502107264145,0.0050513331979034574,0.0041104420300721789,0.0051165809828895084,0.057341168092536018,0.032688458972648431,0.037805039955537939,0.0051165809828895084,0,0,0,0,0,0.8159203980099502,-0.0083580851621982612,0.00029895356875769054,0.014726652589667683,0,0.02692642987227975
259,9,15,0.27562240211995054,0.075967708550371715,1,1,1,0,1,-1,1,1083,0.027218145430286854,0.060399820947478318,0.033181675517191464,0.0049579684968220784,0.042761841227484991,0.037803872730662914,0.0040399184130240698,0.0007477078428524569,0.0040399184130240698,0.0041212471084299367,0.0050495743051038591,0.0041085286663420017,0.0051166075289399635,0.057104736490993999,0.03215994606063266,0.037276553589572624,0.0051166075289399635,0,0,0,0,0,0.41265630920803337,-2.498995753272073e-05,0.00029291411149045762,0.0045067569782189258,0,0.0040605278719281846
259,9,15,0.27562240211995054,0.075967708550371715,1,1,3,1,1,-1,1,858,0.032128085390260172,0.057287245891228272,0.0251591605009681,0.006869795772156421,0.032555036691127415,0.025685240918970995,0.0040739210279670673,0.0006584665428601979,0.0040739210279670673,0.0040785125856638779,0.0050627850757352447,0.0041267918205524379,0.0051282502556102838,0.057287245891228272,0.032555036691127415,0.037683286946737699,0.0051282502556102838,0,0,0,0,0,0.81515499425947191,-0.0083722557884628752,0.00029291411149045762,0.034639506879531906,0,0.026977563108221414
259,9,15,0.27562240211995054,0.075967708550371715,1,-1,1,0,1,-1,0,7,0.032755775307382627,0.03287525016677785,0.00011947485939522301,0.007202413030460846,0.0072695389294023466,6.7125898941500575e-05,0.0029966086556973766,1.3544358927474642e-05,0.0029966086556973766,0.0029941908790581456,0.0030185624220988279,0.0029966392650866733,0.0030287945253066892,0.032821881254169447,0.007202413030460846,0.010231207555767535,0.0030287945253066892,0,0,0,0,0,0.77777777777777779,-6.0691149093820168e-07,1.5094586856813553e-05,0.0026387522766452374,0,2.5855991601218518e-06
259,9,15,0.27562240211995054,0.075967708550371715,1,-1,1,0,2,-1,1,1033,0.033001379219367133,0.056681861849523757,0.023680482630156624,0.0073338280666309635,0.031271446385727104,0.023937618319096139,0.0041782191767664092,0.00074334175364310583,0.0041782191767664092,0.0041150536795329165,0.0054372955877484168,0.0042438275709326097,0.0054915449898677859,0.053262174783188787,0.024648969463349504,0.03014051445321729,0.0054915449898677859,0,0,0,0,0,0.64281269446172995,-6.4512149737738723e-06,0.00029291411149045762,0.0071604952570164465,0,4.5521075203942398e-05
259,9,15,0.27562240211995054,0.075967708550371715,1,-1,1,0,3,-1,0,15,0.056685622366510577,0.0568401545771509,0.00015453221064032352,0.03127869366995386,0.031599354280260963,0.00032066061030710385,0.0051352108153018159,5.0018138250895765e-05,0.0051352108153018159,0.0050967646834170349,0.0052127520318137211,0.0051354544036284503,0.0052133138113985011,0.0568401545771509,0.031487658438959308,0.036700972250357809,0.0052133138113985011,0,0,0,0,0,0.88235294117647056,-1.4457060210099494e-06,5.8941745064587707e-05,0.0049417622884320427,0,6.2372715134861189e-06
259,9,15,0.27562240211995054,0.075967708550371715,1,-1,3,1,1,-1,1,858,0.032128085390260172,0.057287245891228272,0.0251591605009681,0.006869795772156421,0.032555036691127415,0.025685240918970995,0.0040739210279670673,0.0006584665428601979,0.0040739210279670673,0.0040785125856638779,0.0050627850757352447,0.0041267918205524379,0.0051282502556102838,0.057287245891228272,0.032555036691127415,0.037683286946737699,0.0051282502556102838,0,0,0,0,0,0.81515499425947191,-0.0083722557884628752,0.00029291411149045762,0.014657768511745694,0,0.026977563108221414
260,15,9,0.27562240211995054,0.075967708550371715,1,1,1,0,1,-1,1,1083,0.027218145430286854,0.060399820947478318,0.033181675517191464,0.0049579684968220784,0.042761841227484991,0.037803872730662914,0.0040399184130240698,0.0007477078428524569,0.0040399184130240698,0.0041212471084299367,0.0050495743051038591,0.0041085286663420017,0.0051166075289399635,0.057104736490993999,0.03215994606063266,0.037276553589572624,0.0051166075289399635,0,0,0,0,0,0.41265630920803337,-2.498995753272073e-05,0.00029291411149045762,0.0045067569782189258,0,0.0040605278719281846
260,15,9,0.27562240211995054,0.075967708550371715,1,1,3,1,1,-1,1,858,0.032128085390260172,0.057287245891228272,0.0251591605009681,0.006869795772156421,0.032555036691127415,0.025685240918970995,0.0040739210279670673,0.0006584665428601979,0.0040739210279670673,0.0040785125856638779,0.0050627850757352447,0.0041267918205524379,0.0051282502556102838,0.057287245891228272,0.032555036691127415,0.037683286946737699,0.0051282502556102838,0,0,0,0,0,0.81515499425947191,-0.0083722557884628752,0.00029291411149045762,0.034639506879531906,0,0.026977563108221414
260,15,9,0.27562240211995054,0.075967708550371715,1,-1,1,0,1,-1,0,7,0.032755775307382627,0.03287525016677785,0.00011947485939522301,0.007202413030460846,0.0072695389294023466,6.7125898941500575e-05,0.0029966086556973766,1.3544358927474642e-05,0.0029966086556973766,0.0029941908790581456,0.0030185624220988279,0.0029966392650866733,0.0030287945253066892,0.032821881254169447,0.007202413030460846,0.010231207555767535,0.0030287945253066892,0,0,0,0,0,0.77777777777777779,-6.0691149093820168e-07,1.5094586856813553e-05,0.0026387522766452374,0,2.5855991601218518e-06
260,15,9,0.27562240211995054,0.075967708550371715,1,-1,1,0,2,-1,1,1033,0.033001379219367133,0.056681861849523757,0.023680482630156624,0.0073338280666309635,0.031271446385727104,0.023937618319096139,0.0041782191767664092,0.00074334175364310583,0.0041782191767664092,0.0041150536795329165,0.0054372955877484168,0.0042438275709326097,0.0054915449898677859,0.053262174783188787,0.024648969463349504,0.03014051445321729,0.0054915449898677859,0,0,0,0,0,0.64281269446172995,-6.4512149737738723e-06,0.00029291411149045762,0.0071604952570164465,0,4.5521075203942398e-05
260,15,9,0.27562240211995054,0.075967708550371715,1,-1,1,0,3,-1,0,15,0.056685622366510577,0.0568401545771509,0.00015453221064032352,0.03127869366995386,0.031599354280260963,0.00032066061030710385,0.0051352108153018159,5.0018138250895765e-05,0.0051352108153018159,0.0050967646834170349,0.0052127520318137211,0.0051354544036284503,0.0052133138113985011,0.0568401545771509,0.031487658438959308,0.036700972250357809,0.0052133138113985011,0,0,0,0,0,0.88235294117647056,-1.4457060210099494e-06,5.8941745064587707e-05,0.0049417622884320427,0,6.2372715134861189e-06
260,15,9,0.27562240211995054,0.075967708550371715,1,-1,3,1,1,-1,1,858,0.032128085390260172,0.057287245891228272,0.0251591605009681,0.006869795772156421,0.032555036691127415,0.025685240918970995,0.0040739210279670673,0.0006584665428601979,0.0040739210279670673,0.0040785125856638779,0.0050627850757352447,0.0041267918205524379,0.0051282502556102838,0.057287245891228272,0.032555036691127415,0.037683286946737699,0.0051282502556102838,0,0,0,0,0,0.81515499425947191,-0.0083722557884628752,0.00029291411149045762,0.014657768511745694,0,0.026977563108221414
261,12,13,0.27884215903376269,0.077752949654610215,1,1,1,0,1,-1,1,1032,0.02812541694462975,0.060179586911464009,0.032054169966834259,0.0052963953793052423,0.041827885256837893,0.036531489877532651,0.0041307865210117589,0.00073381095521481761,0.0041307865210117589,0.0042147695901664645,0.0051144438310536241,0.0041954589498844714,0.0051786637831175222,0.056731154102735153,0.031289794190522906,0.036468457973640428,0.0051786637831175222,0,0,0,0,0,0.3937784522003035,-2.3562127313247525e-05,0.00025759333689387686,0.0039971598426972255,0,0.0041243079098572969
261,12,13,0.27884215903376269,0.077752949654610215,1,1,3,1,1,-1,1,805,0.033248832555036689,0.056837891927951967,0.023589059372915278,0.0074001731801649354,0.031509680449575847,0.024109507269410912,0.0041737996249145738,0.00062827278414447519,0.0041737996249145738,0.0041797536997538083,0.0051186517692999528,0.004220821010210418,0.0051864385141021513,0.056837891927951967,0.031509680449575847,0.036696118963677998,0.0051864385141021513,0,0,0,0,0,0.80253067484662577,-0.008455368109073028,0.00025759333689387686,0.034483816039100605,0,0.027277603205349384
261,12,13,0.27884215903376269,0.077752949654610215,1,-1,1,0,1,-1,1,1002,0.033973911633035175,0.056253474746183571,0.022279563113148396,0.0078023259411886476,0.03033388569691188,0.022531559755723234,0.0042788466230351775,0.0007093805174326743,0.0042788466230351775,0.0042286958648773947,0.0054328338393430159,0.0043372513348862544,0.0054634017577845431,0.0530968154233845,0.024416277518345561,0.029879679276130104,0.0054634017577845431,0,0,0,0,0,0.66226040978189027,-5.7649596719761578e-06,0.00025759333689387686,0.0067882967311804461,0,3.8864095822545427e-05
261,12,13,0.27884215903376269,0.077752949654610215,1,-1,3,1,1,-1,1,805,0.033248832555036689,0.056837891927951967,0.023589059372915278,0.0074001731801649354,0.031509680449575847,0.024109507269410912,0.0041737996249145738,0.00062827278414447519,0.0041737996249145738,0.0041797536997538083,0.0051186517692999528,0.004220821010210418,0.0051864385141021513,0.056837891927951967,0.031509680449575847,0.036696118963677998,0.0051864385141021513,0,0,0,0,0,0.80253067484662577,-0.008455368109073028,0.00025759333689387686,0.014244771914511442,0,0.027277603205349384
262,13,12,0.27884215903376269,0.077752949654610215,1,1,1,0,1,-1,1,1032,0.02812541694462975,0.060179586911464009,0.032054169966834259,0.0052963953793052423,0.041827885256837893,0.036531489877532651,0.0041307865210117589,0.00073381095521481761,0.0041307865210117589,0.0042147695901664645,0.0051144438310536241,0.0041954589498844714,0.0051786637831175222,0.056731154102735153,0.031289794190522906,0.036468457973640428,0.0051786637831175222,0,0,0,0,0,0.3937784522003035,-2.3562127313247525e-05,0.00025759333689387686,0.0039971598426972255,0,0.0041243079098572969
262,13,12,0.27884215903376269,0.077752949654610215,1,1,3,1,1,-1,1,805,0.033248832555036689,0.056837891927951967,0.023589059372915278,0.0074001731801649354,0.031509680449575847,0.024109507269410912,0.0041737996249145738,0.00062827278414447519,0.0041737996249145738,0.0041797536997538083,0.0051186517692999528,0.004220821010210418,0.0051864385141021513,0.056837891927951967,0.031509680449575847,0.036696118963677998,0.0051864385141021513,0,0,0,0,0,0.80253067484662577,-0.008455368109073028,0.00025759333689387686,0.034483816039100605,0,0.027277603205349384
262,13,12,0.27884215903376269,0.077752949654610215,1,-1,1,0,1,-1,1,1002,0.033973911633035175,0.056253474746183571,0.022279563113148396,0.0078023259411886476,0.03033388569691188,0.022531559755723234,0.0042788466230351775,0.0007093805174326743,0.0042788466230351775,0.0042286958648773947,0.0054328338393430159,0.0043372513348862544,0.0054634017577845431,0.0530968154233845,0.024416277518345561,0.029879679276130104,0.0054634017577845431,0,0,0,0,0,0.66226040978189027,-5.7649596719761578e-06,0.00025759333689387686,0.0067882967311804461,0,3.8864095822545427e-05
262,13,12,0.27884215903376269,0.077752949654610215,1,-1,3,1,1,-1,1,805,0.033248832555036689,0.056837891927951967,0.023589059372915278,0.0074001731801649354,0.031509680449575847,0.024109507269410912,0.0041737996249145738,0.00062827278414447519,0.0041737996249145738,0.0041797536997538083,0.0051186517692999528,0.004220821010210418,0.0051864385141021513,0.056837891927951967,0.031509680449575847,0.036696118963677998,0.0051864385141021513,0,0,0,0,0,0.80253067484662577,-0.008455368109073028,0.00025759333689387686,0.014244771914511442,0,0.027277603205349384
263,5,17,0.27896683329957028,0.077822494081190227,1,1,1,0,1,-1,1,1030,0.028125416944629757,0.060179375560671447,0.03205395861604169,0.0052967299990764414,0.041827885256837893,0.036531155257761454,0.004134097381121412,0.00073313612983530614,0.004134097381121412,0.004218466205778551,0.0051163728471250482,0.0041986009266736478,0.0051809853821296464,0.056731178817591939,0.031287525016677781,0.036468510398807427,0.0051809853821296464,0,0,0,0,0,0.39301972685887709,-2.3967376340601623e-05,0.00025622212914924768,0.0039745201774084547,0,0.0041268131488360234
263,5,17,0.27896683329957028,0.077822494081190227,1,1,3,1,1,-1,1,803,0.033262706012375874,0.056828826424691475,0.023566120412315601,0.0074049366244162773,0.031487658438959308,0.024082721814543032,0.0041774316496889308,0.00062712142916772936,0.0041774316496889308,0.0041832604047343687,0.0051201917681086284,0.004224241526563575,0.0051890268590057201,0.056828826424691475,0.031487658438959308,0.036676685297965028,0.0051890268590057201,0,0,0,0,0,0.80176380368098155,-0.0084586088348709686,0.00025622212914924768,0.034469568423749687,0,0.027289307094694903
263,5,17,0.27896683329957028,0.077822494081190227,1,-1,1,0,1,-1,0,13,0.033979036356713829,0.034216078922403907,0.00023704256569007792,0.0078025510341986279,0.0079364645181334674,0.00013391348393483951,0.0031727643097918283,2.8987852575073497e-05,0.0031727643097918283,0.0031584280382383149,0.0032311207375933159,0.0031728967302901193,0.0032314207449041111,0.034216078922403907,0.007871914609739827,0.011103335354643938,0.0032314207449041111,0,0,0,0,0,0.8666666666666667,-5.9380855716798246e-07,1.8971775917635405e-05,0.0029421044673227674,0,2.5550928741011405e-06
263,5,17,0.27896683329957028,0.077822494081190227,1,-1,1,0,2,-1,1,996,0.034213249469232293,0.056253375867319842,0.022040126398087549,0.0079345504696554051,0.030330355824869953,0.02239580535521455,0.0043018540229127081,0.00070521870498817273,0.0043018540229127081,0.0042551581302098865,0.0054336990815591129,0.0043592753361442358,0.0054606996560072549,0.053102068045363576,0.024427218995898066,0.029887918651905321,0.0054606996560072549,0,0,0,0,0,0.6644429619746498,-5.7199313192441944e-06,0.00025622212914924768,0.0068046225148340042,0,3.966743346517374e-05
263,5,17,0.27896683329957028,0.077822494081190227,1,-1,3,1,1,-1,1,803,0.033262706012375874,0.056828826424691475,0.023566120412315601,0.0074049366244162773,0.031487658438959308,0.024082721814543032,0.0041774316496889308,0.00062712142916772936,0.0041774316496889308,0.0041832604047343687,0.0051201917681086284,0.004224241526563575,0.0051890268590057201,0.056828826424691475,0.031487658438959308,0.036676685297965028,0.0051890268590057201,0,0,0,0,0,0.80176380368098155,-0.0084586088348709686,0.00025622212914924768,0.014225719655121637,0,0.027289307094694903
264,17,5,0.27896683329957028,0.077822494081190227,1,1,1,0,1,-1,1,1030,0.028125416944629757,0.060179375560671447,0.03205395861604169,0.0052967299990764414,0.041827885256837893,0.036531155257761454,0.004134097381121412,0.00073313612983530614,0.004134097381121412,0.004218466205778551,0.0051163728471250482,0.0041986009266736478,0.0051809853821296464,0.056731178817591939,0.031287525016677781,0.036468510398807427,0.0051809853821296464,0,0,0,0,0,0.39301972685887709,-2.3967376340601623e-05,0.00025622212914924768,0.0039745201774084547,0,0.0041268131488360234
264,17,5,0.27896683329957028,0.077822494081190227,1,1,3,1,1,-1,1,803,0.033262706012375874,0.056828826424691475,0.023566120412315601,0.0074049366244162773,0.031487658438959308,0.024082721814543032,0.0041774316496889308,0.00062712142916772936,0.0041774316496889308,0.0041832604047343687,0.0051201917681086284,0.004224241526563575,0.0051890268590057201,0.056828826424691475,0.031487658438959308,0.036676685297965028,0.0051890268590057201,0,0,0,0,0,0.80176380368098155,-0.0084586088348709686,0.00025622212914924768,0.034469568423749687,0,0.027289307094694903
264,17,5,0.27896683329957028,0.077822494081190227,1,-1,1,0,1,-1,0,13,0.033979036356713829,0.034216078922403907,0.00023704256569007792,0.0078025510341986279,0.0079364645181334674,0.00013391348393483951,0.0031727643097918283,2.8987852575073497e-05,0.0031727643097918283,0.0031584280382383149,0.0032311207375933159,0.0031728967302901193,0.0032314207449041111,0.034216078922403907,0.007871914609739827,0.011103335354643938,0.0032314207449041111,0,0,0,0,0,0.8666666666666667,-5.9380855716798246e-07,1.8971775917635405e-05,0.0029421044673227674,0,2.5550928741011405e-06
264,17,5,0.27896683329957028,0.077822494081190227,1,-1,1,0,2,-1,1,996,0.034213249469232293,0.056253375867319842,0.022040126398087549,0.0079345504696554051,0.030330355824869953,0.02239580535521455,0.0043018540229127081,0.00070521870498817273,0.0043018540229127081,0.0042551581302098865,0.0054336990815591129,0.0043592753361442358,0.0054606996560072549,0.053102068045363576,0.024427218995898066,0.029887918651905321,0.0054606996560072549,0,0,0,0,0,0.6644429619746498,-5.7199313192441944e-06,0.00025622212914924768,0.0068046225148340042,0,3.966743346517374e-05
264,17,5,0.27896683329957028,0.077822494081190227,1,-1,3,1,1,-1,1,803,0.033262706012375874,0.056828826424691475,0.023566120412315601,0.0074049366244162773,0.031487658438959308,0.024082721814543032,0.0041774316496889308,0.00062712142916772936,0.0041774316496889308,0.0041832604047343687,0.0051201917681086284,0.004224241526563575,0.0051890268590057201,0.056828826424691475,0.031487658438959308,0.036676685297965028,0.0051890268590057201,0,0,0,0,0,0.80176380368098155,-0.0084586088348709686,0.00025622212914924768,0.014225719655121637,0,0.027289307094694903
265,11,14,0.28058947921871885,0.078730455848231851,1,1,1,0,1,-1,1,1000,0.028659106070713807,0.059965818010561611,0.031306711939847805,0.0055007007672063703,0.0409606404269513,0.035459939659744928,0.0041885513603465117,0.0007130728750398916,0.0041885513603465117,0.004277973100543361,0.0051426130871775515,0.0042488157671730451,0.00520665254934859,0.056464309539693121,0.030703345382353076,0.035909997931701666,0.00520665254934859,0,0,0,0,0,0.38239757207890746,-2.2433324943646541e-05,0.00023832385700014175,0.0037192744489285496,0,0.0041596605767190379
265,11,14,0.28058947921871885,0.078730455848231851,1,1,3,1,1,-1,1,775,0.03383589059372915,0.056571047364909935,0.022735156771180785,0.0076864524554672445,0.030916668808991014,0.023230216353523771,0.004227509753419365,0.00061031882141068512,0.004227509753419365,0.0042340563156612263,0.0051464668595476402,0.0042713379378157366,0.0052149199029947954,0.056571047364909935,0.030916668808991014,0.03613158871198581,0.0052149199029947954,0,0,0,0,0,0.79623944742900998,-0.0085009338652269357,0.00023832385700014175,0.034360333395876401,0,0.027442197315167643
265,11,14,0.28058947921871885,0.078730455848231851,1,-1,1,0,1,-1,0,15,0.034626245570973074,0.034857985243672687,0.00023173967269961293,0.008135157247200181,0.0082694251938203872,0.00013426794662020625,0.0032627375462223143,3.2896443384608954e-05,0.0032627375462223143,0.0032424674181397422,0.0033145484140708475,0.0032629033806590357,0.0033155912066518238,0.034857985243672687,0.0082054703135423616,0.011521061520194185,0.0033155912066518238,0,0,0,0,0,1,8.8280903906987822e-07,2.0125192001353443e-05,0.003252805596430112,0.00091711185942872542,-3.3643766508192572e-06
265,11,14,0.28058947921871885,0.078730455848231851,1,-1,1,0,2,-1,1,979,0.034854596721540246,0.055933427069083441,0.021078830347543195,0.0082672547057509437,0.029673946187286068,0.021406691481535123,0.0043601998170858724,0.0006850409668371115,0.0043601998170858724,0.0043215451193152066,0.0054240504386832067,0.0044136859393437596,0.0054479332840134849,0.053048699132755166,0.024356408788097413,0.029804342072110898,0.0054479332840134849,0,0,0,0,0,0.68318213538032102,-5.7258969704124046e-06,0.00023832385700014175,0.0066386533030835465,0,3.6052825041640631e-05
265,11,14,0.28058947921871885,0.078730455848231851,1,-1,3,1,1,-1,1,775,0.03383589059372915,0.056571047364909935,0.022735156771180785,0.0076864524554672445,0.030916668808991014,0.023230216353523771,0.004227509753419365,0.00061031882141068512,0.004227509753419365,0.0042340563156612263,0.0051464668595476402,0.0042713379378157366,0.0052149199029947954,0.056571047364909935,0.030916668808991014,0.03613158871198581,0.0052149199029947954,0,0,0,0,0,0.79623944742900998,-0.0085009338652269357,0.00023832385700014175,0.014005656747443513,0,0.027442197315167643
266,14,11,0.28058947921871885,0.078730455848231851,1,1,1,0,1,-1,1,1000,0.028659106070713807,0.059965818010561611,0.031306711939847805,0.0055007007672063703,0.0409606404269513,0.035459939659744928,0.0041885513603465117,0.0007130728750398916,0.0041885513603465117,0.004277973100543361,0.0051426130871775515,0.0042488157671730451,0.00520665254934859,0.056464309539693121,0.030703345382353076,0.035909997931701666,0.00520665254934859,0,0,0,0,0,0.38239757207890746,-2.2433324943646541e-05,0.00023832385700014175,0.0037192744489285496,0,0.0041596605767190379
266,14,11,0.28058947921871885,0.078730455848231851,1,1,3,1,1,-1,1,775,0.03383589059372915,0.056571047364909935,0.022735156771180785,0.0076864524554672445,0.030916668808991014,0.023230216353523771,0.004227509753419365,0.00061031882141068512,0.004227509753419365,0.0042340563156612263,0.0051464668595476402,0.0042713379378157366,0.0052149199029947954,0.056571047364909935,0.030916668808991014,0.03613158871198581,0.0052149199029947954,0,0,0,0,0,0.79623944742900998,-0.0085009338652269357,0.00023832385700014175,0.034360333395876401,0,0.027442197315167643
266,14,11,0.28058947921871885,0.078730455848231851,1,-1,1,0,1,-1,0,15,0.034626245570973074,0.034857985243672687,0.00023173967269961293,0.008135157247200181,0.0082694251938203872,0.00013426794662020625,0.0032627375462223143,3.2896443384608954e-05,0.0032627375462223143,0.0032424674181397422,0.0033145484140708475,0.0032629033806590357,0.0033155912066518238,0.034857985243672687,0.0082054703135423616,0.011521061520194185,0.0033155912066518238,0,0,0,0,0,1,8.8280903906987822e-07,2.0125192001353443e-05,0.003252805596430112,0.00091711185942872542,-3.3643766508192572e-06
266,14,11,0.28058947921871885,0.078730455848231851,1,-1,1,0,2,-1,1,979,0.034854596721540246,0.055933427069083441,0.021078830347543195,0.0082672547057509437,0.029673946187286068,0.021406691481535123,0.0043601998170858724,0.0006850409668371115,0.0043601998170858724,0.0043215451193152066,0.0054240504386832067,0.0044136859393437596,0.0054479332840134849,0.053048699132755166,0.024356408788097413,0.029804342072110898,0.0054479332840134849,0,0,0,0,0,0.68318213538032102,-5.7258969704124046e-06,0.00023832385700014175,0.0066386533030835465,0,3.6052825041640631e-05
266,14,11,0.28058947921871885,0.078730455848231851,1,-1,3,1,1,-1,1,775,0.03383589059372915,0.056571047364909935,0.022735156771180785,0.0076864524554672445,0.030916668808991014,0.023230216353523771,0.004227509753419365,0.00061031882141068512,0.004227509753419365,0.0042340563156612263,0.0051464668595476402,0.0042713379378157366,0.0052149199029947954,0.056571047364909935,0.030916668808991014,0.03613158871198581,0.0052149199029947954,0,0,0,0,0,0.79623944742900998,-0.0085009338652269357,0.00023832385700014175,0.014005656747443513,0,0.027442197315167643
267,8,16,0.28176705275186092,0.079392672016469962,1,1,1,0,1,-1,1,1000,0.028979319546364242,0.059912981373796276,0.030933661827432034,0.0056290103920786632,0.04076050700466978,0.035131496612591115,0.0042172755505758552,0.00071571531102289962,0.0042172755505758552,0.0043067061325030905,0.0051606322453385837,0.0042775765891351946,0.0052268932219163497,0.05630420280186791,0.03035505123608024,0.035581944457996589,0.0052268932219163497,0,0,0,0,0,0.38254269449715372,-2.223726984882186e-05,0.00022531415902626845,0.0035578240905916846,0,0.004183779031703562
267,8,16,0.28176705275186092,0.079392672016469962,1,1,3,1,1,-1,1,753,0.034316210807204803,0.056371320178420593,0.022055109371215791,0.0079318276913169349,0.030486991327551699,0.022555163636234762,0.0042647889707797294,0.00059658695593751726,0.0042647889707797294,0.004272461541130583,0.0051630131614821871,0.0043063140806586806,0.0052318514094134017,0.056371320178420593,0.030486991327551699,0.035718842736965101,0.0052318514094134017,0,0,0,0,0,0.79224270353302606,-0.0085318254900608233,0.00022531415902626845,0.034300146008840487,0,0.027553824903503527
267,8,16,0.28176705275186092,0.079392672016469962,1,-1,1,0,1,-1,1,973,0.035240391973410362,0.055667201466733679,0.020426809493323317,0.0084679163152127056,0.029146727242458263,0.020678810927245557,0.0043967235310164721,0.00066503312872834481,0.0043967235310164721,0.0043656445694647064,0.0054090147206703855,0.0044467344052124547,0.0054360373848643256,0.053529019346230819,0.025131843630651581,0.030567881015515906,0.0054360373848643256,0,0,0,0,0,0.70151405912040377,-4.9804189075587706e-06,0.00022531415902626845,0.0065041651512236561,0,3.4032437862440108e-05
267,8,16,0.28176705275186092,0.079392672016469962,1,-1,1,0,2,-1,0,11,0.055667058734420335,0.055773189686332249,0.0001061309519119133,0.029146473053029167,0.029342594180447362,0.00019612112741819454,0.0052330721246032054,5.4528763528263398e-05,0.0052330721246032054,0.0052417284715198138,0.0053090668896381352,0.0052333562125419127,0.0053094597257400677,0.055773189686332249,0.029219479653102065,0.034528939378842133,0.0053094597257400677,0,0,0,0,0,1,9.713845780950247e-07,5.373466875899394e-05,0.0049517319352591809,0.00093623314899186981,-3.5061300370849309e-06
267,8,16,0.28176705275186092,0.079392672016469962,1,-1,3,1,1,-1,1,753,0.034316210807204803,0.056371320178420593,0.022055109371215791,0.0079318276913169349,0.030486991327551699,0.022555163636234762,0.0042647889707797294,0.00059658695593751726,0.0042647889707797294,0.004272461541130583,0.0051630131614821871,0.0043063140806586806,0.0052318514094134017,0.056371320178420593,0.030486991327551699,0.035718842736965101,0.0052318514094134017,0,0,0,0,0,0.79224270353302606,-0.0085318254900608233,0.00022531415902626845,0.013851195722086544,0,0.027553824903503527
268,16,8,0.28176705275186092,0.079392672016469962,1,1,1,0,1,-1,1,1000,0.028979319546364242,0.059912981373796276,0.030933661827432034,0.0056290103920786632,0.04076050700466978,0.035131496612591115,0.0042172755505758552,0.00071571531102289962,0.0042172755505758552,0.0043067061325030905,0.0051606322453385837,0.0042775765891351946,0.0052268932219163497,0.05630420280186791,0.03035505123608024,0.035581944457996589,0.0052268932219163497,0,0,0,0,0,0.38254269449715372,-2.223726984882186e-05,0.00022531415902626845,0.0035578240905916846,0,0.004183779031703562
268,16,8,0.28176705275186092,0.079392672016469962,1,1,3,1,1,-1,1,753,0.034316210807204803,0.056371320178420593,0.022055109371215791,0.0079318276913169349,0.030486991327551699,0.022555163636234762,0.0042647889707797294,0.00059658695593751726,0.0042647889707797294,0.004272461541130583,0.0051630131614821871,0.0043063140806586806,0.0052318514094134017,0.056371320178420593,0.030486991327551699,0.035718842736965101,0.0052318514094134017,0,0,0,0,0,0.79224270353302606,-0.0085318254900608233,0.00022531415902626845,0.034300146008840487,0,0.027553824903503527
268,16,8,0.28176705275186092,0.079392672016469962,1,-1,1,0,1,-1,1,973,0.035240391973410362,0.055667201466733679,0.020426809493323317,0.0084679163152127056,0.029146727242458263,0.020678810927245557,0.0043967235310164721,0.00066503312872834481,0.0043967235310164721,0.0043656445694647064,0.0054090147206703855,0.0044467344052124547,0.0054360373848643256,0.053529019346230819,0.025131843630651581,0.030567881015515906,0.0054360373848643256,0,0,0,0,0,0.70151405912040377,-4.9804189075587706e-06,0.00022531415902626845,0.0065041651512236561,0,3.4032437862440108e-05
268,16,8,0.28176705275186092,0.079392672016469962,1,-1,1,0,2,-1,0,11,0.055667058734420335,0.055773189686332249,0.0001061309519119133,0.029146473053029167,0.029342594180447362,0.00019612112741819454,0.0052330721246032054,5.4528763528263398e-05,0.0052330721246032054,0.0052417284715198138,0.0053090668896381352,0.0052333562125419127,0.0053094597257400677,0.055773189686332249,0.029219479653102065,0.034528939378842133,0.0053094597257400677,0,0,0,0,0,1,9.713845780950247e-07,5.373466875899394e-05,0.0049517319352591809,0.00093623314899186981,-3.5061300370849309e-06
268,16,8,0.28176705275186092,0.079392672016469962,1,-1,3,1,1,-1,1,753,0.034316210807204803,0.056371320178420593,0.022055109371215791,0.0079318276913169349,0.030486991327551699,0.022555163636234762,0.0042647889707797294,0.00059658695593751726,0.0042647889707797294,0.004272461541130583,0.0051630131614821871,0.0043063140806586806,0.0052318514094134017,0.056371320178420593,0.030486991327551699,0.035718842736965101,0.0052318514094134017,0,0,0,0,0,0.79224270353302606,-0.0085318254900608233,0.00022531415902626845,0.013851195722086544,0,0.027553824903503527
269,0,18,0.28320903884990323,0.080207359686285992,1,1,1,0,1,-1,1,966,0.029299533022014677,0.059807278603216968,0.03050774558120229,0.005758741307330212,0.040360240160106739,0.034601498852776524,0.0042737068145554322,0.00069565895698722507,0.0042737068145554322,0.0043753884910604172,0.0051819849856422559,0.0043299551176904918,0.0052407594743984036,0.055983989326217475,0.02969998540736216,0.034940744881760563,0.0052407594743984036,0,0,0,0,0,0.36977980258162491,-2.0187831311847311e-05,0.00020933610024515917,0.0033289837531289236,0,0.004213634225579457
269,0,18,0.28320903884990323,0.080207359686285992,1,1,3,1,1,-1,1,726,0.034847198885847877,0.056117034721085299,0.021269835835237422,0.0082054703135423616,0.029953302201467642,0.021747831887925281,0.0043086561661033343,0.00057945618317986343,0.0043086561661033343,0.0043155736744228609,0.0051826695050262344,0.0043474460808531779,0.0052515040860364806,0.056117034721085299,0.029953302201467642,0.035204806287504123,0.0052515040860364806,0,0,0,0,0,0.78508266051518649,-0.0085698558434879456,0.00020933610024515917,0.034262569086985203,0,0.027691292434056106
269,0,18,0.28320903884990323,0.080207359686285992,1,-1,1,0,1,-1,1,992,0.035631416658432162,0.05545614806789248,0.019824731409460318,0.0086695920274314584,0.028719839728348899,0.020050247700917442,0.0044296253748855761,0.00063941135974177109,0.0044296253748855761,0.0044042762037656835,0.0053924623146662373,0.0044755365989786076,0.0054245711587524309,0.053114581636818058,0.024482988659106066,0.029907559817858496,0.0054245711587524309,0,0,0,0,0,0.73645137342242017,-5.0296942127553239e-06,0.00020933610024515917,0.0063359788160452599,0,3.0659680630410111e-05
269,0,18,0.28320903884990323,0.080207359686285992,1,-1,3,1,1,-1,1,726,0.034847198885847877,0.056117034721085299,0.021269835835237422,0.0082054703135423616,0.029953302201467642,0.021747831887925281,0.0043086561661033343,0.00057945618317986343,0.0043086561661033343,0.0043155736744228609,0.0051826695050262344,0.0043474460808531779,0.0052515040860364806,0.056117034721085299,0.029953302201467642,0.035204806287504123,0.0052515040860364806,0,0,0,0,0,0.78508266051518649,-0.0085698558434879456,0.00020933610024515917,0.013670160770880615,0,0.027691292434056106
270,18,0,0.28320903884990323,0.080207359686285992,1,1,1,0,1,-1,1,966,0.029299533022014677,0.059807278603216968,0.03050774558120229,0.005758741307330212,0.040360240160106739,0.034601498852776524,0.0042737068145554322,0.00069565895698722507,0.0042737068145554322,0.0043753884910604172,0.0051819849856422559,0.0043299551176904918,0.0052407594743984036,0.055983989326217475,0.02969998540736216,0.034940744881760563,0.0052407594743984036,0,0,0,0,0,0.36977980258162491,-2.0187831311847311e-05,0.00020933610024515917,0.0033289837531289236,0,0.004213634225579457
270,18,0,0.28320903884990323,0.080207359686285992,1,1,3,1,1,-1,1,726,0.034847198885847877,0.056117034721085299,0.021269835835237422,0.0082054703135423616,0.029953302201467642,0.021747831887925281,0.0043086561661033343,0.00057945618317986343,0.0043086561661033343,0.0043155736744228609,0.0051826695050262344,0.0043474460808531779,0.0052515040860364806,0.056117034721085299,0.029953302201467642,0.035204806287504123,0.0052515040860364806,0,0,0,0,0,0.78508266051518649,-0.0085698558434879456,0.00020933610024515917,0.034262569086985203,0,0.027691292434056106
270,18,0,0.28320903884990323,0.080207359686285992,1,-1,1,0,1,-1,1,992,0.035631416658432162,0.05545614806789248,0.019824731409460318,0.0086695920274314584,0.028719839728348899,0.020050247700917442,0.0044296253748855761,0.00063941135974177109,0.0044296253748855761,0.0044042762037656835,0.0053924623146662373,0.0044755365989786076,0.0054245711587524309,0.053114581636818058,0.024482988659106066,0.029907559817858496,0.0054245711587524309,0,0,0,0,0,0.73645137342242017,-5.0296942127553239e-06,0.00020933610024515917,0.0063359788160452599,0,3.0659680630410111e-05
270,18,0,0.28320903884990323,0.080207359686285992,1,-1,3,1,1,-1,1,726,0.034847198885847877,0.056117034721085299,0.021269835835237422,0.0082054703135423616,0.029953302201467642,0.021747831887925281,0.0043086561661033343,0.00057945618317986343,0.0043086561661033343,0.0043155736744228609,0.0051826695050262344,0.0043474460808531779,0.0052515040860364806,0.056117034721085299,0.029953302201467642,0.035204806287504123,0.0052515040860364806,0,0,0,0,0,0.78508266051518649,-0.0085698558434879456,0.00020933610024515917,0.013670160770880615,0,0.027691292434056106
271,1,18,0.28364869231317003,0.080456580650971415,1,1,1,0,1,-1,1,964,0.029459639759839888,0.059806383525129556,0.030346743765289667,0.0058228324158787776,0.040360240160106739,0.034537407744227963,0.0042834988257029697,0.00069401429435039992,0.0042834988257029697,0.004377001668101909,0.0051857346558243983,0.0043393568683114088,0.0052532357403184057,0.055983989326217475,0.029687509141442157,0.034940744881760563,0.0052532357403184057,0,0,0,0,0,0.36854103343465044,-2.1608499842166857e-05,0.000204451707830801,0.0032651809276647526,0,0.0042228071922927159
271,1,18,0.28364869231317003,0.080456580650971415,1,1,3,1,1,-1,1,719,0.034978663251647044,0.056053619023241644,0.0210749557715946,0.0082721814543028679,0.029819879919946633,0.021547698465643764,0.0043229466008384131,0.00057501017104441478,0.0043229466008384131,0.0043309189895295655,0.0051908422444240281,0.004361020982580217,0.0052586532601161112,0.056053619023241644,0.029819879919946633,0.035078533180062745,0.0052586532601161112,0,0,0,0,0,0.78230769230769226,-0.0085814959233154568,0.000204451707830801,0.034226800203352364,0,0.027733377197781912
271,1,18,0.28364869231317003,0.080456580650971415,1,-1,1,0,1,-1,1,961,0.036085823604777398,0.055399216831113741,0.019313393226336344,0.0089308226214987393,0.02861195150124541,0.01968112887974667,0.00444955804136455,0.00061984379114745887,0.00444955804136455,0.0044248329242576462,0.0053892505924135296,0.0044925241333682326,0.0054156405184067544,0.053486369547332907,0.025083388925950634,0.030499029444357388,0.0054156405184067544,0,0,0,0,0,0.73079847908745244,-4.8442698779105022e-06,0.000204451707830801,0.0063140409562195618,0,3.1102771598144605e-05
271,1,18,0.28364869231317003,0.080456580650971415,1,-1,3,1,1,-1,1,719,0.034978663251647044,0.056053619023241644,0.0210749557715946,0.0082721814543028679,0.029819879919946633,0.021547698465643764,0.0043229466008384131,0.00057501017104441478,0.0043229466008384131,0.0043309189895295655,0.0051908422444240281,0.004361020982580217,0.0052586532601161112,0.056053619023241644,0.029819879919946633,0.035078533180062745,0.0052586532601161112,0,0,0,0,0,0.78230769230769226,-0.0085814959233154568,0.000204451707830801,0.013608735099398356,0,0.027733377197781912
272,18,1,0.28364869231317003,0.080456580650971415,1,1,1,0,1,-1,1,964,0.029459639759839888,0.059806383525129556,0.030346743765289667,0.0058228324158787776,0.040360240160106739,0.034537407744227963,0.0042834988257029697,0.00069401429435039992,0.0042834988257029697,0.004377001668101909,0.0051857346558243983,0.0043393568683114088,0.0052532357403184057,0.055983989326217475,0.029687509141442157,0.034940744881760563,0.0052532357403184057,0,0,0,0,0,0.36854103343465044,-2.1608499842166857e-05,0.000204451707830801,0.0032651809276647526,0,0.0042228071922927159
272,18,1,0.28364869231317003,0.080456580650971415,1,1,3,1,1,-1,1,719,0.034978663251647044,0.056053619023241644,0.0210749557715946,0.0082721814543028679,0.029819879919946633,0.021547698465643764,0.0043229466008384131,0.00057501017104441478,0.0043229466008384131,0.0043309189895295655,0.0051908422444240281,0.004361020982580217,0.0052586532601161112,0.056053619023241644,0.029819879919946633,0.035078533180062745,0.0052586532601161112,0,0,0,0,0,0.78230769230769226,-0.0085814959233154568,0.000204451707830801,0.034226800203352364,0,0.027733377197781912
272,18,1,0.28364869231317003,0.080456580650971415,1,-1,1,0,1,-1,1,961,0.036085823604777398,0.055399216831113741,0.019313393226336344,0.0089308226214987393,0.02861195150124541,0.01968112887974667,0.00444955804136455,0.00061984379114745887,0.00444955804136455,0.0044248329242576462,0.0053892505924135296,0.0044925241333682326,0.0054156405184067544,0.053486369547332907,0.025083388925950634,0.030499029444357388,0.0054156405184067544,0,0,0,0,0,0.73079847908745244,-4.8442698779105022e-06,0.000204451707830801,0.0063140409562195618,0,3.1102771598144605e-05
272,18,1,0.28364869231317003,0.080456580650971415,1,-1,3,1,1,-1,1,719,0.034978663251647044,0.056053619023241644,0.0210749557715946,0.0082721814543028679,0.029819879919946633,0.021547698465643764,0.0043229466008384131,0.00057501017104441478,0.0043229466008384131,0.0043309189895295655,0.0051908422444240281,0.004361020982580217,0.0052586532601161112,0.056053619023241644,0.029819879919946633,0.035078533180062745,0.0052586532601161112,0,0,0,0,0,0.78230769230769226,-0.0085814959233154568,0.000204451707830801,0.013608735099398356,0,0.027733377197781912
273,6,17,0.28383183361731068,0.080560509774564748,1,1,1,0,1,-1,1,963,0.029459639759839888,0.059753695845877662,0.030294056086037774,0.0058237920857792825,0.040160106737825219,0.034336314652045938,0.0042821636012902115,0.00069749115881303494,0.0042821636012902115,0.004377624061033588,0.0051887162305742319,0.0043385964348896409,0.005254453525947958,0.055984073626928692,0.029686457638425617,0.034940911164373575,0.005254453525947958,0,0,0,0,0,0.36816109422492399,-2.1438251014428624e-05,0.0002024166540170157,0.0032338183097557964,0,0.0042266379535414282
273,6,17,0.28383183361731068,0.080560509774564748,1,1,3,1,1,-1,1,715,0.035063375583722481,0.056021207283160117,0.020957831699437636,0.0083177741755294243,0.029753168779186118,0.021435394603656694,0.0043283896402057783,0.00057238198417643106,0.0043283896402057783,0.0043361064267393307,0.0051916180361786766,0.0043660712331855577,0.0052611147485950964,0.056021207283160117,0.029753168779186118,0.035014283527781215,0.0052611147485950964,0,0,0,0,0,0.78085351787773938,-0.0085863502409048026,0.0002024166540170157,0.034192991698506515,0,0.027750929437388584
273,6,17,0.28383183361731068,0.080560509774564748,1,-1,1,0,1,-1,1,955,0.036093058790495791,0.055293203032632708,0.019200144242136917,0.0089338031167368517,0.028417722035937874,0.019483918919201024,0.0044422655095466782,0.00061566817814723231,0.0044422655095466782,0.0044143129361689133,0.0053877589300118985,0.0044847263197313539,0.0054151882113011168,0.053486088937028151,0.025083388925950634,0.030498577137251751,0.0054151882113011168,0,0,0,0,0,0.73180076628352486,-4.9013870507335039e-06,0.0002024166540170157,0.0062870887310088851,0,3.0615188937843273e-05
273,6,17,0.28383183361731068,0.080560509774564748,1,-1,1,0,2,-1,0,9,0.055290883235563998,0.055398961801255114,0.00010807856569111651,0.028413961045267742,0.028606725231296926,0.00019276418602918316,0.0052409763059862785,4.5525929945243039e-05,0.0052409763059862785,0.0052062269471770395,0.005299326111420137,0.0052411740335736763,0.005299326111420137,0.055343562374916604,0.028413961045267742,0.033713287156687879,0.005299326111420137,0,0,0,0,0,0.81818181818181823,-1.1354989064670646e-06,4.9931336919996426e-05,0.0044976885687657512,0,4.9096403913911929e-06
273,6,17,0.28383183361731068,0.080560509774564748,1,-1,3,1,1,-1,1,715,0.035063375583722481,0.056021207283160117,0.020957831699437636,0.0083177741755294243,0.029753168779186118,0.021435394603656694,0.0043283896402057783,0.00057238198417643106,0.0043283896402057783,0.0043361064267393307,0.0051916180361786766,0.0043660712331855577,0.0052611147485950964,0.056021207283160117,0.029753168779186118,0.035014283527781215,0.0052611147485950964,0,0,0,0,0,0.78085351787773938,-0.0085863502409048026,0.0002024166540170157,0.013575454162200445,0,0.027750929437388584
274,17,6,0.28383183361731068,0.080560509774564748,1,1,1,0,1,-1,1,963,0.029459639759839888,0.059753695845877662,0.030294056086037774,0.0058237920857792825,0.040160106737825219,0.034336314652045938,0.0042821636012902115,0.00069749115881303494,0.0042821636012902115,0.004377624061033588,0.0051887162305742319,0.0043385964348896409,0.005254453525947958,0.055984073626928692,0.029686457638425617,0.034940911164373575,0.005254453525947958,0,0,0,0,0,0.36816109422492399,-2.1438251014428624e-05,0.0002024166540170157,0.0032338183097557964,0,0.0042266379535414282
274,17,6,0.28383183361731068,0.080560509774564748,1,1,3,1,1,-1,1,715,0.035063375583722481,0.056021207283160117,0.020957831699437636,0.0083177741755294243,0.029753168779186118,0.021435394603656694,0.0043283896402057783,0.00057238198417643106,0.0043283896402057783,0.0043361064267393307,0.0051916180361786766,0.0043660712331855577,0.0052611147485950964,0.056021207283160117,0.029753168779186118,0.035014283527781215,0.0052611147485950964,0,0,0,0,0,0.78085351787773938,-0.0085863502409048026,0.0002024166540170157,0.034192991698506515,0,0.027750929437388584
274,17,6,0.28383183361731068,0.080560509774564748,1,-1,1,0,1,-1,1,955,0.036093058790495791,0.055293203032632708,0.019200144242136917,0.0089338031167368517,0.028417722035937874,0.019483918919201024,0.0044422655095466782,0.00061566817814723231,0.0044422655095466782,0.0044143129361689133,0.0053877589300118985,0.0044847263197313539,0.0054151882113011168,0.053486088937028151,0.025083388925950634,0.030498577137251751,0.0054151882113011168,0,0,0,0,0,0.73180076628352486,-4.9013870507335039e-06,0.0002024166540170157,0.0062870887310088851,0,3.0615188937843273e-05
274,17,6,0.28383183361731068,0.080560509774564748,1,-1,1,0,2,-1,0,9,0.055290883235563998,0.055398961801255114,0.00010807856569111651,0.028413961045267742,0.028606725231296926,0.00019276418602918316,0.0052409763059862785,4.5525929945243039e-05,0.0052409763059862785,0.0052062269471770395,0.005299326111420137,0.0052411740335736763,0.005299326111420137,0.055343562374916604,0.028413961045267742,0.033713287156687879,0.005299326111420137,0,0,0,0,0,0.81818181818181823,-1.1354989064670646e-06,4.9931336919996426e-05,0.0044976885687657512,0,4.9096403913911929e-06
274,17,6,0.28383183361731068,0.080560509774564748,1,-1,3,1,1,-1,1,715,0.035063375583722481,0.056021207283160117,0.020957831699437636,0.0083177741755294243,0.029753168779186118,0.021435394603656694,0.0043283896402057783,0.00057238198417643106,0.0043283896402057783,0.0043361064267393307,0.0051916180361786766,0.0043660712331855577,0.0052611147485950964,0.056021207283160117,0.029753168779186118,0.035014283527781215,0.0052611147485950964,0,0,0,0,0,0.78085351787773938,-0.0085863502409048026,0.0002024166540170157,0.013575454162200445,0,0.027750929437388584
275,10,15,0.2840514471366738,0.080685224620438589,1,1,1,0,1,-1,1,955,0.029459639759839895,0.059753241126757076,0.030293601366917181,0.005824827389627198,0.040160106737825219,0.034335279348198022,0.0042862636115815374,0.00069615380596897095,0.0042862636115815374,0.004382595139663447,0.0051923560080451153,0.0043424285681555068,0.0052546993691959878,0.055984198261488774,0.029686457638425617,0.034941157007621605,0.0052546993691959878,0,0,0,0,0,0.36512158054711247,-2.1306293710635785e-05,0.00019997367404933207,0.0031933916902923756,0,0.0042312391125739488
275,10,15,0.2840514471366738,0.080685224620438589,1,1,3,1,1,-1,1,710,0.035170113408939288,0.055983989326217475,0.020813875917278186,0.0083757073799406983,0.029676257298653516,0.021300549918712816,0.0043362710548032488,0.00056900376130696582,0.0043362710548032488,0.0043432004840041685,0.0051942572961405555,0.0043734439451199054,0.005264487583107047,0.055983989326217475,0.029676257298653516,0.034940744881760563,0.005264487583107047,0,0,0,0,0,0.77991535205848406,-0.0085921755867982372,0.00019997367404933207,0.034194236423696379,0,0.027771993832169217
275,10,15,0.2840514471366738,0.080685224620438589,1,-1,1,0,1,-1,1,967,0.03610174100622647,0.055293028921074024,0.019191287914847553,0.0089358039424399481,0.028411448619406979,0.019475644676967031,0.0044535414344493707,0.0006155688465169152,0.0044535414344493707,0.0044363883569169121,0.0053864193517022809,0.0044958821507196474,0.0054146640080438985,0.053485763715474671,0.025083388925950634,0.030498052933994532,0.0054146640080438985,0,0,0,0,0,0.74099616858237549,-4.7038545789029619e-06,0.00019997367404933207,0.0062466050172831451,0,2.8251128416900856e-05
275,10,15,0.2840514471366738,0.080685224620438589,1,-1,3,1,1,-1,1,710,0.035170113408939288,0.055983989326217475,0.020813875917278186,0.0083757073799406983,0.029676257298653516,0.021300549918712816,0.0043362710548032488,0.00056900376130696582,0.0043362710548032488,0.0043432004840041685,0.0051942572961405555,0.0043734439451199054,0.005264487583107047,0.055983989326217475,0.029676257298653516,0.034940744881760563,0.005264487583107047,0,0,0,0,0,0.77991535205848406,-0.0085921755867982372,0.00019997367404933207,0.013552059179902803,0,0.027771993832169217
276,15,10,0.2840514471366738,0.080685224620438589,1,1,1,0,1,-1,1,955,0.029459639759839895,0.059753241126757076,0.030293601366917181,0.005824827389627198,0.040160106737825219,0.034335279348198022,0.0042862636115815374,0.00069615380596897095,0.0042862636115815374,0.004382595139663447,0.0051923560080451153,0.0043424285681555068,0.0052546993691959878,0.055984198261488774,0.029686457638425617,0.034941157007621605,0.0052546993691959878,0,0,0,0,0,0.36512158054711247,-2.1306293710635785e-05,0.00019997367404933207,0.0031933916902923756,0,0.0042312391125739488
276,15,10,0.2840514471366738,0.080685224620438589,1,1,3,1,1,-1,1,710,0.035170113408939288,0.055983989326217475,0.020813875917278186,0.0083757073799406983,0.029676257298653516,0.021300549918712816,0.0043362710548032488,0.00056900376130696582,0.0043362710548032488,0.0043432004840041685,0.0051942572961405555,0.0043734439451199054,0.005264487583107047,0.055983989326217475,0.029676257298653516,0.034940744881760563,0.005264487583107047,0,0,0,0,0,0.77991535205848406,-0.0085921755867982372,0.00019997367404933207,0.034194236423696379,0,0.027771993832169217
276,15,10,0.2840514471366738,0.080685224620438589,1,-1,1,0,1,-1,1,967,0.03610174100622647,0.055293028921074024,0.019191287914847553,0.0089358039424399481,0.028411448619406979,0.019475644676967031,0.0044535414344493707,0.0006155688465169152,0.0044535414344493707,0.0044363883569169121,0.0053864193517022809,0.0044958821507196474,0.0054146640080438985,0.053485763715474671,0.025083388925950634,0.030498052933994532,0.0054146640080438985,0,0,0,0,0,0.74099616858237549,-4.7038545789029619e-06,0.00019997367404933207,0.0062466050172831451,0,2.8251128416900856e-05
276,15,10,0.2840514471366738,0.080685224620438589,1,-1,3,1,1,-1,1,710,0.035170113408939288,0.055983989326217475,0.020813875917278186,0.0083757073799406983,0.029676257298653516,0.021300549918712816,0.0043362710548032488,0.00056900376130696582,0.0043362710548032488,0.0043432004840041685,0.0051942572961405555,0.0043734439451199054,0.005264487583107047,0.055983989326217475,0.029676257298653516,0.034940744881760563,0.005264487583107047,0,0,0,0,0,0.77991535205848406,-0.0085921755867982372,0.00019997367404933207,0.013552059179902803,0,0.027771993832169217
277,2,18,0.2849634738592623,0.081204181433938455,1,1,1,0,1,-1,1,930,0.030153435623749166,0.05964504288239586,0.029491607258646694,0.0061035299818324477,0.039759839893262171,0.033656309911429726,0.0043315097974185581,0.00067212742419399808,0.0043315097974185581,0.0044279740447104206,0.0052051794073751717,0.0043833471684874125,0.0052744344466295959,0.055823927598191672,0.029352901934623081,0.034627336381252677,0.0052744344466295959,0,0,0,0,0,0.3557582668187001,-2.0203263147149426e-05,0.00018984049592881579,0.0030364007222608669,0,0.0042504347327316436
277,2,18,0.2849634738592623,0.081204181433938455,1,1,3,1,1,-1,1,692,0.035490326884589724,0.055788921772121657,0.020298594887531933,0.0085449059853217862,0.029286190793862573,0.020741284808540789,0.0043633244971972695,0.00055716898071599943,0.0043633244971972695,0.0043703735221413773,0.0052042775850761882,0.0043987541350834682,0.0052732098709658455,0.055788921772121657,0.029286190793862573,0.034559400664828419,0.0052732098709658455,0,0,0,0,0,0.77606771835321275,-0.0086164269331586094,0.00018984049592881579,0.034133672736144795,0,0.027859698015821346
277,2,18,0.2849634738592623,0.081204181433938455,1,-1,1,0,1,-1,1,944,0.036566357729064872,0.055079639287059716,0.018513281557994844,0.009201697687267061,0.028012928475551011,0.01881123078828395,0.0045060398964755864,0.00059698378994685233,0.0045060398964755864,0.0044996618030292371,0.005378722119139639,0.0045454136438930412,0.0054067222900319907,0.052835223482321544,0.024066358458883001,0.029473080748914991,0.0054067222900319907,0,0,0,0,0,0.74980142970611596,-4.7874996444445046e-06,0.00018984049592881579,0.0061592380540812751,0,2.8033983556519809e-05
277,2,18,0.2849634738592623,0.081204181433938455,1,-1,1,0,2,-1,0,10,0.05508002502108169,0.055185322725882495,0.00010529770480080525,0.028013994470974427,0.028198221992411499,0.00018422752143707269,0.0052589244406745003,4.7413366818375095e-05,0.0052589244406745003,0.005243556039964882,0.0053218690560749961,0.0052591381708485914,0.0053355622091911456,0.055183455637091393,0.028081439506782345,0.033417001715973491,0.0053355622091911456,0,0,0,0,0,0.90909090909090906,-9.6290397283104704e-08,4.7247169836221235e-05,0.0044608334166523177,0,7.0493248163590903e-07
277,2,18,0.2849634738592623,0.081204181433938455,1,-1,3,1,1,-1,1,692,0.035490326884589724,0.055788921772121657,0.020298594887531933,0.0085449059853217862,0.029286190793862573,0.020741284808540789,0.0043633244971972695,0.00055716898071599943,0.0043633244971972695,0.0043703735221413773,0.0052042775850761882,0.0043987541350834682,0.0052732098709658455,0.055788921772121657,0.029286190793862573,0.034559400664828419,0.0052732098709658455,0,0,0,0,0,0.77606771835321275,-0.0086164269331586094,0.00018984049592881579,0.013423343974732308,0,0.027859698015821346
278,18,2,0.2849634738592623,0.081204181433938455,1,1,1,0,1,-1,1,930,0.030153435623749166,0.05964504288239586,0.029491607258646694,0.0061035299818324477,0.039759839893262171,0.033656309911429726,0.0043315097974185581,0.00067212742419399808,0.0043315097974185581,0.0044279740447104206,0.0052051794073751717,0.0043833471684874125,0.0052744344466295959,0.055823927598191672,0.029352901934623081,0.034627336381252677,0.0052744344466295959,0,0,0,0,0,0.3557582668187001,-2.0203263147149426e-05,0.00018984049592881579,0.0030364007222608669,0,0.0042504347327316436
278,18,2,0.2849634738592623,0.081204181433938455,1,1,3,1,1,-1,1,692,0.035490326884589724,0.055788921772121657,0.020298594887531933,0.0085449059853217862,0.029286190793862573,0.020741284808540789,0.0043633244971972695,0.00055716898071599943,0.0043633244971972695,0.0043703735221413773,0.0052042775850761882,0.0043987541350834682,0.0052732098709658455,0.055788921772121657,0.029286190793862573,0.034559400664828419,0.0052732098709658455,0,0,0,0,0,0.77606771835321275,-0.0086164269331586094,0.00018984049592881579,0.034133672736144795,0,0.027859698015821346
278,18,2,0.2849634738592623,0.081204181433938455,1,-1,1,0,1,-1,1,944,0.036566357729064872,0.055079639287059716,0.018513281557994844,0.009201697687267061,0.028012928475551011,0.01881123078828395,0.0045060398964755864,0.00059698378994685233,0.0045060398964755864,0.0044996618030292371,0.005378722119139639,0.0045454136438930412,0.0054067222900319907,0.052835223482321544,0.024066358458883001,0.029473080748914991,0.0054067222900319907,0,0,0,0,0,0.74980142970611596,-4.7874996444445046e-06,0.00018984049592881579,0.0061592380540812751,0,2.8033983556519809e-05
278,18,2,0.2849634738592623,0.081204181433938455,1,-1,1,0,2,-1,0,10,0.05508002502108169,0.055185322725882495,0.00010529770480080525,0.028013994470974427,0.028198221992411499,0.00018422752143707269,0.0052589244406745003,4.7413366818375095e-05,0.0052589244406745003,0.005243556039964882,0.0053218690560749961,0.0052591381708485914,0.0053355622091911456,0.055183455637091393,0.028081439506782345,0.033417001715973491,0.0053355622091911456,0,0,0,0,0,0.90909090909090906,-9.6290397283104704e-08,4.7247169836221235e-05,0.0044608334166523177,0,7.0493248163590903e-07
278,18,2,0.2849634738592623,0.081204181433938455,1,-1,3,1,1,-1,1,692,0.035490326884589724,0.055788921772121657,0.020298594887531933,0.0085449059853217862,0.029286190793862573,0.020741284808540789,0.0043633244971972695,0.00055716898071599943,0.0043633244971972695,0.0043703735221413773,0.0052042775850761882,0.0043987541350834682,0.0052732098709658455,0.055788921772121657,0.029286190793862573,0.034559400664828419,0.0052732098709658455,0,0,0,0,0,0.77606771835321275,-0.0086164269331586094,0.00018984049592881579,0.013423343974732308,0,0.027859698015821346
279,3,18,0.2871410380238234,0.082449975717398788,1,1,1,0,1,-1,1,892,0.030420280186791195,0.059437614669421615,0.029017334482630421,0.006224492653753539,0.039026017344896594,0.032801524691143058,0.004381091644994374,0.00066270919199004109,0.004381091644994374,0.0044810748387517536,0.005232058661716197,0.0044309307684715186,0.0052944014786308682,0.055343594731032085,0.028418945963975983,0.033713347442606852,0.0052944014786308682,0,0,0,0,0,0.34183479253901788,-1.9815830114854052e-05,0.00016555921660708282,0.0026976256171084407,0,0.0042968369739355573
279,3,18,0.2871410380238234,0.082449975717398788,1,1,3,1,1,-1,1,647,0.036397598398932619,0.055344417920896095,0.018946819521963476,0.0090468963348044849,0.028418945963975983,0.019372049629171498,0.004432299272957076,0.00052650207851903913,0.004432299272957076,0.0044405903703641121,0.0052287688307345974,0.0044634606846863448,0.0052959353023311201,0.055344417920896095,0.028418945963975983,0.033714881266307103,0.0052959353023311201,0,0,0,0,0,0.7659984579799537,-0.0086746893315974155,0.00016555921660708282,0.034039811988284506,0,0.028070482542106784
279,3,18,0.2871410380238234,0.082449975717398788,1,-1,1,0,1,-1,1,970,0.037484732151138803,0.054599247713742811,0.017114515562604009,0.0097344513336084758,0.027138372243328615,0.017403920909720139,0.0045768618966445943,0.00055019805349229654,0.0045768618966445943,0.0045940569984095504,0.0053559848523164677,0.0046098137401660664,0.0053853039728589611,0.053216663875123749,0.024683122081387586,0.030068426054246547,0.0053853039728589611,0,0,0,0,0,0.83261802575107291,-4.4697040003958082e-06,0.00016555921660708282,0.0060034555801605893,0,2.5860923637285131e-05
279,3,18,0.2871410380238234,0.082449975717398788,1,-1,1,0,2,-1,0,11,0.054604246307572442,0.054705524014710488,0.00010127770713804635,0.027146886357564893,0.027315837192311586,0.00016895083474669295,0.0052755602537471885,4.390560240428531e-05,0.0052755602537471885,0.0052697277619644933,0.0053373162644345142,0.0052757429517405023,0.0053375463228433097,0.054705524014710488,0.027218145430286857,0.032555691753130167,0.0053375463228433097,0,0,0,0,0,1,3.4457639237366245e-06,4.3939661881096739e-05,0.0047513841539551134,0.0018399881739853434,-1.3542225921623672e-05
279,3,18,0.2871410380238234,0.082449975717398788,1,-1,3,1,1,-1,1,647,0.036397598398932619,0.055344417920896095,0.018946819521963476,0.0090468963348044849,0.028418945963975983,0.019372049629171498,0.004432299272957076,0.00052650207851903913,0.004432299272957076,0.0044405903703641121,0.0052287688307345974,0.0044634606846863448,0.0052959353023311201,0.055344417920896095,0.028418945963975983,0.033714881266307103,0.0052959353023311201,0,0,0,0,0,0.7659984579799537,-0.0086746893315974155,0.00016555921660708282,0.01313669214679122,0,0.028070482542106784
280,18,3,0.2871410380238234,0.082449975717398788,1,1,1,0,1,-1,1,892,0.030420280186791195,0.059437614669421615,0.029017334482630421,0.006224492653753539,0.039026017344896594,0.032801524691143058,0.004381091644994374,0.00066270919199004109,0.004381091644994374,0.0044810748387517536,0.005232058661716197,0.0044309307684715186,0.0052944014786308682,0.055343594731032085,0.028418945963975983,0.033713347442606852,0.0052944014786308682,0,0,0,0,0,0.34183479253901788,-1.9815830114854052e-05,0.00016555921660708282,0.0026976256171084407,0,0.0042968369739355573
280,18,3,0.2871410380238234,0.082449975717398788,1,1,3,1,1,-1,1,647,0.036397598398932619,0.055344417920896095,0.018946819521963476,0.0090468963348044849,0.028418945963975983,0.019372049629171498,0.004432299272957076,0.00052650207851903913,0.004432299272957076,0.0044405903703641121,0.0052287688307345974,0.0044634606846863448,0.0052959353023311201,0.055344417920896095,0.028418945963975983,0.033714881266307103,0.0052959353023311201,0,0,0,0,0,0.7659984579799537,-0.0086746893315974155,0.00016555921660708282,0.034039811988284506,0,0.028070482542106784
280,18,3,0.2871410380238234,0.082449975717398788,1,-1,1,0,1,-1,1,970,0.037484732151138803,0.054599247713742811,0.017114515562604009,0.0097344513336084758,0.027138372243328615,0.017403920909720139,0.0045768618966445943,0.00055019805349229654,0.0045768618966445943,0.0045940569984095504,0.0053559848523164677,0.0046098137401660664,0.0053853039728589611,0.053216663875123749,0.024683122081387586,0.030068426054246547,0.0053853039728589611,0,0,0,0,0,0.83261802575107291,-4.4697040003958082e-06,0.00016555921660708282,0.0060034555801605893,0,2.5860923637285131e-05
280,18,3,0.2871410380238234,0.082449975717398788,1,-1,1,0,2,-1,0,11,0.054604246307572442,0.054705524014710488,0.00010127770713804635,0.027146886357564893,0.027315837192311586,0.00016895083474669295,0.0052755602537471885,4.390560240428531e-05,0.0052755602537471885,0.0052697277619644933,0.0053373162644345142,0.0052757429517405023,0.0053375463228433097,0.054705524014710488,0.027218145430286857,0.032555691753130167,0.0053375463228433097,0,0,0,0,0,1,3.4457639237366245e-06,4.3939661881096739e-05,0.0047513841539551134,0.0018399881739853434,-1.3542225921623672e-05
280,18,3,0.2871410380238234,0.082449975717398788,1,-1,3,1,1,-1,1,647,0.036397598398932619,0.055344417920896095,0.018946819521963476,0.0090468963348044849,0.028418945963975983,0.019372049629171498,0.004432299272957076,0.00052650207851903913,0.004432299272957076,0.0044405903703641121,0.0052287688307345974,0.0044634606846863448,0.0052959353023311201,0.055344417920896095,0.028418945963975983,0.033714881266307103,0.0052959353023311201,0,0,0,0,0,0.7659984579799537,-0.0086746893315974155,0.00016555921660708282,0.01313669214679122,0,0.028070482542106784
281,9,16,0.28916564249902038,0.083616768801871258,1,1,1,0,1,-1,1,873,0.031380920613742494,0.059220698757656898,0.027839778143914404,0.0066364586440985328,0.038292194796531016,0.031655736152432487,0.00443991037103193,0.00064595405955149255,0.00443991037103193,0.0045568142294160237,0.005246434333906853,0.0044866536249021875,0.0053135610323360345,0.054916625249972824,0.027618412274849898,0.032931973307185933,0.0053135610323360345,0,0,0,0,0,0.33498287019413781,-1.9497913357655844e-05,0.00014291258259349214,0.0023851215680730908,0,0.004340700497248124
281,9,16,0.28916564249902038,0.083616768801871258,1,1,3,1,1,-1,1,601,0.03725443025862471,0.054877627543298321,0.017623197284673611,0.0095396931287525018,0.02755170113408939,0.018012008005336887,0.0044957670900623364,0.00049394321886906724,0.0044957670900623364,0.004503760112175046,0.0052435930384142071,0.0045228200971909448,0.005310274065518511,0.054877627543298321,0.02755170113408939,0.032861975199607901,0.005310274065518511,0,0,0,0,0,0.75424382716049387,-0.0087293175899485504,0.00014291258259349214,0.033922391984172892,0,0.028268221817692771
281,9,16,0.28916564249902038,0.083616768801871258,1,-1,1,0,1,-1,1,921,0.038266952604237597,0.053860365987293012,0.015593413383055414,0.010203291969645999,0.025881929907202714,0.015678637937556715,0.0046225079170254396,0.00050207078338464814,0.0046225079170254396,0.0046455751547948461,0.0053328886749407015,0.0046496940237494497,0.0053687644846958649,0.053374066027164629,0.024949966644429618,0.030318731129125483,0.0053687644846958649,0,0,0,0,0,0.87298578199052135,-3.9662685719642649e-06,0.00014291258259349214,0.0057864554779163456,0,2.1888059981496005e-05
281,9,16,0.28916564249902038,0.083616768801871258,1,-1,1,0,2,-1,0,15,0.053850509273850718,0.054013578186367206,0.00016306891251648831,0.025867324029948655,0.026132402275016158,0.00026507824506750294,0.0052716004716214333,5.2370501100484608e-05,0.0052716004716214333,0.0052812353463901271,0.0053455773757998771,0.0052718606015129824,0.0053458908034106287,0.054012351026236478,0.026017344896597731,0.03136323570000836,0.0053458908034106287,0,0,0,0,0,1,4.0651501751321183e-06,5.1678812819585485e-05,0.005157239901026409,0.0019953084421936739,-1.5925023117957385e-05
281,9,16,0.28916564249902038,0.083616768801871258,1,-1,1,0,3,-1,0,11,0.05406331412902695,0.054171952733456888,0.00010863860442993784,0.026213313995022507,0.026386169336080696,0.00017285534105818817,0.0052848487920064465,4.6901653663245897e-05,0.0052848487920064465,0.0052804130221381744,0.0053477607407885451,0.0052850569078760484,0.0053480025585948207,0.054171952733456888,0.026284189459639763,0.031632192018234584,0.0053480025585948207,0,0,0,0,0,1,1.4952266431113949e-06,4.2640949739164725e-05,0.0044325849672497497,0.0011955904783856745,-5.7177463680259429e-06
281,9,16,0.28916564249902038,0.083616768801871258,1,-1,3,1,1,-1,1,601,0.03725443025862471,0.054877627543298321,0.017623197284673611,0.0095396931287525018,0.02755170113408939,0.018012008005336887,0.0044957670900623364,0.00049394321886906724,0.0044957670900623364,0.004503760112175046,0.0052435930384142071,0.0045228200971909448,0.005310274065518511,0.054877627543298321,0.02755170113408939,0.032861975199607901,0.005310274065518511,0,0,0,0,0,0.75424382716049387,-0.0087293175899485504,0.00014291258259349214,0.012854839953046385,0,0.028268221817692771
282,16,9,0.28916564249902038,0.083616768801871258,1,1,1,0,1,-1,1,873,0.031380920613742494,0.059220698757656898,0.027839778143914404,0.0066364586440985328,0.038292194796531016,0.031655736152432487,0.00443991037103193,0.00064595405955149255,0.00443991037103193,0.0045568142294160237,0.005246434333906853,0.0044866536249021875,0.0053135610323360345,0.054916625249972824,0.027618412274849898,0.032931973307185933,0.0053135610323360345,0,0,0,0,0,0.33498287019413781,-1.9497913357655844e-05,0.00014291258259349214,0.0023851215680730908,0,0.004340700497248124
282,16,9,0.28916564249902038,0.083616768801871258,1,1,3,1,1,-1,1,601,0.03725443025862471,0.054877627543298321,0.017623197284673611,0.0095396931287525018,0.02755170113408939,0.018012008005336887,0.0044957670900623364,0.00049394321886906724,0.0044957670900623364,0.004503760112175046,0.0052435930384142071,0.0045228200971909448,0.005310274065518511,0.054877627543298321,0.02755170113408939,0.032861975199607901,0.005310274065518511,0,0,0,0,0,0.75424382716049387,-0.0087293175899485504,0.00014291258259349214,0.033922391984172892,0,0.028268221817692771
282,16,9,0.28916564249902038,0.083616768801871258,1,-1,1,0,1,-1,1,921,0.038266952604237597,0.053860365987293012,0.015593413383055414,0.010203291969645999,0.025881929907202714,0.015678637937556715,0.0046225079170254396,0.00050207078338464814,0.0046225079170254396,0.0046455751547948461,0.0053328886749407015,0.0046496940237494497,0.0053687644846958649,0.053374066027164629,0.024949966644429618,0.030318731129125483,0.0053687644846958649,0,0,0,0,0,0.87298578199052135,-3.9662685719642649e-06,0.00014291258259349214,0.0057864554779163456,0,2.1888059981496005e-05
282,16,9,0.28916564249902038,0.083616768801871258,1,-1,1,0,2,-1,0,15,0.053850509273850718,0.054013578186367206,0.00016306891251648831,0.025867324029948655,0.026132402275016158,0.00026507824506750294,0.0052716004716214333,5.2370501100484608e-05,0.0052716004716214333,0.0052812353463901271,0.0053455773757998771,0.0052718606015129824,0.0053458908034106287,0.054012351026236478,0.026017344896597731,0.03136323570000836,0.0053458908034106287,0,0,0,0,0,1,4.0651501751321183e-06,5.1678812819585485e-05,0.005157239901026409,0.0019953084421936739,-1.5925023117957385e-05
282,16,9,0.28916564249902038,0.083616768801871258,1,-1,1,0,3,-1,0,11,0.05406331412902695,0.054171952733456888,0.00010863860442993784,0.026213313995022507,0.026386169336080696,0.00017285534105818817,0.0052848487920064465,4.6901653663245897e-05,0.0052848487920064465,0.0052804130221381744,0.0053477607407885451,0.0052850569078760484,0.0053480025585948207,0.054171952733456888,0.026284189459639763,0.031632192018234584,0.0053480025585948207,0,0,0,0,0,1,1.4952266431113949e-06,4.2640949739164725e-05,0.0044325849672497497,0.0011955904783856745,-5.7177463680259429e-06
282,16,9,0.28916564249902038,0.083616768801871258,1,-1,3,1,1,-1,1,601,0.03725443025862471,0.054877627543298321,0.017623197284673611,0.0095396931287525018,0.02755170113408939,0.018012008005336887,0.0044957670900623364,0.00049394321886906724,0.0044957670900623364,0.004503760112175046,0.0052435930384142071,0.0045228200971909448,0.005310274065518511,0.054877627543298321,0.02755170113408939,0.032861975199607901,0.005310274065518511,0,0,0,0,0,0.75424382716049387,-0.0087293175899485504,0.00014291258259349214,0.012854839953046385,0,0.028268221817692771
283,7,17,0.28947319914458575,0.083794733023000986,1,1,1,0,1,-1,1,867,0.031647765176784512,0.059219952291498748,0.027572187114714236,0.0067548288452319175,0.038292194796531016,0.0315373659512991,0.0044515099167463119,0.00064362071890782294,0.0044515099167463119,0.0045721351400346034,0.0052480106808259798,0.0044977981467267045,0.0052976787048379173,0.054649766511007336,0.027159689229992311,0.032457367934830228,0.0052976787048379173,0,0,0,0,0,0.3321904761904762,-1.9415836972764048e-05,0.00013946647925496263,0.0023454352319500888,0,0.0043474244899697062
283,7,17,0.28947319914458575,0.083794733023000986,1,1,3,1,1,-1,1,594,0.037411607738492329,0.054809873248832554,0.017398265510340225,0.0096336941679310145,0.027427994466776295,0.017794300298845281,0.0045064015817689517,0.00048885740380195735,0.0045064015817689517,0.0045131089889089617,0.0052466672987035784,0.0045328398137835946,0.0053128935751157458,0.054809873248832554,0.027427994466776295,0.032740888041892041,0.0053128935751157458,0,0,0,0,0,0.75154320987654322,-0.008737653658271274,0.00013946647925496263,0.033887076971277602,0,0.028298404982138457
283,7,17,0.28947319914458575,0.083794733023000986,1,-1,1,0,1,-1,1,907,0.038377473553898034,0.053855250798414356,0.015477777244516322,0.010270138513367914,0.025873022747686977,0.015602884234319063,0.0046311085850800522,0.00049767149955791065,0.0046311085850800522,0.0046536977405552786,0.005329401783646711,0.0046577723912053044,0.0053648733075680535,0.052948160425763877,0.024282855236824545,0.029647728544392599,0.0053648733075680535,0,0,0,0,0,0.86463298379408959,-3.6343659346372735e-06,0.00013946647925496263,0.0057148967785864997,0,1.9976603502401722e-05
283,7,17,0.28947319914458575,0.083794733023000986,1,-1,1,0,2,-1,0,15,0.053856214857420988,0.054012226122001836,0.00015601126458084785,0.02587447891737419,0.0261234856307219,0.0002490067133477103,0.0052746070955937089,4.7025255764848067e-05,0.0052746070955937089,0.0052789704392514729,0.0053450992203646353,0.0052748167160165151,0.005345410586944245,0.054012064340169391,0.026017344896597731,0.031362755483541976,0.005345410586944245,0,0,0,0,0,1,3.1824335283759699e-06,4.7446213779204008e-05,0.004983544627634613,0.0017638163664679143,-1.2444192698480302e-05
283,7,17,0.28947319914458575,0.083794733023000986,1,-1,1,0,3,-1,0,11,0.05406889680816019,0.054171695171681432,0.00010279836352124205,0.026213919794068119,0.026377250982762331,0.00016333118869421223,0.0052887286306646485,4.2401245869041146e-05,0.0052887286306646485,0.0052793534107162358,0.0053473358559719807,0.0052888985993742787,0.0053475659039198507,0.054171695171681432,0.02628418945963976,0.03163175536355961,0.0053475659039198507,0,0,0,0,0,1,5.9326672762426667e-07,3.8373441959790562e-05,0.0041538029066235391,0.00073379140008283852,-2.1537992753421298e-06
283,7,17,0.28947319914458575,0.083794733023000986,1,-1,3,1,1,-1,1,594,0.037411607738492329,0.054809873248832554,0.017398265510340225,0.0096336941679310145,0.027427994466776295,0.017794300298845281,0.0045064015817689517,0.00048885740380195735,0.0045064015817689517,0.0045131089889089617,0.0052466672987035784,0.0045328398137835946,0.0053128935751157458,0.054809873248832554,0.027427994466776295,0.032740888041892041,0.0053128935751157458,0,0,0,0,0,0.75154320987654322,-0.008737653658271274,0.00013946647925496263,0.01280671252745816,0,0.028298404982138457
284,17,7,0.28947319914458575,0.083794733023000986,1,1,1,0,1,-1,1,867,0.031647765176784512,0.059219952291498748,0.027572187114714236,0.0067548288452319175,0.038292194796531016,0.0315373659512991,0.0044515099167463119,0.00064362071890782294,0.0044515099167463119,0.0045721351400346034,0.0052480106808259798,0.0044977981467267045,0.0052976787048379173,0.054649766511007336,0.027159689229992311,0.032457367934830228,0.0052976787048379173,0,0,0,0,0,0.3321904761904762,-1.9415836972764048e-05,0.00013946647925496263,0.0023454352319500888,0,0.0043474244899697062
284,17,7,0.28947319914458575,0.083794733023000986,1,1,3,1,1,-1,1,594,0.037411607738492329,0.054809873248832554,0.017398265510340225,0.0096336941679310145,0.027427994466776295,0.017794300298845281,0.0045064015817689517,0.00048885740380195735,0.0045064015817689517,0.0045131089889089617,0.0052466672987035784,0.0045328398137835946,0.0053128935751157458,0.054809873248832554,0.027427994466776295,0.032740888041892041,0.0053128935751157458,0,0,0,0,0,0.75154320987654322,-0.008737653658271274,0.00013946647925496263,0.033887076971277602,0,0.028298404982138457
284,17,7,0.28947319914458575,0.083794733023000986,1,-1,1,0,1,-1,1,907,0.038377473553898034,0.053855250798414356,0.015477777244516322,0.010270138513367914,0.025873022747686977,0.015602884234319063,0.0046311085850800522,0.00049767149955791065,0.0046311085850800522,0.0046536977405552786,0.005329401783646711,0.0046577723912053044,0.0053648733075680535,0.052948160425763877,0.024282855236824545,0.029647728544392599,0.0053648733075680535,0,0,0,0,0,0.86463298379408959,-3.6343659346372735e-06,0.00013946647925496263,0.0057148967785864997,0,1.9976603502401722e-05
284,17,7,0.28947319914458575,0.083794733023000986,1,-1,1,0,2,-1,0,15,0.053856214857420988,0.054012226122001836,0.00015601126458084785,0.02587447891737419,0.0261234856307219,0.0002490067133477103,0.0052746070955937089,4.7025255764848067e-05,0.0052746070955937089,0.0052789704392514729,0.0053450992203646353,0.0052748167160165151,0.005345410586944245,0.054012064340169391,0.026017344896597731,0.031362755483541976,0.005345410586944245,0,0,0,0,0,1,3.1824335283759699e-06,4.7446213779204008e-05,0.004983544627634613,0.0017638163664679143,-1.2444192698480302e-05
284,17,7,0.28947319914458575,0.083794733023000986,1,-1,1,0,3,-1,0,11,0.05406889680816019,0.054171695171681432,0.00010279836352124205,0.026213919794068119,0.026377250982762331,0.00016333118869421223,0.0052887286306646485,4.2401245869041146e-05,0.0052887286306646485,0.0052793534107162358,0.0053473358559719807,0.0052888985993742787,0.0053475659039198507,0.054171695171681432,0.02628418945963976,0.03163175536355961,0.0053475659039198507,0,0,0,0,0,1,5.9326672762426667e-07,3.8373441959790562e-05,0.0041538029066235391,0.00073379140008283852,-2.1537992753421298e-06
284,17,7,0.28947319914458575,0.083794733023000986,1,-1,3,1,1,-1,1,594,0.037411607738492329,0.054809873248832554,0.017398265510340225,0.0096336941679310145,0.027427994466776295,0.017794300298845281,0.0045064015817689517,0.00048885740380195735,0.0045064015817689517,0.0045131089889089617,0.0052466672987035784,0.0045328398137835946,0.0053128935751157458,0.054809873248832554,0.027427994466776295,0.032740888041892041,0.0053128935751157458,0,0,0,0,0,0.75154320987654322,-0.008737653658271274,0.00013946647925496263,0.01280671252745816,0,0.028298404982138457
285,13,13,0.28972949274994758,0.083943178969141927,1,1,1,0,1,-1,1,865,0.031487658438959308,0.059059464202363271,0.027571805763403963,0.0066855811714947987,0.037758505670446967,0.031072924498952166,0.0044628676517334395,0.00064261952208652579,0.0044628676517334395,0.0045866311057368506,0.005252666212687389,0.0045088964866201418,0.0053050774185786978,0.054649766511007343,0.027152290516251572,0.03245736793483027,0.0053050774185786978,0,0,0,0,0,0.33180952380952383,-1.9414626450559315e-05,0.00013659205692337253,0.0023044212798629363,0,0.0043530399630813989
285,13,13,0.28972949274994758,0.083943178969141927,1,1,3,1,1,-1,1,589,0.037518345563709136,0.054768750463855598,0.017250404900146461,0.0096966721883618712,0.02735156771180787,0.017654895523445999,0.0045154725773453369,0.0004852418267629377,0.0045154725773453369,0.0045217260473375924,0.0052511358605762792,0.0045414702715307932,0.0053161509466673612,0.054768750463855598,0.02735156771180787,0.032667718658475231,0.0053161509466673612,0,0,0,0,0,0.75077160493827155,-0.0087446099180117972,0.00013659205692337253,0.033899897103981926,0,0.028323593621929866
285,13,13,0.28972949274994758,0.083943178969141927,1,-1,1,0,1,-1,1,906,0.038485596484102623,0.053853448097023089,0.015367851612920466,0.010336904452236444,0.025865592986168907,0.015528688533932463,0.0046414535483727277,0.0004909696255782697,0.0046414535483727277,0.004671483447480751,0.0053249793582534882,0.0046673485208351701,0.0053636813442037544,0.053160698944697896,0.024616410940627085,0.029980092284830839,0.0053636813442037544,0,0,0,0,0,0.86864813039309685,-3.7815815357732004e-06,0.00013659205692337253,0.0056647707776394532,0,2.055726673017879e-05
285,13,13,0.28972949274994758,0.083943178969141927,1,-1,1,0,2,-1,0,11,0.053903884488339063,0.054011834494907519,0.0001079500065684566,0.025946480348071354,0.02611604795763087,0.00016956760955951639,0.005283745563349063,4.5590157339150073e-05,0.005283745563349063,0.0052776351754599306,0.0053448081837656029,0.0052839422442582697,0.0053450255896987098,0.054011834494907519,0.026017344896597731,0.031362370486296441,0.0053450255896987098,0,0,0,0,0,1,2.4412973526327094e-06,4.2068605370978109e-05,0.0045005636936253082,0.0015425810153095766,-9.5182247551740982e-06
285,13,13,0.28972949274994758,0.083943178969141927,1,-1,1,0,3,-1,0,9,0.054073553508707503,0.054170365703246411,9.6812194538907492e-05,0.026214381328759324,0.026369811884116776,0.00015543055535745254,0.0052797668756670545,3.1809897272636697e-05,0.0052797668756670545,0.0052581312369207843,0.0053233647683559983,0.0052798627000098736,0.0053234196455196961,0.054117993010110839,0.026217478318879252,0.031540897964398948,0.0053234196455196961,0,0,0,0,0,0.81818181818181823,-1.6285715133389515e-07,3.4805755508591631e-05,0.0038343983621644683,0,8.3719490564276073e-07
285,13,13,0.28972949274994758,0.083943178969141927,1,-1,3,1,1,-1,1,589,0.037518345563709136,0.054768750463855598,0.017250404900146461,0.0096966721883618712,0.02735156771180787,0.017654895523445999,0.0045154725773453369,0.0004852418267629377,0.0045154725773453369,0.0045217260473375924,0.0052511358605762792,0.0045414702715307932,0.0053161509466673612,0.054768750463855598,0.02735156771180787,0.032667718658475231,0.0053161509466673612,0,0,0,0,0,0.75077160493827155,-0.0087446099180117972,0.00013659205692337253,0.012777547311524556,0,0.028323593621929866
286,4,18,0.29016142580174104,0.084193653023299272,1,1,1,0,1,-1,1,861,0.031487658438959308,0.059058469015506661,0.027570810576547353,0.0066888891968390849,0.037758505670446967,0.031069616473607883,0.004472919490600356,0.00064090753102382769,0.004472919490600356,0.0045938332005099163,0.0052564432585885841,0.0045186027965196957,0.0053071458301537124,0.054543028685790529,0.026963209085055614,0.032270354915209326,0.0053071458301537124,0,0,0,0,0,0.33054074638233055,-1.8568738695913848e-05,0.00013174529001095737,0.0022335659718756688,0,0.0043625288931448064
286,4,18,0.29016142580174104,0.084193653023299272,1,1,3,1,1,-1,1,578,0.037731821214142758,0.054656592748484903,0.016924771534342145,0.0098255364160582479,0.027151434289526349,0.017325897873468103,0.0045299066950177432,0.00047716247209978873,0.0045299066950177432,0.0045363930005364993,0.0052535702375997098,0.0045549685718286742,0.0053179476894585354,0.054656592748484903,0.027151434289526349,0.032469381978984885,0.0053179476894585354,0,0,0,0,0,0.74835970667695872,-0.0087563482929347066,0.00013174529001095737,0.033863358851099416,0,0.028366102121982449
286,4,18,0.29016142580174104,0.084193653023299272,1,-1,1,0,1,-1,1,895,0.038697452792413121,0.053693196403707247,0.014995743611294125,0.010470305520125052,0.025605802559005776,0.015135497038880725,0.0046534390872485917,0.000477316828894498,0.0046534390872485917,0.0046880996998143395,0.0053252830911711549,0.0046778549244155592,0.0053570098449433438,0.053532692777198666,0.025216811207471646,0.03057382105241499,0.0053570098449433438,0,0,0,0,0,0.88003933136676504,-3.6967504370148023e-06,0.00013174529001095737,0.0056004351832507713,0,1.9387033794917652e-05
286,4,18,0.29016142580174104,0.084193653023299272,1,-1,1,0,2,-1,0,15,0.053696443328682945,0.053851850507092403,0.00015540717840945711,0.025610701252392027,0.025853056689036983,0.00024235543664495596,0.005276594814062883,4.5355732050702441e-05,0.005276594814062883,0.0052785252420665084,0.0053451769697963744,0.0052767897413318601,0.0053454849152311489,0.053851850507092403,0.025750500333555706,0.031095985248786855,0.0053454849152311489,0,0,0,0,0,1,2.3217059171124236e-06,4.4891008398935113e-05,0.0048032869595283191,0.0015016626394007649,-9.0199627302882861e-06
286,4,18,0.29016142580174104,0.084193653023299272,1,-1,1,0,3,-1,0,11,0.053911841818989212,0.05401146409742285,9.9622278433637856e-05,0.025947336631824167,0.026103498311237434,0.00015616167941326711,0.0052891897867747223,3.9319388066035612e-05,0.0052891897867747223,0.0052759668717862543,0.0053442023470434176,0.0052893359332528605,0.0053444051774814011,0.05401146409742285,0.026017344896597731,0.031361750074079132,0.0053444051774814011,0,0,0,0,0,1,1.1818288591143198e-06,3.6093762669180043e-05,0.0041350819523032108,0.0010652441101852634,-4.5389800571375743e-06
286,4,18,0.29016142580174104,0.084193653023299272,1,-1,3,1,1,-1,1,578,0.037731821214142758,0.054656592748484903,0.016924771534342145,0.0098255364160582479,0.027151434289526349,0.017325897873468103,0.0045299066950177432,0.00047716247209978873,0.0045299066950177432,0.0045363930005364993,0.0052535702375997098,0.0045549685718286742,0.0053179476894585354,0.054656592748484903,0.027151434289526349,0.032469381978984885,0.0053179476894585354,0,0,0,0,0,0.74835970667695872,-0.0087563482929347066,0.00013174529001095737,0.012714611402533636,0,0.028366102121982449
287,18,4,0.29016142580174104,0.084193653023299272,1,1,1,0,1,-1,1,861,0.031487658438959308,0.059058469015506661,0.027570810576547353,0.0066888891968390849,0.037758505670446967,0.031069616473607883,0.004472919490600356,0.00064090753102382769,0.004472919490600356,0.0045938332005099163,0.0052564432585885841,0.0045186027965196957,0.0053071458301537124,0.054543028685790529,0.026963209085055614,0.032270354915209326,0.0053071458301537124,0,0,0,0,0,0.33054074638233055,-1.8568738695913848e-05,0.00013174529001095737,0.0022335659718756688,0,0.0043625288931448064
287,18,4,0.29016142580174104,0.084193653023299272,1,1,3,1,1,-1,1,578,0.037731821214142758,0.054656592748484903,0.016924771534342145,0.0098255364160582479,0.027151434289526349,0.017325897873468103,0.0045299066950177432,0.00047716247209978873,0.0045299066950177432,0.0045363930005364993,0.0052535702375997098,0.0045549685718286742,0.0053179476894585354,0.054656592748484903,0.027151434289526349,0.032469381978984885,0.0053179476894585354,0,0,0,0,0,0.74835970667695872,-0.0087563482929347066,0.00013174529001095737,0.033863358851099416,0,0.028366102121982449
287,18,4,0.29016142580174104,0.084193653023299272,1,-1,1,0,1,-1,1,895,0.038697452792413121,0.053693196403707247,0.014995743611294125,0.010470305520125052,0.025605802559005776,0.015135497038880725,0.0046534390872485917,0.000477316828894498,0.0046534390872485917,0.0046880996998143395,0.0053252830911711549,0.0046778549244155592,0.0053570098449433438,0.053532692777198666,0.025216811207471646,0.03057382105241499,0.0053570098449433438,0,0,0,0,0,0.88003933136676504,-3.6967504370148023e-06,0.00013174529001095737,0.0056004351832507713,0,1.9387033794917652e-05
287,18,4,0.29016142580174104,0.084193653023299272,1,-1,1,0,2,-1,0,15,0.053696443328682945,0.053851850507092403,0.00015540717840945711,0.025610701252392027,0.025853056689036983,0.00024235543664495596,0.005276594814062883,4.5355732050702441e-05,0.005276594814062883,0.0052785252420665084,0.0053451769697963744,0.0052767897413318601,0.0053454849152311489,0.053851850507092403,0.025750500333555706,0.031095985248786855,0.0053454849152311489,0,0,0,0,0,1,2.3217059171124236e-06,4.4891008398935113e-05,0.0048032869595283191,0.0015016626394007649,-9.0199627302882861e-06
287,18,4,0.29016142580174104,0.084193653023299272,1,-1,1,0,3,-1,0,11,0.053911841818989212,0.05401146409742285,9.9622278433637856e-05,0.025947336631824167,0.026103498311237434,0.00015616167941326711,0.0052891897867747223,3.9319388066035612e-05,0.0052891897867747223,0.0052759668717862543,0.0053442023470434176,0.0052893359332528605,0.0053444051774814011,0.05401146409742285,0.026017344896597731,0.031361750074079132,0.0053444051774814011,0,0,0,0,0,1,1.1818288591143198e-06,3.6093762669180043e-05,0.0041350819523032108,0.0010652441101852634,-4.5389800571375743e-06
287,18,4,0.29016142580174104,0.084193653023299272,1,-1,3,1,1,-1,1,578,0.037731821214142758,0.054656592748484903,0.016924771534342145,0.0098255364160582479,0.027151434289526349,0.017325897873468103,0.0045299066950177432,0.00047716247209978873,0.0045299066950177432,0.0045363930005364993,0.0052535702375997098,0.0045549685718286742,0.0053179476894585354,0.054656592748484903,0.027151434289526349,0.032469381978984885,0.0053179476894585354,0,0,0,0,0,0.74835970667695872,-0.0087563482929347066,0.00013174529001095737,0.012714611402533636,0,0.028366102121982449
288,12,14,0.29057040575132914,0.084431160698492047,1,1,1,0,1,-1,1,845,0.031647765176784519,0.05905763909335611,0.027409873916571591,0.0067613132098057784,0.037758505670446967,0.030997192460641188,0.0044751524650758646,0.00063858790972000845,0.0044751524650758646,0.0045938234124142871,0.005261349837028413,0.0045204849412552144,0.0053189455346881881,0.054543028685790529,0.026951409380521138,0.032270354915209326,0.0053189455346881881,0,0,0,0,0,0.32444782939832445,-1.8275890198163038e-05,0.00012715084334664783,0.0021564446584423904,0,0.0043715426584650351
288,12,14,0.29057040575132914,0.084431160698492047,1,1,3,1,1,-1,1,568,0.03792087283440175,0.054543028685790529,0.016622155851388778,0.0099399599733155427,0.026951409380521138,0.017011449407205594,0.0045422439780037115,0.00046984913452082362,0.0045422439780037115,0.0045486928547439718,0.0052548810050720846,0.0045664798877166814,0.0053189455346881881,0.054543028685790529,0.026951409380521138,0.032270354915209326,0.0053189455346881881,0,0,0,0,0,0.74527209571593978,-0.0087674798133012335,0.00012715084334664783,0.033858611639928919,0,0.028406417471968017
288,12,14,0.29057040575132914,0.084431160698492047,1,-1,1,0,1,-1,1,866,0.038906677558408063,0.053532778175061801,0.014626100616653738,0.010604561024629318,0.025349771112837361,0.014745210088208043,0.0046548112552251336,0.00046224155323579269,0.0046548112552251336,0.0046793555451943823,0.0053139160195789332,0.0046777061766755321,0.0053532746608225892,0.052675116744496327,0.023874491523089764,0.029227766183912353,0.0053532746608225892,0,0,0,0,0,0.87386478304742687,-3.4086702838526377e-06,0.00012715084334664783,0.0055487712159369646,0,1.8259025774178455e-05
288,12,14,0.29057040575132914,0.084431160698492047,1,-1,1,0,2,-1,0,15,0.053529323265131892,0.053691899186206385,0.00016257592107449259,0.02534459458776878,0.02559393760419755,0.00024934301642877063,0.0052767531535336731,4.9602940714832363e-05,0.0052767531535336731,0.0052822867780708237,0.0053487820059220084,0.0052769862890721187,0.0053491229141792752,0.053691899186206385,0.025483655770513678,0.030832778684692953,0.0053491229141792752,0,0,0,0,0,1,8.7843373774388277e-07,4.5967489656472841e-05,0.0046592629184241717,0.00089513881276486113,-3.2050939764723405e-06
288,12,14,0.29057040575132914,0.084431160698492047,1,-1,1,0,3,-1,0,11,0.05374756951010827,0.053851492414072603,0.00010392290396433329,0.025680283129698871,0.025841169362833295,0.00016088623313442393,0.0052877538925195896,4.1801495695828102e-05,0.0052877538925195896,0.0052767790744796504,0.0053446854253981473,0.0052879191174694121,0.005344892199585654,0.053851492414072603,0.0257505003335557,0.031095392533141353,0.005344892199585654,0,0,0,0,0,1,1.1356750128025523e-06,3.7482332403462507e-05,0.004159113332267721,0.0010409118977950267,-4.3339903158849767e-06
288,12,14,0.29057040575132914,0.084431160698492047,1,-1,3,1,1,-1,1,568,0.03792087283440175,0.054543028685790529,0.016622155851388778,0.0099399599733155427,0.026951409380521138,0.017011449407205594,0.0045422439780037115,0.00046984913452082362,0.0045422439780037115,0.0045486928547439718,0.0052548810050720846,0.0045664798877166814,0.0053189455346881881,0.054543028685790529,0.026951409380521138,0.032270354915209326,0.0053189455346881881,0,0,0,0,0,0.74527209571593978,-0.0087674798133012335,0.00012715084334664783,0.012661146261728743,0,0.028406417471968017
289,14,12,0.29057040575132914,0.084431160698492047,1,1,1,0,1,-1,1,845,0.031647765176784519,0.05905763909335611,0.027409873916571591,0.0067613132098057784,0.037758505670446967,0.030997192460641188,0.0044751524650758646,0.00063858790972000845,0.0044751524650758646,0.0045938234124142871,0.005261349837028413,0.0045204849412552144,0.0053189455346881881,0.054543028685790529,0.026951409380521138,0.032270354915209326,0.0053189455346881881,0,0,0,0,0,0.32444782939832445,-1.8275890198163038e-05,0.00012715084334664783,0.0021564446584423904,0,0.0043715426584650351
289,14,12,0.29057040575132914,0.084431160698492047,1,1,3,1,1,-1,1,568,0.03792087283440175,0.054543028685790529,0.016622155851388778,0.0099399599733155427,0.026951409380521138,0.017011449407205594,0.0045422439780037115,0.00046984913452082362,0.0045422439780037115,0.0045486928547439718,0.0052548810050720846,0.0045664798877166814,0.0053189455346881881,0.054543028685790529,0.026951409380521138,0.032270354915209326,0.0053189455346881881,0,0,0,0,0,0.74527209571593978,-0.0087674798133012335,0.00012715084334664783,0.033858611639928919,0,0.028406417471968017
289,14,12,0.29057040575132914,0.084431160698492047,1,-1,1,0,1,-1,1,866,0.038906677558408063,0.053532778175061801,0.014626100616653738,0.010604561024629318,0.025349771112837361,0.014745210088208043,0.0046548112552251336,0.00046224155323579269,0.0046548112552251336,0.0046793555451943823,0.0053139160195789332,0.0046777061766755321,0.0053532746608225892,0.052675116744496327,0.023874491523089764,0.029227766183912353,0.0053532746608225892,0,0,0,0,0,0.87386478304742687,-3.4086702838526377e-06,0.00012715084334664783,0.0055487712159369646,0,1.8259025774178455e-05
289,14,12,0.29057040575132914,0.084431160698492047,1,-1,1,0,2,-1,0,15,0.053529323265131892,0.053691899186206385,0.00016257592107449259,0.02534459458776878,0.02559393760419755,0.00024934301642877063,0.0052767531535336731,4.9602940714832363e-05,0.0052767531535336731,0.0052822867780708237,0.0053487820059220084,0.0052769862890721187,0.0053491229141792752,0.053691899186206385,0.025483655770513678,0.030832778684692953,0.0053491229141792752,0,0,0,0,0,1,8.7843373774388277e-07,4.5967489656472841e-05,0.0046592629184241717,0.00089513881276486113,-3.2050939764723405e-06
289,14,12,0.29057040575132914,0.084431160698492047,1,-1,1,0,3,-1,0,11,0.05374756951010827,0.053851492414072603,0.00010392290396433329,0.025680283129698871,0.025841169362833295,0.00016088623313442393,0.0052877538925195896,4.1801495695828102e-05,0.0052877538925195896,0.0052767790744796504,0.0053446854253981473,0.0052879191174694121,0.005344892199585654,0.053851492414072603,0.0257505003335557,0.031095392533141353,0.005344892199585654,0,0,0,0,0,1,1.1356750128025523e-06,3.7482332403462507e-05,0.004159113332267721,0.0010409118977950267,-4.3339903158849767e-06
289,14,12,0.29057040575132914,0.084431160698492047,1,-1,3,1,1,-1,1,568,0.03792087283440175,0.054543028685790529,0.016622155851388778,0.0099399599733155427,0.026951409380521138,0.017011449407205594,0.0045422439780037115,0.00046984913452082362,0.0045422439780037115,0.0045486928547439718,0.0052548810050720846,0.0045664798877166814,0.0053189455346881881,0.054543028685790529,0.026951409380521138,0.032270354915209326,0.0053189455346881881,0,0,0,0,0,0.74527209571593978,-0.0087674798133012335,0.00012715084334664783,0.012661146261728743,0,0.028406417471968017
290,11,15,0.29307846094734608,0.085894984271265074,1,1,1,0,1,-1,1,787,0.032661774516344229,0.058628540267253615,0.025966765750909386,0.007228177143240643,0.036424282855236821,0.029196105711996177,0.0045532880108847974,0.00060685675734375273,0.0045532880108847974,0.0046795553266545178,0.0052712394769201107,0.0045935505694398322,0.0053189374187492915,0.0539563173952054,0.025950633755837223,0.031269571174586515,0.0053189374187492915,0,0,0,0,0,0.30205949656750575,-1.845511193281962e-05,9.8931325397635898e-05,0.0017552459962533083,0,0.0044274375089209212
290,11,15,0.29307846094734608,0.085894984271265074,1,1,3,1,1,-1,1,502,0.03917278185456971,0.053849232821881254,0.014676450967311544,0.0107270250755241,0.025768636170302055,0.015041611094777954,0.0046238349048301017,0.0004201105383109239,0.0046238349048301017,0.0046294325299903166,0.0052635808779870003,0.0046428807966094809,0.0053230166463666614,0.053849232821881254,0.025768636170302055,0.031091652816668716,0.0053230166463666614,0,0,0,0,0,0.72699149265274554,-0.0088361491192115171,9.8931325397635898e-05,0.03371846064124015,0,0.028655207986285881
290,11,15,0.29307846094734608,0.085894984271265074,1,-1,1,0,1,-1,0,15,0.040401593295591023,0.040675134832539116,0.0002735415369480923,0.011604105872165649,0.011804300684432016,0.00020019481226636777,0.004039521645542379,3.4730467870500373e-05,0.004039521645542379,0.0040215472419024897,0.0040897294915923053,0.0040396709433076251,0.0040913610038896576,0.040675134832539116,0.011741160773849232,0.015832521777738889,0.0040913610038896576,0,0,0,0,0,0.88235294117647056,-7.407642693792112e-07,2.5006444218464541e-05,0.0032454406166873787,0,3.2150267009811394e-06
290,11,15,0.29307846094734608,0.085894984271265074,1,-1,1,0,2,-1,1,712,0.040671910538243872,0.052582200430552867,0.011910289892308995,0.011801736527045475,0.023873637936856242,0.012071901409810766,0.0047157170598106533,0.00037444882471419477,0.0047157170598106533,0.0047376170743341408,0.0052707355859151483,0.0047305601476483813,0.005322747720043975,0.052305709412400328,0.023348899266177451,0.028671646986221426,0.005322747720043975,0,0,0,0,0,0.88009888751545118,-3.0323518546593076e-06,9.8931325397635898e-05,0.0051830275838570666,0,1.5004689802275693e-05
290,11,15,0.29307846094734608,0.085894984271265074,1,-1,1,0,3,-1,0,19,0.052622012044129515,0.052838634426241017,0.00021662238211150181,0.023943543004094181,0.02425334268599607,0.00030979968190188861,0.0052564539185025929,4.7422316159808404e-05,0.0052564539185025929,0.0052621917835687301,0.0053275894269040509,0.0052566678298529776,0.0053279326718959456,0.052838004724561898,0.024149432955303533,0.029477365627199478,0.0053279326718959456,0,0,0,0,0,1,1.2708953341492745e-06,4.3620508474926368e-05,0.0046125795061150625,0.0010963001368872341,-4.8074959605558737e-06
290,11,15,0.29307846094734608,0.085894984271265074,1,-1,1,0,4,-1,0,11,0.052948163173958084,0.05305085135778944,0.00010268818383135647,0.024413103157647942,0.024562495315795147,0.00014939215814720533,0.0052742580317453542,3.7729311517072369e-05,0.0052742580317453542,0.0052567720084618977,0.0053245718675597829,0.0052743929780002105,0.005324717877221604,0.05305085135778944,0.024482988659106069,0.029807706536327673,0.005324717877221604,0,0,0,0,0,1,2.6687661742711718e-06,3.3699356593837416e-05,0.0041025671960981547,0.001621200046851778,-1.0513158367648828e-05
290,11,15,0.29307846094734608,0.085894984271265074,1,-1,3,1,1,-1,1,502,0.03917278185456971,0.053849232821881254,0.014676450967311544,0.0107270250755241,0.025768636170302055,0.015041611094777954,0.0046238349048301017,0.0004201105383109239,0.0046238349048301017,0.0046294325299903166,0.0052635808779870003,0.0046428807966094809,0.0053230166463666614,0.053849232821881254,0.025768636170302055,0.031091652816668716,0.0053230166463666614,0,0,0,0,0,0.72699149265274554,-0.0088361491192115171,9.8931325397635898e-05,0.012310115481337005,0,0.028655207986285881
291,15,11,0.29307846094734608,0.085894984271265074,1,1,1,0,1,-1,1,787,0.032661774516344229,0.058628540267253615,0.025966765750909386,0.007228177143240643,0.036424282855236821,0.029196105711996177,0.0045532880108847974,0.00060685675734375273,0.0045532880108847974,0.0046795553266545178,0.0052712394769201107,0.0045935505694398322,0.0053189374187492915,0.0539563173952054,0.025950633755837223,0.031269571174586515,0.0053189374187492915,0,0,0,0,0,0.30205949656750575,-1.845511193281962e-05,9.8931325397635898e-05,0.0017552459962533083,0,0.0044274375089209212
291,15,11,0.29307846094734608,0.085894984271265074,1,1,3,1,1,-1,1,502,0.03917278185456971,0.053849232821881254,0.014676450967311544,0.0107270250755241,0.025768636170302055,0.015041611094777954,0.0046238349048301017,0.0004201105383109239,0.0046238349048301017,0.0046294325299903166,0.0052635808779870003,0.0046428807966094809,0.0053230166463666614,0.053849232821881254,0.025768636170302055,0.031091652816668716,0.0053230166463666614,0,0,0,0,0,0.72699149265274554,-0.0088361491192115171,9.8931325397635898e-05,0.03371846064124015,0,0.028655207986285881
291,15,11,0.29307846094734608,0.085894984271265074,1,-1,1,0,1,-1,0,15,0.040401593295591023,0.040675134832539116,0.0002735415369480923,0.011604105872165649,0.011804300684432016,0.00020019481226636777,0.004039521645542379,3.4730467870500373e-05,0.004039521645542379,0.0040215472419024897,0.0040897294915923053,0.0040396709433076251,0.0040913610038896576,0.040675134832539116,0.011741160773849232,0.015832521777738889,0.0040913610038896576,0,0,0,0,0,0.88235294117647056,-7.407642693792112e-07,2.5006444218464541e-05,0.0032454406166873787,0,3.2150267009811394e-06
291,15,11,0.29307846094734608,0.085894984271265074,1,-1,1,0,2,-1,1,712,0.040671910538243872,0.052582200430552867,0.011910289892308995,0.011801736527045475,0.023873637936856242,0.012071901409810766,0.0047157170598106533,0.00037444882471419477,0.0047157170598106533,0.0047376170743341408,0.0052707355859151483,0.0047305601476483813,0.005322747720043975,0.052305709412400328,0.023348899266177451,0.028671646986221426,0.005322747720043975,0,0,0,0,0,0.88009888751545118,-3.0323518546593076e-06,9.8931325397635898e-05,0.0051830275838570666,0,1.5004689802275693e-05
291,15,11,0.29307846094734608,0.085894984271265074,1,-1,1,0,3,-1,0,19,0.052622012044129515,0.052838634426241017,0.00021662238211150181,0.023943543004094181,0.02425334268599607,0.00030979968190188861,0.0052564539185025929,4.7422316159808404e-05,0.0052564539185025929,0.0052621917835687301,0.0053275894269040509,0.0052566678298529776,0.0053279326718959456,0.052838004724561898,0.024149432955303533,0.029477365627199478,0.0053279326718959456,0,0,0,0,0,1,1.2708953341492745e-06,4.3620508474926368e-05,0.0046125795061150625,0.0010963001368872341,-4.8074959605558737e-06
291,15,11,0.29307846094734608,0.085894984271265074,1,-1,1,0,4,-1,0,11,0.052948163173958084,0.05305085135778944,0.00010268818383135647,0.024413103157647942,0.024562495315795147,0.00014939215814720533,0.0052742580317453542,3.7729311517072369e-05,0.0052742580317453542,0.0052567720084618977,0.0053245718675597829,0.0052743929780002105,0.005324717877221604,0.05305085135778944,0.024482988659106069,0.029807706536327673,0.005324717877221604,0,0,0,0,0,1,2.6687661742711718e-06,3.3699356593837416e-05,0.0041025671960981547,0.001621200046851778,-1.0513158367648828e-05
291,15,11,0.29307846094734608,0.085894984271265074,1,-1,3,1,1,-1,1,502,0.03917278185456971,0.053849232821881254,0.014676450967311544,0.0107270250755241,0.025768636170302055,0.015041611094777954,0.0046238349048301017,0.0004201105383109239,0.0046238349048301017,0.0046294325299903166,0.0052635808779870003,0.0046428807966094809,0.0053230166463666614,0.053849232821881254,0.025768636170302055,0.031091652816668716,0.0053230166463666614,0,0,0,0,0,0.72699149265274554,-0.0088361491192115171,9.8931325397635898e-05,0.012310115481337005,0,0.028655207986285881
292,5,18,0.2939979231060989,0.086434778790699635,1,1,1,0,1,-1,1,780,0.032928619079386254,0.058580533891423342,0.025651914812037088,0.0073547755533137325,0.036290860573715812,0.02893608502040208,0.0045785414527178018,0.00059942363957522858,0.0045785414527178018,0.004713575055002809,0.0052685900766613388,0.004617613077547409,0.0053067504563492074,0.053422281521014005,0.025089212178880362,0.030395962635229569,0.0053067504563492074,0,0,0,0,0,0.30003812428516963,-1.7210184147244158e-05,8.8561317766623136e-05,0.0016084125876145983,0,0.0044481948998200899
292,5,18,0.2939979231060989,0.086434778790699635,1,1,3,1,1,-1,1,475,0.039653102068045364,0.053550747132479322,0.013897645064433958,0.011041709390183955,0.025283522348232154,0.014241812958048199,0.0046532285432798063,0.00039922075930682568,0.0046532285432798063,0.0046581107582856357,0.0052609226809786228,0.0046703225895708142,0.0053195158553994704,0.053550747132479322,0.025283522348232154,0.030603038203631625,0.0053195158553994704,0,0,0,0,0,0.71992263056092842,-0.0088614937912759647,8.8561317766623136e-05,0.033667960273628464,0,0.02874707164053034
292,5,18,0.2939979231060989,0.086434778790699635,1,-1,1,0,1,-1,0,9,0.040882927802436575,0.041047030305820451,0.00016410250338387555,0.01193861331235826,0.012060269555297629,0.00012165624293936951,0.0040945264191034883,2.6851591240496809e-05,0.0040945264191034883,0.0040787033175682628,0.0041354520716716265,0.0040946144634981911,0.0041363208757713502,0.041047030305820451,0.01200800533689126,0.01614432621266261,0.0041363208757713502,0,0,0,0,0,0.81818181818181823,-3.327699206708744e-07,2.2357791433137196e-05,0.0031547924382787779,0,1.5213921631969466e-06
292,5,18,0.2939979231060989,0.086434778790699635,1,-1,1,0,2,-1,1,686,0.041147751622271203,0.052258714337998377,0.011110962715727174,0.012137436242163336,0.023400785461093837,0.011263349218930501,0.0047298850303921433,0.00034411473504556138,0.0047298850303921433,0.0047442332689096303,0.0052511971769496285,0.0047423862507816857,0.0053089700900629637,0.052251493846667663,0.023282188125416946,0.02859115821547991,0.0053089700900629637,0,0,0,0,0,0.90860927152317883,-2.4947369321418625e-06,8.8561317766623136e-05,0.0050979777444468549,0,1.2195911717326199e-05
292,5,18,0.2939979231060989,0.086434778790699635,1,-1,1,0,3,-1,0,17,0.052355466453642086,0.052570741258975186,0.00021527480533310023,0.023544737029283787,0.023846831648109905,0.0003020946188261181,0.0052451209985012659,4.0855541061266917e-05,0.0052451209985012659,0.0052188485668523757,0.0053063167638867934,0.005245280113030602,0.0053065337201966857,0.052517610200518337,0.023682454969979987,0.028988988690176673,0.0053065337201966857,0,0,0,0,0,0.89473684210526316,-2.2623887974583935e-07,3.9274342795260863e-05,0.0041689799212375868,0,1.1493263183972922e-06
292,5,18,0.2939979231060989,0.086434778790699635,1,-1,3,1,1,-1,1,475,0.039653102068045364,0.053550747132479322,0.013897645064433958,0.011041709390183955,0.025283522348232154,0.014241812958048199,0.0046532285432798063,0.00039922075930682568,0.0046532285432798063,0.0046581107582856357,0.0052609226809786228,0.0046703225895708142,0.0053195158553994704,0.053550747132479322,0.025283522348232154,0.030603038203631625,0.0053195158553994704,0,0,0,0,0,0.71992263056092842,-0.0088614937912759647,8.8561317766623136e-05,0.012179574878196877,0,0.02874707164053034
293,18,5,0.2939979231060989,0.086434778790699635,1,1,1,0,1,-1,1,780,0.032928619079386254,0.058580533891423342,0.025651914812037088,0.0073547755533137325,0.036290860573715812,0.02893608502040208,0.0045785414527178018,0.00059942363957522858,0.0045785414527178018,0.004713575055002809,0.0052685900766613388,0.004617613077547409,0.0053067504563492074,0.053422281521014005,0.025089212178880362,0.030395962635229569,0.0053067504563492074,0,0,0,0,0,0.30003812428516963,-1.7210184147244158e-05,8.8561317766623136e-05,0.0016084125876145983,0,0.0044481948998200899
293,18,5,0.2939979231060989,0.086434778790699635,1,1,3,1,1,-1,1,475,0.039653102068045364,0.053550747132479322,0.013897645064433958,0.011041709390183955,0.025283522348232154,0.014241812958048199,0.0046532285432798063,0.00039922075930682568,0.0046532285432798063,0.0046581107582856357,0.0052609226809786228,0.0046703225895708142,0.0053195158553994704,0.053550747132479322,0.025283522348232154,0.030603038203631625,0.0053195158553994704,0,0,0,0,0,0.71992263056092842,-0.0088614937912759647,8.8561317766623136e-05,0.033667960273628464,0,0.02874707164053034
293,18,5,0.2939979231060989,0.086434778790699635,1,-1,1,0,1,-1,0,9,0.040882927802436575,0.041047030305820451,0.00016410250338387555,0.01193861331235826,0.012060269555297629,0.00012165624293936951,0.0040945264191034883,2.6851591240496809e-05,0.0040945264191034883,0.0040787033175682628,0.0041354520716716265,0.0040946144634981911,0.0041363208757713502,0.041047030305820451,0.01200800533689126,0.01614432621266261,0.0041363208757713502,0,0,0,0,0,0.81818181818181823,-3.327699206708744e-07,2.2357791433137196e-05,0.0031547924382787779,0,1.5213921631969466e-06
293,18,5,0.2939979231060989,0.086434778790699635,1,-1,1,0,2,-1,1,686,0.041147751622271203,0.052258714337998377,0.011110962715727174,0.012137436242163336,0.023400785461093837,0.011263349218930501,0.0047298850303921433,0.00034411473504556138,0.0047298850303921433,0.0047442332689096303,0.0052511971769496285,0.0047423862507816857,0.0053089700900629637,0.052251493846667663,0.023282188125416946,0.02859115821547991,0.0053089700900629637,0,0,0,0,0,0.90860927152317883,-2.4947369321418625e-06,8.8561317766623136e-05,0.0050979777444468549,0,1.2195911717326199e-05
293,18,5,0.2939979231060989,0.086434778790699635,1,-1,1,0,3,-1,0,17,0.052355466453642086,0.052570741258975186,0.00021527480533310023,0.023544737029283787,0.023846831648109905,0.0003020946188261181,0.0052451209985012659,4.0855541061266917e-05,0.0052451209985012659,0.0052188485668523757,0.0053063167638867934,0.005245280113030602,0.0053065337201966857,0.052517610200518337,0.023682454969979987,0.028988988690176673,0.0053065337201966857,0,0,0,0,0,0.89473684210526316,-2.2623887974583935e-07,3.9274342795260863e-05,0.0041689799212375868,0,1.1493263183972922e-06
293,18,5,0.2939979231060989,0.086434778790699635,1,-1,3,1,1,-1,1,475,0.039653102068045364,0.053550747132479322,0.013897645064433958,0.011041709390183955,0.025283522348232154,0.014241812958048199,0.0046532285432798063,0.00039922075930682568,0.0046532285432798063,0.0046581107582856357,0.0052609226809786228,0.0046703225895708142,0.0053195158553994704,0.053550747132479322,0.025283522348232154,0.030603038203631625,0.0053195158553994704,0,0,0,0,0,0.71992263056092842,-0.0088614937912759647,8.8561317766623136e-05,0.012179574878196877,0,0.02874707164053034
294,8,17,0.29584515847020543,0.087524357790260965,1,1,1,0,1,-1,1,742,0.033622414943295528,0.058256564635071159,0.024634149691775631,0.0076942295965713378,0.035356904603068715,0.027662675006497377,0.0046142162229908003,0.00058624214730945365,0.0046142162229908003,0.0047571925793723092,0.0052637655587418628,0.0046513085479027811,0.0053051927137468709,0.052995330220146762,0.024415879677421353,0.029721072391168224,0.0053051927137468709,0,0,0,0,0,0.28615032430370085,-1.7036498118756506e-05,6.7673606607513895e-05,0.0013298070618855073,0,0.0044903285157513158
294,8,17,0.29584515847020543,0.087524357790260965,1,1,3,1,1,-1,1,415,0.040720480320213477,0.052865216508813796,0.012144736188600319,0.011770612517436179,0.024216144096064041,0.012445531578627862,0.0047124987258798968,0.00035179159545921086,0.0047124987258798968,0.0047165081926664708,0.0052498384685130909,0.0047256112375073118,0.0053031876319023716,0.052865216508813796,0.024216144096064041,0.029519331727966412,0.0053031876319023716,0,0,0,0,0,0.70294345468628971,-0.0089126898012451394,6.7673606607513895e-05,0.033577418669498239,0,0.02893269968573851
294,8,17,0.29584515847020543,0.087524357790260965,1,-1,1,0,1,-1,0,11,0.042071826164709433,0.042220027168772011,0.00014820100406257725,0.012805345082825338,0.012922099105778261,0.00011675402295292271,0.0042563555730784491,3.0595119432433637e-05,0.0042563555730784491,0.0042549626667008345,0.0043030048872509446,0.0042564655320828171,0.0043030927008582704,0.042161440960640423,0.012805345082825338,0.017108437783683608,0.0043030927008582704,0,0,0,0,0,1,9.074302305026418e-07,2.1833116922106212e-05,0.0034010957005667602,0.00093240337127348466,-3.477504187048639e-06
294,8,17,0.29584515847020543,0.087524357790260965,1,-1,1,0,2,-1,0,11,0.042323266235371061,0.042487606447224213,0.00016434021185315201,0.013004921641333374,0.013135943843950016,0.00013102220261664195,0.0042880829730043233,3.714588488964366e-05,0.0042880829730043233,0.0042930114165799262,0.0043411366086819093,0.0042882438596859012,0.0043412405552365647,0.042428285523682455,0.013004921641333374,0.017346162196569939,0.0043412405552365647,0,0,0,0,0,1,6.406847392334341e-07,2.5390201370171134e-05,0.0035227230084961727,0.00076647531802045575,-2.3499376525382352e-06
294,8,17,0.29584515847020543,0.087524357790260965,1,-1,1,0,3,-1,1,565,0.042489286420286314,0.051346428546969344,0.0088571421266830305,0.01313735958179625,0.022135882928534318,0.0089985233467380684,0.0047902997006236221,0.00027755960294946361,0.0047902997006236221,0.0048059040272077358,0.0051884864508531846,0.0047983341437403274,0.0052622194569095573,0.051290948965153453,0.021947965310206805,0.027210184767116362,0.0052622194569095573,0,0,0,0,0,0.93698175787728022,-2.2581547474327137e-06,6.7673606607513895e-05,0.0048333919406952754,0,1.0365470006267968e-05
294,8,17,0.29584515847020543,0.087524357790260965,1,-1,1,0,4,-1,0,21,0.051555048498121141,0.051823283971541664,0.00026823547342052362,0.022411317607524343,0.022767594471707203,0.00035627686418285981,0.0052158566257767217,3.8200486930763397e-05,0.0052158566257767217,0.0051946279726337516,0.0052735422728574927,0.0052159965124471347,0.0052737707616685482,0.051770240316439405,0.022615076717811874,0.027888847479480422,0.0052737707616685482,0,0,0,0,0,0.91304347826086951,-8.1475469902112787e-08,3.4732706529761473e-05,0.003890081087513932,0,5.1606162216879443e-07
294,8,17,0.29584515847020543,0.087524357790260965,1,-1,3,1,1,-1,1,415,0.040720480320213477,0.052865216508813796,0.012144736188600319,0.011770612517436179,0.024216144096064041,0.012445531578627862,0.0047124987258798968,0.00035179159545921086,0.0047124987258798968,0.0047165081926664708,0.0052498384685130909,0.0047256112375073118,0.0053031876319023716,0.052865216508813796,0.024216144096064041,0.029519331727966412,0.0053031876319023716,0,0,0,0,0,0.70294345468628971,-0.0089126898012451394,6.7673606607513895e-05,0.011919619109921273,0,0.02893269968573851
295,17,8,0.29584515847020543,0.087524357790260965,1,1,1,0,1,-1,1,742,0.033622414943295528,0.058256564635071159,0.024634149691775631,0.0076942295965713378,0.035356904603068715,0.027662675006497377,0.0046142162229908003,0.00058624214730945365,0.0046142162229908003,0.0047571925793723092,0.0052637655587418628,0.0046513085479027811,0.0053051927137468709,0.052995330220146762,0.024415879677421353,0.029721072391168224,0.0053051927137468709,0,0,0,0,0,0.28615032430370085,-1.7036498118756506e-05,6.7673606607513895e-05,0.0013298070618855073,0,0.0044903285157513158
295,17,8,0.29584515847020543,0.087524357790260965,1,1,3,1,1,-1,1,415,0.040720480320213477,0.052865216508813796,0.012144736188600319,0.011770612517436179,0.024216144096064041,0.012445531578627862,0.0047124987258798968,0.00035179159545921086,0.0047124987258798968,0.0047165081926664708,0.0052498384685130909,0.0047256112375073118,0.0053031876319023716,0.052865216508813796,0.024216144096064041,0.029519331727966412,0.0053031876319023716,0,0,0,0,0,0.70294345468628971,-0.0089126898012451394,6.7673606607513895e-05,0.033577418669498239,0,0.02893269968573851
295,17,8,0.29584515847020543,0.087524357790260965,1,-1,1,0,1,-1,0,11,0.042071826164709433,0.042220027168772011,0.00014820100406257725,0.012805345082825338,0.012922099105778261,0.00011675402295292271,0.0042563555730784491,3.0595119432433637e-05,0.0042563555730784491,0.0042549626667008345,0.0043030048872509446,0.0042564655320828171,0.0043030927008582704,0.042161440960640423,0.012805345082825338,0.017108437783683608,0.0043030927008582704,0,0,0,0,0,1,9.074302305026418e-07,2.1833116922106212e-05,0.0034010957005667602,0.00093240337127348466,-3.477504187048639e-06
295,17,8,0.29584515847020543,0.087524357790260965,1,-1,1,0,2,-1,0,11,0.042323266235371061,0.042487606447224213,0.00016434021185315201,0.013004921641333374,0.013135943843950016,0.00013102220261664195,0.0042880829730043233,3.714588488964366e-05,0.0042880829730043233,0.0042930114165799262,0.0043411366086819093,0.0042882438596859012,0.0043412405552365647,0.042428285523682455,0.013004921641333374,0.017346162196569939,0.0043412405552365647,0,0,0,0,0,1,6.406847392334341e-07,2.5390201370171134e-05,0.0035227230084961727,0.00076647531802045575,-2.3499376525382352e-06
295,17,8,0.29584515847020543,0.087524357790260965,1,-1,1,0,3,-1,1,565,0.042489286420286314,0.051346428546969344,0.0088571421266830305,0.01313735958179625,0.022135882928534318,0.0089985233467380684,0.0047902997006236221,0.00027755960294946361,0.0047902997006236221,0.0048059040272077358,0.0051884864508531846,0.0047983341437403274,0.0052622194569095573,0.051290948965153453,0.021947965310206805,0.027210184767116362,0.0052622194569095573,0,0,0,0,0,0.93698175787728022,-2.2581547474327137e-06,6.7673606607513895e-05,0.0048333919406952754,0,1.0365470006267968e-05
295,17,8,0.29584515847020543,0.087524357790260965,1,-1,1,0,4,-1,0,21,0.051555048498121141,0.051823283971541664,0.00026823547342052362,0.022411317607524343,0.022767594471707203,0.00035627686418285981,0.0052158566257767217,3.8200486930763397e-05,0.0052158566257767217,0.0051946279726337516,0.0052735422728574927,0.0052159965124471347,0.0052737707616685482,0.051770240316439405,0.022615076717811874,0.027888847479480422,0.0052737707616685482,0,0,0,0,0,0.91304347826086951,-8.1475469902112787e-08,3.4732706529761473e-05,0.003890081087513932,0,5.1606162216879443e-07
295,17,8,0.29584515847020543,0.087524357790260965,1,-1,3,1,1,-1,1,415,0.040720480320213477,0.052865216508813796,0.012144736188600319,0.011770612517436179,0.024216144096064041,0.012445531578627862,0.0047124987258798968,0.00035179159545921086,0.0047124987258798968,0.0047165081926664708,0.0052498384685130909,0.0047256112375073118,0.0053031876319023716,0.052865216508813796,0.024216144096064041,0.029519331727966412,0.0053031876319023716,0,0,0,0,0,0.70294345468628971,-0.0089126898012451394,6.7673606607513895e-05,0.011919619109921273,0,0.02893269968573851
296,10,16,0.29721084245353185,0.088334284871938118,1,1,1,0,1,-1,1,709,0.03388925950633756,0.05815797412899644,0.02426871462265888,0.0078304529160252261,0.035090060040026683,0.027259607124001457,0.0046508355416154962,0.00056372509670802478,0.0046508355416154962,0.0048037476680554275,0.0052607462016561971,0.0046848753686530853,0.0052915346674071995,0.05315543695797198,0.024680269912718045,0.029971804580125244,0.0052915346674071995,0,0,0,0,0,0.2736641221374046,-1.5452818767461803e-05,6.1484327814705837e-05,0.0011068685376163204,0,0.0045218483913225969
296,10,16,0.29721084245353185,0.088334284871938118,1,1,3,1,1,-1,1,365,0.041607806801031808,0.052278355742807363,0.010670548941775555,0.012408272181454304,0.023348899266177454,0.01094062708472315,0.0047572355930522552,0.00031130740023508247,0.0047572355930522552,0.0047611198701809632,0.0052336981367643084,0.004767410490533028,0.0052821028171884665,0.052278355742807363,0.023348899266177454,0.028631002083365921,0.0052821028171884665,0,0,0,0,0,0.68694304533126693,-0.0089507806397345607,5.2207931682762932e-05,0.033473486995653362,0,0.029070865901739958
296,10,16,0.29721084245353185,0.088334284871938118,1,-1,1,0,1,-1,0,11,0.043345904980337281,0.043499886246637781,0.00015398126630049996,0.013805719359137223,0.013935232772220895,0.00012951341308367267,0.0044176831581228433,3.5699984798022276e-05,0.0044176831581228433,0.0044187361490796249,0.0044691870614355263,0.0044178274043331304,0.0044692805647909822,0.043442294863242158,0.013805719359137223,0.018274999923928205,0.0044692805647909822,0,0,0,0,0,1,2.409362601161455e-07,2.4353366452376502e-05,0.0034143815273737152,0.00043906645154889951,-7.7111739550296849e-07
296,10,16,0.29721084245353185,0.088334284871938118,1,-1,1,0,2,-1,0,11,0.043504425459340891,0.043660796867614822,0.00015637140827393092,0.013938935785507903,0.014070936951065051,0.0001320011655571475,0.0044340583297408625,3.6839805703778425e-05,0.0044340583297408625,0.0044360151179793708,0.0044864773460149979,0.0044342113665034747,0.0044865319534794831,0.043602401601067375,0.013938935785507903,0.018425467738987386,0.0044865319534794831,0,0,0,0,0,1,1.3889745863464336e-06,2.6142570117973781e-05,0.0036808981757021995,0.0011569387200470718,-5.3540288077766266e-06
296,10,16,0.29721084245353185,0.088334284871938118,1,-1,1,0,3,-1,0,11,0.043661783679432652,0.043821808129740333,0.0001600244503076817,0.014071804445935133,0.014207660063122934,0.00013585561718780156,0.0044510758094011473,3.8492055660928506e-05,0.0044510758094011473,0.00445456938291049,0.0045048583643598119,0.0044512422422718217,0.0045048770478335175,0.043762508338892593,0.014072129424847398,0.018577006472680915,0.0045048770478335175,0,0,0,0,0,1,2.1981080340043041e-06,2.7887091500208559e-05,0.0038520734236738461,0.0014642505539865884,-8.5761187394001251e-06
296,10,16,0.29721084245353185,0.088334284871938118,1,-1,1,0,4,-1,1,483,0.043817993108816511,0.05118213261219428,0.0073641395033777687,0.014204269429123532,0.02188987964714622,0.0076856102180226874,0.0048593173551383225,0.00022641724410703314,0.0048593173551383225,0.0048748389452596338,0.0051758559442072888,0.0048645893892884252,0.0052383311980618505,0.051129596943566474,0.021747831887925284,0.026986163085987135,0.0052383311980618505,0,0,0,0,0,0.94891944990176813,-1.5614055480606901e-06,5.2207931682762932e-05,0.0044786591876492168,0,6.9300158739578427e-06
296,10,16,0.29721084245353185,0.088334284871938118,1,-1,3,1,1,-1,1,365,0.041607806801031808,0.052278355742807363,0.010670548941775555,0.012408272181454304,0.023348899266177454,0.01094062708472315,0.0047572355930522552,0.00031130740023508247,0.0047572355930522552,0.0047611198701809632,0.0052336981367643084,0.004767410490533028,0.0052821028171884665,0.052278355742807363,0.023348899266177454,0.028631002083365921,0.0052821028171884665,0,0,0,0,0,0.68694304533126693,-0.0089507806397345607,5.2207931682762932e-05,0.011714899111889625,0,0.029070865901739958
297,16,10,0.29721084245353185,0.088334284871938118,1,1,1,0,1,-1,1,709,0.03388925950633756,0.05815797412899644,0.02426871462265888,0.0078304529160252261,0.035090060040026683,0.027259607124001457,0.0046508355416154962,0.00056372509670802478,0.0046508355416154962,0.0048037476680554275,0.0052607462016561971,0.0046848753686530853,0.0052915346674071995,0.05315543695797198,0.024680269912718045,0.029971804580125244,0.0052915346674071995,0,0,0,0,0,0.2736641221374046,-1.5452818767461803e-05,6.1484327814705837e-05,0.0011068685376163204,0,0.0045218483913225969
297,16,10,0.29721084245353185,0.088334284871938118,1,1,3,1,1,-1,1,365,0.041607806801031808,0.052278355742807363,0.010670548941775555,0.012408272181454304,0.023348899266177454,0.01094062708472315,0.0047572355930522552,0.00031130740023508247,0.0047572355930522552,0.0047611198701809632,0.0052336981367643084,0.004767410490533028,0.0052821028171884665,0.052278355742807363,0.023348899266177454,0.028631002083365921,0.0052821028171884665,0,0,0,0,0,0.68694304533126693,-0.0089507806397345607,5.2207931682762932e-05,0.033473486995653362,0,0.029070865901739958
297,16,10,0.29721084245353185,0.088334284871938118,1,-1,1,0,1,-1,0,11,0.043345904980337281,0.043499886246637781,0.00015398126630049996,0.013805719359137223,0.013935232772220895,0.00012951341308367267,0.0044176831581228433,3.5699984798022276e-05,0.0044176831581228433,0.0044187361490796249,0.0044691870614355263,0.0044178274043331304,0.0044692805647909822,0.043442294863242158,0.013805719359137223,0.018274999923928205,0.0044692805647909822,0,0,0,0,0,1,2.409362601161455e-07,2.4353366452376502e-05,0.0034143815273737152,0.00043906645154889951,-7.7111739550296849e-07
297,16,10,0.29721084245353185,0.088334284871938118,1,-1,1,0,2,-1,0,11,0.043504425459340891,0.043660796867614822,0.00015637140827393092,0.013938935785507903,0.014070936951065051,0.0001320011655571475,0.0044340583297408625,3.6839805703778425e-05,0.0044340583297408625,0.0044360151179793708,0.0044864773460149979,0.0044342113665034747,0.0044865319534794831,0.043602401601067375,0.013938935785507903,0.018425467738987386,0.0044865319534794831,0,0,0,0,0,1,1.3889745863464336e-06,2.6142570117973781e-05,0.0036808981757021995,0.0011569387200470718,-5.3540288077766266e-06
297,16,10,0.29721084245353185,0.088334284871938118,1,-1,1,0,3,-1,0,11,0.043661783679432652,0.043821808129740333,0.0001600244503076817,0.014071804445935133,0.014207660063122934,0.00013585561718780156,0.0044510758094011473,3.8492055660928506e-05,0.0044510758094011473,0.00445456938291049,0.0045048583643598119,0.0044512422422718217,0.0045048770478335175,0.043762508338892593,0.014072129424847398,0.018577006472680915,0.0045048770478335175,0,0,0,0,0,1,2.1981080340043041e-06,2.7887091500208559e-05,0.0038520734236738461,0.0014642505539865884,-8.5761187394001251e-06
297,16,10,0.29721084245353185,0.088334284871938118,1,-1,1,0,4,-1,1,483,0.043817993108816511,0.05118213261219428,0.0073641395033777687,0.014204269429123532,0.02188987964714622,0.0076856102180226874,0.0048593173551383225,0.00022641724410703314,0.0048593173551383225,0.0048748389452596338,0.0051758559442072888,0.0048645893892884252,0.0052383311980618505,0.051129596943566474,0.021747831887925284,0.026986163085987135,0.0052383311980618505,0,0,0,0,0,0.94891944990176813,-1.5614055480606901e-06,5.2207931682762932e-05,0.0044786591876492168,0,6.9300158739578427e-06
297,16,10,0.29721084245353185,0.088334284871938118,1,-1,3,1,1,-1,1,365,0.041607806801031808,0.052278355742807363,0.010670548941775555,0.012408272181454304,0.023348899266177454,0.01094062708472315,0.0047572355930522552,0.00031130740023508247,0.0047572355930522552,0.0047611198701809632,0.0052336981367643084,0.004767410490533028,0.0052821028171884665,0.052278355742807363,0.023348899266177454,0.028631002083365921,0.0052821028171884665,0,0,0,0,0,0.68694304533126693,-0.0089507806397345607,5.2207931682762932e-05,0.011714899111889625,0,0.029070865901739958
298,6,18,0.29861814158566147,0.089172794484074155,1,1,1,0,1,-1,1,667,0.034529686457638424,0.057885694105742451,0.023356007648104027,0.0081546158753353117,0.034356237491661105,0.026201621616325794,0.0047058620240546236,0.00053824472781164809,0.0047058620240546236,0.0048726596076966236,0.0052479545663834323,0.0047365435474042159,0.0052769205711732485,0.052891393858790339,0.024282855236824549,0.029559775807997797,0.0052769205711732485,0,0,0,0,0,0.25811378388697975,-1.6416377451806234e-05,5.9387515730488215e-05,0.00088922972264211374,0,0.0045546575557316431
298,6,18,0.29861814158566147,0.089172794484074155,1,1,3,1,1,-1,1,304,0.042641761174116076,0.051514836448459528,0.0088730752743434518,0.013189808182160638,0.022281521014009337,0.0090917128318486994,0.0048019364227813886,0.00026093162876218956,0.0048019364227813886,0.0048044657899102127,0.0052020273900452848,0.0048090205575899766,0.0052431815400933758,0.051514836448459528,0.022281521014009337,0.027524702554102713,0.0052431815400933758,0,0,0,0,0,0.66679596586501166,-0.008990244028107967,3.6247639599433103e-05,0.033386562659629755,0,0.02921406080553153
298,6,18,0.29861814158566147,0.089172794484074155,1,-1,1,0,1,-1,0,11,0.044701071926312591,0.044833365931400589,0.00013229400508799755,0.014940257505003905,0.01505879811796164,0.00011854061295773523,0.0045772062726431272,3.0066217104862635e-05,0.0045772062726431272,0.0045685420293070673,0.0046221635238609116,0.0045773050193027975,0.0046221665575509122,0.044776517678452303,0.014940257505003905,0.019562424062554817,0.0046221665575509122,0,0,0,0,0,1,2.5715964567494962e-06,2.3136062733702243e-05,0.0037036951893292258,0.0015933497930495303,-1.0155054252043925e-05
298,6,18,0.29861814158566147,0.089172794484074155,1,-1,1,0,2,-1,0,11,0.044849814387547454,0.044993431724188161,0.00014361733664070703,0.015073401050223088,0.015203329539176524,0.00012992848895343641,0.0045985901805033697,3.4994199254941598e-05,0.0045985901805033697,0.0045948444983066501,0.0046487524717182625,0.0045987233274250704,0.0046488021127236729,0.044936624416277514,0.015073401050223088,0.019722203162946761,0.0046488021127236729,0,0,0,0,0,1,6.858989758645181e-07,2.4440953009965583e-05,0.0035193848163527332,0.00080129641053806248,-2.5683037501647325e-06
298,6,18,0.29861814158566147,0.089172794484074155,1,-1,1,0,3,-1,0,11,0.045070924962669637,0.045207875036298382,0.00013695007362874573,0.015270371912006878,0.015397856852403143,0.00012748494039626496,0.0046170694479981782,3.2415729664538067e-05,0.0046170694479981782,0.0046127904743297476,0.0046636830557755995,0.0046171832395052155,0.0046637372273191577,0.045153568047088803,0.015276851234156105,0.019940588461475263,0.0046637372273191577,0,0,0,0,0,1,4.0368313720742923e-06,2.6105354302001279e-05,0.0039675447627197996,0.0019998641464367803,-1.5997826416813247e-05
298,6,18,0.29861814158566147,0.089172794484074155,1,-1,1,0,4,-1,0,15,0.045217027469950127,0.045425125720113382,0.00020809825016325501,0.015406472178601324,0.015594428799393718,0.00018795662079239446,0.004639880670111683,3.6557077578863461e-05,0.004639880670111683,0.0046388440513574995,0.0046929849323259203,0.0046400246823478358,0.0046930290830281291,0.045310206804536353,0.015406606452528919,0.020099635535557048,0.0046930290830281291,0,0,0,0,0,1,1.2241215089129443e-06,2.7660562602056308e-05,0.0038812476110150302,0.0010826161443186937,-4.6882308637578981e-06
298,6,18,0.29861814158566147,0.089172794484074155,1,-1,1,0,5,-1,0,11,0.045434207955457696,0.045581523479814395,0.00014731552435669898,0.015603298980825468,0.015743173970667761,0.0001398749898422931,0.004659788658317887,3.7757319267146233e-05,0.004659788658317887,0.0046601063509595815,0.0047116950125976158,0.0046599416257444961,0.0047117306592126072,0.045527441899780786,0.01561040693795864,0.020322137597171247,0.0047117306592126072,0,0,0,0,0,1,3.3313643558123253e-06,2.8738896647980861e-05,0.0040138438901037004,0.0018117081836700626,-1.3129146171108311e-05
298,6,18,0.29861814158566147,0.089172794484074155,1,-1,1,0,6,-1,0,13,0.045577753824541677,0.045795647481245622,0.00021789365670394495,0.015739580481117125,0.01594341664928518,0.00020383616816805478,0.0046747427496837777,3.9238078775550203e-05,0.0046747427496837777,0.0046512331832081234,0.0047325929154007126,0.00467490742181565,0.0047327078875553825,0.045741152147157044,0.015810540360240159,0.020543248247795541,0.0047327078875553825,0,0,0,0,0,0.8666666666666667,-4.5653696112086856e-07,3.0092927492120022e-05,0.0037275884120744019,0,2.1033009935882008e-06
298,6,18,0.29861814158566147,0.089172794484074155,1,-1,1,0,7,-1,1,45,0.045791106112748267,0.046497122152677012,0.00070601603992874462,0.015939030614400173,0.016609306425173546,0.00067027581077337348,0.0047272731233666447,4.8704387316602327e-05,0.0047272731233666447,0.0047138014642640544,0.0047999794338005781,0.004727524013714633,0.0048087684416534895,0.046381854251079664,0.016410940627084723,0.021219709068738213,0.0048087684416534895,0,0,0,0,0,0.95744680851063835,-3.5577416606116482e-07,3.3639121193917025e-05,0.0039671095149211733,0,1.7559884408519841e-06
298,6,18,0.29861814158566147,0.089172794484074155,1,-1,1,0,8,-1,1,115,0.046486132461559235,0.048252058620277795,0.0017659261587185601,0.016597960674773302,0.018412084650515026,0.0018141239757417243,0.0048555401825061024,7.1281055302412874e-05,0.0048555401825061024,0.0048548111210726802,0.0049774419264896003,0.0048560633699300535,0.0049884995582333627,0.048036016849056812,0.018078719146097398,0.023067218704330761,0.0049884995582333627,0,0,0,0,0,0.95041322314049592,-3.9961250937306286e-07,3.6247639599433103e-05,0.0042162432556300741,0,1.9757859889898721e-06
298,6,18,0.29861814158566147,0.089172794484074155,1,-1,1,0,9,-1,0,29,0.04824567415357655,0.048677392459898959,0.00043171830632240948,0.018405108739806501,0.01887578182700907,0.0004706730872025694,0.0049659261093707276,4.7592407714728679e-05,0.0049659261093707276,0.004944567204949419,0.0050256393529888822,0.0049661541620253779,0.0050270080230670061,0.048409366111136845,0.018478985990660439,0.023505994013727445,0.0050270080230670061,0,0,0,0,0,0.93548387096774188,-8.4149900775308832e-07,3.5637954833080059e-05,0.0041556771940216737,0,3.7208807213649773e-06
298,6,18,0.29861814158566147,0.089172794484074155,1,-1,1,0,10,-1,0,29,0.048736153042526487,0.049156102648546564,0.00041994960602007719,0.018937714950377733,0.019411021214681211,0.00047330626430347814,0.0050141537771594934,4.591203810448411e-05,0.0050141537771594934,0.0049946949203172053,0.0050693807815655571,0.0050143639692632721,0.0050701342763809498,0.048889334429663721,0.019012675116744496,0.024082809393125446,0.0050701342763809498,0,0,0,0,0,0.93548387096774188,-3.7854140035605379e-07,3.4061881239191819e-05,0.0039778575496097392,0,1.8188636956905427e-06
298,6,18,0.29861814158566147,0.089172794484074155,1,-1,1,0,11,-1,0,29,0.049447069610478858,0.049848885482133787,0.0004018158716549286,0.019737663994970043,0.020211136427270293,0.00047347243230025024,0.0050828076457777056,4.2370924527933495e-05,0.0050828076457777056,0.0050668057635840751,0.0051341675133521735,0.0050829842473906657,0.0051348547602545133,0.049848885482133787,0.020146764509673114,0.025281619269927627,0.0051348547602545133,0,0,0,0,0,0.93548387096774188,-3.9644817624171142e-07,2.9774243562697032e-05,0.0034811974121589399,0,1.8072497819591228e-06
298,6,18,0.29861814158566147,0.089172794484074155,1,-1,3,1,1,-1,1,304,0.042641761174116076,0.051514836448459528,0.0088730752743434518,0.013189808182160638,0.022281521014009337,0.0090917128318486994,0.0048019364227813886,0.00026093162876218956,0.0048019364227813886,0.0048044657899102127,0.0052020273900452848,0.0048090205575899766,0.0052431815400933758,0.051514836448459528,0.022281521014009337,0.027524702554102713,0.0052431815400933758,0,0,0,0,0,0.66679596586501166,-0.008990244028107967,3.6247639599433103e-05,0.011509115683251005,0,0.02921406080553153
299,18,6,0.29861814158566147,0.089172794484074155,1,1,1,0,1,-1,1,667,0.034529686457638424,0.057885694105742451,0.023356007648104027,0.0081546158753353117,0.034356237491661105,0.026201621616325794,0.0047058620240546236,0.00053824472781164809,0.0047058620240546236,0.0048726596076966236,0.0052479545663834323,0.0047365435474042159,0.0052769205711732485,0.052891393858790339,0.024282855236824549,0.029559775807997797,0.0052769205711732485,0,0,0,0,0,0.25811378388697975,-1.6416377451806234e-05,5.9387515730488215e-05,0.00088922972264211374,0,0.0045546575557316431
299,18,6,0.29861814158566147,0.089172794484074155,1,1,3,1,1,-1,1,304,0.042641761174116076,0.051514836448459528,0.0088730752743434518,0.013189808182160638,0.022281521014009337,0.0090917128318486994,0.0048019364227813886,0.00026093162876218956,0.0048019364227813886,0.0048044657899102127,0.0052020273900452848,0.0048090205575899766,0.0052431815400933758,0.051514836448459528,0.022281521014009337,0.027524702554102713,0.0052431815400933758,0,0,0,0,0,0.66679596586501166,-0.008990244028107967,3.6247639599433103e-05,0.033386562659629755,0,0.02921406080553153
299,18,6,0.29861814158566147,0.089172794484074155,1,-1,1,0,1,-1,0,11,0.044701071926312591,0.044833365931400589,0.00013229400508799755,0.014940257505003905,0.01505879811796164,0.00011854061295773523,0.0045772062726431272,3.0066217104862635e-05,0.0045772062726431272,0.0045685420293070673,0.0046221635238609116,0.0045773050193027975,0.0046221665575509122,0.044776517678452303,0.014940257505003905,0.019562424062554817,0.0046221665575509122,0,0,0,0,0,1,2.5715964567494962e-06,2.3136062733702243e-05,0.0037036951893292258,0.0015933497930495303,-1.0155054252043925e-05
299,18,6,0.29861814158566147,0.089172794484074155,1,-1,1,0,2,-1,0,11,0.044849814387547454,0.044993431724188161,0.00014361733664070703,0.015073401050223088,0.015203329539176524,0.00012992848895343641,0.0045985901805033697,3.4994199254941598e-05,0.0045985901805033697,0.0045948444983066501,0.0046487524717182625,0.0045987233274250704,0.0046488021127236729,0.044936624416277514,0.015073401050223088,0.019722203162946761,0.0046488021127236729,0,0,0,0,0,1,6.858989758645181e-07,2.4440953009965583e-05,0.0035193848163527332,0.00080129641053806248,-2.5683037501647325e-06
299,18,6,0.29861814158566147,0.089172794484074155,1,-1,1,0,3,-1,0,11,0.045070924962669637,0.045207875036298382,0.00013695007362874573,0.015270371912006878,0.015397856852403143,0.00012748494039626496,0.0046170694479981782,3.2415729664538067e-05,0.0046170694479981782,0.0046127904743297476,0.0046636830557755995,0.0046171832395052155,0.0046637372273191577,0.045153568047088803,0.015276851234156105,0.019940588461475263,0.0046637372273191577,0,0,0,0,0,1,4.0368313720742923e-06,2.6105354302001279e-05,0.0039675447627197996,0.0019998641464367803,-1.5997826416813247e-05
299,18,6,0.29861814158566147,0.089172794484074155,1,-1,1,0,4,-1,0,15,0.045217027469950127,0.045425125720113382,0.00020809825016325501,0.015406472178601324,0.015594428799393718,0.00018795662079239446,0.004639880670111683,3.6557077578863461e-05,0.004639880670111683,0.0046388440513574995,0.0046929849323259203,0.0046400246823478358,0.0046930290830281291,0.045310206804536353,0.015406606452528919,0.020099635535557048,0.0046930290830281291,0,0,0,0,0,1,1.2241215089129443e-06,2.7660562602056308e-05,0.0038812476110150302,0.0010826161443186937,-4.6882308637578981e-06
299,18,6,0.29861814158566147,0.089172794484074155,1,-1,1,0,5,-1,0,11,0.045434207955457696,0.045581523479814395,0.00014731552435669898,0.015603298980825468,0.015743173970667761,0.0001398749898422931,0.004659788658317887,3.7757319267146233e-05,0.004659788658317887,0.0046601063509595815,0.0047116950125976158,0.0046599416257444961,0.0047117306592126072,0.045527441899780786,0.01561040693795864,0.020322137597171247,0.0047117306592126072,0,0,0,0,0,1,3.3313643558123253e-06,2.8738896647980861e-05,0.0040138438901037004,0.0018117081836700626,-1.3129146171108311e-05
299,18,6,0.29861814158566147,0.089172794484074155,1,-1,1,0,6,-1,0,13,0.045577753824541677,0.045795647481245622,0.00021789365670394495,0.015739580481117125,0.01594341664928518,0.00020383616816805478,0.0046747427496837777,3.9238078775550203e-05,0.0046747427496837777,0.0046512331832081234,0.0047325929154007126,0.00467490742181565,0.0047327078875553825,0.045741152147157044,0.015810540360240159,0.020543248247795541,0.0047327078875553825,0,0,0,0,0,0.8666666666666667,-4.5653696112086856e-07,3.0092927492120022e-05,0.0037275884120744019,0,2.1033009935882008e-06
299,18,6,0.29861814158566147,0.089172794484074155,1,-1,1,0,7,-1,1,45,0.045791106112748267,0.046497122152677012,0.00070601603992874462,0.015939030614400173,0.016609306425173546,0.00067027581077337348,0.0047272731233666447,4.8704387316602327e-05,0.0047272731233666447,0.0047138014642640544,0.0047999794338005781,0.004727524013714633,0.0048087684416534895,0.046381854251079664,0.016410940627084723,0.021219709068738213,0.0048087684416534895,0,0,0,0,0,0.95744680851063835,-3.5577416606116482e-07,3.3639121193917025e-05,0.0039671095149211733,0,1.7559884408519841e-06
299,18,6,0.29861814158566147,0.089172794484074155,1,-1,1,0,8,-1,1,115,0.046486132461559235,0.048252058620277795,0.0017659261587185601,0.016597960674773302,0.018412084650515026,0.0018141239757417243,0.0048555401825061024,7.1281055302412874e-05,0.0048555401825061024,0.0048548111210726802,0.0049774419264896003,0.0048560633699300535,0.0049884995582333627,0.048036016849056812,0.018078719146097398,0.023067218704330761,0.0049884995582333627,0,0,0,0,0,0.95041322314049592,-3.9961250937306286e-07,3.6247639599433103e-05,0.0042162432556300741,0,1.9757859889898721e-06
299,18,6,0.29861814158566147,0.089172794484074155,1,-1,1,0,9,-1,0,29,0.04824567415357655,0.048677392459898959,0.00043171830632240948,0.018405108739806501,0.01887578182700907,0.0004706730872025694,0.0049659261093707276,4.7592407714728679e-05,0.0049659261093707276,0.004944567204949419,0.0050256393529888822,0.0049661541620253779,0.0050270080230670061,0.048409366111136845,0.018478985990660439,0.023505994013727445,0.0050270080230670061,0,0,0,0,0,0.93548387096774188,-8.4149900775308832e-07,3.5637954833080059e-05,0.0041556771940216737,0,3.7208807213649773e-06
299,18,6,0.29861814158566147,0.089172794484074155,1,-1,1,0,10,-1,0,29,0.048736153042526487,0.049156102648546564,0.00041994960602007719,0.018937714950377733,0.019411021214681211,0.00047330626430347814,0.0050141537771594934,4.591203810448411e-05,0.0050141537771594934,0.0049946949203172053,0.0050693807815655571,0.0050143639692632721,0.0050701342763809498,0.048889334429663721,0.019012675116744496,0.024082809393125446,0.0050701342763809498,0,0,0,0,0,0.93548387096774188,-3.7854140035605379e-07,3.4061881239191819e-05,0.0039778575496097392,0,1.8188636956905427e-06
299,18,6,0.29861814158566147,0.089172794484074155,1,-1,1,0,11,-1,0,29,0.049447069610478858,0.049848885482133787,0.0004018158716549286,0.019737663994970043,0.020211136427270293,0.00047347243230025024,0.0050828076457777056,4.2370924527933495e-05,0.0050828076457777056,0.0050668057635840751,0.0051341675133521735,0.0050829842473906657,0.0051348547602545133,0.049848885482133787,0.020146764509673114,0.025281619269927627,0.0051348547602545133,0,0,0,0,0,0.93548387096774188,-3.9644817624171142e-07,2.9774243562697032e-05,0.0034811974121589399,0,1.8072497819591228e-06
299,18,6,0.29861814158566147,0.089172794484074155,1,-1,3,1,1,-1,1,304,0.042641761174116076,0.051514836448459528,0.0088730752743434518,0.013189808182160638,0.022281521014009337,0.0090917128318486994,0.0048019364227813886,0.00026093162876218956,0.0048019364227813886,0.0048044657899102127,0.0052020273900452848,0.0048090205575899766,0.0052431815400933758,0.051514836448459528,0.022281521014009337,0.027524702554102713,0.0052431815400933758,0,0,0,0,0,0.66679596586501166,-0.008990244028107967,3.6247639599433103e-05,0.011509115683251005,0,0.02921406080553153
300,0,19,0.29882787180852188,0.089298096969610385,1,1,1,0,1,-1,1,663,0.034529686457638424,0.057885085871808642,0.023355399414170218,0.0081563465425075615,0.034356237491661105,0.026199890949153544,0.0047096421605229708,0.00053685241962011306,0.0047096421605229708,0.0048786982282569072,0.0052478478913406549,0.0047401413270732181,0.0052722635782608863,0.05348019239877036,0.025216811207471646,0.030489074785732533,0.0052722635782608863,0,0,0,0,0,0.25601834161253345,-1.6050661126887323e-05,5.9073429602437535e-05,0.00085652740797310738,0,0.0045595756791022863
300,0,19,0.29882787180852188,0.089298096969610385,1,1,3,1,1,-1,1,295,0.042801867911941294,0.051417257912718478,0.0086153900007771844,0.013314447205414194,0.022148098732488325,0.0088336515270741305,0.0048098469072520014,0.00025340416390176964,0.0048098469072520014,0.0048129885871012607,0.0051983463629232734,0.0048165175118008649,0.0052389942536633163,0.051417257912718478,0.022148098732488325,0.027387092986151641,0.0052389942536633163,0,0,0,0,0,0.66381987577639756,-0.0089961430769147262,3.3863894607703263e-05,0.033387000025337683,0,0.029235470266380608
300,0,19,0.29882787180852188,0.089298096969610385,1,-1,1,0,1,-1,0,11,0.044856344245256564,0.044992965324070711,0.00013662107881414615,0.015073695793642483,0.015197455460290627,0.000123759666648144,0.0046011291537675254,3.2222483875456946e-05,0.0046011291537675254,0.0045941687674671081,0.0046484517379899041,0.0046012419821301054,0.0046485073693042778,0.044936624416277514,0.015073695793642483,0.019722203162946761,0.0046485073693042778,0,0,0,0,0,1,2.3651606037355466e-07,2.2236384679364394e-05,0.0033316758730853944,0.00044615814074708905,-7.9622834621959733e-07
300,0,19,0.29882787180852188,0.089298096969610385,1,-1,1,0,2,-1,0,11,0.045223460321016998,0.045366974542751522,0.00014351422173452394,0.015406912285916683,0.015539148526414958,0.00013223624049827493,0.0046418725172331582,3.5829761116516159e-05,0.0046418725172331582,0.0046379745185480929,0.0046926824744912077,0.004642010796845065,0.004692723249640365,0.045310206804536353,0.015406912285916683,0.020099635535557048,0.004692723249640365,0,0,0,0,0,1,7.7106727624289559e-07,2.504110914184444e-05,0.0035626619638762652,0.0008520409820687773,-2.9038953404989061e-06
300,0,19,0.29882787180852188,0.089298096969610385,1,-1,1,0,3,-1,0,11,0.045440589568987597,0.045580888683799656,0.00014029911481205914,0.01560593390448551,0.015737269102786451,0.00013133519830094142,0.0046619524776625584,3.4865244694926613e-05,0.0046619524776625584,0.0046574714272995393,0.0047113416599841853,0.0046620828488210826,0.0047113573289357981,0.045527079246442829,0.015610406937958638,0.020321764266894436,0.0047113573289357981,0,0,0,0,0,1,2.8825644479750175e-06,2.6499167752179963e-05,0.0038865289179424028,0.0016853115915450839,-1.1361100642384895e-05
300,0,19,0.29882787180852188,0.089298096969610385,1,-1,1,0,4,-1,0,13,0.045584084115394892,0.045794845834170525,0.00021076171877563304,0.015740311350313729,0.015937499551438375,0.00019718820112464563,0.0046778066405121083,3.6097321364003561e-05,0.0046778066405121083,0.0046571502810549281,0.0047322117499293027,0.0046779459148892297,0.0047322900263583496,0.045740750290323345,0.015810540360240159,0.020542830386598508,0.0047322900263583496,0,0,0,0,0,0.8666666666666667,-9.1997363098648499e-07,2.783987565922356e-05,0.0036018778567532455,0,3.9247894837179775e-06
300,0,19,0.29882787180852188,0.089298096969610385,1,-1,1,0,5,-1,0,13,0.045797381950544086,0.046008631580147778,0.00021124962960369226,0.015939944533149175,0.016139878041772793,0.00019993350862361828,0.0046998453972848337,3.7094290435894946e-05,0.0046998453972848337,0.0046783967435461947,0.004755317735645654,0.0046999917813505153,0.0047554300128594927,0.045954392359739776,0.016010673782521679,0.020766103795381172,0.0047554300128594927,0,0,0,0,0,0.8666666666666667,-1.130917746792093e-07,2.905817889098226e-05,0.003703433417286294,0,7.0284165923586511e-07
300,0,19,0.29882787180852188,0.089298096969610385,1,-1,1,0,6,-1,1,30,0.046008428508419477,0.046492484473552143,0.00048405596513266536,0.016139680152674384,0.016603350355520945,0.00046367020284656182,0.0047389177215276697,4.3016386016417002e-05,0.0047389177215276697,0.0047238032823095372,0.004804299021678721,0.0047391129529559557,0.0048083582094561386,0.046381471592849499,0.016410940627084723,0.021219298836540862,0.0048083582094561386,0,0,0,0,0,0.90909090909090906,-8.2918554523367946e-07,3.1341974794502384e-05,0.0038362055672588502,0,3.6141557944051592e-06
300,0,19,0.29882787180852188,0.089298096969610385,1,-1,1,0,7,-1,1,68,0.046492229901507212,0.047558475944535737,0.001066246043028525,0.016603091917246238,0.017675536937728487,0.0010724450204822496,0.004820850685244649,5.4772850596672148e-05,0.004820850685244649,0.0048196572599119962,0.004913619642378823,0.0048211618303668552,0.0049221124788823602,0.047395501125216309,0.017411607738492329,0.022333720217374689,0.0049221124788823602,0,0,0,0,0,0.93150684931506844,-8.9114663628242366e-07,3.3815974273386387e-05,0.0040410800637585382,0,3.9040839461156425e-06
300,0,19,0.29882787180852188,0.089298096969610385,1,-1,1,0,8,-1,0,23,0.047554522142789213,0.047877682294667857,0.0003231601518786445,0.017671354713934592,0.018009253758526272,0.00033789904459168019,0.0048972440725901789,4.6441067178630434e-05,0.0048972440725901789,0.0048997446398549027,0.0049572514756229058,0.0048974642703383071,0.0049578315264270471,0.04766223285726974,0.017678452301534361,0.022636283827961408,0.0049578315264270471,0,0,0,0,0,1,2.3472265472723524e-07,3.3863894607703263e-05,0.0041493277264432046,0.00039443771388499347,-6.2232444053927982e-07
300,0,19,0.29882787180852188,0.089298096969610385,1,-1,1,0,9,-1,0,25,0.047874533639202674,0.048250736536949758,0.0003762028977470841,0.018005882227506719,0.018406051230447019,0.00040016900294029961,0.0049278631767069462,4.4919807860386932e-05,0.0049278631767069462,0.0049063116154759411,0.0049871757950084843,0.0049280679051208788,0.0049881389343973265,0.048035707017695717,0.018078719146097398,0.023066858080494725,0.0049881389343973265,0,0,0,0,0,0.92592592592592593,-7.6788992888512887e-07,3.3775154598471768e-05,0.0040868270290777822,0,3.39854619575338e-06
300,0,19,0.29882787180852188,0.089298096969610385,1,-1,1,0,10,-1,0,27,0.048251293803815321,0.048622777135856075,0.00037148333204075484,0.018406658810722721,0.018811128127864306,0.00040446931714158488,0.0049688733736526552,4.4488468856523442e-05,0.0049688733736526552,0.0049685847401743817,0.0050256190027122543,0.0049690725318972274,0.0050266701319044635,0.048409081370443599,0.018478985990660439,0.023505656122564902,0.0050266701319044635,0,0,0,0,0,1,1.2495488734582815e-06,3.3214302168099784e-05,0.0041570003835232749,0.0010873932661384399,-4.7296964609728953e-06
300,0,19,0.29882787180852188,0.089298096969610385,1,-1,1,0,11,-1,0,25,0.048741645356680685,0.049102327603428197,0.00036068224674751237,0.018940231233717044,0.019344726188197579,0.00040449495448053457,0.0050149598695495047,4.3843075633258777e-05,0.0050149598695495047,0.0049952024418436249,0.0050693815278037308,0.0050151515140096185,0.0050698075667091197,0.048889066000320849,0.019012675116744496,0.024082482683453615,0.0050698075667091197,0,0,0,0,0,0.92592592592592593,-9.0132969298529824e-07,3.1589943700649416e-05,0.0037544111415663169,0,3.8761915614443201e-06
300,0,19,0.29882787180852188,0.089298096969610385,1,-1,1,0,12,-1,0,21,0.049452375916416866,0.049742074776010198,0.00028969885959333197,0.019742173984633932,0.020079769210320779,0.00033759522568684724,0.0050798580281304897,4.0288062893547939e-05,0.0050798580281304897,0.0050622957739201863,0.0051315687780262784,0.0050800177867772753,0.0051316833694222651,0.049742074776010198,0.020013342228152101,0.025145025597574366,0.0051316833694222651,0,0,0,0,0,0.91304347826086951,-9.3609595601368929e-07,2.7228106357418929e-05,0.0032209441389716418,0,3.9372113617316393e-06
300,0,19,0.29882787180852188,0.089298096969610385,1,-1,3,1,1,-1,1,295,0.042801867911941294,0.051417257912718478,0.0086153900007771844,0.013314447205414194,0.022148098732488325,0.0088336515270741305,0.0048098469072520014,0.00025340416390176964,0.0048098469072520014,0.0048129885871012607,0.0051983463629232734,0.0048165175118008649,0.0052389942536633163,0.051417257912718478,0.022148098732488325,0.027387092986151641,0.0052389942536633163,0,0,0,0,0,0.66381987577639756,-0.0089961430769147262,3.3863894607703263e-05,0.011483493807347723,0,0.029235470266380608
301,19,0,0.29882787180852188,0.089298096969610385,1,1,1,0,1,-1,1,663,0.034529686457638424,0.057885085871808642,0.023355399414170218,0.0081563465425075615,0.034356237491661105,0.026199890949153544,0.0047096421605229708,0.00053685241962011306,0.0047096421605229708,0.0048786982282569072,0.0052478478913406549,0.0047401413270732181,0.0052722635782608863,0.05348019239877036,0.025216811207471646,0.030489074785732533,0.0052722635782608863,0,0,0,0,0,0.25601834161253345,-1.6050661126887323e-05,5.9073429602437535e-05,0.00085652740797310738,0,0.0045595756791022863
301,19,0,0.29882787180852188,0.089298096969610385,1,1,3,1,1,-1,1,295,0.042801867911941294,0.051417257912718478,0.0086153900007771844,0.013314447205414194,0.022148098732488325,0.0088336515270741305,0.0048098469072520014,0.00025340416390176964,0.0048098469072520014,0.0048129885871012607,0.0051983463629232734,0.0048165175118008649,0.0052389942536633163,0.051417257912718478,0.022148098732488325,0.027387092986151641,0.0052389942536633163,0,0,0,0,0,0.66381987577639756,-0.0089961430769147262,3.3863894607703263e-05,0.033387000025337683,0,0.029235470266380608
301,19,0,0.29882787180852188,0.089298096969610385,1,-1,1,0,1,-1,0,11,0.044856344245256564,0.044992965324070711,0.00013662107881414615,0.015073695793642483,0.015197455460290627,0.000123759666648144,0.0046011291537675254,3.2222483875456946e-05,0.0046011291537675254,0.0045941687674671081,0.0046484517379899041,0.0046012419821301054,0.0046485073693042778,0.044936624416277514,0.015073695793642483,0.019722203162946761,0.0046485073693042778,0,0,0,0,0,1,2.3651606037355466e-07,2.2236384679364394e-05,0.0033316758730853944,0.00044615814074708905,-7.9622834621959733e-07
301,19,0,0.29882787180852188,0.089298096969610385,1,-1,1,0,2,-1,0,11,0.045223460321016998,0.045366974542751522,0.00014351422173452394,0.015406912285916683,0.015539148526414958,0.00013223624049827493,0.0046418725172331582,3.5829761116516159e-05,0.0046418725172331582,0.0046379745185480929,0.0046926824744912077,0.004642010796845065,0.004692723249640365,0.045310206804536353,0.015406912285916683,0.020099635535557048,0.004692723249640365,0,0,0,0,0,1,7.7106727624289559e-07,2.504110914184444e-05,0.0035626619638762652,0.0008520409820687773,-2.9038953404989061e-06
301,19,0,0.29882787180852188,0.089298096969610385,1,-1,1,0,3,-1,0,11,0.045440589568987597,0.045580888683799656,0.00014029911481205914,0.01560593390448551,0.015737269102786451,0.00013133519830094142,0.0046619524776625584,3.4865244694926613e-05,0.0046619524776625584,0.0046574714272995393,0.0047113416599841853,0.0046620828488210826,0.0047113573289357981,0.045527079246442829,0.015610406937958638,0.020321764266894436,0.0047113573289357981,0,0,0,0,0,1,2.8825644479750175e-06,2.6499167752179963e-05,0.0038865289179424028,0.0016853115915450839,-1.1361100642384895e-05
301,19,0,0.29882787180852188,0.089298096969610385,1,-1,1,0,4,-1,0,13,0.045584084115394892,0.045794845834170525,0.00021076171877563304,0.015740311350313729,0.015937499551438375,0.00019718820112464563,0.0046778066405121083,3.6097321364003561e-05,0.0046778066405121083,0.0046571502810549281,0.0047322117499293027,0.0046779459148892297,0.0047322900263583496,0.045740750290323345,0.015810540360240159,0.020542830386598508,0.0047322900263583496,0,0,0,0,0,0.8666666666666667,-9.1997363098648499e-07,2.783987565922356e-05,0.0036018778567532455,0,3.9247894837179775e-06
301,19,0,0.29882787180852188,0.089298096969610385,1,-1,1,0,5,-1,0,13,0.045797381950544086,0.046008631580147778,0.00021124962960369226,0.015939944533149175,0.016139878041772793,0.00019993350862361828,0.0046998453972848337,3.7094290435894946e-05,0.0046998453972848337,0.0046783967435461947,0.004755317735645654,0.0046999917813505153,0.0047554300128594927,0.045954392359739776,0.016010673782521679,0.020766103795381172,0.0047554300128594927,0,0,0,0,0,0.8666666666666667,-1.130917746792093e-07,2.905817889098226e-05,0.003703433417286294,0,7.0284165923586511e-07
301,19,0,0.29882787180852188,0.089298096969610385,1,-1,1,0,6,-1,1,30,0.046008428508419477,0.046492484473552143,0.00048405596513266536,0.016139680152674384,0.016603350355520945,0.00046367020284656182,0.0047389177215276697,4.3016386016417002e-05,0.0047389177215276697,0.0047238032823095372,0.004804299021678721,0.0047391129529559557,0.0048083582094561386,0.046381471592849499,0.016410940627084723,0.021219298836540862,0.0048083582094561386,0,0,0,0,0,0.90909090909090906,-8.2918554523367946e-07,3.1341974794502384e-05,0.0038362055672588502,0,3.6141557944051592e-06
301,19,0,0.29882787180852188,0.089298096969610385,1,-1,1,0,7,-1,1,68,0.046492229901507212,0.047558475944535737,0.001066246043028525,0.016603091917246238,0.017675536937728487,0.0010724450204822496,0.004820850685244649,5.4772850596672148e-05,0.004820850685244649,0.0048196572599119962,0.004913619642378823,0.0048211618303668552,0.0049221124788823602,0.047395501125216309,0.017411607738492329,0.022333720217374689,0.0049221124788823602,0,0,0,0,0,0.93150684931506844,-8.9114663628242366e-07,3.3815974273386387e-05,0.0040410800637585382,0,3.9040839461156425e-06
301,19,0,0.29882787180852188,0.089298096969610385,1,-1,1,0,8,-1,0,23,0.047554522142789213,0.047877682294667857,0.0003231601518786445,0.017671354713934592,0.018009253758526272,0.00033789904459168019,0.0048972440725901789,4.6441067178630434e-05,0.0048972440725901789,0.0048997446398549027,0.0049572514756229058,0.0048974642703383071,0.0049578315264270471,0.04766223285726974,0.017678452301534361,0.022636283827961408,0.0049578315264270471,0,0,0,0,0,1,2.3472265472723524e-07,3.3863894607703263e-05,0.0041493277264432046,0.00039443771388499347,-6.2232444053927982e-07
301,19,0,0.29882787180852188,0.089298096969610385,1,-1,1,0,9,-1,0,25,0.047874533639202674,0.048250736536949758,0.0003762028977470841,0.018005882227506719,0.018406051230447019,0.00040016900294029961,0.0049278631767069462,4.4919807860386932e-05,0.0049278631767069462,0.0049063116154759411,0.0049871757950084843,0.0049280679051208788,0.0049881389343973265,0.048035707017695717,0.018078719146097398,0.023066858080494725,0.0049881389343973265,0,0,0,0,0,0.92592592592592593,-7.6788992888512887e-07,3.3775154598471768e-05,0.0040868270290777822,0,3.39854619575338e-06
301,19,0,0.29882787180852188,0.089298096969610385,1,-1,1,0,10,-1,0,27,0.048251293803815321,0.048622777135856075,0.00037148333204075484,0.018406658810722721,0.018811128127864306,0.00040446931714158488,0.0049688733736526552,4.4488468856523442e-05,0.0049688733736526552,0.0049685847401743817,0.0050256190027122543,0.0049690725318972274,0.0050266701319044635,0.048409081370443599,0.018478985990660439,0.023505656122564902,0.0050266701319044635,0,0,0,0,0,1,1.2495488734582815e-06,3.3214302168099784e-05,0.0041570003835232749,0.0010873932661384399,-4.7296964609728953e-06
301,19,0,0.29882787180852188,0.089298096969610385,1,-1,1,0,11,-1,0,25,0.048741645356680685,0.049102327603428197,0.00036068224674751237,0.018940231233717044,0.019344726188197579,0.00040449495448053457,0.0050149598695495047,4.3843075633258777e-05,0.0050149598695495047,0.0049952024418436249,0.0050693815278037308,0.0050151515140096185,0.0050698075667091197,0.048889066000320849,0.019012675116744496,0.024082482683453615,0.0050698075667091197,0,0,0,0,0,0.92592592592592593,-9.0132969298529824e-07,3.1589943700649416e-05,0.0037544111415663169,0,3.8761915614443201e-06
301,19,0,0.29882787180852188,0.089298096969610385,1,-1,1,0,12,-1,0,21,0.049452375916416866,0.049742074776010198,0.00028969885959333197,0.019742173984633932,0.020079769210320779,0.00033759522568684724,0.0050798580281304897,4.0288062893547939e-05,0.0050798580281304897,0.0050622957739201863,0.0051315687780262784,0.0050800177867772753,0.0051316833694222651,0.049742074776010198,0.020013342228152101,0.025145025597574366,0.0051316833694222651,0,0,0,0,0,0.91304347826086951,-9.3609595601368929e-07,2.7228106357418929e-05,0.0032209441389716418,0,3.9372113617316393e-06
301,19,0,0.29882787180852188,0.089298096969610385,1,-1,3,1,1,-1,1,295,0.042801867911941294,0.051417257912718478,0.0086153900007771844,0.013314447205414194,0.022148098732488325,0.0088336515270741305,0.0048098469072520014,0.00025340416390176964,0.0048098469072520014,0.0048129885871012607,0.0051983463629232734,0.0048165175118008649,0.0052389942536633163,0.051417257912718478,0.022148098732488325,0.027387092986151641,0.0052389942536633163,0,0,0,0,0,0.66381987577639756,-0.0089961430769147262,3.3863894607703263e-05,0.011483493807347723,0,0.029235470266380608
302,1,19,0.29924457878848165,0.089547317934295809,1,1,1,0,1,-1,1,652,0.034796531020680449,0.057833756861977434,0.023037225841296985,0.0082949765465271247,0.03422281521014009,0.025927838663612965,0.0047161571296770836,0.00052410866821802455,0.0047161571296770836,0.0048831876605819995,0.0052428261230107074,0.0047451899822773449,0.0052682904796962741,0.052624579176941452,0.023882588392261508,0.029150878871957782,0.0052682904796962741,0,0,0,0,0,0.2524828113063407,-1.634031918876225e-05,5.844815824679965e-05,0.00079338996269738072,0,0.0045686854071752938
302,1,19,0.29924457878848165,0.089547317934295809,1,1,3,1,1,-1,1,273,0.043173287618576563,0.051127418278852567,0.0079541306602760042,0.013609072715143429,0.021762464212769683,0.0081533914976262539,0.0048226982869566367,0.0002349690713414491,0.0048226982869566367,0.0048249416440344674,0.0051832256169476437,0.0048284189163225614,0.005220688933923353,0.051127418278852567,0.021762464212769683,0.026983153146693035,0.005220688933923353,0,0,0,0,0,0.65760869565217395,-0.0090078804258714208,2.9130321311078778e-05,0.033380869769034385,0,0.029278071706943506
302,1,19,0.29924457878848165,0.089547317934295809,1,-1,1,0,1,-1,0,9,0.045236254970234868,0.045366132555065282,0.00012987758483041373,0.015408693211751577,0.015527431906854456,0.00011873869510287821,0.0046369140748886645,2.4014775911323985e-05,0.0046369140748886645,0.0046266578722633286,0.0046796593229689008,0.0046369762612464031,0.0046797173542730153,0.045366132555065282,0.015476984656437624,0.020156702010710639,0.0046797173542730153,0,0,0,0,0,0.81818181818181823,-1.3733797265259276e-07,2.0609995650334713e-05,0.0031403848418463873,0,6.8033452406385565e-07
302,1,19,0.29924457878848165,0.089547317934295809,1,-1,1,0,2,-1,0,15,0.046020798732285761,0.046220853551006101,0.00020005481872033964,0.016141216879004494,0.016332636287695507,0.00019141940869101329,0.0047341770876054403,3.3477121370548531e-05,0.0047341770876054403,0.0047333190889300991,0.0047799284309348955,0.0047342954506941776,0.0047799863828942649,0.046167224369718311,0.016210807204803203,0.020990793587697468,0.0047799863828942649,0,0,0,0,0,1,3.5643365966421959e-06,2.5612586648530886e-05,0.0037901038477614096,0.0018786733005440055,-1.4117653480707627e-05
302,1,19,0.29924457878848165,0.089547317934295809,1,-1,1,0,3,-1,0,11,0.046298573887681382,0.046434314682152693,0.00013574079447131043,0.016405117924712879,0.016539410615750261,0.00013429269103738123,0.0047587677732300916,3.5005026561956534e-05,0.0047587677732300916,0.0047528847756110465,0.0048075934951431008,0.0047588965182506215,0.0048076151882458992,0.046380778496231213,0.016410940627084723,0.021218555815330623,0.0048076151882458992,0,0,0,0,0,1,2.8846675235919114e-06,2.6543948087260331e-05,0.0038874864000008908,0.0016862976146896642,-1.1374398581232206e-05
302,1,19,0.29924457878848165,0.089547317934295809,1,-1,1,0,4,-1,0,15,0.046504357433211338,0.046701534471364485,0.00019717703815314708,0.016607036594137804,0.016801134742340962,0.00019409814820315827,0.0047855152127241731,3.7243832668870827e-05,0.0047855152127241731,0.0047803709226509582,0.0048375818194788239,0.0047856601377747618,0.0048375935870083632,0.046591060707138088,0.016607536070382043,0.021445129657390406,0.0048375935870083632,0,0,0,0,0,1,1.1104050776501284e-06,2.7528993971724858e-05,0.0038414855289547337,0.001029675245749701,-4.2409244468388297e-06
302,1,19,0.29924457878848165,0.089547317934295809,1,-1,1,0,5,-1,0,15,0.0467753754191172,0.046968643020274342,0.00019326760115714187,0.016868597566831876,0.017066496509976804,0.00019789894314492865,0.00481195166098172,3.6142677344601273e-05,0.00481195166098172,0.0048089246244811222,0.0048616654758503368,0.0048120873932993337,0.004861701237768138,0.046861204525644296,0.016877918612408272,0.02173961985017641,0.004861701237768138,0,0,0,0,0,1,2.7070484773647951e-06,2.8286588583044994e-05,0.0040211175312630408,0.0016310626888055388,-1.0641461979254217e-05
302,1,19,0.29924457878848165,0.089547317934295809,1,-1,1,0,6,-1,0,17,0.04697618089587987,0.047235345093365036,0.00025916419748516634,0.01707418449320872,0.017335588385131183,0.0002614038919224633,0.0048341027805770117,3.8119486900361899e-05,0.0048341027805770117,0.0048140832137562525,0.0048895640628125268,0.0048342530745156429,0.0048896190650484228,0.047128062430466605,0.0171447631754503,0.022034382240498723,0.0048896190650484228,0,0,0,0,0,0.89473684210526316,-1.0039635128437192e-06,2.8805500620177358e-05,0.0037373106448967334,0,4.2673651497863986e-06
302,1,19,0.29924457878848165,0.089547317934295809,1,-1,1,0,7,-1,0,15,0.04730616856616604,0.047501835275580148,0.00019566670941410791,0.017404095650982616,0.017608501025836779,0.00020440537485416285,0.0048691860857359342,3.9323421231172782e-05,0.0048691860857359342,0.0048651811758096478,0.0049213852584540033,0.0048693448706147073,0.0049214134620640219,0.047394880736035358,0.017411607738492329,0.022333021200556351,0.0049214134620640219,0,0,0,0,0,1,1.8330655388867033e-06,2.9072146248060071e-05,0.0039547788058095449,0.0013344307639914269,-7.1228218555469724e-06
302,1,19,0.29924457878848165,0.089547317934295809,1,-1,1,0,8,-1,0,17,0.047566075960208939,0.047821906565467719,0.00025583060525877915,0.017674228708671264,0.017941232525390118,0.00026700381671885404,0.0048952139480881798,3.962716484796051e-05,0.0048952139480881798,0.0048742661890527859,0.0049514309881856901,0.0048953743380614886,0.0049514895586772051,0.047715025943741843,0.017745163442294862,0.022696653000972067,0.0049514895586772051,0,0,0,0,0,0.89473684210526316,-7.5638936811381883e-07,2.9130321311078778e-05,0.0037183512292487844,0,3.2753838735367723e-06
302,1,19,0.29924457878848165,0.089547317934295809,1,-1,1,0,9,-1,0,19,0.047949202962919685,0.04819528378492214,0.0002460808220024549,0.018071093547718922,0.018336842485218507,0.00026574893749958459,0.0049370377706333896,3.8805691681522407e-05,0.0049370377706333896,0.0049294543385399806,0.0049874241324030198,0.004937190276905235,0.0049874712591154932,0.048035133368880989,0.018078719146097398,0.023066190405212891,0.0049874712591154932,0,0,0,0,0,1,1.2601791311185465e-06,2.8952738823333815e-05,0.003924424176661126,0.0010990912810168482,-4.8320065760290251e-06
302,1,19,0.29924457878848165,0.089547317934295809,1,-1,1,0,10,-1,0,19,0.048324467490115305,0.048568472989450683,0.00024400549933537713,0.01847398993543212,0.018740692822403062,0.00026670288697094174,0.0049760113608406003,3.9628106948195594e-05,0.0049760113608406003,0.004964308950144266,0.0050259930306436702,0.004976169154085803,0.0050260400762714603,0.048408550411606931,0.018478985990660442,0.023505026066931903,0.0050260400762714603,0,0,0,0,0,1,2.3326484019009822e-07,2.8227433653573553e-05,0.0036982303709975936,0.00042594956390845369,-7.257321239752074e-07
302,1,19,0.29924457878848165,0.089547317934295809,1,-1,1,0,11,-1,0,15,0.048812894425252912,0.048995107369643701,0.00018221294439078883,0.019008319580157494,0.019212781934537439,0.00020446235437994453,0.0050211484459470471,3.854981374521915e-05,0.0050211484459470471,0.005005486737921172,0.0050691467256979766,0.0050212964266587801,0.0050691963497483117,0.04888856380538785,0.019012675116744496,0.024081871466492807,0.0050691963497483117,0,0,0,0,0,1,8.7826982948308518e-08,2.6375045525671887e-05,0.0034360569524505714,0.00020921214560112847,-1.7507888746811111e-07
302,1,19,0.29924457878848165,0.089547317934295809,1,-1,3,1,1,-1,1,273,0.043173287618576563,0.051127418278852567,0.0079541306602760042,0.013609072715143429,0.021762464212769683,0.0081533914976262539,0.0048226982869566367,0.0002349690713414491,0.0048226982869566367,0.0048249416440344674,0.0051832256169476437,0.0048284189163225614,0.005220688933923353,0.051127418278852567,0.021762464212769683,0.026983153146693035,0.005220688933923353,0,0,0,0,0,0.65760869565217395,-0.0090078804258714208,2.9130321311078778e-05,0.011426554157762619,0,0.029278071706943506
303,19,1,0.29924457878848165,0.089547317934295809,1,1,1,0,1,-1,1,652,0.034796531020680449,0.057833756861977434,0.023037225841296985,0.0082949765465271247,0.03422281521014009,0.025927838663612965,0.0047161571296770836,0.00052410866821802455,0.0047161571296770836,0.0048831876605819995,0.0052428261230107074,0.0047451899822773449,0.0052682904796962741,0.052624579176941452,0.023882588392261508,0.029150878871957782,0.0052682904796962741,0,0,0,0,0,0.2524828113063407,-1.634031918876225e-05,5.844815824679965e-05,0.00079338996269738072,0,0.0045686854071752938
303,19,1,0.29924457878848165,0.089547317934295809,1,1,3,1,1,-1,1,273,0.043173287618576563,0.051127418278852567,0.0079541306602760042,0.013609072715143429,0.021762464212769683,0.0081533914976262539,0.0048226982869566367,0.0002349690713414491,0.0048226982869566367,0.0048249416440344674,0.0051832256169476437,0.0048284189163225614,0.005220688933923353,0.051127418278852567,0.021762464212769683,0.026983153146693035,0.005220688933923353,0,0,0,0,0,0.65760869565217395,-0.0090078804258714208,2.9130321311078778e-05,0.033380869769034385,0,0.029278071706943506
303,19,1,0.29924457878848165,0.089547317934295809,1,-1,1,0,1,-1,0,9,0.045236254970234868,0.045366132555065282,0.00012987758483041373,0.015408693211751577,0.015527431906854456,0.00011873869510287821,0.0046369140748886645,2.4014775911323985e-05,0.0046369140748886645,0.0046266578722633286,0.0046796593229689008,0.0046369762612464031,0.0046797173542730153,0.045366132555065282,0.015476984656437624,0.020156702010710639,0.0046797173542730153,0,0,0,0,0,0.81818181818181823,-1.3733797265259276e-07,2.0609995650334713e-05,0.0031403848418463873,0,6.8033452406385565e-07
303,19,1,0.29924457878848165,0.089547317934295809,1,-1,1,0,2,-1,0,15,0.046020798732285761,0.046220853551006101,0.00020005481872033964,0.016141216879004494,0.016332636287695507,0.00019141940869101329,0.0047341770876054403,3.3477121370548531e-05,0.0047341770876054403,0.0047333190889300991,0.0047799284309348955,0.0047342954506941776,0.0047799863828942649,0.046167224369718311,0.016210807204803203,0.020990793587697468,0.0047799863828942649,0,0,0,0,0,1,3.5643365966421959e-06,2.5612586648530886e-05,0.0037901038477614096,0.0018786733005440055,-1.4117653480707627e-05
303,19,1,0.29924457878848165,0.089547317934295809,1,-1,1,0,3,-1,0,11,0.046298573887681382,0.046434314682152693,0.00013574079447131043,0.016405117924712879,0.016539410615750261,0.00013429269103738123,0.0047587677732300916,3.5005026561956534e-05,0.0047587677732300916,0.0047528847756110465,0.0048075934951431008,0.0047588965182506215,0.0048076151882458992,0.046380778496231213,0.016410940627084723,0.021218555815330623,0.0048076151882458992,0,0,0,0,0,1,2.8846675235919114e-06,2.6543948087260331e-05,0.0038874864000008908,0.0016862976146896642,-1.1374398581232206e-05
303,19,1,0.29924457878848165,0.089547317934295809,1,-1,1,0,4,-1,0,15,0.046504357433211338,0.046701534471364485,0.00019717703815314708,0.016607036594137804,0.016801134742340962,0.00019409814820315827,0.0047855152127241731,3.7243832668870827e-05,0.0047855152127241731,0.0047803709226509582,0.0048375818194788239,0.0047856601377747618,0.0048375935870083632,0.046591060707138088,0.016607536070382043,0.021445129657390406,0.0048375935870083632,0,0,0,0,0,1,1.1104050776501284e-06,2.7528993971724858e-05,0.0038414855289547337,0.001029675245749701,-4.2409244468388297e-06
303,19,1,0.29924457878848165,0.089547317934295809,1,-1,1,0,5,-1,0,15,0.0467753754191172,0.046968643020274342,0.00019326760115714187,0.016868597566831876,0.017066496509976804,0.00019789894314492865,0.00481195166098172,3.6142677344601273e-05,0.00481195166098172,0.0048089246244811222,0.0048616654758503368,0.0048120873932993337,0.004861701237768138,0.046861204525644296,0.016877918612408272,0.02173961985017641,0.004861701237768138,0,0,0,0,0,1,2.7070484773647951e-06,2.8286588583044994e-05,0.0040211175312630408,0.0016310626888055388,-1.0641461979254217e-05
303,19,1,0.29924457878848165,0.089547317934295809,1,-1,1,0,6,-1,0,17,0.04697618089587987,0.047235345093365036,0.00025916419748516634,0.01707418449320872,0.017335588385131183,0.0002614038919224633,0.0048341027805770117,3.8119486900361899e-05,0.0048341027805770117,0.0048140832137562525,0.0048895640628125268,0.0048342530745156429,0.0048896190650484228,0.047128062430466605,0.0171447631754503,0.022034382240498723,0.0048896190650484228,0,0,0,0,0,0.89473684210526316,-1.0039635128437192e-06,2.8805500620177358e-05,0.0037373106448967334,0,4.2673651497863986e-06
303,19,1,0.29924457878848165,0.089547317934295809,1,-1,1,0,7,-1,0,15,0.04730616856616604,0.047501835275580148,0.00019566670941410791,0.017404095650982616,0.017608501025836779,0.00020440537485416285,0.0048691860857359342,3.9323421231172782e-05,0.0048691860857359342,0.0048651811758096478,0.0049213852584540033,0.0048693448706147073,0.0049214134620640219,0.047394880736035358,0.017411607738492329,0.022333021200556351,0.0049214134620640219,0,0,0,0,0,1,1.8330655388867033e-06,2.9072146248060071e-05,0.0039547788058095449,0.0013344307639914269,-7.1228218555469724e-06
303,19,1,0.29924457878848165,0.089547317934295809,1,-1,1,0,8,-1,0,17,0.047566075960208939,0.047821906565467719,0.00025583060525877915,0.017674228708671264,0.017941232525390118,0.00026700381671885404,0.0048952139480881798,3.962716484796051e-05,0.0048952139480881798,0.0048742661890527859,0.0049514309881856901,0.0048953743380614886,0.0049514895586772051,0.047715025943741843,0.017745163442294862,0.022696653000972067,0.0049514895586772051,0,0,0,0,0,0.89473684210526316,-7.5638936811381883e-07,2.9130321311078778e-05,0.0037183512292487844,0,3.2753838735367723e-06
303,19,1,0.29924457878848165,0.089547317934295809,1,-1,1,0,9,-1,0,19,0.047949202962919685,0.04819528378492214,0.0002460808220024549,0.018071093547718922,0.018336842485218507,0.00026574893749958459,0.0049370377706333896,3.8805691681522407e-05,0.0049370377706333896,0.0049294543385399806,0.0049874241324030198,0.004937190276905235,0.0049874712591154932,0.048035133368880989,0.018078719146097398,0.023066190405212891,0.0049874712591154932,0,0,0,0,0,1,1.2601791311185465e-06,2.8952738823333815e-05,0.003924424176661126,0.0010990912810168482,-4.8320065760290251e-06
303,19,1,0.29924457878848165,0.089547317934295809,1,-1,1,0,10,-1,0,19,0.048324467490115305,0.048568472989450683,0.00024400549933537713,0.01847398993543212,0.018740692822403062,0.00026670288697094174,0.0049760113608406003,3.9628106948195594e-05,0.0049760113608406003,0.004964308950144266,0.0050259930306436702,0.004976169154085803,0.0050260400762714603,0.048408550411606931,0.018478985990660442,0.023505026066931903,0.0050260400762714603,0,0,0,0,0,1,2.3326484019009822e-07,2.8227433653573553e-05,0.0036982303709975936,0.00042594956390845369,-7.257321239752074e-07
303,19,1,0.29924457878848165,0.089547317934295809,1,-1,1,0,11,-1,0,15,0.048812894425252912,0.048995107369643701,0.00018221294439078883,0.019008319580157494,0.019212781934537439,0.00020446235437994453,0.0050211484459470471,3.854981374521915e-05,0.0050211484459470471,0.005005486737921172,0.0050691467256979766,0.0050212964266587801,0.0050691963497483117,0.04888856380538785,0.019012675116744496,0.024081871466492807,0.0050691963497483117,0,0,0,0,0,1,8.7826982948308518e-08,2.6375045525671887e-05,0.0034360569524505714,0.00020921214560112847,-1.7507888746811111e-07
303,19,1,0.29924457878848165,0.089547317934295809,1,-1,3,1,1,-1,1,273,0.043173287618576563,0.051127418278852567,0.0079541306602760042,0.013609072715143429,0.021762464212769683,0.0081533914976262539,0.0048226982869566367,0.0002349690713414491,0.0048226982869566367,0.0048249416440344674,0.0051832256169476437,0.0048284189163225614,0.005220688933923353,0.051127418278852567,0.021762464212769683,0.026983153146693035,0.005220688933923353,0,0,0,0,0,0.65760869565217395,-0.0090078804258714208,2.9130321311078778e-05,0.011426554157762619,0,0.029278071706943506
304,2,19,0.30049112918231519,0.090294918717262848,1,1,1,0,1,-1,1,637,0.035170113408939288,0.057094645139701895,0.021924531730762607,0.0084944226202113872,0.032354903268845894,0.023860480648634507,0.0047050488276718433,0.00052904029526431272,0.0047050488276718433,0.004900882932228675,0.0052306191759957012,0.0047346983119085362,0.005255796097344119,0.053428471045251738,0.025150100066711138,0.030405896164055257,0.005255796097344119,0,0,0,0,0,0.24684753534581583,-1.5577823452591762e-05,5.6568042926528398e-05,0.00062942990974498565,0,0.0045957611914389414
304,2,19,0.30049112918231519,0.090294918717262848,1,1,3,1,1,-1,1,195,0.044456304202801868,0.050119165990839605,0.0056628617880377374,0.01467348094260513,0.02048032021347565,0.0058068392708705199,0.0048641429529979819,0.00016874999608077748,0.0048641429529979819,0.0048661960121062983,0.0051234222225565035,0.0048670692648016822,0.0051506267182874557,0.050119165990839605,0.02048032021347565,0.025630946931763106,0.0051506267182874557,0,0,0,0,0,0.63029126213592235,-0.0090431030729001688,1.4949183347336291e-05,0.033288480557560896,0,0.02940594169455045
304,2,19,0.30049112918231519,0.090294918717262848,1,-1,3,1,1,-1,1,195,0.044456304202801868,0.050119165990839605,0.0056628617880377374,0.01467348094260513,0.02048032021347565,0.0058068392708705199,0.0048641429529979819,0.00016874999608077748,0.0048641429529979819,0.0048661960121062983,0.0051234222225565035,0.0048670692648016822,0.0051506267182874557,0.050119165990839605,0.02048032021347565,0.025630946931763106,0.0051506267182874557,0,0,0,0,0,0.63029126213592235,-0.0090431030729001688,1.4949183347336291e-05,0.011237354586055442,0,0.02940594169455045
305,19,2,0.30049112918231519,0.090294918717262848,1,1,1,0,1,-1,1,637,0.035170113408939288,0.057094645139701895,0.021924531730762607,0.0084944226202113872,0.032354903268845894,0.023860480648634507,0.0047050488276718433,0.00052904029526431272,0.0047050488276718433,0.004900882932228675,0.0052306191759957012,0.0047346983119085362,0.005255796097344119,0.053428471045251738,0.025150100066711138,0.030405896164055257,0.005255796097344119,0,0,0,0,0,0.24684753534581583,-1.5577823452591762e-05,5.6568042926528398e-05,0.00062942990974498565,0,0.0045957611914389414
305,19,2,0.30049112918231519,0.090294918717262848,1,1,3,1,1,-1,1,195,0.044456304202801868,0.050119165990839605,0.0056628617880377374,0.01467348094260513,0.02048032021347565,0.0058068392708705199,0.0048641429529979819,0.00016874999608077748,0.0048641429529979819,0.0048661960121062983,0.0051234222225565035,0.0048670692648016822,0.0051506267182874557,0.050119165990839605,0.02048032021347565,0.025630946931763106,0.0051506267182874557,0,0,0,0,0,0.63029126213592235,-0.0090431030729001688,1.4949183347336291e-05,0.033288480557560896,0,0.02940594169455045
305,19,2,0.30049112918231519,0.090294918717262848,1,-1,3,1,1,-1,1,195,0.044456304202801868,0.050119165990839605,0.0056628617880377374,0.01467348094260513,0.02048032021347565,0.0058068392708705199,0.0048641429529979819,0.00016874999608077748,0.0048641429529979819,0.0048661960121062983,0.0051234222225565035,0.0048670692648016822,0.0051506267182874557,0.050119165990839605,0.02048032021347565,0.025630946931763106,0.0051506267182874557,0,0,0,0,0,0.63029126213592235,-0.0090431030729001688,1.4949183347336291e-05,0.011237354586055442,0,0.02940594169455045
306,13,14,0.30103386854808173,0.090621390013023759,1,1,1,0,1,-1,1,607,0.035543695797198141,0.05714713219579716,0.021603436398599019,0.0086938392876450728,0.03248832555036691,0.023794486262721837,0.0047278120830989059,0.00051283402002270993,0.0047278120830989059,0.0049235975028826401,0.0052267619965391506,0.0047555447453671035,0.0052496890519809075,0.052787135388093487,0.024149432955303536,0.029399122007284444,0.0052496890519809075,0,0,0,0,0,0.2353840275124188,-1.4784902654697163e-05,5.5744958359237523e-05,0.00057826558106755519,0,0.0046076356346742391
306,13,14,0.30103386854808173,0.090621390013023759,1,1,3,1,1,-1,1,151,0.045145498045899853,0.049526350900600397,0.004380852854700544,0.015276851234156104,0.019767711998919697,0.0044908607647635938,0.0048808935279417119,0.00013098095208298965,0.0048808935279417119,0.0048817404115429688,0.0050825396764097204,0.0048826506777478827,0.0051038981441792544,0.049526350900600397,0.019767711998919697,0.024871610143098952,0.0051038981441792544,0,0,0,0,0,0.61484648270501363,-0.0090584909668372411,8.7674247053093791e-06,0.033291931068019205,0,0.029461817665466218
306,13,14,0.30103386854808173,0.090621390013023759,1,-1,3,1,1,-1,1,151,0.045145498045899853,0.049526350900600397,0.004380852854700544,0.015276851234156104,0.019767711998919697,0.0044908607647635938,0.0048808935279417119,0.00013098095208298965,0.0048808935279417119,0.0048817404115429688,0.0050825396764097204,0.0048826506777478827,0.0051038981441792544,0.049526350900600397,0.019767711998919697,0.024871610143098952,0.0051038981441792544,0,0,0,0,0,0.61484648270501363,-0.0090584909668372411,8.7674247053093791e-06,0.011167286585536599,0,0.029461817665466218
307,14,13,0.30103386854808173,0.090621390013023759,1,1,1,0,1,-1,1,607,0.035543695797198141,0.05714713219579716,0.021603436398599019,0.0086938392876450728,0.03248832555036691,0.023794486262721837,0.0047278120830989059,0.00051283402002270993,0.0047278120830989059,0.0049235975028826401,0.0052267619965391506,0.0047555447453671035,0.0052496890519809075,0.052787135388093487,0.024149432955303536,0.029399122007284444,0.0052496890519809075,0,0,0,0,0,0.2353840275124188,-1.4784902654697163e-05,5.5744958359237523e-05,0.00057826558106755519,0,0.0046076356346742391
307,14,13,0.30103386854808173,0.090621390013023759,1,1,3,1,1,-1,1,151,0.045145498045899853,0.049526350900600397,0.004380852854700544,0.015276851234156104,0.019767711998919697,0.0044908607647635938,0.0048808935279417119,0.00013098095208298965,0.0048808935279417119,0.0048817404115429688,0.0050825396764097204,0.0048826506777478827,0.0051038981441792544,0.049526350900600397,0.019767711998919697,0.024871610143098952,0.0051038981441792544,0,0,0,0,0,0.61484648270501363,-0.0090584909668372411,8.7674247053093791e-06,0.033291931068019205,0,0.029461817665466218
307,14,13,0.30103386854808173,0.090621390013023759,1,-1,3,1,1,-1,1,151,0.045145498045899853,0.049526350900600397,0.004380852854700544,0.015276851234156104,0.019767711998919697,0.0044908607647635938,0.0048808935279417119,0.00013098095208298965,0.0048808935279417119,0.0048817404115429688,0.0050825396764097204,0.0048826506777478827,0.0051038981441792544,0.049526350900600397,0.019767711998919697,0.024871610143098952,0.0051038981441792544,0,0,0,0,0,0.61484648270501363,-0.0090584909668372411,8.7674247053093791e-06,0.011167286585536599,0,0.029461817665466218
308,3,19,0.30255695827517037,0.091540713000723181,1,1,1,0,1,-1,1,572,0.036024016010673773,0.057248649912602423,0.02122463390192865,0.0089603352679974765,0.032755170113408935,0.023794834845411457,0.0047625986091228275,0.00046973641996818274,0.0047625986091228275,0.00493932547850243,0.0052157738460695824,0.0047857076609278196,0.0052345869151091476,0.053163445997260875,0.024749833222148097,0.029984420137257245,0.0052345869151091476,0,0,0,0,0,0.22217973231357552,-1.4564601072908411e-05,5.3420710103471616e-05,0.00051529922296147653,0,0.0046412368810338058
309,19,3,0.30255695827517037,0.091540713000723181,1,1,1,0,1,-1,1,572,0.036024016010673773,0.057248649912602423,0.02122463390192865,0.0089603352679974765,0.032755170113408935,0.023794834845411457,0.0047625986091228275,0.00046973641996818274,0.0047625986091228275,0.00493932547850243,0.0052157738460695824,0.0047857076609278196,0.0052345869151091476,0.053163445997260875,0.024749833222148097,0.029984420137257245,0.0052345869151091476,0,0,0,0,0,0.22217973231357552,-1.4564601072908411e-05,5.3420710103471616e-05,0.00051529922296147653,0,0.0046412368810338058
310,12,15,0.30264779715293694,0.09159568912152527,1,1,1,0,1,-1,1,559,0.03602401601067378,0.057248255428026959,0.021224239417353179,0.0089608917871879124,0.032755170113408935,0.023794278326221024,0.0047669578667010534,0.00046847841248223,0.0047669578667010534,0.0049571035760389744,0.0052156309612243863,0.00478992268474815,0.0052346159114505866,0.053163464400571535,0.024749833222148097,0.029984449133598684,0.0052346159114505866,0,0,0,0,0,0.21720841300191204,-1.4855649137164952e-05,5.3281421269506658e-05,0.00050653009742803172,0,0.0046432538486364701
311,15,12,0.30264779715293694,0.09159568912152527,1,1,1,0,1,-1,1,559,0.03602401601067378,0.057248255428026959,0.021224239417353179,0.0089608917871879124,0.032755170113408935,0.023794278326221024,0.0047669578667010534,0.00046847841248223,0.0047669578667010534,0.0049571035760389744,0.0052156309612243863,0.00478992268474815,0.0052346159114505866,0.053163464400571535,0.024749833222148097,0.029984449133598684,0.0052346159114505866,0,0,0,0,0,0.21720841300191204,-1.4855649137164952e-05,5.3281421269506658e-05,0.00050653009742803172,0,0.0046432538486364701
312,9,17,0.30290007358147386,0.091748454575662275,1,1,1,0,1,-1,1,553,0.03602401601067378,0.057247242866860476,0.021223226856186696,0.0089622883926658778,0.032755170113408935,0.023792881720743057,0.0047549382493305972,0.00046783023522527044,0.0047549382493305972,0.0049294215020764393,0.0052098159800366547,0.0047778973287355237,0.0052327228004219808,0.052941961307538352,0.024405384392889001,0.029638107193310982,0.0052327228004219808,0,0,0,0,0,0.21491395793499043,-1.4609139784534732e-05,5.2894198143835458e-05,0.00049939805436527527,0,0.0046488629859692092
313,17,9,0.30290007358147386,0.091748454575662275,1,1,1,0,1,-1,1,553,0.03602401601067378,0.057247242866860476,0.021223226856186696,0.0089622883926658778,0.032755170113408935,0.023792881720743057,0.0047549382493305972,0.00046783023522527044,0.0047549382493305972,0.0049294215020764393,0.0052098159800366547,0.0047778973287355237,0.0052327228004219808,0.052941961307538352,0.024405384392889001,0.029638107193310982,0.0052327228004219808,0,0,0,0,0,0.21491395793499043,-1.4609139784534732e-05,5.2894198143835458e-05,0.00049939805436527527,0,0.0046488629859692092
314,7,18,0.30398522617474422,0.092407017732510394,1,1,1,0,1,-1,1,526,0.036504336224149433,0.056824834705334969,0.020320498481185535,0.0092324656195657221,0.031754503002001333,0.022522037382435613,0.0047407806016678726,0.0004665181816024944,0.0047407806016678726,0.0049205343073086671,0.0052009205529281628,0.0047636792426564668,0.0052199063157631204,0.053111695583864714,0.024683122081387586,0.029903028397150706,0.0052199063157631204,0,0,0,0,0,0.2046671767406274,-1.3183838415572441e-05,5.1222032607610844e-05,0.0004455402327257991,0,0.0046731185076038222
315,18,7,0.30398522617474422,0.092407017732510394,1,1,1,0,1,-1,1,526,0.036504336224149433,0.056824834705334969,0.020320498481185535,0.0092324656195657221,0.031754503002001333,0.022522037382435613,0.0047407806016678726,0.0004665181816024944,0.0047407806016678726,0.0049205343073086671,0.0052009205529281628,0.0047636792426564668,0.0052199063157631204,0.053111695583864714,0.024683122081387586,0.029903028397150706,0.0052199063157631204,0,0,0,0,0,0.2046671767406274,-1.3183838415572441e-05,5.1222032607610844e-05,0.0004455402327257991,0,0.0046731185076038222
316,4,19,0.30542493399626636,0.093284390306623666,1,1,1,0,1,-1,1,472,0.037198132088058701,0.056555147515795712,0.019357015427737011,0.0096340969739172125,0.031154102735156768,0.021520005761239556,0.0047648170592662527,0.00043337312305453279,0.0047648170592662527,0.0049205003962415044,0.0051875230110391655,0.0047844847028766574,0.0052065060620168253,0.052845788124172455,0.024282855236824549,0.029489361298841374,0.0052065060620168253,0,0,0,0,0,0.18446230386528895,-1.3967205805744798e-05,4.8987252529150135e-05,0.00037451011497747821,0,0.0047056199500234994
317,19,4,0.30542493399626636,0.093284390306623666,1,1,1,0,1,-1,1,472,0.037198132088058701,0.056555147515795712,0.019357015427737011,0.0096340969739172125,0.031154102735156768,0.021520005761239556,0.0047648170592662527,0.00043337312305453279,0.0047648170592662527,0.0049205003962415044,0.0051875230110391655,0.0047844847028766574,0.0052065060620168253,0.052845788124172455,0.024282855236824549,0.029489361298841374,0.0052065060620168253,0,0,0,0,0,0.18446230386528895,-1.3967205805744798e-05,4.8987252529150135e-05,0.00037451011497747821,0,0.0047056199500234994
318,11,16,0.30584970904476044,0.093544044522764616,1,1,1,0,1,-1,1,446,0.037304869913275515,0.056553206044210269,0.019248336130934754,0.0096988497616226528,0.031154102735156768,0.021455252973534115,0.0047682717596898355,0.00043222323021413766,0.0047682717596898355,0.0049321786324177525,0.0051855431442923523,0.0047878212680709312,0.0051990958248954826,0.052578951808131331,0.023882588392261508,0.02908168421715699,0.0051990958248954826,0,0,0,0,0,0.17419601837672283,-1.3465480166828194e-05,4.8324385754047527e-05,0.00034511868070050388,0,0.0047152791368154428
319,16,11,0.30584970904476044,0.093544044522764616,1,1,1,0,1,-1,1,446,0.037304869913275515,0.056553206044210269,0.019248336130934754,0.0096988497616226528,0.031154102735156768,0.021455252973534115,0.0047682717596898355,0.00043222323021413766,0.0047682717596898355,0.0049321786324177525,0.0051855431442923523,0.0047878212680709312,0.0051990958248954826,0.052578951808131331,0.023882588392261508,0.02908168421715699,0.0051990958248954826,0,0,0,0,0,0.17419601837672283,-1.3465480166828194e-05,4.8324385754047527e-05,0.00034511868070050388,0,0.0047152791368154428
320,5,19,0.30907202408827628,0.095525516074024028,1,1,1,0,1,-1,1,362,0.039226150767178114,0.055595964529750103,0.016369813762571989,0.010890260276186572,0.029152768512341561,0.018262508236154988,0.0047956803675295329,0.00036197071217163474,0.0047956803675295329,0.0049158642746014673,0.0051557996235468044,0.0048093214681468564,0.0051649517350019145,0.053119182120297842,0.024749833222148097,0.029914784957150012,0.0051649517350019145,0,0,0,0,0,0.14220007665772327,-1.292578424936257e-05,4.3244628786207937e-05,0.000253389751039656,0,0.0047895894037964801
321,19,5,0.30907202408827628,0.095525516074024028,1,1,1,0,1,-1,1,362,0.039226150767178114,0.055595964529750103,0.016369813762571989,0.010890260276186572,0.029152768512341561,0.018262508236154988,0.0047956803675295329,0.00036197071217163474,0.0047956803675295329,0.0049158642746014673,0.0051557996235468044,0.0048093214681468564,0.0051649517350019145,0.053119182120297842,0.024749833222148097,0.029914784957150012,0.0051649517350019145,0,0,0,0,0,0.14220007665772327,-1.292578424936257e-05,4.3244628786207937e-05,0.000253389751039656,0,0.0047895894037964801
322,8,18,0.31005909517343688,0.096136642499770386,1,1,1,0,1,-1,1,321,0.039439626417611742,0.055321500169257257,0.015881873751645514,0.011034758082071652,0.028619079386257504,0.01758432130418585,0.0047989811601036455,0.00034250775767902513,0.0047989811601036455,0.0049104624975010863,0.0051446068238503832,0.0048111881837130475,0.0051547233369506028,0.05262174783188793,0.023991855629308109,0.029146578966258711,0.0051547233369506028,0,0,0,0,0,0.12681992337164752,-1.2037322078712123e-05,4.1670707557605116e-05,0.00021276013223168243,0,0.0048127186024204795
323,18,8,0.31005909517343688,0.096136642499770386,1,1,1,0,1,-1,1,321,0.039439626417611742,0.055321500169257257,0.015881873751645514,0.011034758082071652,0.028619079386257504,0.01758432130418585,0.0047989811601036455,0.00034250775767902513,0.0047989811601036455,0.0049104624975010863,0.0051446068238503832,0.0048111881837130475,0.0051547233369506028,0.05262174783188793,0.023991855629308109,0.029146578966258711,0.0051547233369506028,0,0,0,0,0,0.12681992337164752,-1.2037322078712123e-05,4.1670707557605116e-05,0.00021276013223168243,0,0.0048127186024204795
324,10,17,0.31058971432700266,0.096465970645729135,1,1,1,0,1,-1,1,298,0.040026684456304203,0.055110540696988161,0.015083856240683959,0.011424708926861262,0.028218812541694463,0.016794103614833203,0.0048002608726323498,0.00033673960026888355,0.0048002608726323498,0.0049087090602697031,0.0051424885711711284,0.0048120575644639094,0.0051503632375771366,0.052835223482321544,0.024322717511337855,0.029473080748914991,0.0051503632375771366,0,0,0,0,0,0.11771472392638037,-1.1883992225990289e-05,4.0821204206354823e-05,0.00019039521001656032,0,0.0048252230948079523
325,17,10,0.31058971432700266,0.096465970645729135,1,1,1,0,1,-1,1,298,0.040026684456304203,0.055110540696988161,0.015083856240683959,0.011424708926861262,0.028218812541694463,0.016794103614833203,0.0048002608726323498,0.00033673960026888355,0.0048002608726323498,0.0049087090602697031,0.0051424885711711284,0.0048120575644639094,0.0051503632375771366,0.052835223482321544,0.024322717511337855,0.029473080748914991,0.0051503632375771366,0,0,0,0,0,0.11771472392638037,-1.1883992225990289e-05,4.0821204206354823e-05,0.00019039521001656032,0,0.0048252230948079523
326,14,14,0.31192883973256719,0.097299601056905591,1,1,1,0,1,-1,1,244,0.040507004669779842,0.054526620013387747,0.014019615343607905,0.01175954203608065,0.027151434289526349,0.015391892253445699,0.0047974151464388656,0.00031562929420071338,0.0047974151464388656,0.004903812428935176,0.0051284768792244943,0.0048077868025359323,0.0051338957524544558,0.052667799403284449,0.024082721814543028,0.029216617566997484,0.0051338957524544558,0,0,0,0,0,0.097046413502109699,-1.1829730552857234e-05,3.8666801300236259e-05,0.00013234732232156887,0,0.004857001237642153
327,13,15,0.31270740067362812,0.097785918436056996,1,1,1,0,1,-1,1,198,0.040987324883255502,0.05425889219238153,0.013271567309126028,0.012099314463701178,0.026684456304202797,0.014585141840501619,0.0047608515337265568,0.00029277184601028309,0.0047608515337265568,0.0047996595729737201,0.0051194519359088935,0.0047698451421406525,0.0051272081737577871,0.052880855719162734,0.024416277518345561,0.029543485692103348,0.0051272081737577871,0,0,0,0,0,0.079048349961627018,-1.0971096782159029e-05,3.7407382698754241e-05,0.00010486863385777309,0,0.0048756220622188633
328,15,13,0.31270740067362812,0.097785918436056996,1,1,1,0,1,-1,1,198,0.040987324883255502,0.05425889219238153,0.013271567309126028,0.012099314463701178,0.026684456304202797,0.014585141840501619,0.0047608515337265568,0.00029277184601028309,0.0047608515337265568,0.0047996595729737201,0.0051194519359088935,0.0047698451421406525,0.0051272081737577871,0.052880855719162734,0.024416277518345561,0.029543485692103348,0.0051272081737577871,0,0,0,0,0,0.079048349961627018,-1.0971096782159029e-05,3.7407382698754241e-05,0.00010486863385777309,0,0.0048756220622188633
329,6,19,0.31347014493791675,0.098263531767398549,1,1,1,0,1,-1,1,167,0.041627751834556366,0.053826955814706812,0.012199203980150446,0.012563879964232234,0.02595063375583722,0.013386753791604986,0.0047986956558415004,0.0002747899381325655,0.0047986956558415004,0.0048618357598175857,0.0051131279176625504,0.0048065569285602964,0.0051180467014687106,0.052888592394929948,0.024437397394457216,0.029555444095925927,0.0051180467014687106,0,0,0,0,0,0.067510548523206745,-1.1237320709766484e-05,3.6168705476044902e-05,8.408976756274569e-05,0,0.0048939680822705257
330,19,6,0.31347014493791675,0.098263531767398549,1,1,1,0,1,-1,1,167,0.041627751834556366,0.053826955814706812,0.012199203980150446,0.012563879964232234,0.02595063375583722,0.013386753791604986,0.0047986956558415004,0.0002747899381325655,0.0047986956558415004,0.0048618357598175857,0.0051131279176625504,0.0048065569285602964,0.0051180467014687106,0.052888592394929948,0.024437397394457216,0.029555444095925927,0.0051180467014687106,0,0,0,0,0,0.067510548523206745,-1.1237320709766484e-05,3.6168705476044902e-05,8.408976756274569e-05,0,0.0048939680822705257
331,0,20,0.31442808593450156,0.098865021224434302,1,1,1,0,1,-1,1,147,0.042161440960640423,0.053457252657054637,0.011295811696414214,0.012965685079991802,0.025350233488992662,0.01238454840900086,0.0047989312183663044,0.00024895502957684968,0.0047989312183663044,0.0048592718851575151,0.0051021122554028627,0.0048053844222249601,0.0051056214441556509,0.052649225617001645,0.024082721814543028,0.029188343258698679,0.0051056214441556509,0,0,0,0,0,0.0602455871066769,-1.095359114758977e-05,3.5474941109631217e-05,6.687789916335997e-05,0,0.0049171541584819975
332,20,0,0.31442808593450156,0.098865021224434302,1,1,1,0,1,-1,1,147,0.042161440960640423,0.053457252657054637,0.011295811696414214,0.012965685079991802,0.025350233488992662,0.01238454840900086,0.0047989312183663044,0.00024895502957684968,0.0047989312183663044,0.0048592718851575151,0.0051021122554028627,0.0048053844222249601,0.0051056214441556509,0.052649225617001645,0.024082721814543028,0.029188343258698679,0.0051056214441556509,0,0,0,0,0,0.0602455871066769,-1.095359114758977e-05,3.5474941109631217e-05,6.687789916335997e-05,0,0.0049171541584819975
333,1,20,0.31482414486363608,0.099114242189119725,1,1,1,0,1,-1,1,140,0.042428285523682455,0.053079373419524706,0.010651087895842251,0.013169688624151922,0.024749833222148097,0.011580144597996176,0.0047969166660043489,0.00024632254730363583,0.0047969166660043489,0.0048592091772569086,0.0050883173952164986,0.0048032368563189166,0.005102597226804631,0.052864920461246245,0.024416277518345561,0.029518874745150192,0.005102597226804631,0,0,0,0,0,0.05683563748079877,-1.0893651898126862e-05,3.5224494224281089e-05,5.9992117461740568e-05,0,0.0049267875829422251
334,20,1,0.31482414486363608,0.099114242189119725,1,1,1,0,1,-1,1,140,0.042428285523682455,0.053079373419524706,0.010651087895842251,0.013169688624151922,0.024749833222148097,0.011580144597996176,0.0047969166660043489,0.00024632254730363583,0.0047969166660043489,0.0048592091772569086,0.0050883173952164986,0.0048032368563189166,0.005102597226804631,0.052864920461246245,0.024416277518345561,0.029518874745150192,0.005102597226804631,0,0,0,0,0,0.05683563748079877,-1.0893651898126862e-05,3.5224494224281089e-05,5.9992117461740568e-05,0,0.0049267875829422251
335,12,16,0.31503134665144805,0.099244749373024813,1,1,1,0,1,-1,1,133,0.042588392261507672,0.053246576439057169,0.010658184177549497,0.013294171880852367,0.025016677785190129,0.011722505904337762,0.0048166951136579495,0.0002295532161235895,0.0048166951136579495,0.0048640017753039527,0.0050853968675576081,0.0048221620147988649,0.0050994690510113364,0.05281960633864563,0.024349566377585057,0.029449035428596393,0.0050994690510113364,0,0,0,0,0,0.054531490015360985,-1.0527406441772168e-05,3.5092714541251684e-05,5.6462610680236938e-05,0,0.0049318383920959911
336,16,12,0.31503134665144805,0.099244749373024813,1,1,1,0,1,-1,1,133,0.042588392261507672,0.053246576439057169,0.010658184177549497,0.013294171880852367,0.025016677785190129,0.011722505904337762,0.0048166951136579495,0.0002295532161235895,0.0048166951136579495,0.0048640017753039527,0.0050853968675576081,0.0048221620147988649,0.0050994690510113364,0.05281960633864563,0.024349566377585057,0.029449035428596393,0.0050994690510113364,0,0,0,0,0,0.054531490015360985,-1.0527406441772168e-05,3.5092714541251684e-05,5.6462610680236938e-05,0,0.0049318383920959911
337,2,20,0.31600924507375849,0.099861842972086765,1,1,1,0,1,-1,1,115,0.043602401601067375,0.052549612944456828,0.0089472113433894523,0.014104133074083447,0.023949299533022016,0.0098451664589385684,0.0048596309757129889,0.00019378210951399342,0.0048596309757129889,0.004956254288962271,0.0050636889371708186,0.0048634930580886892,0.0050880026050277166,0.052549612944456828,0.023949299533022016,0.029037302138049732,0.0050880026050277166,0,0,0,0,0,0.047637341529004992,-1.0553537195721831e-05,3.4463795556121128e-05,4.389258377518554e-05,0,0.0049557778605644389
338,20,2,0.31600924507375849,0.099861842972086765,1,1,1,0,1,-1,1,115,0.043602401601067375,0.052549612944456828,0.0089472113433894523,0.014104133074083447,0.023949299533022016,0.0098451664589385684,0.0048596309757129889,0.00019378210951399342,0.0048596309757129889,0.004956254288962271,0.0050636889371708186,0.0048634930580886892,0.0050880026050277166,0.052549612944456828,0.023949299533022016,0.029037302138049732,0.0050880026050277166,0,0,0,0,0,0.047637341529004992,-1.0553537195721831e-05,3.4463795556121128e-05,4.389258377518554e-05,0,0.0049557778605644389
339,9,18,0.31679763143870204,0.10036073928517168,1,1,1,0,1,-1,1,79,0.044616410940627078,0.051857753648579585,0.007241342707952507,0.014961560431938373,0.02294863242161441,0.0079870719896760374,0.0048524645658176895,0.0001627584450428938,0.0048524645658176895,0.0049005270453359798,0.005013812104574333,0.0048551933714270365,0.0050663324487628426,0.051857753648579585,0.02294863242161441,0.028014964870377253,0.0050663324487628426,0,0,0,0,0,0.033820138355111454,-9.8471884927172054e-06,3.394842052997771e-05,2.3607816926604074e-05,0,0.0049752004435540606
340,18,9,0.31679763143870204,0.10036073928517168,1,1,1,0,1,-1,1,79,0.044616410940627078,0.051857753648579585,0.007241342707952507,0.014961560431938373,0.02294863242161441,0.0079870719896760374,0.0048524645658176895,0.0001627584450428938,0.0048524645658176895,0.0049005270453359798,0.005013812104574333,0.0048551933714270365,0.0050663324487628426,0.051857753648579585,0.02294863242161441,0.028014964870377253,0.0050663324487628426,0,0,0,0,0,0.033820138355111454,-9.8471884927172054e-06,3.394842052997771e-05,2.3607816926604074e-05,0,0.0049752004435540606
341,3,20,0.31797427137356116,0.1011076372555471,1,1,1,0,1,-1,0,18,0.045363575717144763,0.049206137424949968,0.0038425617078052046,0.015631786387648609,0.019563298136989891,0.0039315117493412821,0.004755083030115923,0.00011129641274561388,0.004755083030115923,0.0047686137848312379,0.0049038613519818801,0.0047563853412845424,0.0049083955788800579,0.049206137424949968,0.019563298136989891,0.024471693715869949,0.0049083955788800579,0,0,0,0,0,0.010765090349865437,-9.5948627169910837e-06,3.3165515569974231e-05,4.1668509353253295e-06,0,0.005006807345496877
342,20,3,0.31797427137356116,0.1011076372555471,1,1,1,0,1,-1,0,18,0.045363575717144763,0.049206137424949968,0.0038425617078052046,0.015631786387648609,0.019563298136989891,0.0039315117493412821,0.004755083030115923,0.00011129641274561388,0.004755083030115923,0.0047686137848312379,0.0049038613519818801,0.0047563853412845424,0.0049083955788800579,0.049206137424949968,0.019563298136989891,0.024471693715869949,0.0049083955788800579,0,0,0,0,0,0.010765090349865437,-9.5948627169910837e-06,3.3165515569974231e-05,4.1668509353253295e-06,0,0.005006807345496877
343,7,19,0.31858712311679327,0.10149775501583479,1,1,1,0,1,-1,0,6,0.04643095396931287,0.048619079386257508,0.0021881254169446376,0.016634004410300045,0.018902453505939588,0.0022684490956395437,0.0047547400792842254,7.2954789953394195e-05,0.0047547400792842254,0.0047651470452639271,0.0048442728450899235,0.0047552997405977369,0.0048537732454768043,0.048619079386257508,0.018902453505939588,0.023756226751416393,0.0048537732454768043,0,0,0,0,0,0.0069177555726364333,-9.9264836060721526e-06,3.2751279322737139e-05,1.2563023465509949e-06,0,0.0050252027975884418
344,19,7,0.31858712311679327,0.10149775501583479,1,1,1,0,1,-1,0,6,0.04643095396931287,0.048619079386257508,0.0021881254169446376,0.016634004410300045,0.018902453505939588,0.0022684490956395437,0.0047547400792842254,7.2954789953394195e-05,0.0047547400792842254,0.0047651470452639271,0.0048442728450899235,0.0047552997405977369,0.0048537732454768043,0.048619079386257508,0.018902453505939588,0.023756226751416393,0.0048537732454768043,0,0,0,0,0,0.0069177555726364333,-9.9264836060721526e-06,3.2751279322737139e-05,1.2563023465509949e-06,0,0.0050252027975884418
