mode_index,m,n,q,q2,branch_id,root_id,kind_id,source_id_0lambda_1trace,n_contour_segments,Z_min,Z_max,Z_span,zero_fraction_absZ_le_tol,skipped_flag
199,8,13,0.24062600087699448,0.05790087229805535,1,1,1,0,1,-0.20130150658517484,0.11776479545046639,0.31906630203564124,0,0
199,8,13,0.24062600087699448,0.05790087229805535,1,1,3,1,1,-1.0137627826190418,0.069993653926371094,1.0837564365454129,0,0
199,8,13,0.24062600087699448,0.05790087229805535,1,-1,1,0,4,-1.0090646170293045,0.0051955595697366101,1.0142601765990411,0,0
199,8,13,0.24062600087699448,0.05790087229805535,1,-1,3,1,1,-1.0137627826190418,0.069993653926371094,1.0837564365454129,0,0
199,8,13,0.24062600087699448,0.05790087229805535,-1,1,1,0,1,-0.0045787008712360232,0.11776479545046639,0.12234349632170241,0,0
199,8,13,0.24062600087699448,0.05790087229805535,-1,1,3,1,1,-0.055765162013443594,0.069993653926371094,0.12575881593981469,0,0
199,8,13,0.24062600087699448,0.05790087229805535,-1,-1,1,0,0,-0.10957019493552811,-0.0092641395676888519,0.10030605536783926,0,2
199,8,13,0.24062600087699448,0.05790087229805535,-1,-1,3,1,1,-0.055765162013443594,0.069993653926371094,0.12575881593981469,0,0
200,13,8,0.24062600087699448,0.05790087229805535,1,1,1,0,1,-0.20130150658517484,0.11776479545046639,0.31906630203564124,0,0
200,13,8,0.24062600087699448,0.05790087229805535,1,1,3,1,1,-1.0137627826190418,0.069993653926371094,1.0837564365454129,0,0
200,13,8,0.24062600087699448,0.05790087229805535,1,-1,1,0,4,-1.0090646170293045,0.0051955595697366101,1.0142601765990411,0,0
200,13,8,0.24062600087699448,0.05790087229805535,1,-1,3,1,1,-1.0137627826190418,0.069993653926371094,1.0837564365454129,0,0
200,13,8,0.24062600087699448,0.05790087229805535,-1,1,1,0,1,-0.0045787008712360232,0.11776479545046639,0.12234349632170241,0,0
200,13,8,0.24062600087699448,0.05790087229805535,-1,1,3,1,1,-0.055765162013443594,0.069993653926371094,0.12575881593981469,0,0
200,13,8,0.24062600087699448,0.05790087229805535,-1,-1,1,0,0,-0.10957019493552811,-0.0092641395676888519,0.10030605536783926,0,2
200,13,8,0.24062600087699448,0.05790087229805535,-1,-1,3,1,1,-0.055765162013443594,0.069993653926371094,0.12575881593981469,0,0
201,3,15,0.24095008815644542,0.058056944982598821,1,1,1,0,1,-0.20132023530732004,0.11775171907200482,0.3190719543793249,0,0
201,3,15,0.24095008815644542,0.058056944982598821,1,1,3,1,1,-1.0138002400633324,0.069956196482080651,1.0837564365454131,0,0
201,3,15,0.24095008815644542,0.058056944982598821,1,-1,1,0,5,-1.0090895903098049,0.0051682431677309397,1.0142578334775358,0,0
201,3,15,0.24095008815644542,0.058056944982598821,1,-1,3,1,1,-1.0138002400633324,0.069956196482080651,1.0837564365454131,0,0
201,3,15,0.24095008815644542,0.058056944982598821,-1,1,1,0,1,-0.0045911866859994982,0.11775171907200482,0.12234290575800433,0,0
201,3,15,0.24095008815644542,0.058056944982598821,-1,1,3,1,1,-0.055802619457734029,0.069956196482080651,0.12575881593981469,0,0
201,3,15,0.24095008815644542,0.058056944982598821,-1,-1,1,0,0,-0.10959597032836259,-0.0092891111972158054,0.10030685913114679,0,2
201,3,15,0.24095008815644542,0.058056944982598821,-1,-1,3,1,1,-0.055802619457734029,0.069956196482080651,0.12575881593981469,0,0
202,15,3,0.24095008815644542,0.058056944982598821,1,1,1,0,1,-0.20132023530732004,0.11775171907200482,0.3190719543793249,0,0
202,15,3,0.24095008815644542,0.058056944982598821,1,1,3,1,1,-1.0138002400633324,0.069956196482080651,1.0837564365454131,0,0
202,15,3,0.24095008815644542,0.058056944982598821,1,-1,1,0,5,-1.0090895903098049,0.0051682431677309397,1.0142578334775358,0,0
202,15,3,0.24095008815644542,0.058056944982598821,1,-1,3,1,1,-1.0138002400633324,0.069956196482080651,1.0837564365454131,0,0
202,15,3,0.24095008815644542,0.058056944982598821,-1,1,1,0,1,-0.0045911866859994982,0.11775171907200482,0.12234290575800433,0,0
202,15,3,0.24095008815644542,0.058056944982598821,-1,1,3,1,1,-0.055802619457734029,0.069956196482080651,0.12575881593981469,0,0
202,15,3,0.24095008815644542,0.058056944982598821,-1,-1,1,0,0,-0.10959597032836259,-0.0092891111972158054,0.10030685913114679,0,2
202,15,3,0.24095008815644542,0.058056944982598821,-1,-1,3,1,1,-0.055802619457734029,0.069956196482080651,0.12575881593981469,0,0
203,4,15,0.24454165757289556,0.059800622288499306,1,1,1,0,1,-0.20121408373665034,0.11760566386203483,0.31881974759868514,0,0
203,4,15,0.24454165757289556,0.059800622288499306,1,1,3,1,1,-1.0142187226167485,0.069537713928664535,1.0837564365454131,0,0
203,4,15,0.24454165757289556,0.059800622288499306,1,-1,1,0,3,-1.0093685971209849,0.0048956808265195866,1.0142642779475044,0,0
203,4,15,0.24454165757289556,0.059800622288499306,1,-1,3,1,1,-1.0142187226167485,0.069537713928664535,1.0837564365454131,0,0
203,4,15,0.24454165757289556,0.059800622288499306,-1,1,1,0,1,-0.0047306808704715396,0.11760566386203483,0.12233634473250637,0,0
203,4,15,0.24454165757289556,0.059800622288499306,-1,1,3,1,1,-0.056221102011150145,0.069537713928664535,0.12575881593981469,0,0
203,4,15,0.24454165757289556,0.059800622288499306,-1,-1,1,0,0,-0.10988393097470921,-0.0095680995661598829,0.10031583140854933,0,2
203,4,15,0.24454165757289556,0.059800622288499306,-1,-1,3,1,1,-0.056221102011150145,0.069537713928664535,0.12575881593981469,0,0
204,15,4,0.24454165757289556,0.059800622288499306,1,1,1,0,1,-0.20121408373665034,0.11760566386203483,0.31881974759868514,0,0
204,15,4,0.24454165757289556,0.059800622288499306,1,1,3,1,1,-1.0142187226167485,0.069537713928664535,1.0837564365454131,0,0
204,15,4,0.24454165757289556,0.059800622288499306,1,-1,1,0,3,-1.0093685971209849,0.0048956808265195866,1.0142642779475044,0,0
204,15,4,0.24454165757289556,0.059800622288499306,1,-1,3,1,1,-1.0142187226167485,0.069537713928664535,1.0837564365454131,0,0
204,15,4,0.24454165757289556,0.059800622288499306,-1,1,1,0,1,-0.0047306808704715396,0.11760566386203483,0.12233634473250637,0,0
204,15,4,0.24454165757289556,0.059800622288499306,-1,1,3,1,1,-0.056221102011150145,0.069537713928664535,0.12575881593981469,0,0
204,15,4,0.24454165757289556,0.059800622288499306,-1,-1,1,0,0,-0.10988393097470921,-0.0095680995661598829,0.10031583140854933,0,2
204,15,4,0.24454165757289556,0.059800622288499306,-1,-1,3,1,1,-0.056221102011150145,0.069537713928664535,0.12575881593981469,0,0
205,11,11,0.24527802722534706,0.060161310639558097,1,1,1,0,1,-0.20125736633877739,0.11757546005818476,0.31883282639696214,0,0
205,11,11,0.24527802722534706,0.060161310639558097,1,1,3,1,1,-1.0143052878210026,0.069451148724410439,1.0837564365454131,0,0
205,11,11,0.24527802722534706,0.060161310639558097,1,-1,1,0,3,-1.0094263110713837,0.0048445145124744217,1.0142708255838582,0,0
205,11,11,0.24527802722534706,0.060161310639558097,1,-1,3,1,1,-1.0143052878210026,0.069451148724410439,1.0837564365454131,0,0
205,11,11,0.24527802722534706,0.060161310639558097,-1,1,1,0,1,-0.0047595359385562402,0.11757546005818476,0.122334995996741,0,0
205,11,11,0.24527802722534706,0.060161310639558097,-1,1,3,1,1,-0.056307667215404256,0.069451148724410439,0.12575881593981469,0,0
205,11,11,0.24527802722534706,0.060161310639558097,-1,-1,1,0,0,-0.10994349534592476,-0.009625809702329291,0.10031768564359547,0,2
205,11,11,0.24527802722534706,0.060161310639558097,-1,-1,3,1,1,-0.056307667215404256,0.069451148724410439,0.12575881593981469,0,0
206,10,12,0.24627678704862097,0.060652255838991795,1,1,1,0,1,-0.20131627976270944,0.11753435328088374,0.31885063304359318,0,0
206,10,12,0.24627678704862097,0.060652255838991795,1,1,3,1,1,-1.0144231146688667,0.069333321876546339,1.0837564365454131,0,0
206,10,12,0.24627678704862097,0.060652255838991795,1,-1,1,0,4,-1.0095048674946181,0.0047646686627646623,1.0142695361573828,0,0
206,10,12,0.24627678704862097,0.060652255838991795,1,-1,3,1,1,-1.0144231146688667,0.069333321876546339,1.0837564365454131,0,0
206,10,12,0.24627678704862097,0.060652255838991795,-1,1,1,0,1,-0.004798811554510939,0.11753435328088374,0.12233316483539468,0,0
206,10,12,0.24627678704862097,0.060652255838991795,-1,1,3,1,1,-0.056425494063268342,0.069333321876546339,0.12575881593981469,0,0
206,10,12,0.24627678704862097,0.060652255838991795,-1,-1,1,0,0,-0.11002456949108338,-0.0097043609342386816,0.1003202085568447,0,2
206,10,12,0.24627678704862097,0.060652255838991795,-1,-1,3,1,1,-0.056425494063268342,0.069333321876546339,0.12575881593981469,0,0
207,12,10,0.24627678704862097,0.060652255838991795,1,1,1,0,1,-0.20131627976270944,0.11753435328088374,0.31885063304359318,0,0
207,12,10,0.24627678704862097,0.060652255838991795,1,1,3,1,1,-1.0144231146688667,0.069333321876546339,1.0837564365454131,0,0
207,12,10,0.24627678704862097,0.060652255838991795,1,-1,1,0,4,-1.0095048674946181,0.0047646686627646623,1.0142695361573828,0,0
207,12,10,0.24627678704862097,0.060652255838991795,1,-1,3,1,1,-1.0144231146688667,0.069333321876546339,1.0837564365454131,0,0
207,12,10,0.24627678704862097,0.060652255838991795,-1,1,1,0,1,-0.004798811554510939,0.11753435328088374,0.12233316483539468,0,0
207,12,10,0.24627678704862097,0.060652255838991795,-1,1,3,1,1,-0.056425494063268342,0.069333321876546339,0.12575881593981469,0,0
207,12,10,0.24627678704862097,0.060652255838991795,-1,-1,1,0,0,-0.11002456949108338,-0.0097043609342386816,0.1003202085568447,0,2
207,12,10,0.24627678704862097,0.060652255838991795,-1,-1,3,1,1,-0.056425494063268342,0.069333321876546339,0.12575881593981469,0,0
208,7,14,0.24667683023477741,0.060849458574677197,1,1,1,0,1,-0.20133994409099168,0.11751784303009673,0.31885778712108842,0,0
208,7,14,0.24667683023477741,0.060849458574677197,1,1,3,1,1,-1.0144704433254312,0.069285993219981856,1.0837564365454131,0,0
208,7,14,0.24667683023477741,0.060849458574677197,1,-1,1,0,4,-1.0095364220174634,0.004741004334482414,1.0142774263519458,0,0
208,7,14,0.24667683023477741,0.060849458574677197,1,-1,3,1,1,-1.0144704433254312,0.069285993219981856,1.0837564365454131,0,0
208,7,14,0.24667683023477741,0.060849458574677197,-1,1,1,0,1,-0.0048145877733657711,0.11751784303009673,0.1223324308034625,0,0
208,7,14,0.24667683023477741,0.060849458574677197,-1,1,3,1,1,-0.056472822719832838,0.069285993219981856,0.12575881593981469,0,0
208,7,14,0.24667683023477741,0.060849458574677197,-1,-1,1,0,0,-0.11005713502396906,-0.0097359133719483459,0.10032122165202072,0,2
208,7,14,0.24667683023477741,0.060849458574677197,-1,-1,3,1,1,-0.056472822719832838,0.069285993219981856,0.12575881593981469,0,0
209,14,7,0.24667683023477741,0.060849458574677197,1,1,1,0,1,-0.20133994409099168,0.11751784303009673,0.31885778712108842,0,0
209,14,7,0.24667683023477741,0.060849458574677197,1,1,3,1,1,-1.0144704433254312,0.069285993219981856,1.0837564365454131,0,0
209,14,7,0.24667683023477741,0.060849458574677197,1,-1,1,0,4,-1.0095364220174634,0.004741004334482414,1.0142774263519458,0,0
209,14,7,0.24667683023477741,0.060849458574677197,1,-1,3,1,1,-1.0144704433254312,0.069285993219981856,1.0837564365454131,0,0
209,14,7,0.24667683023477741,0.060849458574677197,-1,1,1,0,1,-0.0048145877733657711,0.11751784303009673,0.1223324308034625,0,0
209,14,7,0.24667683023477741,0.060849458574677197,-1,1,3,1,1,-0.056472822719832838,0.069285993219981856,0.12575881593981469,0,0
209,14,7,0.24667683023477741,0.060849458574677197,-1,-1,1,0,0,-0.11005713502396906,-0.0097359133719483459,0.10032122165202072,0,2
209,14,7,0.24667683023477741,0.060849458574677197,-1,-1,3,1,1,-0.056472822719832838,0.069285993219981856,0.12575881593981469,0,0
210,5,15,0.249081809965922,0.062041748055899675,1,1,1,0,1,-0.20116794475187022,0.11741804031431859,0.31858598506618879,0,0
210,5,15,0.249081809965922,0.062041748055899675,1,1,3,1,1,-1.0147565928009246,0.068999843744488448,1.0837564365454131,0,0
210,5,15,0.249081809965922,0.062041748055899675,1,-1,1,0,2,-1.0097272009398133,0.0045439977631312285,1.0142711987029445,0,0
210,5,15,0.249081809965922,0.062041748055899675,1,-1,3,1,1,-1.0147565928009246,0.068999843744488448,1.0837564365454131,0,0
210,5,15,0.249081809965922,0.062041748055899675,-1,1,1,0,1,-0.0049099709318635686,0.11741804031431859,0.12232801124618216,0,0
210,5,15,0.249081809965922,0.062041748055899675,-1,1,3,1,1,-0.056758972195326232,0.068999843744488448,0.12575881593981469,0,0
210,5,15,0.249081809965922,0.062041748055899675,-1,-1,1,0,0,-0.11025402276734014,-0.0099266796889439443,0.10032734307839619,0,2
210,5,15,0.249081809965922,0.062041748055899675,-1,-1,3,1,1,-0.056758972195326232,0.068999843744488448,0.12575881593981469,0,0
211,15,5,0.249081809965922,0.062041748055899675,1,1,1,0,1,-0.20116794475187022,0.11741804031431859,0.31858598506618879,0,0
211,15,5,0.249081809965922,0.062041748055899675,1,1,3,1,1,-1.0147565928009246,0.068999843744488448,1.0837564365454131,0,0
211,15,5,0.249081809965922,0.062041748055899675,1,-1,1,0,2,-1.0097272009398133,0.0045439977631312285,1.0142711987029445,0,0
211,15,5,0.249081809965922,0.062041748055899675,1,-1,3,1,1,-1.0147565928009246,0.068999843744488448,1.0837564365454131,0,0
211,15,5,0.249081809965922,0.062041748055899675,-1,1,1,0,1,-0.0049099709318635686,0.11741804031431859,0.12232801124618216,0,0
211,15,5,0.249081809965922,0.062041748055899675,-1,1,3,1,1,-0.056758972195326232,0.068999843744488448,0.12575881593981469,0,0
211,15,5,0.249081809965922,0.062041748055899675,-1,-1,1,0,0,-0.11025402276734014,-0.0099266796889439443,0.10032734307839619,0,2
211,15,5,0.249081809965922,0.062041748055899675,-1,-1,3,1,1,-0.056758972195326232,0.068999843744488448,0.12575881593981469,0,0
212,9,13,0.24924880959285775,0.062124969083456653,1,1,1,0,1,-0.20117793127517708,0.11741107532880352,0.3185890066039806,0,0
212,9,13,0.24924880959285775,0.062124969083456653,1,1,3,1,1,-1.0147765658475383,0.068979870697874784,1.0837564365454131,0,0
212,9,13,0.24924880959285775,0.062124969083456653,1,-1,1,0,3,-1.0097405171839786,0.0045340112398243914,1.0142745284238031,0,0
212,9,13,0.24924880959285775,0.062124969083456653,1,-1,3,1,1,-1.0147765658475383,0.068979870697874784,1.0837564365454131,0,0
212,9,13,0.24924880959285775,0.062124969083456653,-1,1,1,0,1,-0.0049166286140681272,0.11741107532880352,0.12232770394287164,0,0
212,9,13,0.24924880959285775,0.062124969083456653,-1,1,3,1,1,-0.05677894524193991,0.068979870697874784,0.12575881593981469,0,0
212,9,13,0.24924880959285775,0.062124969083456653,-1,-1,1,0,0,-0.11026776516281971,-0.0099399950533530582,0.10032777010946664,0,2
212,9,13,0.24924880959285775,0.062124969083456653,-1,-1,3,1,1,-0.05677894524193991,0.068979870697874784,0.12575881593981469,0,0
213,13,9,0.24924880959285775,0.062124969083456653,1,1,1,0,1,-0.20117793127517708,0.11741107532880352,0.3185890066039806,0,0
213,13,9,0.24924880959285775,0.062124969083456653,1,1,3,1,1,-1.0147765658475383,0.068979870697874784,1.0837564365454131,0,0
213,13,9,0.24924880959285775,0.062124969083456653,1,-1,1,0,3,-1.0097405171839786,0.0045340112398243914,1.0142745284238031,0,0
213,13,9,0.24924880959285775,0.062124969083456653,1,-1,3,1,1,-1.0147765658475383,0.068979870697874784,1.0837564365454131,0,0
213,13,9,0.24924880959285775,0.062124969083456653,-1,1,1,0,1,-0.0049166286140681272,0.11741107532880352,0.12232770394287164,0,0
213,13,9,0.24924880959285775,0.062124969083456653,-1,1,3,1,1,-0.05677894524193991,0.068979870697874784,0.12575881593981469,0,0
213,13,9,0.24924880959285775,0.062124969083456653,-1,-1,1,0,0,-0.11026776516281971,-0.0099399950533530582,0.10032777010946664,0,2
213,13,9,0.24924880959285775,0.062124969083456653,-1,-1,3,1,1,-0.05677894524193991,0.068979870697874784,0.12575881593981469,0,0
214,0,16,0.25191941013543512,0.063463389202985568,1,1,1,0,1,-0.20133854168952053,0.11729908056518559,0.31863762225470615,0,0
214,0,16,0.25191941013543512,0.063463389202985568,1,1,3,1,1,-1.0150977866762252,0.068658649869187835,1.0837564365454131,0,0
214,0,16,0.25191941013543512,0.063463389202985568,1,-1,1,0,3,-1.009954678550369,0.0043357721841728947,1.0142904507345418,0,0
214,0,16,0.25191941013543512,0.063463389202985568,1,-1,3,1,1,-1.0150977866762252,0.068658649869187835,1.0837564365454131,0,0
214,0,16,0.25191941013543512,0.063463389202985568,-1,1,1,0,1,-0.0050237022236304411,0.11729908056518559,0.12232278278881603,0,0
214,0,16,0.25191941013543512,0.063463389202985568,-1,1,3,1,1,-0.057100166070626845,0.068658649869187835,0.12575881593981469,0,0
214,0,16,0.25191941013543512,0.063463389202985568,-1,-1,1,0,0,-0.11048877589554502,-0.010154142272477684,0.10033463362306734,0,2
214,0,16,0.25191941013543512,0.063463389202985568,-1,-1,3,1,1,-0.057100166070626845,0.068658649869187835,0.12575881593981469,0,0
215,16,0,0.25191941013543512,0.063463389202985568,1,1,1,0,1,-0.20133854168952053,0.11729908056518559,0.31863762225470615,0,0
215,16,0,0.25191941013543512,0.063463389202985568,1,1,3,1,1,-1.0150977866762252,0.068658649869187835,1.0837564365454131,0,0
215,16,0,0.25191941013543512,0.063463389202985568,1,-1,1,0,3,-1.009954678550369,0.0043357721841728947,1.0142904507345418,0,0
215,16,0,0.25191941013543512,0.063463389202985568,1,-1,3,1,1,-1.0150977866762252,0.068658649869187835,1.0837564365454131,0,0
215,16,0,0.25191941013543512,0.063463389202985568,-1,1,1,0,1,-0.0050237022236304411,0.11729908056518559,0.12232278278881603,0,0
215,16,0,0.25191941013543512,0.063463389202985568,-1,1,3,1,1,-0.057100166070626845,0.068658649869187835,0.12575881593981469,0,0
215,16,0,0.25191941013543512,0.063463389202985568,-1,-1,1,0,0,-0.11048877589554502,-0.010154142272477684,0.10033463362306734,0,2
215,16,0,0.25191941013543512,0.063463389202985568,-1,-1,3,1,1,-0.057100166070626845,0.068658649869187835,0.12575881593981469,0,0
216,1,16,0.25241356969796808,0.063712610167670991,1,1,1,0,1,-0.2013684482052828,0.11727823093233555,0.31864667913761835,0,0
216,1,16,0.25241356969796808,0.063712610167670991,1,1,3,1,1,-1.0151575997077495,0.068598836837663338,1.0837564365454129,0,0
216,1,16,0.25241356969796808,0.063712610167670991,1,-1,1,0,3,-1.0099945565386819,0.0042908834577387901,1.0142854399964207,0,0
216,1,16,0.25241356969796808,0.063712610167670991,1,-1,3,1,1,-1.0151575997077495,0.068598836837663338,1.0837564365454129,0,0
216,1,16,0.25241356969796808,0.063712610167670991,-1,1,1,0,1,-0.0050436399008052758,0.11727823093233555,0.12232187083314083,0,0
216,1,16,0.25241356969796808,0.063712610167670991,-1,1,3,1,1,-0.05715997910215135,0.068598836837663338,0.12575881593981469,0,0
216,1,16,0.25241356969796808,0.063712610167670991,-1,-1,1,0,0,-0.1105299283780791,-0.010194017626827354,0.10033591075125174,0,2
216,1,16,0.25241356969796808,0.063712610167670991,-1,-1,3,1,1,-0.05715997910215135,0.068598836837663338,0.12575881593981469,0,0
217,16,1,0.25241356969796808,0.063712610167670991,1,1,1,0,1,-0.2013684482052828,0.11727823093233555,0.31864667913761835,0,0
217,16,1,0.25241356969796808,0.063712610167670991,1,1,3,1,1,-1.0151575997077495,0.068598836837663338,1.0837564365454129,0,0
217,16,1,0.25241356969796808,0.063712610167670991,1,-1,1,0,3,-1.0099945565386819,0.0042908834577387901,1.0142854399964207,0,0
217,16,1,0.25241356969796808,0.063712610167670991,1,-1,3,1,1,-1.0151575997077495,0.068598836837663338,1.0837564365454129,0,0
217,16,1,0.25241356969796808,0.063712610167670991,-1,1,1,0,1,-0.0050436399008052758,0.11727823093233555,0.12232187083314083,0,0
217,16,1,0.25241356969796808,0.063712610167670991,-1,1,3,1,1,-0.05715997910215135,0.068598836837663338,0.12575881593981469,0,0
217,16,1,0.25241356969796808,0.063712610167670991,-1,-1,1,0,0,-0.1105299283780791,-0.010194017626827354,0.10033591075125174,0,2
217,16,1,0.25241356969796808,0.063712610167670991,-1,-1,3,1,1,-0.05715997910215135,0.068598836837663338,0.12575881593981469,0,0
218,2,16,0.25389015528499331,0.064460210950638031,1,1,1,0,1,-0.20145816029923883,0.11721569549213294,0.31867385579137175,0,0
218,2,16,0.25389015528499331,0.064460210950638031,1,1,3,1,1,-1.0153370238956618,0.068419412649751252,1.0837564365454131,0,0
218,2,16,0.25389015528499331,0.064460210950638031,1,-1,1,0,4,-1.0101141805645635,0.0041828333746927078,1.0142970139392562,0,0
218,2,16,0.25389015528499331,0.064460210950638031,1,-1,3,1,1,-1.0153370238956618,0.068419412649751252,1.0837564365454131,0,0
218,2,16,0.25389015528499331,0.064460210950638031,-1,1,1,0,1,-0.0051034479634426387,0.11721569549213294,0.12231914345557558,0,0
218,2,16,0.25389015528499331,0.064460210950638031,-1,1,3,1,1,-0.057339403290063443,0.068419412649751252,0.12575881593981469,0,0
218,2,16,0.25389015528499331,0.064460210950638031,-1,-1,1,0,0,-0.11065337388643631,-0.010313633752102081,0.10033974013433423,0,2
218,2,16,0.25389015528499331,0.064460210950638031,-1,-1,3,1,1,-0.057339403290063443,0.068419412649751252,0.12575881593981469,0,0
219,16,2,0.25389015528499331,0.064460210950638031,1,1,1,0,1,-0.20145816029923883,0.11721569549213294,0.31867385579137175,0,0
219,16,2,0.25389015528499331,0.064460210950638031,1,1,3,1,1,-1.0153370238956618,0.068419412649751252,1.0837564365454131,0,0
219,16,2,0.25389015528499331,0.064460210950638031,1,-1,1,0,4,-1.0101141805645635,0.0041828333746927078,1.0142970139392562,0,0
219,16,2,0.25389015528499331,0.064460210950638031,1,-1,3,1,1,-1.0153370238956618,0.068419412649751252,1.0837564365454131,0,0
219,16,2,0.25389015528499331,0.064460210950638031,-1,1,1,0,1,-0.0051034479634426387,0.11721569549213294,0.12231914345557558,0,0
219,16,2,0.25389015528499331,0.064460210950638031,-1,1,3,1,1,-0.057339403290063443,0.068419412649751252,0.12575881593981469,0,0
219,16,2,0.25389015528499331,0.064460210950638031,-1,-1,1,0,0,-0.11065337388643631,-0.010313633752102081,0.10033974013433423,0,2
219,16,2,0.25389015528499331,0.064460210950638031,-1,-1,3,1,1,-0.057339403290063443,0.068419412649751252,0.12575881593981469,0,0
220,8,14,0.25412414946623468,0.064579083341937182,1,1,1,0,1,-0.20147242498619472,0.11720575317529497,0.31867817816148969,0,0
220,8,14,0.25412414946623468,0.064579083341937182,1,1,3,1,1,-1.0153655532695736,0.068390883275839448,1.0837564365454131,0,0
220,8,14,0.25412414946623468,0.064579083341937182,1,-1,1,0,2,-1.0101332014033217,0.0041575097442814353,1.0142907111476032,0,0
220,8,14,0.25412414946623468,0.064579083341937182,1,-1,3,1,1,-1.0153655532695736,0.068390883275839448,1.0837564365454131,0,0
220,8,14,0.25412414946623468,0.064579083341937182,-1,1,1,0,1,-0.0051129577547465686,0.11720575317529497,0.12231871093004154,0,0
220,8,14,0.25412414946623468,0.064579083341937182,-1,1,3,1,1,-0.057367932663975232,0.068390883275839448,0.12575881593981469,0,0
220,8,14,0.25412414946623468,0.064579083341937182,-1,-1,1,0,0,-0.11067300212824441,-0.010332653334709944,0.10034034879353446,0,2
220,8,14,0.25412414946623468,0.064579083341937182,-1,-1,3,1,1,-0.057367932663975232,0.068390883275839448,0.12575881593981469,0,0
221,14,8,0.25412414946623468,0.064579083341937182,1,1,1,0,1,-0.20147242498619472,0.11720575317529497,0.31867817816148969,0,0
221,14,8,0.25412414946623468,0.064579083341937182,1,1,3,1,1,-1.0153655532695736,0.068390883275839448,1.0837564365454131,0,0
221,14,8,0.25412414946623468,0.064579083341937182,1,-1,1,0,2,-1.0101332014033217,0.0041575097442814353,1.0142907111476032,0,0
221,14,8,0.25412414946623468,0.064579083341937182,1,-1,3,1,1,-1.0153655532695736,0.068390883275839448,1.0837564365454131,0,0
221,14,8,0.25412414946623468,0.064579083341937182,-1,1,1,0,1,-0.0051129577547465686,0.11720575317529497,0.12231871093004154,0,0
221,14,8,0.25412414946623468,0.064579083341937182,-1,1,3,1,1,-0.057367932663975232,0.068390883275839448,0.12575881593981469,0,0
221,14,8,0.25412414946623468,0.064579083341937182,-1,-1,1,0,0,-0.11067300212824441,-0.010332653334709944,0.10034034879353446,0,2
221,14,8,0.25412414946623468,0.064579083341937182,-1,-1,3,1,1,-0.057367932663975232,0.068390883275839448,0.12575881593981469,0,0
222,6,15,0.25451869037317121,0.064779763749274188,1,1,1,0,1,-0.2011817506566205,0.11718896926353692,0.31837071992015742,0,0
222,6,15,0.25451869037317121,0.064779763749274188,1,1,3,1,1,-1.0154137165673345,0.068342719978078573,1.0837564365454131,0,0
222,6,15,0.25451869037317121,0.064779763749274188,1,-1,1,0,2,-1.0101653123890757,0.0041286458270100327,1.0142939582160857,0,0
222,6,15,0.25451869037317121,0.064779763749274188,1,-1,3,1,1,-1.0154137165673345,0.068342719978078573,1.0837564365454131,0,0
222,6,15,0.25451869037317121,0.064779763749274188,-1,1,1,0,1,-0.0051290121873335311,0.11718896926353692,0.12231798145087044,0,0
222,6,15,0.25451869037317121,0.064779763749274188,-1,1,3,1,1,-0.057416095961736115,0.068342719978078573,0.12575881593981469,0,0
222,6,15,0.25451869037317121,0.064779763749274188,-1,-1,1,0,0,-0.11070613838737281,-0.010364762199883866,0.10034137618748895,0,2
222,6,15,0.25451869037317121,0.064779763749274188,-1,-1,3,1,1,-0.057416095961736115,0.068342719978078573,0.12575881593981469,0,0
223,15,6,0.25451869037317121,0.064779763749274188,1,1,1,0,1,-0.2011817506566205,0.11718896926353692,0.31837071992015742,0,0
223,15,6,0.25451869037317121,0.064779763749274188,1,1,3,1,1,-1.0154137165673345,0.068342719978078573,1.0837564365454131,0,0
223,15,6,0.25451869037317121,0.064779763749274188,1,-1,1,0,2,-1.0101653123890757,0.0041286458270100327,1.0142939582160857,0,0
223,15,6,0.25451869037317121,0.064779763749274188,1,-1,3,1,1,-1.0154137165673345,0.068342719978078573,1.0837564365454131,0,0
223,15,6,0.25451869037317121,0.064779763749274188,-1,1,1,0,1,-0.0051290121873335311,0.11718896926353692,0.12231798145087044,0,0
223,15,6,0.25451869037317121,0.064779763749274188,-1,1,3,1,1,-0.057416095961736115,0.068342719978078573,0.12575881593981469,0,0
223,15,6,0.25451869037317121,0.064779763749274188,-1,-1,1,0,0,-0.11070613838737281,-0.010364762199883866,0.10034137618748895,0,2
223,15,6,0.25451869037317121,0.064779763749274188,-1,-1,3,1,1,-0.057416095961736115,0.068342719978078573,0.12575881593981469,0,0
224,3,16,0.25633182641665542,0.065706005234098364,1,1,1,0,1,-0.2012928996347994,0.11711151459177134,0.31840441422657073,0,0
224,3,16,0.25633182641665542,0.065706005234098364,1,1,3,1,1,-1.0156360145236922,0.068120422021720764,1.0837564365454131,0,0
224,3,16,0.25633182641665542,0.065706005234098364,1,-1,1,0,2,-1.0103135208133174,0.0039838578307434137,1.0142973786440608,0,0
224,3,16,0.25633182641665542,0.065706005234098364,1,-1,3,1,1,-1.0156360145236922,0.068120422021720764,1.0837564365454131,0,0
224,3,16,0.25633182641665542,0.065706005234098364,-1,1,1,0,1,-0.0052031115061194648,0.11711151459177134,0.1223146260978908,0,0
224,3,16,0.25633182641665542,0.065706005234098364,-1,1,3,1,1,-0.057638393918093916,0.068120422021720764,0.12575881593981469,0,0
224,3,16,0.25633182641665542,0.065706005234098364,-1,-1,1,0,0,-0.1108590766134091,-0.010512960837455732,0.10034611577595337,0,2
224,3,16,0.25633182641665542,0.065706005234098364,-1,-1,3,1,1,-0.057638393918093916,0.068120422021720764,0.12575881593981469,0,0
225,16,3,0.25633182641665542,0.065706005234098364,1,1,1,0,1,-0.2012928996347994,0.11711151459177134,0.31840441422657073,0,0
225,16,3,0.25633182641665542,0.065706005234098364,1,1,3,1,1,-1.0156360145236922,0.068120422021720764,1.0837564365454131,0,0
225,16,3,0.25633182641665542,0.065706005234098364,1,-1,1,0,2,-1.0103135208133174,0.0039838578307434137,1.0142973786440608,0,0
225,16,3,0.25633182641665542,0.065706005234098364,1,-1,3,1,1,-1.0156360145236922,0.068120422021720764,1.0837564365454131,0,0
225,16,3,0.25633182641665542,0.065706005234098364,-1,1,1,0,1,-0.0052031115061194648,0.11711151459177134,0.1223146260978908,0,0
225,16,3,0.25633182641665542,0.065706005234098364,-1,1,3,1,1,-0.057638393918093916,0.068120422021720764,0.12575881593981469,0,0
225,16,3,0.25633182641665542,0.065706005234098364,-1,-1,1,0,0,-0.1108590766134091,-0.010512960837455732,0.10034611577595337,0,2
225,16,3,0.25633182641665542,0.065706005234098364,-1,-1,3,1,1,-0.057638393918093916,0.068120422021720764,0.12575881593981469,0,0
226,11,12,0.25663595907397369,0.065862015489818293,1,1,1,0,1,-0.20131162086548579,0.11709847048648868,0.31841009135197446,0,0
226,11,12,0.25663595907397369,0.065862015489818293,1,1,3,1,1,-1.0156734569850649,0.068082979560347978,1.0837564365454129,0,0
226,11,12,0.25663595907397369,0.065862015489818293,1,-1,1,0,4,-1.0103384841024949,0.0039574819836143988,1.0142959660861093,0,0
226,11,12,0.25663595907397369,0.065862015489818293,1,-1,3,1,1,-1.0156734569850649,0.068082979560347978,1.0837564365454129,0,0
226,11,12,0.25663595907397369,0.065862015489818293,-1,1,1,0,1,-0.0052155923265770595,0.11709847048648868,0.12231406281306574,0,0
226,11,12,0.25663595907397369,0.065862015489818293,-1,1,3,1,1,-0.057675836379466702,0.068082979560347978,0.12575881593981469,0,0
226,11,12,0.25663595907397369,0.065862015489818293,-1,-1,1,0,0,-0.11088483618010644,-0.010537922478370923,0.10034691370173553,0,2
226,11,12,0.25663595907397369,0.065862015489818293,-1,-1,3,1,1,-0.057675836379466702,0.068082979560347978,0.12575881593981469,0,0
227,12,11,0.25663595907397369,0.065862015489818293,1,1,1,0,1,-0.20131162086548579,0.11709847048648868,0.31841009135197446,0,0
227,12,11,0.25663595907397369,0.065862015489818293,1,1,3,1,1,-1.0156734569850649,0.068082979560347978,1.0837564365454129,0,0
227,12,11,0.25663595907397369,0.065862015489818293,1,-1,1,0,4,-1.0103384841024949,0.0039574819836143988,1.0142959660861093,0,0
227,12,11,0.25663595907397369,0.065862015489818293,1,-1,3,1,1,-1.0156734569850649,0.068082979560347978,1.0837564365454129,0,0
227,12,11,0.25663595907397369,0.065862015489818293,-1,1,1,0,1,-0.0052155923265770595,0.11709847048648868,0.12231406281306574,0,0
227,12,11,0.25663595907397369,0.065862015489818293,-1,1,3,1,1,-0.057675836379466702,0.068082979560347978,0.12575881593981469,0,0
227,12,11,0.25663595907397369,0.065862015489818293,-1,-1,1,0,0,-0.11088483618010644,-0.010537922478370923,0.10034691370173553,0,2
227,12,11,0.25663595907397369,0.065862015489818293,-1,-1,3,1,1,-0.057675836379466702,0.068082979560347978,0.12575881593981469,0,0
228,10,13,0.2585391365993232,0.066842485153523507,1,1,1,0,1,-0.2014292772251304,0.11701650519790895,0.31844578242303934,0,0
228,10,13,0.2585391365993232,0.066842485153523507,1,1,3,1,1,-1.0159087697043543,0.067847666841058737,1.0837564365454131,0,0
228,10,13,0.2585391365993232,0.066842485153523507,1,-1,1,0,4,-1.0104953696065031,0.0038052745313877819,1.0143006441378908,0,0
228,10,13,0.2585391365993232,0.066842485153523507,1,-1,3,1,1,-1.0159087697043543,0.067847666841058737,1.0837564365454131,0,0
228,10,13,0.2585391365993232,0.066842485153523507,-1,1,1,0,1,-0.0052940298996734751,0.11701650519790895,0.12231053509758243,0,0
228,10,13,0.2585391365993232,0.066842485153523507,-1,1,3,1,1,-0.057911149098755957,0.067847666841058737,0.12575881593981469,0,0
228,10,13,0.2585391365993232,0.066842485153523507,-1,-1,1,0,0,-0.11104672350079531,-0.010694797624563757,0.10035192587623155,0,2
228,10,13,0.2585391365993232,0.066842485153523507,-1,-1,3,1,1,-0.057911149098755957,0.067847666841058737,0.12575881593981469,0,0
229,13,10,0.2585391365993232,0.066842485153523507,1,1,1,0,1,-0.2014292772251304,0.11701650519790895,0.31844578242303934,0,0
229,13,10,0.2585391365993232,0.066842485153523507,1,1,3,1,1,-1.0159087697043543,0.067847666841058737,1.0837564365454131,0,0
229,13,10,0.2585391365993232,0.066842485153523507,1,-1,1,0,4,-1.0104953696065031,0.0038052745313877819,1.0143006441378908,0,0
229,13,10,0.2585391365993232,0.066842485153523507,1,-1,3,1,1,-1.0159087697043543,0.067847666841058737,1.0837564365454131,0,0
229,13,10,0.2585391365993232,0.066842485153523507,-1,1,1,0,1,-0.0052940298996734751,0.11701650519790895,0.12231053509758243,0,0
229,13,10,0.2585391365993232,0.066842485153523507,-1,1,3,1,1,-0.057911149098755957,0.067847666841058737,0.12575881593981469,0,0
229,13,10,0.2585391365993232,0.066842485153523507,-1,-1,1,0,0,-0.11104672350079531,-0.010694797624563757,0.10035192587623155,0,2
229,13,10,0.2585391365993232,0.066842485153523507,-1,-1,3,1,1,-0.057911149098755957,0.067847666841058737,0.12575881593981469,0,0
230,4,16,0.2597107670852305,0.067449682539998848,1,1,1,0,1,-0.20118770236027284,0.11696575538366953,0.31815345774394238,0,0
230,4,16,0.2597107670852305,0.067449682539998848,1,1,3,1,1,-1.0160544970771084,0.067701939468304648,1.0837564365454131,0,0
230,4,16,0.2597107670852305,0.067449682539998848,1,-1,1,0,1,-1.0105925276020444,0.0037119478351343438,1.0143044754371788,0,0
230,4,16,0.2597107670852305,0.067449682539998848,1,-1,3,1,1,-1.0160544970771084,0.067701939468304648,1.0837564365454131,0,0
230,4,16,0.2597107670852305,0.067449682539998848,-1,1,1,0,1,-0.0053426056905915044,0.11696575538366953,0.12230836107426103,0,0
230,4,16,0.2597107670852305,0.067449682539998848,-1,1,3,1,1,-0.058056876471510033,0.067701939468304648,0.12575881593981469,0,0
230,4,16,0.2597107670852305,0.067449682539998848,-1,-1,1,0,0,-0.11114697691534578,-0.010791949206399809,0.10035502770894597,0,2
230,4,16,0.2597107670852305,0.067449682539998848,-1,-1,3,1,1,-0.058056876471510033,0.067701939468304648,0.12575881593981469,0,0
231,16,4,0.2597107670852305,0.067449682539998848,1,1,1,0,1,-0.20118770236027284,0.11696575538366953,0.31815345774394238,0,0
231,16,4,0.2597107670852305,0.067449682539998848,1,1,3,1,1,-1.0160544970771084,0.067701939468304648,1.0837564365454131,0,0
231,16,4,0.2597107670852305,0.067449682539998848,1,-1,1,0,1,-1.0105925276020444,0.0037119478351343438,1.0143044754371788,0,0
231,16,4,0.2597107670852305,0.067449682539998848,1,-1,3,1,1,-1.0160544970771084,0.067701939468304648,1.0837564365454131,0,0
231,16,4,0.2597107670852305,0.067449682539998848,-1,1,1,0,1,-0.0053426056905915044,0.11696575538366953,0.12230836107426103,0,0
231,16,4,0.2597107670852305,0.067449682539998848,-1,1,3,1,1,-0.058056876471510033,0.067701939468304648,0.12575881593981469,0,0
231,16,4,0.2597107670852305,0.067449682539998848,-1,-1,1,0,0,-0.11114697691534578,-0.010791949206399809,0.10035502770894597,0,2
231,16,4,0.2597107670852305,0.067449682539998848,-1,-1,3,1,1,-0.058056876471510033,0.067701939468304648,0.12575881593981469,0,0
232,7,15,0.26079491367300561,0.068013986997710441,1,1,1,0,1,-0.20125541889519824,0.11691859788721183,0.31817401678241009,0,0
232,7,15,0.26079491367300561,0.068013986997710441,1,1,3,1,1,-1.016189930146959,0.067566506398453866,1.0837564365454129,0,0
232,7,15,0.26079491367300561,0.068013986997710441,1,-1,1,0,3,-1.0106828222753581,0.0036175136924672165,1.0143003359678253,0,0
232,7,15,0.26079491367300561,0.068013986997710441,1,-1,3,1,1,-1.016189930146959,0.067566506398453866,1.0837564365454129,0,0
232,7,15,0.26079491367300561,0.068013986997710441,-1,1,1,0,1,-0.0053877500472084309,0.11691859788721183,0.12230634793442026,0,0
232,7,15,0.26079491367300561,0.068013986997710441,-1,1,3,1,1,-0.058192309541360815,0.067566506398453866,0.12575881593981469,0,0
232,7,15,0.26079491367300561,0.068013986997710441,-1,-1,1,0,0,-0.11124014685952927,-0.010882237919633667,0.1003579089398956,0,2
232,7,15,0.26079491367300561,0.068013986997710441,-1,-1,3,1,1,-0.058192309541360815,0.067566506398453866,0.12575881593981469,0,0
233,15,7,0.26079491367300561,0.068013986997710441,1,1,1,0,1,-0.20125541889519824,0.11691859788721183,0.31817401678241009,0,0
233,15,7,0.26079491367300561,0.068013986997710441,1,1,3,1,1,-1.016189930146959,0.067566506398453866,1.0837564365454129,0,0
233,15,7,0.26079491367300561,0.068013986997710441,1,-1,1,0,3,-1.0106828222753581,0.0036175136924672165,1.0143003359678253,0,0
233,15,7,0.26079491367300561,0.068013986997710441,1,-1,3,1,1,-1.016189930146959,0.067566506398453866,1.0837564365454129,0,0
233,15,7,0.26079491367300561,0.068013986997710441,-1,1,1,0,1,-0.0053877500472084309,0.11691859788721183,0.12230634793442026,0,0
233,15,7,0.26079491367300561,0.068013986997710441,-1,1,3,1,1,-0.058192309541360815,0.067566506398453866,0.12575881593981469,0,0
233,15,7,0.26079491367300561,0.068013986997710441,-1,-1,1,0,0,-0.11124014685952927,-0.010882237919633667,0.1003579089398956,0,2
233,15,7,0.26079491367300561,0.068013986997710441,-1,-1,3,1,1,-0.058192309541360815,0.067566506398453866,0.12575881593981469,0,0
234,9,14,0.26230360296293775,0.068803180127338492,1,1,1,0,1,-0.20135012207075359,0.11685265881624735,0.31820278088700094,0,0
234,9,14,0.26230360296293775,0.068803180127338492,1,1,3,1,1,-1.0163793364980698,0.067377100047343139,1.0837564365454129,0,0
234,9,14,0.26230360296293775,0.068803180127338492,1,-1,1,0,1,-1.0108091015105134,0.0034996361080730336,1.0143087376185864,0,0
234,9,14,0.26230360296293775,0.068803180127338492,1,-1,3,1,1,-1.0163793364980698,0.067377100047343139,1.0837564365454129,0,0
234,9,14,0.26230360296293775,0.068803180127338492,-1,1,1,0,1,-0.0054508854975786778,0.11685265881624735,0.12230354431382602,0,0
234,9,14,0.26230360296293775,0.068803180127338492,-1,1,3,1,1,-0.058381715892471549,0.067377100047343139,0.12575881593981469,0,0
234,9,14,0.26230360296293775,0.068803180127338492,-1,-1,1,0,0,-0.11137044483147812,-0.011008508820374151,0.10036193601110396,0,2
234,9,14,0.26230360296293775,0.068803180127338492,-1,-1,3,1,1,-0.058381715892471549,0.067377100047343139,0.12575881593981469,0,0
235,14,9,0.26230360296293775,0.068803180127338492,1,1,1,0,1,-0.20135012207075359,0.11685265881624735,0.31820278088700094,0,0
235,14,9,0.26230360296293775,0.068803180127338492,1,1,3,1,1,-1.0163793364980698,0.067377100047343139,1.0837564365454129,0,0
235,14,9,0.26230360296293775,0.068803180127338492,1,-1,1,0,1,-1.0108091015105134,0.0034996361080730336,1.0143087376185864,0,0
235,14,9,0.26230360296293775,0.068803180127338492,1,-1,3,1,1,-1.0163793364980698,0.067377100047343139,1.0837564365454129,0,0
235,14,9,0.26230360296293775,0.068803180127338492,-1,1,1,0,1,-0.0054508854975786778,0.11685265881624735,0.12230354431382602,0,0
235,14,9,0.26230360296293775,0.068803180127338492,-1,1,3,1,1,-0.058381715892471549,0.067377100047343139,0.12575881593981469,0,0
235,14,9,0.26230360296293775,0.068803180127338492,-1,-1,1,0,0,-0.11137044483147812,-0.011008508820374151,0.10036193601110396,0,2
235,14,9,0.26230360296293775,0.068803180127338492,-1,-1,3,1,1,-0.058381715892471549,0.067377100047343139,0.12575881593981469,0,0
236,5,16,0.26399016706574358,0.06969080830739921,1,1,1,0,1,-0.20145663745236089,0.11677851168585966,0.31823514913822054,0,0
236,5,16,0.26399016706574358,0.06969080830739921,1,1,3,1,1,-1.0165923672612844,0.067164069284128561,1.0837564365454131,0,0
236,5,16,0.26399016706574358,0.06969080830739921,1,-1,1,0,3,-1.0109511313920279,0.003359509046719375,1.0143106404387472,0,0
236,5,16,0.26399016706574358,0.06969080830739921,1,-1,3,1,1,-1.0165923672612844,0.067164069284128561,1.0837564365454131,0,0
236,5,16,0.26399016706574358,0.06969080830739921,-1,1,1,0,1,-0.0055218957519835316,0.11677851168585966,0.12230040743784319,0,0
236,5,16,0.26399016706574358,0.06969080830739921,-1,1,3,1,1,-0.05859474665568612,0.067164069284128561,0.12575881593981469,0,0
236,5,16,0.26399016706574358,0.06969080830739921,-1,-1,1,0,0,-0.11151699136447041,-0.011150529329183867,0.10036646203528654,0,2
236,5,16,0.26399016706574358,0.06969080830739921,-1,-1,3,1,1,-0.05859474665568612,0.067164069284128561,0.12575881593981469,0,0
237,16,5,0.26399016706574358,0.06969080830739921,1,1,1,0,1,-0.20145663745236089,0.11677851168585966,0.31823514913822054,0,0
237,16,5,0.26399016706574358,0.06969080830739921,1,1,3,1,1,-1.0165923672612844,0.067164069284128561,1.0837564365454131,0,0
237,16,5,0.26399016706574358,0.06969080830739921,1,-1,1,0,3,-1.0109511313920279,0.003359509046719375,1.0143106404387472,0,0
237,16,5,0.26399016706574358,0.06969080830739921,1,-1,3,1,1,-1.0165923672612844,0.067164069284128561,1.0837564365454131,0,0
237,16,5,0.26399016706574358,0.06969080830739921,-1,1,1,0,1,-0.0055218957519835316,0.11677851168585966,0.12230040743784319,0,0
237,16,5,0.26399016706574358,0.06969080830739921,-1,1,3,1,1,-0.05859474665568612,0.067164069284128561,0.12575881593981469,0,0
237,16,5,0.26399016706574358,0.06969080830739921,-1,-1,1,0,0,-0.11151699136447041,-0.011150529329183867,0.10036646203528654,0,2
237,16,5,0.26399016706574358,0.06969080830739921,-1,-1,3,1,1,-0.05859474665568612,0.067164069284128561,0.12575881593981469,0,0
238,12,12,0.26751209382022056,0.071562720340078489,1,1,1,0,1,-0.20136714510197215,0.11662220038105996,0.31798934548303209,0,0
238,12,12,0.26751209382022056,0.071562720340078489,1,1,3,1,1,-1.0170416261491275,0.066714810396285545,1.0837564365454131,0,0
238,12,12,0.26751209382022056,0.071562720340078489,1,-1,1,0,2,-1.0112506570789386,0.0030692226251146093,1.0143198797040531,0,0
238,12,12,0.26751209382022056,0.071562720340078489,1,-1,3,1,1,-1.0170416261491275,0.066714810396285545,1.0837564365454131,0,0
238,12,12,0.26751209382022056,0.071562720340078489,-1,1,1,0,1,-0.005671648714597877,0.11662220038105996,0.12229384909565784,0,0
238,12,12,0.26751209382022056,0.071562720340078489,-1,1,3,1,1,-0.059044005543529149,0.066714810396285545,0.12575881593981469,0,0
238,12,12,0.26751209382022056,0.071562720340078489,-1,-1,1,0,0,-0.11182603061886882,-0.011450035254412553,0.10037599536445627,0,2
238,12,12,0.26751209382022056,0.071562720340078489,-1,-1,3,1,1,-0.059044005543529149,0.066714810396285545,0.12575881593981469,0,0
239,0,17,0.26757256020895825,0.071595074976776585,1,1,1,0,1,-0.20137102765837592,0.11661949933318953,0.31799052699156544,0,0
239,0,17,0.26757256020895825,0.071595074976776585,1,1,3,1,1,-1.0170493912619349,0.066707045283477998,1.0837564365454129,0,0
239,0,17,0.26757256020895825,0.071595074976776585,1,-1,1,0,2,-1.0112558341623248,0.0030653400687108371,1.0143211742310356,0,0
239,0,17,0.26757256020895825,0.071595074976776585,1,-1,3,1,1,-1.0170493912619349,0.066707045283477998,1.0837564365454129,0,0
239,0,17,0.26757256020895825,0.071595074976776585,-1,1,1,0,1,-0.0056742370855337211,0.11661949933318953,0.12229373641872325,0,0
239,0,17,0.26757256020895825,0.071595074976776585,-1,1,3,1,1,-0.059051770656336697,0.066707045283477998,0.12575881593981469,0,0
239,0,17,0.26757256020895825,0.071595074976776585,-1,-1,1,0,0,-0.1118313719996068,-0.011455211996284249,0.10037616000332256,0,2
239,0,17,0.26757256020895825,0.071595074976776585,-1,-1,3,1,1,-0.059051770656336697,0.066707045283477998,0.12575881593981469,0,0
240,17,0,0.26757256020895825,0.071595074976776585,1,1,1,0,1,-0.20137102765837592,0.11661949933318953,0.31799052699156544,0,0
240,17,0,0.26757256020895825,0.071595074976776585,1,1,3,1,1,-1.0170493912619349,0.066707045283477998,1.0837564365454129,0,0
240,17,0,0.26757256020895825,0.071595074976776585,1,-1,1,0,2,-1.0112558341623248,0.0030653400687108371,1.0143211742310356,0,0
240,17,0,0.26757256020895825,0.071595074976776585,1,-1,3,1,1,-1.0170493912619349,0.066707045283477998,1.0837564365454129,0,0
240,17,0,0.26757256020895825,0.071595074976776585,-1,1,1,0,1,-0.0056742370855337211,0.11661949933318953,0.12229373641872325,0,0
240,17,0,0.26757256020895825,0.071595074976776585,-1,1,3,1,1,-0.059051770656336697,0.066707045283477998,0.12575881593981469,0,0
240,17,0,0.26757256020895825,0.071595074976776585,-1,-1,1,0,0,-0.1118313719996068,-0.011455211996284249,0.10037616000332256,0,2
240,17,0,0.26757256020895825,0.071595074976776585,-1,-1,3,1,1,-0.059051770656336697,0.066707045283477998,0.12575881593981469,0,0
241,8,15,0.267849979960743,0.071743611764970419,1,1,1,0,1,-0.20138885207295917,0.11660709939804199,0.31799595147100118,0,0
241,8,15,0.267849979960743,0.071743611764970419,1,1,3,1,1,-1.0170850400911016,0.066671396454311471,1.0837564365454131,0,0
241,8,15,0.267849979960743,0.071743611764970419,1,-1,1,0,2,-1.0112796016162711,0.003038685077733215,1.0143182866940044,0,0
241,8,15,0.267849979960743,0.071743611764970419,1,-1,3,1,1,-1.0170850400911016,0.066671396454311471,1.0837564365454131,0,0
241,8,15,0.267849979960743,0.071743611764970419,-1,1,1,0,1,-0.005686120028589231,0.11660709939804199,0.12229321942663123,0,0
241,8,15,0.267849979960743,0.071743611764970419,-1,1,3,1,1,-0.059087419485503209,0.066671396454311471,0.12575881593981469,0,0
241,8,15,0.267849979960743,0.071743611764970419,-1,-1,1,0,0,-0.11185589366567963,-0.011478977882395262,0.10037691578328437,0,2
241,8,15,0.267849979960743,0.071743611764970419,-1,-1,3,1,1,-0.059087419485503209,0.066671396454311471,0.12575881593981469,0,0
242,15,8,0.267849979960743,0.071743611764970419,1,1,1,0,1,-0.20138885207295917,0.11660709939804199,0.31799595147100118,0,0
242,15,8,0.267849979960743,0.071743611764970419,1,1,3,1,1,-1.0170850400911016,0.066671396454311471,1.0837564365454131,0,0
242,15,8,0.267849979960743,0.071743611764970419,1,-1,1,0,2,-1.0112796016162711,0.003038685077733215,1.0143182866940044,0,0
242,15,8,0.267849979960743,0.071743611764970419,1,-1,3,1,1,-1.0170850400911016,0.066671396454311471,1.0837564365454131,0,0
242,15,8,0.267849979960743,0.071743611764970419,-1,1,1,0,1,-0.005686120028589231,0.11660709939804199,0.12229321942663123,0,0
242,15,8,0.267849979960743,0.071743611764970419,-1,1,3,1,1,-0.059087419485503209,0.066671396454311471,0.12575881593981469,0,0
242,15,8,0.267849979960743,0.071743611764970419,-1,-1,1,0,0,-0.11185589366567963,-0.011478977882395262,0.10037691578328437,0,2
242,15,8,0.267849979960743,0.071743611764970419,-1,-1,3,1,1,-0.059087419485503209,0.066671396454311471,0.12575881593981469,0,0
243,1,17,0.26803786288780546,0.071844295941462008,1,1,1,0,1,-0.20140093417413815,0.11659869450246083,0.31799962867659898,0,0
243,1,17,0.26803786288780546,0.071844295941462008,1,1,3,1,1,-1.0171092042934595,0.066647232251953487,1.0837564365454131,0,0
243,1,17,0.26803786288780546,0.071844295941462008,1,-1,1,0,3,-1.0112957121472301,0.0030266029765542244,1.0143223151237843,0,0
243,1,17,0.26803786288780546,0.071844295941462008,1,-1,3,1,1,-1.0171092042934595,0.066647232251953487,1.0837564365454131,0,0
243,1,17,0.26803786288780546,0.071844295941462008,-1,1,1,0,1,-0.0056941747627085575,0.11659869450246083,0.12229286926516938,0,0
243,1,17,0.26803786288780546,0.071844295941462008,-1,1,3,1,1,-0.059111583687861194,0.066647232251953487,0.12575881593981469,0,0
243,1,17,0.26803786288780546,0.071844295941462008,-1,-1,1,0,0,-0.11187251537575169,-0.011495087350633917,0.10037742802511777,0,2
243,1,17,0.26803786288780546,0.071844295941462008,-1,-1,3,1,1,-0.059111583687861194,0.066647232251953487,0.12575881593981469,0,0
244,17,1,0.26803786288780546,0.071844295941462008,1,1,1,0,1,-0.20140093417413815,0.11659869450246083,0.31799962867659898,0,0
244,17,1,0.26803786288780546,0.071844295941462008,1,1,3,1,1,-1.0171092042934595,0.066647232251953487,1.0837564365454131,0,0
244,17,1,0.26803786288780546,0.071844295941462008,1,-1,1,0,3,-1.0112957121472301,0.0030266029765542244,1.0143223151237843,0,0
244,17,1,0.26803786288780546,0.071844295941462008,1,-1,3,1,1,-1.0171092042934595,0.066647232251953487,1.0837564365454131,0,0
244,17,1,0.26803786288780546,0.071844295941462008,-1,1,1,0,1,-0.0056941747627085575,0.11659869450246083,0.12229286926516938,0,0
244,17,1,0.26803786288780546,0.071844295941462008,-1,1,3,1,1,-0.059111583687861194,0.066647232251953487,0.12575881593981469,0,0
244,17,1,0.26803786288780546,0.071844295941462008,-1,-1,1,0,0,-0.11187251537575169,-0.011495087350633917,0.10037742802511777,0,2
244,17,1,0.26803786288780546,0.071844295941462008,-1,-1,3,1,1,-0.059111583687861194,0.066647232251953487,0.12575881593981469,0,0
245,11,13,0.26842549209110156,0.072052244804350019,1,1,1,0,1,-0.20142588803768471,0.11658133609169033,0.31800722412937504,0,0
245,11,13,0.26842549209110156,0.072052244804350019,1,1,3,1,1,-1.0171591120205525,0.066597324524860363,1.0837564365454129,0,0
245,11,13,0.26842549209110156,0.072052244804350019,1,-1,1,0,2,-1.0113289861601362,0.0029835538185497296,1.0143125399786859,0,0
245,11,13,0.26842549209110156,0.072052244804350019,1,-1,3,1,1,-1.0171591120205525,0.066597324524860363,1.0837564365454129,0,0
245,11,13,0.26842549209110156,0.072052244804350019,-1,1,1,0,1,-0.0057108106717395982,0.11658133609169033,0.12229214676342992,0,0
245,11,13,0.26842549209110156,0.072052244804350019,-1,1,3,1,1,-0.059161491414954318,0.066597324524860363,0.12575881593981469,0,0
245,11,13,0.26842549209110156,0.072052244804350019,-1,-1,1,0,0,-0.11190684501320451,-0.011528359168696,0.10037848584450851,0,2
245,11,13,0.26842549209110156,0.072052244804350019,-1,-1,3,1,1,-0.059161491414954318,0.066597324524860363,0.12575881593981469,0,0
246,13,11,0.26842549209110156,0.072052244804350019,1,1,1,0,1,-0.20142588803768471,0.11658133609169033,0.31800722412937504,0,0
246,13,11,0.26842549209110156,0.072052244804350019,1,1,3,1,1,-1.0171591120205525,0.066597324524860363,1.0837564365454129,0,0
246,13,11,0.26842549209110156,0.072052244804350019,1,-1,1,0,2,-1.0113289861601362,0.0029835538185497296,1.0143125399786859,0,0
246,13,11,0.26842549209110156,0.072052244804350019,1,-1,3,1,1,-1.0171591120205525,0.066597324524860363,1.0837564365454129,0,0
246,13,11,0.26842549209110156,0.072052244804350019,-1,1,1,0,1,-0.0057108106717395982,0.11658133609169033,0.12229214676342992,0,0
246,13,11,0.26842549209110156,0.072052244804350019,-1,1,3,1,1,-0.059161491414954318,0.066597324524860363,0.12575881593981469,0,0
246,13,11,0.26842549209110156,0.072052244804350019,-1,-1,1,0,0,-0.11190684501320451,-0.011528359168696,0.10037848584450851,0,2
246,13,11,0.26842549209110156,0.072052244804350019,-1,-1,3,1,1,-0.059161491414954318,0.066597324524860363,0.12575881593981469,0,0
247,6,16,0.26912603738912688,0.072428824000773731,1,1,1,0,1,-0.20147107754125557,0.11654990378602768,0.31802098132728324,0,0
247,6,16,0.26912603738912688,0.072428824000773731,1,1,3,1,1,-1.0172494910276944,0.066506945517718685,1.0837564365454131,0,0
247,6,16,0.26912603738912688,0.072428824000773731,1,-1,1,0,2,-1.0113892428060711,0.0029364098232611512,1.0143256526293323,0,0
247,6,16,0.26912603738912688,0.072428824000773731,1,-1,3,1,1,-1.0172494910276944,0.066506945517718685,1.0837564365454131,0,0
247,6,16,0.26912603738912688,0.072428824000773731,-1,1,1,0,1,-0.0057409370074534977,0.11654990378602768,0.12229084079348118,0,0
247,6,16,0.26912603738912688,0.072428824000773731,-1,1,3,1,1,-0.059251870422096009,0.066506945517718685,0.12575881593981469,0,0
247,6,16,0.26912603738912688,0.072428824000773731,-1,-1,1,0,0,-0.11196901282168986,-0.011588611840123789,0.10038040098156607,0,2
247,6,16,0.26912603738912688,0.072428824000773731,-1,-1,3,1,1,-0.059251870422096009,0.066506945517718685,0.12575881593981469,0,0
248,16,6,0.26912603738912688,0.072428824000773731,1,1,1,0,1,-0.20147107754125557,0.11654990378602768,0.31802098132728324,0,0
248,16,6,0.26912603738912688,0.072428824000773731,1,1,3,1,1,-1.0172494910276944,0.066506945517718685,1.0837564365454131,0,0
248,16,6,0.26912603738912688,0.072428824000773731,1,-1,1,0,2,-1.0113892428060711,0.0029364098232611512,1.0143256526293323,0,0
248,16,6,0.26912603738912688,0.072428824000773731,1,-1,3,1,1,-1.0172494910276944,0.066506945517718685,1.0837564365454131,0,0
248,16,6,0.26912603738912688,0.072428824000773731,-1,1,1,0,1,-0.0057409370074534977,0.11654990378602768,0.12229084079348118,0,0
248,16,6,0.26912603738912688,0.072428824000773731,-1,1,3,1,1,-0.059251870422096009,0.066506945517718685,0.12575881593981469,0,0
248,16,6,0.26912603738912688,0.072428824000773731,-1,-1,1,0,0,-0.11196901282168986,-0.011588611840123789,0.10038040098156607,0,2
248,16,6,0.26912603738912688,0.072428824000773731,-1,-1,3,1,1,-0.059251870422096009,0.066506945517718685,0.12575881593981469,0,0
249,2,17,0.26942883424835778,0.072591896724429048,1,1,1,0,1,-0.201176840561304,0.11653629340390541,0.31771313396520939,0,0
249,2,17,0.26942883424835778,0.072591896724429048,1,1,3,1,1,-1.0172886284813716,0.0664678080640414,1.0837564365454129,0,0
249,2,17,0.26942883424835778,0.072591896724429048,1,-1,1,0,2,-1.0114153361628904,0.0029136696464065748,1.0143290058092969,0,0
249,2,17,0.26942883424835778,0.072591896724429048,1,-1,3,1,1,-1.0172886284813716,0.0664678080640414,1.0837564365454129,0,0
249,2,17,0.26942883424835778,0.072591896724429048,-1,1,1,0,1,-0.0057539828253459204,0.11653629340390541,0.12229027622925133,0,0
249,2,17,0.26942883424835778,0.072591896724429048,-1,1,3,1,1,-0.05929100787577328,0.0664678080640414,0.12575881593981469,0,0
249,2,17,0.26942883424835778,0.072591896724429048,-1,-1,1,0,0,-0.11199593358625028,-0.011614703475908643,0.10038123011034164,0,2
249,2,17,0.26942883424835778,0.072591896724429048,-1,-1,3,1,1,-0.05929100787577328,0.0664678080640414,0.12575881593981469,0,0
250,17,2,0.26942883424835778,0.072591896724429048,1,1,1,0,1,-0.201176840561304,0.11653629340390541,0.31771313396520939,0,0
250,17,2,0.26942883424835778,0.072591896724429048,1,1,3,1,1,-1.0172886284813716,0.0664678080640414,1.0837564365454129,0,0
250,17,2,0.26942883424835778,0.072591896724429048,1,-1,1,0,2,-1.0114153361628904,0.0029136696464065748,1.0143290058092969,0,0
250,17,2,0.26942883424835778,0.072591896724429048,1,-1,3,1,1,-1.0172886284813716,0.0664678080640414,1.0837564365454129,0,0
250,17,2,0.26942883424835778,0.072591896724429048,-1,1,1,0,1,-0.0057539828253459204,0.11653629340390541,0.12229027622925133,0,0
250,17,2,0.26942883424835778,0.072591896724429048,-1,1,3,1,1,-0.05929100787577328,0.0664678080640414,0.12575881593981469,0,0
250,17,2,0.26942883424835778,0.072591896724429048,-1,-1,1,0,0,-0.11199593358625028,-0.011614703475908643,0.10038123011034164,0,2
250,17,2,0.26942883424835778,0.072591896724429048,-1,-1,3,1,1,-0.05929100787577328,0.0664678080640414,0.12575881593981469,0,0
251,10,14,0.27114700108503015,0.073520696197405339,1,1,1,0,1,-0.20128829649806115,0.11645878506853297,0.31774708156659415,0,0
251,10,14,0.27114700108503015,0.073520696197405339,1,1,3,1,1,-1.0175115403548858,0.066244896190527092,1.0837564365454129,0,0
251,10,14,0.27114700108503015,0.073520696197405339,1,-1,1,0,2,-1.0115639538800656,0.0027670584699990321,1.0143310123500646,0,0
251,10,14,0.27114700108503015,0.073520696197405339,1,-1,3,1,1,-1.0175115403548858,0.066244896190527092,1.0837564365454129,0,0
251,10,14,0.27114700108503015,0.073520696197405339,-1,1,1,0,1,-0.0058282867831840265,0.11645878506853297,0.122287071851717,0,0
251,10,14,0.27114700108503015,0.073520696197405339,-1,1,3,1,1,-0.059513919749287589,0.066244896190527092,0.12575881593981469,0,0
251,10,14,0.27114700108503015,0.073520696197405339,-1,-1,1,0,0,-0.11214926163834088,-0.011763311391584846,0.10038595024675603,0,2
251,10,14,0.27114700108503015,0.073520696197405339,-1,-1,3,1,1,-0.059513919749287589,0.066244896190527092,0.12575881593981469,0,0
252,14,10,0.27114700108503015,0.073520696197405339,1,1,1,0,1,-0.20128829649806115,0.11645878506853297,0.31774708156659415,0,0
252,14,10,0.27114700108503015,0.073520696197405339,1,1,3,1,1,-1.0175115403548858,0.066244896190527092,1.0837564365454129,0,0
252,14,10,0.27114700108503015,0.073520696197405339,1,-1,1,0,2,-1.0115639538800656,0.0027670584699990321,1.0143310123500646,0,0
252,14,10,0.27114700108503015,0.073520696197405339,1,-1,3,1,1,-1.0175115403548858,0.066244896190527092,1.0837564365454129,0,0
252,14,10,0.27114700108503015,0.073520696197405339,-1,1,1,0,1,-0.0058282867831840265,0.11645878506853297,0.122287071851717,0,0
252,14,10,0.27114700108503015,0.073520696197405339,-1,1,3,1,1,-0.059513919749287589,0.066244896190527092,0.12575881593981469,0,0
252,14,10,0.27114700108503015,0.073520696197405339,-1,-1,1,0,0,-0.11214926163834088,-0.011763311391584846,0.10038595024675603,0,2
252,14,10,0.27114700108503015,0.073520696197405339,-1,-1,3,1,1,-0.059513919749287589,0.066244896190527092,0.12575881593981469,0,0
253,3,17,0.27173091654776677,0.073837691007889381,1,1,1,0,1,-0.20132633587531923,0.11643233619030838,0.31775867206562758,0,0
253,3,17,0.27173091654776677,0.073837691007889381,1,1,3,1,1,-1.017587619109402,0.066168817436010927,1.0837564365454129,0,0
253,3,17,0.27173091654776677,0.073837691007889381,1,-1,1,0,2,-1.0116146763946161,0.002701609370993922,1.0143162857656101,0,0
253,3,17,0.27173091654776677,0.073837691007889381,1,-1,3,1,1,-1.017587619109402,0.066168817436010927,1.0837564365454129,0,0
253,3,17,0.27173091654776677,0.073837691007889381,-1,1,1,0,1,-0.0058536463680227465,0.11643233619030838,0.12228598255833112,0,0
253,3,17,0.27173091654776677,0.073837691007889381,-1,1,3,1,1,-0.059589998503803768,0.066168817436010927,0.12575881593981469,0,0
253,3,17,0.27173091654776677,0.073837691007889381,-1,-1,1,0,0,-0.11220159088770426,-0.011814030561262297,0.10038756032644197,0,2
253,3,17,0.27173091654776677,0.073837691007889381,-1,-1,3,1,1,-0.059589998503803768,0.066168817436010927,0.12575881593981469,0,0
254,17,3,0.27173091654776677,0.073837691007889381,1,1,1,0,1,-0.20132633587531923,0.11643233619030838,0.31775867206562758,0,0
254,17,3,0.27173091654776677,0.073837691007889381,1,1,3,1,1,-1.017587619109402,0.066168817436010927,1.0837564365454129,0,0
254,17,3,0.27173091654776677,0.073837691007889381,1,-1,1,0,2,-1.0116146763946161,0.002701609370993922,1.0143162857656101,0,0
254,17,3,0.27173091654776677,0.073837691007889381,1,-1,3,1,1,-1.017587619109402,0.066168817436010927,1.0837564365454129,0,0
254,17,3,0.27173091654776677,0.073837691007889381,-1,1,1,0,1,-0.0058536463680227465,0.11643233619030838,0.12228598255833112,0,0
254,17,3,0.27173091654776677,0.073837691007889381,-1,1,3,1,1,-0.059589998503803768,0.066168817436010927,0.12575881593981469,0,0
254,17,3,0.27173091654776677,0.073837691007889381,-1,-1,1,0,0,-0.11220159088770426,-0.011814030561262297,0.10038756032644197,0,2
254,17,3,0.27173091654776677,0.073837691007889381,-1,-1,3,1,1,-0.059589998503803768,0.066168817436010927,0.12575881593981469,0,0
255,4,17,0.27492065821576572,0.075581368313789865,1,1,1,0,1,-0.20122208686424031,0.11628688968921852,0.31750897655345883,0,0
255,4,17,0.27492065821576572,0.075581368313789865,1,1,3,1,1,-1.0180061016628181,0.06575033488259481,1.0837564365454129,0,0
255,4,17,0.27492065821576572,0.075581368313789865,1,-1,1,0,2,-1.0118936831595187,0.0024429323272525776,1.0143366154867712,0,0
255,4,17,0.27492065821576572,0.075581368313789865,1,-1,3,1,1,-1.0180061016628181,0.06575033488259481,1.0837564365454129,0,0
255,4,17,0.27492065821576572,0.075581368313789865,-1,1,1,0,1,-0.0059931405524947861,0.11628688968921852,0.1222800302417133,0,0
255,4,17,0.27492065821576572,0.075581368313789865,-1,1,3,1,1,-0.060008481057219884,0.06575033488259481,0.12575881593981469,0,0
255,4,17,0.27492065821576572,0.075581368313789865,-1,-1,1,0,0,-0.11248942774242082,-0.012093018930206374,0.10039640881221445,0,2
255,4,17,0.27492065821576572,0.075581368313789865,-1,-1,3,1,1,-0.060008481057219884,0.06575033488259481,0.12575881593981469,0,0
256,17,4,0.27492065821576572,0.075581368313789865,1,1,1,0,1,-0.20122208686424031,0.11628688968921852,0.31750897655345883,0,0
256,17,4,0.27492065821576572,0.075581368313789865,1,1,3,1,1,-1.0180061016628181,0.06575033488259481,1.0837564365454129,0,0
256,17,4,0.27492065821576572,0.075581368313789865,1,-1,1,0,2,-1.0118936831595187,0.0024429323272525776,1.0143366154867712,0,0
256,17,4,0.27492065821576572,0.075581368313789865,1,-1,3,1,1,-1.0180061016628181,0.06575033488259481,1.0837564365454129,0,0
256,17,4,0.27492065821576572,0.075581368313789865,-1,1,1,0,1,-0.0059931405524947861,0.11628688968921852,0.1222800302417133,0,0
256,17,4,0.27492065821576572,0.075581368313789865,-1,1,3,1,1,-0.060008481057219884,0.06575033488259481,0.12575881593981469,0,0
256,17,4,0.27492065821576572,0.075581368313789865,-1,-1,1,0,0,-0.11248942774242082,-0.012093018930206374,0.10039640881221445,0,2
256,17,4,0.27492065821576572,0.075581368313789865,-1,-1,3,1,1,-0.060008481057219884,0.06575033488259481,0.12575881593981469,0,0
257,7,16,0.27506916811814802,0.075663047249209969,1,1,1,0,1,-0.20123188833649072,0.11628007818872556,0.31751196652521629,0,0
257,7,16,0.27506916811814802,0.075663047249209969,1,1,3,1,1,-1.0180257046073189,0.065730731938093978,1.0837564365454129,0,0
257,7,16,0.27506916811814802,0.075663047249209969,1,-1,1,0,2,-1.011906752650781,0.0024262300476470804,1.014332982698428,0,0
257,7,16,0.27506916811814802,0.075663047249209969,1,-1,3,1,1,-1.0180257046073189,0.065730731938093978,1.0837564365454129,0,0
257,7,16,0.27506916811814802,0.075663047249209969,-1,1,1,0,1,-0.0059996748673283931,0.11628007818872556,0.12227975305605396,0,0
257,7,16,0.27506916811814802,0.075663047249209969,-1,1,3,1,1,-0.060028084001720702,0.065730731938093978,0.12575881593981469,0,0
257,7,16,0.27506916811814802,0.075663047249209969,-1,-1,1,0,0,-0.11250291052945478,-0.01210608755987359,0.10039682296958119,0,2
257,7,16,0.27506916811814802,0.075663047249209969,-1,-1,3,1,1,-0.060028084001720702,0.065730731938093978,0.12575881593981469,0,0
258,16,7,0.27506916811814802,0.075663047249209969,1,1,1,0,1,-0.20123188833649072,0.11628007818872556,0.31751196652521629,0,0
258,16,7,0.27506916811814802,0.075663047249209969,1,1,3,1,1,-1.0180257046073189,0.065730731938093978,1.0837564365454129,0,0
258,16,7,0.27506916811814802,0.075663047249209969,1,-1,1,0,2,-1.011906752650781,0.0024262300476470804,1.014332982698428,0,0
258,16,7,0.27506916811814802,0.075663047249209969,1,-1,3,1,1,-1.0180257046073189,0.065730731938093978,1.0837564365454129,0,0
258,16,7,0.27506916811814802,0.075663047249209969,-1,1,1,0,1,-0.0059996748673283931,0.11628007818872556,0.12227975305605396,0,0
258,16,7,0.27506916811814802,0.075663047249209969,-1,1,3,1,1,-0.060028084001720702,0.065730731938093978,0.12575881593981469,0,0
258,16,7,0.27506916811814802,0.075663047249209969,-1,-1,1,0,0,-0.11250291052945478,-0.01210608755987359,0.10039682296958119,0,2
258,16,7,0.27506916811814802,0.075663047249209969,-1,-1,3,1,1,-0.060028084001720702,0.065730731938093978,0.12575881593981469,0,0
259,9,15,0.27562240211995054,0.075967708550371715,1,1,1,0,1,-0.20126844769263014,0.1162546726785131,0.31752312037114322,0,0
259,9,15,0.27562240211995054,0.075967708550371715,1,1,3,1,1,-1.0180988233195978,0.065657613225815162,1.0837564365454129,0,0
259,9,15,0.27562240211995054,0.075967708550371715,1,-1,1,0,3,-1.0119555016726067,0.0023644900073624582,1.0143199916799692,0,0
259,9,15,0.27562240211995054,0.075967708550371715,1,-1,3,1,1,-1.0180988233195978,0.065657613225815162,1.0837564365454129,0,0
259,9,15,0.27562240211995054,0.075967708550371715,-1,1,1,0,1,-0.0060240477714213359,0.1162546726785131,0.12227872044993443,0,0
259,9,15,0.27562240211995054,0.075967708550371715,-1,1,3,1,1,-0.060101202713999519,0.065657613225815162,0.12575881593981469,0,0
259,9,15,0.27562240211995054,0.075967708550371715,-1,-1,1,0,0,-0.11255320087742179,-0.012154833368059467,0.10039836750936233,0,2
259,9,15,0.27562240211995054,0.075967708550371715,-1,-1,3,1,1,-0.060101202713999519,0.065657613225815162,0.12575881593981469,0,0
260,15,9,0.27562240211995054,0.075967708550371715,1,1,1,0,1,-0.20126844769263014,0.1162546726785131,0.31752312037114322,0,0
260,15,9,0.27562240211995054,0.075967708550371715,1,1,3,1,1,-1.0180988233195978,0.065657613225815162,1.0837564365454129,0,0
260,15,9,0.27562240211995054,0.075967708550371715,1,-1,1,0,3,-1.0119555016726067,0.0023644900073624582,1.0143199916799692,0,0
260,15,9,0.27562240211995054,0.075967708550371715,1,-1,3,1,1,-1.0180988233195978,0.065657613225815162,1.0837564365454129,0,0
260,15,9,0.27562240211995054,0.075967708550371715,-1,1,1,0,1,-0.0060240477714213359,0.1162546726785131,0.12227872044993443,0,0
260,15,9,0.27562240211995054,0.075967708550371715,-1,1,3,1,1,-0.060101202713999519,0.065657613225815162,0.12575881593981469,0,0
260,15,9,0.27562240211995054,0.075967708550371715,-1,-1,1,0,0,-0.11255320087742179,-0.012154833368059467,0.10039836750936233,0,2
260,15,9,0.27562240211995054,0.075967708550371715,-1,-1,3,1,1,-0.060101202713999519,0.065657613225815162,0.12575881593981469,0,0
261,12,13,0.27884215903376269,0.077752949654610215,1,1,1,0,1,-0.20116950108871903,0.11610584351717433,0.31727534460589335,0,0
261,12,13,0.27884215903376269,0.077752949654610215,1,1,3,1,1,-1.0185272811846151,0.06522915536079793,1.0837564365454131,0,0
261,12,13,0.27884215903376269,0.077752949654610215,1,-1,1,0,1,-1.0122411590773013,0.0020962347967944991,1.0143373938740958,0,0
261,12,13,0.27884215903376269,0.077752949654610215,1,-1,3,1,1,-1.0185272811846151,0.06522915536079793,1.0837564365454131,0,0
261,12,13,0.27884215903376269,0.077752949654610215,-1,1,1,0,1,-0.0061668670597604131,0.11610584351717433,0.12227271057693474,0,0
261,12,13,0.27884215903376269,0.077752949654610215,-1,1,3,1,1,-0.060529660579016764,0.06522915536079793,0.12575881593981469,0,0
261,12,13,0.27884215903376269,0.077752949654610215,-1,-1,1,0,0,-0.11284788180141495,-0.01244047194473763,0.10040740985667732,0,2
261,12,13,0.27884215903376269,0.077752949654610215,-1,-1,3,1,1,-0.060529660579016764,0.06522915536079793,0.12575881593981469,0,0
262,13,12,0.27884215903376269,0.077752949654610215,1,1,1,0,1,-0.20116950108871903,0.11610584351717433,0.31727534460589335,0,0
262,13,12,0.27884215903376269,0.077752949654610215,1,1,3,1,1,-1.0185272811846151,0.06522915536079793,1.0837564365454131,0,0
262,13,12,0.27884215903376269,0.077752949654610215,1,-1,1,0,1,-1.0122411590773013,0.0020962347967944991,1.0143373938740958,0,0
262,13,12,0.27884215903376269,0.077752949654610215,1,-1,3,1,1,-1.0185272811846151,0.06522915536079793,1.0837564365454131,0,0
262,13,12,0.27884215903376269,0.077752949654610215,-1,1,1,0,1,-0.0061668670597604131,0.11610584351717433,0.12227271057693474,0,0
262,13,12,0.27884215903376269,0.077752949654610215,-1,1,3,1,1,-0.060529660579016764,0.06522915536079793,0.12575881593981469,0,0
262,13,12,0.27884215903376269,0.077752949654610215,-1,-1,1,0,0,-0.11284788180141495,-0.01244047194473763,0.10040740985667732,0,2
262,13,12,0.27884215903376269,0.077752949654610215,-1,-1,3,1,1,-0.060529660579016764,0.06522915536079793,0.12575881593981469,0,0
263,5,17,0.27896683329957028,0.077822494081190227,1,1,1,0,1,-0.20117784641990863,0.11610004726206727,0.3172778936819759,0,0
263,5,17,0.27896683329957028,0.077822494081190227,1,1,3,1,1,-1.0185439718469942,0.065212464698418723,1.0837564365454129,0,0
263,5,17,0.27896683329957028,0.077822494081190227,1,-1,1,0,2,-1.012252286918895,0.0020878894656048974,1.0143401763844999,0,0
263,5,17,0.27896683329957028,0.077822494081190227,1,-1,3,1,1,-1.0185439718469942,0.065212464698418723,1.0837564365454129,0,0
263,5,17,0.27896683329957028,0.077822494081190227,-1,1,1,0,1,-0.0061724306138868125,0.11610004726206727,0.12227247787595408,0,0
263,5,17,0.27896683329957028,0.077822494081190227,-1,1,3,1,1,-0.060546351241395971,0.065212464698418723,0.12575881593981469,0,0
263,5,17,0.27896683329957028,0.077822494081190227,-1,-1,1,0,0,-0.11285936087015125,-0.012451599052990432,0.10040776181716082,0,2
263,5,17,0.27896683329957028,0.077822494081190227,-1,-1,3,1,1,-0.060546351241395971,0.065212464698418723,0.12575881593981469,0,0
264,17,5,0.27896683329957028,0.077822494081190227,1,1,1,0,1,-0.20117784641990863,0.11610004726206727,0.3172778936819759,0,0
264,17,5,0.27896683329957028,0.077822494081190227,1,1,3,1,1,-1.0185439718469942,0.065212464698418723,1.0837564365454129,0,0
264,17,5,0.27896683329957028,0.077822494081190227,1,-1,1,0,2,-1.012252286918895,0.0020878894656048974,1.0143401763844999,0,0
264,17,5,0.27896683329957028,0.077822494081190227,1,-1,3,1,1,-1.0185439718469942,0.065212464698418723,1.0837564365454129,0,0
264,17,5,0.27896683329957028,0.077822494081190227,-1,1,1,0,1,-0.0061724306138868125,0.11610004726206727,0.12227247787595408,0,0
264,17,5,0.27896683329957028,0.077822494081190227,-1,1,3,1,1,-0.060546351241395971,0.065212464698418723,0.12575881593981469,0,0
264,17,5,0.27896683329957028,0.077822494081190227,-1,-1,1,0,0,-0.11285936087015125,-0.012451599052990432,0.10040776181716082,0,2
264,17,5,0.27896683329957028,0.077822494081190227,-1,-1,3,1,1,-0.060546351241395971,0.065212464698418723,0.12575881593981469,0,0
265,11,14,0.28058947921871885,0.078730455848231851,1,1,1,0,1,-0.20128680183195363,0.11602438193865888,0.31731118377061251,0,0
265,11,14,0.28058947921871885,0.078730455848231851,1,1,3,1,1,-1.0187618826710843,0.064994553874328731,1.0837564365454129,0,0
265,11,14,0.28058947921871885,0.078730455848231851,1,-1,1,0,2,-1.0123975703752688,0.001939727227061332,1.0143372976023302,0,0
265,11,14,0.28058947921871885,0.078730455848231851,1,-1,3,1,1,-1.0187618826710843,0.064994553874328731,1.0837564365454129,0,0
265,11,14,0.28058947921871885,0.078730455848231851,-1,1,1,0,1,-0.0062450675552501462,0.11602438193865888,0.12226944949390903,0,0
265,11,14,0.28058947921871885,0.078730455848231851,-1,1,3,1,1,-0.060764262065485956,0.064994553874328731,0.12575881593981469,0,0
265,11,14,0.28058947921871885,0.078730455848231851,-1,-1,1,0,0,-0.11300922793180287,-0.012596872935717091,0.10041235499608578,0,2
265,11,14,0.28058947921871885,0.078730455848231851,-1,-1,3,1,1,-0.060764262065485956,0.064994553874328731,0.12575881593981469,0,0
266,14,11,0.28058947921871885,0.078730455848231851,1,1,1,0,1,-0.20128680183195363,0.11602438193865888,0.31731118377061251,0,0
266,14,11,0.28058947921871885,0.078730455848231851,1,1,3,1,1,-1.0187618826710843,0.064994553874328731,1.0837564365454129,0,0
266,14,11,0.28058947921871885,0.078730455848231851,1,-1,1,0,2,-1.0123975703752688,0.001939727227061332,1.0143372976023302,0,0
266,14,11,0.28058947921871885,0.078730455848231851,1,-1,3,1,1,-1.0187618826710843,0.064994553874328731,1.0837564365454129,0,0
266,14,11,0.28058947921871885,0.078730455848231851,-1,1,1,0,1,-0.0062450675552501462,0.11602438193865888,0.12226944949390903,0,0
266,14,11,0.28058947921871885,0.078730455848231851,-1,1,3,1,1,-0.060764262065485956,0.064994553874328731,0.12575881593981469,0,0
266,14,11,0.28058947921871885,0.078730455848231851,-1,-1,1,0,0,-0.11300922793180287,-0.012596872935717091,0.10041235499608578,0,2
266,14,11,0.28058947921871885,0.078730455848231851,-1,-1,3,1,1,-0.060764262065485956,0.064994553874328731,0.12575881593981469,0,0
267,8,16,0.28176705275186092,0.079392672016469962,1,1,1,0,1,-0.2013662677721422,0.11596920730516902,0.31733547507731119,0,0
267,8,16,0.28176705275186092,0.079392672016469962,1,1,3,1,1,-1.0189208145514614,0.064835621993951584,1.0837564365454131,0,0
267,8,16,0.28176705275186092,0.079392672016469962,1,-1,1,0,2,-1.0125035319437941,0.0018434405011336693,1.0143469724449277,0,0
267,8,16,0.28176705275186092,0.079392672016469962,1,-1,3,1,1,-1.0189208145514614,0.064835621993951584,1.0837564365454131,0,0
267,8,16,0.28176705275186092,0.079392672016469962,-1,1,1,0,1,-0.0062980448487091958,0.11596920730516902,0.12226725215387821,0,0
267,8,16,0.28176705275186092,0.079392672016469962,-1,1,3,1,1,-0.060923193945863104,0.064835621993951584,0.12575881593981469,0,0
267,8,16,0.28176705275186092,0.079392672016469962,-1,-1,1,0,0,-0.11311853022412605,-0.012702827522635188,0.10041570270149086,0,2
267,8,16,0.28176705275186092,0.079392672016469962,-1,-1,3,1,1,-0.060923193945863104,0.064835621993951584,0.12575881593981469,0,0
268,16,8,0.28176705275186092,0.079392672016469962,1,1,1,0,1,-0.2013662677721422,0.11596920730516902,0.31733547507731119,0,0
268,16,8,0.28176705275186092,0.079392672016469962,1,1,3,1,1,-1.0189208145514614,0.064835621993951584,1.0837564365454131,0,0
268,16,8,0.28176705275186092,0.079392672016469962,1,-1,1,0,2,-1.0125035319437941,0.0018434405011336693,1.0143469724449277,0,0
268,16,8,0.28176705275186092,0.079392672016469962,1,-1,3,1,1,-1.0189208145514614,0.064835621993951584,1.0837564365454131,0,0
268,16,8,0.28176705275186092,0.079392672016469962,-1,1,1,0,1,-0.0062980448487091958,0.11596920730516902,0.12226725215387821,0,0
268,16,8,0.28176705275186092,0.079392672016469962,-1,1,3,1,1,-0.060923193945863104,0.064835621993951584,0.12575881593981469,0,0
268,16,8,0.28176705275186092,0.079392672016469962,-1,-1,1,0,0,-0.11311853022412605,-0.012702827522635188,0.10041570270149086,0,2
268,16,8,0.28176705275186092,0.079392672016469962,-1,-1,3,1,1,-0.060923193945863104,0.064835621993951584,0.12575881593981469,0,0
269,0,18,0.28320903884990323,0.080207359686285992,1,1,1,0,1,-0.20146403029252014,0.11590134219937917,0.31736537249189933,0,0
269,0,18,0.28320903884990323,0.080207359686285992,1,1,3,1,1,-1.0191163395922171,0.064640096953195739,1.0837564365454129,0,0
269,0,18,0.28320903884990323,0.080207359686285992,1,-1,1,0,1,-1.0126338905590377,0.0017135498818066294,1.0143474404408444,0,0
269,0,18,0.28320903884990323,0.080207359686285992,1,-1,3,1,1,-1.0191163395922171,0.064640096953195739,1.0837564365454129,0,0
269,0,18,0.28320903884990323,0.080207359686285992,-1,1,1,0,1,-0.0063632198622944752,0.11590134219937917,0.12226456206167365,0,0
269,0,18,0.28320903884990323,0.080207359686285992,-1,1,3,1,1,-0.061118718986618949,0.064640096953195739,0.12575881593981469,0,0
269,0,18,0.28320903884990323,0.080207359686285992,-1,-1,1,0,0,-0.11325299608760803,-0.012833177549805751,0.10041981853780227,0,2
269,0,18,0.28320903884990323,0.080207359686285992,-1,-1,3,1,1,-0.061118718986618949,0.064640096953195739,0.12575881593981469,0,0
270,18,0,0.28320903884990323,0.080207359686285992,1,1,1,0,1,-0.20146403029252014,0.11590134219937917,0.31736537249189933,0,0
270,18,0,0.28320903884990323,0.080207359686285992,1,1,3,1,1,-1.0191163395922171,0.064640096953195739,1.0837564365454129,0,0
270,18,0,0.28320903884990323,0.080207359686285992,1,-1,1,0,1,-1.0126338905590377,0.0017135498818066294,1.0143474404408444,0,0
270,18,0,0.28320903884990323,0.080207359686285992,1,-1,3,1,1,-1.0191163395922171,0.064640096953195739,1.0837564365454129,0,0
270,18,0,0.28320903884990323,0.080207359686285992,-1,1,1,0,1,-0.0063632198622944752,0.11590134219937917,0.12226456206167365,0,0
270,18,0,0.28320903884990323,0.080207359686285992,-1,1,3,1,1,-0.061118718986618949,0.064640096953195739,0.12575881593981469,0,0
270,18,0,0.28320903884990323,0.080207359686285992,-1,-1,1,0,0,-0.11325299608760803,-0.012833177549805751,0.10041981853780227,0,2
270,18,0,0.28320903884990323,0.080207359686285992,-1,-1,3,1,1,-0.061118718986618949,0.064640096953195739,0.12575881593981469,0,0
271,1,18,0.28364869231317003,0.080456580650971415,1,1,1,0,1,-0.2011810753564702,0.11588058449803086,0.31706165985450108,0,0
271,1,18,0.28364869231317003,0.080456580650971415,1,1,3,1,1,-1.0191761526237417,0.064580283921671228,1.0837564365454129,0,0
271,1,18,0.28364869231317003,0.080456580650971415,1,-1,1,0,1,-1.0126737685403415,0.0016748951492272825,1.0143486636895689,0,0
271,1,18,0.28364869231317003,0.080456580650971415,1,-1,3,1,1,-1.0191761526237417,0.064580283921671228,1.0837564365454129,0,0
271,1,18,0.28364869231317003,0.080456580650971415,-1,1,1,0,1,-0.0063831575394693064,0.11588058449803086,0.12226374203750016,0,0
271,1,18,0.28364869231317003,0.080456580650971415,-1,1,3,1,1,-0.061178532018143453,0.064580283921671228,0.12575881593981469,0,0
271,1,18,0.28364869231317003,0.080456580650971415,-1,-1,1,0,0,-0.11329412993120461,-0.012873052904155424,0.10042107702704918,0,2
271,1,18,0.28364869231317003,0.080456580650971415,-1,-1,3,1,1,-0.061178532018143453,0.064580283921671228,0.12575881593981469,0,0
272,18,1,0.28364869231317003,0.080456580650971415,1,1,1,0,1,-0.2011810753564702,0.11588058449803086,0.31706165985450108,0,0
272,18,1,0.28364869231317003,0.080456580650971415,1,1,3,1,1,-1.0191761526237417,0.064580283921671228,1.0837564365454129,0,0
272,18,1,0.28364869231317003,0.080456580650971415,1,-1,1,0,1,-1.0126737685403415,0.0016748951492272825,1.0143486636895689,0,0
272,18,1,0.28364869231317003,0.080456580650971415,1,-1,3,1,1,-1.0191761526237417,0.064580283921671228,1.0837564365454129,0,0
272,18,1,0.28364869231317003,0.080456580650971415,-1,1,1,0,1,-0.0063831575394693064,0.11588058449803086,0.12226374203750016,0,0
272,18,1,0.28364869231317003,0.080456580650971415,-1,1,3,1,1,-0.061178532018143453,0.064580283921671228,0.12575881593981469,0,0
272,18,1,0.28364869231317003,0.080456580650971415,-1,-1,1,0,0,-0.11329412993120461,-0.012873052904155424,0.10042107702704918,0,2
272,18,1,0.28364869231317003,0.080456580650971415,-1,-1,3,1,1,-0.061178532018143453,0.064580283921671228,0.12575881593981469,0,0
273,6,17,0.28383183361731068,0.080560509774564748,1,1,1,0,1,-0.20119354685130142,0.1158719286064627,0.31706547545776409,0,0
273,6,17,0.28383183361731068,0.080560509774564748,1,1,3,1,1,-1.0192010956134041,0.064555340932008834,1.0837564365454129,0,0
273,6,17,0.28383183361731068,0.080560509774564748,1,-1,1,0,2,-1.0126903982955673,0.0016604526406922421,1.0143508509362595,0,0
273,6,17,0.28383183361731068,0.080560509774564748,1,-1,3,1,1,-1.0192010956134041,0.064555340932008834,1.0837564365454129,0,0
273,6,17,0.28383183361731068,0.080560509774564748,-1,1,1,0,1,-0.0063914718693567794,0.1158719286064627,0.12226340047581948,0,0
273,6,17,0.28383183361731068,0.080560509774564748,-1,1,3,1,1,-0.061203475007805846,0.064555340932008834,0.12575881593981469,0,0
273,6,17,0.28383183361731068,0.080560509774564748,-1,-1,1,0,0,-0.11331128332009306,-0.01288968156393035,0.10042160175616272,0,2
273,6,17,0.28383183361731068,0.080560509774564748,-1,-1,3,1,1,-0.061203475007805846,0.064555340932008834,0.12575881593981469,0,0
274,17,6,0.28383183361731068,0.080560509774564748,1,1,1,0,1,-0.20119354685130142,0.1158719286064627,0.31706547545776409,0,0
274,17,6,0.28383183361731068,0.080560509774564748,1,1,3,1,1,-1.0192010956134041,0.064555340932008834,1.0837564365454129,0,0
274,17,6,0.28383183361731068,0.080560509774564748,1,-1,1,0,2,-1.0126903982955673,0.0016604526406922421,1.0143508509362595,0,0
274,17,6,0.28383183361731068,0.080560509774564748,1,-1,3,1,1,-1.0192010956134041,0.064555340932008834,1.0837564365454129,0,0
274,17,6,0.28383183361731068,0.080560509774564748,-1,1,1,0,1,-0.0063914718693567794,0.1158719286064627,0.12226340047581948,0,0
274,17,6,0.28383183361731068,0.080560509774564748,-1,1,3,1,1,-0.061203475007805846,0.064555340932008834,0.12575881593981469,0,0
274,17,6,0.28383183361731068,0.080560509774564748,-1,-1,1,0,0,-0.11331128332009306,-0.01288968156393035,0.10042160175616272,0,2
274,17,6,0.28383183361731068,0.080560509774564748,-1,-1,3,1,1,-0.061203475007805846,0.064555340932008834,0.12575881593981469,0,0
275,10,15,0.2840514471366738,0.080685224620438589,1,1,1,0,1,-0.20120851263280626,0.11586154185700787,0.31707005448981412,0,0
275,10,15,0.2840514471366738,0.080685224620438589,1,1,3,1,1,-1.0192310271764138,0.064525409368999115,1.0837564365454129,0,0
275,10,15,0.2840514471366738,0.080685224620438589,1,-1,1,0,1,-1.0127103539854232,0.00162457220890363,1.0143349261943269,0,0
275,10,15,0.2840514471366738,0.080685224620438589,1,-1,3,1,1,-1.0192310271764138,0.064525409368999115,1.0837564365454129,0,0
275,10,15,0.2840514471366738,0.080685224620438589,-1,1,1,0,1,-0.0064014490570266838,0.11586154185700787,0.12226299091403454,0,0
275,10,15,0.2840514471366738,0.080685224620438589,-1,1,3,1,1,-0.061233406570815573,0.064525409368999115,0.12575881593981469,0,0
275,10,15,0.2840514471366738,0.080685224620438589,-1,-1,1,0,0,-0.11333186730692925,-0.012909635939270168,0.10042223136765908,0,2
275,10,15,0.2840514471366738,0.080685224620438589,-1,-1,3,1,1,-0.061233406570815573,0.064525409368999115,0.12575881593981469,0,0
276,15,10,0.2840514471366738,0.080685224620438589,1,1,1,0,1,-0.20120851263280626,0.11586154185700787,0.31707005448981412,0,0
276,15,10,0.2840514471366738,0.080685224620438589,1,1,3,1,1,-1.0192310271764138,0.064525409368999115,1.0837564365454129,0,0
276,15,10,0.2840514471366738,0.080685224620438589,1,-1,1,0,1,-1.0127103539854232,0.00162457220890363,1.0143349261943269,0,0
276,15,10,0.2840514471366738,0.080685224620438589,1,-1,3,1,1,-1.0192310271764138,0.064525409368999115,1.0837564365454129,0,0
276,15,10,0.2840514471366738,0.080685224620438589,-1,1,1,0,1,-0.0064014490570266838,0.11586154185700787,0.12226299091403454,0,0
276,15,10,0.2840514471366738,0.080685224620438589,-1,1,3,1,1,-0.061233406570815573,0.064525409368999115,0.12575881593981469,0,0
276,15,10,0.2840514471366738,0.080685224620438589,-1,-1,1,0,0,-0.11333186730692925,-0.012909635939270168,0.10042223136765908,0,2
276,15,10,0.2840514471366738,0.080685224620438589,-1,-1,3,1,1,-0.061233406570815573,0.064525409368999115,0.12575881593981469,0,0
277,2,18,0.2849634738592623,0.081204181433938455,1,1,1,0,1,-0.20127078745042626,0.11581832471800126,0.3170891121684275,0,0
277,2,18,0.2849634738592623,0.081204181433938455,1,1,3,1,1,-1.0193555768116538,0.064400859733759142,1.0837564365454129,0,0
277,2,18,0.2849634738592623,0.081204181433938455,1,-1,1,0,2,-1.0127933925451984,0.0015541183250270159,1.0143475108702253,0,0
277,2,18,0.2849634738592623,0.081204181433938455,1,-1,3,1,1,-1.0193555768116538,0.064400859733759142,1.0837564365454129,0,0
277,2,18,0.2849634738592623,0.081204181433938455,-1,1,1,0,1,-0.0064429656021066746,0.11581832471800126,0.12226129032010793,0,0
277,2,18,0.2849634738592623,0.081204181433938455,-1,1,3,1,1,-0.061357956206055539,0.064400859733759142,0.12575881593981469,0,0
277,2,18,0.2849634738592623,0.081204181433938455,-1,-1,1,0,0,-0.11341751956627044,-0.012992669029430148,0.10042485053684029,0,2
277,2,18,0.2849634738592623,0.081204181433938455,-1,-1,3,1,1,-0.061357956206055539,0.064400859733759142,0.12575881593981469,0,0
278,18,2,0.2849634738592623,0.081204181433938455,1,1,1,0,1,-0.20127078745042626,0.11581832471800126,0.3170891121684275,0,0
278,18,2,0.2849634738592623,0.081204181433938455,1,1,3,1,1,-1.0193555768116538,0.064400859733759142,1.0837564365454129,0,0
278,18,2,0.2849634738592623,0.081204181433938455,1,-1,1,0,2,-1.0127933925451984,0.0015541183250270159,1.0143475108702253,0,0
278,18,2,0.2849634738592623,0.081204181433938455,1,-1,3,1,1,-1.0193555768116538,0.064400859733759142,1.0837564365454129,0,0
278,18,2,0.2849634738592623,0.081204181433938455,-1,1,1,0,1,-0.0064429656021066746,0.11581832471800126,0.12226129032010793,0,0
278,18,2,0.2849634738592623,0.081204181433938455,-1,1,3,1,1,-0.061357956206055539,0.064400859733759142,0.12575881593981469,0,0
278,18,2,0.2849634738592623,0.081204181433938455,-1,-1,1,0,0,-0.11341751956627044,-0.012992669029430148,0.10042485053684029,0,2
278,18,2,0.2849634738592623,0.081204181433938455,-1,-1,3,1,1,-0.061357956206055539,0.064400859733759142,0.12575881593981469,0,0
279,3,18,0.2871410380238234,0.082449975717398788,1,1,1,0,1,-0.20142028276444149,0.11571460280296555,0.31713488556740704,0,0
279,3,18,0.2871410380238234,0.082449975717398788,1,1,3,1,1,-1.0196545674396844,0.064101869105728668,1.0837564365454131,0,0
279,3,18,0.2871410380238234,0.082449975717398788,1,-1,1,0,2,-1.0129927327589261,0.0013599578658907274,1.0143526906248168,0,0
279,3,18,0.2871410380238234,0.082449975717398788,1,-1,3,1,1,-1.0196545674396844,0.064101869105728668,1.0837564365454131,0,0
279,3,18,0.2871410380238234,0.082449975717398788,-1,1,1,0,1,-0.0065426291447835006,0.11571460280296555,0.12225723194774905,0,0
279,3,18,0.2871410380238234,0.082449975717398788,-1,1,3,1,1,-0.06165694683408602,0.064101869105728668,0.12575881593981469,0,0
279,3,18,0.2871410380238234,0.082449975717398788,-1,-1,1,0,0,-0.11362312931592217,-0.013191996114783798,0.10043113320113836,0,2
279,3,18,0.2871410380238234,0.082449975717398788,-1,-1,3,1,1,-0.06165694683408602,0.064101869105728668,0.12575881593981469,0,0
280,18,3,0.2871410380238234,0.082449975717398788,1,1,1,0,1,-0.20142028276444149,0.11571460280296555,0.31713488556740704,0,0
280,18,3,0.2871410380238234,0.082449975717398788,1,1,3,1,1,-1.0196545674396844,0.064101869105728668,1.0837564365454131,0,0
280,18,3,0.2871410380238234,0.082449975717398788,1,-1,1,0,2,-1.0129927327589261,0.0013599578658907274,1.0143526906248168,0,0
280,18,3,0.2871410380238234,0.082449975717398788,1,-1,3,1,1,-1.0196545674396844,0.064101869105728668,1.0837564365454131,0,0
280,18,3,0.2871410380238234,0.082449975717398788,-1,1,1,0,1,-0.0065426291447835006,0.11571460280296555,0.12225723194774905,0,0
280,18,3,0.2871410380238234,0.082449975717398788,-1,1,3,1,1,-0.06165694683408602,0.064101869105728668,0.12575881593981469,0,0
280,18,3,0.2871410380238234,0.082449975717398788,-1,-1,1,0,0,-0.11362312931592217,-0.013191996114783798,0.10043113320113836,0,2
280,18,3,0.2871410380238234,0.082449975717398788,-1,-1,3,1,1,-0.06165694683408602,0.064101869105728668,0.12575881593981469,0,0
281,9,16,0.28916564249902038,0.083616768801871258,1,1,1,0,1,-0.20124774990148442,0.11561748908495245,0.31686523898643687,0,0
281,9,16,0.28916564249902038,0.083616768801871258,1,1,3,1,1,-1.0199345977799577,0.063821838765455274,1.0837564365454129,0,0
281,9,16,0.28916564249902038,0.083616768801871258,1,-1,1,0,3,-1.0131794319459302,0.0011808297760073239,1.0143602617219376,0,0
281,9,16,0.28916564249902038,0.083616768801871258,1,-1,3,1,1,-1.0199345977799577,0.063821838765455274,1.0837564365454129,0,0
281,9,16,0.28916564249902038,0.083616768801871258,-1,1,1,0,1,-0.006635972591541299,0.11561748908495245,0.12225346167649376,0,0
281,9,16,0.28916564249902038,0.083616768801871258,-1,1,3,1,1,-0.061936977174359413,0.063821838765455274,0.12575881593981469,0,0
281,9,16,0.28916564249902038,0.083616768801871258,-1,-1,1,0,0,-0.11381569426719153,-0.013378683008299395,0.10043701125889214,0,2
281,9,16,0.28916564249902038,0.083616768801871258,-1,-1,3,1,1,-0.061936977174359413,0.063821838765455274,0.12575881593981469,0,0
282,16,9,0.28916564249902038,0.083616768801871258,1,1,1,0,1,-0.20124774990148442,0.11561748908495245,0.31686523898643687,0,0
282,16,9,0.28916564249902038,0.083616768801871258,1,1,3,1,1,-1.0199345977799577,0.063821838765455274,1.0837564365454129,0,0
282,16,9,0.28916564249902038,0.083616768801871258,1,-1,1,0,3,-1.0131794319459302,0.0011808297760073239,1.0143602617219376,0,0
282,16,9,0.28916564249902038,0.083616768801871258,1,-1,3,1,1,-1.0199345977799577,0.063821838765455274,1.0837564365454129,0,0
282,16,9,0.28916564249902038,0.083616768801871258,-1,1,1,0,1,-0.006635972591541299,0.11561748908495245,0.12225346167649376,0,0
282,16,9,0.28916564249902038,0.083616768801871258,-1,1,3,1,1,-0.061936977174359413,0.063821838765455274,0.12575881593981469,0,0
282,16,9,0.28916564249902038,0.083616768801871258,-1,-1,1,0,0,-0.11381569426719153,-0.013378683008299395,0.10043701125889214,0,2
282,16,9,0.28916564249902038,0.083616768801871258,-1,-1,3,1,1,-0.061936977174359413,0.063821838765455274,0.12575881593981469,0,0
283,7,17,0.28947319914458575,0.083794733023000986,1,1,1,0,1,-0.20126910560801997,0.11560267950120752,0.31687178510922748,0,0
283,7,17,0.28947319914458575,0.083794733023000986,1,1,3,1,1,-1.0199773091930289,0.063779127352384141,1.0837564365454131,0,0
283,7,17,0.28947319914458575,0.083794733023000986,1,-1,1,0,3,-1.0132079080961653,0.0011426233859241023,1.0143505314820895,0,0
283,7,17,0.28947319914458575,0.083794733023000986,1,-1,3,1,1,-1.0199773091930289,0.063779127352384141,1.0837564365454131,0,0
283,7,17,0.28947319914458575,0.083794733023000986,-1,1,1,0,1,-0.0066502097292316766,0.11560267950120752,0.1222528892304392,0,0
283,7,17,0.28947319914458575,0.083794733023000986,-1,1,3,1,1,-0.061979688587430547,0.063779127352384141,0.12575881593981469,0,0
283,7,17,0.28947319914458575,0.083794733023000986,-1,-1,1,0,0,-0.11384506456272933,-0.013407157283680152,0.10043790727904918,0,2
283,7,17,0.28947319914458575,0.083794733023000986,-1,-1,3,1,1,-0.061979688587430547,0.063779127352384141,0.12575881593981469,0,0
284,17,7,0.28947319914458575,0.083794733023000986,1,1,1,0,1,-0.20126910560801997,0.11560267950120752,0.31687178510922748,0,0
284,17,7,0.28947319914458575,0.083794733023000986,1,1,3,1,1,-1.0199773091930289,0.063779127352384141,1.0837564365454131,0,0
284,17,7,0.28947319914458575,0.083794733023000986,1,-1,1,0,3,-1.0132079080961653,0.0011426233859241023,1.0143505314820895,0,0
284,17,7,0.28947319914458575,0.083794733023000986,1,-1,3,1,1,-1.0199773091930289,0.063779127352384141,1.0837564365454131,0,0
284,17,7,0.28947319914458575,0.083794733023000986,-1,1,1,0,1,-0.0066502097292316766,0.11560267950120752,0.1222528892304392,0,0
284,17,7,0.28947319914458575,0.083794733023000986,-1,1,3,1,1,-0.061979688587430547,0.063779127352384141,0.12575881593981469,0,0
284,17,7,0.28947319914458575,0.083794733023000986,-1,-1,1,0,0,-0.11384506456272933,-0.013407157283680152,0.10043790727904918,0,2
284,17,7,0.28947319914458575,0.083794733023000986,-1,-1,3,1,1,-0.061979688587430547,0.063779127352384141,0.12575881593981469,0,0
285,13,13,0.28972949274994758,0.083943178969141927,1,1,1,0,1,-0.20128691912155688,0.11559032685755602,0.31687724597911293,0,0
285,13,13,0.28972949274994758,0.083943178969141927,1,1,3,1,1,-1.0200129362201027,0.063743500325310315,1.0837564365454131,0,0
285,13,13,0.28972949274994758,0.083943178969141927,1,-1,1,0,3,-1.0132316610113867,0.0011248098723871894,1.014356470883774,0,0
285,13,13,0.28972949274994758,0.083943178969141927,1,-1,3,1,1,-1.0200129362201027,0.063743500325310315,1.0837564365454131,0,0
285,13,13,0.28972949274994758,0.083943178969141927,-1,1,1,0,1,-0.006662085404922951,0.11559032685755602,0.12225241226247897,0,0
285,13,13,0.28972949274994758,0.083943178969141927,-1,1,3,1,1,-0.062015315614504372,0.063743500325310315,0.12575881593981469,0,0
285,13,13,0.28972949274994758,0.083943178969141927,-1,-1,1,0,0,-0.11386956320823581,-0.0134309086350627,0.10043865457317311,0,2
285,13,13,0.28972949274994758,0.083943178969141927,-1,-1,3,1,1,-0.062015315614504372,0.063743500325310315,0.12575881593981469,0,0
286,4,18,0.29016142580174104,0.084193653023299272,1,1,1,0,1,-0.20131697600805579,0.11556948523108165,0.31688646123913744,0,0
286,4,18,0.29016142580174104,0.084193653023299272,1,1,3,1,1,-1.0200730499931003,0.063683386552312551,1.0837564365454129,0,0
286,4,18,0.29016142580174104,0.084193653023299272,1,-1,1,0,3,-1.0132717394986457,0.0010839051332941566,1.0143556446319399,0,0
286,4,18,0.29016142580174104,0.084193653023299272,1,-1,3,1,1,-1.0200730499931003,0.063683386552312551,1.0837564365454129,0,0
286,4,18,0.29016142580174104,0.084193653023299272,-1,1,1,0,1,-0.0066821233292555402,0.11556948523108165,0.12225160856033719,0,0
286,4,18,0.29016142580174104,0.084193653023299272,-1,1,3,1,1,-0.062075429387502136,0.063683386552312551,0.12575881593981469,0,0
286,4,18,0.29016142580174104,0.084193653023299272,-1,-1,1,0,0,-0.11391089975292021,-0.013470984483727876,0.10043991526919233,0,2
286,4,18,0.29016142580174104,0.084193653023299272,-1,-1,3,1,1,-0.062075429387502136,0.063683386552312551,0.12575881593981469,0,0
287,18,4,0.29016142580174104,0.084193653023299272,1,1,1,0,1,-0.20131697600805579,0.11556948523108165,0.31688646123913744,0,0
287,18,4,0.29016142580174104,0.084193653023299272,1,1,3,1,1,-1.0200730499931003,0.063683386552312551,1.0837564365454129,0,0
287,18,4,0.29016142580174104,0.084193653023299272,1,-1,1,0,3,-1.0132717394986457,0.0010839051332941566,1.0143556446319399,0,0
287,18,4,0.29016142580174104,0.084193653023299272,1,-1,3,1,1,-1.0200730499931003,0.063683386552312551,1.0837564365454129,0,0
287,18,4,0.29016142580174104,0.084193653023299272,-1,1,1,0,1,-0.0066821233292555402,0.11556948523108165,0.12225160856033719,0,0
287,18,4,0.29016142580174104,0.084193653023299272,-1,1,3,1,1,-0.062075429387502136,0.063683386552312551,0.12575881593981469,0,0
287,18,4,0.29016142580174104,0.084193653023299272,-1,-1,1,0,0,-0.11391089975292021,-0.013470984483727876,0.10043991526919233,0,2
287,18,4,0.29016142580174104,0.084193653023299272,-1,-1,3,1,1,-0.062075429387502136,0.063683386552312551,0.12575881593981469,0,0
288,12,14,0.29057040575132914,0.084431160698492047,1,1,1,0,1,-0.20134547692907892,0.11554972378430622,0.31689520071338517,0,0
288,12,14,0.29057040575132914,0.084431160698492047,1,1,3,1,1,-1.0201300518351466,0.063626384710266284,1.0837564365454129,0,0
288,12,14,0.29057040575132914,0.084431160698492047,1,-1,1,0,3,-1.0133097432285805,0.0010368656641564257,1.0143466088927369,0,0
288,12,14,0.29057040575132914,0.084431160698492047,1,-1,3,1,1,-1.0201300518351466,0.063626384710266284,1.0837564365454129,0,0
288,12,14,0.29057040575132914,0.084431160698492047,-1,1,1,0,1,-0.0067011239432709594,0.11554972378430622,0.12225084772757719,0,0
288,12,14,0.29057040575132914,0.084431160698492047,-1,1,3,1,1,-0.062132431229548403,0.063626384710266284,0.12575881593981469,0,0
288,12,14,0.29057040575132914,0.084431160698492047,-1,-1,1,0,0,-0.11395009615960872,-0.013508985711758723,0.10044111044784999,0,2
288,12,14,0.29057040575132914,0.084431160698492047,-1,-1,3,1,1,-0.062132431229548403,0.063626384710266284,0.12575881593981469,0,0
289,14,12,0.29057040575132914,0.084431160698492047,1,1,1,0,1,-0.20134547692907892,0.11554972378430622,0.31689520071338517,0,0
289,14,12,0.29057040575132914,0.084431160698492047,1,1,3,1,1,-1.0201300518351466,0.063626384710266284,1.0837564365454129,0,0
289,14,12,0.29057040575132914,0.084431160698492047,1,-1,1,0,3,-1.0133097432285805,0.0010368656641564257,1.0143466088927369,0,0
289,14,12,0.29057040575132914,0.084431160698492047,1,-1,3,1,1,-1.0201300518351466,0.063626384710266284,1.0837564365454129,0,0
289,14,12,0.29057040575132914,0.084431160698492047,-1,1,1,0,1,-0.0067011239432709594,0.11554972378430622,0.12225084772757719,0,0
289,14,12,0.29057040575132914,0.084431160698492047,-1,1,3,1,1,-0.062132431229548403,0.063626384710266284,0.12575881593981469,0,0
289,14,12,0.29057040575132914,0.084431160698492047,-1,-1,1,0,0,-0.11395009615960872,-0.013508985711758723,0.10044111044784999,0,2
289,14,12,0.29057040575132914,0.084431160698492047,-1,-1,3,1,1,-0.062132431229548403,0.063626384710266284,0.12575881593981469,0,0
290,11,15,0.29307846094734608,0.085894984271265074,1,1,1,0,1,-0.20120890047841236,0.11542795582461611,0.31663685630302846,0,0
290,11,15,0.29307846094734608,0.085894984271265074,1,1,3,1,1,-1.0204813694926123,0.063275067052800754,1.0837564365454131,0,0
290,11,15,0.29307846094734608,0.085894984271265074,1,-1,1,0,4,-1.0135439704180447,0.00081986579021860011,1.0143638362082632,0,0
290,11,15,0.29307846094734608,0.085894984271265074,1,-1,3,1,1,-1.0204813694926123,0.063275067052800754,1.0837564365454131,0,0
290,11,15,0.29307846094734608,0.085894984271265074,-1,1,1,0,1,-0.0068182298290928025,0.11542795582461611,0.12224618565370891,0,0
290,11,15,0.29307846094734608,0.085894984271265074,-1,1,3,1,1,-0.062483748887013926,0.063275067052800754,0.12575881593981469,0,0
290,11,15,0.29307846094734608,0.085894984271265074,-1,-1,1,0,0,-0.11419166867520736,-0.013743197483402407,0.10044847119180494,0,2
290,11,15,0.29307846094734608,0.085894984271265074,-1,-1,3,1,1,-0.062483748887013926,0.063275067052800754,0.12575881593981469,0,0
291,15,11,0.29307846094734608,0.085894984271265074,1,1,1,0,1,-0.20120890047841236,0.11542795582461611,0.31663685630302846,0,0
291,15,11,0.29307846094734608,0.085894984271265074,1,1,3,1,1,-1.0204813694926123,0.063275067052800754,1.0837564365454131,0,0
291,15,11,0.29307846094734608,0.085894984271265074,1,-1,1,0,4,-1.0135439704180447,0.00081986579021860011,1.0143638362082632,0,0
291,15,11,0.29307846094734608,0.085894984271265074,1,-1,3,1,1,-1.0204813694926123,0.063275067052800754,1.0837564365454131,0,0
291,15,11,0.29307846094734608,0.085894984271265074,-1,1,1,0,1,-0.0068182298290928025,0.11542795582461611,0.12224618565370891,0,0
291,15,11,0.29307846094734608,0.085894984271265074,-1,1,3,1,1,-0.062483748887013926,0.063275067052800754,0.12575881593981469,0,0
291,15,11,0.29307846094734608,0.085894984271265074,-1,-1,1,0,0,-0.11419166867520736,-0.013743197483402407,0.10044847119180494,0,2
291,15,11,0.29307846094734608,0.085894984271265074,-1,-1,3,1,1,-0.062483748887013926,0.063275067052800754,0.12575881593981469,0,0
292,5,18,0.2939979231060989,0.086434778790699635,1,1,1,0,1,-0.20127367582074451,0.11538306487281363,0.31665674069355815,0,0
292,5,18,0.2939979231060989,0.086434778790699635,1,1,3,1,1,-1.0206109201772766,0.063145516368136465,1.0837564365454131,0,0
292,5,18,0.2939979231060989,0.086434778790699635,1,-1,1,0,3,-1.013630343225671,0.00073215777061237663,1.0143625009962833,0,0
292,5,18,0.2939979231060989,0.086434778790699635,1,-1,3,1,1,-1.0206109201772766,0.063145516368136465,1.0837564365454131,0,0
292,5,18,0.2939979231060989,0.086434778790699635,-1,1,1,0,1,-0.0068614133906475701,0.11538306487281363,0.1222444782634612,0,0
292,5,18,0.2939979231060989,0.086434778790699635,-1,1,3,1,1,-0.062613299571678216,0.063145516368136465,0.12575881593981469,0,0
292,5,18,0.2939979231060989,0.086434778790699635,-1,-1,1,0,0,-0.11428074775080477,-0.013829564606511933,0.10045118314429283,0,2
292,5,18,0.2939979231060989,0.086434778790699635,-1,-1,3,1,1,-0.062613299571678216,0.063145516368136465,0.12575881593981469,0,0
293,18,5,0.2939979231060989,0.086434778790699635,1,1,1,0,1,-0.20127367582074451,0.11538306487281363,0.31665674069355815,0,0
293,18,5,0.2939979231060989,0.086434778790699635,1,1,3,1,1,-1.0206109201772766,0.063145516368136465,1.0837564365454131,0,0
293,18,5,0.2939979231060989,0.086434778790699635,1,-1,1,0,3,-1.013630343225671,0.00073215777061237663,1.0143625009962833,0,0
293,18,5,0.2939979231060989,0.086434778790699635,1,-1,3,1,1,-1.0206109201772766,0.063145516368136465,1.0837564365454131,0,0
293,18,5,0.2939979231060989,0.086434778790699635,-1,1,1,0,1,-0.0068614133906475701,0.11538306487281363,0.1222444782634612,0,0
293,18,5,0.2939979231060989,0.086434778790699635,-1,1,3,1,1,-0.062613299571678216,0.063145516368136465,0.12575881593981469,0,0
293,18,5,0.2939979231060989,0.086434778790699635,-1,-1,1,0,0,-0.11428074775080477,-0.013829564606511933,0.10045118314429283,0,2
293,18,5,0.2939979231060989,0.086434778790699635,-1,-1,3,1,1,-0.062613299571678216,0.063145516368136465,0.12575881593981469,0,0
294,8,17,0.29584515847020543,0.087524357790260965,1,1,1,0,1,-0.20140442530069189,0.115292471493494,0.31669689679418589,0,0
294,8,17,0.29584515847020543,0.087524357790260965,1,1,3,1,1,-1.0208724191371712,0.062884017408241746,1.0837564365454129,0,0
294,8,17,0.29584515847020543,0.087524357790260965,1,-1,1,0,4,-1.0138046873383513,0.00055622638241524872,1.0143609137207665,0,0
294,8,17,0.29584515847020543,0.087524357790260965,1,-1,3,1,1,-1.0208724191371712,0.062884017408241746,1.0837564365454129,0,0
294,8,17,0.29584515847020543,0.087524357790260965,-1,1,1,0,1,-0.0069485797106124732,0.115292471493494,0.12224105120410647,0,0
294,8,17,0.29584515847020543,0.087524357790260965,-1,1,3,1,1,-0.062874798531572948,0.062884017408241746,0.12575881593981469,0,0
294,8,17,0.29584515847020543,0.087524357790260965,-1,-1,1,0,0,-0.11446055060096777,-0.01400389724644175,0.10045665335452603,0,2
294,8,17,0.29584515847020543,0.087524357790260965,-1,-1,3,1,1,-0.062874798531572948,0.062884017408241746,0.12575881593981469,0,0
295,17,8,0.29584515847020543,0.087524357790260965,1,1,1,0,1,-0.20140442530069189,0.115292471493494,0.31669689679418589,0,0
295,17,8,0.29584515847020543,0.087524357790260965,1,1,3,1,1,-1.0208724191371712,0.062884017408241746,1.0837564365454129,0,0
295,17,8,0.29584515847020543,0.087524357790260965,1,-1,1,0,4,-1.0138046873383513,0.00055622638241524872,1.0143609137207665,0,0
295,17,8,0.29584515847020543,0.087524357790260965,1,-1,3,1,1,-1.0208724191371712,0.062884017408241746,1.0837564365454129,0,0
295,17,8,0.29584515847020543,0.087524357790260965,-1,1,1,0,1,-0.0069485797106124732,0.115292471493494,0.12224105120410647,0,0
295,17,8,0.29584515847020543,0.087524357790260965,-1,1,3,1,1,-0.062874798531572948,0.062884017408241746,0.12575881593981469,0,0
295,17,8,0.29584515847020543,0.087524357790260965,-1,-1,1,0,0,-0.11446055060096777,-0.01400389724644175,0.10045665335452603,0,2
295,17,8,0.29584515847020543,0.087524357790260965,-1,-1,3,1,1,-0.062874798531572948,0.062884017408241746,0.12575881593981469,0,0
296,10,16,0.29721084245353185,0.088334284871938118,1,1,1,0,1,-0.20118969336062459,0.11522514658896049,0.31641483994958508,0,0
296,10,16,0.29721084245353185,0.088334284871938118,1,1,3,1,1,-1.0210668016367737,0.062689634908639227,1.0837564365454129,0,0
296,10,16,0.29721084245353185,0.088334284871938118,1,-1,1,0,4,-1.0139342841982808,0.00042725047033224071,1.014361534668613,0,0
296,10,16,0.29721084245353185,0.088334284871938118,1,-1,3,1,1,-1.0210668016367737,0.062689634908639227,1.0837564365454129,0,0
296,10,16,0.29721084245353185,0.088334284871938118,-1,1,1,0,1,-0.0070133738771466451,0.11522514658896049,0.12223852046610714,0,0
296,10,16,0.29721084245353185,0.088334284871938118,-1,1,3,1,1,-0.063069181031175453,0.062689634908639227,0.12575881593981469,0,0
296,10,16,0.29721084245353185,0.088334284871938118,-1,-1,1,0,0,-0.11459420179457791,-0.014133485579510094,0.10046071621506782,0,2
296,10,16,0.29721084245353185,0.088334284871938118,-1,-1,3,1,1,-0.063069181031175453,0.062689634908639227,0.12575881593981469,0,0
297,16,10,0.29721084245353185,0.088334284871938118,1,1,1,0,1,-0.20118969336062459,0.11522514658896049,0.31641483994958508,0,0
297,16,10,0.29721084245353185,0.088334284871938118,1,1,3,1,1,-1.0210668016367737,0.062689634908639227,1.0837564365454129,0,0
297,16,10,0.29721084245353185,0.088334284871938118,1,-1,1,0,4,-1.0139342841982808,0.00042725047033224071,1.014361534668613,0,0
297,16,10,0.29721084245353185,0.088334284871938118,1,-1,3,1,1,-1.0210668016367737,0.062689634908639227,1.0837564365454129,0,0
297,16,10,0.29721084245353185,0.088334284871938118,-1,1,1,0,1,-0.0070133738771466451,0.11522514658896049,0.12223852046610714,0,0
297,16,10,0.29721084245353185,0.088334284871938118,-1,1,3,1,1,-0.063069181031175453,0.062689634908639227,0.12575881593981469,0,0
297,16,10,0.29721084245353185,0.088334284871938118,-1,-1,1,0,0,-0.11459420179457791,-0.014133485579510094,0.10046071621506782,0,2
297,16,10,0.29721084245353185,0.088334284871938118,-1,-1,3,1,1,-0.063069181031175453,0.062689634908639227,0.12575881593981469,0,0
298,6,18,0.29861814158566147,0.089172794484074155,1,1,1,0,1,-0.20129031451408091,0.11515546079144399,0.31644577530552492,0,0
298,6,18,0.29861814158566147,0.089172794484074155,1,1,3,1,1,-1.0212680439436863,0.062488392601726575,1.0837564365454129,0,0
298,6,18,0.29861814158566147,0.089172794484074155,1,-1,1,0,11,-1.0140684545628424,0.00029532122000694612,1.0143637757828494,0,0
298,6,18,0.29861814158566147,0.089172794484074155,1,-1,3,1,1,-1.0212680439436863,0.062488392601726575,1.0837564365454129,0,0
298,6,18,0.29861814158566147,0.089172794484074155,-1,1,1,0,1,-0.0070804546461175309,0.11515546079144399,0.12223591543756153,0,0
298,6,18,0.29861814158566147,0.089172794484074155,-1,1,3,1,1,-0.063270423338088105,0.062488392601726575,0.12575881593981469,0,0
298,6,18,0.29861814158566147,0.089172794484074155,-1,-1,1,0,0,-0.11473256655506207,-0.014267647117451859,0.10046491943761021,0,2
298,6,18,0.29861814158566147,0.089172794484074155,-1,-1,3,1,1,-0.063270423338088105,0.062488392601726575,0.12575881593981469,0,0
299,18,6,0.29861814158566147,0.089172794484074155,1,1,1,0,1,-0.20129031451408091,0.11515546079144399,0.31644577530552492,0,0
299,18,6,0.29861814158566147,0.089172794484074155,1,1,3,1,1,-1.0212680439436863,0.062488392601726575,1.0837564365454129,0,0
299,18,6,0.29861814158566147,0.089172794484074155,1,-1,1,0,11,-1.0140684545628424,0.00029532122000694612,1.0143637757828494,0,0
299,18,6,0.29861814158566147,0.089172794484074155,1,-1,3,1,1,-1.0212680439436863,0.062488392601726575,1.0837564365454129,0,0
299,18,6,0.29861814158566147,0.089172794484074155,-1,1,1,0,1,-0.0070804546461175309,0.11515546079144399,0.12223591543756153,0,0
299,18,6,0.29861814158566147,0.089172794484074155,-1,1,3,1,1,-0.063270423338088105,0.062488392601726575,0.12575881593981469,0,0
299,18,6,0.29861814158566147,0.089172794484074155,-1,-1,1,0,0,-0.11473256655506207,-0.014267647117451859,0.10046491943761021,0,2
299,18,6,0.29861814158566147,0.089172794484074155,-1,-1,3,1,1,-0.063270423338088105,0.062488392601726575,0.12575881593981469,0,0
300,0,19,0.29882787180852188,0.089298096969610385,1,1,1,0,1,-0.20130535081234524,0.11514504862242589,0.31645039943477116,0,0
300,0,19,0.29882787180852188,0.089298096969610385,1,1,3,1,1,-1.0212981165402151,0.062458320005197882,1.0837564365454129,0,0
300,0,19,0.29882787180852188,0.089298096969610385,1,-1,1,0,12,-1.0140885042794312,0.00028028492174259935,1.0143687892011739,0,0
300,0,19,0.29882787180852188,0.089298096969610385,1,-1,3,1,1,-1.0212981165402151,0.062458320005197882,1.0837564365454129,0,0
300,0,19,0.29882787180852188,0.089298096969610385,-1,1,1,0,1,-0.0070904788449604305,0.11514504862242589,0.12223552746738632,0,0
300,0,19,0.29882787180852188,0.089298096969610385,-1,1,3,1,1,-0.063300495934616799,0.062458320005197882,0.12575881593981469,0,0
300,0,19,0.29882787180852188,0.089298096969610385,-1,-1,1,0,0,-0.11475324279689636,-0.014287695515137653,0.1004655472817587,0,2
300,0,19,0.29882787180852188,0.089298096969610385,-1,-1,3,1,1,-0.063300495934616799,0.062458320005197882,0.12575881593981469,0,0
301,19,0,0.29882787180852188,0.089298096969610385,1,1,1,0,1,-0.20130535081234524,0.11514504862242589,0.31645039943477116,0,0
301,19,0,0.29882787180852188,0.089298096969610385,1,1,3,1,1,-1.0212981165402151,0.062458320005197882,1.0837564365454129,0,0
301,19,0,0.29882787180852188,0.089298096969610385,1,-1,1,0,12,-1.0140885042794312,0.00028028492174259935,1.0143687892011739,0,0
301,19,0,0.29882787180852188,0.089298096969610385,1,-1,3,1,1,-1.0212981165402151,0.062458320005197882,1.0837564365454129,0,0
301,19,0,0.29882787180852188,0.089298096969610385,-1,1,1,0,1,-0.0070904788449604305,0.11514504862242589,0.12223552746738632,0,0
301,19,0,0.29882787180852188,0.089298096969610385,-1,1,3,1,1,-0.063300495934616799,0.062458320005197882,0.12575881593981469,0,0
301,19,0,0.29882787180852188,0.089298096969610385,-1,-1,1,0,0,-0.11475324279689636,-0.014287695515137653,0.1004655472817587,0,2
301,19,0,0.29882787180852188,0.089298096969610385,-1,-1,3,1,1,-0.063300495934616799,0.062458320005197882,0.12575881593981469,0,0
302,1,19,0.29924457878848165,0.089547317934295809,1,1,1,0,1,-0.2013352573281075,0.1151243403035523,0.31645959763165982,0,0
302,1,19,0.29924457878848165,0.089547317934295809,1,1,3,1,1,-1.0213579295717397,0.062398506973673384,1.0837564365454131,0,0
302,1,19,0.29924457878848165,0.089547317934295809,1,-1,1,0,11,-1.0141283822569407,0.00024127253886406345,1.0143696547958048,0,0
302,1,19,0.29924457878848165,0.089547317934295809,1,-1,3,1,1,-1.0213579295717397,0.062398506973673384,1.0837564365454131,0,0
302,1,19,0.29924457878848165,0.089547317934295809,-1,1,1,0,1,-0.0071104165221352617,0.1151243403035523,0.12223475682568756,0,0
302,1,19,0.29924457878848165,0.089547317934295809,-1,1,3,1,1,-0.06336030896614131,0.062398506973673384,0.12575881593981469,0,0
302,1,19,0.29924457878848165,0.089547317934295809,-1,-1,1,0,0,-0.11479436670132541,-0.014327570869487325,0.10046679583183808,0,2
302,1,19,0.29924457878848165,0.089547317934295809,-1,-1,3,1,1,-0.06336030896614131,0.062398506973673384,0.12575881593981469,0,0
303,19,1,0.29924457878848165,0.089547317934295809,1,1,1,0,1,-0.2013352573281075,0.1151243403035523,0.31645959763165982,0,0
303,19,1,0.29924457878848165,0.089547317934295809,1,1,3,1,1,-1.0213579295717397,0.062398506973673384,1.0837564365454131,0,0
303,19,1,0.29924457878848165,0.089547317934295809,1,-1,1,0,11,-1.0141283822569407,0.00024127253886406345,1.0143696547958048,0,0
303,19,1,0.29924457878848165,0.089547317934295809,1,-1,3,1,1,-1.0213579295717397,0.062398506973673384,1.0837564365454131,0,0
303,19,1,0.29924457878848165,0.089547317934295809,-1,1,1,0,1,-0.0071104165221352617,0.1151243403035523,0.12223475682568756,0,0
303,19,1,0.29924457878848165,0.089547317934295809,-1,1,3,1,1,-0.06336030896614131,0.062398506973673384,0.12575881593981469,0,0
303,19,1,0.29924457878848165,0.089547317934295809,-1,-1,1,0,0,-0.11479436670132541,-0.014327570869487325,0.10046679583183808,0,2
303,19,1,0.29924457878848165,0.089547317934295809,-1,-1,3,1,1,-0.06336030896614131,0.062398506973673384,0.12575881593981469,0,0
304,2,19,0.30049112918231519,0.090294918717262848,1,1,1,0,1,-0.20142496942206356,0.11506222859629955,0.31648719801836311,0,0
304,2,19,0.30049112918231519,0.090294918717262848,1,1,3,1,1,-1.0215373537596517,0.062219082785761291,1.0837564365454131,0,0
304,2,19,0.30049112918231519,0.090294918717262848,1,-1,1,0,0,-1.014248006250418,0.00012243280343707252,1.014370439053855,0,0
304,2,19,0.30049112918231519,0.090294918717262848,1,-1,3,1,1,-1.0215373537596517,0.062219082785761291,1.0837564365454131,0,0
304,2,19,0.30049112918231519,0.090294918717262848,-1,1,1,0,1,-0.0071702245847726255,0.11506222859629955,0.12223245318107218,0,0
304,2,19,0.30049112918231519,0.090294918717262848,-1,1,3,1,1,-0.063539733154053396,0.062219082785761291,0.12575881593981469,0,0
304,2,19,0.30049112918231519,0.090294918717262848,-1,-1,1,0,0,-0.11491772654194603,-0.014447186994762051,0.10047053954718398,0,2
304,2,19,0.30049112918231519,0.090294918717262848,-1,-1,3,1,1,-0.063539733154053396,0.062219082785761291,0.12575881593981469,0,0
305,19,2,0.30049112918231519,0.090294918717262848,1,1,1,0,1,-0.20142496942206356,0.11506222859629955,0.31648719801836311,0,0
305,19,2,0.30049112918231519,0.090294918717262848,1,1,3,1,1,-1.0215373537596517,0.062219082785761291,1.0837564365454131,0,0
305,19,2,0.30049112918231519,0.090294918717262848,1,-1,1,0,0,-1.014248006250418,0.00012243280343707252,1.014370439053855,0,0
305,19,2,0.30049112918231519,0.090294918717262848,1,-1,3,1,1,-1.0215373537596517,0.062219082785761291,1.0837564365454131,0,0
305,19,2,0.30049112918231519,0.090294918717262848,-1,1,1,0,1,-0.0071702245847726255,0.11506222859629955,0.12223245318107218,0,0
305,19,2,0.30049112918231519,0.090294918717262848,-1,1,3,1,1,-0.063539733154053396,0.062219082785761291,0.12575881593981469,0,0
305,19,2,0.30049112918231519,0.090294918717262848,-1,-1,1,0,0,-0.11491772654194603,-0.014447186994762051,0.10047053954718398,0,2
305,19,2,0.30049112918231519,0.090294918717262848,-1,-1,3,1,1,-0.063539733154053396,0.062219082785761291,0.12575881593981469,0,0
306,13,14,0.30103386854808173,0.090621390013023759,1,1,1,0,1,-0.2011525342139078,0.11503510871385922,0.31618764292776702,0,0
306,13,14,0.30103386854808173,0.090621390013023759,1,1,3,1,1,-1.0216157068706344,0.062140729674778669,1.0837564365454131,0,0
306,13,14,0.30103386854808173,0.090621390013023759,1,-1,1,0,0,-1.014300245093428,6.5170178085041316e-05,1.0143654152715129,0,0
306,13,14,0.30103386854808173,0.090621390013023759,1,-1,3,1,1,-1.0216157068706344,0.062140729674778669,1.0837564365454131,0,0
306,13,14,0.30103386854808173,0.090621390013023759,-1,1,1,0,1,-0.0071963422884334972,0.11503510871385922,0.12223145100229271,0,0
306,13,14,0.30103386854808173,0.090621390013023759,-1,1,3,1,1,-0.063618086265036011,0.062140729674778669,0.12575881593981469,0,0
306,13,14,0.30103386854808173,0.090621390013023759,-1,-1,1,0,0,-0.11497159603632923,-0.014499422402083798,0.10047217363424543,0,2
306,13,14,0.30103386854808173,0.090621390013023759,-1,-1,3,1,1,-0.063618086265036011,0.062140729674778669,0.12575881593981469,0,0
307,14,13,0.30103386854808173,0.090621390013023759,1,1,1,0,1,-0.2011525342139078,0.11503510871385922,0.31618764292776702,0,0
307,14,13,0.30103386854808173,0.090621390013023759,1,1,3,1,1,-1.0216157068706344,0.062140729674778669,1.0837564365454131,0,0
307,14,13,0.30103386854808173,0.090621390013023759,1,-1,1,0,0,-1.014300245093428,6.5170178085041316e-05,1.0143654152715129,0,0
307,14,13,0.30103386854808173,0.090621390013023759,1,-1,3,1,1,-1.0216157068706344,0.062140729674778669,1.0837564365454131,0,0
307,14,13,0.30103386854808173,0.090621390013023759,-1,1,1,0,1,-0.0071963422884334972,0.11503510871385922,0.12223145100229271,0,0
307,14,13,0.30103386854808173,0.090621390013023759,-1,1,3,1,1,-0.063618086265036011,0.062140729674778669,0.12575881593981469,0,0
307,14,13,0.30103386854808173,0.090621390013023759,-1,-1,1,0,0,-0.11497159603632923,-0.014499422402083798,0.10047217363424543,0,2
307,14,13,0.30103386854808173,0.090621390013023759,-1,-1,3,1,1,-0.063618086265036011,0.062140729674778669,0.12575881593981469,0,0
308,3,19,0.30255695827517037,0.091540713000723181,1,1,1,0,1,-0.20126285297243174,0.1149587532201338,0.31622160619256556,0,0
308,3,19,0.30255695827517037,0.091540713000723181,1,1,3,1,1,-1.0218363443876821,0.061920092157730811,1.0837564365454129,0,0
308,3,19,0.30255695827517037,0.091540713000723181,1,-1,1,0,0,-1.0144473464451873,-7.9909315816771576e-05,1.0143674371293705,0,2
308,3,19,0.30255695827517037,0.091540713000723181,1,-1,3,1,1,-1.0218363443876821,0.061920092157730811,1.0837564365454129,0,0
308,3,19,0.30255695827517037,0.091540713000723181,-1,1,1,0,1,-0.0072698881274494533,0.1149587532201338,0.12222864134758325,0,0
308,3,19,0.30255695827517037,0.091540713000723181,-1,1,3,1,1,-0.06383872378208387,0.061920092157730811,0.12575881593981469,0,0
308,3,19,0.30255695827517037,0.091540713000723181,-1,-1,1,0,0,-0.11512328671092098,-0.014646514080115702,0.10047677263080527,0,2
308,3,19,0.30255695827517037,0.091540713000723181,-1,-1,3,1,1,-0.06383872378208387,0.061920092157730811,0.12575881593981469,0,0
309,19,3,0.30255695827517037,0.091540713000723181,1,1,1,0,1,-0.20126285297243174,0.1149587532201338,0.31622160619256556,0,0
309,19,3,0.30255695827517037,0.091540713000723181,1,1,3,1,1,-1.0218363443876821,0.061920092157730811,1.0837564365454129,0,0
309,19,3,0.30255695827517037,0.091540713000723181,1,-1,1,0,0,-1.0144473464451873,-7.9909315816771576e-05,1.0143674371293705,0,2
309,19,3,0.30255695827517037,0.091540713000723181,1,-1,3,1,1,-1.0218363443876821,0.061920092157730811,1.0837564365454129,0,0
309,19,3,0.30255695827517037,0.091540713000723181,-1,1,1,0,1,-0.0072698881274494533,0.1149587532201338,0.12222864134758325,0,0
309,19,3,0.30255695827517037,0.091540713000723181,-1,1,3,1,1,-0.06383872378208387,0.061920092157730811,0.12575881593981469,0,0
309,19,3,0.30255695827517037,0.091540713000723181,-1,-1,1,0,0,-0.11512328671092098,-0.014646514080115702,0.10047677263080527,0,2
309,19,3,0.30255695827517037,0.091540713000723181,-1,-1,3,1,1,-0.06383872378208387,0.061920092157730811,0.12575881593981469,0,0
310,12,15,0.30264779715293694,0.09159568912152527,1,1,1,0,1,-0.20126945010692798,0.11495418769185486,0.31622363779878282,0,0
310,12,15,0.30264779715293694,0.09159568912152527,1,1,3,1,1,-1.0218495386566746,0.061906897888738308,1.0837564365454129,0,0
310,12,15,0.30264779715293694,0.09159568912152527,1,-1,1,0,0,-1.0144561432029662,-8.6506450313023064e-05,1.0143696367526531,0,2
310,12,15,0.30264779715293694,0.09159568912152527,1,-1,3,1,1,-1.0218495386566746,0.061906897888738308,1.0837564365454129,0,0
310,12,15,0.30264779715293694,0.09159568912152527,-1,1,1,0,1,-0.0072742862171136183,0.11495418769185486,0.12222847390896849,0,0
310,12,15,0.30264779715293694,0.09159568912152527,-1,1,3,1,1,-0.063851918051076373,0.061906897888738308,0.12575881593981469,0,0
310,12,15,0.30264779715293694,0.09159568912152527,-1,-1,1,0,0,-0.11513235779681795,-0.014655310259444039,0.10047704753737391,0,2
310,12,15,0.30264779715293694,0.09159568912152527,-1,-1,3,1,1,-0.063851918051076373,0.061906897888738308,0.12575881593981469,0,0
311,15,12,0.30264779715293694,0.09159568912152527,1,1,1,0,1,-0.20126945010692798,0.11495418769185486,0.31622363779878282,0,0
311,15,12,0.30264779715293694,0.09159568912152527,1,1,3,1,1,-1.0218495386566746,0.061906897888738308,1.0837564365454129,0,0
311,15,12,0.30264779715293694,0.09159568912152527,1,-1,1,0,0,-1.0144561432029662,-8.6506450313023064e-05,1.0143696367526531,0,2
311,15,12,0.30264779715293694,0.09159568912152527,1,-1,3,1,1,-1.0218495386566746,0.061906897888738308,1.0837564365454129,0,0
311,15,12,0.30264779715293694,0.09159568912152527,-1,1,1,0,1,-0.0072742862171136183,0.11495418769185486,0.12222847390896849,0,0
311,15,12,0.30264779715293694,0.09159568912152527,-1,1,3,1,1,-0.063851918051076373,0.061906897888738308,0.12575881593981469,0,0
311,15,12,0.30264779715293694,0.09159568912152527,-1,-1,1,0,0,-0.11513235779681795,-0.014655310259444039,0.10047704753737391,0,2
311,15,12,0.30264779715293694,0.09159568912152527,-1,-1,3,1,1,-0.063851918051076373,0.061906897888738308,0.12575881593981469,0,0
312,9,17,0.30290007358147386,0.091748454575662275,1,1,1,0,1,-0.20128778196142444,0.1149415015276553,0.31622928348907975,0,0
312,9,17,0.30290007358147386,0.091748454575662275,1,1,3,1,1,-1.0218862023656676,0.06187023417974543,1.0837564365454131,0,0
312,9,17,0.30290007358147386,0.091748454575662275,1,-1,1,0,0,-1.014480587282977,-0.00011936568242822305,1.0143612216005486,0,2
312,9,17,0.30290007358147386,0.091748454575662275,1,-1,3,1,1,-1.0218862023656676,0.06187023417974543,1.0837564365454131,0,0
312,9,17,0.30290007358147386,0.091748454575662275,-1,1,1,0,1,-0.0072865074534445781,0.1149415015276553,0.12222800898109987,0,0
312,9,17,0.30290007358147386,0.091748454575662275,-1,1,3,1,1,-0.063888581760069257,0.06187023417974543,0.12575881593981469,0,0
312,9,17,0.30290007358147386,0.091748454575662275,-1,-1,1,0,0,-0.11515756409993554,-0.01467975273210596,0.10047781136782957,0,2
312,9,17,0.30290007358147386,0.091748454575662275,-1,-1,3,1,1,-0.063888581760069257,0.06187023417974543,0.12575881593981469,0,0
313,17,9,0.30290007358147386,0.091748454575662275,1,1,1,0,1,-0.20128778196142444,0.1149415015276553,0.31622928348907975,0,0
313,17,9,0.30290007358147386,0.091748454575662275,1,1,3,1,1,-1.0218862023656676,0.06187023417974543,1.0837564365454131,0,0
313,17,9,0.30290007358147386,0.091748454575662275,1,-1,1,0,0,-1.014480587282977,-0.00011936568242822305,1.0143612216005486,0,2
313,17,9,0.30290007358147386,0.091748454575662275,1,-1,3,1,1,-1.0218862023656676,0.06187023417974543,1.0837564365454131,0,0
313,17,9,0.30290007358147386,0.091748454575662275,-1,1,1,0,1,-0.0072865074534445781,0.1149415015276553,0.12222800898109987,0,0
313,17,9,0.30290007358147386,0.091748454575662275,-1,1,3,1,1,-0.063888581760069257,0.06187023417974543,0.12575881593981469,0,0
313,17,9,0.30290007358147386,0.091748454575662275,-1,-1,1,0,0,-0.11515756409993554,-0.01467975273210596,0.10047781136782957,0,2
313,17,9,0.30290007358147386,0.091748454575662275,-1,-1,3,1,1,-0.063888581760069257,0.06187023417974543,0.12575881593981469,0,0
314,7,18,0.30398522617474422,0.092407017732510394,1,1,1,0,1,-0.20136680954024622,0.11488681798585627,0.31625362752610248,0,0
314,7,18,0.30398522617474422,0.092407017732510394,1,1,3,1,1,-1.0220442575233111,0.061712179022101882,1.0837564365454129,0,0
314,7,18,0.30398522617474422,0.092407017732510394,1,-1,1,0,0,-1.0145859643168145,-0.0002132825811882906,1.0143726817356262,0,2
314,7,18,0.30398522617474422,0.092407017732510394,1,-1,3,1,1,-1.0220442575233111,0.061712179022101882,1.0837564365454129,0,0
314,7,18,0.30398522617474422,0.092407017732510394,-1,1,1,0,1,-0.007339192505992429,0.11488681798585627,0.1222260104918487,0,0
314,7,18,0.30398522617474422,0.092407017732510394,-1,1,3,1,1,-0.064046636917712813,0.061712179022101882,0.12575881593981469,0,0
314,7,18,0.30398522617474422,0.092407017732510394,-1,-1,1,0,0,-0.11526622587390364,-0.014785122837201656,0.10048110303670199,0,2
314,7,18,0.30398522617474422,0.092407017732510394,-1,-1,3,1,1,-0.064046636917712813,0.061712179022101882,0.12575881593981469,0,0
315,18,7,0.30398522617474422,0.092407017732510394,1,1,1,0,1,-0.20136680954024622,0.11488681798585627,0.31625362752610248,0,0
315,18,7,0.30398522617474422,0.092407017732510394,1,1,3,1,1,-1.0220442575233111,0.061712179022101882,1.0837564365454129,0,0
315,18,7,0.30398522617474422,0.092407017732510394,1,-1,1,0,0,-1.0145859643168145,-0.0002132825811882906,1.0143726817356262,0,2
315,18,7,0.30398522617474422,0.092407017732510394,1,-1,3,1,1,-1.0220442575233111,0.061712179022101882,1.0837564365454129,0,0
315,18,7,0.30398522617474422,0.092407017732510394,-1,1,1,0,1,-0.007339192505992429,0.11488681798585627,0.1222260104918487,0,0
315,18,7,0.30398522617474422,0.092407017732510394,-1,1,3,1,1,-0.064046636917712813,0.061712179022101882,0.12575881593981469,0,0
315,18,7,0.30398522617474422,0.092407017732510394,-1,-1,1,0,0,-0.11526622587390364,-0.014785122837201656,0.10048110303670199,0,2
315,18,7,0.30398522617474422,0.092407017732510394,-1,-1,3,1,1,-0.064046636917712813,0.061712179022101882,0.12575881593981469,0,0
316,4,19,0.30542493399626636,0.093284390306623666,1,1,1,0,1,-0.20116079324925379,0.11481398027864465,0.31597477352789843,0,0
316,4,19,0.30542493399626636,0.093284390306623666,1,1,3,1,1,-1.0222548269410983,0.061501609604314694,1.0837564365454129,0,0
316,4,19,0.30542493399626636,0.093284390306623666,1,-1,1,0,0,-1.0147263531583817,-0.00036624608760409301,1.0143601070707775,0,2
316,4,19,0.30542493399626636,0.093284390306623666,1,-1,3,1,1,-1.0222548269410983,0.061501609604314694,1.0837564365454129,0,0
316,4,19,0.30542493399626636,0.093284390306623666,-1,1,1,0,1,-0.0074093823119214903,0.11481398027864465,0.12222336259056614,0,0
316,4,19,0.30542493399626636,0.093284390306623666,-1,1,3,1,1,-0.064257206335499986,0.061501609604314694,0.12575881593981469,0,0
316,4,19,0.30542493399626636,0.093284390306623666,-1,-1,1,0,0,-0.11541098789566936,-0.014925502449059779,0.10048548544660958,0,2
316,4,19,0.30542493399626636,0.093284390306623666,-1,-1,3,1,1,-0.064257206335499986,0.061501609604314694,0.12575881593981469,0,0
317,19,4,0.30542493399626636,0.093284390306623666,1,1,1,0,1,-0.20116079324925379,0.11481398027864465,0.31597477352789843,0,0
317,19,4,0.30542493399626636,0.093284390306623666,1,1,3,1,1,-1.0222548269410983,0.061501609604314694,1.0837564365454129,0,0
317,19,4,0.30542493399626636,0.093284390306623666,1,-1,1,0,0,-1.0147263531583817,-0.00036624608760409301,1.0143601070707775,0,2
317,19,4,0.30542493399626636,0.093284390306623666,1,-1,3,1,1,-1.0222548269410983,0.061501609604314694,1.0837564365454129,0,0
317,19,4,0.30542493399626636,0.093284390306623666,-1,1,1,0,1,-0.0074093823119214903,0.11481398027864465,0.12222336259056614,0,0
317,19,4,0.30542493399626636,0.093284390306623666,-1,1,3,1,1,-0.064257206335499986,0.061501609604314694,0.12575881593981469,0,0
317,19,4,0.30542493399626636,0.093284390306623666,-1,-1,1,0,0,-0.11541098789566936,-0.014925502449059779,0.10048548544660958,0,2
317,19,4,0.30542493399626636,0.093284390306623666,-1,-1,3,1,1,-0.064257206335499986,0.061501609604314694,0.12575881593981469,0,0
318,11,16,0.30584970904476044,0.093544044522764616,1,1,1,0,1,-0.20119195175519072,0.11479242750273638,0.31598437925792711,0,0
318,11,16,0.30584970904476044,0.093544044522764616,1,1,3,1,1,-1.0223171439529721,0.061439292592440867,1.0837564365454131,0,0
318,11,16,0.30584970904476044,0.093544044522764616,1,-1,1,0,0,-1.0147679005642058,-0.0003977232145545035,1.0143701773496514,0,2
318,11,16,0.30584970904476044,0.093544044522764616,1,-1,3,1,1,-1.0223171439529721,0.061439292592440867,1.0837564365454131,0,0
318,11,16,0.30584970904476044,0.093544044522764616,-1,1,1,0,1,-0.007430154649212763,0.11479242750273638,0.12222258215194914,0,0
318,11,16,0.30584970904476044,0.093544044522764616,-1,1,3,1,1,-0.064319523347373814,0.061439292592440867,0.12575881593981469,0,0
318,11,16,0.30584970904476044,0.093544044522764616,-1,-1,1,0,0,-0.11545382888321323,-0.014967047123642337,0.1004867817595709,0,2
318,11,16,0.30584970904476044,0.093544044522764616,-1,-1,3,1,1,-0.064319523347373814,0.061439292592440867,0.12575881593981469,0,0
319,16,11,0.30584970904476044,0.093544044522764616,1,1,1,0,1,-0.20119195175519072,0.11479242750273638,0.31598437925792711,0,0
319,16,11,0.30584970904476044,0.093544044522764616,1,1,3,1,1,-1.0223171439529721,0.061439292592440867,1.0837564365454131,0,0
319,16,11,0.30584970904476044,0.093544044522764616,1,-1,1,0,0,-1.0147679005642058,-0.0003977232145545035,1.0143701773496514,0,2
319,16,11,0.30584970904476044,0.093544044522764616,1,-1,3,1,1,-1.0223171439529721,0.061439292592440867,1.0837564365454131,0,0
319,16,11,0.30584970904476044,0.093544044522764616,-1,1,1,0,1,-0.007430154649212763,0.11479242750273638,0.12222258215194914,0,0
319,16,11,0.30584970904476044,0.093544044522764616,-1,1,3,1,1,-0.064319523347373814,0.061439292592440867,0.12575881593981469,0,0
319,16,11,0.30584970904476044,0.093544044522764616,-1,-1,1,0,0,-0.11545382888321323,-0.014967047123642337,0.1004867817595709,0,2
319,16,11,0.30584970904476044,0.093544044522764616,-1,-1,3,1,1,-0.064319523347373814,0.061439292592440867,0.12575881593981469,0,0
320,5,19,0.30907202408827628,0.095525516074024028,1,1,1,0,1,-0.20142972834134185,0.11462800211605627,0.3160577304573981,0,0
320,5,19,0.30907202408827628,0.095525516074024028,1,1,3,1,1,-1.0227926971252743,0.060963739420138607,1.0837564365454129,0,0
320,5,19,0.30907202408827628,0.095525516074024028,1,-1,1,0,0,-1.0150849568513303,-0.00070925831096484669,1.0143756985403654,0,2
320,5,19,0.30907202408827628,0.095525516074024028,1,-1,3,1,1,-1.0227926971252743,0.060963739420138607,1.0837564365454129,0,0
320,5,19,0.30907202408827628,0.095525516074024028,-1,1,1,0,1,-0.0075886723733135202,0.11462800211605627,0.12221667448936979,0,0
320,5,19,0.30907202408827628,0.095525516074024028,-1,1,3,1,1,-0.064795076519676073,0.060963739420138607,0.12575881593981469,0,0
320,5,19,0.30907202408827628,0.095525516074024028,-1,-1,1,0,0,-0.11578074712937965,-0.015284082571843837,0.10049666455753581,0,2
320,5,19,0.30907202408827628,0.095525516074024028,-1,-1,3,1,1,-0.064795076519676073,0.060963739420138607,0.12575881593981469,0,0
321,19,5,0.30907202408827628,0.095525516074024028,1,1,1,0,1,-0.20142972834134185,0.11462800211605627,0.3160577304573981,0,0
321,19,5,0.30907202408827628,0.095525516074024028,1,1,3,1,1,-1.0227926971252743,0.060963739420138607,1.0837564365454129,0,0
321,19,5,0.30907202408827628,0.095525516074024028,1,-1,1,0,0,-1.0150849568513303,-0.00070925831096484669,1.0143756985403654,0,2
321,19,5,0.30907202408827628,0.095525516074024028,1,-1,3,1,1,-1.0227926971252743,0.060963739420138607,1.0837564365454129,0,0
321,19,5,0.30907202408827628,0.095525516074024028,-1,1,1,0,1,-0.0075886723733135202,0.11462800211605627,0.12221667448936979,0,0
321,19,5,0.30907202408827628,0.095525516074024028,-1,1,3,1,1,-0.064795076519676073,0.060963739420138607,0.12575881593981469,0,0
321,19,5,0.30907202408827628,0.095525516074024028,-1,-1,1,0,0,-0.11578074712937965,-0.015284082571843837,0.10049666455753581,0,2
321,19,5,0.30907202408827628,0.095525516074024028,-1,-1,3,1,1,-0.064795076519676073,0.060963739420138607,0.12575881593981469,0,0
322,8,18,0.31005909517343688,0.096136642499770386,1,1,1,0,1,-0.20119207261469041,0.11457730707508211,0.31576937968977253,0,0
322,8,18,0.31005909517343688,0.096136642499770386,1,1,3,1,1,-1.0229393674674534,0.060817069077959487,1.0837564365454129,0,0
322,8,18,0.31005909517343688,0.096136642499770386,1,-1,1,0,0,-1.0151827435052769,-0.00081410637348759869,1.0143686371317893,0,2
322,8,18,0.31005909517343688,0.096136642499770386,1,-1,3,1,1,-1.0229393674674534,0.060817069077959487,1.0837564365454129,0,0
322,8,18,0.31005909517343688,0.096136642499770386,-1,1,1,0,1,-0.0076375624873732291,0.11457730707508211,0.12221486956245534,0,0
322,8,18,0.31005909517343688,0.096136642499770386,-1,1,3,1,1,-0.064941746861855207,0.060817069077959487,0.12575881593981469,0,0
322,8,18,0.31005909517343688,0.096136642499770386,-1,-1,1,0,0,-0.11588157198813109,-0.015381862799963255,0.10049970918816784,0,2
322,8,18,0.31005909517343688,0.096136642499770386,-1,-1,3,1,1,-0.064941746861855207,0.060817069077959487,0.12575881593981469,0,0
323,18,8,0.31005909517343688,0.096136642499770386,1,1,1,0,1,-0.20119207261469041,0.11457730707508211,0.31576937968977253,0,0
323,18,8,0.31005909517343688,0.096136642499770386,1,1,3,1,1,-1.0229393674674534,0.060817069077959487,1.0837564365454129,0,0
323,18,8,0.31005909517343688,0.096136642499770386,1,-1,1,0,0,-1.0151827435052769,-0.00081410637348759869,1.0143686371317893,0,2
323,18,8,0.31005909517343688,0.096136642499770386,1,-1,3,1,1,-1.0229393674674534,0.060817069077959487,1.0837564365454129,0,0
323,18,8,0.31005909517343688,0.096136642499770386,-1,1,1,0,1,-0.0076375624873732291,0.11457730707508211,0.12221486956245534,0,0
323,18,8,0.31005909517343688,0.096136642499770386,-1,1,3,1,1,-0.064941746861855207,0.060817069077959487,0.12575881593981469,0,0
323,18,8,0.31005909517343688,0.096136642499770386,-1,-1,1,0,0,-0.11588157198813109,-0.015381862799963255,0.10049970918816784,0,2
323,18,8,0.31005909517343688,0.096136642499770386,-1,-1,3,1,1,-0.064941746861855207,0.060817069077959487,0.12575881593981469,0,0
324,10,17,0.31058971432700266,0.096465970645729135,1,1,1,0,1,-0.20123159199220544,0.11454999151480927,0.31578158350701468,0,0
324,10,17,0.31058971432700266,0.096465970645729135,1,1,3,1,1,-1.0230184062224836,0.060738030322929383,1.0837564365454131,0,0
324,10,17,0.31058971432700266,0.096465970645729135,1,-1,1,0,0,-1.0152354394711673,-0.00085932397481118007,1.0143761154963562,0,2
324,10,17,0.31058971432700266,0.096465970645729135,1,-1,3,1,1,-1.0230184062224836,0.060738030322929383,1.0837564365454131,0,0
324,10,17,0.31058971432700266,0.096465970645729135,-1,1,1,0,1,-0.0076639087390499286,0.11454999151480927,0.1222139002538592,0,0
324,10,17,0.31058971432700266,0.096465970645729135,-1,1,3,1,1,-0.065020785616885304,0.060738030322929383,0.12575881593981469,0,0
324,10,17,0.31058971432700266,0.096465970645729135,-1,-1,1,0,0,-0.1159359045346891,-0.015434555303316656,0.10050134923137245,0,2
324,10,17,0.31058971432700266,0.096465970645729135,-1,-1,3,1,1,-0.065020785616885304,0.060738030322929383,0.12575881593981469,0,0
325,17,10,0.31058971432700266,0.096465970645729135,1,1,1,0,1,-0.20123159199220544,0.11454999151480927,0.31578158350701468,0,0
325,17,10,0.31058971432700266,0.096465970645729135,1,1,3,1,1,-1.0230184062224836,0.060738030322929383,1.0837564365454131,0,0
325,17,10,0.31058971432700266,0.096465970645729135,1,-1,1,0,0,-1.0152354394711673,-0.00085932397481118007,1.0143761154963562,0,2
325,17,10,0.31058971432700266,0.096465970645729135,1,-1,3,1,1,-1.0230184062224836,0.060738030322929383,1.0837564365454131,0,0
325,17,10,0.31058971432700266,0.096465970645729135,-1,1,1,0,1,-0.0076639087390499286,0.11454999151480927,0.1222139002538592,0,0
325,17,10,0.31058971432700266,0.096465970645729135,-1,1,3,1,1,-0.065020785616885304,0.060738030322929383,0.12575881593981469,0,0
325,17,10,0.31058971432700266,0.096465970645729135,-1,-1,1,0,0,-0.1159359045346891,-0.015434555303316656,0.10050134923137245,0,2
325,17,10,0.31058971432700266,0.096465970645729135,-1,-1,3,1,1,-0.065020785616885304,0.060738030322929383,0.12575881593981469,0,0
326,14,14,0.31192883973256719,0.097299601056905591,1,1,1,0,1,-0.20133162764154663,0.11448085792450839,0.31581248556605501,0,0
326,14,14,0.31192883973256719,0.097299601056905591,1,1,3,1,1,-1.0232184775211659,0.060537959024247037,1.0837564365454129,0,0
326,14,14,0.31192883973256719,0.097299601056905591,1,-1,1,0,0,-1.0153688291008873,-0.00099236452085982134,1.0143764645800275,0,2
326,14,14,0.31192883973256719,0.097299601056905591,1,-1,3,1,1,-1.0232184775211659,0.060537959024247037,1.0837564365454129,0,0
326,14,14,0.31192883973256719,0.097299601056905591,-1,1,1,0,1,-0.0077305991719440453,0.11448085792450839,0.12221145709645244,0,0
326,14,14,0.31192883973256719,0.097299601056905591,-1,1,3,1,1,-0.065220856915567657,0.060537959024247037,0.12575881593981469,0,0
326,14,14,0.31192883973256719,0.097299601056905591,-1,-1,1,0,0,-0.1160734347599047,-0.015567936169104889,0.10050549859079981,0,2
326,14,14,0.31192883973256719,0.097299601056905591,-1,-1,3,1,1,-0.065220856915567657,0.060537959024247037,0.12575881593981469,0,0
327,13,15,0.31270740067362812,0.097785918436056996,1,1,1,0,1,-0.20138998572704481,0.11444053418456696,0.31583051991161176,0,0
327,13,15,0.31270740067362812,0.097785918436056996,1,1,3,1,1,-1.0233351936921622,0.060421242853250692,1.0837564365454129,0,0
327,13,15,0.31270740067362812,0.097785918436056996,1,-1,1,0,0,-1.0154466449936559,-0.0010736591759163607,1.0143729858177395,0,2
327,13,15,0.31270740067362812,0.097785918436056996,1,-1,3,1,1,-1.0233351936921622,0.060421242853250692,1.0837564365454129,0,0
327,13,15,0.31270740067362812,0.097785918436056996,-1,1,1,0,1,-0.0077695045622761579,0.11444053418456696,0.12221003874684311,0,0
327,13,15,0.31270740067362812,0.097785918436056996,-1,1,3,1,1,-0.065337573086563988,0.060421242853250692,0.12575881593981469,0,0
327,13,15,0.31270740067362812,0.097785918436056996,-1,-1,1,0,0,-0.11615366478006135,-0.015645746949769113,0.10050791783029224,0,2
327,13,15,0.31270740067362812,0.097785918436056996,-1,-1,3,1,1,-0.065337573086563988,0.060421242853250692,0.12575881593981469,0,0
328,15,13,0.31270740067362812,0.097785918436056996,1,1,1,0,1,-0.20138998572704481,0.11444053418456696,0.31583051991161176,0,0
328,15,13,0.31270740067362812,0.097785918436056996,1,1,3,1,1,-1.0233351936921622,0.060421242853250692,1.0837564365454129,0,0
328,15,13,0.31270740067362812,0.097785918436056996,1,-1,1,0,0,-1.0154466449936559,-0.0010736591759163607,1.0143729858177395,0,2
328,15,13,0.31270740067362812,0.097785918436056996,1,-1,3,1,1,-1.0233351936921622,0.060421242853250692,1.0837564365454129,0,0
328,15,13,0.31270740067362812,0.097785918436056996,-1,1,1,0,1,-0.0077695045622761579,0.11444053418456696,0.12221003874684311,0,0
328,15,13,0.31270740067362812,0.097785918436056996,-1,1,3,1,1,-0.065337573086563988,0.060421242853250692,0.12575881593981469,0,0
328,15,13,0.31270740067362812,0.097785918436056996,-1,-1,1,0,0,-0.11615366478006135,-0.015645746949769113,0.10050791783029224,0,2
328,15,13,0.31270740067362812,0.097785918436056996,-1,-1,3,1,1,-0.065337573086563988,0.060421242853250692,0.12575881593981469,0,0
329,6,19,0.31347014493791675,0.098263531767398549,1,1,1,0,1,-0.20113661787043147,0.11440093711593642,0.31553755498636787,0,0
329,6,19,0.31347014493791675,0.098263531767398549,1,1,3,1,1,-1.0234498208916842,0.060306615653728725,1.0837564365454129,0,0
329,6,19,0.31347014493791675,0.098263531767398549,1,-1,1,0,0,-1.0155230681468947,-0.0011597893240719061,1.0143632788228227,0,2
329,6,19,0.31347014493791675,0.098263531767398549,1,-1,3,1,1,-1.0234498208916842,0.060306615653728725,1.0837564365454129,0,0
329,6,19,0.31347014493791675,0.098263531767398549,-1,1,1,0,1,-0.0078077136287834819,0.11440093711593642,0.1222086507447199,0,0
329,6,19,0.31347014493791675,0.098263531767398549,-1,1,3,1,1,-0.065452200286085963,0.060306615653728725,0.12575881593981469,0,0
329,6,19,0.31347014493791675,0.098263531767398549,-1,-1,1,0,0,-0.1162324578613123,-0.015722165082783762,0.10051029277852853,0,2
329,6,19,0.31347014493791675,0.098263531767398549,-1,-1,3,1,1,-0.065452200286085963,0.060306615653728725,0.12575881593981469,0,0
330,19,6,0.31347014493791675,0.098263531767398549,1,1,1,0,1,-0.20113661787043147,0.11440093711593642,0.31553755498636787,0,0
330,19,6,0.31347014493791675,0.098263531767398549,1,1,3,1,1,-1.0234498208916842,0.060306615653728725,1.0837564365454129,0,0
330,19,6,0.31347014493791675,0.098263531767398549,1,-1,1,0,0,-1.0155230681468947,-0.0011597893240719061,1.0143632788228227,0,2
330,19,6,0.31347014493791675,0.098263531767398549,1,-1,3,1,1,-1.0234498208916842,0.060306615653728725,1.0837564365454129,0,0
330,19,6,0.31347014493791675,0.098263531767398549,-1,1,1,0,1,-0.0078077136287834819,0.11440093711593642,0.1222086507447199,0,0
330,19,6,0.31347014493791675,0.098263531767398549,-1,1,3,1,1,-0.065452200286085963,0.060306615653728725,0.12575881593981469,0,0
330,19,6,0.31347014493791675,0.098263531767398549,-1,-1,1,0,0,-0.1162324578613123,-0.015722165082783762,0.10051029277852853,0,2
330,19,6,0.31347014493791675,0.098263531767398549,-1,-1,3,1,1,-0.065452200286085963,0.060306615653728725,0.12575881593981469,0,0
331,0,20,0.31442808593450156,0.098865021224434302,1,1,1,0,1,-0.20120879660527577,0.11435107695070204,0.31555987355597781,0,0
331,0,20,0.31442808593450156,0.098865021224434302,1,1,3,1,1,-1.0235941783613729,0.06016225818404014,1.0837564365454131,0,0
331,0,20,0.31442808593450156,0.098865021224434302,1,-1,1,0,0,-1.015619312781773,-0.001244844028452553,1.0143744687533205,0,2
331,0,20,0.31442808593450156,0.098865021224434302,1,-1,3,1,1,-1.0235941783613729,0.06016225818404014,1.0837564365454131,0,0
331,0,20,0.31442808593450156,0.098865021224434302,-1,1,1,0,1,-0.0078558327853463401,0.11435107695070204,0.12220690973604838,0,0
331,0,20,0.31442808593450156,0.098865021224434302,-1,1,3,1,1,-0.06559655775577454,0.06016225818404014,0.12575881593981469,0,0
331,0,20,0.31442808593450156,0.098865021224434302,-1,-1,1,0,0,-0.11633168570327823,-0.015818403395909484,0.10051328230736875,0,2
331,0,20,0.31442808593450156,0.098865021224434302,-1,-1,3,1,1,-0.06559655775577454,0.06016225818404014,0.12575881593981469,0,0
332,20,0,0.31442808593450156,0.098865021224434302,1,1,1,0,1,-0.20120879660527577,0.11435107695070204,0.31555987355597781,0,0
332,20,0,0.31442808593450156,0.098865021224434302,1,1,3,1,1,-1.0235941783613729,0.06016225818404014,1.0837564365454131,0,0
332,20,0,0.31442808593450156,0.098865021224434302,1,-1,1,0,0,-1.015619312781773,-0.001244844028452553,1.0143744687533205,0,2
332,20,0,0.31442808593450156,0.098865021224434302,1,-1,3,1,1,-1.0235941783613729,0.06016225818404014,1.0837564365454131,0,0
332,20,0,0.31442808593450156,0.098865021224434302,-1,1,1,0,1,-0.0078558327853463401,0.11435107695070204,0.12220690973604838,0,0
332,20,0,0.31442808593450156,0.098865021224434302,-1,1,3,1,1,-0.06559655775577454,0.06016225818404014,0.12575881593981469,0,0
332,20,0,0.31442808593450156,0.098865021224434302,-1,-1,1,0,0,-0.11633168570327823,-0.015818403395909484,0.10051328230736875,0,2
332,20,0,0.31442808593450156,0.098865021224434302,-1,-1,3,1,1,-0.06559655775577454,0.06016225818404014,0.12575881593981469,0,0
333,1,20,0.31482414486363608,0.099114242189119725,1,1,1,0,1,-0.20123870312103803,0.11433042018766647,0.31556912330870451,0,0
333,1,20,0.31482414486363608,0.099114242189119725,1,1,3,1,1,-1.0236539913928973,0.060102445152515643,1.0837564365454129,0,0
333,1,20,0.31482414486363608,0.099114242189119725,1,-1,1,0,0,-1.0156591907552985,-0.0012928570989800998,1.0143663336563185,0,2
333,1,20,0.31482414486363608,0.099114242189119725,1,-1,3,1,1,-1.0236539913928973,0.060102445152515643,1.0837564365454129,0,0
333,1,20,0.31482414486363608,0.099114242189119725,-1,1,1,0,1,-0.0078757704625211783,0.11433042018766647,0.12220619065018765,0,0
333,1,20,0.31482414486363608,0.099114242189119725,-1,1,3,1,1,-0.065656370787299051,0.060102445152515643,0.12575881593981469,0,0
333,1,20,0.31482414486363608,0.099114242189119725,-1,-1,1,0,0,-0.11637279928189828,-0.015858278750259146,0.10051452053163913,0,2
333,1,20,0.31482414486363608,0.099114242189119725,-1,-1,3,1,1,-0.065656370787299051,0.060102445152515643,0.12575881593981469,0,0
334,20,1,0.31482414486363608,0.099114242189119725,1,1,1,0,1,-0.20123870312103803,0.11433042018766647,0.31556912330870451,0,0
334,20,1,0.31482414486363608,0.099114242189119725,1,1,3,1,1,-1.0236539913928973,0.060102445152515643,1.0837564365454129,0,0
334,20,1,0.31482414486363608,0.099114242189119725,1,-1,1,0,0,-1.0156591907552985,-0.0012928570989800998,1.0143663336563185,0,2
334,20,1,0.31482414486363608,0.099114242189119725,1,-1,3,1,1,-1.0236539913928973,0.060102445152515643,1.0837564365454129,0,0
334,20,1,0.31482414486363608,0.099114242189119725,-1,1,1,0,1,-0.0078757704625211783,0.11433042018766647,0.12220619065018765,0,0
334,20,1,0.31482414486363608,0.099114242189119725,-1,1,3,1,1,-0.065656370787299051,0.060102445152515643,0.12575881593981469,0,0
334,20,1,0.31482414486363608,0.099114242189119725,-1,-1,1,0,0,-0.11637279928189828,-0.015858278750259146,0.10051452053163913,0,2
334,20,1,0.31482414486363608,0.099114242189119725,-1,-1,3,1,1,-0.065656370787299051,0.060102445152515643,0.12575881593981469,0,0
335,12,16,0.31503134665144805,0.099244749373024813,1,1,1,0,1,-0.20125436398310664,0.11431960358958874,0.3155739675726954,0,0
335,12,16,0.31503134665144805,0.099244749373024813,1,1,3,1,1,-1.0236853131170345,0.06007112342837842,1.0837564365454129,0,0
335,12,16,0.31503134665144805,0.099244749373024813,1,-1,1,0,0,-1.0156800732762412,-0.0013085179610487115,1.0143715553151924,0,2
335,12,16,0.31503134665144805,0.099244749373024813,1,-1,3,1,1,-1.0236853131170345,0.06007112342837842,1.0837564365454129,0,0
335,12,16,0.31503134665144805,0.099244749373024813,-1,1,1,0,1,-0.0078862110372335849,0.11431960358958874,0.12220581462682233,0,0
335,12,16,0.31503134665144805,0.099244749373024813,-1,1,3,1,1,-0.065687692511436274,0.06007112342837842,0.12575881593981469,0,0
335,12,16,0.31503134665144805,0.099244749373024813,-1,-1,1,0,0,-0.11639432873391486,-0.015879159899683963,0.10051516883423089,0,2
335,12,16,0.31503134665144805,0.099244749373024813,-1,-1,3,1,1,-0.065687692511436274,0.06007112342837842,0.12575881593981469,0,0
336,16,12,0.31503134665144805,0.099244749373024813,1,1,1,0,1,-0.20125436398310664,0.11431960358958874,0.3155739675726954,0,0
336,16,12,0.31503134665144805,0.099244749373024813,1,1,3,1,1,-1.0236853131170345,0.06007112342837842,1.0837564365454129,0,0
336,16,12,0.31503134665144805,0.099244749373024813,1,-1,1,0,0,-1.0156800732762412,-0.0013085179610487115,1.0143715553151924,0,2
336,16,12,0.31503134665144805,0.099244749373024813,1,-1,3,1,1,-1.0236853131170345,0.06007112342837842,1.0837564365454129,0,0
336,16,12,0.31503134665144805,0.099244749373024813,-1,1,1,0,1,-0.0078862110372335849,0.11431960358958874,0.12220581462682233,0,0
336,16,12,0.31503134665144805,0.099244749373024813,-1,1,3,1,1,-0.065687692511436274,0.06007112342837842,0.12575881593981469,0,0
336,16,12,0.31503134665144805,0.099244749373024813,-1,-1,1,0,0,-0.11639432873391486,-0.015879159899683963,0.10051516883423089,0,2
336,16,12,0.31503134665144805,0.099244749373024813,-1,-1,3,1,1,-0.065687692511436274,0.06007112342837842,0.12575881593981469,0,0
337,2,20,0.31600924507375849,0.099861842972086765,1,1,1,0,1,-0.20132841521499406,0.11426846306811958,0.31559687828311367,0,0
337,2,20,0.31600924507375849,0.099861842972086765,1,1,3,1,1,-1.0238334155808095,0.059923020964603557,1.0837564365454131,0,0
337,2,20,0.31600924507375849,0.099861842972086765,1,-1,1,0,0,-1.015778814736827,-0.0014117809877367965,1.0143670337490902,0,2
337,2,20,0.31600924507375849,0.099861842972086765,1,-1,3,1,1,-1.0238334155808095,0.059923020964603557,1.0837564365454131,0,0
337,2,20,0.31600924507375849,0.099861842972086765,-1,1,1,0,1,-0.0079355785251585438,0.11426846306811958,0.12220404159327812,0,0
337,2,20,0.31600924507375849,0.099861842972086765,-1,1,3,1,1,-0.065835794975211137,0.059923020964603557,0.12575881593981469,0,0
337,2,20,0.31600924507375849,0.099861842972086765,-1,-1,1,0,0,-0.1164961281689354,-0.015977894875533871,0.10051823329340152,0,2
337,2,20,0.31600924507375849,0.099861842972086765,-1,-1,3,1,1,-0.065835794975211137,0.059923020964603557,0.12575881593981469,0,0
338,20,2,0.31600924507375849,0.099861842972086765,1,1,1,0,1,-0.20132841521499406,0.11426846306811958,0.31559687828311367,0,0
338,20,2,0.31600924507375849,0.099861842972086765,1,1,3,1,1,-1.0238334155808095,0.059923020964603557,1.0837564365454131,0,0
338,20,2,0.31600924507375849,0.099861842972086765,1,-1,1,0,0,-1.015778814736827,-0.0014117809877367965,1.0143670337490902,0,2
338,20,2,0.31600924507375849,0.099861842972086765,1,-1,3,1,1,-1.0238334155808095,0.059923020964603557,1.0837564365454131,0,0
338,20,2,0.31600924507375849,0.099861842972086765,-1,1,1,0,1,-0.0079355785251585438,0.11426846306811958,0.12220404159327812,0,0
338,20,2,0.31600924507375849,0.099861842972086765,-1,1,3,1,1,-0.065835794975211137,0.059923020964603557,0.12575881593981469,0,0
338,20,2,0.31600924507375849,0.099861842972086765,-1,-1,1,0,0,-0.1164961281689354,-0.015977894875533871,0.10051823329340152,0,2
338,20,2,0.31600924507375849,0.099861842972086765,-1,-1,3,1,1,-0.065835794975211137,0.059923020964603557,0.12575881593981469,0,0
339,9,18,0.31679763143870204,0.10036073928517168,1,1,1,0,1,-0.20138828277256426,0.11422712392404387,0.31561540669660815,0,0
339,9,18,0.31679763143870204,0.10036073928517168,1,1,3,1,1,-1.0239531506959498,0.059803285849463171,1.0837564365454131,0,0
339,9,18,0.31679763143870204,0.10036073928517168,1,-1,1,0,0,-1.0158586433891141,-0.0014871268214401972,1.0143715165676739,0,2
339,9,18,0.31679763143870204,0.10036073928517168,1,-1,3,1,1,-1.0239531506959498,0.059803285849463171,1.0837564365454131,0,0
339,9,18,0.31679763143870204,0.10036073928517168,-1,1,1,0,1,-0.0079754902302053322,0.11422712392404387,0.1222026141542492,0,0
339,9,18,0.31679763143870204,0.10036073928517168,-1,1,3,1,1,-0.065955530090351516,0.059803285849463171,0.12575881593981469,0,0
339,9,18,0.31679763143870204,0.10036073928517168,-1,-1,1,0,0,-0.1165784278794551,-0.016057718285627465,0.10052070959382764,0,2
339,9,18,0.31679763143870204,0.10036073928517168,-1,-1,3,1,1,-0.065955530090351516,0.059803285849463171,0.12575881593981469,0,0
340,18,9,0.31679763143870204,0.10036073928517168,1,1,1,0,1,-0.20138828277256426,0.11422712392404387,0.31561540669660815,0,0
340,18,9,0.31679763143870204,0.10036073928517168,1,1,3,1,1,-1.0239531506959498,0.059803285849463171,1.0837564365454131,0,0
340,18,9,0.31679763143870204,0.10036073928517168,1,-1,1,0,0,-1.0158586433891141,-0.0014871268214401972,1.0143715165676739,0,2
340,18,9,0.31679763143870204,0.10036073928517168,1,-1,3,1,1,-1.0239531506959498,0.059803285849463171,1.0837564365454131,0,0
340,18,9,0.31679763143870204,0.10036073928517168,-1,1,1,0,1,-0.0079754902302053322,0.11422712392404387,0.1222026141542492,0,0
340,18,9,0.31679763143870204,0.10036073928517168,-1,1,3,1,1,-0.065955530090351516,0.059803285849463171,0.12575881593981469,0,0
340,18,9,0.31679763143870204,0.10036073928517168,-1,-1,1,0,0,-0.1165784278794551,-0.016057718285627465,0.10052070959382764,0,2
340,18,9,0.31679763143870204,0.10036073928517168,-1,-1,3,1,1,-0.065955530090351516,0.059803285849463171,0.12575881593981469,0,0
341,3,20,0.31797427137356116,0.1011076372555471,1,1,1,0,1,-0.20116753785405683,0.11416524507183373,0.31533278292589056,0,0
341,3,20,0.31797427137356116,0.1011076372555471,1,1,3,1,1,-1.0241324062088399,0.059624030336573069,1.0837564365454131,0,0
341,3,20,0.31797427137356116,0.1011076372555471,1,-1,1,0,0,-1.0159781549116895,-0.0016074685615373348,1.0143706863501523,0,2
341,3,20,0.31797427137356116,0.1011076372555471,1,-1,3,1,1,-1.0241324062088399,0.059624030336573069,1.0837564365454131,0,0
341,3,20,0.31797427137356116,0.1011076372555471,-1,1,1,0,1,-0.0080352420678353638,0.11416524507183373,0.12220048713966909,0,0
341,3,20,0.31797427137356116,0.1011076372555471,-1,1,3,1,1,-0.066134785603241611,0.059624030336573069,0.12575881593981469,0,0
341,3,20,0.31797427137356116,0.1011076372555471,-1,-1,1,0,0,-0.11670163682795311,-0.016177221960887528,0.10052441486706558,0,2
341,3,20,0.31797427137356116,0.1011076372555471,-1,-1,3,1,1,-0.066134785603241611,0.059624030336573069,0.12575881593981469,0,0
342,20,3,0.31797427137356116,0.1011076372555471,1,1,1,0,1,-0.20116753785405683,0.11416524507183373,0.31533278292589056,0,0
342,20,3,0.31797427137356116,0.1011076372555471,1,1,3,1,1,-1.0241324062088399,0.059624030336573069,1.0837564365454131,0,0
342,20,3,0.31797427137356116,0.1011076372555471,1,-1,1,0,0,-1.0159781549116895,-0.0016074685615373348,1.0143706863501523,0,2
342,20,3,0.31797427137356116,0.1011076372555471,1,-1,3,1,1,-1.0241324062088399,0.059624030336573069,1.0837564365454131,0,0
342,20,3,0.31797427137356116,0.1011076372555471,-1,1,1,0,1,-0.0080352420678353638,0.11416524507183373,0.12220048713966909,0,0
342,20,3,0.31797427137356116,0.1011076372555471,-1,1,3,1,1,-0.066134785603241611,0.059624030336573069,0.12575881593981469,0,0
342,20,3,0.31797427137356116,0.1011076372555471,-1,-1,1,0,0,-0.11670163682795311,-0.016177221960887528,0.10052441486706558,0,2
342,20,3,0.31797427137356116,0.1011076372555471,-1,-1,3,1,1,-0.066134785603241611,0.059624030336573069,0.12575881593981469,0,0
343,7,19,0.31858712311679327,0.10149775501583479,1,1,1,0,1,-0.20121435198529136,0.11413292944171953,0.31534728142701091,0,0
343,7,19,0.31858712311679327,0.10149775501583479,1,1,3,1,1,-1.024226034471309,0.059530402074104025,1.0837564365454131,0,0
343,7,19,0.31858712311679327,0.10149775501583479,1,-1,1,0,0,-1.0160405778517543,-0.0016622476021454727,1.0143783302496088,0,2
343,7,19,0.31858712311679327,0.10149775501583479,1,-1,3,1,1,-1.024226034471309,0.059530402074104025,1.0837564365454131,0,0
343,7,19,0.31858712311679327,0.10149775501583479,-1,1,1,0,1,-0.0080664514886583799,0.11413292944171953,0.12219938093037791,0,0
343,7,19,0.31858712311679327,0.10149775501583479,-1,1,3,1,1,-0.066228413865710656,0.059530402074104025,0.12575881593981469,0,0
343,7,19,0.31858712311679327,0.10149775501583479,-1,-1,1,0,0,-0.11676599004648366,-0.01623964080253356,0.1005263492439501,0,2
343,7,19,0.31858712311679327,0.10149775501583479,-1,-1,3,1,1,-0.066228413865710656,0.059530402074104025,0.12575881593981469,0,0
344,19,7,0.31858712311679327,0.10149775501583479,1,1,1,0,1,-0.20121435198529136,0.11413292944171953,0.31534728142701091,0,0
344,19,7,0.31858712311679327,0.10149775501583479,1,1,3,1,1,-1.024226034471309,0.059530402074104025,1.0837564365454131,0,0
344,19,7,0.31858712311679327,0.10149775501583479,1,-1,1,0,0,-1.0160405778517543,-0.0016622476021454727,1.0143783302496088,0,2
344,19,7,0.31858712311679327,0.10149775501583479,1,-1,3,1,1,-1.024226034471309,0.059530402074104025,1.0837564365454131,0,0
344,19,7,0.31858712311679327,0.10149775501583479,-1,1,1,0,1,-0.0080664514886583799,0.11413292944171953,0.12219938093037791,0,0
344,19,7,0.31858712311679327,0.10149775501583479,-1,1,3,1,1,-0.066228413865710656,0.059530402074104025,0.12575881593981469,0,0
344,19,7,0.31858712311679327,0.10149775501583479,-1,-1,1,0,0,-0.11676599004648366,-0.01623964080253356,0.1005263492439501,0,2
344,19,7,0.31858712311679327,0.10149775501583479,-1,-1,3,1,1,-0.066228413865710656,0.059530402074104025,0.12575881593981469,0,0
345,11,17,0.31886632041743707,0.10167573029655563,1,1,1,0,1,-0.20123570901897786,0.11411818784272107,0.3153538968616989,0,0
345,11,17,0.31886632041743707,0.10167573029655563,1,1,3,1,1,-1.0242687485386819,0.059487688006731029,1.0837564365454129,0,0
345,11,17,0.31886632041743707,0.10167573029655563,1,-1,1,0,0,-1.0160690557663212,-0.0017058988386974647,1.0143631569276237,0,2
345,11,17,0.31886632041743707,0.10167573029655563,1,-1,3,1,1,-1.0242687485386819,0.059487688006731029,1.0837564365454129,0,0
345,11,17,0.31886632041743707,0.10167573029655563,-1,1,1,0,1,-0.0080806895111160491,0.11411818784272107,0.12219887735383712,0,0
345,11,17,0.31886632041743707,0.10167573029655563,-1,1,3,1,1,-0.066271127933083665,0.059487688006731029,0.12575881593981469,0,0
345,11,17,0.31886632041743707,0.10167573029655563,-1,-1,1,0,0,-0.11679534835500904,-0.016268116847448891,0.10052723150756016,0,2
345,11,17,0.31886632041743707,0.10167573029655563,-1,-1,3,1,1,-0.066271127933083665,0.059487688006731029,0.12575881593981469,0,0
346,17,11,0.31886632041743707,0.10167573029655563,1,1,1,0,1,-0.20123570901897786,0.11411818784272107,0.3153538968616989,0,0
346,17,11,0.31886632041743707,0.10167573029655563,1,1,3,1,1,-1.0242687485386819,0.059487688006731029,1.0837564365454129,0,0
346,17,11,0.31886632041743707,0.10167573029655563,1,-1,1,0,0,-1.0160690557663212,-0.0017058988386974647,1.0143631569276237,0,2
346,17,11,0.31886632041743707,0.10167573029655563,1,-1,3,1,1,-1.0242687485386819,0.059487688006731029,1.0837564365454129,0,0
346,17,11,0.31886632041743707,0.10167573029655563,-1,1,1,0,1,-0.0080806895111160491,0.11411818784272107,0.12219887735383712,0,0
346,17,11,0.31886632041743707,0.10167573029655563,-1,1,3,1,1,-0.066271127933083665,0.059487688006731029,0.12575881593981469,0,0
346,17,11,0.31886632041743707,0.10167573029655563,-1,-1,1,0,0,-0.11679534835500904,-0.016268116847448891,0.10052723150756016,0,2
346,17,11,0.31886632041743707,0.10167573029655563,-1,-1,3,1,1,-0.066271127933083665,0.059487688006731029,0.12575881593981469,0,0
347,4,20,0.32070440371383674,0.10285131456144758,1,1,1,0,1,-0.2013767791307649,0.11402083190201737,0.3153976110327823,0,0
347,4,20,0.32070440371383674,0.10285131456144758,1,1,3,1,1,-1.0245508887622561,0.059205547783156953,1.0837564365454131,0,0
347,4,20,0.32070440371383674,0.10285131456144758,1,-1,1,0,0,-1.0162571615970311,-0.0018767741027803046,1.0143803874942507,0,2
347,4,20,0.32070440371383674,0.10285131456144758,1,-1,3,1,1,-1.0245508887622561,0.059205547783156953,1.0837564365454131,0,0
347,4,20,0.32070440371383674,0.10285131456144758,-1,1,1,0,1,-0.008174736252307406,0.11402083190201737,0.12219556815432478,0,0
347,4,20,0.32070440371383674,0.10285131456144758,-1,1,3,1,1,-0.066553268156657727,0.059205547783156953,0.12575881593981469,0,0
347,4,20,0.32070440371383674,0.10285131456144758,-1,-1,1,0,0,-0.11698926606494156,-0.016456210329831605,0.10053305573510996,0,2
347,4,20,0.32070440371383674,0.10285131456144758,-1,-1,3,1,1,-0.066553268156657727,0.059205547783156953,0.12575881593981469,0,0
348,20,4,0.32070440371383674,0.10285131456144758,1,1,1,0,1,-0.2013767791307649,0.11402083190201737,0.3153976110327823,0,0
348,20,4,0.32070440371383674,0.10285131456144758,1,1,3,1,1,-1.0245508887622561,0.059205547783156953,1.0837564365454131,0,0
348,20,4,0.32070440371383674,0.10285131456144758,1,-1,1,0,0,-1.0162571615970311,-0.0018767741027803046,1.0143803874942507,0,2
348,20,4,0.32070440371383674,0.10285131456144758,1,-1,3,1,1,-1.0245508887622561,0.059205547783156953,1.0837564365454131,0,0
348,20,4,0.32070440371383674,0.10285131456144758,-1,1,1,0,1,-0.008174736252307406,0.11402083190201737,0.12219556815432478,0,0
348,20,4,0.32070440371383674,0.10285131456144758,-1,1,3,1,1,-0.066553268156657727,0.059205547783156953,0.12575881593981469,0,0
348,20,4,0.32070440371383674,0.10285131456144758,-1,-1,1,0,0,-0.11698926606494156,-0.016456210329831605,0.10053305573510996,0,2
348,20,4,0.32070440371383674,0.10285131456144758,-1,-1,3,1,1,-0.066553268156657727,0.059205547783156953,0.12575881593981469,0,0
349,14,15,0.32320911107197897,0.10446412947993883,1,1,1,0,1,-0.2012602523683357,0.11388731497837072,0.3151475673467064,0,0
349,14,15,0.32320911107197897,0.10446412947993883,1,1,3,1,1,-1.0249379643426939,0.05881847220271906,1.0837564365454129,0,0
349,14,15,0.32320911107197897,0.10446412947993883,1,-1,1,0,0,-1.0165152289212345,-0.0021442992026411995,1.0143709297185932,0,2
349,14,15,0.32320911107197897,0.10446412947993883,1,-1,3,1,1,-1.0249379643426939,0.05881847220271906,1.0837564365454129,0,0
349,14,15,0.32320911107197897,0.10446412947993883,-1,1,1,0,1,-0.0083037614457867042,0.11388731497837072,0.12219107642415743,0,0
349,14,15,0.32320911107197897,0.10446412947993883,-1,1,3,1,1,-0.066940343737095634,0.05881847220271906,0.12575881593981469,0,0
349,14,15,0.32320911107197897,0.10446412947993883,-1,-1,1,0,0,-0.11725529724154735,-0.016714260716790205,0.10054103652475714,0,2
349,14,15,0.32320911107197897,0.10446412947993883,-1,-1,3,1,1,-0.066940343737095634,0.05881847220271906,0.12575881593981469,0,0
350,15,14,0.32320911107197897,0.10446412947993883,1,1,1,0,1,-0.2012602523683357,0.11388731497837072,0.3151475673467064,0,0
350,15,14,0.32320911107197897,0.10446412947993883,1,1,3,1,1,-1.0249379643426939,0.05881847220271906,1.0837564365454129,0,0
350,15,14,0.32320911107197897,0.10446412947993883,1,-1,1,0,0,-1.0165152289212345,-0.0021442992026411995,1.0143709297185932,0,2
350,15,14,0.32320911107197897,0.10446412947993883,1,-1,3,1,1,-1.0249379643426939,0.05881847220271906,1.0837564365454129,0,0
350,15,14,0.32320911107197897,0.10446412947993883,-1,1,1,0,1,-0.0083037614457867042,0.11388731497837072,0.12219107642415743,0,0
350,15,14,0.32320911107197897,0.10446412947993883,-1,1,3,1,1,-0.066940343737095634,0.05881847220271906,0.12575881593981469,0,0
350,15,14,0.32320911107197897,0.10446412947993883,-1,-1,1,0,0,-0.11725529724154735,-0.016714260716790205,0.10054103652475714,0,2
350,15,14,0.32320911107197897,0.10446412947993883,-1,-1,3,1,1,-0.066940343737095634,0.05881847220271906,0.12575881593981469,0,0
351,10,18,0.32415776306489796,0.10507825535523854,1,1,1,0,1,-0.20133394747337166,0.11383648920988908,0.31517043668326072,0,0
351,10,18,0.32415776306489796,0.10507825535523854,1,1,3,1,1,-1.0250853545527658,0.058671081992647131,1.0837564365454129,0,0
351,10,18,0.32415776306489796,0.10507825535523854,1,-1,1,0,0,-1.0166134955094879,-0.0022458510805428693,1.0143676444289451,0,2
351,10,18,0.32415776306489796,0.10507825535523854,1,-1,3,1,1,-1.0250853545527658,0.058671081992647131,1.0837564365454129,0,0
351,10,18,0.32415776306489796,0.10507825535523854,-1,1,1,0,1,-0.0083528915158106835,0.11383648920988908,0.12218938072569976,0,0
351,10,18,0.32415776306489796,0.10507825535523854,-1,1,3,1,1,-0.067087733947167563,0.058671081992647131,0.12575881593981469,0,0
351,10,18,0.32415776306489796,0.10507825535523854,-1,-1,1,0,0,-0.11735659337654183,-0.016812520856838157,0.10054407251970368,0,2
351,10,18,0.32415776306489796,0.10507825535523854,-1,-1,3,1,1,-0.067087733947167563,0.058671081992647131,0.12575881593981469,0,0
352,18,10,0.32415776306489796,0.10507825535523854,1,1,1,0,1,-0.20133394747337166,0.11383648920988908,0.31517043668326072,0,0
352,18,10,0.32415776306489796,0.10507825535523854,1,1,3,1,1,-1.0250853545527658,0.058671081992647131,1.0837564365454129,0,0
352,18,10,0.32415776306489796,0.10507825535523854,1,-1,1,0,0,-1.0166134955094879,-0.0022458510805428693,1.0143676444289451,0,2
352,18,10,0.32415776306489796,0.10507825535523854,1,-1,3,1,1,-1.0250853545527658,0.058671081992647131,1.0837564365454129,0,0
352,18,10,0.32415776306489796,0.10507825535523854,-1,1,1,0,1,-0.0083528915158106835,0.11383648920988908,0.12218938072569976,0,0
352,18,10,0.32415776306489796,0.10507825535523854,-1,1,3,1,1,-0.067087733947167563,0.058671081992647131,0.12575881593981469,0,0
352,18,10,0.32415776306489796,0.10507825535523854,-1,-1,1,0,0,-0.11735659337654183,-0.016812520856838157,0.10054407251970368,0,2
352,18,10,0.32415776306489796,0.10507825535523854,-1,-1,3,1,1,-0.067087733947167563,0.058671081992647131,0.12575881593981469,0,0
353,5,20,0.32417964206416161,0.10509244032884794,1,1,1,0,1,-0.20133564967020479,0.11383531534050685,0.31517096501071162,0,0
353,5,20,0.32417964206416161,0.10509244032884794,1,1,3,1,1,-1.0250887589464321,0.058667677598980866,1.0837564365454131,0,0
353,5,20,0.32417964206416161,0.10509244032884794,1,-1,1,0,0,-1.0166157652541976,-0.0022475532773759983,1.0143682119768216,0,2
353,5,20,0.32417964206416161,0.10509244032884794,1,-1,3,1,1,-1.0250887589464321,0.058667677598980866,1.0837564365454131,0,0
353,5,20,0.32417964206416161,0.10509244032884794,-1,1,1,0,1,-0.008354026313699435,0.11383531534050685,0.12218934165420628,0,0
353,5,20,0.32417964206416161,0.10509244032884794,-1,1,3,1,1,-0.067091138340833814,0.058667677598980866,0.12575881593981469,0,0
353,5,20,0.32417964206416161,0.10509244032884794,-1,-1,1,0,0,-0.11735893307818926,-0.016814790452615663,0.1005441426255736,0,2
353,5,20,0.32417964206416161,0.10509244032884794,-1,-1,3,1,1,-0.067091138340833814,0.058667677598980866,0.12575881593981469,0,0
354,20,5,0.32417964206416161,0.10509244032884794,1,1,1,0,1,-0.20133564967020479,0.11383531534050685,0.31517096501071162,0,0
354,20,5,0.32417964206416161,0.10509244032884794,1,1,3,1,1,-1.0250887589464321,0.058667677598980866,1.0837564365454131,0,0
354,20,5,0.32417964206416161,0.10509244032884794,1,-1,1,0,0,-1.0166157652541976,-0.0022475532773759983,1.0143682119768216,0,2
354,20,5,0.32417964206416161,0.10509244032884794,1,-1,3,1,1,-1.0250887589464321,0.058667677598980866,1.0837564365454131,0,0
354,20,5,0.32417964206416161,0.10509244032884794,-1,1,1,0,1,-0.008354026313699435,0.11383531534050685,0.12218934165420628,0,0
354,20,5,0.32417964206416161,0.10509244032884794,-1,1,3,1,1,-0.067091138340833814,0.058667677598980866,0.12575881593981469,0,0
354,20,5,0.32417964206416161,0.10509244032884794,-1,-1,1,0,0,-0.11735893307818926,-0.016814790452615663,0.1005441426255736,0,2
354,20,5,0.32417964206416161,0.10509244032884794,-1,-1,3,1,1,-0.067091138340833814,0.058667677598980866,0.12575881593981469,0,0
355,8,19,0.32438769980240428,0.10522737978309477,1,1,1,0,1,-0.2013518424047144,0.11382414871858239,0.31517599112329681,0,0
355,8,19,0.32438769980240428,0.10522737978309477,1,1,3,1,1,-1.0251211444154513,0.05863529212996163,1.0837564365454129,0,0
355,8,19,0.32438769980240428,0.10522737978309477,1,-1,1,0,0,-1.0166373569836282,-0.0022662835200845024,1.0143710734635438,0,2
355,8,19,0.32438769980240428,0.10522737978309477,1,-1,3,1,1,-1.0251211444154513,0.05863529212996163,1.0837564365454129,0,0
355,8,19,0.32438769980240428,0.10522737978309477,-1,1,1,0,1,-0.0083648214700391792,0.11382414871858239,0.12218897018862157,0,0
355,8,19,0.32438769980240428,0.10522737978309477,-1,1,3,1,1,-0.06712352380985305,0.05863529212996163,0.12575881593981469,0,0
355,8,19,0.32438769980240428,0.10522737978309477,-1,-1,1,0,0,-0.11738119025421399,-0.016836380765295152,0.10054480948891883,0,2
355,8,19,0.32438769980240428,0.10522737978309477,-1,-1,3,1,1,-0.06712352380985305,0.05863529212996163,0.12575881593981469,0,0
356,19,8,0.32438769980240428,0.10522737978309477,1,1,1,0,1,-0.2013518424047144,0.11382414871858239,0.31517599112329681,0,0
356,19,8,0.32438769980240428,0.10522737978309477,1,1,3,1,1,-1.0251211444154513,0.05863529212996163,1.0837564365454129,0,0
356,19,8,0.32438769980240428,0.10522737978309477,1,-1,1,0,0,-1.0166373569836282,-0.0022662835200845024,1.0143710734635438,0,2
356,19,8,0.32438769980240428,0.10522737978309477,1,-1,3,1,1,-1.0251211444154513,0.05863529212996163,1.0837564365454129,0,0
356,19,8,0.32438769980240428,0.10522737978309477,-1,1,1,0,1,-0.0083648214700391792,0.11382414871858239,0.12218897018862157,0,0
356,19,8,0.32438769980240428,0.10522737978309477,-1,1,3,1,1,-0.06712352380985305,0.05863529212996163,0.12575881593981469,0,0
356,19,8,0.32438769980240428,0.10522737978309477,-1,-1,1,0,0,-0.11738119025421399,-0.016836380765295152,0.10054480948891883,0,2
356,19,8,0.32438769980240428,0.10522737978309477,-1,-1,3,1,1,-0.06712352380985305,0.05863529212996163,0.12575881593981469,0,0
357,13,16,0.32470752791944402,0.10543497868755652,1,1,1,0,1,-0.20137675427324983,0.11380697008278293,0.31518372435603276,0,0
357,13,16,0.32470752791944402,0.10543497868755652,1,1,3,1,1,-1.0251709681525221,0.058585468392890812,1.0837564365454129,0,0
357,13,16,0.32470752791944402,0.10543497868755652,1,-1,1,0,0,-1.0166705749878977,-0.0022911953886199134,1.0143793795992777,0,2
357,13,16,0.32470752791944402,0.10543497868755652,1,-1,3,1,1,-1.0251709681525221,0.058585468392890812,1.0837564365454129,0,0
357,13,16,0.32470752791944402,0.10543497868755652,-1,1,1,0,1,-0.008381429382396121,0.11380697008278293,0.12218839946517905,0,0
357,13,16,0.32470752791944402,0.10543497868755652,-1,1,3,1,1,-0.067173347546923876,0.058585468392890812,0.12575881593981469,0,0
357,13,16,0.32470752791944402,0.10543497868755652,-1,-1,1,0,0,-0.11741543186960995,-0.016869596590009035,0.10054583527960093,0,2
357,13,16,0.32470752791944402,0.10543497868755652,-1,-1,3,1,1,-0.067173347546923876,0.058585468392890812,0.12575881593981469,0,0
358,16,13,0.32470752791944402,0.10543497868755652,1,1,1,0,1,-0.20137675427324983,0.11380697008278293,0.31518372435603276,0,0
358,16,13,0.32470752791944402,0.10543497868755652,1,1,3,1,1,-1.0251709681525221,0.058585468392890812,1.0837564365454129,0,0
358,16,13,0.32470752791944402,0.10543497868755652,1,-1,1,0,0,-1.0166705749878977,-0.0022911953886199134,1.0143793795992777,0,2
358,16,13,0.32470752791944402,0.10543497868755652,1,-1,3,1,1,-1.0251709681525221,0.058585468392890812,1.0837564365454129,0,0
358,16,13,0.32470752791944402,0.10543497868755652,-1,1,1,0,1,-0.008381429382396121,0.11380697008278293,0.12218839946517905,0,0
358,16,13,0.32470752791944402,0.10543497868755652,-1,1,3,1,1,-0.067173347546923876,0.058585468392890812,0.12575881593981469,0,0
358,16,13,0.32470752791944402,0.10543497868755652,-1,-1,1,0,0,-0.11741543186960995,-0.016869596590009035,0.10054583527960093,0,2
358,16,13,0.32470752791944402,0.10543497868755652,-1,-1,3,1,1,-0.067173347546923876,0.058585468392890812,0.12575881593981469,0,0
359,12,17,0.32768343740081801,0.10737643514681583,1,1,1,0,1,-0.20129997195972135,0.11364636082524092,0.31494633278496226,0,0
359,12,17,0.32768343740081801,0.10737643514681583,1,1,3,1,1,-1.0256369177027445,0.058119518842668576,1.0837564365454131,0,0
359,12,17,0.32768343740081801,0.10737643514681583,1,-1,1,0,0,-1.0169812284010169,-0.0026126606927267086,1.0143685677082901,0,2
359,12,17,0.32768343740081801,0.10737643514681583,1,-1,3,1,1,-1.0256369177027445,0.058119518842668576,1.0837564365454131,0,0
359,12,17,0.32768343740081801,0.10737643514681583,-1,1,1,0,1,-0.0085367458991368675,0.11364636082524092,0.12218310672437779,0,0
359,12,17,0.32768343740081801,0.10737643514681583,-1,1,3,1,1,-0.067639297097146112,0.058119518842668576,0.12575881593981469,0,0
359,12,17,0.32768343740081801,0.10737643514681583,-1,-1,1,0,0,-0.11773564916637216,-0.017180229623490525,0.10055541954288164,0,2
359,12,17,0.32768343740081801,0.10737643514681583,-1,-1,3,1,1,-0.067639297097146112,0.058119518842668576,0.12575881593981469,0,0
360,17,12,0.32768343740081801,0.10737643514681583,1,1,1,0,1,-0.20129997195972135,0.11364636082524092,0.31494633278496226,0,0
360,17,12,0.32768343740081801,0.10737643514681583,1,1,3,1,1,-1.0256369177027445,0.058119518842668576,1.0837564365454131,0,0
360,17,12,0.32768343740081801,0.10737643514681583,1,-1,1,0,0,-1.0169812284010169,-0.0026126606927267086,1.0143685677082901,0,2
360,17,12,0.32768343740081801,0.10737643514681583,1,-1,3,1,1,-1.0256369177027445,0.058119518842668576,1.0837564365454131,0,0
360,17,12,0.32768343740081801,0.10737643514681583,-1,1,1,0,1,-0.0085367458991368675,0.11364636082524092,0.12218310672437779,0,0
360,17,12,0.32768343740081801,0.10737643514681583,-1,1,3,1,1,-0.067639297097146112,0.058119518842668576,0.12575881593981469,0,0
360,17,12,0.32768343740081801,0.10737643514681583,-1,-1,1,0,0,-0.11773564916637216,-0.017180229623490525,0.10055541954288164,0,2
360,17,12,0.32768343740081801,0.10737643514681583,-1,-1,3,1,1,-0.067639297097146112,0.058119518842668576,0.12575881593981469,0,0
361,6,20,0.3283754802390435,0.10783045602222247,1,1,1,0,1,-0.20135445446477016,0.11360881304466518,0.31496326750943532,0,0
361,6,20,0.3283754802390435,0.10783045602222247,1,1,3,1,1,-1.0257458827128421,0.058010553832570984,1.0837564365454131,0,0
361,6,20,0.3283754802390435,0.10783045602222247,1,-1,1,0,0,-1.0170538765060728,-0.0026812358353156835,1.0143726406707572,0,2
361,6,20,0.3283754802390435,0.10783045602222247,1,-1,3,1,1,-1.0257458827128421,0.058010553832570984,1.0837564365454131,0,0
361,6,20,0.3283754802390435,0.10783045602222247,-1,1,1,0,1,-0.0085730675691693924,0.11360881304466518,0.12218188061383457,0,0
361,6,20,0.3283754802390435,0.10783045602222247,-1,1,3,1,1,-0.067748262107243704,0.058010553832570984,0.12575881593981469,0,0
361,6,20,0.3283754802390435,0.10783045602222247,-1,-1,1,0,0,-0.11781053152769723,-0.017252872963555592,0.10055765856414164,0,2
361,6,20,0.3283754802390435,0.10783045602222247,-1,-1,3,1,1,-0.067748262107243704,0.058010553832570984,0.12575881593981469,0,0
362,20,6,0.3283754802390435,0.10783045602222247,1,1,1,0,1,-0.20135445446477016,0.11360881304466518,0.31496326750943532,0,0
362,20,6,0.3283754802390435,0.10783045602222247,1,1,3,1,1,-1.0257458827128421,0.058010553832570984,1.0837564365454131,0,0
362,20,6,0.3283754802390435,0.10783045602222247,1,-1,1,0,0,-1.0170538765060728,-0.0026812358353156835,1.0143726406707572,0,2
362,20,6,0.3283754802390435,0.10783045602222247,1,-1,3,1,1,-1.0257458827128421,0.058010553832570984,1.0837564365454131,0,0
362,20,6,0.3283754802390435,0.10783045602222247,-1,1,1,0,1,-0.0085730675691693924,0.11360881304466518,0.12218188061383457,0,0
362,20,6,0.3283754802390435,0.10783045602222247,-1,1,3,1,1,-0.067748262107243704,0.058010553832570984,0.12575881593981469,0,0
362,20,6,0.3283754802390435,0.10783045602222247,-1,-1,1,0,0,-0.11781053152769723,-0.017252872963555592,0.10055765856414164,0,2
362,20,6,0.3283754802390435,0.10783045602222247,-1,-1,3,1,1,-0.067748262107243704,0.058010553832570984,0.12575881593981469,0,0
363,0,21,0.33000870923759856,0.10890574817266586,1,1,1,0,1,-0.20117403924071406,0.11351990334461773,0.31469394258533179,0,0
363,0,21,0.33000870923759856,0.10890574817266586,1,1,3,1,1,-1.0260039528289484,0.057752483716464569,1.0837564365454129,0,0
363,0,21,0.33000870923759856,0.10890574817266586,1,-1,1,0,0,-1.0172259345340642,-0.0028529350100637823,1.0143729995240005,0,2
363,0,21,0.33000870923759856,0.10890574817266586,1,-1,3,1,1,-1.0260039528289484,0.057752483716464569,1.0837564365454129,0,0
363,0,21,0.33000870923759856,0.10890574817266586,-1,1,1,0,1,-0.0086590909412048653,0.11351990334461773,0.1221789942858226,0,0
363,0,21,0.33000870923759856,0.10890574817266586,-1,1,3,1,1,-0.068006332223350119,0.057752483716464569,0.12575881593981469,0,0
363,0,21,0.33000870923759856,0.10890574817266586,-1,-1,1,0,0,-0.11798787762214163,-0.017424919707626534,0.1005629579145151,0,2
363,0,21,0.33000870923759856,0.10890574817266586,-1,-1,3,1,1,-0.068006332223350119,0.057752483716464569,0.12575881593981469,0,0
364,21,0,0.33000870923759856,0.10890574817266586,1,1,1,0,1,-0.20117403924071406,0.11351990334461773,0.31469394258533179,0,0
364,21,0,0.33000870923759856,0.10890574817266586,1,1,3,1,1,-1.0260039528289484,0.057752483716464569,1.0837564365454129,0,0
364,21,0,0.33000870923759856,0.10890574817266586,1,-1,1,0,0,-1.0172259345340642,-0.0028529350100637823,1.0143729995240005,0,2
364,21,0,0.33000870923759856,0.10890574817266586,1,-1,3,1,1,-1.0260039528289484,0.057752483716464569,1.0837564365454129,0,0
364,21,0,0.33000870923759856,0.10890574817266586,-1,1,1,0,1,-0.0086590909412048653,0.11351990334461773,0.1221789942858226,0,0
364,21,0,0.33000870923759856,0.10890574817266586,-1,1,3,1,1,-0.068006332223350119,0.057752483716464569,0.12575881593981469,0,0
364,21,0,0.33000870923759856,0.10890574817266586,-1,-1,1,0,0,-0.11798787762214163,-0.017424919707626534,0.1005629579145151,0,2
364,21,0,0.33000870923759856,0.10890574817266586,-1,-1,3,1,1,-0.068006332223350119,0.057752483716464569,0.12575881593981469,0,0
365,1,21,0.3303860910167849,0.10915496913735129,1,1,1,0,1,-0.20120394575647632,0.11349930022538286,0.31470324598185917,0,0
365,1,21,0.3303860910167849,0.10915496913735129,1,1,3,1,1,-1.026063765860473,0.057692670684940064,1.0837564365454131,0,0
365,1,21,0.3303860910167849,0.10915496913735129,1,-1,1,0,0,-1.0172658125034189,-0.0028995983150497655,1.0143662141883691,0,2
365,1,21,0.3303860910167849,0.10915496913735129,1,-1,3,1,1,-1.026063765860473,0.057692670684940064,1.0837564365454131,0,0
365,1,21,0.3303860910167849,0.10915496913735129,-1,1,1,0,1,-0.0086790286183797,0.11349930022538286,0.12217832884376256,0,0
365,1,21,0.3303860910167849,0.10915496913735129,-1,1,3,1,1,-0.068066145254874616,0.057692670684940064,0.12575881593981469,0,0
365,1,21,0.3303860910167849,0.10915496913735129,-1,-1,1,0,0,-0.11802898050864095,-0.0174647950619762,0.10056418544666476,0,2
365,1,21,0.3303860910167849,0.10915496913735129,-1,-1,3,1,1,-0.068066145254874616,0.057692670684940064,0.12575881593981469,0,0
366,21,1,0.3303860910167849,0.10915496913735129,1,1,1,0,1,-0.20120394575647632,0.11349930022538286,0.31470324598185917,0,0
366,21,1,0.3303860910167849,0.10915496913735129,1,1,3,1,1,-1.026063765860473,0.057692670684940064,1.0837564365454131,0,0
366,21,1,0.3303860910167849,0.10915496913735129,1,-1,1,0,0,-1.0172658125034189,-0.0028995983150497655,1.0143662141883691,0,2
366,21,1,0.3303860910167849,0.10915496913735129,1,-1,3,1,1,-1.026063765860473,0.057692670684940064,1.0837564365454131,0,0
366,21,1,0.3303860910167849,0.10915496913735129,-1,1,1,0,1,-0.0086790286183797,0.11349930022538286,0.12217832884376256,0,0
366,21,1,0.3303860910167849,0.10915496913735129,-1,1,3,1,1,-0.068066145254874616,0.057692670684940064,0.12575881593981469,0,0
366,21,1,0.3303860910167849,0.10915496913735129,-1,-1,1,0,0,-0.11802898050864095,-0.0174647950619762,0.10056418544666476,0,2
366,21,1,0.3303860910167849,0.10915496913735129,-1,-1,3,1,1,-0.068066145254874616,0.057692670684940064,0.12575881593981469,0,0
367,9,19,0.33083451538268505,0.10945147656849608,1,1,1,0,1,-0.20123952664821368,0.11347478965615793,0.31471431630437163,0,0
367,9,19,0.33083451538268505,0.10945147656849608,1,1,3,1,1,-1.0261349276439478,0.057621508901465321,1.0837564365454131,0,0
367,9,19,0.33083451538268505,0.10945147656849608,1,-1,1,0,0,-1.0173132568034355,-0.002944602356631406,1.0143686544468042,0,2
367,9,19,0.33083451538268505,0.10945147656849608,1,-1,3,1,1,-1.0261349276439478,0.057621508901465321,1.0837564365454131,0,0
367,9,19,0.33083451538268505,0.10945147656849608,-1,1,1,0,1,-0.0087027492128712858,0.11347478965615793,0.12217753886902921,0,0
367,9,19,0.33083451538268505,0.10945147656849608,-1,1,3,1,1,-0.068137307038349373,0.057621508901465321,0.12575881593981469,0,0
367,9,19,0.33083451538268505,0.10945147656849608,-1,-1,1,0,0,-0.11807788179492079,-0.017512236250959365,0.10056564554396143,0,2
367,9,19,0.33083451538268505,0.10945147656849608,-1,-1,3,1,1,-0.068137307038349373,0.057621508901465321,0.12575881593981469,0,0
368,19,9,0.33083451538268505,0.10945147656849608,1,1,1,0,1,-0.20123952664821368,0.11347478965615793,0.31471431630437163,0,0
368,19,9,0.33083451538268505,0.10945147656849608,1,1,3,1,1,-1.0261349276439478,0.057621508901465321,1.0837564365454131,0,0
368,19,9,0.33083451538268505,0.10945147656849608,1,-1,1,0,0,-1.0173132568034355,-0.002944602356631406,1.0143686544468042,0,2
368,19,9,0.33083451538268505,0.10945147656849608,1,-1,3,1,1,-1.0261349276439478,0.057621508901465321,1.0837564365454131,0,0
368,19,9,0.33083451538268505,0.10945147656849608,-1,1,1,0,1,-0.0087027492128712858,0.11347478965615793,0.12217753886902921,0,0
368,19,9,0.33083451538268505,0.10945147656849608,-1,1,3,1,1,-0.068137307038349373,0.057621508901465321,0.12575881593981469,0,0
368,19,9,0.33083451538268505,0.10945147656849608,-1,-1,1,0,0,-0.11807788179492079,-0.017512236250959365,0.10056564554396143,0,2
368,19,9,0.33083451538268505,0.10945147656849608,-1,-1,3,1,1,-0.068137307038349373,0.057621508901465321,0.12575881593981469,0,0
369,2,21,0.33151556512525671,0.10990256992031833,1,1,1,0,1,-0.20129365785043235,0.11343750395214586,0.31473116180257821,0,0
369,2,21,0.33151556512525671,0.10990256992031833,1,1,3,1,1,-1.026243190048385,0.057513246497027978,1.0837564365454131,0,0
369,2,21,0.33151556512525671,0.10990256992031833,1,-1,1,0,0,-1.0173854364724355,-0.0030201576638266905,1.0143652788086088,0,2
369,2,21,0.33151556512525671,0.10990256992031833,1,-1,3,1,1,-1.026243190048385,0.057513246497027978,1.0837564365454131,0,0
369,2,21,0.33151556512525671,0.10990256992031833,-1,1,1,0,1,-0.0087388366810170637,0.11343750395214586,0.12217634063316292,0,0
369,2,21,0.33151556512525671,0.10990256992031833,-1,1,3,1,1,-0.068245569442786702,0.057513246497027978,0.12575881593981469,0,0
369,2,21,0.33151556512525671,0.10990256992031833,-1,-1,1,0,0,-0.11815227734388598,-0.017584411187250924,0.10056786615663504,0,2
369,2,21,0.33151556512525671,0.10990256992031833,-1,-1,3,1,1,-0.068245569442786702,0.057513246497027978,0.12575881593981469,0,0
370,21,2,0.33151556512525671,0.10990256992031833,1,1,1,0,1,-0.20129365785043235,0.11343750395214586,0.31473116180257821,0,0
370,21,2,0.33151556512525671,0.10990256992031833,1,1,3,1,1,-1.026243190048385,0.057513246497027978,1.0837564365454131,0,0
370,21,2,0.33151556512525671,0.10990256992031833,1,-1,1,0,0,-1.0173854364724355,-0.0030201576638266905,1.0143652788086088,0,2
370,21,2,0.33151556512525671,0.10990256992031833,1,-1,3,1,1,-1.026243190048385,0.057513246497027978,1.0837564365454131,0,0
370,21,2,0.33151556512525671,0.10990256992031833,-1,1,1,0,1,-0.0087388366810170637,0.11343750395214586,0.12217634063316292,0,0
370,21,2,0.33151556512525671,0.10990256992031833,-1,1,3,1,1,-0.068245569442786702,0.057513246497027978,0.12575881593981469,0,0
370,21,2,0.33151556512525671,0.10990256992031833,-1,-1,1,0,0,-0.11815227734388598,-0.017584411187250924,0.10056786615663504,0,2
370,21,2,0.33151556512525671,0.10990256992031833,-1,-1,3,1,1,-0.068245569442786702,0.057513246497027978,0.12575881593981469,0,0
371,11,18,0.33209639414794168,0.11028801500606504,1,1,1,0,1,-0.20133991126072195,0.11340564792831363,0.31474555918903557,0,0
371,11,18,0.33209639414794168,0.11028801500606504,1,1,3,1,1,-1.0263356968689643,0.05742073967644877,1.0837564365454131,0,0
371,11,18,0.33209639414794168,0.11028801500606504,1,-1,1,0,0,-1.0174471117298376,-0.0030769974532856865,1.014370114276552,0,2
371,11,18,0.33209639414794168,0.11028801500606504,1,-1,3,1,1,-1.0263356968689643,0.05742073967644877,1.0837564365454131,0,0
371,11,18,0.33209639414794168,0.11028801500606504,-1,1,1,0,1,-0.0087696722878767997,0.11340564792831363,0.12217532021619043,0,0
371,11,18,0.33209639414794168,0.11028801500606504,-1,1,3,1,1,-0.068338076263365924,0.05742073967644877,0.12575881593981469,0,0
371,11,18,0.33209639414794168,0.11028801500606504,-1,-1,1,0,0,-0.11821584531797258,-0.0176460824009704,0.10056976291700218,0,2
371,11,18,0.33209639414794168,0.11028801500606504,-1,-1,3,1,1,-0.068338076263365924,0.05742073967644877,0.12575881593981469,0,0
372,18,11,0.33209639414794168,0.11028801500606504,1,1,1,0,1,-0.20133991126072195,0.11340564792831363,0.31474555918903557,0,0
372,18,11,0.33209639414794168,0.11028801500606504,1,1,3,1,1,-1.0263356968689643,0.05742073967644877,1.0837564365454131,0,0
372,18,11,0.33209639414794168,0.11028801500606504,1,-1,1,0,0,-1.0174471117298376,-0.0030769974532856865,1.014370114276552,0,2
372,18,11,0.33209639414794168,0.11028801500606504,1,-1,3,1,1,-1.0263356968689643,0.05742073967644877,1.0837564365454131,0,0
372,18,11,0.33209639414794168,0.11028801500606504,-1,1,1,0,1,-0.0087696722878767997,0.11340564792831363,0.12217532021619043,0,0
372,18,11,0.33209639414794168,0.11028801500606504,-1,1,3,1,1,-0.068338076263365924,0.05742073967644877,0.12575881593981469,0,0
372,18,11,0.33209639414794168,0.11028801500606504,-1,-1,1,0,0,-0.11821584531797258,-0.0176460824009704,0.10056976291700218,0,2
372,18,11,0.33209639414794168,0.11028801500606504,-1,-1,3,1,1,-0.068338076263365924,0.05742073967644877,0.12575881593981469,0,0
373,7,20,0.33326367829491815,0.1110646792706587,1,1,1,0,1,-0.20112396684022638,0.11334146828564,0.31446543512586639,0,0
373,7,20,0.33326367829491815,0.1110646792706587,1,1,3,1,1,-1.0265220962924666,0.057234340252946284,1.0837564365454129,0,0
373,7,20,0.33326367829491815,0.1110646792706587,1,-1,1,0,0,-1.0175713861593616,-0.0032013162524275971,1.014370069906934,0,2
373,7,20,0.33326367829491815,0.1110646792706587,1,-1,3,1,1,-1.0265220962924666,0.057234340252946284,1.0837564365454129,0,0
373,7,20,0.33326367829491815,0.1110646792706587,-1,1,1,0,1,-0.0088318054290442913,0.11334146828564,0.12217327371468428,0,0
373,7,20,0.33326367829491815,0.1110646792706587,-1,1,3,1,1,-0.068524475686868397,0.057234340252946284,0.12575881593981469,0,0
373,7,20,0.33326367829491815,0.1110646792706587,-1,-1,1,0,0,-0.11834393162373522,-0.017770348683305386,0.10057358294042983,0,2
373,7,20,0.33326367829491815,0.1110646792706587,-1,-1,3,1,1,-0.068524475686868397,0.057234340252946284,0.12575881593981469,0,0
374,20,7,0.33326367829491815,0.1110646792706587,1,1,1,0,1,-0.20112396684022638,0.11334146828564,0.31446543512586639,0,0
374,20,7,0.33326367829491815,0.1110646792706587,1,1,3,1,1,-1.0265220962924666,0.057234340252946284,1.0837564365454129,0,0
374,20,7,0.33326367829491815,0.1110646792706587,1,-1,1,0,0,-1.0175713861593616,-0.0032013162524275971,1.014370069906934,0,2
374,20,7,0.33326367829491815,0.1110646792706587,1,-1,3,1,1,-1.0265220962924666,0.057234340252946284,1.0837564365454129,0,0
374,20,7,0.33326367829491815,0.1110646792706587,-1,1,1,0,1,-0.0088318054290442913,0.11334146828564,0.12217327371468428,0,0
374,20,7,0.33326367829491815,0.1110646792706587,-1,1,3,1,1,-0.068524475686868397,0.057234340252946284,0.12575881593981469,0,0
374,20,7,0.33326367829491815,0.1110646792706587,-1,-1,1,0,0,-0.11834393162373522,-0.017770348683305386,0.10057358294042983,0,2
374,20,7,0.33326367829491815,0.1110646792706587,-1,-1,3,1,1,-0.068524475686868397,0.057234340252946284,0.12575881593981469,0,0
375,3,21,0.33338920828931862,0.11114836420377866,1,1,1,0,1,-0.20113400903220077,0.11333455374913386,0.31446856278133462,0,0
375,3,21,0.33338920828931862,0.11114836420377866,1,1,3,1,1,-1.0265421806764154,0.057214255868997498,1.0837564365454129,0,0
375,3,21,0.33338920828931862,0.11114836420377866,1,-1,1,0,0,-1.0175847766264539,-0.0032113584444019919,1.0143734181820518,0,2
375,3,21,0.33338920828931862,0.11114836420377866,1,-1,3,1,1,-1.0265421806764154,0.057214255868997498,1.0837564365454129,0,0
375,3,21,0.33338920828931862,0.11114836420377866,-1,1,1,0,1,-0.0088385002236938889,0.11333455374913386,0.12217305397282774,0,0
375,3,21,0.33338920828931862,0.11114836420377866,-1,1,3,1,1,-0.06854456007081719,0.057214255868997498,0.12575881593981469,0,0
375,3,21,0.33338920828931862,0.11114836420377866,-1,-1,1,0,0,-0.11835773266501778,-0.017783738272604578,0.10057399439241321,0,2
375,3,21,0.33338920828931862,0.11114836420377866,-1,-1,3,1,1,-0.06854456007081719,0.057214255868997498,0.12575881593981469,0,0
376,21,3,0.33338920828931862,0.11114836420377866,1,1,1,0,1,-0.20113400903220077,0.11333455374913386,0.31446856278133462,0,0
376,21,3,0.33338920828931862,0.11114836420377866,1,1,3,1,1,-1.0265421806764154,0.057214255868997498,1.0837564365454129,0,0
376,21,3,0.33338920828931862,0.11114836420377866,1,-1,1,0,0,-1.0175847766264539,-0.0032113584444019919,1.0143734181820518,0,2
376,21,3,0.33338920828931862,0.11114836420377866,1,-1,3,1,1,-1.0265421806764154,0.057214255868997498,1.0837564365454129,0,0
376,21,3,0.33338920828931862,0.11114836420377866,-1,1,1,0,1,-0.0088385002236938889,0.11333455374913386,0.12217305397282774,0,0
376,21,3,0.33338920828931862,0.11114836420377866,-1,1,3,1,1,-0.06854456007081719,0.057214255868997498,0.12575881593981469,0,0
376,21,3,0.33338920828931862,0.11114836420377866,-1,-1,1,0,0,-0.11835773266501778,-0.017783738272604578,0.10057399439241321,0,2
376,21,3,0.33338920828931862,0.11114836420377866,-1,-1,3,1,1,-0.06854456007081719,0.057214255868997498,0.12575881593981469,0,0
377,15,15,0.33410875161086706,0.11162865790297206,1,1,1,0,1,-0.20119164427610398,0.1132948719711926,0.31448651624729657,0,0
377,15,15,0.33410875161086706,0.11162865790297206,1,1,3,1,1,-1.0266574511642219,0.057098985381191084,1.0837564365454131,0,0
377,15,15,0.33410875161086706,0.11162865790297206,1,-1,1,0,0,-1.0176616286560249,-0.0032996713611231823,1.0143619572949019,0,2
377,15,15,0.33410875161086706,0.11162865790297206,1,-1,3,1,1,-1.0266574511642219,0.057098985381191084,1.0837564365454131,0,0
377,15,15,0.33410875161086706,0.11162865790297206,-1,1,1,0,1,-0.0088769237196293597,0.1132948719711926,0.12217179569082197,0,0
377,15,15,0.33410875161086706,0.11162865790297206,-1,1,3,1,1,-0.068659830558623611,0.057098985381191084,0.12575881593981469,0,0
377,15,15,0.33410875161086706,0.11162865790297206,-1,-1,1,0,0,-0.11843694053404066,-0.017860585264475527,0.10057635526956514,0,2
377,15,15,0.33410875161086706,0.11162865790297206,-1,-1,3,1,1,-0.068659830558623611,0.057098985381191084,0.12575881593981469,0,0
378,14,16,0.33483307741535684,0.11211318973143836,1,1,1,0,1,-0.20124978809551994,0.1132548450162771,0.31450463311179705,0,0
378,14,16,0.33483307741535684,0.11211318973143836,1,1,3,1,1,-1.0267737388030538,0.056982697742359173,1.0837564365454129,0,0
378,14,16,0.33483307741535684,0.11211318973143836,1,-1,1,0,0,-1.0177391588303433,-0.0033717080283917171,1.0143674508019516,0,2
378,14,16,0.33483307741535684,0.11211318973143836,1,-1,3,1,1,-1.0267737388030538,0.056982697742359173,1.0837564365454129,0,0
378,14,16,0.33483307741535684,0.11211318973143836,-1,1,1,0,1,-0.0089156862659066655,0.1132548450162771,0.12217053128218376,0,0
378,14,16,0.33483307741535684,0.11211318973143836,-1,1,3,1,1,-0.068776118197455521,0.056982697742359173,0.12575881593981469,0,0
378,14,16,0.33483307741535684,0.11211318973143836,-1,-1,1,0,0,-0.11851684634783699,-0.017938110357030135,0.10057873599080686,0,2
378,14,16,0.33483307741535684,0.11211318973143836,-1,-1,3,1,1,-0.068776118197455521,0.056982697742359173,0.12575881593981469,0,0
379,16,14,0.33483307741535684,0.11211318973143836,1,1,1,0,1,-0.20124978809551994,0.1132548450162771,0.31450463311179705,0,0
379,16,14,0.33483307741535684,0.11211318973143836,1,1,3,1,1,-1.0267737388030538,0.056982697742359173,1.0837564365454129,0,0
379,16,14,0.33483307741535684,0.11211318973143836,1,-1,1,0,0,-1.0177391588303433,-0.0033717080283917171,1.0143674508019516,0,2
379,16,14,0.33483307741535684,0.11211318973143836,1,-1,3,1,1,-1.0267737388030538,0.056982697742359173,1.0837564365454129,0,0
379,16,14,0.33483307741535684,0.11211318973143836,-1,1,1,0,1,-0.0089156862659066655,0.1132548450162771,0.12217053128218376,0,0
379,16,14,0.33483307741535684,0.11211318973143836,-1,1,3,1,1,-0.068776118197455521,0.056982697742359173,0.12575881593981469,0,0
379,16,14,0.33483307741535684,0.11211318973143836,-1,-1,1,0,0,-0.11851684634783699,-0.017938110357030135,0.10057873599080686,0,2
379,16,14,0.33483307741535684,0.11211318973143836,-1,-1,3,1,1,-0.068776118197455521,0.056982697742359173,0.12575881593981469,0,0
380,4,21,0.33599410933776674,0.11289204150967914,1,1,1,0,1,-0.20134325030890882,0.11319051489275707,0.31453376520166587,0,0
380,4,21,0.33599410933776674,0.11289204150967914,1,1,3,1,1,-1.0269606632298316,0.056795773315581381,1.0837564365454129,0,0
380,4,21,0.33599410933776674,0.11289204150967914,1,-1,1,0,0,-1.0178637832826314,-0.0035113110824334329,1.014352472200198,0,2
380,4,21,0.33599410933776674,0.11289204150967914,1,-1,3,1,1,-1.0269606632298316,0.056795773315581381,1.0837564365454129,0,0
380,4,21,0.33599410933776674,0.11289204150967914,-1,1,1,0,1,-0.0089779944081659277,0.11319051489275707,0.12216850930092299,0,0
380,4,21,0.33599410933776674,0.11289204150967914,-1,1,3,1,1,-0.068963042624233306,0.056795773315581381,0.12575881593981469,0,0
380,4,21,0.33599410933776674,0.11289204150967914,-1,-1,1,0,0,-0.1186452874002145,-0.018062726641548656,0.10058256075866584,0,2
380,4,21,0.33599410933776674,0.11289204150967914,-1,-1,3,1,1,-0.068963042624233306,0.056795773315581381,0.12575881593981469,0,0
381,21,4,0.33599410933776674,0.11289204150967914,1,1,1,0,1,-0.20134325030890882,0.11319051489275707,0.31453376520166587,0,0
381,21,4,0.33599410933776674,0.11289204150967914,1,1,3,1,1,-1.0269606632298316,0.056795773315581381,1.0837564365454129,0,0
381,21,4,0.33599410933776674,0.11289204150967914,1,-1,1,0,0,-1.0178637832826314,-0.0035113110824334329,1.014352472200198,0,2
381,21,4,0.33599410933776674,0.11289204150967914,1,-1,3,1,1,-1.0269606632298316,0.056795773315581381,1.0837564365454129,0,0
381,21,4,0.33599410933776674,0.11289204150967914,-1,1,1,0,1,-0.0089779944081659277,0.11319051489275707,0.12216850930092299,0,0
381,21,4,0.33599410933776674,0.11289204150967914,-1,1,3,1,1,-0.068963042624233306,0.056795773315581381,0.12575881593981469,0,0
381,21,4,0.33599410933776674,0.11289204150967914,-1,-1,1,0,0,-0.1186452874002145,-0.018062726641548656,0.10058256075866584,0,2
381,21,4,0.33599410933776674,0.11289204150967914,-1,-1,3,1,1,-0.068963042624233306,0.056795773315581381,0.12575881593981469,0,0
382,13,17,0.33699653479130548,0.11356666446134756,1,1,1,0,1,-0.20111536642486291,0.11313480409074718,0.31425017051561011,0,0
382,13,17,0.33699653479130548,0.11356666446134756,1,1,3,1,1,-1.027122572738232,0.056633863807180967,1.0837564365454131,0,0
382,13,17,0.33699653479130548,0.11356666446134756,1,-1,1,0,0,-1.0179717300288111,-0.0036013258755353706,1.0143704041532757,0,2
382,13,17,0.33699653479130548,0.11356666446134756,1,-1,3,1,1,-1.027122572738232,0.056633863807180967,1.0837564365454131,0,0
382,13,17,0.33699653479130548,0.11356666446134756,-1,1,1,0,1,-0.0090319642442994036,0.11313480409074718,0.12216676833504658,0,0
382,13,17,0.33699653479130548,0.11356666446134756,-1,1,3,1,1,-0.069124952132633727,0.056633863807180967,0.12575881593981469,0,0
382,13,17,0.33699653479130548,0.11356666446134756,-1,-1,1,0,0,-0.11875653792612444,-0.0181706663138156,0.10058587161230884,0,2
382,13,17,0.33699653479130548,0.11356666446134756,-1,-1,3,1,1,-0.069124952132633727,0.056633863807180967,0.12575881593981469,0,0
383,17,13,0.33699653479130548,0.11356666446134756,1,1,1,0,1,-0.20111536642486291,0.11313480409074718,0.31425017051561011,0,0
383,17,13,0.33699653479130548,0.11356666446134756,1,1,3,1,1,-1.027122572738232,0.056633863807180967,1.0837564365454131,0,0
383,17,13,0.33699653479130548,0.11356666446134756,1,-1,1,0,0,-1.0179717300288111,-0.0036013258755353706,1.0143704041532757,0,2
383,17,13,0.33699653479130548,0.11356666446134756,1,-1,3,1,1,-1.027122572738232,0.056633863807180967,1.0837564365454131,0,0
383,17,13,0.33699653479130548,0.11356666446134756,-1,1,1,0,1,-0.0090319642442994036,0.11313480409074718,0.12216676833504658,0,0
383,17,13,0.33699653479130548,0.11356666446134756,-1,1,3,1,1,-0.069124952132633727,0.056633863807180967,0.12575881593981469,0,0
383,17,13,0.33699653479130548,0.11356666446134756,-1,-1,1,0,0,-0.11875653792612444,-0.0181706663138156,0.10058587161230884,0,2
383,17,13,0.33699653479130548,0.11356666446134756,-1,-1,3,1,1,-0.069124952132633727,0.056633863807180967,0.12575881593981469,0,0
384,10,19,0.33788902414633554,0.11416899263856294,1,1,1,0,1,-0.20118764580612875,0.1130850716115477,0.31427271741767643,0,0
384,10,19,0.33788902414633554,0.11416899263856294,1,1,3,1,1,-1.0272671315007638,0.056489305044649274,1.0837564365454131,0,0
384,10,19,0.33788902414633554,0.11416899263856294,1,-1,1,0,0,-1.0180681088523755,-0.0037048677344762981,1.0143632411178993,0,2
384,10,19,0.33788902414633554,0.11416899263856294,1,-1,3,1,1,-1.0272671315007638,0.056489305044649274,1.0837564365454131,0,0
384,10,19,0.33788902414633554,0.11416899263856294,-1,1,1,0,1,-0.0090801504984766301,0.1130850716115477,0.12216522211002433,0,0
384,10,19,0.33788902414633554,0.11416899263856294,-1,1,3,1,1,-0.06926951089516542,0.056489305044649274,0.12575881593981469,0,0
384,10,19,0.33788902414633554,0.11416899263856294,-1,-1,1,0,0,-0.11885586486444609,-0.018267038822170067,0.10058882604227602,0,2
384,10,19,0.33788902414633554,0.11416899263856294,-1,-1,3,1,1,-0.06926951089516542,0.056489305044649274,0.12575881593981469,0,0
385,19,10,0.33788902414633554,0.11416899263856294,1,1,1,0,1,-0.20118764580612875,0.1130850716115477,0.31427271741767643,0,0
385,19,10,0.33788902414633554,0.11416899263856294,1,1,3,1,1,-1.0272671315007638,0.056489305044649274,1.0837564365454131,0,0
385,19,10,0.33788902414633554,0.11416899263856294,1,-1,1,0,0,-1.0180681088523755,-0.0037048677344762981,1.0143632411178993,0,2
385,19,10,0.33788902414633554,0.11416899263856294,1,-1,3,1,1,-1.0272671315007638,0.056489305044649274,1.0837564365454131,0,0
385,19,10,0.33788902414633554,0.11416899263856294,-1,1,1,0,1,-0.0090801504984766301,0.1130850716115477,0.12216522211002433,0,0
385,19,10,0.33788902414633554,0.11416899263856294,-1,1,3,1,1,-0.06926951089516542,0.056489305044649274,0.12575881593981469,0,0
385,19,10,0.33788902414633554,0.11416899263856294,-1,-1,1,0,0,-0.11885586486444609,-0.018267038822170067,0.10058882604227602,0,2
385,19,10,0.33788902414633554,0.11416899263856294,-1,-1,3,1,1,-0.06926951089516542,0.056489305044649274,0.12575881593981469,0,0
386,8,20,0.33881308126741311,0.11479430403791868,1,1,1,0,1,-0.20126268317405144,0.11303344962756698,0.31429613280161839,0,0
386,8,20,0.33881308126741311,0.11479430403791868,1,1,3,1,1,-1.0274172062366091,0.056339230308803889,1.0837564365454131,0,0
386,8,20,0.33881308126741311,0.11479430403791868,1,-1,1,0,0,-1.0181681652318155,-0.0038093911893903806,1.0143587740424251,0,2
386,8,20,0.33881308126741311,0.11479430403791868,1,-1,3,1,1,-1.0274172062366091,0.056339230308803889,1.0837564365454131,0,0
386,8,20,0.33881308126741311,0.11479430403791868,-1,1,1,0,1,-0.009130175410425094,0.11303344962756698,0.12216362503799208,0,0
386,8,20,0.33881308126741311,0.11479430403791868,-1,1,3,1,1,-0.069419585631010791,0.056339230308803889,0.12575881593981469,0,0
386,8,20,0.33881308126741311,0.11479430403791868,-1,-1,1,0,0,-0.11895898023403439,-0.018367088646066981,0.10059189158796741,0,2
386,8,20,0.33881308126741311,0.11479430403791868,-1,-1,3,1,1,-0.069419585631010791,0.056339230308803889,0.12575881593981469,0,0
387,20,8,0.33881308126741311,0.11479430403791868,1,1,1,0,1,-0.20126268317405144,0.11303344962756698,0.31429613280161839,0,0
387,20,8,0.33881308126741311,0.11479430403791868,1,1,3,1,1,-1.0274172062366091,0.056339230308803889,1.0837564365454131,0,0
387,20,8,0.33881308126741311,0.11479430403791868,1,-1,1,0,0,-1.0181681652318155,-0.0038093911893903806,1.0143587740424251,0,2
387,20,8,0.33881308126741311,0.11479430403791868,1,-1,3,1,1,-1.0274172062366091,0.056339230308803889,1.0837564365454131,0,0
387,20,8,0.33881308126741311,0.11479430403791868,-1,1,1,0,1,-0.009130175410425094,0.11303344962756698,0.12216362503799208,0,0
387,20,8,0.33881308126741311,0.11479430403791868,-1,1,3,1,1,-0.069419585631010791,0.056339230308803889,0.12575881593981469,0,0
387,20,8,0.33881308126741311,0.11479430403791868,-1,-1,1,0,0,-0.11895898023403439,-0.018367088646066981,0.10059189158796741,0,2
387,20,8,0.33881308126741311,0.11479430403791868,-1,-1,3,1,1,-0.069419585631010791,0.056339230308803889,0.12575881593981469,0,0
388,5,21,0.3393127867868812,0.11513316727707951,1,1,1,0,1,-0.20130334676275075,0.11300547856548569,0.31430882532823645,0,0
388,5,21,0.3393127867868812,0.11513316727707951,1,1,3,1,1,-1.0274985334140077,0.056257903131405294,1.0837564365454129,0,0
388,5,21,0.3393127867868812,0.11513316727707951,1,-1,1,0,0,-1.0182223869023315,-0.003855189118443984,1.0143671977838875,0,2
388,5,21,0.3393127867868812,0.11513316727707951,1,-1,3,1,1,-1.0274985334140077,0.056257903131405294,1.0837564365454129,0,0
388,5,21,0.3393127867868812,0.11513316727707951,-1,1,1,0,1,-0.0091572844695579584,0.11300547856548569,0.12216276303504366,0,0
388,5,21,0.3393127867868812,0.11513316727707951,-1,1,3,1,1,-0.069500912808409393,0.056257903131405294,0.12575881593981469,0,0
388,5,21,0.3393127867868812,0.11513316727707951,-1,-1,1,0,0,-0.11901485891790584,-0.018421306764332714,0.10059355215357313,0,2
388,5,21,0.3393127867868812,0.11513316727707951,-1,-1,3,1,1,-0.069500912808409393,0.056257903131405294,0.12575881593981469,0,0
389,21,5,0.3393127867868812,0.11513316727707951,1,1,1,0,1,-0.20130334676275075,0.11300547856548569,0.31430882532823645,0,0
389,21,5,0.3393127867868812,0.11513316727707951,1,1,3,1,1,-1.0274985334140077,0.056257903131405294,1.0837564365454129,0,0
389,21,5,0.3393127867868812,0.11513316727707951,1,-1,1,0,0,-1.0182223869023315,-0.003855189118443984,1.0143671977838875,0,2
389,21,5,0.3393127867868812,0.11513316727707951,1,-1,3,1,1,-1.0274985334140077,0.056257903131405294,1.0837564365454129,0,0
389,21,5,0.3393127867868812,0.11513316727707951,-1,1,1,0,1,-0.0091572844695579584,0.11300547856548569,0.12216276303504366,0,0
389,21,5,0.3393127867868812,0.11513316727707951,-1,1,3,1,1,-0.069500912808409393,0.056257903131405294,0.12575881593981469,0,0
389,21,5,0.3393127867868812,0.11513316727707951,-1,-1,1,0,0,-0.11901485891790584,-0.018421306764332714,0.10059355215357313,0,2
389,21,5,0.3393127867868812,0.11513316727707951,-1,-1,3,1,1,-0.069500912808409393,0.056257903131405294,0.12575881593981469,0,0
390,12,18,0.34057116709481622,0.11598871985632524,1,1,1,0,1,-0.20109747927295346,0.11293486883930952,0.31403234811226299,0,0
390,12,18,0.34057116709481622,0.11598871985632524,1,1,3,1,1,-1.0277038660330267,0.056052570512386324,1.0837564365454129,0,0
390,12,18,0.34057116709481622,0.11598871985632524,1,-1,1,0,0,-1.0183592842827855,-0.0039977081573930543,1.0143615761253926,0,2
390,12,18,0.34057116709481622,0.11598871985632524,1,-1,3,1,1,-1.0277038660330267,0.056052570512386324,1.0837564365454129,0,0
390,12,18,0.34057116709481622,0.11598871985632524,-1,1,1,0,1,-0.0092257286758976164,0.11293486883930952,0.12216059751520714,0,0
390,12,18,0.34057116709481622,0.11598871985632524,-1,1,3,1,1,-0.06970624542742837,0.056052570512386324,0.12575881593981469,0,0
390,12,18,0.34057116709481622,0.11598871985632524,-1,-1,1,0,0,-0.11915593773122594,-0.01855819517701203,0.10059774255421391,0,2
390,12,18,0.34057116709481622,0.11598871985632524,-1,-1,3,1,1,-0.06970624542742837,0.056052570512386324,0.12575881593981469,0,0
391,18,12,0.34057116709481622,0.11598871985632524,1,1,1,0,1,-0.20109747927295346,0.11293486883930952,0.31403234811226299,0,0
391,18,12,0.34057116709481622,0.11598871985632524,1,1,3,1,1,-1.0277038660330267,0.056052570512386324,1.0837564365454129,0,0
391,18,12,0.34057116709481622,0.11598871985632524,1,-1,1,0,0,-1.0183592842827855,-0.0039977081573930543,1.0143615761253926,0,2
391,18,12,0.34057116709481622,0.11598871985632524,1,-1,3,1,1,-1.0277038660330267,0.056052570512386324,1.0837564365454129,0,0
391,18,12,0.34057116709481622,0.11598871985632524,-1,1,1,0,1,-0.0092257286758976164,0.11293486883930952,0.12216059751520714,0,0
391,18,12,0.34057116709481622,0.11598871985632524,-1,1,3,1,1,-0.06970624542742837,0.056052570512386324,0.12575881593981469,0,0
391,18,12,0.34057116709481622,0.11598871985632524,-1,-1,1,0,0,-0.11915593773122594,-0.01855819517701203,0.10059774255421391,0,2
391,18,12,0.34057116709481622,0.11598871985632524,-1,-1,3,1,1,-0.06970624542742837,0.056052570512386324,0.12575881593981469,0,0
392,6,21,0.34332372911066611,0.11787118297045403,1,1,1,0,1,-0.20132337484664892,0.11277956165094634,0.31410293649759524,0,0
392,6,21,0.34332372911066611,0.11787118297045403,1,1,3,1,1,-1.0281556571804176,0.055600779364995412,1.0837564365454129,0,0
392,6,21,0.34332372911066611,0.11787118297045403,1,-1,1,0,0,-1.0186604981084604,-0.0042988903469669791,1.0143616077614934,0,2
392,6,21,0.34332372911066611,0.11787118297045403,1,-1,3,1,1,-1.0281556571804176,0.055600779364995412,1.0837564365454129,0,0
392,6,21,0.34332372911066611,0.11787118297045403,-1,1,1,0,1,-0.0093763257250279192,0.11277956165094634,0.12215588737597426,0,0
392,6,21,0.34332372911066611,0.11787118297045403,-1,1,3,1,1,-0.070158036574819282,0.055600779364995412,0.12575881593981469,0,0
392,6,21,0.34332372911066611,0.11787118297045403,-1,-1,1,0,0,-0.11946634109527596,-0.018859389275272639,0.10060695182000332,0,2
392,6,21,0.34332372911066611,0.11787118297045403,-1,-1,3,1,1,-0.070158036574819282,0.055600779364995412,0.12575881593981469,0,0
393,21,6,0.34332372911066611,0.11787118297045403,1,1,1,0,1,-0.20132337484664892,0.11277956165094634,0.31410293649759524,0,0
393,21,6,0.34332372911066611,0.11787118297045403,1,1,3,1,1,-1.0281556571804176,0.055600779364995412,1.0837564365454129,0,0
393,21,6,0.34332372911066611,0.11787118297045403,1,-1,1,0,0,-1.0186604981084604,-0.0042988903469669791,1.0143616077614934,0,2
393,21,6,0.34332372911066611,0.11787118297045403,1,-1,3,1,1,-1.0281556571804176,0.055600779364995412,1.0837564365454129,0,0
393,21,6,0.34332372911066611,0.11787118297045403,-1,1,1,0,1,-0.0093763257250279192,0.11277956165094634,0.12215588737597426,0,0
393,21,6,0.34332372911066611,0.11787118297045403,-1,1,3,1,1,-0.070158036574819282,0.055600779364995412,0.12575881593981469,0,0
393,21,6,0.34332372911066611,0.11787118297045403,-1,-1,1,0,0,-0.11946634109527596,-0.018859389275272639,0.10060695182000332,0,2
393,21,6,0.34332372911066611,0.11787118297045403,-1,-1,3,1,1,-0.070158036574819282,0.055600779364995412,0.12575881593981469,0,0
394,9,20,0.34499043584325639,0.11901840082331999,1,1,1,0,1,-0.20115281137435864,0.11268495054726108,0.31383776192161972,0,0
394,9,20,0.34499043584325639,0.11901840082331999,1,1,3,1,1,-1.0284309894651054,0.05532544708030758,1.0837564365454129,0,0
394,9,20,0.34499043584325639,0.11901840082331999,1,-1,1,0,0,-1.0188440649843875,-0.00449341141981114,1.0143506535645763,0,2
394,9,20,0.34499043584325639,0.11901840082331999,1,-1,3,1,1,-1.0284309894651054,0.05532544708030758,1.0837564365454129,0,0
394,9,20,0.34499043584325639,0.11901840082331999,-1,1,1,0,1,-0.0094681031532571971,0.11268495054726108,0.12215305370051827,0,0
394,9,20,0.34499043584325639,0.11901840082331999,-1,1,3,1,1,-0.070433368859507101,0.05532544708030758,0.12575881593981469,0,0
394,9,20,0.34499043584325639,0.11901840082331999,-1,-1,1,0,0,-0.11965550100901057,-0.019042944131731188,0.10061255687727938,0,2
394,9,20,0.34499043584325639,0.11901840082331999,-1,-1,3,1,1,-0.070433368859507101,0.05532544708030758,0.12575881593981469,0,0
395,20,9,0.34499043584325639,0.11901840082331999,1,1,1,0,1,-0.20115281137435864,0.11268495054726108,0.31383776192161972,0,0
395,20,9,0.34499043584325639,0.11901840082331999,1,1,3,1,1,-1.0284309894651054,0.05532544708030758,1.0837564365454129,0,0
395,20,9,0.34499043584325639,0.11901840082331999,1,-1,1,0,0,-1.0188440649843875,-0.00449341141981114,1.0143506535645763,0,2
395,20,9,0.34499043584325639,0.11901840082331999,1,-1,3,1,1,-1.0284309894651054,0.05532544708030758,1.0837564365454129,0,0
395,20,9,0.34499043584325639,0.11901840082331999,-1,1,1,0,1,-0.0094681031532571971,0.11268495054726108,0.12215305370051827,0,0
395,20,9,0.34499043584325639,0.11901840082331999,-1,1,3,1,1,-0.070433368859507101,0.05532544708030758,0.12575881593981469,0,0
395,20,9,0.34499043584325639,0.11901840082331999,-1,-1,1,0,0,-0.11965550100901057,-0.019042944131731188,0.10061255687727938,0,2
395,20,9,0.34499043584325639,0.11901840082331999,-1,-1,3,1,1,-0.070433368859507101,0.05532544708030758,0.12575881593981469,0,0
396,15,16,0.34536606398786723,0.11927771815447161,1,1,1,0,1,-0.20118392945409683,0.11266356849363018,0.31384749794772704,0,0
396,15,16,0.34536606398786723,0.11927771815447161,1,1,3,1,1,-1.0284932256245818,0.055263210920831189,1.0837564365454129,0,0
396,15,16,0.34536606398786723,0.11927771815447161,1,-1,1,0,0,-1.0188855584739516,-0.0045396932774907934,1.0143458651964607,0,2
396,15,16,0.34536606398786723,0.11927771815447161,1,-1,3,1,1,-1.0284932256245818,0.055263210920831189,1.0837564365454129,0,0
396,15,16,0.34536606398786723,0.11927771815447161,-1,1,1,0,1,-0.0094888485397493262,0.11266356849363018,0.12215241703337951,0,0
396,15,16,0.34536606398786723,0.11927771815447161,-1,1,3,1,1,-0.070495605018983498,0.055263210920831189,0.12575881593981469,0,0
396,15,16,0.34536606398786723,0.11927771815447161,-1,-1,1,0,0,-0.11969825798643212,-0.019084434904715453,0.10061382308171667,0,2
396,15,16,0.34536606398786723,0.11927771815447161,-1,-1,3,1,1,-0.070495605018983498,0.055263210920831189,0.12575881593981469,0,0
397,16,15,0.34536606398786723,0.11927771815447161,1,1,1,0,1,-0.20118392945409683,0.11266356849363018,0.31384749794772704,0,0
397,16,15,0.34536606398786723,0.11927771815447161,1,1,3,1,1,-1.0284932256245818,0.055263210920831189,1.0837564365454129,0,0
397,16,15,0.34536606398786723,0.11927771815447161,1,-1,1,0,0,-1.0188855584739516,-0.0045396932774907934,1.0143458651964607,0,2
397,16,15,0.34536606398786723,0.11927771815447161,1,-1,3,1,1,-1.0284932256245818,0.055263210920831189,1.0837564365454129,0,0
397,16,15,0.34536606398786723,0.11927771815447161,-1,1,1,0,1,-0.0094888485397493262,0.11266356849363018,0.12215241703337951,0,0
397,16,15,0.34536606398786723,0.11927771815447161,-1,1,3,1,1,-0.070495605018983498,0.055263210920831189,0.12575881593981469,0,0
397,16,15,0.34536606398786723,0.11927771815447161,-1,-1,1,0,0,-0.11969825798643212,-0.019084434904715453,0.10061382308171667,0,2
397,16,15,0.34536606398786723,0.11927771815447161,-1,-1,3,1,1,-0.070495605018983498,0.055263210920831189,0.12575881593981469,0,0
398,11,19,0.34551230410708883,0.11937875228938943,1,1,1,0,1,-0.20119605355028697,0.11265523809210463,0.31385129164239162,0,0
398,11,19,0.34551230410708883,0.11937875228938943,1,1,3,1,1,-1.028517473816962,0.055238962728450913,1.0837564365454129,0,0
398,11,19,0.34551230410708883,0.11937875228938943,1,-1,1,0,0,-1.0189017249939307,-0.0045518173736809314,1.0143499076202498,0,2
398,11,19,0.34551230410708883,0.11937875228938943,1,-1,3,1,1,-1.028517473816962,0.055238962728450913,1.0837564365454129,0,0
398,11,19,0.34551230410708883,0.11937875228938943,-1,1,1,0,1,-0.009496931270542755,0.11265523809210463,0.12215216936264739,0,0
398,11,19,0.34551230410708883,0.11937875228938943,-1,1,3,1,1,-0.070519853211363781,0.055238962728450913,0.12575881593981469,0,0
398,11,19,0.34551230410708883,0.11937875228938943,-1,-1,1,0,0,-0.11971491670511863,-0.0191006003663023,0.10061431633881633,0,2
398,11,19,0.34551230410708883,0.11937875228938943,-1,-1,3,1,1,-0.070519853211363781,0.055238962728450913,0.12575881593981469,0,0
399,19,11,0.34551230410708883,0.11937875228938943,1,1,1,0,1,-0.20119605355028697,0.11265523809210463,0.31385129164239162,0,0
399,19,11,0.34551230410708883,0.11937875228938943,1,1,3,1,1,-1.028517473816962,0.055238962728450913,1.0837564365454129,0,0
399,19,11,0.34551230410708883,0.11937875228938943,1,-1,1,0,0,-1.0189017249939307,-0.0045518173736809314,1.0143499076202498,0,2
399,19,11,0.34551230410708883,0.11937875228938943,1,-1,3,1,1,-1.028517473816962,0.055238962728450913,1.0837564365454129,0,0
399,19,11,0.34551230410708883,0.11937875228938943,-1,1,1,0,1,-0.009496931270542755,0.11265523809210463,0.12215216936264739,0,0
399,19,11,0.34551230410708883,0.11937875228938943,-1,1,3,1,1,-0.070519853211363781,0.055238962728450913,0.12575881593981469,0,0
399,19,11,0.34551230410708883,0.11937875228938943,-1,-1,1,0,0,-0.11971491670511863,-0.0191006003663023,0.10061431633881633,0,2
399,19,11,0.34551230410708883,0.11937875228938943,-1,-1,3,1,1,-0.070519853211363781,0.055238962728450913,0.12575881593981469,0,0
