mode_index,m,n,q,q2,branch_id,root_id,kind_id,source_id_0lambda_1trace,n_contour_segments,Z_min,Z_max,Z_span,zero_fraction_absZ_le_tol,skipped_flag
1999,35,35,0.77150916576669493,0.59522639286202161,1,1,1,0,1,-0.14756917327557123,0.075411243922184248,0.22298041719775546,0,0
1999,35,35,0.77150916576669493,0.59522639286202161,1,1,3,1,0,-1.1427209075543938,-0.058964471008980807,1.0837564365454131,0,2
1999,35,35,0.77150916576669493,0.59522639286202161,1,-1,1,0,0,-1.0950421510300372,-0.095236222857923408,0.99980592817211378,0,2
1999,35,35,0.77150916576669493,0.59522639286202161,1,-1,3,1,0,-1.1427209075543938,-0.058964471008980807,1.0837564365454131,0,2
1999,35,35,0.77150916576669493,0.59522639286202161,-1,1,1,0,1,-0.047564742516353314,0.075411243922184248,0.12297598643853756,0,0
1999,35,35,0.77150916576669493,0.59522639286202161,-1,1,3,1,0,-0.1847232869487955,-0.058964471008980807,0.12575881593981469,0,2
1999,35,35,0.77150916576669493,0.59522639286202161,-1,-1,1,0,0,-0.19779318026463988,-0.095236222857923408,0.10255695740671647,0,2
1999,35,35,0.77150916576669493,0.59522639286202161,-1,-1,3,1,0,-0.1847232869487955,-0.058964471008980807,0.12575881593981469,0,2
2000,4,50,0.77159914595058299,0.59536524203166907,1,1,1,0,1,-0.14756480102463315,0.075400833484942559,0.22296563450957571,0,0
2000,4,50,0.77159914595058299,0.59536524203166907,1,1,3,1,0,-1.1427542313551091,-0.058997794809696191,1.0837564365454129,0,2
2000,4,50,0.77159914595058299,0.59536524203166907,1,-1,1,0,0,-1.0950643682478578,-0.09525843872506698,0.99980592952279079,0,2
2000,4,50,0.77159914595058299,0.59536524203166907,1,-1,3,1,0,-1.1427542313551091,-0.058997794809696191,1.0837564365454129,0,2
2000,4,50,0.77159914595058299,0.59536524203166907,-1,1,1,0,1,-0.047575850449925135,0.075400833484942559,0.12297668393486769,0,0
2000,4,50,0.77159914595058299,0.59536524203166907,-1,1,3,1,0,-0.18475661074951089,-0.058997794809696191,0.12575881593981469,0,2
2000,4,50,0.77159914595058299,0.59536524203166907,-1,-1,1,0,0,-0.19781592179272023,-0.09525843872506698,0.10255748306765325,0,2
2000,4,50,0.77159914595058299,0.59536524203166907,-1,-1,3,1,0,-0.18475661074951089,-0.058997794809696191,0.12575881593981469,0,2
2001,50,4,0.77159914595058299,0.59536524203166907,1,1,1,0,1,-0.14756480102463315,0.075400833484942559,0.22296563450957571,0,0
2001,50,4,0.77159914595058299,0.59536524203166907,1,1,3,1,0,-1.1427542313551091,-0.058997794809696191,1.0837564365454129,0,2
2001,50,4,0.77159914595058299,0.59536524203166907,1,-1,1,0,0,-1.0950643682478578,-0.09525843872506698,0.99980592952279079,0,2
2001,50,4,0.77159914595058299,0.59536524203166907,1,-1,3,1,0,-1.1427542313551091,-0.058997794809696191,1.0837564365454129,0,2
2001,50,4,0.77159914595058299,0.59536524203166907,-1,1,1,0,1,-0.047575850449925135,0.075400833484942559,0.12297668393486769,0,0
2001,50,4,0.77159914595058299,0.59536524203166907,-1,1,3,1,0,-0.18475661074951089,-0.058997794809696191,0.12575881593981469,0,2
2001,50,4,0.77159914595058299,0.59536524203166907,-1,-1,1,0,0,-0.19781592179272023,-0.09525843872506698,0.10255748306765325,0,2
2001,50,4,0.77159914595058299,0.59536524203166907,-1,-1,3,1,0,-0.18475661074951089,-0.058997794809696191,0.12575881593981469,0,2
2002,34,36,0.7717840781873353,0.59565066334347483,1,1,1,0,1,-0.14755588105349265,0.075379434182263491,0.22293531523575616,0,0
2002,34,36,0.7717840781873353,0.59565066334347483,1,1,3,1,0,-1.1428227324699425,-0.059066295924529583,1.0837564365454129,0,2
2002,34,36,0.7717840781873353,0.59565066334347483,1,-1,1,0,0,-1.095110038434137,-0.095304106134955921,0.99980593229918113,0,2
2002,34,36,0.7717840781873353,0.59565066334347483,1,-1,3,1,0,-1.1428227324699425,-0.059066295924529583,1.0837564365454129,0,2
2002,34,36,0.7717840781873353,0.59565066334347483,-1,1,1,0,1,-0.047598684154869578,0.075379434182263491,0.12297811833713307,0,0
2002,34,36,0.7717840781873353,0.59565066334347483,-1,1,3,1,0,-0.18482511186434428,-0.059066295924529583,0.12575881593981469,0,2
2002,34,36,0.7717840781873353,0.59565066334347483,-1,-1,1,0,0,-0.1978626696041168,-0.095304106134955921,0.10255856346916088,0,2
2002,34,36,0.7717840781873353,0.59565066334347483,-1,-1,3,1,0,-0.18482511186434428,-0.059066295924529583,0.12575881593981469,0,2
2003,36,34,0.7717840781873353,0.59565066334347483,1,1,1,0,1,-0.14755588105349265,0.075379434182263491,0.22293531523575616,0,0
2003,36,34,0.7717840781873353,0.59565066334347483,1,1,3,1,0,-1.1428227324699425,-0.059066295924529583,1.0837564365454129,0,2
2003,36,34,0.7717840781873353,0.59565066334347483,1,-1,1,0,0,-1.095110038434137,-0.095304106134955921,0.99980593229918113,0,2
2003,36,34,0.7717840781873353,0.59565066334347483,1,-1,3,1,0,-1.1428227324699425,-0.059066295924529583,1.0837564365454129,0,2
2003,36,34,0.7717840781873353,0.59565066334347483,-1,1,1,0,1,-0.047598684154869578,0.075379434182263491,0.12297811833713307,0,0
2003,36,34,0.7717840781873353,0.59565066334347483,-1,1,3,1,0,-0.18482511186434428,-0.059066295924529583,0.12575881593981469,0,2
2003,36,34,0.7717840781873353,0.59565066334347483,-1,-1,1,0,0,-0.1978626696041168,-0.095304106134955921,0.10255856346916088,0,2
2003,36,34,0.7717840781873353,0.59565066334347483,-1,-1,3,1,0,-0.18482511186434428,-0.059066295924529583,0.12575881593981469,0,2
2004,14,48,0.77195226406765205,0.59591029799917394,1,1,1,0,1,-0.14754784221270917,0.075359968936776767,0.22290781114948593,0,0
2004,14,48,0.77195226406765205,0.59591029799917394,1,1,3,1,0,-1.1428850447873105,-0.059128608241897362,1.0837564365454131,0,2
2004,14,48,0.77195226406765205,0.59591029799917394,1,-1,1,0,0,-1.0951515825044988,-0.095345647679867765,0.99980593482463109,0,2
2004,14,48,0.77195226406765205,0.59591029799917394,1,-1,3,1,0,-1.1428850447873105,-0.059128608241897362,1.0837564365454131,0,2
2004,14,48,0.77195226406765205,0.59591029799917394,-1,1,1,0,1,-0.047619454927325527,0.075359968936776767,0.12297942386410229,0,0
2004,14,48,0.77195226406765205,0.59591029799917394,-1,1,3,1,0,-0.18488742418171206,-0.059128608241897362,0.12575881593981469,0,2
2004,14,48,0.77195226406765205,0.59591029799917394,-1,-1,1,0,0,-0.19790519478147864,-0.095345647679867765,0.10255954710161087,0,2
2004,14,48,0.77195226406765205,0.59591029799917394,-1,-1,3,1,0,-0.18488742418171206,-0.059128608241897362,0.12575881593981469,0,2
2005,48,14,0.77195226406765205,0.59591029799917394,1,1,1,0,1,-0.14754784221270917,0.075359968936776767,0.22290781114948593,0,0
2005,48,14,0.77195226406765205,0.59591029799917394,1,1,3,1,0,-1.1428850447873105,-0.059128608241897362,1.0837564365454131,0,2
2005,48,14,0.77195226406765205,0.59591029799917394,1,-1,1,0,0,-1.0951515825044988,-0.095345647679867765,0.99980593482463109,0,2
2005,48,14,0.77195226406765205,0.59591029799917394,1,-1,3,1,0,-1.1428850447873105,-0.059128608241897362,1.0837564365454131,0,2
2005,48,14,0.77195226406765205,0.59591029799917394,-1,1,1,0,1,-0.047619454927325527,0.075359968936776767,0.12297942386410229,0,0
2005,48,14,0.77195226406765205,0.59591029799917394,-1,1,3,1,0,-0.18488742418171206,-0.059128608241897362,0.12575881593981469,0,2
2005,48,14,0.77195226406765205,0.59591029799917394,-1,-1,1,0,0,-0.19790519478147864,-0.095345647679867765,0.10255954710161087,0,2
2005,48,14,0.77195226406765205,0.59591029799917394,-1,-1,3,1,0,-0.18488742418171206,-0.059128608241897362,0.12575881593981469,0,2
2006,28,41,0.77250096941512914,0.59675774774731427,1,1,1,0,1,-0.14752200850569777,0.075296438957714748,0.22281844746341251,0,0
2006,28,41,0.77250096941512914,0.59675774774731427,1,1,3,1,0,-1.143088432726864,-0.059331996181451047,1.0837564365454129,0,2
2006,28,41,0.77250096941512914,0.59675774774731427,1,-1,1,0,0,-1.0952871827065933,-0.09548123963957024,0.99980594306702308,0,2
2006,28,41,0.77250096941512914,0.59675774774731427,1,-1,3,1,0,-1.143088432726864,-0.059331996181451047,1.0837564365454129,0,2
2006,28,41,0.77250096941512914,0.59675774774731427,-1,1,1,0,1,-0.047687250907176737,0.075296438957714748,0.12298368986489149,0,0
2006,28,41,0.77250096941512914,0.59675774774731427,-1,1,3,1,0,-0.18509081212126574,-0.059331996181451047,0.12575881593981469,0,2
2006,28,41,0.77250096941512914,0.59675774774731427,-1,-1,1,0,0,-0.19804399967833258,-0.09548123963957024,0.10256276003876234,0,2
2006,28,41,0.77250096941512914,0.59675774774731427,-1,-1,3,1,0,-0.18509081212126574,-0.059331996181451047,0.12575881593981469,0,2
2007,41,28,0.77250096941512914,0.59675774774731427,1,1,1,0,1,-0.14752200850569777,0.075296438957714748,0.22281844746341251,0,0
2007,41,28,0.77250096941512914,0.59675774774731427,1,1,3,1,0,-1.143088432726864,-0.059331996181451047,1.0837564365454129,0,2
2007,41,28,0.77250096941512914,0.59675774774731427,1,-1,1,0,0,-1.0952871827065933,-0.09548123963957024,0.99980594306702308,0,2
2007,41,28,0.77250096941512914,0.59675774774731427,1,-1,3,1,0,-1.143088432726864,-0.059331996181451047,1.0837564365454129,0,2
2007,41,28,0.77250096941512914,0.59675774774731427,-1,1,1,0,1,-0.047687250907176737,0.075296438957714748,0.12298368986489149,0,0
2007,41,28,0.77250096941512914,0.59675774774731427,-1,1,3,1,0,-0.18509081212126574,-0.059331996181451047,0.12575881593981469,0,2
2007,41,28,0.77250096941512914,0.59675774774731427,-1,-1,1,0,0,-0.19804399967833258,-0.09548123963957024,0.10256276003876234,0,2
2007,41,28,0.77250096941512914,0.59675774774731427,-1,-1,3,1,0,-0.18509081212126574,-0.059331996181451047,0.12575881593981469,0,2
2008,33,37,0.77260816009846522,0.59692336905073573,1,1,1,0,1,-0.14751705659776204,0.075284023827741658,0.2228010804255037,0,0
2008,33,37,0.77260816009846522,0.59692336905073573,1,1,3,1,0,-1.1431281818396852,-0.059371745294272193,1.0837564365454131,0,2
2008,33,37,0.77260816009846522,0.59692336905073573,1,-1,1,0,0,-1.0953136837258675,-0.095507739048117685,0.99980594467774975,0,2
2008,33,37,0.77260816009846522,0.59692336905073573,1,-1,3,1,0,-1.1431281818396852,-0.059371745294272193,1.0837564365454131,0,2
2008,33,37,0.77260816009846522,0.59692336905073573,-1,1,1,0,1,-0.04770050061145046,0.075284023827741658,0.12298452443919211,0,0
2008,33,37,0.77260816009846522,0.59692336905073573,-1,1,3,1,0,-0.18513056123408689,-0.059371745294272193,0.12575881593981469,0,2
2008,33,37,0.77260816009846522,0.59692336905073573,-1,-1,1,0,0,-0.19807112734797633,-0.095507739048117685,0.10256338829985864,0,2
2008,33,37,0.77260816009846522,0.59692336905073573,-1,-1,3,1,0,-0.18513056123408689,-0.059371745294272193,0.12575881593981469,0,2
2009,37,33,0.77260816009846522,0.59692336905073573,1,1,1,0,1,-0.14751705659776204,0.075284023827741658,0.2228010804255037,0,0
2009,37,33,0.77260816009846522,0.59692336905073573,1,1,3,1,0,-1.1431281818396852,-0.059371745294272193,1.0837564365454131,0,2
2009,37,33,0.77260816009846522,0.59692336905073573,1,-1,1,0,0,-1.0953136837258675,-0.095507739048117685,0.99980594467774975,0,2
2009,37,33,0.77260816009846522,0.59692336905073573,1,-1,3,1,0,-1.1431281818396852,-0.059371745294272193,1.0837564365454131,0,2
2009,37,33,0.77260816009846522,0.59692336905073573,-1,1,1,0,1,-0.04770050061145046,0.075284023827741658,0.12298452443919211,0,0
2009,37,33,0.77260816009846522,0.59692336905073573,-1,1,3,1,0,-0.18513056123408689,-0.059371745294272193,0.12575881593981469,0,2
2009,37,33,0.77260816009846522,0.59692336905073573,-1,-1,1,0,0,-0.19807112734797633,-0.095507739048117685,0.10256338829985864,0,2
2009,37,33,0.77260816009846522,0.59692336905073573,-1,-1,3,1,0,-0.18513056123408689,-0.059371745294272193,0.12575881593981469,0,2
2010,25,43,0.77275314421438535,0.59714742189321868,1,1,1,0,1,-0.14751036847162063,0.075267229055379664,0.2227775975270003,0,0
2010,25,43,0.77275314421438535,0.59714742189321868,1,1,3,1,0,-1.1431819545218811,-0.059425517976468112,1.0837564365454129,0,2
2010,25,43,0.77275314421438535,0.59714742189321868,1,-1,1,0,0,-1.0953495343595947,-0.095543587502914959,0.99980594685667978,0,2
2010,25,43,0.77275314421438535,0.59714742189321868,1,-1,3,1,0,-1.1431819545218811,-0.059425517976468112,1.0837564365454129,0,2
2010,25,43,0.77275314421438535,0.59714742189321868,-1,1,1,0,1,-0.04771842483884909,0.075267229055379664,0.12298565389422875,0,0
2010,25,43,0.77275314421438535,0.59714742189321868,-1,1,3,1,0,-0.18518433391628281,-0.059425517976468112,0.12575881593981469,0,2
2010,25,43,0.77275314421438535,0.59714742189321868,-1,-1,1,0,0,-0.19810782599561011,-0.095543587502914959,0.10256423849269515,0,2
2010,25,43,0.77275314421438535,0.59714742189321868,-1,-1,3,1,0,-0.18518433391628281,-0.059425517976468112,0.12575881593981469,0,2
2011,43,25,0.77275314421438535,0.59714742189321868,1,1,1,0,1,-0.14751036847162063,0.075267229055379664,0.2227775975270003,0,0
2011,43,25,0.77275314421438535,0.59714742189321868,1,1,3,1,0,-1.1431819545218811,-0.059425517976468112,1.0837564365454129,0,2
2011,43,25,0.77275314421438535,0.59714742189321868,1,-1,1,0,0,-1.0953495343595947,-0.095543587502914959,0.99980594685667978,0,2
2011,43,25,0.77275314421438535,0.59714742189321868,1,-1,3,1,0,-1.1431819545218811,-0.059425517976468112,1.0837564365454129,0,2
2011,43,25,0.77275314421438535,0.59714742189321868,-1,1,1,0,1,-0.04771842483884909,0.075267229055379664,0.12298565389422875,0,0
2011,43,25,0.77275314421438535,0.59714742189321868,-1,1,3,1,0,-0.18518433391628281,-0.059425517976468112,0.12575881593981469,0,2
2011,43,25,0.77275314421438535,0.59714742189321868,-1,-1,1,0,0,-0.19810782599561011,-0.095543587502914959,0.10256423849269515,0,2
2011,43,25,0.77275314421438535,0.59714742189321868,-1,-1,3,1,0,-0.18518433391628281,-0.059425517976468112,0.12575881593981469,0,2
2012,17,47,0.77287560444952497,0.59733669995321859,1,1,1,0,1,-0.14750474972135239,0.075253041360394887,0.22275779108174726,0,0
2012,17,47,0.77287560444952497,0.59733669995321859,1,1,3,1,0,-1.143227381256281,-0.059470944710868084,1.0837564365454129,0,2
2012,17,47,0.77287560444952497,0.59733669995321859,1,-1,1,0,0,-1.095379820689879,-0.095573871992514922,0.99980594869736417,0,2
2012,17,47,0.77287560444952497,0.59733669995321859,1,-1,3,1,0,-1.143227381256281,-0.059470944710868084,1.0837564365454129,0,2
2012,17,47,0.77287560444952497,0.59733669995321859,-1,1,1,0,1,-0.047733567083649078,0.075253041360394887,0.12298660844404397,0,0
2012,17,47,0.77287560444952497,0.59733669995321859,-1,1,3,1,0,-0.18522976065068278,-0.059470944710868084,0.12575881593981469,0,2
2012,17,47,0.77287560444952497,0.59733669995321859,-1,-1,1,0,0,-0.19813882938138244,-0.095573871992514922,0.10256495738886752,0,2
2012,17,47,0.77287560444952497,0.59733669995321859,-1,-1,3,1,0,-0.18522976065068278,-0.059470944710868084,0.12575881593981469,0,2
2013,47,17,0.77287560444952497,0.59733669995321859,1,1,1,0,1,-0.14750474972135239,0.075253041360394887,0.22275779108174726,0,0
2013,47,17,0.77287560444952497,0.59733669995321859,1,1,3,1,0,-1.143227381256281,-0.059470944710868084,1.0837564365454129,0,2
2013,47,17,0.77287560444952497,0.59733669995321859,1,-1,1,0,0,-1.095379820689879,-0.095573871992514922,0.99980594869736417,0,2
2013,47,17,0.77287560444952497,0.59733669995321859,1,-1,3,1,0,-1.143227381256281,-0.059470944710868084,1.0837564365454129,0,2
2013,47,17,0.77287560444952497,0.59733669995321859,-1,1,1,0,1,-0.047733567083649078,0.075253041360394887,0.12298660844404397,0,0
2013,47,17,0.77287560444952497,0.59733669995321859,-1,1,3,1,0,-0.18522976065068278,-0.059470944710868084,0.12575881593981469,0,2
2013,47,17,0.77287560444952497,0.59733669995321859,-1,-1,1,0,0,-0.19813882938138244,-0.095573871992514922,0.10256495738886752,0,2
2013,47,17,0.77287560444952497,0.59733669995321859,-1,-1,3,1,0,-0.18522976065068278,-0.059470944710868084,0.12575881593981469,0,2
2014,5,50,0.77305004223469864,0.59760636779906939,1,1,1,0,1,-0.14749683504637837,0.075232828521812664,0.22272966356819102,0,0
2014,5,50,0.77305004223469864,0.59760636779906939,1,1,3,1,0,-1.1432921015392852,-0.059535664993872278,1.0837564365454129,0,2
2014,5,50,0.77305004223469864,0.59760636779906939,1,-1,1,0,0,-1.0954229701675795,-0.095617018847851065,0.99980595131972838,0,2
2014,5,50,0.77305004223469864,0.59760636779906939,1,-1,3,1,0,-1.1432921015392852,-0.059535664993872278,1.0837564365454129,0,2
2014,5,50,0.77305004223469864,0.59760636779906939,-1,1,1,0,1,-0.047755140511317136,0.075232828521812664,0.12298796903312981,0,0
2014,5,50,0.77305004223469864,0.59760636779906939,-1,1,3,1,0,-0.18529448093368697,-0.059535664993872278,0.12575881593981469,0,2
2014,5,50,0.77305004223469864,0.59760636779906939,-1,-1,1,0,0,-0.19818300029881888,-0.095617018847851065,0.10256598145096782,0,2
2014,5,50,0.77305004223469864,0.59760636779906939,-1,-1,3,1,0,-0.18529448093368697,-0.059535664993872278,0.12575881593981469,0,2
2015,50,5,0.77305004223469864,0.59760636779906939,1,1,1,0,1,-0.14749683504637837,0.075232828521812664,0.22272966356819102,0,0
2015,50,5,0.77305004223469864,0.59760636779906939,1,1,3,1,0,-1.1432921015392852,-0.059535664993872278,1.0837564365454129,0,2
2015,50,5,0.77305004223469864,0.59760636779906939,1,-1,1,0,0,-1.0954229701675795,-0.095617018847851065,0.99980595131972838,0,2
2015,50,5,0.77305004223469864,0.59760636779906939,1,-1,3,1,0,-1.1432921015392852,-0.059535664993872278,1.0837564365454129,0,2
2015,50,5,0.77305004223469864,0.59760636779906939,-1,1,1,0,1,-0.047755140511317136,0.075232828521812664,0.12298796903312981,0,0
2015,50,5,0.77305004223469864,0.59760636779906939,-1,1,3,1,0,-0.18529448093368697,-0.059535664993872278,0.12575881593981469,0,2
2015,50,5,0.77305004223469864,0.59760636779906939,-1,-1,1,0,0,-0.19818300029881888,-0.095617018847851065,0.10256598145096782,0,2
2015,50,5,0.77305004223469864,0.59760636779906939,-1,-1,3,1,0,-0.18529448093368697,-0.059535664993872278,0.12575881593981469,0,2
2016,32,38,0.77397945243970145,0.59904419279886012,1,1,1,0,1,-0.14745561365170881,0.075125069339313247,0.22258068299102207,0,0
2016,32,38,0.77397945243970145,0.59904419279886012,1,1,3,1,0,-1.143637179539235,-0.059880742993822039,1.0837564365454131,0,2
2016,32,38,0.77397945243970145,0.59904419279886012,1,-1,1,0,0,-1.0956530361477417,-0.095847070847817545,0.99980596529992416,0,2
2016,32,38,0.77397945243970145,0.59904419279886012,1,-1,3,1,0,-1.143637179539235,-0.059880742993822039,1.0837564365454131,0,2
2016,32,38,0.77397945243970145,0.59904419279886012,-1,1,1,0,1,-0.047870166511300417,0.075125069339313247,0.12299523585061367,0,0
2016,32,38,0.77397945243970145,0.59904419279886012,-1,1,3,1,0,-0.18563955893363673,-0.059880742993822039,0.12575881593981469,0,2
2016,32,38,0.77397945243970145,0.59904419279886012,-1,-1,1,0,0,-0.1984185202962182,-0.095847070847817545,0.10257144944840066,0,2
2016,32,38,0.77397945243970145,0.59904419279886012,-1,-1,3,1,0,-0.18563955893363673,-0.059880742993822039,0.12575881593981469,0,2
2017,38,32,0.77397945243970145,0.59904419279886012,1,1,1,0,1,-0.14745561365170881,0.075125069339313247,0.22258068299102207,0,0
2017,38,32,0.77397945243970145,0.59904419279886012,1,1,3,1,0,-1.143637179539235,-0.059880742993822039,1.0837564365454131,0,2
2017,38,32,0.77397945243970145,0.59904419279886012,1,-1,1,0,0,-1.0956530361477417,-0.095847070847817545,0.99980596529992416,0,2
2017,38,32,0.77397945243970145,0.59904419279886012,1,-1,3,1,0,-1.143637179539235,-0.059880742993822039,1.0837564365454131,0,2
2017,38,32,0.77397945243970145,0.59904419279886012,-1,1,1,0,1,-0.047870166511300417,0.075125069339313247,0.12299523585061367,0,0
2017,38,32,0.77397945243970145,0.59904419279886012,-1,1,3,1,0,-0.18563955893363673,-0.059880742993822039,0.12575881593981469,0,2
2017,38,32,0.77397945243970145,0.59904419279886012,-1,-1,1,0,0,-0.1984185202962182,-0.095847070847817545,0.10257144944840066,0,2
2017,38,32,0.77397945243970145,0.59904419279886012,-1,-1,3,1,0,-0.18563955893363673,-0.059880742993822039,0.12575881593981469,0,2
2018,11,49,0.77409436015581223,0.59922207842503639,1,1,1,0,1,-0.14745066326602174,0.075111738976494868,0.22256240224251661,0,0
2018,11,49,0.77409436015581223,0.59922207842503639,1,1,3,1,0,-1.1436798720895174,-0.059923435544104342,1.0837564365454131,0,2
2018,11,49,0.77409436015581223,0.59922207842503639,1,-1,1,0,0,-1.0956814995773261,-0.095875532548005751,0.99980596702932034,0,2
2018,11,49,0.77409436015581223,0.59922207842503639,1,-1,3,1,0,-1.1436798720895174,-0.059923435544104342,1.0837564365454131,0,2
2018,11,49,0.77409436015581223,0.59922207842503639,-1,1,1,0,1,-0.047884397361394528,0.075111738976494868,0.12299613633788939,0,0
2018,11,49,0.77409436015581223,0.59922207842503639,-1,1,3,1,0,-0.18568225148391904,-0.059923435544104342,0.12575881593981469,0,2
2018,11,49,0.77409436015581223,0.59922207842503639,-1,-1,1,0,0,-0.19844765953749022,-0.095875532548005751,0.10257212698948447,0,2
2018,11,49,0.77409436015581223,0.59922207842503639,-1,-1,3,1,0,-0.18568225148391904,-0.059923435544104342,0.12575881593981469,0,2
2019,49,11,0.77409436015581223,0.59922207842503639,1,1,1,0,1,-0.14745066326602174,0.075111738976494868,0.22256240224251661,0,0
2019,49,11,0.77409436015581223,0.59922207842503639,1,1,3,1,0,-1.1436798720895174,-0.059923435544104342,1.0837564365454131,0,2
2019,49,11,0.77409436015581223,0.59922207842503639,1,-1,1,0,0,-1.0956814995773261,-0.095875532548005751,0.99980596702932034,0,2
2019,49,11,0.77409436015581223,0.59922207842503639,1,-1,3,1,0,-1.1436798720895174,-0.059923435544104342,1.0837564365454131,0,2
2019,49,11,0.77409436015581223,0.59922207842503639,-1,1,1,0,1,-0.047884397361394528,0.075111738976494868,0.12299613633788939,0,0
2019,49,11,0.77409436015581223,0.59922207842503639,-1,1,3,1,0,-0.18568225148391904,-0.059923435544104342,0.12575881593981469,0,2
2019,49,11,0.77409436015581223,0.59922207842503639,-1,-1,1,0,0,-0.19844765953749022,-0.095875532548005751,0.10257212698948447,0,2
2019,49,11,0.77409436015581223,0.59922207842503639,-1,-1,3,1,0,-0.18568225148391904,-0.059923435544104342,0.12575881593981469,0,2
2020,6,50,0.77481893594080664,0.6003443834924439,1,1,1,0,1,-0.14741993943612869,0.075027643202945915,0.2224475826390746,0,0
2020,6,50,0.77481893594080664,0.6003443834924439,1,1,3,1,0,-1.1439492253056951,-0.060192788760282168,1.0837564365454129,0,2
2020,6,50,0.77481893594080664,0.6003443834924439,1,-1,1,0,0,-1.0958610792980277,-0.096055101358791001,0.99980597793923665,0,2
2020,6,50,0.77481893594080664,0.6003443834924439,1,-1,3,1,0,-1.1439492253056951,-0.060192788760282168,1.0837564365454129,0,2
2020,6,50,0.77481893594080664,0.6003443834924439,-1,1,1,0,1,-0.047974181766787111,0.075027643202945915,0.12300182496973303,0,0
2020,6,50,0.77481893594080664,0.6003443834924439,-1,1,3,1,0,-0.18595160470009686,-0.060192788760282168,0.12575881593981469,0,2
2020,6,50,0.77481893594080664,0.6003443834924439,-1,-1,1,0,0,-0.19863150636906129,-0.096055101358791001,0.10257640501027029,0,2
2020,6,50,0.77481893594080664,0.6003443834924439,-1,-1,3,1,0,-0.18595160470009686,-0.060192788760282168,0.12575881593981469,0,2
2021,50,6,0.77481893594080664,0.6003443834924439,1,1,1,0,1,-0.14741993943612869,0.075027643202945915,0.2224475826390746,0,0
2021,50,6,0.77481893594080664,0.6003443834924439,1,1,3,1,0,-1.1439492253056951,-0.060192788760282168,1.0837564365454129,0,2
2021,50,6,0.77481893594080664,0.6003443834924439,1,-1,1,0,0,-1.0958610792980277,-0.096055101358791001,0.99980597793923665,0,2
2021,50,6,0.77481893594080664,0.6003443834924439,1,-1,3,1,0,-1.1439492253056951,-0.060192788760282168,1.0837564365454129,0,2
2021,50,6,0.77481893594080664,0.6003443834924439,-1,1,1,0,1,-0.047974181766787111,0.075027643202945915,0.12300182496973303,0,0
2021,50,6,0.77481893594080664,0.6003443834924439,-1,1,3,1,0,-0.18595160470009686,-0.060192788760282168,0.12575881593981469,0,2
2021,50,6,0.77481893594080664,0.6003443834924439,-1,-1,1,0,0,-0.19863150636906129,-0.096055101358791001,0.10257640501027029,0,2
2021,50,6,0.77481893594080664,0.6003443834924439,-1,-1,3,1,0,-0.18595160470009686,-0.060192788760282168,0.12575881593981469,0,2
2022,31,39,0.77589471324021009,0.60201260603410778,1,1,1,0,1,-0.14737627204466,0.07490266446896876,0.22227893651362876,0,0
2022,31,39,0.77589471324021009,0.60201260603410778,1,1,3,1,0,-1.1443495987156944,-0.060593162170281489,1.0837564365454129,0,2
2022,31,39,0.77589471324021009,0.60201260603410778,1,-1,1,0,0,-1.0961280111180138,-0.096322016965457183,0.99980599415255667,0,2
2022,31,39,0.77589471324021009,0.60201260603410778,1,-1,3,1,0,-1.1443495987156944,-0.060593162170281489,1.0837564365454129,0,2
2022,31,39,0.77589471324021009,0.60201260603410778,-1,1,1,0,1,-0.048107639570120223,0.07490266446896876,0.12301030403908898,0,0
2022,31,39,0.77589471324021009,0.60201260603410778,-1,1,3,1,0,-0.18635197811009618,-0.060593162170281489,0.12575881593981469,0,2
2022,31,39,0.77589471324021009,0.60201260603410778,-1,-1,1,0,0,-0.19890479532024602,-0.096322016965457183,0.10258277835478884,0,2
2022,31,39,0.77589471324021009,0.60201260603410778,-1,-1,3,1,0,-0.18635197811009618,-0.060593162170281489,0.12575881593981469,0,2
2023,39,31,0.77589471324021009,0.60201260603410778,1,1,1,0,1,-0.14737627204466,0.07490266446896876,0.22227893651362876,0,0
2023,39,31,0.77589471324021009,0.60201260603410778,1,1,3,1,0,-1.1443495987156944,-0.060593162170281489,1.0837564365454129,0,2
2023,39,31,0.77589471324021009,0.60201260603410778,1,-1,1,0,0,-1.0961280111180138,-0.096322016965457183,0.99980599415255667,0,2
2023,39,31,0.77589471324021009,0.60201260603410778,1,-1,3,1,0,-1.1443495987156944,-0.060593162170281489,1.0837564365454129,0,2
2023,39,31,0.77589471324021009,0.60201260603410778,-1,1,1,0,1,-0.048107639570120223,0.07490266446896876,0.12301030403908898,0,0
2023,39,31,0.77589471324021009,0.60201260603410778,-1,1,3,1,0,-0.18635197811009618,-0.060593162170281489,0.12575881593981469,0,2
2023,39,31,0.77589471324021009,0.60201260603410778,-1,-1,1,0,0,-0.19890479532024602,-0.096322016965457183,0.10258277835478884,0,2
2023,39,31,0.77589471324021009,0.60201260603410778,-1,-1,3,1,0,-0.18635197811009618,-0.060593162170281489,0.12575881593981469,0,2
2024,27,42,0.7763466882203407,0.60271418031069091,1,1,1,0,1,-0.1473585960832392,0.074850112732289323,0.22220870881552851,0,0
2024,27,42,0.7763466882203407,0.60271418031069091,1,1,3,1,0,-1.1445179765420743,-0.060761539996661423,1.0837564365454129,0,2
2024,27,42,0.7763466882203407,0.60271418031069091,1,-1,1,0,0,-1.0962402698195768,-0.096434268849710472,0.99980600096986627,0,2
2024,27,42,0.7763466882203407,0.60271418031069091,1,-1,3,1,0,-1.1445179765420743,-0.060761539996661423,1.0837564365454129,0,2
2024,27,42,0.7763466882203407,0.60271418031069091,-1,1,1,0,1,-0.048163765512246881,0.074850112732289323,0.1230138782445362,0,0
2024,27,42,0.7763466882203407,0.60271418031069091,-1,1,3,1,0,-0.18652035593647612,-0.060761539996661423,0.12575881593981469,0,2
2024,27,42,0.7763466882203407,0.60271418031069091,-1,-1,1,0,0,-0.1990197325070488,-0.096434268849710472,0.10258546365733832,0,2
2024,27,42,0.7763466882203407,0.60271418031069091,-1,-1,3,1,0,-0.18652035593647612,-0.060761539996661423,0.12575881593981469,0,2
2025,42,27,0.7763466882203407,0.60271418031069091,1,1,1,0,1,-0.1473585960832392,0.074850112732289323,0.22220870881552851,0,0
2025,42,27,0.7763466882203407,0.60271418031069091,1,1,3,1,0,-1.1445179765420743,-0.060761539996661423,1.0837564365454129,0,2
2025,42,27,0.7763466882203407,0.60271418031069091,1,-1,1,0,0,-1.0962402698195768,-0.096434268849710472,0.99980600096986627,0,2
2025,42,27,0.7763466882203407,0.60271418031069091,1,-1,3,1,0,-1.1445179765420743,-0.060761539996661423,1.0837564365454129,0,2
2025,42,27,0.7763466882203407,0.60271418031069091,-1,1,1,0,1,-0.048163765512246881,0.074850112732289323,0.1230138782445362,0,0
2025,42,27,0.7763466882203407,0.60271418031069091,-1,1,3,1,0,-0.18652035593647612,-0.060761539996661423,0.12575881593981469,0,2
2025,42,27,0.7763466882203407,0.60271418031069091,-1,-1,1,0,0,-0.1990197325070488,-0.096434268849710472,0.10258546365733832,0,2
2025,42,27,0.7763466882203407,0.60271418031069091,-1,-1,3,1,0,-0.18652035593647612,-0.060761539996661423,0.12575881593981469,0,2
2026,15,48,0.77657892478627522,0.60307482642220722,1,1,1,0,1,-0.14734969261473413,0.07482310028552254,0.22217279290025665,0,0
2026,15,48,0.77657892478627522,0.60307482642220722,1,1,3,1,0,-1.1446045316088382,-0.060848095063425339,1.0837564365454129,0,2
2026,15,48,0.77657892478627522,0.60307482642220722,1,-1,1,0,0,-1.0962979767015915,-0.096491972227553069,0.99980600447403845,0,2
2026,15,48,0.77657892478627522,0.60307482642220722,1,-1,3,1,0,-1.1446045316088382,-0.060848095063425339,1.0837564365454129,0,2
2026,15,48,0.77657892478627522,0.60307482642220722,-1,1,1,0,1,-0.048192617201168193,0.07482310028552254,0.12301571748669074,0,0
2026,15,48,0.77657892478627522,0.60307482642220722,-1,1,3,1,0,-0.18660691100324003,-0.060848095063425339,0.12575881593981469,0,2
2026,15,48,0.77657892478627522,0.60307482642220722,-1,-1,1,0,0,-0.19907881706651254,-0.096491972227553069,0.10258684483895947,0,2
2026,15,48,0.77657892478627522,0.60307482642220722,-1,-1,3,1,0,-0.18660691100324003,-0.060848095063425339,0.12575881593981469,0,2
2027,48,15,0.77657892478627522,0.60307482642220722,1,1,1,0,1,-0.14734969261473413,0.07482310028552254,0.22217279290025665,0,0
2027,48,15,0.77657892478627522,0.60307482642220722,1,1,3,1,0,-1.1446045316088382,-0.060848095063425339,1.0837564365454129,0,2
2027,48,15,0.77657892478627522,0.60307482642220722,1,-1,1,0,0,-1.0962979767015915,-0.096491972227553069,0.99980600447403845,0,2
2027,48,15,0.77657892478627522,0.60307482642220722,1,-1,3,1,0,-1.1446045316088382,-0.060848095063425339,1.0837564365454129,0,2
2027,48,15,0.77657892478627522,0.60307482642220722,-1,1,1,0,1,-0.048192617201168193,0.07482310028552254,0.12301571748669074,0,0
2027,48,15,0.77657892478627522,0.60307482642220722,-1,1,3,1,0,-0.18660691100324003,-0.060848095063425339,0.12575881593981469,0,2
2027,48,15,0.77657892478627522,0.60307482642220722,-1,-1,1,0,0,-0.19907881706651254,-0.096491972227553069,0.10258684483895947,0,2
2027,48,15,0.77657892478627522,0.60307482642220722,-1,-1,3,1,0,-0.18660691100324003,-0.060848095063425339,0.12575881593981469,0,2
2028,22,45,0.77667829576482805,0.60322917511215779,1,1,1,0,1,-0.14734589086637695,0.074811539942423053,0.22215743080880002,0,0
2028,22,45,0.77667829576482805,0.60322917511215779,1,1,3,1,0,-1.1446415752944266,-0.060885138749013495,1.0837564365454131,0,2
2028,22,45,0.77667829576482805,0.60322917511215779,1,-1,1,0,0,-1.0963226739916343,-0.096516668017945201,0.99980600597368907,0,2
2028,22,45,0.77667829576482805,0.60322917511215779,1,-1,3,1,0,-1.1446415752944266,-0.060885138749013495,1.0837564365454131,0,2
2028,22,45,0.77667829576482805,0.60322917511215779,-1,1,1,0,1,-0.048204965096364218,0.074811539942423053,0.12301650503878728,0,0
2028,22,45,0.77667829576482805,0.60322917511215779,-1,1,3,1,0,-0.18664395468882819,-0.060885138749013495,0.12575881593981469,0,2
2028,22,45,0.77667829576482805,0.60322917511215779,-1,-1,1,0,0,-0.19910410453595206,-0.096516668017945201,0.10258743651800686,0,2
2028,22,45,0.77667829576482805,0.60322917511215779,-1,-1,3,1,0,-0.18664395468882819,-0.060885138749013495,0.12575881593981469,0,2
2029,45,22,0.77667829576482805,0.60322917511215779,1,1,1,0,1,-0.14734589086637695,0.074811539942423053,0.22215743080880002,0,0
2029,45,22,0.77667829576482805,0.60322917511215779,1,1,3,1,0,-1.1446415752944266,-0.060885138749013495,1.0837564365454131,0,2
2029,45,22,0.77667829576482805,0.60322917511215779,1,-1,1,0,0,-1.0963226739916343,-0.096516668017945201,0.99980600597368907,0,2
2029,45,22,0.77667829576482805,0.60322917511215779,1,-1,3,1,0,-1.1446415752944266,-0.060885138749013495,1.0837564365454131,0,2
2029,45,22,0.77667829576482805,0.60322917511215779,-1,1,1,0,1,-0.048204965096364218,0.074811539942423053,0.12301650503878728,0,0
2029,45,22,0.77667829576482805,0.60322917511215779,-1,1,3,1,0,-0.18664395468882819,-0.060885138749013495,0.12575881593981469,0,2
2029,45,22,0.77667829576482805,0.60322917511215779,-1,-1,1,0,0,-0.19910410453595206,-0.096516668017945201,0.10258743651800686,0,2
2029,45,22,0.77667829576482805,0.60322917511215779,-1,-1,3,1,0,-0.18664395468882819,-0.060885138749013495,0.12575881593981469,0,2
2030,20,46,0.77682378297849264,0.6034551898010162,1,1,1,0,1,-0.14734038828580201,0.074794612418107739,0.22213500070390974,0,0
2030,20,46,0.77682378297849264,0.6034551898010162,1,1,3,1,0,-1.1446958188197525,-0.06093938227433951,1.0837564365454129,0,2
2030,20,46,0.77682378297849264,0.6034551898010162,1,-1,1,0,0,-1.0963588385377443,-0.096552830368162548,0.99980600816958176,0,2
2030,20,46,0.77682378297849264,0.6034551898010162,1,-1,3,1,0,-1.1446958188197525,-0.06093938227433951,1.0837564365454129,0,2
2030,20,46,0.77682378297849264,0.6034551898010162,-1,1,1,0,1,-0.048223046271472905,0.074794612418107739,0.12301765868958064,0,0
2030,20,46,0.77682378297849264,0.6034551898010162,-1,1,3,1,0,-0.1866981982141542,-0.06093938227433951,0.12575881593981469,0,2
2030,20,46,0.77682378297849264,0.6034551898010162,-1,-1,1,0,0,-0.19914113351670196,-0.096552830368162548,0.10258830314853941,0,2
2030,20,46,0.77682378297849264,0.6034551898010162,-1,-1,3,1,0,-0.1866981982141542,-0.06093938227433951,0.12575881593981469,0,2
2031,46,20,0.77682378297849264,0.6034551898010162,1,1,1,0,1,-0.14734038828580201,0.074794612418107739,0.22213500070390974,0,0
2031,46,20,0.77682378297849264,0.6034551898010162,1,1,3,1,0,-1.1446958188197525,-0.06093938227433951,1.0837564365454129,0,2
2031,46,20,0.77682378297849264,0.6034551898010162,1,-1,1,0,0,-1.0963588385377443,-0.096552830368162548,0.99980600816958176,0,2
2031,46,20,0.77682378297849264,0.6034551898010162,1,-1,3,1,0,-1.1446958188197525,-0.06093938227433951,1.0837564365454129,0,2
2031,46,20,0.77682378297849264,0.6034551898010162,-1,1,1,0,1,-0.048223046271472905,0.074794612418107739,0.12301765868958064,0,0
2031,46,20,0.77682378297849264,0.6034551898010162,-1,1,3,1,0,-0.1866981982141542,-0.06093938227433951,0.12575881593981469,0,2
2031,46,20,0.77682378297849264,0.6034551898010162,-1,-1,1,0,0,-0.19914113351670196,-0.096552830368162548,0.10258830314853941,0,2
2031,46,20,0.77682378297849264,0.6034551898010162,-1,-1,3,1,0,-0.1866981982141542,-0.06093938227433951,0.12575881593981469,0,2
2032,7,50,0.77690321581319266,0.60357860674088015,1,1,1,0,1,-0.14733740306091789,0.074785369237104063,0.22212277229802196,0,0
2032,7,50,0.77690321581319266,0.60357860674088015,1,1,3,1,0,-1.1447254388853199,-0.060969002339906847,1.0837564365454131,0,2
2032,7,50,0.77690321581319266,0.60357860674088015,1,-1,1,0,0,-1.0963785864471736,-0.096572577078540764,0.99980600936863284,0,2
2032,7,50,0.77690321581319266,0.60357860674088015,1,-1,3,1,0,-1.1447254388853199,-0.060969002339906847,1.0837564365454131,0,2
2032,7,50,0.77690321581319266,0.60357860674088015,-1,1,1,0,1,-0.048232919626662013,0.074785369237104063,0.12301828886376608,0,0
2032,7,50,0.77690321581319266,0.60357860674088015,-1,1,3,1,0,-0.18672781827972154,-0.060969002339906847,0.12575881593981469,0,2
2032,7,50,0.77690321581319266,0.60357860674088015,-1,-1,1,0,0,-0.19916135340001229,-0.096572577078540764,0.10258877632147152,0,2
2032,7,50,0.77690321581319266,0.60357860674088015,-1,-1,3,1,0,-0.18672781827972154,-0.060969002339906847,0.12575881593981469,0,2
2033,50,7,0.77690321581319266,0.60357860674088015,1,1,1,0,1,-0.14733740306091789,0.074785369237104063,0.22212277229802196,0,0
2033,50,7,0.77690321581319266,0.60357860674088015,1,1,3,1,0,-1.1447254388853199,-0.060969002339906847,1.0837564365454131,0,2
2033,50,7,0.77690321581319266,0.60357860674088015,1,-1,1,0,0,-1.0963785864471736,-0.096572577078540764,0.99980600936863284,0,2
2033,50,7,0.77690321581319266,0.60357860674088015,1,-1,3,1,0,-1.1447254388853199,-0.060969002339906847,1.0837564365454131,0,2
2033,50,7,0.77690321581319266,0.60357860674088015,-1,1,1,0,1,-0.048232919626662013,0.074785369237104063,0.12301828886376608,0,0
2033,50,7,0.77690321581319266,0.60357860674088015,-1,1,3,1,0,-0.18672781827972154,-0.060969002339906847,0.12575881593981469,0,2
2033,50,7,0.77690321581319266,0.60357860674088015,-1,-1,1,0,0,-0.19916135340001229,-0.096572577078540764,0.10258877632147152,0,2
2033,50,7,0.77690321581319266,0.60357860674088015,-1,-1,3,1,0,-0.18672781827972154,-0.060969002339906847,0.12575881593981469,0,2
2034,12,49,0.77776782093070462,0.60492278327529658,1,1,1,0,1,-0.14730560240775525,0.074684708377575376,0.22199031078533063,0,0
2034,12,49,0.77776782093070462,0.60492278327529658,1,1,3,1,0,-1.1450480412535797,-0.061291604708166803,1.0837564365454129,0,2
2034,12,49,0.77776782093070462,0.60492278327529658,1,-1,1,0,0,-1.0965936677504959,-0.096787645324047406,0.99980602242644856,0,2
2034,12,49,0.77776782093070462,0.60492278327529658,1,-1,3,1,0,-1.1450480412535797,-0.061291604708166803,1.0837564365454129,0,2
2034,12,49,0.77776782093070462,0.60492278327529658,-1,1,1,0,1,-0.048340453749415327,0.074684708377575376,0.1230251621269907,0,0
2034,12,49,0.77776782093070462,0.60492278327529658,-1,1,3,1,0,-0.1870504206479815,-0.061291604708166803,0.12575881593981469,0,2
2034,12,49,0.77776782093070462,0.60492278327529658,-1,-1,1,0,0,-0.19938158195486333,-0.096787645324047406,0.10259393663081592,0,2
2034,12,49,0.77776782093070462,0.60492278327529658,-1,-1,3,1,0,-0.1870504206479815,-0.061291604708166803,0.12575881593981469,0,2
2035,49,12,0.77776782093070462,0.60492278327529658,1,1,1,0,1,-0.14730560240775525,0.074684708377575376,0.22199031078533063,0,0
2035,49,12,0.77776782093070462,0.60492278327529658,1,1,3,1,0,-1.1450480412535797,-0.061291604708166803,1.0837564365454129,0,2
2035,49,12,0.77776782093070462,0.60492278327529658,1,-1,1,0,0,-1.0965936677504959,-0.096787645324047406,0.99980602242644856,0,2
2035,49,12,0.77776782093070462,0.60492278327529658,1,-1,3,1,0,-1.1450480412535797,-0.061291604708166803,1.0837564365454129,0,2
2035,49,12,0.77776782093070462,0.60492278327529658,-1,1,1,0,1,-0.048340453749415327,0.074684708377575376,0.1230251621269907,0,0
2035,49,12,0.77776782093070462,0.60492278327529658,-1,1,3,1,0,-0.1870504206479815,-0.061291604708166803,0.12575881593981469,0,2
2035,49,12,0.77776782093070462,0.60492278327529658,-1,-1,1,0,0,-0.19938158195486333,-0.096787645324047406,0.10259393663081592,0,2
2035,49,12,0.77776782093070462,0.60492278327529658,-1,-1,3,1,0,-0.1870504206479815,-0.061291604708166803,0.12575881593981469,0,2
2036,24,44,0.77798176821092502,0.60525563166859742,1,1,1,0,1,-0.14729793764997068,0.074659785255543121,0.2219577229055138,0,0
2036,24,44,0.77798176821092502,0.60525563166859742,1,1,3,1,0,-1.145127924867972,-0.061371488322559009,1.0837564365454129,0,2
2036,24,44,0.77798176821092502,0.60525563166859742,1,-1,1,0,0,-1.0966469267264196,-0.096840901066975557,0.9998060256594441,0,2
2036,24,44,0.77798176821092502,0.60525563166859742,1,-1,3,1,0,-1.145127924867972,-0.061371488322559009,1.0837564365454129,0,2
2036,24,44,0.77798176821092502,0.60525563166859742,-1,1,1,0,1,-0.048367081620879375,0.074659785255543121,0.1230268668764225,0,0
2036,24,44,0.77798176821092502,0.60525563166859742,-1,1,3,1,0,-0.1871303042623737,-0.061371488322559009,0.12575881593981469,0,2
2036,24,44,0.77798176821092502,0.60525563166859742,-1,-1,1,0,0,-0.19943611713544929,-0.096840901066975557,0.10259521606847373,0,2
2036,24,44,0.77798176821092502,0.60525563166859742,-1,-1,3,1,0,-0.1871303042623737,-0.061371488322559009,0.12575881593981469,0,2
2037,44,24,0.77798176821092502,0.60525563166859742,1,1,1,0,1,-0.14729793764997068,0.074659785255543121,0.2219577229055138,0,0
2037,44,24,0.77798176821092502,0.60525563166859742,1,1,3,1,0,-1.145127924867972,-0.061371488322559009,1.0837564365454129,0,2
2037,44,24,0.77798176821092502,0.60525563166859742,1,-1,1,0,0,-1.0966469267264196,-0.096840901066975557,0.9998060256594441,0,2
2037,44,24,0.77798176821092502,0.60525563166859742,1,-1,3,1,0,-1.145127924867972,-0.061371488322559009,1.0837564365454129,0,2
2037,44,24,0.77798176821092502,0.60525563166859742,-1,1,1,0,1,-0.048367081620879375,0.074659785255543121,0.1230268668764225,0,0
2037,44,24,0.77798176821092502,0.60525563166859742,-1,1,3,1,0,-0.1871303042623737,-0.061371488322559009,0.12575881593981469,0,2
2037,44,24,0.77798176821092502,0.60525563166859742,-1,-1,1,0,0,-0.19943611713544929,-0.096840901066975557,0.10259521606847373,0,2
2037,44,24,0.77798176821092502,0.60525563166859742,-1,-1,3,1,0,-0.1871303042623737,-0.061371488322559009,0.12575881593981469,0,2
2038,30,40,0.77834945170255554,0.60582786896566876,1,1,1,0,1,-0.1472849745859752,0.07461693966947501,0.22190191425545019,0,0
2038,30,40,0.77834945170255554,0.60582786896566876,1,1,3,1,0,-1.1452652618192691,-0.061508825273856121,1.0837564365454131,0,2
2038,30,40,0.77834945170255554,0.60582786896566876,1,-1,1,0,0,-1.0967384902517749,-0.096932459034506951,0.99980603121726797,0,2
2038,30,40,0.77834945170255554,0.60582786896566876,1,-1,3,1,0,-1.1452652618192691,-0.061508825273856121,1.0837564365454131,0,2
2038,30,40,0.77834945170255554,0.60582786896566876,-1,1,1,0,1,-0.048412860604645086,0.07461693966947501,0.1230298002741201,0,0
2038,30,40,0.77834945170255554,0.60582786896566876,-1,1,3,1,0,-0.18726764121367082,-0.061508825273856121,0.12575881593981469,0,2
2038,30,40,0.77834945170255554,0.60582786896566876,-1,-1,1,0,0,-0.19952987626089005,-0.096932459034506951,0.1025974172263831,0,2
2038,30,40,0.77834945170255554,0.60582786896566876,-1,-1,3,1,0,-0.18726764121367082,-0.061508825273856121,0.12575881593981469,0,2
2039,40,30,0.77834945170255554,0.60582786896566876,1,1,1,0,1,-0.1472849745859752,0.07461693966947501,0.22190191425545019,0,0
2039,40,30,0.77834945170255554,0.60582786896566876,1,1,3,1,0,-1.1452652618192691,-0.061508825273856121,1.0837564365454131,0,2
2039,40,30,0.77834945170255554,0.60582786896566876,1,-1,1,0,0,-1.0967384902517749,-0.096932459034506951,0.99980603121726797,0,2
2039,40,30,0.77834945170255554,0.60582786896566876,1,-1,3,1,0,-1.1452652618192691,-0.061508825273856121,1.0837564365454131,0,2
2039,40,30,0.77834945170255554,0.60582786896566876,-1,1,1,0,1,-0.048412860604645086,0.07461693966947501,0.1230298002741201,0,0
2039,40,30,0.77834945170255554,0.60582786896566876,-1,1,3,1,0,-0.18726764121367082,-0.061508825273856121,0.12575881593981469,0,2
2039,40,30,0.77834945170255554,0.60582786896566876,-1,-1,1,0,0,-0.19952987626089005,-0.096932459034506951,0.1025974172263831,0,2
2039,40,30,0.77834945170255554,0.60582786896566876,-1,-1,3,1,0,-0.18726764121367082,-0.061508825273856121,0.12575881593981469,0,2
2040,18,47,0.77842725071950558,0.60594898466272806,1,1,1,0,1,-0.14728227869524907,0.074607871692339719,0.2218901503875888,0,0
2040,18,47,0.77842725071950558,0.60594898466272806,1,1,3,1,0,-1.1452943295865634,-0.061537893041150343,1.0837564365454131,0,2
2040,18,47,0.77842725071950558,0.60594898466272806,1,-1,1,0,0,-1.0967578699395721,-0.096951837546036423,0.99980603239353572,0,2
2040,18,47,0.77842725071950558,0.60594898466272806,1,-1,3,1,0,-1.1452943295865634,-0.061537893041150343,1.0837564365454131,0,2
2040,18,47,0.77842725071950558,0.60594898466272806,-1,1,1,0,1,-0.04842254986040985,0.074607871692339719,0.12303042155274957,0,0
2040,18,47,0.77842725071950558,0.60594898466272806,-1,1,3,1,0,-0.18729670898096504,-0.061537893041150343,0.12575881593981469,0,2
2040,18,47,0.77842725071950558,0.60594898466272806,-1,-1,1,0,0,-0.19954972119861678,-0.096951837546036423,0.10259788365258035,0,2
2040,18,47,0.77842725071950558,0.60594898466272806,-1,-1,3,1,0,-0.18729670898096504,-0.061537893041150343,0.12575881593981469,0,2
2041,47,18,0.77842725071950558,0.60594898466272806,1,1,1,0,1,-0.14728227869524907,0.074607871692339719,0.2218901503875888,0,0
2041,47,18,0.77842725071950558,0.60594898466272806,1,1,3,1,0,-1.1452943295865634,-0.061537893041150343,1.0837564365454131,0,2
2041,47,18,0.77842725071950558,0.60594898466272806,1,-1,1,0,0,-1.0967578699395721,-0.096951837546036423,0.99980603239353572,0,2
2041,47,18,0.77842725071950558,0.60594898466272806,1,-1,3,1,0,-1.1452943295865634,-0.061537893041150343,1.0837564365454131,0,2
2041,47,18,0.77842725071950558,0.60594898466272806,-1,1,1,0,1,-0.04842254986040985,0.074607871692339719,0.12303042155274957,0,0
2041,47,18,0.77842725071950558,0.60594898466272806,-1,1,3,1,0,-0.18729670898096504,-0.061537893041150343,0.12575881593981469,0,2
2041,47,18,0.77842725071950558,0.60594898466272806,-1,-1,1,0,0,-0.19954972119861678,-0.096951837546036423,0.10259788365258035,0,2
2041,47,18,0.77842725071950558,0.60594898466272806,-1,-1,3,1,0,-0.18729670898096504,-0.061537893041150343,0.12575881593981469,0,2
2042,8,50,0.77929983415123361,0.60730823150814017,1,1,1,0,1,-0.14725264295619678,0.07450611434058399,0.22175875729678077,0,0
2042,8,50,0.77929983415123361,0.60730823150814017,1,1,3,1,0,-1.1456205488294622,-0.061864112284049255,1.0837564365454129,0,2
2042,8,50,0.77929983415123361,0.60730823150814017,1,-1,1,0,0,-1.0969753626342595,-0.097169317041302369,0.99980604559295716,0,2
2042,8,50,0.77929983415123361,0.60730823150814017,1,-1,3,1,0,-1.1456205488294622,-0.061864112284049255,1.0837564365454129,0,2
2042,8,50,0.77929983415123361,0.60730823150814017,-1,1,1,0,1,-0.048531289608042802,0.07450611434058399,0.12303740394862679,0,0
2042,8,50,0.77929983415123361,0.60730823150814017,-1,1,3,1,0,-0.18762292822386395,-0.061864112284049255,0.12575881593981469,0,2
2042,8,50,0.77929983415123361,0.60730823150814017,-1,-1,1,0,0,-0.19977243875773887,-0.097169317041302369,0.1026031217164365,0,2
2042,8,50,0.77929983415123361,0.60730823150814017,-1,-1,3,1,0,-0.18762292822386395,-0.061864112284049255,0.12575881593981469,0,2
2043,50,8,0.77929983415123361,0.60730823150814017,1,1,1,0,1,-0.14725264295619678,0.07450611434058399,0.22175875729678077,0,0
2043,50,8,0.77929983415123361,0.60730823150814017,1,1,3,1,0,-1.1456205488294622,-0.061864112284049255,1.0837564365454129,0,2
2043,50,8,0.77929983415123361,0.60730823150814017,1,-1,1,0,0,-1.0969753626342595,-0.097169317041302369,0.99980604559295716,0,2
2043,50,8,0.77929983415123361,0.60730823150814017,1,-1,3,1,0,-1.1456205488294622,-0.061864112284049255,1.0837564365454129,0,2
2043,50,8,0.77929983415123361,0.60730823150814017,-1,1,1,0,1,-0.048531289608042802,0.07450611434058399,0.12303740394862679,0,0
2043,50,8,0.77929983415123361,0.60730823150814017,-1,1,3,1,0,-0.18762292822386395,-0.061864112284049255,0.12575881593981469,0,2
2043,50,8,0.77929983415123361,0.60730823150814017,-1,-1,1,0,0,-0.19977243875773887,-0.097169317041302369,0.1026031217164365,0,2
2043,50,8,0.77929983415123361,0.60730823150814017,-1,-1,3,1,0,-0.18762292822386395,-0.061864112284049255,0.12575881593981469,0,2
2044,26,43,0.78071588156214844,0.60951728772336256,1,1,1,0,1,-0.14720739850120607,0.074340776602385319,0.22154817510359137,0,0
2044,26,43,0.78071588156214844,0.60951728772336256,1,1,3,1,0,-1.1461507223211156,-0.062394285775702635,1.0837564365454129,0,2
2044,26,43,0.78071588156214844,0.60951728772336256,1,-1,1,0,0,-1.0973288330746342,-0.097522766035737979,0.9998060670388963,0,2
2044,26,43,0.78071588156214844,0.60951728772336256,1,-1,3,1,0,-1.1461507223211156,-0.062394285775702635,1.0837564365454129,0,2
2044,26,43,0.78071588156214844,0.60951728772336256,-1,1,1,0,1,-0.0487080141052606,0.074340776602385319,0.12304879070764592,0,0
2044,26,43,0.78071588156214844,0.60951728772336256,-1,1,3,1,0,-0.18815310171551733,-0.062394285775702635,0.12575881593981469,0,2
2044,26,43,0.78071588156214844,0.60951728772336256,-1,-1,1,0,0,-0.20013442505807774,-0.097522766035737979,0.10261165902233976,0,2
2044,26,43,0.78071588156214844,0.60951728772336256,-1,-1,3,1,0,-0.18815310171551733,-0.062394285775702635,0.12575881593981469,0,2
2045,43,26,0.78071588156214844,0.60951728772336256,1,1,1,0,1,-0.14720739850120607,0.074340776602385319,0.22154817510359137,0,0
2045,43,26,0.78071588156214844,0.60951728772336256,1,1,3,1,0,-1.1461507223211156,-0.062394285775702635,1.0837564365454129,0,2
2045,43,26,0.78071588156214844,0.60951728772336256,1,-1,1,0,0,-1.0973288330746342,-0.097522766035737979,0.9998060670388963,0,2
2045,43,26,0.78071588156214844,0.60951728772336256,1,-1,3,1,0,-1.1461507223211156,-0.062394285775702635,1.0837564365454129,0,2
2045,43,26,0.78071588156214844,0.60951728772336256,-1,1,1,0,1,-0.0487080141052606,0.074340776602385319,0.12304879070764592,0,0
2045,43,26,0.78071588156214844,0.60951728772336256,-1,1,3,1,0,-0.18815310171551733,-0.062394285775702635,0.12575881593981469,0,2
2045,43,26,0.78071588156214844,0.60951728772336256,-1,-1,1,0,0,-0.20013442505807774,-0.097522766035737979,0.10261165902233976,0,2
2045,43,26,0.78071588156214844,0.60951728772336256,-1,-1,3,1,0,-0.18815310171551733,-0.062394285775702635,0.12575881593981469,0,2
2046,29,41,0.78133797472670841,0.61048903075003436,1,1,1,0,1,-0.1471886482717035,0.074268061302128915,0.2214567095738324,0,0
2046,29,41,0.78133797472670841,0.61048903075003436,1,1,3,1,0,-1.1463839406475169,-0.062627504102103854,1.0837564365454131,0,2
2046,29,41,0.78133797472670841,0.61048903075003436,1,-1,1,0,0,-1.097484321390479,-0.097678244920005416,0.99980607647047359,0,2
2046,29,41,0.78133797472670841,0.61048903075003436,1,-1,3,1,0,-1.1463839406475169,-0.062627504102103854,1.0837564365454131,0,2
2046,29,41,0.78133797472670841,0.61048903075003436,-1,1,1,0,1,-0.048785753547394367,0.074268061302128915,0.12305381484952328,0,0
2046,29,41,0.78133797472670841,0.61048903075003436,-1,1,3,1,0,-0.18838632004191855,-0.062627504102103854,0.12575881593981469,0,2
2046,29,41,0.78133797472670841,0.61048903075003436,-1,-1,1,0,0,-0.20029366867589082,-0.097678244920005416,0.10261542375588541,0,2
2046,29,41,0.78133797472670841,0.61048903075003436,-1,-1,3,1,0,-0.18838632004191855,-0.062627504102103854,0.12575881593981469,0,2
2047,41,29,0.78133797472670841,0.61048903075003436,1,1,1,0,1,-0.1471886482717035,0.074268061302128915,0.2214567095738324,0,0
2047,41,29,0.78133797472670841,0.61048903075003436,1,1,3,1,0,-1.1463839406475169,-0.062627504102103854,1.0837564365454131,0,2
2047,41,29,0.78133797472670841,0.61048903075003436,1,-1,1,0,0,-1.097484321390479,-0.097678244920005416,0.99980607647047359,0,2
2047,41,29,0.78133797472670841,0.61048903075003436,1,-1,3,1,0,-1.1463839406475169,-0.062627504102103854,1.0837564365454131,0,2
2047,41,29,0.78133797472670841,0.61048903075003436,-1,1,1,0,1,-0.048785753547394367,0.074268061302128915,0.12305381484952328,0,0
2047,41,29,0.78133797472670841,0.61048903075003436,-1,1,3,1,0,-0.18838632004191855,-0.062627504102103854,0.12575881593981469,0,2
2047,41,29,0.78133797472670841,0.61048903075003436,-1,-1,1,0,0,-0.20029366867589082,-0.097678244920005416,0.10261542375588541,0,2
2047,41,29,0.78133797472670841,0.61048903075003436,-1,-1,3,1,0,-0.18838632004191855,-0.062627504102103854,0.12575881593981469,0,2
2048,16,48,0.7814882511424639,0.6107238866737067,1,1,1,0,1,-0.14718420295101395,0.074250488480401985,0.22143469143141592,0,0
2048,16,48,0.7814882511424639,0.6107238866737067,1,1,3,1,0,-1.1464403060691981,-0.062683869523785213,1.0837564365454129,0,2
2048,16,48,0.7814882511424639,0.6107238866737067,1,-1,1,0,0,-1.0975219006175294,-0.097715821867792999,0.99980607874973637,0,2
2048,16,48,0.7814882511424639,0.6107238866737067,1,-1,3,1,0,-1.1464403060691981,-0.062683869523785213,1.0837564365454129,0,2
2048,16,48,0.7814882511424639,0.6107238866737067,-1,1,1,0,1,-0.048804542021288144,0.074250488480401985,0.12305503050169013,0,0
2048,16,48,0.7814882511424639,0.6107238866737067,-1,1,3,1,0,-0.18844268546359991,-0.062683869523785213,0.12575881593981469,0,2
2048,16,48,0.7814882511424639,0.6107238866737067,-1,-1,1,0,0,-0.20033215680444422,-0.097715821867792999,0.10261633493665122,0,2
2048,16,48,0.7814882511424639,0.6107238866737067,-1,-1,3,1,0,-0.18844268546359991,-0.062683869523785213,0.12575881593981469,0,2
2049,48,16,0.7814882511424639,0.6107238866737067,1,1,1,0,1,-0.14718420295101395,0.074250488480401985,0.22143469143141592,0,0
2049,48,16,0.7814882511424639,0.6107238866737067,1,1,3,1,0,-1.1464403060691981,-0.062683869523785213,1.0837564365454129,0,2
2049,48,16,0.7814882511424639,0.6107238866737067,1,-1,1,0,0,-1.0975219006175294,-0.097715821867792999,0.99980607874973637,0,2
2049,48,16,0.7814882511424639,0.6107238866737067,1,-1,3,1,0,-1.1464403060691981,-0.062683869523785213,1.0837564365454129,0,2
2049,48,16,0.7814882511424639,0.6107238866737067,-1,1,1,0,1,-0.048804542021288144,0.074250488480401985,0.12305503050169013,0,0
2049,48,16,0.7814882511424639,0.6107238866737067,-1,1,3,1,0,-0.18844268546359991,-0.062683869523785213,0.12575881593981469,0,2
2049,48,16,0.7814882511424639,0.6107238866737067,-1,-1,1,0,0,-0.20033215680444422,-0.097715821867792999,0.10261633493665122,0,2
2049,48,16,0.7814882511424639,0.6107238866737067,-1,-1,3,1,0,-0.18844268546359991,-0.062683869523785213,0.12575881593981469,0,2
2050,13,49,0.78173717615949945,0.61111301258982831,1,1,1,0,1,-0.14717694972203998,0.074221373776434632,0.2213983234984746,0,0
2050,13,49,0.78173717615949945,0.61111301258982831,1,1,3,1,0,-1.1465336962890673,-0.062777259743654418,1.0837564365454129,0,2
2050,13,49,0.78173717615949945,0.61111301258982831,1,-1,1,0,0,-1.097584164540373,-0.097778082014372492,0.99980608252600045,0,2
2050,13,49,0.78173717615949945,0.61111301258982831,1,-1,3,1,0,-1.1465336962890673,-0.062777259743654418,1.0837564365454129,0,2
2050,13,49,0.78173717615949945,0.61111301258982831,-1,1,1,0,1,-0.048835672094577863,0.074221373776434632,0.12305704587101249,0,0
2050,13,49,0.78173717615949945,0.61111301258982831,-1,1,3,1,0,-0.18853607568346911,-0.062777259743654418,0.12575881593981469,0,2
2050,13,49,0.78173717615949945,0.61111301258982831,-1,-1,1,0,0,-0.20039592641510864,-0.097778082014372492,0.10261784440073615,0,2
2050,13,49,0.78173717615949945,0.61111301258982831,-1,-1,3,1,0,-0.18853607568346911,-0.062777259743654418,0.12575881593981469,0,2
2051,49,13,0.78173717615949945,0.61111301258982831,1,1,1,0,1,-0.14717694972203998,0.074221373776434632,0.2213983234984746,0,0
2051,49,13,0.78173717615949945,0.61111301258982831,1,1,3,1,0,-1.1465336962890673,-0.062777259743654418,1.0837564365454129,0,2
2051,49,13,0.78173717615949945,0.61111301258982831,1,-1,1,0,0,-1.097584164540373,-0.097778082014372492,0.99980608252600045,0,2
2051,49,13,0.78173717615949945,0.61111301258982831,1,-1,3,1,0,-1.1465336962890673,-0.062777259743654418,1.0837564365454129,0,2
2051,49,13,0.78173717615949945,0.61111301258982831,-1,1,1,0,1,-0.048835672094577863,0.074221373776434632,0.12305704587101249,0,0
2051,49,13,0.78173717615949945,0.61111301258982831,-1,1,3,1,0,-0.18853607568346911,-0.062777259743654418,0.12575881593981469,0,2
2051,49,13,0.78173717615949945,0.61111301258982831,-1,-1,1,0,0,-0.20039592641510864,-0.097778082014372492,0.10261784440073615,0,2
2051,49,13,0.78173717615949945,0.61111301258982831,-1,-1,3,1,0,-0.18853607568346911,-0.062777259743654418,0.12575881593981469,0,2
2052,9,50,0.78200532497774045,0.61153232829354143,1,1,1,0,1,-0.14716922335813698,0.074190001910279732,0.22135922526841673,0,0
2052,9,50,0.78200532497774045,0.61153232829354143,1,1,3,1,0,-1.1466343320579586,-0.062877895512545551,1.0837564365454131,0,2
2052,9,50,0.78200532497774045,0.61153232829354143,1,-1,1,0,0,-1.0976512591219567,-0.097845172526966548,0.99980608659499015,0,2
2052,9,50,0.78200532497774045,0.61153232829354143,1,-1,3,1,0,-1.1466343320579586,-0.062877895512545551,1.0837564365454131,0,2
2052,9,50,0.78200532497774045,0.61153232829354143,-1,1,1,0,1,-0.048869217350874947,0.074190001910279732,0.12305921926115468,0,0
2052,9,50,0.78200532497774045,0.61153232829354143,-1,1,3,1,0,-0.18863671145236025,-0.062877895512545551,0.12575881593981469,0,2
2052,9,50,0.78200532497774045,0.61153232829354143,-1,-1,1,0,0,-0.20046464544228165,-0.097845172526966548,0.1026194729153151,0,2
2052,9,50,0.78200532497774045,0.61153232829354143,-1,-1,3,1,0,-0.18863671145236025,-0.062877895512545551,0.12575881593981469,0,2
2053,50,9,0.78200532497774045,0.61153232829354143,1,1,1,0,1,-0.14716922335813698,0.074190001910279732,0.22135922526841673,0,0
2053,50,9,0.78200532497774045,0.61153232829354143,1,1,3,1,0,-1.1466343320579586,-0.062877895512545551,1.0837564365454131,0,2
2053,50,9,0.78200532497774045,0.61153232829354143,1,-1,1,0,0,-1.0976512591219567,-0.097845172526966548,0.99980608659499015,0,2
2053,50,9,0.78200532497774045,0.61153232829354143,1,-1,3,1,0,-1.1466343320579586,-0.062877895512545551,1.0837564365454131,0,2
2053,50,9,0.78200532497774045,0.61153232829354143,-1,1,1,0,1,-0.048869217350874947,0.074190001910279732,0.12305921926115468,0,0
2053,50,9,0.78200532497774045,0.61153232829354143,-1,1,3,1,0,-0.18863671145236025,-0.062877895512545551,0.12575881593981469,0,2
2053,50,9,0.78200532497774045,0.61153232829354143,-1,-1,1,0,0,-0.20046464544228165,-0.097845172526966548,0.1026194729153151,0,2
2053,50,9,0.78200532497774045,0.61153232829354143,-1,-1,3,1,0,-0.18863671145236025,-0.062877895512545551,0.12575881593981469,0,2
2054,35,36,0.78231030584309025,0.61200941462830949,1,1,1,0,1,-0.14716061306471634,0.074154309923189207,0.22131492298790556,0,0
2054,35,36,0.78231030584309025,0.61200941462830949,1,1,3,1,0,-1.1467488327783029,-0.062992396232889908,1.0837564365454129,0,2
2054,35,36,0.78231030584309025,0.61200941462830949,1,-1,1,0,0,-1.0977275975647915,-0.097921506340529485,0.99980609122426212,0,2
2054,35,36,0.78231030584309025,0.61200941462830949,1,-1,3,1,0,-1.1467488327783029,-0.062992396232889908,1.0837564365454129,0,2
2054,35,36,0.78231030584309025,0.61200941462830949,-1,1,1,0,1,-0.048907384257656353,0.074154309923189207,0.12306169418084556,0,0
2054,35,36,0.78231030584309025,0.61200941462830949,-1,1,3,1,0,-0.1887512121727046,-0.062992396232889908,0.12575881593981469,0,2
2054,35,36,0.78231030584309025,0.61200941462830949,-1,-1,1,0,0,-0.20054283303014825,-0.097921506340529485,0.10262132668961876,0,2
2054,35,36,0.78231030584309025,0.61200941462830949,-1,-1,3,1,0,-0.1887512121727046,-0.062992396232889908,0.12575881593981469,0,2
2055,36,35,0.78231030584309025,0.61200941462830949,1,1,1,0,1,-0.14716061306471634,0.074154309923189207,0.22131492298790556,0,0
2055,36,35,0.78231030584309025,0.61200941462830949,1,1,3,1,0,-1.1467488327783029,-0.062992396232889908,1.0837564365454129,0,2
2055,36,35,0.78231030584309025,0.61200941462830949,1,-1,1,0,0,-1.0977275975647915,-0.097921506340529485,0.99980609122426212,0,2
2055,36,35,0.78231030584309025,0.61200941462830949,1,-1,3,1,0,-1.1467488327783029,-0.062992396232889908,1.0837564365454129,0,2
2055,36,35,0.78231030584309025,0.61200941462830949,-1,1,1,0,1,-0.048907384257656353,0.074154309923189207,0.12306169418084556,0,0
2055,36,35,0.78231030584309025,0.61200941462830949,-1,1,3,1,0,-0.1887512121727046,-0.062992396232889908,0.12575881593981469,0,2
2055,36,35,0.78231030584309025,0.61200941462830949,-1,-1,1,0,0,-0.20054283303014825,-0.097921506340529485,0.10262132668961876,0,2
2055,36,35,0.78231030584309025,0.61200941462830949,-1,-1,3,1,0,-0.1887512121727046,-0.062992396232889908,0.12575881593981469,0,2
2056,34,37,0.78284977671986411,0.61285377291034104,1,1,1,0,1,-0.14714573569847228,0.074091146885741782,0.22123688258421406,0,0
2056,34,37,0.78284977671986411,0.61285377291034104,1,1,3,1,0,-1.1469514787659905,-0.06319504222057748,1.0837564365454129,0,2
2056,34,37,0.78284977671986411,0.61285377291034104,1,-1,1,0,0,-1.097862703082082,-0.098056603665654524,0.99980609941642751,0,2
2056,34,37,0.78284977671986411,0.61285377291034104,1,-1,3,1,0,-1.1469514787659905,-0.06319504222057748,1.0837564365454129,0,2
2056,34,37,0.78284977671986411,0.61285377291034104,-1,1,1,0,1,-0.048974932920218886,0.074091146885741782,0.12306607980596067,0,0
2056,34,37,0.78284977671986411,0.61285377291034104,-1,1,3,1,0,-0.18895385816039217,-0.06319504222057748,0.12575881593981469,0,2
2056,34,37,0.78284977671986411,0.61285377291034104,-1,-1,1,0,0,-0.20068121466824765,-0.098056603665654524,0.10262461100259312,0,2
2056,34,37,0.78284977671986411,0.61285377291034104,-1,-1,3,1,0,-0.18895385816039217,-0.06319504222057748,0.12575881593981469,0,2
2057,37,34,0.78284977671986411,0.61285377291034104,1,1,1,0,1,-0.14714573569847228,0.074091146885741782,0.22123688258421406,0,0
2057,37,34,0.78284977671986411,0.61285377291034104,1,1,3,1,0,-1.1469514787659905,-0.06319504222057748,1.0837564365454129,0,2
2057,37,34,0.78284977671986411,0.61285377291034104,1,-1,1,0,0,-1.097862703082082,-0.098056603665654524,0.99980609941642751,0,2
2057,37,34,0.78284977671986411,0.61285377291034104,1,-1,3,1,0,-1.1469514787659905,-0.06319504222057748,1.0837564365454129,0,2
2057,37,34,0.78284977671986411,0.61285377291034104,-1,1,1,0,1,-0.048974932920218886,0.074091146885741782,0.12306607980596067,0,0
2057,37,34,0.78284977671986411,0.61285377291034104,-1,1,3,1,0,-0.18895385816039217,-0.06319504222057748,0.12575881593981469,0,2
2057,37,34,0.78284977671986411,0.61285377291034104,-1,-1,1,0,0,-0.20068121466824765,-0.098056603665654524,0.10262461100259312,0,2
2057,37,34,0.78284977671986411,0.61285377291034104,-1,-1,3,1,0,-0.18895385816039217,-0.06319504222057748,0.12575881593981469,0,2
2058,21,46,0.78325980156602426,0.61349591674924775,1,1,1,0,1,-0.14713475059260994,0.074043115355928849,0.22117786594853878,0,0
2058,21,46,0.78325980156602426,0.61349591674924775,1,1,3,1,0,-1.147105593287328,-0.063349156741915075,1.0837564365454129,0,2
2058,21,46,0.78325980156602426,0.61349591674924775,1,-1,1,0,0,-1.0979654523258331,-0.098159346679879578,0.99980610564595351,0,2
2058,21,46,0.78325980156602426,0.61349591674924775,1,-1,3,1,0,-1.147105593287328,-0.063349156741915075,1.0837564365454129,0,2
2058,21,46,0.78325980156602426,0.61349591674924775,-1,1,1,0,1,-0.049026304427331413,0.074043115355928849,0.12306941978326026,0,0
2058,21,46,0.78325980156602426,0.61349591674924775,-1,1,3,1,0,-0.18910797268172977,-0.063349156741915075,0.12575881593981469,0,2
2058,21,46,0.78325980156602426,0.61349591674924775,-1,-1,1,0,0,-0.20078645846497145,-0.098159346679879578,0.10262711178509187,0,2
2058,21,46,0.78325980156602426,0.61349591674924775,-1,-1,3,1,0,-0.18910797268172977,-0.063349156741915075,0.12575881593981469,0,2
2059,46,21,0.78325980156602426,0.61349591674924775,1,1,1,0,1,-0.14713475059260994,0.074043115355928849,0.22117786594853878,0,0
2059,46,21,0.78325980156602426,0.61349591674924775,1,1,3,1,0,-1.147105593287328,-0.063349156741915075,1.0837564365454129,0,2
2059,46,21,0.78325980156602426,0.61349591674924775,1,-1,1,0,0,-1.0979654523258331,-0.098159346679879578,0.99980610564595351,0,2
2059,46,21,0.78325980156602426,0.61349591674924775,1,-1,3,1,0,-1.147105593287328,-0.063349156741915075,1.0837564365454129,0,2
2059,46,21,0.78325980156602426,0.61349591674924775,-1,1,1,0,1,-0.049026304427331413,0.074043115355928849,0.12306941978326026,0,0
2059,46,21,0.78325980156602426,0.61349591674924775,-1,1,3,1,0,-0.18910797268172977,-0.063349156741915075,0.12575881593981469,0,2
2059,46,21,0.78325980156602426,0.61349591674924775,-1,-1,1,0,0,-0.20078645846497145,-0.098159346679879578,0.10262711178509187,0,2
2059,46,21,0.78325980156602426,0.61349591674924775,-1,-1,3,1,0,-0.18910797268172977,-0.063349156741915075,0.12575881593981469,0,2
2060,0,51,0.78356080311698628,0.61396753218133648,1,1,1,0,1,-0.14712686758908267,0.074007841691750509,0.22113470928083317,0,0
2060,0,51,0.78356080311698628,0.61396753218133648,1,1,3,1,0,-1.1472187809910293,-0.063462344445616381,1.0837564365454129,0,2
2060,0,51,0.78356080311698628,0.61396753218133648,1,-1,1,0,0,-1.0980409153697852,-0.09823480514901381,0.99980611022077137,0,2
2060,0,51,0.78356080311698628,0.61396753218133648,1,-1,3,1,0,-1.1472187809910293,-0.063462344445616381,1.0837564365454129,0,2
2060,0,51,0.78356080311698628,0.61396753218133648,-1,1,1,0,1,-0.049064033661898508,0.074007841691750509,0.12307187535364902,0,0
2060,0,51,0.78356080311698628,0.61396753218133648,-1,1,3,1,0,-0.18922116038543108,-0.063462344445616381,0.12575881593981469,0,2
2060,0,51,0.78356080311698628,0.61396753218133648,-1,-1,1,0,0,-0.20086375522652675,-0.09823480514901381,0.10262895007751294,0,2
2060,0,51,0.78356080311698628,0.61396753218133648,-1,-1,3,1,0,-0.18922116038543108,-0.063462344445616381,0.12575881593981469,0,2
2061,51,0,0.78356080311698628,0.61396753218133648,1,1,1,0,1,-0.14712686758908267,0.074007841691750509,0.22113470928083317,0,0
2061,51,0,0.78356080311698628,0.61396753218133648,1,1,3,1,0,-1.1472187809910293,-0.063462344445616381,1.0837564365454129,0,2
2061,51,0,0.78356080311698628,0.61396753218133648,1,-1,1,0,0,-1.0980409153697852,-0.09823480514901381,0.99980611022077137,0,2
2061,51,0,0.78356080311698628,0.61396753218133648,1,-1,3,1,0,-1.1472187809910293,-0.063462344445616381,1.0837564365454129,0,2
2061,51,0,0.78356080311698628,0.61396753218133648,-1,1,1,0,1,-0.049064033661898508,0.074007841691750509,0.12307187535364902,0,0
2061,51,0,0.78356080311698628,0.61396753218133648,-1,1,3,1,0,-0.18922116038543108,-0.063462344445616381,0.12575881593981469,0,2
2061,51,0,0.78356080311698628,0.61396753218133648,-1,-1,1,0,0,-0.20086375522652675,-0.09823480514901381,0.10262895007751294,0,2
2061,51,0,0.78356080311698628,0.61396753218133648,-1,-1,3,1,0,-0.18922116038543108,-0.063462344445616381,0.12575881593981469,0,2
2062,23,45,0.78371543490626261,0.61420988291031231,1,1,1,0,1,-0.14712287128310725,0.073989716329085242,0.22111258761219249,0,0
2062,23,45,0.78371543490626261,0.61420988291031231,1,1,3,1,0,-1.1472769451659834,-0.06352050862057057,1.0837564365454129,0,2
2062,23,45,0.78371543490626261,0.61420988291031231,1,-1,1,0,0,-1.0980796938371715,-0.098273581265649917,0.99980611257152163,0,2
2062,23,45,0.78371543490626261,0.61420988291031231,1,-1,3,1,0,-1.1472769451659834,-0.06352050862057057,1.0837564365454129,0,2
2062,23,45,0.78371543490626261,0.61420988291031231,-1,1,1,0,1,-0.049083421720216597,0.073989716329085242,0.12307313804930184,0,0
2062,23,45,0.78371543490626261,0.61420988291031231,-1,1,3,1,0,-0.18927932456038526,-0.06352050862057057,0.12575881593981469,0,2
2062,23,45,0.78371543490626261,0.61420988291031231,-1,-1,1,0,0,-0.20090347652261237,-0.098273581265649917,0.10262989525696245,0,2
2062,23,45,0.78371543490626261,0.61420988291031231,-1,-1,3,1,0,-0.18927932456038526,-0.06352050862057057,0.12575881593981469,0,2
2063,45,23,0.78371543490626261,0.61420988291031231,1,1,1,0,1,-0.14712287128310725,0.073989716329085242,0.22111258761219249,0,0
2063,45,23,0.78371543490626261,0.61420988291031231,1,1,3,1,0,-1.1472769451659834,-0.06352050862057057,1.0837564365454129,0,2
2063,45,23,0.78371543490626261,0.61420988291031231,1,-1,1,0,0,-1.0980796938371715,-0.098273581265649917,0.99980611257152163,0,2
2063,45,23,0.78371543490626261,0.61420988291031231,1,-1,3,1,0,-1.1472769451659834,-0.06352050862057057,1.0837564365454129,0,2
2063,45,23,0.78371543490626261,0.61420988291031231,-1,1,1,0,1,-0.049083421720216597,0.073989716329085242,0.12307313804930184,0,0
2063,45,23,0.78371543490626261,0.61420988291031231,-1,1,3,1,0,-0.18927932456038526,-0.06352050862057057,0.12575881593981469,0,2
2063,45,23,0.78371543490626261,0.61420988291031231,-1,-1,1,0,0,-0.20090347652261237,-0.098273581265649917,0.10262989525696245,0,2
2063,45,23,0.78371543490626261,0.61420988291031231,-1,-1,3,1,0,-0.18927932456038526,-0.06352050862057057,0.12575881593981469,0,2
2064,1,51,0.78371981801280355,0.61421675314602187,1,1,1,0,1,-0.14712275923701718,0.073989202513862859,0.22111196175088005,0,0
2064,1,51,0.78371981801280355,0.61421675314602187,1,1,3,1,0,-1.1472785940225538,-0.063522157477140878,1.0837564365454129,0,2
2064,1,51,0.78371981801280355,0.61421675314602187,1,-1,1,0,0,-1.0980807931415237,-0.098274680503363465,0.99980611263816033,0,2
2064,1,51,0.78371981801280355,0.61421675314602187,1,-1,3,1,0,-1.1472785940225538,-0.063522157477140878,1.0837564365454129,0,2
2064,1,51,0.78371981801280355,0.61421675314602187,-1,1,1,0,1,-0.049083971339073336,0.073989202513862859,0.1230731738529362,0,0
2064,1,51,0.78371981801280355,0.61421675314602187,-1,1,3,1,0,-0.18928097341695557,-0.063522157477140878,0.12575881593981469,0,2
2064,1,51,0.78371981801280355,0.61421675314602187,-1,-1,1,0,0,-0.20090460255228934,-0.098274680503363465,0.10262992204892588,0,2
2064,1,51,0.78371981801280355,0.61421675314602187,-1,-1,3,1,0,-0.18928097341695557,-0.063522157477140878,0.12575881593981469,0,2
2065,51,1,0.78371981801280355,0.61421675314602187,1,1,1,0,1,-0.14712275923701718,0.073989202513862859,0.22111196175088005,0,0
2065,51,1,0.78371981801280355,0.61421675314602187,1,1,3,1,0,-1.1472785940225538,-0.063522157477140878,1.0837564365454129,0,2
2065,51,1,0.78371981801280355,0.61421675314602187,1,-1,1,0,0,-1.0980807931415237,-0.098274680503363465,0.99980611263816033,0,2
2065,51,1,0.78371981801280355,0.61421675314602187,1,-1,3,1,0,-1.1472785940225538,-0.063522157477140878,1.0837564365454129,0,2
2065,51,1,0.78371981801280355,0.61421675314602187,-1,1,1,0,1,-0.049083971339073336,0.073989202513862859,0.1230731738529362,0,0
2065,51,1,0.78371981801280355,0.61421675314602187,-1,1,3,1,0,-0.18928097341695557,-0.063522157477140878,0.12575881593981469,0,2
2065,51,1,0.78371981801280355,0.61421675314602187,-1,-1,1,0,0,-0.20090460255228934,-0.098274680503363465,0.10262992204892588,0,2
2065,51,1,0.78371981801280355,0.61421675314602187,-1,-1,3,1,0,-0.18928097341695557,-0.063522157477140878,0.12575881593981469,0,2
2066,33,38,0.78392747052429423,0.61454227904261827,1,1,1,0,1,-0.14711745996712211,0.073964857418510915,0.22108231738563303,0,0
2066,33,38,0.78392747052429423,0.61454227904261827,1,1,3,1,0,-1.147356720237737,-0.063600283692324011,1.0837564365454131,0,2
2066,33,38,0.78392747052429423,0.61454227904261827,1,-1,1,0,0,-1.0981328804423707,-0.098326764646818887,0.99980611579555179,0,2
2066,33,38,0.78392747052429423,0.61454227904261827,1,-1,3,1,0,-1.147356720237737,-0.063600283692324011,1.0837564365454131,0,2
2066,33,38,0.78392747052429423,0.61454227904261827,-1,1,1,0,1,-0.049110013410801054,0.073964857418510915,0.12307487082931197,0,0
2066,33,38,0.78392747052429423,0.61454227904261827,-1,1,3,1,0,-0.18935909963213871,-0.063600283692324011,0.12575881593981469,0,2
2066,33,38,0.78392747052429423,0.61454227904261827,-1,-1,1,0,0,-0.20095795681983808,-0.098326764646818887,0.10263119217301919,0,2
2066,33,38,0.78392747052429423,0.61454227904261827,-1,-1,3,1,0,-0.18935909963213871,-0.063600283692324011,0.12575881593981469,0,2
2067,38,33,0.78392747052429423,0.61454227904261827,1,1,1,0,1,-0.14711745996712211,0.073964857418510915,0.22108231738563303,0,0
2067,38,33,0.78392747052429423,0.61454227904261827,1,1,3,1,0,-1.147356720237737,-0.063600283692324011,1.0837564365454131,0,2
2067,38,33,0.78392747052429423,0.61454227904261827,1,-1,1,0,0,-1.0981328804423707,-0.098326764646818887,0.99980611579555179,0,2
2067,38,33,0.78392747052429423,0.61454227904261827,1,-1,3,1,0,-1.147356720237737,-0.063600283692324011,1.0837564365454131,0,2
2067,38,33,0.78392747052429423,0.61454227904261827,-1,1,1,0,1,-0.049110013410801054,0.073964857418510915,0.12307487082931197,0,0
2067,38,33,0.78392747052429423,0.61454227904261827,-1,1,3,1,0,-0.18935909963213871,-0.063600283692324011,0.12575881593981469,0,2
2067,38,33,0.78392747052429423,0.61454227904261827,-1,-1,1,0,0,-0.20095795681983808,-0.098326764646818887,0.10263119217301919,0,2
2067,38,33,0.78392747052429423,0.61454227904261827,-1,-1,3,1,0,-0.18935909963213871,-0.063600283692324011,0.12575881593981469,0,2
2068,2,51,0.78419662963378578,0.61496435392898896,1,1,1,0,1,-0.1471106870219292,0.073933293251464388,0.22104398027339359,0,0
2068,2,51,0.78419662963378578,0.61496435392898896,1,1,3,1,0,-1.1474580182104659,-0.063701581665052964,1.0837564365454129,0,2
2068,2,51,0.78419662963378578,0.61496435392898896,1,-1,1,0,0,-1.0982004165178108,-0.098394296628638175,0.99980611988917256,0,2
2068,2,51,0.78419662963378578,0.61496435392898896,1,-1,3,1,0,-1.1474580182104659,-0.063701581665052964,1.0837564365454129,0,2
2068,2,51,0.78419662963378578,0.61496435392898896,-1,1,1,0,1,-0.049143779401710719,0.073933293251464388,0.12307707265317511,0,0
2068,2,51,0.78419662963378578,0.61496435392898896,-1,1,3,1,0,-0.18946039760486766,-0.063701581665052964,0.12575881593981469,0,2
2068,2,51,0.78419662963378578,0.61496435392898896,-1,-1,1,0,0,-0.20102713666922623,-0.098394296628638175,0.10263284004058805,0,2
2068,2,51,0.78419662963378578,0.61496435392898896,-1,-1,3,1,0,-0.18946039760486766,-0.063701581665052964,0.12575881593981469,0,2
2069,51,2,0.78419662963378578,0.61496435392898896,1,1,1,0,1,-0.1471106870219292,0.073933293251464388,0.22104398027339359,0,0
2069,51,2,0.78419662963378578,0.61496435392898896,1,1,3,1,0,-1.1474580182104659,-0.063701581665052964,1.0837564365454129,0,2
2069,51,2,0.78419662963378578,0.61496435392898896,1,-1,1,0,0,-1.0982004165178108,-0.098394296628638175,0.99980611988917256,0,2
2069,51,2,0.78419662963378578,0.61496435392898896,1,-1,3,1,0,-1.1474580182104659,-0.063701581665052964,1.0837564365454129,0,2
2069,51,2,0.78419662963378578,0.61496435392898896,-1,1,1,0,1,-0.049143779401710719,0.073933293251464388,0.12307707265317511,0,0
2069,51,2,0.78419662963378578,0.61496435392898896,-1,1,3,1,0,-0.18946039760486766,-0.063701581665052964,0.12575881593981469,0,2
2069,51,2,0.78419662963378578,0.61496435392898896,-1,-1,1,0,0,-0.20102713666922623,-0.098394296628638175,0.10263284004058805,0,2
2069,51,2,0.78419662963378578,0.61496435392898896,-1,-1,3,1,0,-0.18946039760486766,-0.063701581665052964,0.12575881593981469,0,2
2070,19,47,0.78424468244678103,0.61503972194605239,1,1,1,0,1,-0.14710949233349802,0.073927657162131455,0.22103714949562947,0,0
2070,19,47,0.78424468244678103,0.61503972194605239,1,1,3,1,0,-1.1474761065345611,-0.063719669989148187,1.0837564365454129,0,2
2070,19,47,0.78424468244678103,0.61503972194605239,1,-1,1,0,0,-1.0982124761314926,-0.098406355511368337,0.99980612062012431,0,2
2070,19,47,0.78424468244678103,0.61503972194605239,1,-1,3,1,0,-1.1474761065345611,-0.063719669989148187,1.0837564365454129,0,2
2070,19,47,0.78424468244678103,0.61503972194605239,-1,1,1,0,1,-0.049149808843075779,0.073927657162131455,0.12307746600520723,0,0
2070,19,47,0.78424468244678103,0.61503972194605239,-1,1,3,1,0,-0.18947848592896288,-0.063719669989148187,0.12575881593981469,0,2
2070,19,47,0.78424468244678103,0.61503972194605239,-1,-1,1,0,0,-0.20103948975420352,-0.098406355511368337,0.10263313424283518,0,2
2070,19,47,0.78424468244678103,0.61503972194605239,-1,-1,3,1,0,-0.18947848592896288,-0.063719669989148187,0.12575881593981469,0,2
2071,47,19,0.78424468244678103,0.61503972194605239,1,1,1,0,1,-0.14710949233349802,0.073927657162131455,0.22103714949562947,0,0
2071,47,19,0.78424468244678103,0.61503972194605239,1,1,3,1,0,-1.1474761065345611,-0.063719669989148187,1.0837564365454129,0,2
2071,47,19,0.78424468244678103,0.61503972194605239,1,-1,1,0,0,-1.0982124761314926,-0.098406355511368337,0.99980612062012431,0,2
2071,47,19,0.78424468244678103,0.61503972194605239,1,-1,3,1,0,-1.1474761065345611,-0.063719669989148187,1.0837564365454129,0,2
2071,47,19,0.78424468244678103,0.61503972194605239,-1,1,1,0,1,-0.049149808843075779,0.073927657162131455,0.12307746600520723,0,0
2071,47,19,0.78424468244678103,0.61503972194605239,-1,1,3,1,0,-0.18947848592896288,-0.063719669989148187,0.12575881593981469,0,2
2071,47,19,0.78424468244678103,0.61503972194605239,-1,-1,1,0,0,-0.20103948975420352,-0.098406355511368337,0.10263313424283518,0,2
2071,47,19,0.78424468244678103,0.61503972194605239,-1,-1,3,1,0,-0.18947848592896288,-0.063719669989148187,0.12575881593981469,0,2
2072,28,42,0.78485344474492069,0.61599492972796832,1,1,1,0,1,-0.14709462420653191,0.073856230629308628,0.22095085483584054,0,0
2072,28,42,0.78485344474492069,0.61599492972796832,1,1,3,1,0,-1.147705356402221,-0.063948919856808006,1.0837564365454131,0,2
2072,28,42,0.78485344474492069,0.61599492972796832,1,-1,1,0,0,-1.0983653186398912,-0.098559188756474861,0.99980612988341633,0,2
2072,28,42,0.78485344474492069,0.61599492972796832,1,-1,3,1,0,-1.147705356402221,-0.063948919856808006,1.0837564365454131,0,2
2072,28,42,0.78485344474492069,0.61599492972796832,-1,1,1,0,1,-0.049226225465629068,0.073856230629308628,0.1230824560949377,0,0
2072,28,42,0.78485344474492069,0.61599492972796832,-1,1,3,1,0,-0.1897077357966227,-0.063948919856808006,0.12575881593981469,0,2
2072,28,42,0.78485344474492069,0.61599492972796832,-1,-1,1,0,0,-0.20119605750507469,-0.098559188756474861,0.10263686874859983,0,2
2072,28,42,0.78485344474492069,0.61599492972796832,-1,-1,3,1,0,-0.1897077357966227,-0.063948919856808006,0.12575881593981469,0,2
2073,42,28,0.78485344474492069,0.61599492972796832,1,1,1,0,1,-0.14709462420653191,0.073856230629308628,0.22095085483584054,0,0
2073,42,28,0.78485344474492069,0.61599492972796832,1,1,3,1,0,-1.147705356402221,-0.063948919856808006,1.0837564365454131,0,2
2073,42,28,0.78485344474492069,0.61599492972796832,1,-1,1,0,0,-1.0983653186398912,-0.098559188756474861,0.99980612988341633,0,2
2073,42,28,0.78485344474492069,0.61599492972796832,1,-1,3,1,0,-1.147705356402221,-0.063948919856808006,1.0837564365454131,0,2
2073,42,28,0.78485344474492069,0.61599492972796832,-1,1,1,0,1,-0.049226225465629068,0.073856230629308628,0.1230824560949377,0,0
2073,42,28,0.78485344474492069,0.61599492972796832,-1,1,3,1,0,-0.1897077357966227,-0.063948919856808006,0.12575881593981469,0,2
2073,42,28,0.78485344474492069,0.61599492972796832,-1,-1,1,0,0,-0.20119605750507469,-0.098559188756474861,0.10263686874859983,0,2
2073,42,28,0.78485344474492069,0.61599492972796832,-1,-1,3,1,0,-0.1897077357966227,-0.063948919856808006,0.12575881593981469,0,2
2074,3,51,0.78499054020570802,0.61621014821244924,1,1,1,0,1,-0.14709136798889655,0.073840138692874979,0.22093150668177153,0,0
2074,3,51,0.78499054020570802,0.61621014821244924,1,1,3,1,0,-1.1477570088384965,-0.064000572293083424,1.0837564365454131,0,2
2074,3,51,0.78499054020570802,0.61621014821244924,1,-1,1,0,0,-1.0983997556843401,-0.098593623713991815,0.99980613197034829,0,2
2074,3,51,0.78499054020570802,0.61621014821244924,1,-1,3,1,0,-1.1477570088384965,-0.064000572293083424,1.0837564365454131,0,2
2074,3,51,0.78499054020570802,0.61621014821244924,-1,1,1,0,1,-0.049243442944387546,0.073840138692874979,0.12308358163726252,0,0
2074,3,51,0.78499054020570802,0.61621014821244924,-1,1,3,1,0,-0.18975938823289812,-0.064000572293083424,0.12575881593981469,0,2
2074,3,51,0.78499054020570802,0.61621014821244924,-1,-1,1,0,0,-0.20123133450142644,-0.098593623713991815,0.10263771078743462,0,2
2074,3,51,0.78499054020570802,0.61621014821244924,-1,-1,3,1,0,-0.18975938823289812,-0.064000572293083424,0.12575881593981469,0,2
2075,51,3,0.78499054020570802,0.61621014821244924,1,1,1,0,1,-0.14709136798889655,0.073840138692874979,0.22093150668177153,0,0
2075,51,3,0.78499054020570802,0.61621014821244924,1,1,3,1,0,-1.1477570088384965,-0.064000572293083424,1.0837564365454131,0,2
2075,51,3,0.78499054020570802,0.61621014821244924,1,-1,1,0,0,-1.0983997556843401,-0.098593623713991815,0.99980613197034829,0,2
2075,51,3,0.78499054020570802,0.61621014821244924,1,-1,3,1,0,-1.1477570088384965,-0.064000572293083424,1.0837564365454131,0,2
2075,51,3,0.78499054020570802,0.61621014821244924,-1,1,1,0,1,-0.049243442944387546,0.073840138692874979,0.12308358163726252,0,0
2075,51,3,0.78499054020570802,0.61621014821244924,-1,1,3,1,0,-0.18975938823289812,-0.064000572293083424,0.12575881593981469,0,2
2075,51,3,0.78499054020570802,0.61621014821244924,-1,-1,1,0,0,-0.20123133450142644,-0.098593623713991815,0.10263771078743462,0,2
2075,51,3,0.78499054020570802,0.61621014821244924,-1,-1,3,1,0,-0.18975938823289812,-0.064000572293083424,0.12575881593981469,0,2
2076,10,50,0.78501582427592398,0.6162498443636083,1,1,1,0,1,-0.14709077217774666,0.073837170651411335,0.22092794282915801,0,0
2076,10,50,0.78501582427592398,0.6162498443636083,1,1,3,1,0,-1.1477665359147746,-0.064010099369361612,1.0837564365454131,0,2
2076,10,50,0.78501582427592398,0.6162498443636083,1,-1,1,0,0,-1.0984061074534437,-0.098599975098177278,0.99980613235526639,0,2
2076,10,50,0.78501582427592398,0.6162498443636083,1,-1,3,1,0,-1.1477665359147746,-0.064010099369361612,1.0837564365454131,0,2
2076,10,50,0.78501582427592398,0.6162498443636083,-1,1,1,0,1,-0.049246618636480256,0.073837170651411335,0.1230837892878916,0,0
2076,10,50,0.78501582427592398,0.6162498443636083,-1,1,3,1,0,-0.18976891530917631,-0.064010099369361612,0.12575881593981469,0,2
2076,10,50,0.78501582427592398,0.6162498443636083,-1,-1,1,0,0,-0.20123784118262719,-0.098599975098177278,0.10263786608444991,0,2
2076,10,50,0.78501582427592398,0.6162498443636083,-1,-1,3,1,0,-0.18976891530917631,-0.064010099369361612,0.12575881593981469,0,2
2077,50,10,0.78501582427592398,0.6162498443636083,1,1,1,0,1,-0.14709077217774666,0.073837170651411335,0.22092794282915801,0,0
2077,50,10,0.78501582427592398,0.6162498443636083,1,1,3,1,0,-1.1477665359147746,-0.064010099369361612,1.0837564365454131,0,2
2077,50,10,0.78501582427592398,0.6162498443636083,1,-1,1,0,0,-1.0984061074534437,-0.098599975098177278,0.99980613235526639,0,2
2077,50,10,0.78501582427592398,0.6162498443636083,1,-1,3,1,0,-1.1477665359147746,-0.064010099369361612,1.0837564365454131,0,2
2077,50,10,0.78501582427592398,0.6162498443636083,-1,1,1,0,1,-0.049246618636480256,0.073837170651411335,0.1230837892878916,0,0
2077,50,10,0.78501582427592398,0.6162498443636083,-1,1,3,1,0,-0.18976891530917631,-0.064010099369361612,0.12575881593981469,0,2
2077,50,10,0.78501582427592398,0.6162498443636083,-1,-1,1,0,0,-0.20123784118262719,-0.098599975098177278,0.10263786608444991,0,2
2077,50,10,0.78501582427592398,0.6162498443636083,-1,-1,3,1,0,-0.18976891530917631,-0.064010099369361612,0.12575881593981469,0,2
2078,32,39,0.78554090422715372,0.61707451221401433,1,1,1,0,1,-0.14707856419597432,0.073775514514316215,0.22085407871029053,0,0
2078,32,39,0.78554090422715372,0.61707451221401433,1,1,3,1,0,-1.147964456198872,-0.06420801965345907,1.0837564365454129,0,2
2078,32,39,0.78554090422715372,0.61707451221401433,1,-1,1,0,0,-1.0985380623054706,-0.098731921954242269,0.99980614035122828,0,2
2078,32,39,0.78554090422715372,0.61707451221401433,1,-1,3,1,0,-1.147964456198872,-0.06420801965345907,1.0837564365454129,0,2
2078,32,39,0.78554090422715372,0.61707451221401433,-1,1,1,0,1,-0.049312592064512731,0.073775514514316215,0.12308810657882895,0,0
2078,32,39,0.78554090422715372,0.61707451221401433,-1,1,3,1,0,-0.18996683559327376,-0.06420801965345907,0.12575881593981469,0,2
2078,32,39,0.78554090422715372,0.61707451221401433,-1,-1,1,0,0,-0.20137301761327764,-0.098731921954242269,0.10264109565903537,0,2
2078,32,39,0.78554090422715372,0.61707451221401433,-1,-1,3,1,0,-0.18996683559327376,-0.06420801965345907,0.12575881593981469,0,2
2079,39,32,0.78554090422715372,0.61707451221401433,1,1,1,0,1,-0.14707856419597432,0.073775514514316215,0.22085407871029053,0,0
2079,39,32,0.78554090422715372,0.61707451221401433,1,1,3,1,0,-1.147964456198872,-0.06420801965345907,1.0837564365454129,0,2
2079,39,32,0.78554090422715372,0.61707451221401433,1,-1,1,0,0,-1.0985380623054706,-0.098731921954242269,0.99980614035122828,0,2
2079,39,32,0.78554090422715372,0.61707451221401433,1,-1,3,1,0,-1.147964456198872,-0.06420801965345907,1.0837564365454129,0,2
2079,39,32,0.78554090422715372,0.61707451221401433,-1,1,1,0,1,-0.049312592064512731,0.073775514514316215,0.12308810657882895,0,0
2079,39,32,0.78554090422715372,0.61707451221401433,-1,1,3,1,0,-0.18996683559327376,-0.06420801965345907,0.12575881593981469,0,2
2079,39,32,0.78554090422715372,0.61707451221401433,-1,-1,1,0,0,-0.20137301761327764,-0.098731921954242269,0.10264109565903537,0,2
2079,39,32,0.78554090422715372,0.61707451221401433,-1,-1,3,1,0,-0.18996683559327376,-0.06420801965345907,0.12575881593981469,0,2
2080,25,44,0.78559873632048116,0.61716537450833697,1,1,1,0,1,-0.14707724252293342,0.073768721614519639,0.22084596413745305,0,0
2080,25,44,0.78559873632048116,0.61716537450833697,1,1,3,1,0,-1.1479862631495095,-0.064229826604096485,1.0837564365454129,0,2
2080,25,44,0.78559873632048116,0.61716537450833697,1,-1,1,0,0,-1.0985526011534996,-0.098746459921333851,0.99980614123216571,0,2
2080,25,44,0.78559873632048116,0.61716537450833697,1,-1,3,1,0,-1.1479862631495095,-0.064229826604096485,1.0837564365454129,0,2
2080,25,44,0.78559873632048116,0.61716537450833697,-1,1,1,0,1,-0.049319861048058571,0.073768721614519639,0.12308858266257822,0,0
2080,25,44,0.78559873632048116,0.61716537450833697,-1,1,3,1,0,-0.18998864254391118,-0.064229826604096485,0.12575881593981469,0,2
2080,25,44,0.78559873632048116,0.61716537450833697,-1,-1,1,0,0,-0.20138791191208594,-0.098746459921333851,0.10264145199075209,0,2
2080,25,44,0.78559873632048116,0.61716537450833697,-1,-1,3,1,0,-0.18998864254391118,-0.064229826604096485,0.12575881593981469,0,2
2081,44,25,0.78559873632048116,0.61716537450833697,1,1,1,0,1,-0.14707724252293342,0.073768721614519639,0.22084596413745305,0,0
2081,44,25,0.78559873632048116,0.61716537450833697,1,1,3,1,0,-1.1479862631495095,-0.064229826604096485,1.0837564365454129,0,2
2081,44,25,0.78559873632048116,0.61716537450833697,1,-1,1,0,0,-1.0985526011534996,-0.098746459921333851,0.99980614123216571,0,2
2081,44,25,0.78559873632048116,0.61716537450833697,1,-1,3,1,0,-1.1479862631495095,-0.064229826604096485,1.0837564365454129,0,2
2081,44,25,0.78559873632048116,0.61716537450833697,-1,1,1,0,1,-0.049319861048058571,0.073768721614519639,0.12308858266257822,0,0
2081,44,25,0.78559873632048116,0.61716537450833697,-1,1,3,1,0,-0.18998864254391118,-0.064229826604096485,0.12575881593981469,0,2
2081,44,25,0.78559873632048116,0.61716537450833697,-1,-1,1,0,0,-0.20138791191208594,-0.098746459921333851,0.10264145199075209,0,2
2081,44,25,0.78559873632048116,0.61716537450833697,-1,-1,3,1,0,-0.18998864254391118,-0.064229826604096485,0.12575881593981469,0,2
2082,14,49,0.78599696159317956,0.6177912236337102,1,1,1,0,1,-0.14706830026721684,0.073721935063429486,0.22079023533064634,0,0
2082,14,49,0.78599696159317956,0.6177912236337102,1,1,3,1,0,-1.148136466939599,-0.064380030394186077,1.0837564365454129,0,2
2082,14,49,0.78599696159317956,0.6177912236337102,1,-1,1,0,0,-1.0986527430810238,-0.098846595781393598,0.99980614729963024,0,2
2082,14,49,0.78599696159317956,0.6177912236337102,1,-1,3,1,0,-1.148136466939599,-0.064380030394186077,1.0837564365454129,0,2
2082,14,49,0.78599696159317956,0.6177912236337102,-1,1,1,0,1,-0.049369928978088395,0.073721935063429486,0.12309186404151788,0,0
2082,14,49,0.78599696159317956,0.6177912236337102,-1,1,3,1,0,-0.19013884633400077,-0.064380030394186077,0.12575881593981469,0,2
2082,14,49,0.78599696159317956,0.6177912236337102,-1,-1,1,0,0,-0.20149050209248956,-0.098846595781393598,0.10264390631109596,0,2
2082,14,49,0.78599696159317956,0.6177912236337102,-1,-1,3,1,0,-0.19013884633400077,-0.064380030394186077,0.12575881593981469,0,2
2083,49,14,0.78599696159317956,0.6177912236337102,1,1,1,0,1,-0.14706830026721684,0.073721935063429486,0.22079023533064634,0,0
2083,49,14,0.78599696159317956,0.6177912236337102,1,1,3,1,0,-1.148136466939599,-0.064380030394186077,1.0837564365454129,0,2
2083,49,14,0.78599696159317956,0.6177912236337102,1,-1,1,0,0,-1.0986527430810238,-0.098846595781393598,0.99980614729963024,0,2
2083,49,14,0.78599696159317956,0.6177912236337102,1,-1,3,1,0,-1.148136466939599,-0.064380030394186077,1.0837564365454129,0,2
2083,49,14,0.78599696159317956,0.6177912236337102,-1,1,1,0,1,-0.049369928978088395,0.073721935063429486,0.12309186404151788,0,0
2083,49,14,0.78599696159317956,0.6177912236337102,-1,1,3,1,0,-0.19013884633400077,-0.064380030394186077,0.12575881593981469,0,2
2083,49,14,0.78599696159317956,0.6177912236337102,-1,-1,1,0,0,-0.20149050209248956,-0.098846595781393598,0.10264390631109596,0,2
2083,49,14,0.78599696159317956,0.6177912236337102,-1,-1,3,1,0,-0.19013884633400077,-0.064380030394186077,0.12575881593981469,0,2
2084,4,51,0.78610039150120625,0.61795382551834976,1,1,1,0,1,-0.14706600593148988,0.073709780067191394,0.22077578599868128,0,0
2084,4,51,0.78610039150120625,0.61795382551834976,1,1,3,1,0,-1.1481754913919127,-0.064419054846499568,1.0837564365454131,0,2
2084,4,51,0.78610039150120625,0.61795382551834976,1,-1,1,0,0,-1.0986787609588595,-0.098872612082935921,0.99980614887592356,0,2
2084,4,51,0.78610039150120625,0.61795382551834976,1,-1,3,1,0,-1.1481754913919127,-0.064419054846499568,1.0837564365454131,0,2
2084,4,51,0.78610039150120625,0.61795382551834976,-1,1,1,0,1,-0.049382937128859578,0.073709780067191394,0.12309271719605097,0,0
2084,4,51,0.78610039150120625,0.61795382551834976,-1,1,3,1,0,-0.19017787078631426,-0.064419054846499568,0.12575881593981469,0,2
2084,4,51,0.78610039150120625,0.61795382551834976,-1,-1,1,0,0,-0.20151715670613302,-0.098872612082935921,0.1026445446231971,0,2
2084,4,51,0.78610039150120625,0.61795382551834976,-1,-1,3,1,0,-0.19017787078631426,-0.064419054846499568,0.12575881593981469,0,2
2085,51,4,0.78610039150120625,0.61795382551834976,1,1,1,0,1,-0.14706600593148988,0.073709780067191394,0.22077578599868128,0,0
2085,51,4,0.78610039150120625,0.61795382551834976,1,1,3,1,0,-1.1481754913919127,-0.064419054846499568,1.0837564365454131,0,2
2085,51,4,0.78610039150120625,0.61795382551834976,1,-1,1,0,0,-1.0986787609588595,-0.098872612082935921,0.99980614887592356,0,2
2085,51,4,0.78610039150120625,0.61795382551834976,1,-1,3,1,0,-1.1481754913919127,-0.064419054846499568,1.0837564365454131,0,2
2085,51,4,0.78610039150120625,0.61795382551834976,-1,1,1,0,1,-0.049382937128859578,0.073709780067191394,0.12309271719605097,0,0
2085,51,4,0.78610039150120625,0.61795382551834976,-1,1,3,1,0,-0.19017787078631426,-0.064419054846499568,0.12575881593981469,0,2
2085,51,4,0.78610039150120625,0.61795382551834976,-1,-1,1,0,0,-0.20151715670613302,-0.098872612082935921,0.1026445446231971,0,2
2085,51,4,0.78610039150120625,0.61795382551834976,-1,-1,3,1,0,-0.19017787078631426,-0.064419054846499568,0.12575881593981469,0,2
2086,17,48,0.78667373951816755,0.61885557244749778,1,1,1,0,1,-0.14705364427667203,0.073642376312527388,0.2206960205891994,0,0
2086,17,48,0.78667373951816755,0.61885557244749778,1,1,3,1,0,-1.1483919106549081,-0.064635474109495078,1.0837564365454131,0,2
2086,17,48,0.78667373951816755,0.61885557244749778,1,-1,1,0,0,-1.0988230492085187,-0.099016891591599585,0.99980615761691916,0,2
2086,17,48,0.78667373951816755,0.61885557244749778,1,-1,3,1,0,-1.1483919106549081,-0.064635474109495078,1.0837564365454131,0,2
2086,17,48,0.78667373951816755,0.61885557244749778,-1,1,1,0,1,-0.049455076883191423,0.073642376312527388,0.12309745319571881,0,0
2086,17,48,0.78667373951816755,0.61885557244749778,-1,1,3,1,0,-0.19039429004930977,-0.064635474109495078,0.12575881593981469,0,2
2086,17,48,0.78667373951816755,0.61885557244749778,-1,-1,1,0,0,-0.20166497781711545,-0.099016891591599585,0.10264808622551587,0,2
2086,17,48,0.78667373951816755,0.61885557244749778,-1,-1,3,1,0,-0.19039429004930977,-0.064635474109495078,0.12575881593981469,0,2
2087,48,17,0.78667373951816755,0.61885557244749778,1,1,1,0,1,-0.14705364427667203,0.073642376312527388,0.2206960205891994,0,0
2087,48,17,0.78667373951816755,0.61885557244749778,1,1,3,1,0,-1.1483919106549081,-0.064635474109495078,1.0837564365454131,0,2
2087,48,17,0.78667373951816755,0.61885557244749778,1,-1,1,0,0,-1.0988230492085187,-0.099016891591599585,0.99980615761691916,0,2
2087,48,17,0.78667373951816755,0.61885557244749778,1,-1,3,1,0,-1.1483919106549081,-0.064635474109495078,1.0837564365454131,0,2
2087,48,17,0.78667373951816755,0.61885557244749778,-1,1,1,0,1,-0.049455076883191423,0.073642376312527388,0.12309745319571881,0,0
2087,48,17,0.78667373951816755,0.61885557244749778,-1,1,3,1,0,-0.19039429004930977,-0.064635474109495078,0.12575881593981469,0,2
2087,48,17,0.78667373951816755,0.61885557244749778,-1,-1,1,0,0,-0.20166497781711545,-0.099016891591599585,0.10264808622551587,0,2
2087,48,17,0.78667373951816755,0.61885557244749778,-1,-1,3,1,0,-0.19039429004930977,-0.064635474109495078,0.12575881593981469,0,2
2088,5,51,0.78752457186157065,0.62019495128575008,1,1,1,0,1,-0.14703620359450764,0.073542274917635847,0.22057847851214349,0,0
2088,5,51,0.78752457186157065,0.62019495128575008,1,1,3,1,0,-1.1487133615760885,-0.064956925030675627,1.0837564365454129,0,2
2088,5,51,0.78752457186157065,0.62019495128575008,1,-1,1,0,0,-1.0990373628035579,-0.099231192205719937,0.99980617059783794,0,2
2088,5,51,0.78752457186157065,0.62019495128575008,1,-1,3,1,0,-1.1487133615760885,-0.064956925030675627,1.0837564365454129,0,2
2088,5,51,0.78752457186157065,0.62019495128575008,-1,1,1,0,1,-0.04956222719025162,0.073542274917635847,0.12310450210788747,0,0
2088,5,51,0.78752457186157065,0.62019495128575008,-1,1,3,1,0,-0.19071574097049032,-0.064956925030675627,0.12575881593981469,0,2
2088,5,51,0.78752457186157065,0.62019495128575008,-1,-1,1,0,0,-0.20188454857309407,-0.099231192205719937,0.10265335636737413,0,2
2088,5,51,0.78752457186157065,0.62019495128575008,-1,-1,3,1,0,-0.19071574097049032,-0.064956925030675627,0.12575881593981469,0,2
2089,51,5,0.78752457186157065,0.62019495128575008,1,1,1,0,1,-0.14703620359450764,0.073542274917635847,0.22057847851214349,0,0
2089,51,5,0.78752457186157065,0.62019495128575008,1,1,3,1,0,-1.1487133615760885,-0.064956925030675627,1.0837564365454129,0,2
2089,51,5,0.78752457186157065,0.62019495128575008,1,-1,1,0,0,-1.0990373628035579,-0.099231192205719937,0.99980617059783794,0,2
2089,51,5,0.78752457186157065,0.62019495128575008,1,-1,3,1,0,-1.1487133615760885,-0.064956925030675627,1.0837564365454129,0,2
2089,51,5,0.78752457186157065,0.62019495128575008,-1,1,1,0,1,-0.04956222719025162,0.073542274917635847,0.12310450210788747,0,0
2089,51,5,0.78752457186157065,0.62019495128575008,-1,1,3,1,0,-0.19071574097049032,-0.064956925030675627,0.12575881593981469,0,2
2089,51,5,0.78752457186157065,0.62019495128575008,-1,-1,1,0,0,-0.20188454857309407,-0.099231192205719937,0.10265335636737413,0,2
2089,51,5,0.78752457186157065,0.62019495128575008,-1,-1,3,1,0,-0.19071574097049032,-0.064956925030675627,0.12575881593981469,0,2
2090,31,40,0.78768638514254863,0.62044984133893544,1,1,1,0,1,-0.14703301867676469,0.07352322710796115,0.22055624578472582,0,0
2090,31,40,0.78768638514254863,0.62044984133893544,1,1,3,1,0,-1.1487745351888532,-0.065018098643440131,1.0837564365454131,0,2
2090,31,40,0.78768638514254863,0.62044984133893544,1,-1,1,0,0,-1.099078147682097,-0.099271974614229638,0.99980617306786734,0,2
2090,31,40,0.78768638514254863,0.62044984133893544,1,-1,3,1,0,-1.1487745351888532,-0.065018098643440131,1.0837564365454131,0,2
2090,31,40,0.78768638514254863,0.62044984133893544,-1,1,1,0,1,-0.049582618394506429,0.07352322710796115,0.12310584550246759,0,0
2090,31,40,0.78768638514254863,0.62044984133893544,-1,1,3,1,0,-0.19077691458325483,-0.065018098643440131,0.12575881593981469,0,2
2090,31,40,0.78768638514254863,0.62044984133893544,-1,-1,1,0,0,-0.20192633522157483,-0.099271974614229638,0.10265436060734519,0,2
2090,31,40,0.78768638514254863,0.62044984133893544,-1,-1,3,1,0,-0.19077691458325483,-0.065018098643440131,0.12575881593981469,0,2
2091,40,31,0.78768638514254863,0.62044984133893544,1,1,1,0,1,-0.14703301867676469,0.07352322710796115,0.22055624578472582,0,0
2091,40,31,0.78768638514254863,0.62044984133893544,1,1,3,1,0,-1.1487745351888532,-0.065018098643440131,1.0837564365454131,0,2
2091,40,31,0.78768638514254863,0.62044984133893544,1,-1,1,0,0,-1.099078147682097,-0.099271974614229638,0.99980617306786734,0,2
2091,40,31,0.78768638514254863,0.62044984133893544,1,-1,3,1,0,-1.1487745351888532,-0.065018098643440131,1.0837564365454131,0,2
2091,40,31,0.78768638514254863,0.62044984133893544,-1,1,1,0,1,-0.049582618394506429,0.07352322710796115,0.12310584550246759,0,0
2091,40,31,0.78768638514254863,0.62044984133893544,-1,1,3,1,0,-0.19077691458325483,-0.065018098643440131,0.12575881593981469,0,2
2091,40,31,0.78768638514254863,0.62044984133893544,-1,-1,1,0,0,-0.20192633522157483,-0.099271974614229638,0.10265436060734519,0,2
2091,40,31,0.78768638514254863,0.62044984133893544,-1,-1,3,1,0,-0.19077691458325483,-0.065018098643440131,0.12575881593981469,0,2
2092,11,50,0.7883270920210943,0.6214596040144349,1,1,1,0,1,-0.14702072108627723,0.073447774162047591,0.22046849524832482,0,0
2092,11,50,0.7883270920210943,0.6214596040144349,1,1,3,1,0,-1.1490168782309729,-0.06526044168556,1.0837564365454129,0,2
2092,11,50,0.7883270920210943,0.6214596040144349,1,-1,1,0,0,-1.0992397194944066,-0.099433536642309542,0.99980618285209699,0,2
2092,11,50,0.7883270920210943,0.6214596040144349,1,-1,3,1,0,-1.1490168782309729,-0.06526044168556,1.0837564365454129,0,2
2092,11,50,0.7883270920210943,0.6214596040144349,-1,1,1,0,1,-0.049663399408546395,0.073447774162047591,0.12311117357059398,0,0
2092,11,50,0.7883270920210943,0.6214596040144349,-1,1,3,1,0,-0.19101925762537469,-0.06526044168556,0.12575881593981469,0,2
2092,11,50,0.7883270920210943,0.6214596040144349,-1,-1,1,0,0,-0.20209187984382948,-0.099433536642309542,0.10265834320151994,0,2
2092,11,50,0.7883270920210943,0.6214596040144349,-1,-1,3,1,0,-0.19101925762537469,-0.06526044168556,0.12575881593981469,0,2
2093,50,11,0.7883270920210943,0.6214596040144349,1,1,1,0,1,-0.14702072108627723,0.073447774162047591,0.22046849524832482,0,0
2093,50,11,0.7883270920210943,0.6214596040144349,1,1,3,1,0,-1.1490168782309729,-0.06526044168556,1.0837564365454129,0,2
2093,50,11,0.7883270920210943,0.6214596040144349,1,-1,1,0,0,-1.0992397194944066,-0.099433536642309542,0.99980618285209699,0,2
2093,50,11,0.7883270920210943,0.6214596040144349,1,-1,3,1,0,-1.1490168782309729,-0.06526044168556,1.0837564365454129,0,2
2093,50,11,0.7883270920210943,0.6214596040144349,-1,1,1,0,1,-0.049663399408546395,0.073447774162047591,0.12311117357059398,0,0
2093,50,11,0.7883270920210943,0.6214596040144349,-1,1,3,1,0,-0.19101925762537469,-0.06526044168556,0.12575881593981469,0,2
2093,50,11,0.7883270920210943,0.6214596040144349,-1,-1,1,0,0,-0.20209187984382948,-0.099433536642309542,0.10265834320151994,0,2
2093,50,11,0.7883270920210943,0.6214596040144349,-1,-1,3,1,0,-0.19101925762537469,-0.06526044168556,0.12575881593981469,0,2
2094,27,43,0.7888879475020617,0.62234419371401573,1,1,1,0,1,-0.14701048191464744,0.073381682600265077,0.2203921645149125,0,0
2094,27,43,0.7888879475020617,0.62234419371401573,1,1,3,1,0,-1.1492291797588723,-0.065472743213459389,1.0837564365454129,0,2
2094,27,43,0.7888879475020617,0.62234419371401573,1,-1,1,0,0,-1.0993812624164518,-0.099575070994242468,0.99980619142220939,0,2
2094,27,43,0.7888879475020617,0.62234419371401573,1,-1,3,1,0,-1.1492291797588723,-0.065472743213459389,1.0837564365454129,0,2
2094,27,43,0.7888879475020617,0.62234419371401573,-1,1,1,0,1,-0.049734166584512865,0.073381682600265077,0.12311584918477794,0,0
2094,27,43,0.7888879475020617,0.62234419371401573,-1,1,3,1,0,-0.19123155915327408,-0.065472743213459389,0.12575881593981469,0,2
2094,27,43,0.7888879475020617,0.62234419371401573,-1,-1,1,0,0,-0.20223690821244511,-0.099575070994242468,0.10266183721820264,0,2
2094,27,43,0.7888879475020617,0.62234419371401573,-1,-1,3,1,0,-0.19123155915327408,-0.065472743213459389,0.12575881593981469,0,2
2095,43,27,0.7888879475020617,0.62234419371401573,1,1,1,0,1,-0.14701048191464744,0.073381682600265077,0.2203921645149125,0,0
2095,43,27,0.7888879475020617,0.62234419371401573,1,1,3,1,0,-1.1492291797588723,-0.065472743213459389,1.0837564365454129,0,2
2095,43,27,0.7888879475020617,0.62234419371401573,1,-1,1,0,0,-1.0993812624164518,-0.099575070994242468,0.99980619142220939,0,2
2095,43,27,0.7888879475020617,0.62234419371401573,1,-1,3,1,0,-1.1492291797588723,-0.065472743213459389,1.0837564365454129,0,2
2095,43,27,0.7888879475020617,0.62234419371401573,-1,1,1,0,1,-0.049734166584512865,0.073381682600265077,0.12311584918477794,0,0
2095,43,27,0.7888879475020617,0.62234419371401573,-1,1,3,1,0,-0.19123155915327408,-0.065472743213459389,0.12575881593981469,0,2
2095,43,27,0.7888879475020617,0.62234419371401573,-1,-1,1,0,0,-0.20223690821244511,-0.099575070994242468,0.10266183721820264,0,2
2095,43,27,0.7888879475020617,0.62234419371401573,-1,-1,3,1,0,-0.19123155915327408,-0.065472743213459389,0.12575881593981469,0,2
2096,6,51,0.78926102588378488,0.62293296697912459,1,1,1,0,1,-0.14700390141089359,0.073337696925248178,0.22034159833614175,0,0
2096,6,51,0.78926102588378488,0.62293296697912459,1,1,3,1,0,-1.1493704853424984,-0.065614048797085517,1.0837564365454129,0,2
2096,6,51,0.78926102588378488,0.62293296697912459,1,-1,1,0,0,-1.0994754718424016,-0.099669274716659872,0.9998061971257417,0,2
2096,6,51,0.78926102588378488,0.62293296697912459,1,-1,3,1,0,-1.1493704853424984,-0.065614048797085517,1.0837564365454129,0,2
2096,6,51,0.78926102588378488,0.62293296697912459,-1,1,1,0,1,-0.04978126844572156,0.073337696925248178,0.12311896537096974,0,0
2096,6,51,0.78926102588378488,0.62293296697912459,-1,1,3,1,0,-0.19137286473690021,-0.065614048797085517,0.12575881593981469,0,2
2096,6,51,0.78926102588378488,0.62293296697912459,-1,-1,1,0,0,-0.20233344035712378,-0.099669274716659872,0.10266416564046391,0,2
2096,6,51,0.78926102588378488,0.62293296697912459,-1,-1,3,1,0,-0.19137286473690021,-0.065614048797085517,0.12575881593981469,0,2
2097,51,6,0.78926102588378488,0.62293296697912459,1,1,1,0,1,-0.14700390141089359,0.073337696925248178,0.22034159833614175,0,0
2097,51,6,0.78926102588378488,0.62293296697912459,1,1,3,1,0,-1.1493704853424984,-0.065614048797085517,1.0837564365454129,0,2
2097,51,6,0.78926102588378488,0.62293296697912459,1,-1,1,0,0,-1.0994754718424016,-0.099669274716659872,0.9998061971257417,0,2
2097,51,6,0.78926102588378488,0.62293296697912459,1,-1,3,1,0,-1.1493704853424984,-0.065614048797085517,1.0837564365454129,0,2
2097,51,6,0.78926102588378488,0.62293296697912459,-1,1,1,0,1,-0.04978126844572156,0.073337696925248178,0.12311896537096974,0,0
2097,51,6,0.78926102588378488,0.62293296697912459,-1,1,3,1,0,-0.19137286473690021,-0.065614048797085517,0.12575881593981469,0,2
2097,51,6,0.78926102588378488,0.62293296697912459,-1,-1,1,0,0,-0.20233344035712378,-0.099669274716659872,0.10266416564046391,0,2
2097,51,6,0.78926102588378488,0.62293296697912459,-1,-1,3,1,0,-0.19137286473690021,-0.065614048797085517,0.12575881593981469,0,2
2098,22,46,0.78994173457998196,0.62400794403123072,1,1,1,0,1,-0.14699241862912571,0.073257396803073929,0.22024981543219962,0,0
2098,22,46,0.78994173457998196,0.62400794403123072,1,1,3,1,0,-1.149628479835004,-0.065872043289590981,1.0837564365454131,0,2
2098,22,46,0.78994173457998196,0.62400794403123072,1,-1,1,0,0,-1.0996474785828774,-0.099841271044996849,0.99980620753788052,0,2
2098,22,46,0.78994173457998196,0.62400794403123072,1,-1,3,1,0,-1.149628479835004,-0.065872043289590981,1.0837564365454131,0,2
2098,22,46,0.78994173457998196,0.62400794403123072,-1,1,1,0,1,-0.049867266609890069,0.073257396803073929,0.12312466341296399,0,0
2098,22,46,0.78994173457998196,0.62400794403123072,-1,1,3,1,0,-0.19163085922940568,-0.065872043289590981,0.12575881593981469,0,2
2098,22,46,0.78994173457998196,0.62400794403123072,-1,-1,1,0,0,-0.20250969437097505,-0.099841271044996849,0.1026684233259782,0,2
2098,22,46,0.78994173457998196,0.62400794403123072,-1,-1,3,1,0,-0.19163085922940568,-0.065872043289590981,0.12575881593981469,0,2
2099,46,22,0.78994173457998196,0.62400794403123072,1,1,1,0,1,-0.14699241862912571,0.073257396803073929,0.22024981543219962,0,0
2099,46,22,0.78994173457998196,0.62400794403123072,1,1,3,1,0,-1.149628479835004,-0.065872043289590981,1.0837564365454131,0,2
2099,46,22,0.78994173457998196,0.62400794403123072,1,-1,1,0,0,-1.0996474785828774,-0.099841271044996849,0.99980620753788052,0,2
2099,46,22,0.78994173457998196,0.62400794403123072,1,-1,3,1,0,-1.149628479835004,-0.065872043289590981,1.0837564365454131,0,2
2099,46,22,0.78994173457998196,0.62400794403123072,-1,1,1,0,1,-0.049867266609890069,0.073257396803073929,0.12312466341296399,0,0
2099,46,22,0.78994173457998196,0.62400794403123072,-1,1,3,1,0,-0.19163085922940568,-0.065872043289590981,0.12575881593981469,0,2
2099,46,22,0.78994173457998196,0.62400794403123072,-1,-1,1,0,0,-0.20250969437097505,-0.099841271044996849,0.1026684233259782,0,2
2099,46,22,0.78994173457998196,0.62400794403123072,-1,-1,3,1,0,-0.19163085922940568,-0.065872043289590981,0.12575881593981469,0,2
2100,20,47,0.79032059710023772,0.62460664620087636,1,1,1,0,1,-0.14698631244577459,0.073212678895414079,0.22019899134118867,0,0
2100,20,47,0.79032059710023772,0.62460664620087636,1,1,3,1,0,-1.1497721683557189,-0.066015731810305955,1.0837564365454129,0,2
2100,20,47,0.79032059710023772,0.62460664620087636,1,-1,1,0,0,-1.0997432767282607,-0.099937063392140188,0.99980621333612052,0,2
2100,20,47,0.79032059710023772,0.62460664620087636,1,-1,3,1,0,-1.1497721683557189,-0.066015731810305955,1.0837564365454129,0,2
2100,20,47,0.79032059710023772,0.62460664620087636,-1,1,1,0,1,-0.049915162783461697,0.073212678895414079,0.12312784167887578,0,0
2100,20,47,0.79032059710023772,0.62460664620087636,-1,1,3,1,0,-0.19177454775012065,-0.066015731810305955,0.12575881593981469,0,2
2100,20,47,0.79032059710023772,0.62460664620087636,-1,-1,1,0,0,-0.20260786106851575,-0.099937063392140188,0.10267079767637556,0,2
2100,20,47,0.79032059710023772,0.62460664620087636,-1,-1,3,1,0,-0.19177454775012065,-0.066015731810305955,0.12575881593981469,0,2
2101,47,20,0.79032059710023772,0.62460664620087636,1,1,1,0,1,-0.14698631244577459,0.073212678895414079,0.22019899134118867,0,0
2101,47,20,0.79032059710023772,0.62460664620087636,1,1,3,1,0,-1.1497721683557189,-0.066015731810305955,1.0837564365454129,0,2
2101,47,20,0.79032059710023772,0.62460664620087636,1,-1,1,0,0,-1.0997432767282607,-0.099937063392140188,0.99980621333612052,0,2
2101,47,20,0.79032059710023772,0.62460664620087636,1,-1,3,1,0,-1.1497721683557189,-0.066015731810305955,1.0837564365454129,0,2
2101,47,20,0.79032059710023772,0.62460664620087636,-1,1,1,0,1,-0.049915162783461697,0.073212678895414079,0.12312784167887578,0,0
2101,47,20,0.79032059710023772,0.62460664620087636,-1,1,3,1,0,-0.19177454775012065,-0.066015731810305955,0.12575881593981469,0,2
2101,47,20,0.79032059710023772,0.62460664620087636,-1,-1,1,0,0,-0.20260786106851575,-0.099937063392140188,0.10267079767637556,0,2
2101,47,20,0.79032059710023772,0.62460664620087636,-1,-1,3,1,0,-0.19177454775012065,-0.066015731810305955,0.12575881593981469,0,2
2102,30,41,0.79035904829045944,0.62466742521460072,1,1,1,0,1,-0.14698570059314717,0.073208139416092569,0.22019384000923975,0,0
2102,30,41,0.79035904829045944,0.62466742521460072,1,1,3,1,0,-1.1497867553190129,-0.0660303187735998,1.0837564365454131,0,2
2102,30,41,0.79035904829045944,0.62466742521460072,1,-1,1,0,0,-1.0997530019590527,-0.099946788034336084,0.99980621392471658,0,2
2102,30,41,0.79035904829045944,0.62466742521460072,1,-1,3,1,0,-1.1497867553190129,-0.0660303187735998,1.0837564365454131,0,2
2102,30,41,0.79035904829045944,0.62466742521460072,-1,1,1,0,1,-0.049920025104559666,0.073208139416092569,0.12312816452065223,0,0
2102,30,41,0.79035904829045944,0.62466742521460072,-1,1,3,1,0,-0.19178913471341449,-0.0660303187735998,0.12575881593981469,0,2
2102,30,41,0.79035904829045944,0.62466742521460072,-1,-1,1,0,0,-0.20261782684252827,-0.099946788034336084,0.10267103880819219,0,2
2102,30,41,0.79035904829045944,0.62466742521460072,-1,-1,3,1,0,-0.19178913471341449,-0.0660303187735998,0.12575881593981469,0,2
2103,41,30,0.79035904829045944,0.62466742521460072,1,1,1,0,1,-0.14698570059314717,0.073208139416092569,0.22019384000923975,0,0
2103,41,30,0.79035904829045944,0.62466742521460072,1,1,3,1,0,-1.1497867553190129,-0.0660303187735998,1.0837564365454131,0,2
2103,41,30,0.79035904829045944,0.62466742521460072,1,-1,1,0,0,-1.0997530019590527,-0.099946788034336084,0.99980621392471658,0,2
2103,41,30,0.79035904829045944,0.62466742521460072,1,-1,3,1,0,-1.1497867553190129,-0.0660303187735998,1.0837564365454131,0,2
2103,41,30,0.79035904829045944,0.62466742521460072,-1,1,1,0,1,-0.049920025104559666,0.073208139416092569,0.12312816452065223,0,0
2103,41,30,0.79035904829045944,0.62466742521460072,-1,1,3,1,0,-0.19178913471341449,-0.0660303187735998,0.12575881593981469,0,2
2103,41,30,0.79035904829045944,0.62466742521460072,-1,-1,1,0,0,-0.20261782684252827,-0.099946788034336084,0.10267103880819219,0,2
2103,41,30,0.79035904829045944,0.62466742521460072,-1,-1,3,1,0,-0.19178913471341449,-0.0660303187735998,0.12575881593981469,0,2
2104,15,49,0.79054142969027463,0.62495575205674347,1,1,1,0,1,-0.14698282980803595,0.073186605262060389,0.22016943507009634,0,0
2104,15,49,0.79054142969027463,0.62495575205674347,1,1,3,1,0,-1.149855953761127,-0.066099517215714054,1.0837564365454129,0,2
2104,15,49,0.79054142969027463,0.62495575205674347,1,-1,1,0,0,-1.0997991370459341,-0.099992920329078916,0.99980621671685521,0,2
2104,15,49,0.79054142969027463,0.62495575205674347,1,-1,3,1,0,-1.149855953761127,-0.066099517215714054,1.0837564365454129,0,2
2104,15,49,0.79054142969027463,0.62495575205674347,-1,1,1,0,1,-0.049943091251931075,0.073186605262060389,0.12312969651399147,0,0
2104,15,49,0.79054142969027463,0.62495575205674347,-1,1,3,1,0,-0.19185833315552875,-0.066099517215714054,0.12575881593981469,0,2
2104,15,49,0.79054142969027463,0.62495575205674347,-1,-1,1,0,0,-0.20266510323066633,-0.099992920329078916,0.10267218290158742,0,2
2104,15,49,0.79054142969027463,0.62495575205674347,-1,-1,3,1,0,-0.19185833315552875,-0.066099517215714054,0.12575881593981469,0,2
2105,49,15,0.79054142969027463,0.62495575205674347,1,1,1,0,1,-0.14698282980803595,0.073186605262060389,0.22016943507009634,0,0
2105,49,15,0.79054142969027463,0.62495575205674347,1,1,3,1,0,-1.149855953761127,-0.066099517215714054,1.0837564365454129,0,2
2105,49,15,0.79054142969027463,0.62495575205674347,1,-1,1,0,0,-1.0997991370459341,-0.099992920329078916,0.99980621671685521,0,2
2105,49,15,0.79054142969027463,0.62495575205674347,1,-1,3,1,0,-1.149855953761127,-0.066099517215714054,1.0837564365454129,0,2
2105,49,15,0.79054142969027463,0.62495575205674347,-1,1,1,0,1,-0.049943091251931075,0.073186605262060389,0.12312969651399147,0,0
2105,49,15,0.79054142969027463,0.62495575205674347,-1,1,3,1,0,-0.19185833315552875,-0.066099517215714054,0.12575881593981469,0,2
2105,49,15,0.79054142969027463,0.62495575205674347,-1,-1,1,0,0,-0.20266510323066633,-0.099992920329078916,0.10267218290158742,0,2
2105,49,15,0.79054142969027463,0.62495575205674347,-1,-1,3,1,0,-0.19185833315552875,-0.066099517215714054,0.12575881593981469,0,2
2106,24,45,0.79098453499550037,0.62565653460204795,1,1,1,0,1,-0.14697607118435962,0.07313426948416285,0.22011034066852248,0,0
2106,24,45,0.79098453499550037,0.62565653460204795,1,1,3,1,0,-1.1500241415720001,-0.066267705026587131,1.0837564365454129,0,2
2106,24,45,0.79098453499550037,0.62565653460204795,1,-1,1,0,0,-1.0999112690390056,-0.10010504553632761,0.999806223502678,0,2
2106,24,45,0.79098453499550037,0.62565653460204795,1,-1,3,1,0,-1.1500241415720001,-0.066267705026587131,1.0837564365454129,0,2
2106,24,45,0.79098453499550037,0.62565653460204795,-1,1,1,0,1,-0.049999153855555437,0.07313426948416285,0.12313342333971829,0,0
2106,24,45,0.79098453499550037,0.62565653460204795,-1,1,3,1,0,-0.19202652096640183,-0.066267705026587131,0.12575881593981469,0,2
2106,24,45,0.79098453499550037,0.62565653460204795,-1,-1,1,0,0,-0.20278001227808548,-0.10010504553632761,0.10267496674175787,0,2
2106,24,45,0.79098453499550037,0.62565653460204795,-1,-1,3,1,0,-0.19202652096640183,-0.066267705026587131,0.12575881593981469,0,2
2107,45,24,0.79098453499550037,0.62565653460204795,1,1,1,0,1,-0.14697607118435962,0.07313426948416285,0.22011034066852248,0,0
2107,45,24,0.79098453499550037,0.62565653460204795,1,1,3,1,0,-1.1500241415720001,-0.066267705026587131,1.0837564365454129,0,2
2107,45,24,0.79098453499550037,0.62565653460204795,1,-1,1,0,0,-1.0999112690390056,-0.10010504553632761,0.999806223502678,0,2
2107,45,24,0.79098453499550037,0.62565653460204795,1,-1,3,1,0,-1.1500241415720001,-0.066267705026587131,1.0837564365454129,0,2
2107,45,24,0.79098453499550037,0.62565653460204795,-1,1,1,0,1,-0.049999153855555437,0.07313426948416285,0.12313342333971829,0,0
2107,45,24,0.79098453499550037,0.62565653460204795,-1,1,3,1,0,-0.19202652096640183,-0.066267705026587131,0.12575881593981469,0,2
2107,45,24,0.79098453499550037,0.62565653460204795,-1,-1,1,0,0,-0.20278001227808548,-0.10010504553632761,0.10267496674175787,0,2
2107,45,24,0.79098453499550037,0.62565653460204795,-1,-1,3,1,0,-0.19202652096640183,-0.066267705026587131,0.12575881593981469,0,2
2108,7,51,0.7913072666338663,0.62616719022756084,1,1,1,0,1,-0.14697131814596032,0.073096135683926769,0.22006745382988707,0,0
2108,7,51,0.7913072666338663,0.62616719022756084,1,1,3,1,0,-1.1501466989221232,-0.066390262376710224,1.0837564365454129,0,2
2108,7,51,0.7913072666338663,0.62616719022756084,1,-1,1,0,0,-1.0999929788834153,-0.10018675043640969,0.99980622844700562,0,2
2108,7,51,0.7913072666338663,0.62616719022756084,1,-1,3,1,0,-1.1501466989221232,-0.066390262376710224,1.0837564365454129,0,2
2108,7,51,0.7913072666338663,0.62616719022756084,-1,1,1,0,1,-0.05004000630559647,0.073096135683926769,0.12313614198952325,0,0
2108,7,51,0.7913072666338663,0.62616719022756084,-1,1,3,1,0,-0.19214907831652492,-0.066390262376710224,0.12575881593981469,0,2
2108,7,51,0.7913072666338663,0.62616719022756084,-1,-1,1,0,0,-0.20286374752771999,-0.10018675043640969,0.1026769970913103,0,2
2108,7,51,0.7913072666338663,0.62616719022756084,-1,-1,3,1,0,-0.19214907831652492,-0.066390262376710224,0.12575881593981469,0,2
2109,51,7,0.7913072666338663,0.62616719022756084,1,1,1,0,1,-0.14697131814596032,0.073096135683926769,0.22006745382988707,0,0
2109,51,7,0.7913072666338663,0.62616719022756084,1,1,3,1,0,-1.1501466989221232,-0.066390262376710224,1.0837564365454129,0,2
2109,51,7,0.7913072666338663,0.62616719022756084,1,-1,1,0,0,-1.0999929788834153,-0.10018675043640969,0.99980622844700562,0,2
2109,51,7,0.7913072666338663,0.62616719022756084,1,-1,3,1,0,-1.1501466989221232,-0.066390262376710224,1.0837564365454129,0,2
2109,51,7,0.7913072666338663,0.62616719022756084,-1,1,1,0,1,-0.05004000630559647,0.073096135683926769,0.12313614198952325,0,0
2109,51,7,0.7913072666338663,0.62616719022756084,-1,1,3,1,0,-0.19214907831652492,-0.066390262376710224,0.12575881593981469,0,2
2109,51,7,0.7913072666338663,0.62616719022756084,-1,-1,1,0,0,-0.20286374752771999,-0.10018675043640969,0.1026769970913103,0,2
2109,51,7,0.7913072666338663,0.62616719022756084,-1,-1,3,1,0,-0.19214907831652492,-0.066390262376710224,0.12575881593981469,0,2
2110,12,50,0.7919345357191433,0.62716030886469509,1,1,1,0,1,-0.146962492524222,0.073021980476827217,0.21998447300104923,0,0
2110,12,50,0.7919345357191433,0.62716030886469509,1,1,3,1,0,-1.1503850473950354,-0.066628610849622433,1.0837564365454131,0,2
2110,12,50,0.7919345357191433,0.62716030886469509,1,-1,1,0,0,-1.1001518874799405,-0.10034564941835114,0.99980623806158941,0,2
2110,12,50,0.7919345357191433,0.62716030886469509,1,-1,3,1,0,-1.1503850473950354,-0.066628610849622433,1.0837564365454131,0,2
2110,12,50,0.7919345357191433,0.62716030886469509,-1,1,1,0,1,-0.050119455796567229,0.073021980476827217,0.12314143627339444,0,0
2110,12,50,0.7919345357191433,0.62716030886469509,-1,1,3,1,0,-0.19238742678943713,-0.066628610849622433,0.12575881593981469,0,2
2110,12,50,0.7919345357191433,0.62716030886469509,-1,-1,1,0,0,-0.20302660073157247,-0.10034564941835114,0.10268095131322133,0,2
2110,12,50,0.7919345357191433,0.62716030886469509,-1,-1,3,1,0,-0.19238742678943713,-0.066628610849622433,0.12575881593981469,0,2
2111,50,12,0.7919345357191433,0.62716030886469509,1,1,1,0,1,-0.146962492524222,0.073021980476827217,0.21998447300104923,0,0
2111,50,12,0.7919345357191433,0.62716030886469509,1,1,3,1,0,-1.1503850473950354,-0.066628610849622433,1.0837564365454131,0,2
2111,50,12,0.7919345357191433,0.62716030886469509,1,-1,1,0,0,-1.1001518874799405,-0.10034564941835114,0.99980623806158941,0,2
2111,50,12,0.7919345357191433,0.62716030886469509,1,-1,3,1,0,-1.1503850473950354,-0.066628610849622433,1.0837564365454131,0,2
2111,50,12,0.7919345357191433,0.62716030886469509,-1,1,1,0,1,-0.050119455796567229,0.073021980476827217,0.12314143627339444,0,0
2111,50,12,0.7919345357191433,0.62716030886469509,-1,1,3,1,0,-0.19238742678943713,-0.066628610849622433,0.12575881593981469,0,2
2111,50,12,0.7919345357191433,0.62716030886469509,-1,-1,1,0,0,-0.20302660073157247,-0.10034564941835114,0.10268095131322133,0,2
2111,50,12,0.7919345357191433,0.62716030886469509,-1,-1,3,1,0,-0.19238742678943713,-0.066628610849622433,0.12575881593981469,0,2
2112,18,48,0.79212868724532826,0.62746785715700715,1,1,1,0,1,-0.14695986564961766,0.072999018036729771,0.21995888368634742,0,0
2112,18,48,0.79212868724532826,0.62746785715700715,1,1,3,1,0,-1.1504588589851903,-0.066702422439777337,1.0837564365454129,0,2
2112,18,48,0.79212868724532826,0.62746785715700715,1,-1,1,0,0,-1.100201098183853,-0.1003948571451211,0.99980624103873195,0,2
2112,18,48,0.79212868724532826,0.62746785715700715,1,-1,3,1,0,-1.1504588589851903,-0.066702422439777337,1.0837564365454129,0,2
2112,18,48,0.79212868724532826,0.62746785715700715,-1,1,1,0,1,-0.050144059659952167,0.072999018036729771,0.12314307769668194,0,0
2112,18,48,0.79212868724532826,0.62746785715700715,-1,1,3,1,0,-0.19246123837959203,-0.066702422439777337,0.12575881593981469,0,2
2112,18,48,0.79212868724532826,0.62746785715700715,-1,-1,1,0,0,-0.20307703380851222,-0.1003948571451211,0.10268217666339112,0,2
2112,18,48,0.79212868724532826,0.62746785715700715,-1,-1,3,1,0,-0.19246123837959203,-0.066702422439777337,0.12575881593981469,0,2
2113,48,18,0.79212868724532826,0.62746785715700715,1,1,1,0,1,-0.14695986564961766,0.072999018036729771,0.21995888368634742,0,0
2113,48,18,0.79212868724532826,0.62746785715700715,1,1,3,1,0,-1.1504588589851903,-0.066702422439777337,1.0837564365454129,0,2
2113,48,18,0.79212868724532826,0.62746785715700715,1,-1,1,0,0,-1.100201098183853,-0.1003948571451211,0.99980624103873195,0,2
2113,48,18,0.79212868724532826,0.62746785715700715,1,-1,3,1,0,-1.1504588589851903,-0.066702422439777337,1.0837564365454129,0,2
2113,48,18,0.79212868724532826,0.62746785715700715,-1,1,1,0,1,-0.050144059659952167,0.072999018036729771,0.12314307769668194,0,0
2113,48,18,0.79212868724532826,0.62746785715700715,-1,1,3,1,0,-0.19246123837959203,-0.066702422439777337,0.12575881593981469,0,2
2113,48,18,0.79212868724532826,0.62746785715700715,-1,-1,1,0,0,-0.20307703380851222,-0.1003948571451211,0.10268217666339112,0,2
2113,48,18,0.79212868724532826,0.62746785715700715,-1,-1,3,1,0,-0.19246123837959203,-0.066702422439777337,0.12575881593981469,0,2
2114,36,36,0.79296433488183915,0.62879243639459748,1,1,1,0,1,-0.14694913804277127,0.072900131352388667,0.21984926939515992,0,0
2114,36,36,0.79296433488183915,0.62879243639459748,1,1,3,1,0,-1.1507767580022119,-0.067020321456799009,1.0837564365454129,0,2
2114,36,36,0.79296433488183915,0.62879243639459748,1,-1,1,0,0,-1.100413043682523,-0.10060678982313553,0.99980625385938748,0,2
2114,36,36,0.79296433488183915,0.62879243639459748,1,-1,3,1,0,-1.1507767580022119,-0.067020321456799009,1.0837564365454129,0,2
2114,36,36,0.79296433488183915,0.62879243639459748,-1,1,1,0,1,-0.050250025998959419,0.072900131352388667,0.12315015735134809,0,0
2114,36,36,0.79296433488183915,0.62879243639459748,-1,1,3,1,0,-0.1927791373966137,-0.067020321456799009,0.12575881593981469,0,2
2114,36,36,0.79296433488183915,0.62879243639459748,-1,-1,1,0,0,-0.20329425268609599,-0.10060678982313553,0.10268746286296046,0,2
2114,36,36,0.79296433488183915,0.62879243639459748,-1,-1,3,1,0,-0.1927791373966137,-0.067020321456799009,0.12575881593981469,0,2
2115,35,37,0.79322917507815849,0.62921252419517582,1,1,1,0,1,-0.14694592180773924,0.072868773083986871,0.21981469489172611,0,0
2115,35,37,0.79322917507815849,0.62921252419517582,1,1,3,1,0,-1.1508775790743508,-0.067121142528937805,1.0837564365454131,0,2
2115,35,37,0.79322917507815849,0.62921252419517582,1,-1,1,0,0,-1.1004802617961218,-0.10067400387122805,0.99980625792489375,0,2
2115,35,37,0.79322917507815849,0.62921252419517582,1,-1,3,1,0,-1.1508775790743508,-0.067121142528937805,1.0837564365454131,0,2
2115,35,37,0.79322917507815849,0.62921252419517582,-1,1,1,0,1,-0.050283633023005689,0.072868773083986871,0.12315240610699256,0,0
2115,35,37,0.79322917507815849,0.62921252419517582,-1,1,3,1,0,-0.1928799584687525,-0.067121142528937805,0.12575881593981469,0,2
2115,35,37,0.79322917507815849,0.62921252419517582,-1,-1,1,0,0,-0.20336314612098094,-0.10067400387122805,0.1026891422497529,0,2
2115,35,37,0.79322917507815849,0.62921252419517582,-1,-1,3,1,0,-0.1928799584687525,-0.067121142528937805,0.12575881593981469,0,2
2116,37,35,0.79322917507815849,0.62921252419517582,1,1,1,0,1,-0.14694592180773924,0.072868773083986871,0.21981469489172611,0,0
2116,37,35,0.79322917507815849,0.62921252419517582,1,1,3,1,0,-1.1508775790743508,-0.067121142528937805,1.0837564365454131,0,2
2116,37,35,0.79322917507815849,0.62921252419517582,1,-1,1,0,0,-1.1004802617961218,-0.10067400387122805,0.99980625792489375,0,2
2116,37,35,0.79322917507815849,0.62921252419517582,1,-1,3,1,0,-1.1508775790743508,-0.067121142528937805,1.0837564365454131,0,2
2116,37,35,0.79322917507815849,0.62921252419517582,-1,1,1,0,1,-0.050283633023005689,0.072868773083986871,0.12315240610699256,0,0
2116,37,35,0.79322917507815849,0.62921252419517582,-1,1,3,1,0,-0.1928799584687525,-0.067121142528937805,0.12575881593981469,0,2
2116,37,35,0.79322917507815849,0.62921252419517582,-1,-1,1,0,0,-0.20336314612098094,-0.10067400387122805,0.1026891422497529,0,2
2116,37,35,0.79322917507815849,0.62921252419517582,-1,-1,3,1,0,-0.1928799584687525,-0.067121142528937805,0.12575881593981469,0,2
2117,26,44,0.79343256823657105,0.62953524033848096,1,1,1,0,1,-0.14694352720101023,0.072844684440543025,0.21978821164155327,0,0
2117,26,44,0.79343256823657105,0.62953524033848096,1,1,3,1,0,-1.150955030948744,-0.067198594403331063,1.0837564365454129,0,2
2117,26,44,0.79343256823657105,0.62953524033848096,1,-1,1,0,0,-1.1005318995020412,-0.10072563845415694,0.99980626104788428,0,2
2117,26,44,0.79343256823657105,0.62953524033848096,1,-1,3,1,0,-1.150955030948744,-0.067198594403331063,1.0837564365454129,0,2
2117,26,44,0.79343256823657105,0.62953524033848096,-1,1,1,0,1,-0.050309450314470053,0.072844684440543025,0.12315413475501308,0,0
2117,26,44,0.79343256823657105,0.62953524033848096,-1,1,3,1,0,-0.19295741034314576,-0.067198594403331063,0.12575881593981469,0,2
2117,26,44,0.79343256823657105,0.62953524033848096,-1,-1,1,0,0,-0.20341607106075454,-0.10072563845415694,0.1026904326065976,0,2
2117,26,44,0.79343256823657105,0.62953524033848096,-1,-1,3,1,0,-0.19295741034314576,-0.067198594403331063,0.12575881593981469,0,2
2118,44,26,0.79343256823657105,0.62953524033848096,1,1,1,0,1,-0.14694352720101023,0.072844684440543025,0.21978821164155327,0,0
2118,44,26,0.79343256823657105,0.62953524033848096,1,1,3,1,0,-1.150955030948744,-0.067198594403331063,1.0837564365454129,0,2
2118,44,26,0.79343256823657105,0.62953524033848096,1,-1,1,0,0,-1.1005318995020412,-0.10072563845415694,0.99980626104788428,0,2
2118,44,26,0.79343256823657105,0.62953524033848096,1,-1,3,1,0,-1.150955030948744,-0.067198594403331063,1.0837564365454129,0,2
2118,44,26,0.79343256823657105,0.62953524033848096,-1,1,1,0,1,-0.050309450314470053,0.072844684440543025,0.12315413475501308,0,0
2118,44,26,0.79343256823657105,0.62953524033848096,-1,1,3,1,0,-0.19295741034314576,-0.067198594403331063,0.12575881593981469,0,2
2118,44,26,0.79343256823657105,0.62953524033848096,-1,-1,1,0,0,-0.20341607106075454,-0.10072563845415694,0.1026904326065976,0,2
2118,44,26,0.79343256823657105,0.62953524033848096,-1,-1,3,1,0,-0.19295741034314576,-0.067198594403331063,0.12575881593981469,0,2
2119,29,42,0.79355290480892848,0.6297262127306883,1,1,1,0,1,-0.14694211711678479,0.072830430065655843,0.21977254718244063,0,0
2119,29,42,0.79355290480892848,0.6297262127306883,1,1,3,1,0,-1.1510008643228737,-0.067244427777460813,1.0837564365454129,0,2
2119,29,42,0.79355290480892848,0.6297262127306883,1,-1,1,0,0,-1.1005624569328014,-0.10075619403691008,0.99980626289589136,0,2
2119,29,42,0.79355290480892848,0.6297262127306883,1,-1,3,1,0,-1.1510008643228737,-0.067244427777460813,1.0837564365454129,0,2
2119,29,42,0.79355290480892848,0.6297262127306883,-1,1,1,0,1,-0.050324728105846657,0.072830430065655843,0.12315515817150249,0,0
2119,29,42,0.79355290480892848,0.6297262127306883,-1,1,3,1,0,-0.19300324371727551,-0.067244427777460813,0.12575881593981469,0,2
2119,29,42,0.79355290480892848,0.6297262127306883,-1,-1,1,0,0,-0.20344739095420838,-0.10075619403691008,0.10269119691729831,0,2
2119,29,42,0.79355290480892848,0.6297262127306883,-1,-1,3,1,0,-0.19300324371727551,-0.067244427777460813,0.12575881593981469,0,2
2120,42,29,0.79355290480892848,0.6297262127306883,1,1,1,0,1,-0.14694211711678479,0.072830430065655843,0.21977254718244063,0,0
2120,42,29,0.79355290480892848,0.6297262127306883,1,1,3,1,0,-1.1510008643228737,-0.067244427777460813,1.0837564365454129,0,2
2120,42,29,0.79355290480892848,0.6297262127306883,1,-1,1,0,0,-1.1005624569328014,-0.10075619403691008,0.99980626289589136,0,2
2120,42,29,0.79355290480892848,0.6297262127306883,1,-1,3,1,0,-1.1510008643228737,-0.067244427777460813,1.0837564365454129,0,2
2120,42,29,0.79355290480892848,0.6297262127306883,-1,1,1,0,1,-0.050324728105846657,0.072830430065655843,0.12315515817150249,0,0
2120,42,29,0.79355290480892848,0.6297262127306883,-1,1,3,1,0,-0.19300324371727551,-0.067244427777460813,0.12575881593981469,0,2
2120,42,29,0.79355290480892848,0.6297262127306883,-1,-1,1,0,0,-0.20344739095420838,-0.10075619403691008,0.10269119691729831,0,2
2120,42,29,0.79355290480892848,0.6297262127306883,-1,-1,3,1,0,-0.19300324371727551,-0.067244427777460813,0.12575881593981469,0,2
2121,8,51,0.79366039021411472,0.62989681499482086,1,1,1,0,1,-0.14694089254732962,0.072817696428108203,0.21975858897543782,0,0
2121,8,51,0.79366039021411472,0.62989681499482086,1,1,3,1,0,-1.1510418088662657,-0.067285372320852632,1.0837564365454131,0,2
2121,8,51,0.79366039021411472,0.62989681499482086,1,-1,1,0,0,-1.1005897549459056,-0.10078349039917128,0.99980626454673427,0,2
2121,8,51,0.79366039021411472,0.62989681499482086,1,-1,3,1,0,-1.1510418088662657,-0.067285372320852632,1.0837564365454131,0,2
2121,8,51,0.79366039021411472,0.62989681499482086,-1,1,1,0,1,-0.050338376286977279,0.072817696428108203,0.12315607271508548,0,0
2121,8,51,0.79366039021411472,0.62989681499482086,-1,1,3,1,0,-0.19304418826066733,-0.067285372320852632,0.12575881593981469,0,2
2121,8,51,0.79366039021411472,0.62989681499482086,-1,-1,1,0,0,-0.2034753700179065,-0.10078349039917128,0.10269187961873522,0,2
2121,8,51,0.79366039021411472,0.62989681499482086,-1,-1,3,1,0,-0.19304418826066733,-0.067285372320852632,0.12575881593981469,0,2
2122,51,8,0.79366039021411472,0.62989681499482086,1,1,1,0,1,-0.14694089254732962,0.072817696428108203,0.21975858897543782,0,0
2122,51,8,0.79366039021411472,0.62989681499482086,1,1,3,1,0,-1.1510418088662657,-0.067285372320852632,1.0837564365454131,0,2
2122,51,8,0.79366039021411472,0.62989681499482086,1,-1,1,0,0,-1.1005897549459056,-0.10078349039917128,0.99980626454673427,0,2
2122,51,8,0.79366039021411472,0.62989681499482086,1,-1,3,1,0,-1.1510418088662657,-0.067285372320852632,1.0837564365454131,0,2
2122,51,8,0.79366039021411472,0.62989681499482086,-1,1,1,0,1,-0.050338376286977279,0.072817696428108203,0.12315607271508548,0,0
2122,51,8,0.79366039021411472,0.62989681499482086,-1,1,3,1,0,-0.19304418826066733,-0.067285372320852632,0.12575881593981469,0,2
2122,51,8,0.79366039021411472,0.62989681499482086,-1,-1,1,0,0,-0.2034753700179065,-0.10078349039917128,0.10269187961873522,0,2
2122,51,8,0.79366039021411472,0.62989681499482086,-1,-1,3,1,0,-0.19304418826066733,-0.067285372320852632,0.12575881593981469,0,2
2123,34,38,0.79402309972835394,0.63047268290222358,1,1,1,0,1,-0.14693684150709352,0.072774716057568481,0.21971155756466199,0,0
2123,34,38,0.79402309972835394,0.63047268290222358,1,1,3,1,0,-1.1511800171640423,-0.06742358061862927,1.0837564365454131,0,2
2123,34,38,0.79402309972835394,0.63047268290222358,1,-1,1,0,0,-1.1006818993831939,-0.1008756292643557,0.99980627011883827,0,2
2123,34,38,0.79402309972835394,0.63047268290222358,1,-1,3,1,0,-1.1511800171640423,-0.06742358061862927,1.0837564365454131,0,2
2123,34,38,0.79402309972835394,0.63047268290222358,-1,1,1,0,1,-0.050384445719569501,0.072774716057568481,0.12315916177713798,0,0
2123,34,38,0.79402309972835394,0.63047268290222358,-1,1,3,1,0,-0.19318239655844396,-0.06742358061862927,0.12575881593981469,0,2
2123,34,38,0.79402309972835394,0.63047268290222358,-1,-1,1,0,0,-0.20356981503006386,-0.1008756292643557,0.10269418576570816,0,2
2123,34,38,0.79402309972835394,0.63047268290222358,-1,-1,3,1,0,-0.19318239655844396,-0.06742358061862927,0.12575881593981469,0,2
2124,38,34,0.79402309972835394,0.63047268290222358,1,1,1,0,1,-0.14693684150709352,0.072774716057568481,0.21971155756466199,0,0
2124,38,34,0.79402309972835394,0.63047268290222358,1,1,3,1,0,-1.1511800171640423,-0.06742358061862927,1.0837564365454131,0,2
2124,38,34,0.79402309972835394,0.63047268290222358,1,-1,1,0,0,-1.1006818993831939,-0.1008756292643557,0.99980627011883827,0,2
2124,38,34,0.79402309972835394,0.63047268290222358,1,-1,3,1,0,-1.1511800171640423,-0.06742358061862927,1.0837564365454131,0,2
2124,38,34,0.79402309972835394,0.63047268290222358,-1,1,1,0,1,-0.050384445719569501,0.072774716057568481,0.12315916177713798,0,0
2124,38,34,0.79402309972835394,0.63047268290222358,-1,1,3,1,0,-0.19318239655844396,-0.06742358061862927,0.12575881593981469,0,2
2124,38,34,0.79402309972835394,0.63047268290222358,-1,-1,1,0,0,-0.20356981503006386,-0.1008756292643557,0.10269418576570816,0,2
2124,38,34,0.79402309972835394,0.63047268290222358,-1,-1,3,1,0,-0.19318239655844396,-0.06742358061862927,0.12575881593981469,0,2
2125,33,39,0.79534432697905899,0.63257259845777236,1,1,1,0,1,-0.14692355506269156,0.072618013501808007,0.21954156856449958,0,0
2125,33,39,0.79534432697905899,0.63257259845777236,1,1,3,1,0,-1.151683996897374,-0.067927560351960986,1.0837564365454131,0,2
2125,33,39,0.79534432697905899,0.63257259845777236,1,-1,1,0,0,-1.1010179061867444,-0.10121161575324351,0.99980629043350089,0,2
2125,33,39,0.79534432697905899,0.63257259845777236,1,-1,3,1,0,-1.151683996897374,-0.067927560351960986,1.0837564365454131,0,2
2125,33,39,0.79534432697905899,0.63257259845777236,-1,1,1,0,1,-0.050552438964013395,0.072618013501808007,0.1231704524658214,0,0
2125,33,39,0.79534432697905899,0.63257259845777236,-1,1,3,1,0,-0.19368637629177568,-0.067927560351960986,0.12575881593981469,0,2
2125,33,39,0.79534432697905899,0.63257259845777236,-1,-1,1,0,0,-0.20391422929474612,-0.10121161575324351,0.1027026135415026,0,2
2125,33,39,0.79534432697905899,0.63257259845777236,-1,-1,3,1,0,-0.19368637629177568,-0.067927560351960986,0.12575881593981469,0,2
2126,39,33,0.79534432697905899,0.63257259845777236,1,1,1,0,1,-0.14692355506269156,0.072618013501808007,0.21954156856449958,0,0
2126,39,33,0.79534432697905899,0.63257259845777236,1,1,3,1,0,-1.151683996897374,-0.067927560351960986,1.0837564365454131,0,2
2126,39,33,0.79534432697905899,0.63257259845777236,1,-1,1,0,0,-1.1010179061867444,-0.10121161575324351,0.99980629043350089,0,2
2126,39,33,0.79534432697905899,0.63257259845777236,1,-1,3,1,0,-1.151683996897374,-0.067927560351960986,1.0837564365454131,0,2
2126,39,33,0.79534432697905899,0.63257259845777236,-1,1,1,0,1,-0.050552438964013395,0.072618013501808007,0.1231704524658214,0,0
2126,39,33,0.79534432697905899,0.63257259845777236,-1,1,3,1,0,-0.19368637629177568,-0.067927560351960986,0.12575881593981469,0,2
2126,39,33,0.79534432697905899,0.63257259845777236,-1,-1,1,0,0,-0.20391422929474612,-0.10121161575324351,0.1027026135415026,0,2
2126,39,33,0.79534432697905899,0.63257259845777236,-1,-1,3,1,0,-0.19368637629177568,-0.067927560351960986,0.12575881593981469,0,2
2127,16,49,0.79536457823330486,0.63260481230824295,1,1,1,0,1,-0.14692336497613667,0.072615609920576613,0.21953897489671328,0,0
2127,16,49,0.79536457823330486,0.63260481230824295,1,1,3,1,0,-1.1516917282214869,-0.067935291676073928,1.0837564365454129,0,2
2127,16,49,0.79536457823330486,0.63260481230824295,1,-1,1,0,0,-1.1010230607144071,-0.10121676996931883,0.99980629074508831,0,2
2127,16,49,0.79536457823330486,0.63260481230824295,1,-1,3,1,0,-1.1516917282214869,-0.067935291676073928,1.0837564365454129,0,2
2127,16,49,0.79536457823330486,0.63260481230824295,-1,1,1,0,1,-0.050555016072051026,0.072615609920576613,0.12317062599262764,0,0
2127,16,49,0.79536457823330486,0.63260481230824295,-1,1,3,1,0,-0.19369410761588862,-0.067935291676073928,0.12575881593981469,0,2
2127,16,49,0.79536457823330486,0.63260481230824295,-1,-1,1,0,0,-0.20391951296182328,-0.10121676996931883,0.10270274299250445,0,2
2127,16,49,0.79536457823330486,0.63260481230824295,-1,-1,3,1,0,-0.19369410761588862,-0.067935291676073928,0.12575881593981469,0,2
2128,49,16,0.79536457823330486,0.63260481230824295,1,1,1,0,1,-0.14692336497613667,0.072615609920576613,0.21953897489671328,0,0
2128,49,16,0.79536457823330486,0.63260481230824295,1,1,3,1,0,-1.1516917282214869,-0.067935291676073928,1.0837564365454129,0,2
2128,49,16,0.79536457823330486,0.63260481230824295,1,-1,1,0,0,-1.1010230607144071,-0.10121676996931883,0.99980629074508831,0,2
2128,49,16,0.79536457823330486,0.63260481230824295,1,-1,3,1,0,-1.1516917282214869,-0.067935291676073928,1.0837564365454129,0,2
2128,49,16,0.79536457823330486,0.63260481230824295,-1,1,1,0,1,-0.050555016072051026,0.072615609920576613,0.12317062599262764,0,0
2128,49,16,0.79536457823330486,0.63260481230824295,-1,1,3,1,0,-0.19369410761588862,-0.067935291676073928,0.12575881593981469,0,2
2128,49,16,0.79536457823330486,0.63260481230824295,-1,-1,1,0,0,-0.20391951296182328,-0.10121676996931883,0.10270274299250445,0,2
2128,49,16,0.79536457823330486,0.63260481230824295,-1,-1,3,1,0,-0.19369410761588862,-0.067935291676073928,0.12575881593981469,0,2
2129,13,50,0.79583323515622717,0.63335053817922671,1,1,1,0,1,-0.14691919017723387,0.072559971572557072,0.21947916174979093,0,0
2129,13,50,0.79583323515622717,0.63335053817922671,1,1,3,1,0,-1.151870702430523,-0.06811426588511002,1.0837564365454131,0,2
2129,13,50,0.79583323515622717,0.63335053817922671,1,-1,1,0,0,-1.1011423840663459,-0.1013360861086762,0.99980629795766973,0,2
2129,13,50,0.79583323515622717,0.63335053817922671,1,-1,3,1,0,-1.151870702430523,-0.06811426588511002,1.0837564365454131,0,2
2129,13,50,0.79583323515622717,0.63335053817922671,-1,1,1,0,1,-0.050614674141729744,0.072559971572557072,0.12317464571428682,0,0
2129,13,50,0.79583323515622717,0.63335053817922671,-1,1,3,1,0,-0.19387308182492471,-0.06811426588511002,0.12575881593981469,0,2
2129,13,50,0.79583323515622717,0.63335053817922671,-1,-1,1,0,0,-0.20404182917791686,-0.1013360861086762,0.10270574306924066,0,2
2129,13,50,0.79583323515622717,0.63335053817922671,-1,-1,3,1,0,-0.19387308182492471,-0.06811426588511002,0.12575881593981469,0,2
2130,50,13,0.79583323515622717,0.63335053817922671,1,1,1,0,1,-0.14691919017723387,0.072559971572557072,0.21947916174979093,0,0
2130,50,13,0.79583323515622717,0.63335053817922671,1,1,3,1,0,-1.151870702430523,-0.06811426588511002,1.0837564365454131,0,2
2130,50,13,0.79583323515622717,0.63335053817922671,1,-1,1,0,0,-1.1011423840663459,-0.1013360861086762,0.99980629795766973,0,2
2130,50,13,0.79583323515622717,0.63335053817922671,1,-1,3,1,0,-1.151870702430523,-0.06811426588511002,1.0837564365454131,0,2
2130,50,13,0.79583323515622717,0.63335053817922671,-1,1,1,0,1,-0.050614674141729744,0.072559971572557072,0.12317464571428682,0,0
2130,50,13,0.79583323515622717,0.63335053817922671,-1,1,3,1,0,-0.19387308182492471,-0.06811426588511002,0.12575881593981469,0,2
2130,50,13,0.79583323515622717,0.63335053817922671,-1,-1,1,0,0,-0.20404182917791686,-0.1013360861086762,0.10270574306924066,0,2
2130,50,13,0.79583323515622717,0.63335053817922671,-1,-1,3,1,0,-0.19387308182492471,-0.06811426588511002,0.12575881593981469,0,2
2131,9,51,0.79631709248277616,0.63412091178022223,1,1,1,0,1,-0.14691517279077651,0.072502499714660607,0.21941767250543712,0,0
2131,9,51,0.79631709248277616,0.63412091178022223,1,1,3,1,0,-1.1520555920947619,-0.068299155549348955,1.0837564365454129,0,2
2131,9,51,0.79631709248277616,0.63412091178022223,1,-1,1,0,0,-1.1012656512926164,-0.1014593458848355,0.99980630540778093,0,2
2131,9,51,0.79631709248277616,0.63412091178022223,1,-1,3,1,0,-1.1520555920947619,-0.068299155549348955,1.0837564365454129,0,2
2131,9,51,0.79631709248277616,0.63412091178022223,-1,1,1,0,1,-0.050676304029809383,0.072502499714660607,0.12317880374446999,0,0
2131,9,51,0.79631709248277616,0.63412091178022223,-1,1,3,1,0,-0.19405797148916365,-0.068299155549348955,0.12575881593981469,0,2
2131,9,51,0.79631709248277616,0.63412091178022223,-1,-1,1,0,0,-0.20416819256958621,-0.1014593458848355,0.10270884668475071,0,2
2131,9,51,0.79631709248277616,0.63412091178022223,-1,-1,3,1,0,-0.19405797148916365,-0.068299155549348955,0.12575881593981469,0,2
2132,51,9,0.79631709248277616,0.63412091178022223,1,1,1,0,1,-0.14691517279077651,0.072502499714660607,0.21941767250543712,0,0
2132,51,9,0.79631709248277616,0.63412091178022223,1,1,3,1,0,-1.1520555920947619,-0.068299155549348955,1.0837564365454129,0,2
2132,51,9,0.79631709248277616,0.63412091178022223,1,-1,1,0,0,-1.1012656512926164,-0.1014593458848355,0.99980630540778093,0,2
2132,51,9,0.79631709248277616,0.63412091178022223,1,-1,3,1,0,-1.1520555920947619,-0.068299155549348955,1.0837564365454129,0,2
2132,51,9,0.79631709248277616,0.63412091178022223,-1,1,1,0,1,-0.050676304029809383,0.072502499714660607,0.12317880374446999,0,0
2132,51,9,0.79631709248277616,0.63412091178022223,-1,1,3,1,0,-0.19405797148916365,-0.068299155549348955,0.12575881593981469,0,2
2132,51,9,0.79631709248277616,0.63412091178022223,-1,-1,1,0,0,-0.20416819256958621,-0.1014593458848355,0.10270884668475071,0,2
2132,51,9,0.79631709248277616,0.63412091178022223,-1,-1,3,1,0,-0.19405797148916365,-0.068299155549348955,0.12575881593981469,0,2
2133,21,47,0.79664758403519176,0.63464737314910791,1,1,1,0,1,-0.14691260667436437,0.072463227518652085,0.21937583419301646,0,0
2133,21,47,0.79664758403519176,0.63464737314910791,1,1,3,1,0,-1.1521819428232944,-0.06842550627788152,1.0837564365454129,0,2
2133,21,47,0.79664758403519176,0.63464737314910791,1,-1,1,0,0,-1.1013498902024255,-0.1015435797038572,0.99980631049856827,0,2
2133,21,47,0.79664758403519176,0.63464737314910791,1,-1,3,1,0,-1.1521819428232944,-0.06842550627788152,1.0837564365454129,0,2
2133,21,47,0.79664758403519176,0.63464737314910791,-1,1,1,0,1,-0.050718420939320261,0.072463227518652085,0.12318164845797235,0,0
2133,21,47,0.79664758403519176,0.63464737314910791,-1,1,3,1,0,-0.19418432221769621,-0.06842550627788152,0.12575881593981469,0,2
2133,21,47,0.79664758403519176,0.63464737314910791,-1,-1,1,0,0,-0.20425454919654062,-0.1015435797038572,0.10271096949268342,0,2
2133,21,47,0.79664758403519176,0.63464737314910791,-1,-1,3,1,0,-0.19418432221769621,-0.06842550627788152,0.12575881593981469,0,2
2134,47,21,0.79664758403519176,0.63464737314910791,1,1,1,0,1,-0.14691260667436437,0.072463227518652085,0.21937583419301646,0,0
2134,47,21,0.79664758403519176,0.63464737314910791,1,1,3,1,0,-1.1521819428232944,-0.06842550627788152,1.0837564365454129,0,2
2134,47,21,0.79664758403519176,0.63464737314910791,1,-1,1,0,0,-1.1013498902024255,-0.1015435797038572,0.99980631049856827,0,2
2134,47,21,0.79664758403519176,0.63464737314910791,1,-1,3,1,0,-1.1521819428232944,-0.06842550627788152,1.0837564365454129,0,2
2134,47,21,0.79664758403519176,0.63464737314910791,-1,1,1,0,1,-0.050718420939320261,0.072463227518652085,0.12318164845797235,0,0
2134,47,21,0.79664758403519176,0.63464737314910791,-1,1,3,1,0,-0.19418432221769621,-0.06842550627788152,0.12575881593981469,0,2
2134,47,21,0.79664758403519176,0.63464737314910791,-1,-1,1,0,0,-0.20425454919654062,-0.1015435797038572,0.10271096949268342,0,2
2134,47,21,0.79664758403519176,0.63464737314910791,-1,-1,3,1,0,-0.19418432221769621,-0.06842550627788152,0.12575881593981469,0,2
2135,23,46,0.79686175201811837,0.63498865182938524,1,1,1,0,1,-0.14691100764667075,0.072437770688022998,0.21934877833469374,0,0
2135,23,46,0.79686175201811837,0.63498865182938524,1,1,3,1,0,-1.1522638497065611,-0.068507413161148084,1.0837564365454131,0,2
2135,23,46,0.79686175201811837,0.63498865182938524,1,-1,1,0,0,-1.1014044980911559,-0.10159818429270159,0.9998063137984543,0,2
2135,23,46,0.79686175201811837,0.63498865182938524,1,-1,3,1,0,-1.1522638497065611,-0.068507413161148084,1.0837564365454131,0,2
2135,23,46,0.79686175201811837,0.63498865182938524,-1,1,1,0,1,-0.050745723233742421,0.072437770688022998,0.12318349392176542,0,0
2135,23,46,0.79686175201811837,0.63498865182938524,-1,1,3,1,0,-0.19426622910096278,-0.068507413161148084,0.12575881593981469,0,2
2135,23,46,0.79686175201811837,0.63498865182938524,-1,-1,1,0,0,-0.20431053147108769,-0.10159818429270159,0.10271234717838609,0,2
2135,23,46,0.79686175201811837,0.63498865182938524,-1,-1,3,1,0,-0.19426622910096278,-0.068507413161148084,0.12575881593981469,0,2
2136,46,23,0.79686175201811837,0.63498865182938524,1,1,1,0,1,-0.14691100764667075,0.072437770688022998,0.21934877833469374,0,0
2136,46,23,0.79686175201811837,0.63498865182938524,1,1,3,1,0,-1.1522638497065611,-0.068507413161148084,1.0837564365454131,0,2
2136,46,23,0.79686175201811837,0.63498865182938524,1,-1,1,0,0,-1.1014044980911559,-0.10159818429270159,0.9998063137984543,0,2
2136,46,23,0.79686175201811837,0.63498865182938524,1,-1,3,1,0,-1.1522638497065611,-0.068507413161148084,1.0837564365454131,0,2
2136,46,23,0.79686175201811837,0.63498865182938524,-1,1,1,0,1,-0.050745723233742421,0.072437770688022998,0.12318349392176542,0,0
2136,46,23,0.79686175201811837,0.63498865182938524,-1,1,3,1,0,-0.19426622910096278,-0.068507413161148084,0.12575881593981469,0,2
2136,46,23,0.79686175201811837,0.63498865182938524,-1,-1,1,0,0,-0.20431053147108769,-0.10159818429270159,0.10271234717838609,0,2
2136,46,23,0.79686175201811837,0.63498865182938524,-1,-1,3,1,0,-0.19426622910096278,-0.068507413161148084,0.12575881593981469,0,2
2137,32,40,0.79718990680943891,0.63551174751884187,1,1,1,0,1,-0.14690865276500353,0.072398753773127503,0.21930740653813102,0,0
2137,32,40,0.79718990680943891,0.63551174751884187,1,1,3,1,0,-1.1523893926720306,-0.068632956126617656,1.0837564365454129,0,2
2137,32,40,0.79718990680943891,0.63551174751884187,1,-1,1,0,0,-1.1014881984590437,-0.10168187960301463,0.999806318856029,0,2
2137,32,40,0.79718990680943891,0.63551174751884187,1,-1,3,1,0,-1.1523893926720306,-0.068632956126617656,1.0837564365454129,0,2
2137,32,40,0.79718990680943891,0.63551174751884187,-1,1,1,0,1,-0.050787570888898945,0.072398753773127503,0.12318632466202645,0,0
2137,32,40,0.79718990680943891,0.63551174751884187,-1,1,3,1,0,-0.19439177206643235,-0.068632956126617656,0.12575881593981469,0,2
2137,32,40,0.79718990680943891,0.63551174751884187,-1,-1,1,0,0,-0.20439633933110862,-0.10168187960301463,0.102714459728094,0,2
2137,32,40,0.79718990680943891,0.63551174751884187,-1,-1,3,1,0,-0.19439177206643235,-0.068632956126617656,0.12575881593981469,0,2
2138,40,32,0.79718990680943891,0.63551174751884187,1,1,1,0,1,-0.14690865276500353,0.072398753773127503,0.21930740653813102,0,0
2138,40,32,0.79718990680943891,0.63551174751884187,1,1,3,1,0,-1.1523893926720306,-0.068632956126617656,1.0837564365454129,0,2
2138,40,32,0.79718990680943891,0.63551174751884187,1,-1,1,0,0,-1.1014881984590437,-0.10168187960301463,0.999806318856029,0,2
2138,40,32,0.79718990680943891,0.63551174751884187,1,-1,3,1,0,-1.1523893926720306,-0.068632956126617656,1.0837564365454129,0,2
2138,40,32,0.79718990680943891,0.63551174751884187,-1,1,1,0,1,-0.050787570888898945,0.072398753773127503,0.12318632466202645,0,0
2138,40,32,0.79718990680943891,0.63551174751884187,-1,1,3,1,0,-0.19439177206643235,-0.068632956126617656,0.12575881593981469,0,2
2138,40,32,0.79718990680943891,0.63551174751884187,-1,-1,1,0,0,-0.20439633933110862,-0.10168187960301463,0.102714459728094,0,2
2138,40,32,0.79718990680943891,0.63551174751884187,-1,-1,3,1,0,-0.19439177206643235,-0.068632956126617656,0.12575881593981469,0,2
2139,28,43,0.79726090029004493,0.63562494313129303,1,1,1,0,1,-0.14690816879441296,0.07239031101839534,0.21929847981280831,0,0
2139,28,43,0.79726090029004493,0.63562494313129303,1,1,3,1,0,-1.152416559619019,-0.068660123073605944,1.0837564365454131,0,2
2139,28,43,0.79726090029004493,0.63562494313129303,1,-1,1,0,0,-1.1015063108514198,-0.10169999090100683,0.99980631995041302,0,2
2139,28,43,0.79726090029004493,0.63562494313129303,1,-1,3,1,0,-1.152416559619019,-0.068660123073605944,1.0837564365454131,0,2
2139,28,43,0.79726090029004493,0.63562494313129303,-1,1,1,0,1,-0.050796626537895045,0.07239031101839534,0.12318693755629039,0,0
2139,28,43,0.79726090029004493,0.63562494313129303,-1,1,3,1,0,-0.19441893901342064,-0.068660123073605944,0.12575881593981469,0,2
2139,28,43,0.79726090029004493,0.63562494313129303,-1,-1,1,0,0,-0.20441490804194123,-0.10169999090100683,0.10271491714093441,0,2
2139,28,43,0.79726090029004493,0.63562494313129303,-1,-1,3,1,0,-0.19441893901342064,-0.068660123073605944,0.12575881593981469,0,2
2140,43,28,0.79726090029004493,0.63562494313129303,1,1,1,0,1,-0.14690816879441296,0.07239031101839534,0.21929847981280831,0,0
2140,43,28,0.79726090029004493,0.63562494313129303,1,1,3,1,0,-1.152416559619019,-0.068660123073605944,1.0837564365454131,0,2
2140,43,28,0.79726090029004493,0.63562494313129303,1,-1,1,0,0,-1.1015063108514198,-0.10169999090100683,0.99980631995041302,0,2
2140,43,28,0.79726090029004493,0.63562494313129303,1,-1,3,1,0,-1.152416559619019,-0.068660123073605944,1.0837564365454131,0,2
2140,43,28,0.79726090029004493,0.63562494313129303,-1,1,1,0,1,-0.050796626537895045,0.07239031101839534,0.12318693755629039,0,0
2140,43,28,0.79726090029004493,0.63562494313129303,-1,1,3,1,0,-0.19441893901342064,-0.068660123073605944,0.12575881593981469,0,2
2140,43,28,0.79726090029004493,0.63562494313129303,-1,-1,1,0,0,-0.20441490804194123,-0.10169999090100683,0.10271491714093441,0,2
2140,43,28,0.79726090029004493,0.63562494313129303,-1,-1,3,1,0,-0.19441893901342064,-0.068660123073605944,0.12575881593981469,0,2
2141,19,48,0.79784622230122237,0.63655859444033158,1,1,1,0,1,-0.14690438002337097,0.072320678674518732,0.21922505869788972,0,0
2141,19,48,0.79784622230122237,0.63655859444033158,1,1,3,1,0,-1.1526406359331882,-0.068884199387775208,1.0837564365454131,0,2
2141,19,48,0.79784622230122237,0.63655859444033158,1,-1,1,0,0,-1.1016557040867596,-0.10184937511045301,0.99980632897630661,0,2
2141,19,48,0.79784622230122237,0.63655859444033158,1,-1,3,1,0,-1.1526406359331882,-0.068884199387775208,1.0837564365454131,0,2
2141,19,48,0.79784622230122237,0.63655859444033158,-1,1,1,0,1,-0.050871318642618124,0.072320678674518732,0.12319199731713686,0,0
2141,19,48,0.79784622230122237,0.63655859444033158,-1,1,3,1,0,-0.1946430153275899,-0.068884199387775208,0.12575881593981469,0,2
2141,19,48,0.79784622230122237,0.63655859444033158,-1,-1,1,0,0,-0.20456806775427114,-0.10184937511045301,0.10271869264381812,0,2
2141,19,48,0.79784622230122237,0.63655859444033158,-1,-1,3,1,0,-0.1946430153275899,-0.068884199387775208,0.12575881593981469,0,2
2142,48,19,0.79784622230122237,0.63655859444033158,1,1,1,0,1,-0.14690438002337097,0.072320678674518732,0.21922505869788972,0,0
2142,48,19,0.79784622230122237,0.63655859444033158,1,1,3,1,0,-1.1526406359331882,-0.068884199387775208,1.0837564365454131,0,2
2142,48,19,0.79784622230122237,0.63655859444033158,1,-1,1,0,0,-1.1016557040867596,-0.10184937511045301,0.99980632897630661,0,2
2142,48,19,0.79784622230122237,0.63655859444033158,1,-1,3,1,0,-1.1526406359331882,-0.068884199387775208,1.0837564365454131,0,2
2142,48,19,0.79784622230122237,0.63655859444033158,-1,1,1,0,1,-0.050871318642618124,0.072320678674518732,0.12319199731713686,0,0
2142,48,19,0.79784622230122237,0.63655859444033158,-1,1,3,1,0,-0.1946430153275899,-0.068884199387775208,0.12575881593981469,0,2
2142,48,19,0.79784622230122237,0.63655859444033158,-1,-1,1,0,0,-0.20456806775427114,-0.10184937511045301,0.10271869264381812,0,2
2142,48,19,0.79784622230122237,0.63655859444033158,-1,-1,3,1,0,-0.1946430153275899,-0.068884199387775208,0.12575881593981469,0,2
2143,0,52,0.79806111546468195,0.63690154401673238,1,1,1,0,1,-0.14690307739317965,0.072295103292678117,0.21919818068585778,0,0
2143,0,52,0.79806111546468195,0.63690154401673238,1,1,3,1,0,-1.1527229438315243,-0.068966507286111395,1.0837564365454129,0,2
2143,0,52,0.79806111546468195,0.63690154401673238,1,-1,1,0,0,-1.10171057933406,-0.10190424704267714,0.99980633229138283,0,2
2143,0,52,0.79806111546468195,0.63690154401673238,1,-1,3,1,0,-1.1527229438315243,-0.068966507286111395,1.0837564365454129,0,2
2143,0,52,0.79806111546468195,0.63690154401673238,-1,1,1,0,1,-0.050898754608730175,0.072295103292678117,0.1231938579014083,0,0
2143,0,52,0.79806111546468195,0.63690154401673238,-1,1,3,1,0,-0.19472532322592609,-0.068966507286111395,0.12575881593981469,0,2
2143,0,52,0.79806111546468195,0.63690154401673238,-1,-1,1,0,0,-0.20462432862906238,-0.10190424704267714,0.10272008158638524,0,2
2143,0,52,0.79806111546468195,0.63690154401673238,-1,-1,3,1,0,-0.19472532322592609,-0.068966507286111395,0.12575881593981469,0,2
2144,52,0,0.79806111546468195,0.63690154401673238,1,1,1,0,1,-0.14690307739317965,0.072295103292678117,0.21919818068585778,0,0
2144,52,0,0.79806111546468195,0.63690154401673238,1,1,3,1,0,-1.1527229438315243,-0.068966507286111395,1.0837564365454129,0,2
2144,52,0,0.79806111546468195,0.63690154401673238,1,-1,1,0,0,-1.10171057933406,-0.10190424704267714,0.99980633229138283,0,2
2144,52,0,0.79806111546468195,0.63690154401673238,1,-1,3,1,0,-1.1527229438315243,-0.068966507286111395,1.0837564365454129,0,2
2144,52,0,0.79806111546468195,0.63690154401673238,-1,1,1,0,1,-0.050898754608730175,0.072295103292678117,0.1231938579014083,0,0
2144,52,0,0.79806111546468195,0.63690154401673238,-1,1,3,1,0,-0.19472532322592609,-0.068966507286111395,0.12575881593981469,0,2
2144,52,0,0.79806111546468195,0.63690154401673238,-1,-1,1,0,0,-0.20462432862906238,-0.10190424704267714,0.10272008158638524,0,2
2144,52,0,0.79806111546468195,0.63690154401673238,-1,-1,3,1,0,-0.19472532322592609,-0.068966507286111395,0.12575881593981469,0,2
2145,1,52,0.79821724172146125,0.63715076498141776,1,1,1,0,1,-0.14690217640300984,0.072276518382494687,0.21917869478550453,0,0
2145,1,52,0.79821724172146125,0.63715076498141776,1,1,3,1,0,-1.1527827568630489,-0.069026320317635892,1.0837564365454129,0,2
2145,1,52,0.79821724172146125,0.63715076498141776,1,-1,1,0,0,-1.1017504570973626,-0.10194412239702681,0.99980633470033586,0,2
2145,1,52,0.79821724172146125,0.63715076498141776,1,-1,3,1,0,-1.1527827568630489,-0.069026320317635892,1.0837564365454129,0,2
2145,1,52,0.79821724172146125,0.63715076498141776,-1,1,1,0,1,-0.050918692285905003,0.072276518382494687,0.1231952106683997,0,0
2145,1,52,0.79821724172146125,0.63715076498141776,-1,1,3,1,0,-0.19478513625745059,-0.069026320317635892,0.12575881593981469,0,2
2145,1,52,0.79821724172146125,0.63715076498141776,-1,-1,1,0,0,-0.20466521312372324,-0.10194412239702681,0.10272109072669643,0,2
2145,1,52,0.79821724172146125,0.63715076498141776,-1,-1,3,1,0,-0.19478513625745059,-0.069026320317635892,0.12575881593981469,0,2
2146,52,1,0.79821724172146125,0.63715076498141776,1,1,1,0,1,-0.14690217640300984,0.072276518382494687,0.21917869478550453,0,0
2146,52,1,0.79821724172146125,0.63715076498141776,1,1,3,1,0,-1.1527827568630489,-0.069026320317635892,1.0837564365454129,0,2
2146,52,1,0.79821724172146125,0.63715076498141776,1,-1,1,0,0,-1.1017504570973626,-0.10194412239702681,0.99980633470033586,0,2
2146,52,1,0.79821724172146125,0.63715076498141776,1,-1,3,1,0,-1.1527827568630489,-0.069026320317635892,1.0837564365454129,0,2
2146,52,1,0.79821724172146125,0.63715076498141776,-1,1,1,0,1,-0.050918692285905003,0.072276518382494687,0.1231952106683997,0,0
2146,52,1,0.79821724172146125,0.63715076498141776,-1,1,3,1,0,-0.19478513625745059,-0.069026320317635892,0.12575881593981469,0,2
2146,52,1,0.79821724172146125,0.63715076498141776,-1,-1,1,0,0,-0.20466521312372324,-0.10194412239702681,0.10272109072669643,0,2
2146,52,1,0.79821724172146125,0.63715076498141776,-1,-1,3,1,0,-0.19478513625745059,-0.069026320317635892,0.12575881593981469,0,2
2147,25,45,0.79847747459886897,0.63756627744178751,1,1,1,0,1,-0.14690073678143667,0.072245534057391023,0.21914627083882771,0,0
2147,25,45,0.79847747459886897,0.63756627744178751,1,1,3,1,0,-1.1528824798535375,-0.069126043308124635,1.0837564365454129,0,2
2147,25,45,0.79847747459886897,0.63756627744178751,1,-1,1,0,0,-1.1018169431071332,-0.10201060439068599,0.9998063387164472,0,2
2147,25,45,0.79847747459886897,0.63756627744178751,1,-1,3,1,0,-1.1528824798535375,-0.069126043308124635,1.0837564365454129,0,2
2147,25,45,0.79847747459886897,0.63756627744178751,-1,1,1,0,1,-0.050951933282734577,0.072245534057391023,0.1231974673401256,0,0
2147,25,45,0.79847747459886897,0.63756627744178751,-1,1,3,1,0,-0.19488485924793933,-0.069126043308124635,0.12575881593981469,0,2
2147,25,45,0.79847747459886897,0.63756627744178751,-1,-1,1,0,0,-0.20473337951882187,-0.10201060439068599,0.10272277512813588,0,2
2147,25,45,0.79847747459886897,0.63756627744178751,-1,-1,3,1,0,-0.19488485924793933,-0.069126043308124635,0.12575881593981469,0,2
2148,45,25,0.79847747459886897,0.63756627744178751,1,1,1,0,1,-0.14690073678143667,0.072245534057391023,0.21914627083882771,0,0
2148,45,25,0.79847747459886897,0.63756627744178751,1,1,3,1,0,-1.1528824798535375,-0.069126043308124635,1.0837564365454129,0,2
2148,45,25,0.79847747459886897,0.63756627744178751,1,-1,1,0,0,-1.1018169431071332,-0.10201060439068599,0.9998063387164472,0,2
2148,45,25,0.79847747459886897,0.63756627744178751,1,-1,3,1,0,-1.1528824798535375,-0.069126043308124635,1.0837564365454129,0,2
2148,45,25,0.79847747459886897,0.63756627744178751,-1,1,1,0,1,-0.050951933282734577,0.072245534057391023,0.1231974673401256,0,0
2148,45,25,0.79847747459886897,0.63756627744178751,-1,1,3,1,0,-0.19488485924793933,-0.069126043308124635,0.12575881593981469,0,2
2148,45,25,0.79847747459886897,0.63756627744178751,-1,-1,1,0,0,-0.20473337951882187,-0.10201060439068599,0.10272277512813588,0,2
2148,45,25,0.79847747459886897,0.63756627744178751,-1,-1,3,1,0,-0.19488485924793933,-0.069126043308124635,0.12575881593981469,0,2
2149,2,52,0.79868539849203757,0.63789836576438486,1,1,1,0,1,-0.14689964083378848,0.072220771729463271,0.21912041256325177,0,0
2149,2,52,0.79868539849203757,0.63789836576438486,1,1,3,1,0,-1.1529621810509609,-0.069205744505547978,1.0837564365454129,0,2
2149,2,52,0.79868539849203757,0.63789836576438486,1,-1,1,0,0,-1.1018700804483466,-0.10206373852230152,0.99980634192604501,0,2
2149,2,52,0.79868539849203757,0.63789836576438486,1,-1,3,1,0,-1.1529621810509609,-0.069205744505547978,1.0837564365454129,0,2
2149,2,52,0.79868539849203757,0.63789836576438486,-1,1,1,0,1,-0.050978500348542385,0.072220771729463271,0.12319927207800566,0,0
2149,2,52,0.79868539849203757,0.63789836576438486,-1,1,3,1,0,-0.19496456044536267,-0.069205744505547978,0.12575881593981469,0,2
2149,2,52,0.79868539849203757,0.63789836576438486,-1,-1,1,0,0,-0.20478786012602174,-0.10206373852230152,0.10272412160372021,0,2
2149,2,52,0.79868539849203757,0.63789836576438486,-1,-1,3,1,0,-0.19496456044536267,-0.069205744505547978,0.12575881593981469,0,2
2150,52,2,0.79868539849203757,0.63789836576438486,1,1,1,0,1,-0.14689964083378848,0.072220771729463271,0.21912041256325177,0,0
2150,52,2,0.79868539849203757,0.63789836576438486,1,1,3,1,0,-1.1529621810509609,-0.069205744505547978,1.0837564365454129,0,2
2150,52,2,0.79868539849203757,0.63789836576438486,1,-1,1,0,0,-1.1018700804483466,-0.10206373852230152,0.99980634192604501,0,2
2150,52,2,0.79868539849203757,0.63789836576438486,1,-1,3,1,0,-1.1529621810509609,-0.069205744505547978,1.0837564365454129,0,2
2150,52,2,0.79868539849203757,0.63789836576438486,-1,1,1,0,1,-0.050978500348542385,0.072220771729463271,0.12319927207800566,0,0
2150,52,2,0.79868539849203757,0.63789836576438486,-1,1,3,1,0,-0.19496456044536267,-0.069205744505547978,0.12575881593981469,0,2
2150,52,2,0.79868539849203757,0.63789836576438486,-1,-1,1,0,0,-0.20478786012602174,-0.10206373852230152,0.10272412160372021,0,2
2150,52,2,0.79868539849203757,0.63789836576438486,-1,-1,3,1,0,-0.19496456044536267,-0.069205744505547978,0.12575881593981469,0,2
2151,10,51,0.79927368770045781,0.63883842785028899,1,1,1,0,1,-0.14689682936465293,0.072150681060849001,0.21904751042550191,0,0
2151,10,51,0.79927368770045781,0.63883842785028899,1,1,3,1,0,-1.1531877959515779,-0.069431359406164989,1.0837564365454129,0,2
2151,10,51,0.79927368770045781,0.63883842785028899,1,-1,1,0,0,-1.1020204994668092,-0.10221414845604621,0.99980635101076309,0,2
2151,10,51,0.79927368770045781,0.63883842785028899,1,-1,3,1,0,-1.1531877959515779,-0.069431359406164989,1.0837564365454129,0,2
2151,10,51,0.79927368770045781,0.63883842785028899,-1,1,1,0,1,-0.051053705315414713,0.072150681060849001,0.12320438637626371,0,0
2151,10,51,0.79927368770045781,0.63883842785028899,-1,1,3,1,0,-0.19519017534597968,-0.069431359406164989,0.12575881593981469,0,2
2151,10,51,0.79927368770045781,0.63883842785028899,-1,-1,1,0,0,-0.20494208686469884,-0.10221414845604621,0.10272793840865263,0,2
2151,10,51,0.79927368770045781,0.63883842785028899,-1,-1,3,1,0,-0.19519017534597968,-0.069431359406164989,0.12575881593981469,0,2
2152,51,10,0.79927368770045781,0.63883842785028899,1,1,1,0,1,-0.14689682936465293,0.072150681060849001,0.21904751042550191,0,0
2152,51,10,0.79927368770045781,0.63883842785028899,1,1,3,1,0,-1.1531877959515779,-0.069431359406164989,1.0837564365454129,0,2
2152,51,10,0.79927368770045781,0.63883842785028899,1,-1,1,0,0,-1.1020204994668092,-0.10221414845604621,0.99980635101076309,0,2
2152,51,10,0.79927368770045781,0.63883842785028899,1,-1,3,1,0,-1.1531877959515779,-0.069431359406164989,1.0837564365454129,0,2
2152,51,10,0.79927368770045781,0.63883842785028899,-1,1,1,0,1,-0.051053705315414713,0.072150681060849001,0.12320438637626371,0,0
2152,51,10,0.79927368770045781,0.63883842785028899,-1,1,3,1,0,-0.19519017534597968,-0.069431359406164989,0.12575881593981469,0,2
2152,51,10,0.79927368770045781,0.63883842785028899,-1,-1,1,0,0,-0.20494208686469884,-0.10221414845604621,0.10272793840865263,0,2
2152,51,10,0.79927368770045781,0.63883842785028899,-1,-1,3,1,0,-0.19519017534597968,-0.069431359406164989,0.12575881593981469,0,2
2153,3,52,0.79946492108650091,0.63914416004784513,1,1,1,0,1,-0.14689598629796247,0.072127887541361776,0.21902387383932426,0,0
2153,3,52,0.79946492108650091,0.63914416004784513,1,1,3,1,0,-1.1532611716789913,-0.069504735133578438,1.0837564365454129,0,2
2153,3,52,0.79946492108650091,0.63914416004784513,1,-1,1,0,0,-1.1020694195727203,-0.10226306560765513,0.99980635396506523,0,2
2153,3,52,0.79946492108650091,0.63914416004784513,1,-1,3,1,0,-1.1532611716789913,-0.069504735133578438,1.0837564365454129,0,2
2153,3,52,0.79946492108650091,0.63914416004784513,-1,1,1,0,1,-0.051078163891219233,0.072127887541361776,0.12320605143258101,0,0
2153,3,52,0.79946492108650091,0.63914416004784513,-1,1,3,1,0,-0.19526355107339313,-0.069504735133578438,0.12575881593981469,0,2
2153,3,52,0.79946492108650091,0.63914416004784513,-1,-1,1,0,0,-0.20499224614255546,-0.10226306560765513,0.10272918053490032,0,2
2153,3,52,0.79946492108650091,0.63914416004784513,-1,-1,3,1,0,-0.19526355107339313,-0.069504735133578438,0.12575881593981469,0,2
2154,52,3,0.79946492108650091,0.63914416004784513,1,1,1,0,1,-0.14689598629796247,0.072127887541361776,0.21902387383932426,0,0
2154,52,3,0.79946492108650091,0.63914416004784513,1,1,3,1,0,-1.1532611716789913,-0.069504735133578438,1.0837564365454129,0,2
2154,52,3,0.79946492108650091,0.63914416004784513,1,-1,1,0,0,-1.1020694195727203,-0.10226306560765513,0.99980635396506523,0,2
2154,52,3,0.79946492108650091,0.63914416004784513,1,-1,3,1,0,-1.1532611716789913,-0.069504735133578438,1.0837564365454129,0,2
2154,52,3,0.79946492108650091,0.63914416004784513,-1,1,1,0,1,-0.051078163891219233,0.072127887541361776,0.12320605143258101,0,0
2154,52,3,0.79946492108650091,0.63914416004784513,-1,1,3,1,0,-0.19526355107339313,-0.069504735133578438,0.12575881593981469,0,2
2154,52,3,0.79946492108650091,0.63914416004784513,-1,-1,1,0,0,-0.20499224614255546,-0.10226306560765513,0.10272918053490032,0,2
2154,52,3,0.79946492108650091,0.63914416004784513,-1,-1,3,1,0,-0.19526355107339313,-0.069504735133578438,0.12575881593981469,0,2
2155,31,41,0.79955575014370783,0.6392893975878674,1,1,1,0,1,-0.14689560634268464,0.072117059821859494,0.21901266616454412,0,0
2155,31,41,0.79955575014370783,0.6392893975878674,1,1,3,1,0,-1.1532960286885967,-0.069539592143183809,1.0837564365454129,0,2
2155,31,41,0.79955575014370783,0.6392893975878674,1,-1,1,0,0,-1.102092658982512,-0.10228630361405877,0.99980635536845319,0,2
2155,31,41,0.79955575014370783,0.6392893975878674,1,-1,3,1,0,-1.1532960286885967,-0.069539592143183809,1.0837564365454129,0,2
2155,31,41,0.79955575014370783,0.6392893975878674,-1,1,1,0,1,-0.051089782894420982,0.072117059821859494,0.12320684271628048,0,0
2155,31,41,0.79955575014370783,0.6392893975878674,-1,1,3,1,0,-0.1952984080829985,-0.069539592143183809,0.12575881593981469,0,2
2155,31,41,0.79955575014370783,0.6392893975878674,-1,-1,1,0,0,-0.20501607494215257,-0.10228630361405877,0.1027297713280938,0,2
2155,31,41,0.79955575014370783,0.6392893975878674,-1,-1,3,1,0,-0.1952984080829985,-0.069539592143183809,0.12575881593981469,0,2
2156,41,31,0.79955575014370783,0.6392893975878674,1,1,1,0,1,-0.14689560634268464,0.072117059821859494,0.21901266616454412,0,0
2156,41,31,0.79955575014370783,0.6392893975878674,1,1,3,1,0,-1.1532960286885967,-0.069539592143183809,1.0837564365454129,0,2
2156,41,31,0.79955575014370783,0.6392893975878674,1,-1,1,0,0,-1.102092658982512,-0.10228630361405877,0.99980635536845319,0,2
2156,41,31,0.79955575014370783,0.6392893975878674,1,-1,3,1,0,-1.1532960286885967,-0.069539592143183809,1.0837564365454129,0,2
2156,41,31,0.79955575014370783,0.6392893975878674,-1,1,1,0,1,-0.051089782894420982,0.072117059821859494,0.12320684271628048,0,0
2156,41,31,0.79955575014370783,0.6392893975878674,-1,1,3,1,0,-0.1952984080829985,-0.069539592143183809,0.12575881593981469,0,2
2156,41,31,0.79955575014370783,0.6392893975878674,-1,-1,1,0,0,-0.20501607494215257,-0.10228630361405877,0.1027297713280938,0,2
2156,41,31,0.79955575014370783,0.6392893975878674,-1,-1,3,1,0,-0.1952984080829985,-0.069539592143183809,0.12575881593981469,0,2
2157,14,50,0.80001796806266079,0.6400287492231086,1,1,1,0,1,-0.14689382777152224,0.072061942838633916,0.21895577061015614,0,0
2157,14,50,0.80001796806266079,0.6400287492231086,1,1,3,1,0,-1.1534734730810547,-0.06971703653564168,1.0837564365454131,0,2
2157,14,50,0.80001796806266079,0.6400287492231086,1,-1,1,0,0,-1.1022109623878078,-0.10240459987569731,0.99980636251211052,0,2
2157,14,50,0.80001796806266079,0.6400287492231086,1,-1,3,1,0,-1.1534734730810547,-0.06971703653564168,1.0837564365454131,0,2
2157,14,50,0.80001796806266079,0.6400287492231086,-1,1,1,0,1,-0.051148931025240305,0.072061942838633916,0.12321087386387422,0,0
2157,14,50,0.80001796806266079,0.6400287492231086,-1,1,3,1,0,-0.19547585247545637,-0.06971703653564168,0.12575881593981469,0,2
2157,14,50,0.80001796806266079,0.6400287492231086,-1,-1,1,0,0,-0.20513737949716415,-0.10240459987569731,0.10273277962146685,0,2
2157,14,50,0.80001796806266079,0.6400287492231086,-1,-1,3,1,0,-0.19547585247545637,-0.06971703653564168,0.12575881593981469,0,2
2158,50,14,0.80001796806266079,0.6400287492231086,1,1,1,0,1,-0.14689382777152224,0.072061942838633916,0.21895577061015614,0,0
2158,50,14,0.80001796806266079,0.6400287492231086,1,1,3,1,0,-1.1534734730810547,-0.06971703653564168,1.0837564365454131,0,2
2158,50,14,0.80001796806266079,0.6400287492231086,1,-1,1,0,0,-1.1022109623878078,-0.10240459987569731,0.99980636251211052,0,2
2158,50,14,0.80001796806266079,0.6400287492231086,1,-1,3,1,0,-1.1534734730810547,-0.06971703653564168,1.0837564365454131,0,2
2158,50,14,0.80001796806266079,0.6400287492231086,-1,1,1,0,1,-0.051148931025240305,0.072061942838633916,0.12321087386387422,0,0
2158,50,14,0.80001796806266079,0.6400287492231086,-1,1,3,1,0,-0.19547585247545637,-0.06971703653564168,0.12575881593981469,0,2
2158,50,14,0.80001796806266079,0.6400287492231086,-1,-1,1,0,0,-0.20513737949716415,-0.10240459987569731,0.10273277962146685,0,2
2158,50,14,0.80001796806266079,0.6400287492231086,-1,-1,3,1,0,-0.19547585247545637,-0.06971703653564168,0.12575881593981469,0,2
2159,17,49,0.80046017894835597,0.64073649808203403,1,1,1,0,1,-0.14689235400687273,0.072009186477361514,0.21890154048423424,0,0
2159,17,49,0.80046017894835597,0.64073649808203403,1,1,3,1,0,-1.1536433328071967,-0.069886896261783793,1.0837564365454129,0,2
2159,17,49,0.80046017894835597,0.64073649808203403,1,-1,1,0,0,-1.1023242090427918,-0.1025178396931254,0.99980636934966638,0,2
2159,17,49,0.80046017894835597,0.64073649808203403,1,-1,3,1,0,-1.1536433328071967,-0.069886896261783793,1.0837564365454129,0,2
2159,17,49,0.80046017894835597,0.64073649808203403,-1,1,1,0,1,-0.051205550933954326,0.072009186477361514,0.12321473741131583,0,0
2159,17,49,0.80046017894835597,0.64073649808203403,-1,1,3,1,0,-0.19564571220159849,-0.069886896261783793,0.12575881593981469,0,2
2159,17,49,0.80046017894835597,0.64073649808203403,-1,-1,1,0,0,-0.20525350247113217,-0.1025178396931254,0.10273566277800676,0,2
2159,17,49,0.80046017894835597,0.64073649808203403,-1,-1,3,1,0,-0.19564571220159849,-0.069886896261783793,0.12575881593981469,0,2
2160,49,17,0.80046017894835597,0.64073649808203403,1,1,1,0,1,-0.14689235400687273,0.072009186477361514,0.21890154048423424,0,0
2160,49,17,0.80046017894835597,0.64073649808203403,1,1,3,1,0,-1.1536433328071967,-0.069886896261783793,1.0837564365454129,0,2
2160,49,17,0.80046017894835597,0.64073649808203403,1,-1,1,0,0,-1.1023242090427918,-0.1025178396931254,0.99980636934966638,0,2
2160,49,17,0.80046017894835597,0.64073649808203403,1,-1,3,1,0,-1.1536433328071967,-0.069886896261783793,1.0837564365454129,0,2
2160,49,17,0.80046017894835597,0.64073649808203403,-1,1,1,0,1,-0.051205550933954326,0.072009186477361514,0.12321473741131583,0,0
2160,49,17,0.80046017894835597,0.64073649808203403,-1,1,3,1,0,-0.19564571220159849,-0.069886896261783793,0.12575881593981469,0,2
2160,49,17,0.80046017894835597,0.64073649808203403,-1,-1,1,0,0,-0.20525350247113217,-0.1025178396931254,0.10273566277800676,0,2
2160,49,17,0.80046017894835597,0.64073649808203403,-1,-1,3,1,0,-0.19564571220159849,-0.069886896261783793,0.12575881593981469,0,2
2161,4,52,0.80055470603435075,0.64088783735374566,1,1,1,0,1,-0.14689208263235276,0.071997906082036531,0.21888998871438931,0,0
2161,4,52,0.80055470603435075,0.64088783735374566,1,1,3,1,0,-1.1536796542324075,-0.069923217686994582,1.0837564365454129,0,2
2161,4,52,0.80055470603435075,0.64088783735374566,1,-1,1,0,0,-1.1023484247882576,-0.10254205397659927,0.99980637081165824,0,2
2161,4,52,0.80055470603435075,0.64088783735374566,1,-1,3,1,0,-1.1536796542324075,-0.069923217686994582,1.0837564365454129,0,2
2161,4,52,0.80055470603435075,0.64088783735374566,-1,1,1,0,1,-0.051217658075691251,0.071997906082036531,0.12321556415772777,0,0
2161,4,52,0.80055470603435075,0.64088783735374566,-1,1,3,1,0,-0.19568203362680928,-0.069923217686994582,0.12575881593981469,0,2
2161,4,52,0.80055470603435075,0.64088783735374566,-1,-1,1,0,0,-0.20527833357154041,-0.10254205397659927,0.10273627959494114,0,2
2161,4,52,0.80055470603435075,0.64088783735374566,-1,-1,3,1,0,-0.19568203362680928,-0.069923217686994582,0.12575881593981469,0,2
2162,52,4,0.80055470603435075,0.64088783735374566,1,1,1,0,1,-0.14689208263235276,0.071997906082036531,0.21888998871438931,0,0
2162,52,4,0.80055470603435075,0.64088783735374566,1,1,3,1,0,-1.1536796542324075,-0.069923217686994582,1.0837564365454129,0,2
2162,52,4,0.80055470603435075,0.64088783735374566,1,-1,1,0,0,-1.1023484247882576,-0.10254205397659927,0.99980637081165824,0,2
2162,52,4,0.80055470603435075,0.64088783735374566,1,-1,3,1,0,-1.1536796542324075,-0.069923217686994582,1.0837564365454129,0,2
2162,52,4,0.80055470603435075,0.64088783735374566,-1,1,1,0,1,-0.051217658075691251,0.071997906082036531,0.12321556415772777,0,0
2162,52,4,0.80055470603435075,0.64088783735374566,-1,1,3,1,0,-0.19568203362680928,-0.069923217686994582,0.12575881593981469,0,2
2162,52,4,0.80055470603435075,0.64088783735374566,-1,-1,1,0,0,-0.20527833357154041,-0.10254205397659927,0.10273627959494114,0,2
2162,52,4,0.80055470603435075,0.64088783735374566,-1,-1,3,1,0,-0.19568203362680928,-0.069923217686994582,0.12575881593981469,0,2
2163,27,44,0.80147498172378029,0.64236214632913402,1,1,1,0,1,-0.14688983981912929,0.071888026300756108,0.21877786611988539,0,0
2163,27,44,0.80147498172378029,0.64236214632913402,1,1,3,1,0,-1.1540334883865007,-0.07027705184108779,1.0837564365454129,0,2
2163,27,44,0.80147498172378029,0.64236214632913402,1,-1,1,0,0,-1.1025843284649131,-0.10277794341266142,0.99980638505225161,0,2
2163,27,44,0.80147498172378029,0.64236214632913402,1,-1,3,1,0,-1.1540334883865007,-0.07027705184108779,1.0837564365454129,0,2
2163,27,44,0.80147498172378029,0.64236214632913402,-1,1,1,0,1,-0.051335602793722318,0.071888026300756108,0.12322362909447843,0,0
2163,27,44,0.80147498172378029,0.64236214632913402,-1,1,3,1,0,-0.19603586778090248,-0.07027705184108779,0.12575881593981469,0,2
2163,27,44,0.80147498172378029,0.64236214632913402,-1,-1,1,0,0,-0.20552024134448615,-0.10277794341266142,0.10274229793182474,0,2
2163,27,44,0.80147498172378029,0.64236214632913402,-1,-1,3,1,0,-0.19603586778090248,-0.07027705184108779,0.12575881593981469,0,2
2164,44,27,0.80147498172378029,0.64236214632913402,1,1,1,0,1,-0.14688983981912929,0.071888026300756108,0.21877786611988539,0,0
2164,44,27,0.80147498172378029,0.64236214632913402,1,1,3,1,0,-1.1540334883865007,-0.07027705184108779,1.0837564365454129,0,2
2164,44,27,0.80147498172378029,0.64236214632913402,1,-1,1,0,0,-1.1025843284649131,-0.10277794341266142,0.99980638505225161,0,2
2164,44,27,0.80147498172378029,0.64236214632913402,1,-1,3,1,0,-1.1540334883865007,-0.07027705184108779,1.0837564365454129,0,2
2164,44,27,0.80147498172378029,0.64236214632913402,-1,1,1,0,1,-0.051335602793722318,0.071888026300756108,0.12322362909447843,0,0
2164,44,27,0.80147498172378029,0.64236214632913402,-1,1,3,1,0,-0.19603586778090248,-0.07027705184108779,0.12575881593981469,0,2
2164,44,27,0.80147498172378029,0.64236214632913402,-1,-1,1,0,0,-0.20552024134448615,-0.10277794341266142,0.10274229793182474,0,2
2164,44,27,0.80147498172378029,0.64236214632913402,-1,-1,3,1,0,-0.19603586778090248,-0.07027705184108779,0.12575881593981469,0,2
2165,5,52,0.80195321753899462,0.64312896312114598,1,1,1,0,1,-0.14688905469104857,0.071830883548233318,0.21871993823928187,0,0
2165,5,52,0.80195321753899462,0.64312896312114598,1,1,3,1,0,-1.1542175244165835,-0.070461087871170641,1.0837564365454129,0,2
2165,5,52,0.80195321753899462,0.64312896312114598,1,-1,1,0,0,-1.1027070265571814,-0.10290063409938328,0.99980639245779812,0,2
2165,5,52,0.80195321753899462,0.64312896312114598,1,-1,3,1,0,-1.1542175244165835,-0.070461087871170641,1.0837564365454129,0,2
2165,5,52,0.80195321753899462,0.64312896312114598,-1,1,1,0,1,-0.051396948137083301,0.071830883548233318,0.12322783168531662,0,0
2165,5,52,0.80195321753899462,0.64312896312114598,-1,1,3,1,0,-0.19621990381098534,-0.070461087871170641,0.12575881593981469,0,2
2165,5,52,0.80195321753899462,0.64312896312114598,-1,-1,1,0,0,-0.20564606861717388,-0.10290063409938328,0.1027454345177906,0,2
2165,5,52,0.80195321753899462,0.64312896312114598,-1,-1,3,1,0,-0.19621990381098534,-0.070461087871170641,0.12575881593981469,0,2
2166,52,5,0.80195321753899462,0.64312896312114598,1,1,1,0,1,-0.14688905469104857,0.071830883548233318,0.21871993823928187,0,0
2166,52,5,0.80195321753899462,0.64312896312114598,1,1,3,1,0,-1.1542175244165835,-0.070461087871170641,1.0837564365454129,0,2
2166,52,5,0.80195321753899462,0.64312896312114598,1,-1,1,0,0,-1.1027070265571814,-0.10290063409938328,0.99980639245779812,0,2
2166,52,5,0.80195321753899462,0.64312896312114598,1,-1,3,1,0,-1.1542175244165835,-0.070461087871170641,1.0837564365454129,0,2
2166,52,5,0.80195321753899462,0.64312896312114598,-1,1,1,0,1,-0.051396948137083301,0.071830883548233318,0.12322783168531662,0,0
2166,52,5,0.80195321753899462,0.64312896312114598,-1,1,3,1,0,-0.19621990381098534,-0.070461087871170641,0.12575881593981469,0,2
2166,52,5,0.80195321753899462,0.64312896312114598,-1,-1,1,0,0,-0.20564606861717388,-0.10290063409938328,0.1027454345177906,0,2
2166,52,5,0.80195321753899462,0.64312896312114598,-1,-1,3,1,0,-0.19621990381098534,-0.070461087871170641,0.12575881593981469,0,2
2167,30,42,0.80243666865071339,0.64390460719525477,1,1,1,0,1,-0.14688852168164879,0.071773088451319023,0.21866161013296781,0,0
2167,30,42,0.80243666865071339,0.64390460719525477,1,1,3,1,0,-1.1544036789943697,-0.07064724244895676,1.0837564365454129,0,2
2167,30,42,0.80243666865071339,0.64390460719525477,1,-1,1,0,0,-1.1028311370989554,-0.10302473715124071,0.9998063999477147,0,2
2167,30,42,0.80243666865071339,0.64390460719525477,1,-1,3,1,0,-1.1544036789943697,-0.07064724244895676,1.0837564365454129,0,2
2167,30,42,0.80243666865071339,0.64390460719525477,-1,1,1,0,1,-0.051458999663011984,0.071773088451319023,0.12323208811433101,0,0
2167,30,42,0.80243666865071339,0.64390460719525477,-1,1,3,1,0,-0.19640605838877145,-0.07064724244895676,0.12575881593981469,0,2
2167,30,42,0.80243666865071339,0.64390460719525477,-1,-1,1,0,0,-0.20577334836599992,-0.10302473715124071,0.10274861121475921,0,2
2167,30,42,0.80243666865071339,0.64390460719525477,-1,-1,3,1,0,-0.19640605838877145,-0.07064724244895676,0.12575881593981469,0,2
2168,42,30,0.80243666865071339,0.64390460719525477,1,1,1,0,1,-0.14688852168164879,0.071773088451319023,0.21866161013296781,0,0
2168,42,30,0.80243666865071339,0.64390460719525477,1,1,3,1,0,-1.1544036789943697,-0.07064724244895676,1.0837564365454129,0,2
2168,42,30,0.80243666865071339,0.64390460719525477,1,-1,1,0,0,-1.1028311370989554,-0.10302473715124071,0.9998063999477147,0,2
2168,42,30,0.80243666865071339,0.64390460719525477,1,-1,3,1,0,-1.1544036789943697,-0.07064724244895676,1.0837564365454129,0,2
2168,42,30,0.80243666865071339,0.64390460719525477,-1,1,1,0,1,-0.051458999663011984,0.071773088451319023,0.12323208811433101,0,0
2168,42,30,0.80243666865071339,0.64390460719525477,-1,1,3,1,0,-0.19640605838877145,-0.07064724244895676,0.12575881593981469,0,2
2168,42,30,0.80243666865071339,0.64390460719525477,-1,-1,1,0,0,-0.20577334836599992,-0.10302473715124071,0.10274861121475921,0,2
2168,42,30,0.80243666865071339,0.64390460719525477,-1,-1,3,1,0,-0.19640605838877145,-0.07064724244895676,0.12575881593981469,0,2
2169,11,51,0.80252612885881514,0.64404818750111548,1,1,1,0,1,-0.14688845687217328,0.071762390540509341,0.21865084741268262,0,0
2169,11,51,0.80252612885881514,0.64404818750111548,1,1,3,1,0,-1.1544381382677762,-0.070681701722363321,1.0837564365454129,0,2
2169,11,51,0.80252612885881514,0.64404818750111548,1,-1,1,0,0,-1.1028541113342625,-0.1030477100001784,0.99980640133408405,0,2
2169,11,51,0.80252612885881514,0.64404818750111548,1,-1,3,1,0,-1.1544381382677762,-0.070681701722363321,1.0837564365454129,0,2
2169,11,51,0.80252612885881514,0.64404818750111548,-1,1,1,0,1,-0.051470486087480852,0.071762390540509341,0.12323287662799019,0,0
2169,11,51,0.80252612885881514,0.64404818750111548,-1,1,3,1,0,-0.19644051766217802,-0.070681701722363321,0.12575881593981469,0,2
2169,11,51,0.80252612885881514,0.64404818750111548,-1,-1,1,0,0,-0.20579690960030692,-0.1030477100001784,0.10274919960012852,0,2
2169,11,51,0.80252612885881514,0.64404818750111548,-1,-1,3,1,0,-0.19644051766217802,-0.070681701722363321,0.12575881593981469,0,2
2170,51,11,0.80252612885881514,0.64404818750111548,1,1,1,0,1,-0.14688845687217328,0.071762390540509341,0.21865084741268262,0,0
2170,51,11,0.80252612885881514,0.64404818750111548,1,1,3,1,0,-1.1544381382677762,-0.070681701722363321,1.0837564365454129,0,2
2170,51,11,0.80252612885881514,0.64404818750111548,1,-1,1,0,0,-1.1028541113342625,-0.1030477100001784,0.99980640133408405,0,2
2170,51,11,0.80252612885881514,0.64404818750111548,1,-1,3,1,0,-1.1544381382677762,-0.070681701722363321,1.0837564365454129,0,2
2170,51,11,0.80252612885881514,0.64404818750111548,-1,1,1,0,1,-0.051470486087480852,0.071762390540509341,0.12323287662799019,0,0
2170,51,11,0.80252612885881514,0.64404818750111548,-1,1,3,1,0,-0.19644051766217802,-0.070681701722363321,0.12575881593981469,0,2
2170,51,11,0.80252612885881514,0.64404818750111548,-1,-1,1,0,0,-0.20579690960030692,-0.1030477100001784,0.10274919960012852,0,2
2170,51,11,0.80252612885881514,0.64404818750111548,-1,-1,3,1,0,-0.19644051766217802,-0.070681701722363321,0.12575881593981469,0,2
2171,22,47,0.80321815245367234,0.64515940043109088,1,1,1,0,1,-0.14688819804741843,0.071679602405220727,0.21856780045263915,0,0
2171,22,47,0.80321815245367234,0.64515940043109088,1,1,3,1,0,-1.1547048293709703,-0.070948392825557427,1.0837564365454129,0,2
2171,22,47,0.80321815245367234,0.64515940043109088,1,-1,1,0,0,-1.1030319161315814,-0.10322550406897447,0.9998064120626069,0,2
2171,22,47,0.80321815245367234,0.64515940043109088,1,-1,3,1,0,-1.1547048293709703,-0.070948392825557427,1.0837564365454129,0,2
2171,22,47,0.80321815245367234,0.64515940043109088,-1,1,1,0,1,-0.051559383121878896,0.071679602405220727,0.12323898552709962,0,0
2171,22,47,0.80321815245367234,0.64515940043109088,-1,1,3,1,0,-0.19670720876537212,-0.070948392825557427,0.12575881593981469,0,2
2171,22,47,0.80321815245367234,0.64515940043109088,-1,-1,1,0,0,-0.20597926311768,-0.10322550406897447,0.10275375904870553,0,2
2171,22,47,0.80321815245367234,0.64515940043109088,-1,-1,3,1,0,-0.19670720876537212,-0.070948392825557427,0.12575881593981469,0,2
2172,47,22,0.80321815245367234,0.64515940043109088,1,1,1,0,1,-0.14688819804741843,0.071679602405220727,0.21856780045263915,0,0
2172,47,22,0.80321815245367234,0.64515940043109088,1,1,3,1,0,-1.1547048293709703,-0.070948392825557427,1.0837564365454129,0,2
2172,47,22,0.80321815245367234,0.64515940043109088,1,-1,1,0,0,-1.1030319161315814,-0.10322550406897447,0.9998064120626069,0,2
2172,47,22,0.80321815245367234,0.64515940043109088,1,-1,3,1,0,-1.1547048293709703,-0.070948392825557427,1.0837564365454129,0,2
2172,47,22,0.80321815245367234,0.64515940043109088,-1,1,1,0,1,-0.051559383121878896,0.071679602405220727,0.12323898552709962,0,0
2172,47,22,0.80321815245367234,0.64515940043109088,-1,1,3,1,0,-0.19670720876537212,-0.070948392825557427,0.12575881593981469,0,2
2172,47,22,0.80321815245367234,0.64515940043109088,-1,-1,1,0,0,-0.20597926311768,-0.10322550406897447,0.10275375904870553,0,2
2172,47,22,0.80321815245367234,0.64515940043109088,-1,-1,3,1,0,-0.19670720876537212,-0.070948392825557427,0.12575881593981469,0,2
2173,6,52,0.80365849638669318,0.64586697881452049,1,1,1,0,1,-0.14688832057951356,0.071626891898174699,0.21851521247768826,0,0
2173,6,52,0.80365849638669318,0.64586697881452049,1,1,3,1,0,-1.1548746481829935,-0.071118211637580531,1.0837564365454129,0,2
2173,6,52,0.80365849638669318,0.64586697881452049,1,-1,1,0,0,-1.1031451355035027,-0.10333871661032322,0.99980641889317945,0,2
2173,6,52,0.80365849638669318,0.64586697881452049,1,-1,3,1,0,-1.1548746481829935,-0.071118211637580531,1.0837564365454129,0,2
2173,6,52,0.80365849638669318,0.64586697881452049,-1,1,1,0,1,-0.051615989392553255,0.071626891898174699,0.12324288129072795,0,0
2173,6,52,0.80365849638669318,0.64586697881452049,-1,1,3,1,0,-0.19687702757739522,-0.071118211637580531,0.12575881593981469,0,2
2173,6,52,0.80365849638669318,0.64586697881452049,-1,-1,1,0,0,-0.20609538338277594,-0.10333871661032322,0.10275666677245272,0,2
2173,6,52,0.80365849638669318,0.64586697881452049,-1,-1,3,1,0,-0.19687702757739522,-0.071118211637580531,0.12575881593981469,0,2
2174,52,6,0.80365849638669318,0.64586697881452049,1,1,1,0,1,-0.14688832057951356,0.071626891898174699,0.21851521247768826,0,0
2174,52,6,0.80365849638669318,0.64586697881452049,1,1,3,1,0,-1.1548746481829935,-0.071118211637580531,1.0837564365454129,0,2
2174,52,6,0.80365849638669318,0.64586697881452049,1,-1,1,0,0,-1.1031451355035027,-0.10333871661032322,0.99980641889317945,0,2
2174,52,6,0.80365849638669318,0.64586697881452049,1,-1,3,1,0,-1.1548746481829935,-0.071118211637580531,1.0837564365454129,0,2
2174,52,6,0.80365849638669318,0.64586697881452049,-1,1,1,0,1,-0.051615989392553255,0.071626891898174699,0.12324288129072795,0,0
2174,52,6,0.80365849638669318,0.64586697881452049,-1,1,3,1,0,-0.19687702757739522,-0.071118211637580531,0.12575881593981469,0,2
2174,52,6,0.80365849638669318,0.64586697881452049,-1,-1,1,0,0,-0.20609538338277594,-0.10333871661032322,0.10275666677245272,0,2
2174,52,6,0.80365849638669318,0.64586697881452049,-1,-1,3,1,0,-0.19687702757739522,-0.071118211637580531,0.12575881593981469,0,2
2175,36,37,0.8037384810754451,0.64599554596146369,1,1,1,0,1,-0.14688835236473285,0.071617314875267207,0.21850566724000006,0,0
2175,36,37,0.8037384810754451,0.64599554596146369,1,1,3,1,0,-1.1549055042982599,-0.071149067752846906,1.0837564365454129,0,2
2175,36,37,0.8037384810754451,0.64599554596146369,1,-1,1,0,0,-1.103165707488051,-0.10335928735383415,0.99980642013421683,0,2
2175,36,37,0.8037384810754451,0.64599554596146369,1,-1,3,1,0,-1.1549055042982599,-0.071149067752846906,1.0837564365454129,0,2
2175,36,37,0.8037384810754451,0.64599554596146369,-1,1,1,0,1,-0.051626274764308686,0.071617314875267207,0.12324358963957589,0,0
2175,36,37,0.8037384810754451,0.64599554596146369,-1,1,3,1,0,-0.1969078836926616,-0.071149067752846906,0.12575881593981469,0,2
2175,36,37,0.8037384810754451,0.64599554596146369,-1,-1,1,0,0,-0.20611648269090543,-0.10335928735383415,0.10275719533707128,0,2
2175,36,37,0.8037384810754451,0.64599554596146369,-1,-1,3,1,0,-0.1969078836926616,-0.071149067752846906,0.12575881593981469,0,2
2176,37,36,0.8037384810754451,0.64599554596146369,1,1,1,0,1,-0.14688835236473285,0.071617314875267207,0.21850566724000006,0,0
2176,37,36,0.8037384810754451,0.64599554596146369,1,1,3,1,0,-1.1549055042982599,-0.071149067752846906,1.0837564365454129,0,2
2176,37,36,0.8037384810754451,0.64599554596146369,1,-1,1,0,0,-1.103165707488051,-0.10335928735383415,0.99980642013421683,0,2
2176,37,36,0.8037384810754451,0.64599554596146369,1,-1,3,1,0,-1.1549055042982599,-0.071149067752846906,1.0837564365454129,0,2
2176,37,36,0.8037384810754451,0.64599554596146369,-1,1,1,0,1,-0.051626274764308686,0.071617314875267207,0.12324358963957589,0,0
2176,37,36,0.8037384810754451,0.64599554596146369,-1,1,3,1,0,-0.1969078836926616,-0.071149067752846906,0.12575881593981469,0,2
2176,37,36,0.8037384810754451,0.64599554596146369,-1,-1,1,0,0,-0.20611648269090543,-0.10335928735383415,0.10275719533707128,0,2
2176,37,36,0.8037384810754451,0.64599554596146369,-1,-1,3,1,0,-0.1969078836926616,-0.071149067752846906,0.12575881593981469,0,2
2177,20,48,0.80381933212330459,0.64612551869515544,1,1,1,0,1,-0.14688841552605755,0.071607633301939158,0.21849604882799673,0,0
2177,20,48,0.80381933212330459,0.64612551869515544,1,1,3,1,0,-1.1549366977543458,-0.071180261208932921,1.0837564365454129,0,2
2177,20,48,0.80381933212330459,0.64612551869515544,1,-1,1,0,0,-1.1031865043800222,-0.10338008299122481,0.99980642138879738,0,2
2177,20,48,0.80381933212330459,0.64612551869515544,1,-1,3,1,0,-1.1549366977543458,-0.071180261208932921,1.0837564365454129,0,2
2177,20,48,0.80381933212330459,0.64612551869515544,-1,1,1,0,1,-0.051636672583004029,0.071607633301939158,0.12324430588494319,0,0
2177,20,48,0.80381933212330459,0.64612551869515544,-1,1,3,1,0,-0.19693907714874762,-0.071180261208932921,0.12575881593981469,0,2
2177,20,48,0.80381933212330459,0.64612551869515544,-1,-1,1,0,0,-0.20613781262500686,-0.10338008299122481,0.10275772963378205,0,2
2177,20,48,0.80381933212330459,0.64612551869515544,-1,-1,3,1,0,-0.19693907714874762,-0.071180261208932921,0.12575881593981469,0,2
2178,48,20,0.80381933212330459,0.64612551869515544,1,1,1,0,1,-0.14688841552605755,0.071607633301939158,0.21849604882799673,0,0
2178,48,20,0.80381933212330459,0.64612551869515544,1,1,3,1,0,-1.1549366977543458,-0.071180261208932921,1.0837564365454129,0,2
2178,48,20,0.80381933212330459,0.64612551869515544,1,-1,1,0,0,-1.1031865043800222,-0.10338008299122481,0.99980642138879738,0,2
2178,48,20,0.80381933212330459,0.64612551869515544,1,-1,3,1,0,-1.1549366977543458,-0.071180261208932921,1.0837564365454129,0,2
2178,48,20,0.80381933212330459,0.64612551869515544,-1,1,1,0,1,-0.051636672583004029,0.071607633301939158,0.12324430588494319,0,0
2178,48,20,0.80381933212330459,0.64612551869515544,-1,1,3,1,0,-0.19693907714874762,-0.071180261208932921,0.12575881593981469,0,2
2178,48,20,0.80381933212330459,0.64612551869515544,-1,-1,1,0,0,-0.20613781262500686,-0.10338008299122481,0.10275772963378205,0,2
2178,48,20,0.80381933212330459,0.64612551869515544,-1,-1,3,1,0,-0.19693907714874762,-0.071180261208932921,0.12575881593981469,0,2
2179,24,46,0.80401200458769317,0.64643530352112077,1,1,1,0,1,-0.14688857701288471,0.071584558275497617,0.21847313528838233,0,0
2179,24,46,0.80401200458769317,0.64643530352112077,1,1,3,1,0,-1.1550110461125775,-0.071254609567164617,1.0837564365454129,0,2
2179,24,46,0.80401200458769317,0.64643530352112077,1,-1,1,0,0,-1.1032360729423198,-0.1034296485633793,0.99980642437894052,0,2
2179,24,46,0.80401200458769317,0.64643530352112077,1,-1,3,1,0,-1.1550110461125775,-0.071254609567164617,1.0837564365454129,0,2
2179,24,46,0.80401200458769317,0.64643530352112077,-1,1,1,0,1,-0.051661455369081261,0.071584558275497617,0.12324601364457888,0,0
2179,24,46,0.80401200458769317,0.64643530352112077,-1,1,3,1,0,-0.19701342550697931,-0.071254609567164617,0.12575881593981469,0,2
2179,24,46,0.80401200458769317,0.64643530352112077,-1,-1,1,0,0,-0.20618865338574704,-0.1034296485633793,0.10275900482236774,0,2
2179,24,46,0.80401200458769317,0.64643530352112077,-1,-1,3,1,0,-0.19701342550697931,-0.071254609567164617,0.12575881593981469,0,2
2180,46,24,0.80401200458769317,0.64643530352112077,1,1,1,0,1,-0.14688857701288471,0.071584558275497617,0.21847313528838233,0,0
2180,46,24,0.80401200458769317,0.64643530352112077,1,1,3,1,0,-1.1550110461125775,-0.071254609567164617,1.0837564365454129,0,2
2180,46,24,0.80401200458769317,0.64643530352112077,1,-1,1,0,0,-1.1032360729423198,-0.1034296485633793,0.99980642437894052,0,2
2180,46,24,0.80401200458769317,0.64643530352112077,1,-1,3,1,0,-1.1550110461125775,-0.071254609567164617,1.0837564365454129,0,2
2180,46,24,0.80401200458769317,0.64643530352112077,-1,1,1,0,1,-0.051661455369081261,0.071584558275497617,0.12324601364457888,0,0
2180,46,24,0.80401200458769317,0.64643530352112077,-1,1,3,1,0,-0.19701342550697931,-0.071254609567164617,0.12575881593981469,0,2
2180,46,24,0.80401200458769317,0.64643530352112077,-1,-1,1,0,0,-0.20618865338574704,-0.1034296485633793,0.10275900482236774,0,2
2180,46,24,0.80401200458769317,0.64643530352112077,-1,-1,3,1,0,-0.19701342550697931,-0.071254609567164617,0.12575881593981469,0,2
2181,35,38,0.80425831309788665,0.64683143418705835,1,1,1,0,1,-0.14688881437441348,0.07155505284948907,0.21844386722390255,0,0
2181,35,38,0.80425831309788665,0.64683143418705835,1,1,3,1,0,-1.1551061174724027,-0.071349680926989623,1.0837564365454131,0,2
2181,35,38,0.80425831309788665,0.64683143418705835,1,-1,1,0,0,-1.1032994576722455,-0.10349302946992928,0.99980642820231624,0,2
2181,35,38,0.80425831309788665,0.64683143418705835,1,-1,3,1,0,-1.1551061174724027,-0.071349680926989623,1.0837564365454131,0,2
2181,35,38,0.80425831309788665,0.64683143418705835,-1,1,1,0,1,-0.05169314582235629,0.07155505284948907,0.12324819867184536,0,0
2181,35,38,0.80425831309788665,0.64683143418705835,-1,1,3,1,0,-0.19710849686680432,-0.071349680926989623,0.12575881593981469,0,2
2181,35,38,0.80425831309788665,0.64683143418705835,-1,-1,1,0,0,-0.20625366497788378,-0.10349302946992928,0.1027606355079545,0,2
2181,35,38,0.80425831309788665,0.64683143418705835,-1,-1,3,1,0,-0.19710849686680432,-0.071349680926989623,0.12575881593981469,0,2
2182,38,35,0.80425831309788665,0.64683143418705835,1,1,1,0,1,-0.14688881437441348,0.07155505284948907,0.21844386722390255,0,0
2182,38,35,0.80425831309788665,0.64683143418705835,1,1,3,1,0,-1.1551061174724027,-0.071349680926989623,1.0837564365454131,0,2
2182,38,35,0.80425831309788665,0.64683143418705835,1,-1,1,0,0,-1.1032994576722455,-0.10349302946992928,0.99980642820231624,0,2
2182,38,35,0.80425831309788665,0.64683143418705835,1,-1,3,1,0,-1.1551061174724027,-0.071349680926989623,1.0837564365454131,0,2
2182,38,35,0.80425831309788665,0.64683143418705835,-1,1,1,0,1,-0.05169314582235629,0.07155505284948907,0.12324819867184536,0,0
2182,38,35,0.80425831309788665,0.64683143418705835,-1,1,3,1,0,-0.19710849686680432,-0.071349680926989623,0.12575881593981469,0,2
2182,38,35,0.80425831309788665,0.64683143418705835,-1,-1,1,0,0,-0.20625366497788378,-0.10349302946992928,0.1027606355079545,0,2
2182,38,35,0.80425831309788665,0.64683143418705835,-1,-1,3,1,0,-0.19710849686680432,-0.071349680926989623,0.12575881593981469,0,2
2183,15,50,0.80448323639846087,0.64719327764614187,1,1,1,0,1,-0.14688911716588959,0.071528102515494046,0.21841721968138364,0,0
2183,15,50,0.80448323639846087,0.64719327764614187,1,1,3,1,0,-1.1551929599025827,-0.071436523357169657,1.0837564365454131,0,2
2183,15,50,0.80448323639846087,0.64719327764614187,1,-1,1,0,0,-1.1033573561179395,-0.10355092442338262,0.99980643169455685,0,2
2183,15,50,0.80448323639846087,0.64719327764614187,1,-1,3,1,0,-1.1551929599025827,-0.071436523357169657,1.0837564365454131,0,2
2183,15,50,0.80448323639846087,0.64719327764614187,-1,1,1,0,1,-0.051722093299082957,0.071528102515494046,0.123250195814577,0,0
2183,15,50,0.80448323639846087,0.64719327764614187,-1,1,3,1,0,-0.19719533929698435,-0.071436523357169657,0.12575881593981469,0,2
2183,15,50,0.80448323639846087,0.64719327764614187,-1,-1,1,0,0,-0.20631305096672825,-0.10355092442338262,0.10276212654334563,0,2
2183,15,50,0.80448323639846087,0.64719327764614187,-1,-1,3,1,0,-0.19719533929698435,-0.071436523357169657,0.12575881593981469,0,2
2184,50,15,0.80448323639846087,0.64719327764614187,1,1,1,0,1,-0.14688911716588959,0.071528102515494046,0.21841721968138364,0,0
2184,50,15,0.80448323639846087,0.64719327764614187,1,1,3,1,0,-1.1551929599025827,-0.071436523357169657,1.0837564365454131,0,2
2184,50,15,0.80448323639846087,0.64719327764614187,1,-1,1,0,0,-1.1033573561179395,-0.10355092442338262,0.99980643169455685,0,2
2184,50,15,0.80448323639846087,0.64719327764614187,1,-1,3,1,0,-1.1551929599025827,-0.071436523357169657,1.0837564365454131,0,2
2184,50,15,0.80448323639846087,0.64719327764614187,-1,1,1,0,1,-0.051722093299082957,0.071528102515494046,0.123250195814577,0,0
2184,50,15,0.80448323639846087,0.64719327764614187,-1,1,3,1,0,-0.19719533929698435,-0.071436523357169657,0.12575881593981469,0,2
2184,50,15,0.80448323639846087,0.64719327764614187,-1,-1,1,0,0,-0.20631305096672825,-0.10355092442338262,0.10276212654334563,0,2
2184,50,15,0.80448323639846087,0.64719327764614187,-1,-1,3,1,0,-0.19719533929698435,-0.071436523357169657,0.12575881593981469,0,2
2185,34,39,0.80529684111970645,0.64850300231737767,1,1,1,0,1,-0.14689060493860157,0.071430563269698225,0.21832116820829978,0,0
2185,34,39,0.80529684111970645,0.64850300231737767,1,1,3,1,0,-1.1555072938236792,-0.071750857278266272,1.0837564365454129,0,2
2185,34,39,0.80529684111970645,0.64850300231737767,1,-1,1,0,0,-1.1035669247042064,-0.10376048037078041,0.99980644433342591,0,2
2185,34,39,0.80529684111970645,0.64850300231737767,1,-1,3,1,0,-1.1555072938236792,-0.071750857278266272,1.0837564365454129,0,2
2185,34,39,0.80529684111970645,0.64850300231737767,-1,1,1,0,1,-0.051826871272781794,0.071430563269698225,0.12325743454248002,0,0
2185,34,39,0.80529684111970645,0.64850300231737767,-1,1,3,1,0,-0.19750967321808097,-0.071750857278266272,0.12575881593981469,0,2
2185,34,39,0.80529684111970645,0.64850300231737767,-1,-1,1,0,0,-0.20652801065276893,-0.10376048037078041,0.10276753028198853,0,2
2185,34,39,0.80529684111970645,0.64850300231737767,-1,-1,3,1,0,-0.19750967321808097,-0.071750857278266272,0.12575881593981469,0,2
2186,39,34,0.80529684111970645,0.64850300231737767,1,1,1,0,1,-0.14689060493860157,0.071430563269698225,0.21832116820829978,0,0
2186,39,34,0.80529684111970645,0.64850300231737767,1,1,3,1,0,-1.1555072938236792,-0.071750857278266272,1.0837564365454129,0,2
2186,39,34,0.80529684111970645,0.64850300231737767,1,-1,1,0,0,-1.1035669247042064,-0.10376048037078041,0.99980644433342591,0,2
2186,39,34,0.80529684111970645,0.64850300231737767,1,-1,3,1,0,-1.1555072938236792,-0.071750857278266272,1.0837564365454129,0,2
2186,39,34,0.80529684111970645,0.64850300231737767,-1,1,1,0,1,-0.051826871272781794,0.071430563269698225,0.12325743454248002,0,0
2186,39,34,0.80529684111970645,0.64850300231737767,-1,1,3,1,0,-0.19750967321808097,-0.071750857278266272,0.12575881593981469,0,2
2186,39,34,0.80529684111970645,0.64850300231737767,-1,-1,1,0,0,-0.20652801065276893,-0.10376048037078041,0.10276753028198853,0,2
2186,39,34,0.80529684111970645,0.64850300231737767,-1,-1,3,1,0,-0.19750967321808097,-0.071750857278266272,0.12575881593981469,0,2
2187,7,52,0.80566817118647349,0.64910120206295674,1,1,1,0,1,-0.14689150574903259,0.071386018632895093,0.21827752438192768,0,0
2187,7,52,0.80566817118647349,0.64910120206295674,1,1,3,1,0,-1.1556508617626182,-0.071894425217205238,1.0837564365454129,0,2
2187,7,52,0.80566817118647349,0.64910120206295674,1,-1,1,0,0,-1.1036626424353004,-0.10385619233007302,0.9998064501052274,0,2
2187,7,52,0.80566817118647349,0.64910120206295674,1,-1,3,1,0,-1.1556508617626182,-0.071894425217205238,1.0837564365454129,0,2
2187,7,52,0.80566817118647349,0.64910120206295674,-1,1,1,0,1,-0.051874727252428157,0.071386018632895093,0.12326074588532325,0,0
2187,7,52,0.80566817118647349,0.64910120206295674,-1,1,3,1,0,-0.19765324115701993,-0.071894425217205238,0.12575881593981469,0,2
2187,7,52,0.80566817118647349,0.64910120206295674,-1,-1,1,0,0,-0.20662619482315053,-0.10385619233007302,0.10277000249307751,0,2
2187,7,52,0.80566817118647349,0.64910120206295674,-1,-1,3,1,0,-0.19765324115701993,-0.071894425217205238,0.12575881593981469,0,2
2188,52,7,0.80566817118647349,0.64910120206295674,1,1,1,0,1,-0.14689150574903259,0.071386018632895093,0.21827752438192768,0,0
2188,52,7,0.80566817118647349,0.64910120206295674,1,1,3,1,0,-1.1556508617626182,-0.071894425217205238,1.0837564365454129,0,2
2188,52,7,0.80566817118647349,0.64910120206295674,1,-1,1,0,0,-1.1036626424353004,-0.10385619233007302,0.9998064501052274,0,2
2188,52,7,0.80566817118647349,0.64910120206295674,1,-1,3,1,0,-1.1556508617626182,-0.071894425217205238,1.0837564365454129,0,2
2188,52,7,0.80566817118647349,0.64910120206295674,-1,1,1,0,1,-0.051874727252428157,0.071386018632895093,0.12326074588532325,0,0
2188,52,7,0.80566817118647349,0.64910120206295674,-1,1,3,1,0,-0.19765324115701993,-0.071894425217205238,0.12575881593981469,0,2
2188,52,7,0.80566817118647349,0.64910120206295674,-1,-1,1,0,0,-0.20662619482315053,-0.10385619233007302,0.10277000249307751,0,2
2188,52,7,0.80566817118647349,0.64910120206295674,-1,-1,3,1,0,-0.19765324115701993,-0.071894425217205238,0.12575881593981469,0,2
2189,18,49,0.80582180585508068,0.6493487827915434,1,1,1,0,1,-0.1468919444642402,0.071367583604031629,0.21825952806827181,0,0
2189,18,49,0.80582180585508068,0.6493487827915434,1,1,3,1,0,-1.1557102811374791,-0.071953844592066024,1.0837564365454131,0,2
2189,18,49,0.80582180585508068,0.6493487827915434,1,-1,1,0,0,-1.1037022577405331,-0.10389580524664688,0.99980645249388622,0,2
2189,18,49,0.80582180585508068,0.6493487827915434,1,-1,3,1,0,-1.1557102811374791,-0.071953844592066024,1.0837564365454131,0,2
2189,18,49,0.80582180585508068,0.6493487827915434,-1,1,1,0,1,-0.051894533710715091,0.071367583604031629,0.12326211731474672,0,0
2189,18,49,0.80582180585508068,0.6493487827915434,-1,1,3,1,0,-0.19771266053188072,-0.071953844592066024,0.12575881593981469,0,2
2189,18,49,0.80582180585508068,0.6493487827915434,-1,-1,1,0,0,-0.20666683138165748,-0.10389580524664688,0.1027710261350106,0,2
2189,18,49,0.80582180585508068,0.6493487827915434,-1,-1,3,1,0,-0.19771266053188072,-0.071953844592066024,0.12575881593981469,0,2
2190,49,18,0.80582180585508068,0.6493487827915434,1,1,1,0,1,-0.1468919444642402,0.071367583604031629,0.21825952806827181,0,0
2190,49,18,0.80582180585508068,0.6493487827915434,1,1,3,1,0,-1.1557102811374791,-0.071953844592066024,1.0837564365454131,0,2
2190,49,18,0.80582180585508068,0.6493487827915434,1,-1,1,0,0,-1.1037022577405331,-0.10389580524664688,0.99980645249388622,0,2
2190,49,18,0.80582180585508068,0.6493487827915434,1,-1,3,1,0,-1.1557102811374791,-0.071953844592066024,1.0837564365454131,0,2
2190,49,18,0.80582180585508068,0.6493487827915434,-1,1,1,0,1,-0.051894533710715091,0.071367583604031629,0.12326211731474672,0,0
2190,49,18,0.80582180585508068,0.6493487827915434,-1,1,3,1,0,-0.19771266053188072,-0.071953844592066024,0.12575881593981469,0,2
2190,49,18,0.80582180585508068,0.6493487827915434,-1,-1,1,0,0,-0.20666683138165748,-0.10389580524664688,0.1027710261350106,0,2
2190,49,18,0.80582180585508068,0.6493487827915434,-1,-1,3,1,0,-0.19771266053188072,-0.071953844592066024,0.12575881593981469,0,2
2191,29,43,0.8058264243210278,0.64935622613401311,1,1,1,0,1,-0.14689195775730735,0.071367029376248364,0.21825898713355571,0,0
2191,29,43,0.8058264243210278,0.64935622613401311,1,1,3,1,0,-1.1557120675396717,-0.071955630994258779,1.0837564365454129,0,2
2191,29,43,0.8058264243210278,0.64935622613401311,1,-1,1,0,0,-1.10370344874714,-0.10389699618144206,0.99980645256569789,0,2
2191,29,43,0.8058264243210278,0.64935622613401311,1,-1,3,1,0,-1.1557120675396717,-0.071955630994258779,1.0837564365454129,0,2
2191,29,43,0.8058264243210278,0.64935622613401311,-1,1,1,0,1,-0.051895129178112648,0.071367029376248364,0.12326215855436101,0,0
2191,29,43,0.8058264243210278,0.64935622613401311,-1,1,3,1,0,-0.19771444693407347,-0.071955630994258779,0.12575881593981469,0,2
2191,29,43,0.8058264243210278,0.64935622613401311,-1,-1,1,0,0,-0.20666805312573172,-0.10389699618144206,0.10277105694428966,0,2
2191,29,43,0.8058264243210278,0.64935622613401311,-1,-1,3,1,0,-0.19771444693407347,-0.071955630994258779,0.12575881593981469,0,2
2192,43,29,0.8058264243210278,0.64935622613401311,1,1,1,0,1,-0.14689195775730735,0.071367029376248364,0.21825898713355571,0,0
2192,43,29,0.8058264243210278,0.64935622613401311,1,1,3,1,0,-1.1557120675396717,-0.071955630994258779,1.0837564365454129,0,2
2192,43,29,0.8058264243210278,0.64935622613401311,1,-1,1,0,0,-1.10370344874714,-0.10389699618144206,0.99980645256569789,0,2
2192,43,29,0.8058264243210278,0.64935622613401311,1,-1,3,1,0,-1.1557120675396717,-0.071955630994258779,1.0837564365454129,0,2
2192,43,29,0.8058264243210278,0.64935622613401311,-1,1,1,0,1,-0.051895129178112648,0.071367029376248364,0.12326215855436101,0,0
2192,43,29,0.8058264243210278,0.64935622613401311,-1,1,3,1,0,-0.19771444693407347,-0.071955630994258779,0.12575881593981469,0,2
2192,43,29,0.8058264243210278,0.64935622613401311,-1,-1,1,0,0,-0.20666805312573172,-0.10389699618144206,0.10277105694428966,0,2
2192,43,29,0.8058264243210278,0.64935622613401311,-1,-1,3,1,0,-0.19771444693407347,-0.071955630994258779,0.12575881593981469,0,2
2193,12,51,0.80607002943378048,0.64974889235137567,1,1,1,0,1,-0.14689266757222963,0.071337792340844336,0.21823045991307397,0,0
2193,12,51,0.80607002943378048,0.64974889235137567,1,1,3,1,0,-1.1558063074318388,-0.072049870886425782,1.0837564365454129,0,2
2193,12,51,0.80607002943378048,0.64974889235137567,1,-1,1,0,0,-1.1037662791301723,-0.10395982277622005,0.99980645635395227,0,2
2193,12,51,0.80607002943378048,0.64974889235137567,1,-1,3,1,0,-1.1558063074318388,-0.072049870886425782,1.0837564365454129,0,2
2193,12,51,0.80607002943378048,0.64974889235137567,-1,1,1,0,1,-0.051926542475501658,0.071337792340844336,0.12326433481634599,0,0
2193,12,51,0.80607002943378048,0.64974889235137567,-1,1,3,1,0,-0.19780868682624048,-0.072049870886425782,0.12575881593981469,0,2
2193,12,51,0.80607002943378048,0.64974889235137567,-1,-1,1,0,0,-0.20673250481500738,-0.10395982277622005,0.10277268203878732,0,2
2193,12,51,0.80607002943378048,0.64974889235137567,-1,-1,3,1,0,-0.19780868682624048,-0.072049870886425782,0.12575881593981469,0,2
2194,51,12,0.80607002943378048,0.64974889235137567,1,1,1,0,1,-0.14689266757222963,0.071337792340844336,0.21823045991307397,0,0
2194,51,12,0.80607002943378048,0.64974889235137567,1,1,3,1,0,-1.1558063074318388,-0.072049870886425782,1.0837564365454129,0,2
2194,51,12,0.80607002943378048,0.64974889235137567,1,-1,1,0,0,-1.1037662791301723,-0.10395982277622005,0.99980645635395227,0,2
2194,51,12,0.80607002943378048,0.64974889235137567,1,-1,3,1,0,-1.1558063074318388,-0.072049870886425782,1.0837564365454129,0,2
2194,51,12,0.80607002943378048,0.64974889235137567,-1,1,1,0,1,-0.051926542475501658,0.071337792340844336,0.12326433481634599,0,0
2194,51,12,0.80607002943378048,0.64974889235137567,-1,1,3,1,0,-0.19780868682624048,-0.072049870886425782,0.12575881593981469,0,2
2194,51,12,0.80607002943378048,0.64974889235137567,-1,-1,1,0,0,-0.20673250481500738,-0.10395982277622005,0.10277268203878732,0,2
2194,51,12,0.80607002943378048,0.64974889235137567,-1,-1,3,1,0,-0.19780868682624048,-0.072049870886425782,0.12575881593981469,0,2
2195,26,45,0.80618617159557604,0.6499361432719315,1,1,1,0,1,-0.14689303074613774,0.07132385055046371,0.21821688129660144,0,0
2195,26,45,0.80618617159557604,0.6499361432719315,1,1,3,1,0,-1.1558512476527723,-0.072094811107359186,1.0837564365454131,0,2
2195,26,45,0.80618617159557604,0.6499361432719315,1,-1,1,0,0,-1.1037962410838882,-0.10398978292350899,0.99980645816037916,0,2
2195,26,45,0.80618617159557604,0.6499361432719315,1,-1,3,1,0,-1.1558512476527723,-0.072094811107359186,1.0837564365454131,0,2
2195,26,45,0.80618617159557604,0.6499361432719315,-1,1,1,0,1,-0.051941522549146128,0.07132385055046371,0.12326537309960983,0,0
2195,26,45,0.80618617159557604,0.6499361432719315,-1,1,3,1,0,-0.19785362704717388,-0.072094811107359186,0.12575881593981469,0,2
2195,26,45,0.80618617159557604,0.6499361432719315,-1,-1,1,0,0,-0.20676323981774986,-0.10398978292350899,0.10277345689424086,0,2
2195,26,45,0.80618617159557604,0.6499361432719315,-1,-1,3,1,0,-0.19785362704717388,-0.072094811107359186,0.12575881593981469,0,2
2196,45,26,0.80618617159557604,0.6499361432719315,1,1,1,0,1,-0.14689303074613774,0.07132385055046371,0.21821688129660144,0,0
2196,45,26,0.80618617159557604,0.6499361432719315,1,1,3,1,0,-1.1558512476527723,-0.072094811107359186,1.0837564365454131,0,2
2196,45,26,0.80618617159557604,0.6499361432719315,1,-1,1,0,0,-1.1037962410838882,-0.10398978292350899,0.99980645816037916,0,2
2196,45,26,0.80618617159557604,0.6499361432719315,1,-1,3,1,0,-1.1558512476527723,-0.072094811107359186,1.0837564365454131,0,2
2196,45,26,0.80618617159557604,0.6499361432719315,-1,1,1,0,1,-0.051941522549146128,0.07132385055046371,0.12326537309960983,0,0
2196,45,26,0.80618617159557604,0.6499361432719315,-1,1,3,1,0,-0.19785362704717388,-0.072094811107359186,0.12575881593981469,0,2
2196,45,26,0.80618617159557604,0.6499361432719315,-1,-1,1,0,0,-0.20676323981774986,-0.10398978292350899,0.10277345689424086,0,2
2196,45,26,0.80618617159557604,0.6499361432719315,-1,-1,3,1,0,-0.19785362704717388,-0.072094811107359186,0.12575881593981469,0,2
2197,33,40,0.8068518040895738,0.65100983376260002,1,1,1,0,1,-0.1468954078954347,0.071243914871678804,0.21813932276711351,0,0
2197,33,40,0.8068518040895738,0.65100983376260002,1,1,3,1,0,-1.1561089333705326,-0.072352496825119628,1.0837564365454129,0,2
2197,33,40,0.8068518040895738,0.65100983376260002,1,-1,1,0,0,-1.1039680419193925,-0.10416157340201596,0.99980646851737653,0,2
2197,33,40,0.8068518040895738,0.65100983376260002,1,-1,3,1,0,-1.1561089333705326,-0.072352496825119628,1.0837564365454129,0,2
2197,33,40,0.8068518040895738,0.65100983376260002,-1,1,1,0,1,-0.052027417788399588,0.071243914871678804,0.12327133266007839,0,0
2197,33,40,0.8068518040895738,0.65100983376260002,-1,1,3,1,0,-0.19811131276493432,-0.072352496825119628,0.12575881593981469,0,2
2197,33,40,0.8068518040895738,0.65100983376260002,-1,-1,1,0,0,-0.20693948069019164,-0.10416157340201596,0.10277790728817568,0,2
2197,33,40,0.8068518040895738,0.65100983376260002,-1,-1,3,1,0,-0.19811131276493432,-0.072352496825119628,0.12575881593981469,0,2
2198,40,33,0.8068518040895738,0.65100983376260002,1,1,1,0,1,-0.1468954078954347,0.071243914871678804,0.21813932276711351,0,0
2198,40,33,0.8068518040895738,0.65100983376260002,1,1,3,1,0,-1.1561089333705326,-0.072352496825119628,1.0837564365454129,0,2
2198,40,33,0.8068518040895738,0.65100983376260002,1,-1,1,0,0,-1.1039680419193925,-0.10416157340201596,0.99980646851737653,0,2
2198,40,33,0.8068518040895738,0.65100983376260002,1,-1,3,1,0,-1.1561089333705326,-0.072352496825119628,1.0837564365454129,0,2
2198,40,33,0.8068518040895738,0.65100983376260002,-1,1,1,0,1,-0.052027417788399588,0.071243914871678804,0.12327133266007839,0,0
2198,40,33,0.8068518040895738,0.65100983376260002,-1,1,3,1,0,-0.19811131276493432,-0.072352496825119628,0.12575881593981469,0,2
2198,40,33,0.8068518040895738,0.65100983376260002,-1,-1,1,0,0,-0.20693948069019164,-0.10416157340201596,0.10277790728817568,0,2
2198,40,33,0.8068518040895738,0.65100983376260002,-1,-1,3,1,0,-0.19811131276493432,-0.072352496825119628,0.12575881593981469,0,2
2199,8,52,0.80797947178762952,0.65283082683021676,1,1,1,0,1,-0.14690044697318166,0.071108366531631842,0.21800881350481349,0,0
2199,8,52,0.80797947178762952,0.65283082683021676,1,1,3,1,0,-1.1565459717067605,-0.072789535161347646,1.0837564365454129,0,2
2199,8,52,0.80797947178762952,0.65283082683021676,1,-1,1,0,0,-1.1042594183719463,-0.10445293229283463,0.99980648607911171,0,2
2199,8,52,0.80797947178762952,0.65283082683021676,1,-1,3,1,0,-1.1565459717067605,-0.072789535161347646,1.0837564365454129,0,2
2199,8,52,0.80797947178762952,0.65283082683021676,-1,1,1,0,1,-0.052173097233808939,0.071108366531631842,0.12328146376544077,0,0
2199,8,52,0.80797947178762952,0.65283082683021676,-1,1,3,1,0,-0.19854835110116234,-0.072789535161347646,0.12575881593981469,0,2
2199,8,52,0.80797947178762952,0.65283082683021676,-1,-1,1,0,0,-0.2072384058431509,-0.10445293229283463,0.10278547355031627,0,2
2199,8,52,0.80797947178762952,0.65283082683021676,-1,-1,3,1,0,-0.19854835110116234,-0.072789535161347646,0.12575881593981469,0,2
