mode_index,m,n,q,q2,branch_id,root_id,kind_id,source_id_0lambda_1trace,curve_id,raw_n_points,raw_K_min,raw_K_max,raw_K_span,raw_F_min,raw_F_max,raw_F_span,raw_contour_length,raw_touch_Kmin,raw_touch_Kmax,raw_touch_Fmin,raw_touch_Fmax,raw_edge_fraction,valid_n_points,valid_K_min,valid_K_max,valid_K_span,valid_F_min,valid_F_max,valid_F_span,valid_contour_length,valid_touch_Kmin,valid_touch_Kmax,valid_touch_Fmin,valid_touch_Fmax,valid_edge_fraction,complex_fraction,det_min,det_max,mean_abs_imag_lambda,min_abs_imag_lambda,rad_real_max
1999,35,35,0.77150916576669493,0.59522639286202161,1,1,1,0,1,2026,0.043013494655978209,0.062271704014184664,0.019258209358206456,0,0.10000000000000001,0.10000000000000001,0.10678969932104282,0,0,1,1,0.0009871668311944718,0,nan,nan,nan,nan,nan,nan,0,0,0,0,0,nan,0.21421520236920039,-6.0049054527758564e-05,4.9049205382080928e-05,0.00087943921233898947,0,0.035911711080250784
1999,35,35,0.77150916576669493,0.59522639286202161,-1,1,1,0,1,1903,0,0.047618111428961732,0.047618111428961732,0,0.049443671195974467,0.049443671195974467,0.081973237431405777,1,0,1,0,0.0010509721492380452,0,nan,nan,nan,nan,nan,nan,0,0,0,0,0,nan,0.22122963741460852,-3.0569338172805119e-05,4.01618567838994e-05,0.00092983681595733118,0,0.021192228107777843
2000,4,50,0.77159914595058299,0.59536524203166907,1,1,1,0,1,2024,0.043022408172411826,0.062271953738252749,0.019249545565840923,0,0.10000000000000001,0.10000000000000001,0.10678745046016364,0,0,1,1,0.00098814229249011851,0,nan,nan,nan,nan,nan,nan,0,0,0,0,0,nan,0.21393280632411066,-5.9082210896008354e-05,4.9233671720098904e-05,0.00087715124733870513,0,0.035921923634617783
2000,4,50,0.77159914595058299,0.59536524203166907,-1,1,1,0,1,1901,0,0.047629219362533531,0.047629219362533531,0,0.049455724935399424,0.049455724935399424,0.081977411687384705,1,0,1,0,0.0010520778537611783,0,nan,nan,nan,nan,nan,nan,0,0,0,0,0,nan,0.22041031036296685,-3.0675577516079203e-05,4.1352304120028348e-05,0.00092698322951313705,0,0.02120234071825032
2001,50,4,0.77159914595058299,0.59536524203166907,1,1,1,0,1,2024,0.043022408172411826,0.062271953738252749,0.019249545565840923,0,0.10000000000000001,0.10000000000000001,0.10678745046016364,0,0,1,1,0.00098814229249011851,0,nan,nan,nan,nan,nan,nan,0,0,0,0,0,nan,0.21393280632411066,-5.9082210896008354e-05,4.9233671720098904e-05,0.00087715124733870513,0,0.035921923634617783
2001,50,4,0.77159914595058299,0.59536524203166907,-1,1,1,0,1,1901,0,0.047629219362533531,0.047629219362533531,0,0.049455724935399424,0.049455724935399424,0.081977411687384705,1,0,1,0,0.0010520778537611783,0,nan,nan,nan,nan,nan,nan,0,0,0,0,0,nan,0.22041031036296685,-3.0675577516079203e-05,4.1352304120028348e-05,0.00092698322951313705,0,0.02120234071825032
2002,34,36,0.7717840781873353,0.59565066334347483,1,1,1,0,1,2024,0.043040733816740576,0.062272467434201187,0.019231733617460611,0,0.10000000000000001,0.10000000000000001,0.10678260018532534,0,0,1,1,0.00098814229249011851,0,nan,nan,nan,nan,nan,nan,0,0,0,0,0,nan,0.21541501976284586,-6.1720442831699612e-05,4.9611856488316654e-05,0.00088119776136148028,0,0.035942920363001632
2002,34,36,0.7717840781873353,0.59565066334347483,-1,1,1,0,1,1903,0,0.047652053067477988,0.047652053067477988,0,0.049480502516241524,0.049480502516241524,0.082114813581904339,1,0,1,0,0.0010509721492380452,0,nan,nan,nan,nan,nan,nan,0,0,0,0,0,nan,0.22228060956384657,-3.0837975532735894e-05,4.3801159944185063e-05,0.00093223022726603481,0,0.021223135671537417
2003,36,34,0.7717840781873353,0.59565066334347483,1,1,1,0,1,2024,0.043040733816740576,0.062272467434201187,0.019231733617460611,0,0.10000000000000001,0.10000000000000001,0.10678260018532534,0,0,1,1,0.00098814229249011851,0,nan,nan,nan,nan,nan,nan,0,0,0,0,0,nan,0.21541501976284586,-6.1720442831699612e-05,4.9611856488316654e-05,0.00088119776136148028,0,0.035942920363001632
2003,36,34,0.7717840781873353,0.59565066334347483,-1,1,1,0,1,1903,0,0.047652053067477988,0.047652053067477988,0,0.049480502516241524,0.049480502516241524,0.082114813581904339,1,0,1,0,0.0010509721492380452,0,nan,nan,nan,nan,nan,nan,0,0,0,0,0,nan,0.22228060956384657,-3.0837975532735894e-05,4.3801159944185063e-05,0.00093223022726603481,0,0.021223135671537417
2004,14,48,0.77195226406765205,0.59591029799917394,1,1,1,0,1,2025,0.043057405297890691,0.062272935137861224,0.019215529839970533,0,0.10000000000000001,0.10000000000000001,0.1067784899895049,0,0,1,1,0.00098765432098765434,0,nan,nan,nan,nan,nan,nan,0,0,0,0,0,nan,0.21580246913580248,-5.9889511429366341e-05,4.9954686729199171e-05,0.00088435794231852757,0,0.035962024318055244
2004,14,48,0.77195226406765205,0.59591029799917394,-1,1,1,0,1,1909,0,0.047672823839933917,0.047672823839933917,0,0.049503041774433071,0.049503041774433071,0.082258721245003358,1,0,1,0,0.0010476689366160294,0,nan,nan,nan,nan,nan,nan,0,0,0,0,0,nan,0.22420115243583028,-3.0924680414633372e-05,4.6030813152471428e-05,0.00093495997344822228,0,0.021242060720587087
2005,48,14,0.77195226406765205,0.59591029799917394,1,1,1,0,1,2025,0.043057405297890691,0.062272935137861224,0.019215529839970533,0,0.10000000000000001,0.10000000000000001,0.1067784899895049,0,0,1,1,0.00098765432098765434,0,nan,nan,nan,nan,nan,nan,0,0,0,0,0,nan,0.21580246913580248,-5.9889511429366341e-05,4.9954686729199171e-05,0.00088435794231852757,0,0.035962024318055244
2005,48,14,0.77195226406765205,0.59591029799917394,-1,1,1,0,1,1909,0,0.047672823839933917,0.047672823839933917,0,0.049503041774433071,0.049503041774433071,0.082258721245003358,1,0,1,0,0.0010476689366160294,0,nan,nan,nan,nan,nan,nan,0,0,0,0,0,nan,0.22420115243583028,-3.0924680414633372e-05,4.6030813152471428e-05,0.00093495997344822228,0,0.021242060720587087
2006,28,41,0.77250096941512914,0.59675774774731427,1,1,1,0,1,2024,0.043111848603416492,0.062274464496591186,0.019162615893174695,0,0.10000000000000001,0.10000000000000001,0.10676202974878679,0,0,1,1,0.00098814229249011851,0,nan,nan,nan,nan,nan,nan,0,0,0,0,0,nan,0.21640316205533597,-5.5819489977242294e-05,5.1065696348717715e-05,0.00089178455153635994,0,0.0360244077093691
2006,28,41,0.77250096941512914,0.59675774774731427,-1,1,1,0,1,1911,0,0.047740619819785134,0.047740619819785134,0,0.049576621074865858,0.049576621074865858,0.082417975929857473,1,0,1,0,0.0010465724751439038,0,nan,nan,nan,nan,nan,nan,0,0,0,0,0,nan,0.22448979591836735,-3.0852560003272536e-05,5.3321956267875052e-05,0.00094030759336832966,0,0.021303896151427051
2007,41,28,0.77250096941512914,0.59675774774731427,1,1,1,0,1,2024,0.043111848603416492,0.062274464496591186,0.019162615893174695,0,0.10000000000000001,0.10000000000000001,0.10676202974878679,0,0,1,1,0.00098814229249011851,0,nan,nan,nan,nan,nan,nan,0,0,0,0,0,nan,0.21640316205533597,-5.5819489977242294e-05,5.1065696348717715e-05,0.00089178455153635994,0,0.0360244077093691
2007,41,28,0.77250096941512914,0.59675774774731427,-1,1,1,0,1,1911,0,0.047740619819785134,0.047740619819785134,0,0.049576621074865858,0.049576621074865858,0.082417975929857473,1,0,1,0,0.0010465724751439038,0,nan,nan,nan,nan,nan,nan,0,0,0,0,0,nan,0.22448979591836735,-3.0852560003272536e-05,5.3321956267875052e-05,0.00094030759336832966,0,0.021303896151427051
2008,33,37,0.77260816009846522,0.59692336905073573,1,1,1,0,1,2022,0.043122491551315548,0.062274763881862788,0.01915227233054724,0,0.10000000000000001,0.10000000000000001,0.106757320816441,0,0,1,1,0.00098911968348170125,0,nan,nan,nan,nan,nan,nan,0,0,0,0,0,nan,0.21562809099901087,-5.4689594535785313e-05,5.1281377278192437e-05,0.00088993918659741782,0,0.03603660461410492
2008,33,37,0.77260816009846522,0.59692336905073573,-1,1,1,0,1,1909,0,0.047753869524058856,0.047753869524058856,0,0.04959100288477971,0.04959100288477971,0.082422067039777308,1,0,1,0,0.0010476689366160294,0,nan,nan,nan,nan,nan,nan,0,0,0,0,0,nan,0.22367731796752227,-3.0781691726367716e-05,5.4749321402178079e-05,0.00093769736632202689,0,0.021315992320008088
2009,37,33,0.77260816009846522,0.59692336905073573,1,1,1,0,1,2022,0.043122491551315548,0.062274763881862788,0.01915227233054724,0,0.10000000000000001,0.10000000000000001,0.106757320816441,0,0,1,1,0.00098911968348170125,0,nan,nan,nan,nan,nan,nan,0,0,0,0,0,nan,0.21562809099901087,-5.4689594535785313e-05,5.1281377278192437e-05,0.00088993918659741782,0,0.03603660461410492
2009,37,33,0.77260816009846522,0.59692336905073573,-1,1,1,0,1,1909,0,0.047753869524058856,0.047753869524058856,0,0.04959100288477971,0.04959100288477971,0.082422067039777308,1,0,1,0,0.0010476689366160294,0,nan,nan,nan,nan,nan,nan,0,0,0,0,0,nan,0.22367731796752227,-3.0781691726367716e-05,5.4749321402178079e-05,0.00093769736632202689,0,0.021315992320008088
2010,25,43,0.77275314421438535,0.59714742189321868,1,1,1,0,1,2023,0.043136895904244979,0.062275169148381875,0.019138273244136896,0,0.10000000000000001,0.10000000000000001,0.10675096197053613,0,0,1,1,0.00098863074641621345,0,nan,nan,nan,nan,nan,nan,0,0,0,0,0,nan,0.21651013346515077,-5.5531327871026492e-05,5.157238656365061e-05,0.0008926233205308028,0,0.036053107227288633
2010,25,43,0.77275314421438535,0.59714742189321868,-1,1,1,0,1,1914,0,0.047771793751457493,0.047771793751457493,0,0.049610458379591375,0.049610458379591375,0.082566951203254024,1,0,1,0,0.0010449320794148381,0,nan,nan,nan,nan,nan,nan,0,0,0,0,0,nan,0.2251828631138976,-3.0659166998399205e-05,5.6681523719714563e-05,0.00093993635004227267,0,0.021332361273770011
2011,43,25,0.77275314421438535,0.59714742189321868,1,1,1,0,1,2023,0.043136895904244979,0.062275169148381875,0.019138273244136896,0,0.10000000000000001,0.10000000000000001,0.10675096197053613,0,0,1,1,0.00098863074641621345,0,nan,nan,nan,nan,nan,nan,0,0,0,0,0,nan,0.21651013346515077,-5.5531327871026492e-05,5.157238656365061e-05,0.0008926233205308028,0,0.036053107227288633
2011,43,25,0.77275314421438535,0.59714742189321868,-1,1,1,0,1,1914,0,0.047771793751457493,0.047771793751457493,0,0.049610458379591375,0.049610458379591375,0.082566951203254024,1,0,1,0,0.0010449320794148381,0,nan,nan,nan,nan,nan,nan,0,0,0,0,0,nan,0.2251828631138976,-3.0659166998399205e-05,5.6681523719714563e-05,0.00093993635004227267,0,0.021332361273770011
2012,17,47,0.77287560444952497,0.59733669995321859,1,1,1,0,1,2023,0.043149065400832749,0.06227551174500337,0.019126446344170621,0,0.10000000000000001,0.10000000000000001,0.10674559729220938,0,0,1,1,0.00098863074641621345,0,nan,nan,nan,nan,nan,nan,0,0,0,0,0,nan,0.21651013346515077,-5.4181095858708492e-05,5.1817539666897117e-05,0.00089517326392605698,0,0.036067050850706106
2012,17,47,0.77287560444952497,0.59733669995321859,-1,1,1,0,1,1914,0,0.047786935996257496,0.047786935996257496,0,0.049626894005244351,0.049626894005244351,0.082571698572958749,1,0,1,0,0.0010449320794148381,0,nan,nan,nan,nan,nan,nan,0,0,0,0,0,nan,0.22466039707419017,-3.0532817018483031e-05,5.2393881043186728e-05,0.00094201271704897097,0,0.021346194323722131
2013,47,17,0.77287560444952497,0.59733669995321859,1,1,1,0,1,2023,0.043149065400832749,0.06227551174500337,0.019126446344170621,0,0.10000000000000001,0.10000000000000001,0.10674559729220938,0,0,1,1,0.00098863074641621345,0,nan,nan,nan,nan,nan,nan,0,0,0,0,0,nan,0.21651013346515077,-5.4181095858708492e-05,5.1817539666897117e-05,0.00089517326392605698,0,0.036067050850706106
2013,47,17,0.77287560444952497,0.59733669995321859,-1,1,1,0,1,1914,0,0.047786935996257496,0.047786935996257496,0,0.049626894005244351,0.049626894005244351,0.082571698572958749,1,0,1,0,0.0010449320794148381,0,nan,nan,nan,nan,nan,nan,0,0,0,0,0,nan,0.22466039707419017,-3.0532817018483031e-05,5.2393881043186728e-05,0.00094201271704897097,0,0.021346194323722131
2014,5,50,0.77305004223469864,0.59760636779906939,1,1,1,0,1,2023,0.043166404787588548,0.062276000213387479,0.019109595425798931,0,0.10000000000000001,0.10000000000000001,0.10673789162283859,0,0,1,1,0.00098863074641621345,0,nan,nan,nan,nan,nan,nan,0,0,0,0,0,nan,0.21651013346515077,-5.2255895759611634e-05,5.2165715230242937e-05,0.00089871845018182732,0,0.036086920300581145
2014,5,50,0.77305004223469864,0.59760636779906939,-1,1,1,0,1,1919,0,0.047808509423925553,0.047808509423925553,0,0.049650313011897387,0.049650313011897387,0.082718131260952343,1,0,1,0,0.0010422094841063053,0,nan,nan,nan,nan,nan,nan,0,0,0,0,0,nan,0.22615945805106827,-3.0318459251651129e-05,5.4646253170693819e-05,0.00094436481928246419,0,0.021365911760231903
2015,50,5,0.77305004223469864,0.59760636779906939,1,1,1,0,1,2023,0.043166404787588548,0.062276000213387479,0.019109595425798931,0,0.10000000000000001,0.10000000000000001,0.10673789162283859,0,0,1,1,0.00098863074641621345,0,nan,nan,nan,nan,nan,nan,0,0,0,0,0,nan,0.21651013346515077,-5.2255895759611634e-05,5.2165715230242937e-05,0.00089871845018182732,0,0.036086920300581145
2015,50,5,0.77305004223469864,0.59760636779906939,-1,1,1,0,1,1919,0,0.047808509423925553,0.047808509423925553,0,0.049650313011897387,0.049650313011897387,0.082718131260952343,1,0,1,0,0.0010422094841063053,0,nan,nan,nan,nan,nan,nan,0,0,0,0,0,nan,0.22615945805106827,-3.0318459251651129e-05,5.4646253170693819e-05,0.00094436481928246419,0,0.021365911760231903
2016,32,38,0.77397945243970145,0.59904419279886012,1,1,1,0,1,2021,0.043258567916312538,0.062278616940860419,0.019020049024547882,0,0.10000000000000001,0.10000000000000001,0.10670733424396377,0,0,1,1,0.00098960910440376061,0,nan,nan,nan,nan,nan,nan,0,0,0,0,0,nan,0.2182088075210292,-4.6242792481907512e-05,5.399988600446326e-05,0.00090868254012217622,0,0.036192935129717843
2016,32,38,0.77397945243970145,0.59904419279886012,-1,1,1,0,1,1919,0,0.047923535423908807,0.047923535423908807,0,0.049775194325357951,0.049775194325357951,0.082760760669481459,1,0,1,0,0.0010422094841063053,0,nan,nan,nan,nan,nan,nan,0,0,0,0,0,nan,0.22251172485669621,-2.8575975255271807e-05,3.8752055359363331e-05,0.00095071803747410219,0,0.021471201479206035
2017,38,32,0.77397945243970145,0.59904419279886012,1,1,1,0,1,2021,0.043258567916312538,0.062278616940860419,0.019020049024547882,0,0.10000000000000001,0.10000000000000001,0.10670733424396377,0,0,1,1,0.00098960910440376061,0,nan,nan,nan,nan,nan,nan,0,0,0,0,0,nan,0.2182088075210292,-4.6242792481907512e-05,5.399988600446326e-05,0.00090868254012217622,0,0.036192935129717843
2017,38,32,0.77397945243970145,0.59904419279886012,-1,1,1,0,1,1919,0,0.047923535423908807,0.047923535423908807,0,0.049775194325357951,0.049775194325357951,0.082760760669481459,1,0,1,0,0.0010422094841063053,0,nan,nan,nan,nan,nan,nan,0,0,0,0,0,nan,0.22251172485669621,-2.8575975255271807e-05,3.8752055359363331e-05,0.00095071803747410219,0,0.021471201479206035
2018,11,49,0.77409436015581223,0.59922207842503639,1,1,1,0,1,2022,0.043269974425109145,0.062278941545940374,0.019008967120831229,0,0.10000000000000001,0.10000000000000001,0.10670390799576843,0,0,1,1,0.00098911968348170125,0,nan,nan,nan,nan,nan,nan,0,0,0,0,0,nan,0.21909000989119684,-4.4960201320553249e-05,5.4224149182210274e-05,0.0009107227504090991,0,0.036206059856973435
2018,11,49,0.77409436015581223,0.59922207842503639,-1,1,1,0,1,1920,0,0.04793776627400291,0.04793776627400291,0,0.049790647489798501,0.049790647489798501,0.082766878053552734,1,0,1,0,0.0010416666666666667,0,nan,nan,nan,nan,nan,nan,0,0,0,0,0,nan,0.22291666666666668,-2.8298178851973547e-05,4.026383955320692e-05,0.00095221701329572064,0,0.02148424717576889
2019,49,11,0.77409436015581223,0.59922207842503639,1,1,1,0,1,2022,0.043269974425109145,0.062278941545940374,0.019008967120831229,0,0.10000000000000001,0.10000000000000001,0.10670390799576843,0,0,1,1,0.00098911968348170125,0,nan,nan,nan,nan,nan,nan,0,0,0,0,0,nan,0.21909000989119684,-4.4960201320553249e-05,5.4224149182210274e-05,0.0009107227504090991,0,0.036206059856973435
2019,49,11,0.77409436015581223,0.59922207842503639,-1,1,1,0,1,1920,0,0.04793776627400291,0.04793776627400291,0,0.049790647489798501,0.049790647489798501,0.082766878053552734,1,0,1,0,0.0010416666666666667,0,nan,nan,nan,nan,nan,nan,0,0,0,0,0,nan,0.22291666666666668,-2.8298178851973547e-05,4.026383955320692e-05,0.00095221701329572064,0,0.02148424717576889
2020,6,50,0.77481893594080664,0.6003443834924439,1,1,1,0,1,2019,0.043341981947110163,0.06228099382205806,0.018939011874947898,0,0.10000000000000001,0.10000000000000001,0.10668468779008032,0,0,1,1,0.00099058940069341253,0,nan,nan,nan,nan,nan,nan,0,0,0,0,0,nan,0.21792966815255077,-4.2005680373317922e-05,5.5625159318816071e-05,0.00091708065251516031,0,0.036288910215418455
2020,6,50,0.77481893594080664,0.6003443834924439,-1,1,1,0,1,1924,0,0.048027550679395514,0.048027550679395514,0,0.049888149810510693,0.049888149810510693,0.083056471908345753,1,0,1,0,0.0010395010395010396,0,nan,nan,nan,nan,nan,nan,0,0,0,0,0,nan,0.22505197505197505,-2.7974196046762212e-05,4.9822575477103184e-05,0.00095785791343348055,0,0.021566647595914347
2021,50,6,0.77481893594080664,0.6003443834924439,1,1,1,0,1,2019,0.043341981947110163,0.06228099382205806,0.018939011874947898,0,0.10000000000000001,0.10000000000000001,0.10668468779008032,0,0,1,1,0.00099058940069341253,0,nan,nan,nan,nan,nan,nan,0,0,0,0,0,nan,0.21792966815255077,-4.2005680373317922e-05,5.5625159318816071e-05,0.00091708065251516031,0,0.036288910215418455
2021,50,6,0.77481893594080664,0.6003443834924439,-1,1,1,0,1,1924,0,0.048027550679395514,0.048027550679395514,0,0.049888149810510693,0.049888149810510693,0.083056471908345753,1,0,1,0,0.0010395010395010396,0,nan,nan,nan,nan,nan,nan,0,0,0,0,0,nan,0.22505197505197505,-2.7974196046762212e-05,4.9822575477103184e-05,0.00095785791343348055,0,0.021566647595914347
2022,31,39,0.77589471324021009,0.60201260603410778,1,1,1,0,1,2020,0.043448852887897842,0.062283801527989228,0.018834948640091387,0,0.099999999999999992,0.099999999999999992,0.10664862759321368,0,0,1,1,0.00099009900990099011,0,nan,nan,nan,nan,nan,nan,0,0,0,0,0,nan,0.22178217821782178,-5.9895939161259959e-05,5.8166755840829282e-05,0.00093081290220220958,0,0.036412204650957347
2022,31,39,0.77589471324021009,0.60201260603410778,-1,1,1,0,1,1933,0,0.048161008482728626,0.048161008482728626,0,0.050033115863718371,0.050033115863718371,0.083514995422844476,1,0,1,0,0.0010346611484738748,0,nan,nan,nan,nan,nan,nan,0,0,0,0,0,nan,0.22555613036730471,-2.6348129253146203e-05,5.846044579636573e-05,0.00096784404725566047,0,0.021689436768796335
2023,39,31,0.77589471324021009,0.60201260603410778,1,1,1,0,1,2020,0.043448852887897842,0.062283801527989228,0.018834948640091387,0,0.099999999999999992,0.099999999999999992,0.10664862759321368,0,0,1,1,0.00099009900990099011,0,nan,nan,nan,nan,nan,nan,0,0,0,0,0,nan,0.22178217821782178,-5.9895939161259959e-05,5.8166755840829282e-05,0.00093081290220220958,0,0.036412204650957347
2023,39,31,0.77589471324021009,0.60201260603410778,-1,1,1,0,1,1933,0,0.048161008482728626,0.048161008482728626,0,0.050033115863718371,0.050033115863718371,0.083514995422844476,1,0,1,0,0.0010346611484738748,0,nan,nan,nan,nan,nan,nan,0,0,0,0,0,nan,0.22555613036730471,-2.6348129253146203e-05,5.846044579636573e-05,0.00096784404725566047,0,0.021689436768796335
2024,27,42,0.7763466882203407,0.60271418031069091,1,1,1,0,1,2021,0.043493777247679111,0.062284964259091545,0.018791187011412434,0,0.10000000000000001,0.10000000000000001,0.10662997409798156,0,0,1,1,0.00098960910440376061,0,nan,nan,nan,nan,nan,nan,0,0,0,0,0,nan,0.223156853043048,-5.9492296764550832e-05,6.0225913737801257e-05,0.00094020075524530052,0,0.036464108150780244
2024,27,42,0.7763466882203407,0.60271418031069091,-1,1,1,0,1,1941,0,0.048217134424855264,0.048217134424855264,0,0.050094095447003564,0.050094095447003564,0.083671867570816572,1,0,1,0,0.0010303967027305513,0,nan,nan,nan,nan,nan,nan,0,0,0,0,0,nan,0.22771767130345183,-2.6020854210631779e-05,3.8868411360522964e-05,0.00097532359504233035,0,0.02174118623311129
2025,42,27,0.7763466882203407,0.60271418031069091,1,1,1,0,1,2021,0.043493777247679111,0.062284964259091545,0.018791187011412434,0,0.10000000000000001,0.10000000000000001,0.10662997409798156,0,0,1,1,0.00098960910440376061,0,nan,nan,nan,nan,nan,nan,0,0,0,0,0,nan,0.223156853043048,-5.9492296764550832e-05,6.0225913737801257e-05,0.00094020075524530052,0,0.036464108150780244
2025,42,27,0.7763466882203407,0.60271418031069091,-1,1,1,0,1,1941,0,0.048217134424855264,0.048217134424855264,0,0.050094095447003564,0.050094095447003564,0.083671867570816572,1,0,1,0,0.0010303967027305513,0,nan,nan,nan,nan,nan,nan,0,0,0,0,0,nan,0.22771767130345183,-2.6020854210631779e-05,3.8868411360522964e-05,0.00097532359504233035,0,0.02174118623311129
2026,15,48,0.77657892478627522,0.60307482642220722,1,1,1,0,1,2020,0.043516883395140871,0.062285562967679876,0.018768679572539006,0,0.10000000000000001,0.10000000000000001,0.106623179767183,0,0,1,1,0.00099009900990099011,0,nan,nan,nan,nan,nan,nan,0,0,0,0,0,nan,0.22227722772277228,-5.6902302505765397e-05,6.1284463596929933e-05,0.00094037238224117586,0,0.036490801306501244
2026,15,48,0.77657892478627522,0.60307482642220722,-1,1,1,0,1,1941,0,0.04824598611377659,0.04824598611377659,0,0.050125445869752074,0.050125445869752074,0.083682875521492672,1,0,1,0,0.0010303967027305513,0,nan,nan,nan,nan,nan,nan,0,0,0,0,0,nan,0.22565687789799072,-2.6370319802381144e-05,3.9301832386920074e-05,0.00097406947115438562,0,0.02176781388589185
2027,48,15,0.77657892478627522,0.60307482642220722,1,1,1,0,1,2020,0.043516883395140871,0.062285562967679876,0.018768679572539006,0,0.10000000000000001,0.10000000000000001,0.106623179767183,0,0,1,1,0.00099009900990099011,0,nan,nan,nan,nan,nan,nan,0,0,0,0,0,nan,0.22227722772277228,-5.6902302505765397e-05,6.1284463596929933e-05,0.00094037238224117586,0,0.036490801306501244
2027,48,15,0.77657892478627522,0.60307482642220722,-1,1,1,0,1,1941,0,0.04824598611377659,0.04824598611377659,0,0.050125445869752074,0.050125445869752074,0.083682875521492672,1,0,1,0,0.0010303967027305513,0,nan,nan,nan,nan,nan,nan,0,0,0,0,0,nan,0.22565687789799072,-2.6370319802381144e-05,3.9301832386920074e-05,0.00097406947115438562,0,0.02176781388589185
2028,22,45,0.77667829576482805,0.60322917511215779,1,1,1,0,1,2020,0.043526773481260911,0.062285819410070747,0.018759045928809837,0,0.10000000000000001,0.10000000000000001,0.10662039133115564,0,0,1,1,0.00099009900990099011,0,nan,nan,nan,nan,nan,nan,0,0,0,0,0,nan,0.22277227722772278,-5.5792879780622306e-05,6.1737503164219568e-05,0.00094244005242289297,0,0.036502227900217094
2028,22,45,0.77667829576482805,0.60322917511215779,-1,1,1,0,1,1941,0,0.048258334008972628,0.048258334008972628,0,0.050138863423050899,0.050138863423050899,0.083687779490219077,1,0,1,0,0.0010303967027305513,0,nan,nan,nan,nan,nan,nan,0,0,0,0,0,nan,0.22617207624935601,-2.647965847498053e-05,4.0635908487856795e-05,0.0009758796497946761,0,0.021779214982062315
2029,45,22,0.77667829576482805,0.60322917511215779,1,1,1,0,1,2020,0.043526773481260911,0.062285819410070747,0.018759045928809837,0,0.10000000000000001,0.10000000000000001,0.10662039133115564,0,0,1,1,0.00099009900990099011,0,nan,nan,nan,nan,nan,nan,0,0,0,0,0,nan,0.22277227722772278,-5.5792879780622306e-05,6.1737503164219568e-05,0.00094244005242289297,0,0.036502227900217094
2029,45,22,0.77667829576482805,0.60322917511215779,-1,1,1,0,1,1941,0,0.048258334008972628,0.048258334008972628,0,0.050138863423050899,0.050138863423050899,0.083687779490219077,1,0,1,0,0.0010303967027305513,0,nan,nan,nan,nan,nan,nan,0,0,0,0,0,nan,0.22617207624935601,-2.647965847498053e-05,4.0635908487856795e-05,0.0009758796497946761,0,0.021779214982062315
2030,20,46,0.77682378297849264,0.6034551898010162,1,1,1,0,1,2020,0.043541256551317943,0.062286195146862081,0.018744938595544137,0,0.10000000000000001,0.10000000000000001,0.10661610180851308,0,0,1,1,0.00099009900990099011,0,nan,nan,nan,nan,nan,nan,0,0,0,0,0,nan,0.22326732673267327,-5.638903078905317e-05,6.2400895546129223e-05,0.00094552607095100703,0,0.036518962715871316
2030,20,46,0.77682378297849264,0.6034551898010162,-1,1,1,0,1,1939,0,0.048276415184081302,0.048276415184081302,0,0.050158510666862124,0.050158510666862124,0.083695106455021956,1,0,1,0,0.0010314595152140279,0,nan,nan,nan,nan,nan,nan,0,0,0,0,0,nan,0.2264053635894791,-2.6599640492108549e-05,4.259064501806447e-05,0.00097950506025084997,0,0.021795914901465659
2031,46,20,0.77682378297849264,0.6034551898010162,1,1,1,0,1,2020,0.043541256551317943,0.062286195146862081,0.018744938595544137,0,0.10000000000000001,0.10000000000000001,0.10661610180851308,0,0,1,1,0.00099009900990099011,0,nan,nan,nan,nan,nan,nan,0,0,0,0,0,nan,0.22326732673267327,-5.638903078905317e-05,6.2400895546129223e-05,0.00094552607095100703,0,0.036518962715871316
2031,46,20,0.77682378297849264,0.6034551898010162,-1,1,1,0,1,1939,0,0.048276415184081302,0.048276415184081302,0,0.050158510666862124,0.050158510666862124,0.083695106455021956,1,0,1,0,0.0010314595152140279,0,nan,nan,nan,nan,nan,nan,0,0,0,0,0,nan,0.2264053635894791,-2.6599640492108549e-05,4.259064501806447e-05,0.00097950506025084997,0,0.021795914901465659
2032,7,50,0.77690321581319266,0.60357860674088015,1,1,1,0,1,2018,0.043549165638426209,0.062286400433496307,0.018737234795070098,0,0.10000000000000001,0.10000000000000001,0.10661395072717564,0,0,1,1,0.00099108027750247768,0,nan,nan,nan,nan,nan,nan,0,0,0,0,0,nan,0.22249752229930625,-5.5532529687814074e-05,6.2763145313343358e-05,0.00094296559573447481,0,0.036528102245137084
2032,7,50,0.77690321581319266,0.60357860674088015,-1,1,1,0,1,1938,0,0.048286288539270417,0.048286288539270417,0,0.050169239525620031,0.050169239525620031,0.083699224746731277,1,0,1,0,0.0010319917440660474,0,nan,nan,nan,nan,nan,nan,0,0,0,0,0,nan,0.22549019607843138,-2.6646053367287981e-05,4.3658661180276566e-05,0.00097601808308718974,0,0.021805036862235148
2033,50,7,0.77690321581319266,0.60357860674088015,1,1,1,0,1,2018,0.043549165638426209,0.062286400433496307,0.018737234795070098,0,0.10000000000000001,0.10000000000000001,0.10661395072717564,0,0,1,1,0.00099108027750247768,0,nan,nan,nan,nan,nan,nan,0,0,0,0,0,nan,0.22249752229930625,-5.5532529687814074e-05,6.2763145313343358e-05,0.00094296559573447481,0,0.036528102245137084
2033,50,7,0.77690321581319266,0.60357860674088015,-1,1,1,0,1,1938,0,0.048286288539270417,0.048286288539270417,0,0.050169239525620031,0.050169239525620031,0.083699224746731277,1,0,1,0,0.0010319917440660474,0,nan,nan,nan,nan,nan,nan,0,0,0,0,0,nan,0.22549019607843138,-2.6646053367287981e-05,4.3658661180276566e-05,0.00097601808308718974,0,0.021805036862235148
2034,12,49,0.77776782093070462,0.60492278327529658,1,1,1,0,1,2018,0.04363516983989825,0.062288641440582895,0.018653471600684646,0,0.10000000000000001,0.10000000000000001,0.10659048702252988,0,0,1,1,0.00099108027750247768,0,nan,nan,nan,nan,nan,nan,0,0,0,0,0,nan,0.22398414271555997,-4.8088045290184747e-05,6.6708378447212328e-05,0.00095653792859236005,0,0.03663442101737005
2034,12,49,0.77776782093070462,0.60492278327529658,-1,1,1,0,1,1945,0,0.048393822662023731,0.048393822662023731,0,0.050286112471790712,0.050286112471790712,0.083992594969531653,1,0,1,0,0.0010282776349614395,0,nan,nan,nan,nan,nan,nan,0,0,0,0,0,nan,0.22776349614395888,-2.6403968184247548e-05,5.5319078493572607e-05,0.00098778881094742062,0,0.021904520924401046
2035,49,12,0.77776782093070462,0.60492278327529658,1,1,1,0,1,2018,0.04363516983989825,0.062288641440582895,0.018653471600684646,0,0.10000000000000001,0.10000000000000001,0.10659048702252988,0,0,1,1,0.00099108027750247768,0,nan,nan,nan,nan,nan,nan,0,0,0,0,0,nan,0.22398414271555997,-4.8088045290184747e-05,6.6708378447212328e-05,0.00095653792859236005,0,0.03663442101737005
2035,49,12,0.77776782093070462,0.60492278327529658,-1,1,1,0,1,1945,0,0.048393822662023731,0.048393822662023731,0,0.050286112471790712,0.050286112471790712,0.083992594969531653,1,0,1,0,0.0010282776349614395,0,nan,nan,nan,nan,nan,nan,0,0,0,0,0,nan,0.22776349614395888,-2.6403968184247548e-05,5.5319078493572607e-05,0.00098778881094742062,0,0.021904520924401046
2036,24,44,0.77798176821092502,0.60525563166859742,1,1,1,0,1,2017,0.043656442432347904,0.062289197823283529,0.018632755390935625,0,0.10000000000000001,0.10000000000000001,0.10658472694824235,0,0,1,1,0.00099157164105106587,0,nan,nan,nan,nan,nan,nan,0,0,0,0,0,nan,0.2240951908775409,-4.8367028667698972e-05,6.7685222040554834e-05,0.00095649851984222164,0,0.036661527446675786
2036,24,44,0.77798176821092502,0.60525563166859742,-1,1,1,0,1,1949,0,0.048420450533487792,0.048420450533487792,0,0.050315057051127494,0.050315057051127494,0.084137890523330636,1,0,1,0,0.001026167265264238,0,nan,nan,nan,nan,nan,nan,0,0,0,0,0,nan,0.22832221652129298,-2.6162708993141687e-05,5.8214464534305996e-05,0.00098665408039024828,0,0.021929192206552796
2037,44,24,0.77798176821092502,0.60525563166859742,1,1,1,0,1,2017,0.043656442432347904,0.062289197823283529,0.018632755390935625,0,0.10000000000000001,0.10000000000000001,0.10658472694824235,0,0,1,1,0.00099157164105106587,0,nan,nan,nan,nan,nan,nan,0,0,0,0,0,nan,0.2240951908775409,-4.8367028667698972e-05,6.7685222040554834e-05,0.00095649851984222164,0,0.036661527446675786
2037,44,24,0.77798176821092502,0.60525563166859742,-1,1,1,0,1,1949,0,0.048420450533487792,0.048420450533487792,0,0.050315057051127494,0.050315057051127494,0.084137890523330636,1,0,1,0,0.001026167265264238,0,nan,nan,nan,nan,nan,nan,0,0,0,0,0,nan,0.22832221652129298,-2.6162708993141687e-05,5.8214464534305996e-05,0.00098665408039024828,0,0.021929192206552796
2038,30,40,0.77834945170255554,0.60582786896566876,1,1,1,0,1,2018,0.043693034463437405,0.062290155716070016,0.01859712125263261,0,0.10000000000000001,0.10000000000000001,0.10657514189800324,0,0,1,1,0.00099108027750247768,0,nan,nan,nan,nan,nan,nan,0,0,0,0,0,nan,0.22497522299306244,-4.6005860168781693e-05,6.9364496873633094e-05,0.00096419747831291063,0,0.036708170449976291
2038,30,40,0.77834945170255554,0.60582786896566876,-1,1,1,0,1,1954,0,0.048466229517253503,0.048466229517253503,0,0.05036482203609912,0.05036482203609912,0.08429055255021578,1,0,1,0,0.0010235414534288639,0,nan,nan,nan,nan,nan,nan,0,0,0,0,0,nan,0.22876151484135107,-2.5607021229077064e-05,5.7106202468858863e-05,0.00099259832742993551,0,0.021971641067995425
2039,40,30,0.77834945170255554,0.60582786896566876,1,1,1,0,1,2018,0.043693034463437405,0.062290155716070016,0.01859712125263261,0,0.10000000000000001,0.10000000000000001,0.10657514189800324,0,0,1,1,0.00099108027750247768,0,nan,nan,nan,nan,nan,nan,0,0,0,0,0,nan,0.22497522299306244,-4.6005860168781693e-05,6.9364496873633094e-05,0.00096419747831291063,0,0.036708170449976291
2039,40,30,0.77834945170255554,0.60582786896566876,-1,1,1,0,1,1954,0,0.048466229517253503,0.048466229517253503,0,0.05036482203609912,0.05036482203609912,0.08429055255021578,1,0,1,0,0.0010235414534288639,0,nan,nan,nan,nan,nan,nan,0,0,0,0,0,nan,0.22876151484135107,-2.5607021229077064e-05,5.7106202468858863e-05,0.00099259832742993551,0,0.021971641067995425
2040,18,47,0.77842725071950558,0.60594898466272806,1,1,1,0,1,2018,0.043700780150577732,0.062290358676065978,0.018589578525488246,0,0.10000000000000001,0.10000000000000001,0.10657340227138845,0,0,1,1,0.00099108027750247768,0,nan,nan,nan,nan,nan,nan,0,0,0,0,0,nan,0.22497522299306244,-4.5121651992820373e-05,6.9719896011715549e-05,0.00096588117978820259,0,0.036718049314782938
2040,18,47,0.77842725071950558,0.60594898466272806,-1,1,1,0,1,1953,0,0.048475918773018246,0.048475918773018246,0,0.050375356293385423,0.050375356293385423,0.084293856536433037,1,0,1,0,0.0010240655401945725,0,nan,nan,nan,nan,nan,nan,0,0,0,0,0,nan,0.22836661546338966,-2.5836386326535433e-05,5.8133559709195801e-05,0.00099446692510416802,0,0.021980631442432924
2041,47,18,0.77842725071950558,0.60594898466272806,1,1,1,0,1,2018,0.043700780150577732,0.062290358676065978,0.018589578525488246,0,0.10000000000000001,0.10000000000000001,0.10657340227138845,0,0,1,1,0.00099108027750247768,0,nan,nan,nan,nan,nan,nan,0,0,0,0,0,nan,0.22497522299306244,-4.5121651992820373e-05,6.9719896011715549e-05,0.00096588117978820259,0,0.036718049314782938
2041,47,18,0.77842725071950558,0.60594898466272806,-1,1,1,0,1,1953,0,0.048475918773018246,0.048475918773018246,0,0.050375356293385423,0.050375356293385423,0.084293856536433037,1,0,1,0,0.0010240655401945725,0,nan,nan,nan,nan,nan,nan,0,0,0,0,0,nan,0.22836661546338966,-2.5836386326535433e-05,5.8133559709195801e-05,0.00099446692510416802,0,0.021980631442432924
2042,8,50,0.77929983415123361,0.60730823150814017,1,1,1,0,1,2016,0.043787771040882301,0.062292642457397074,0.018504871416514773,0,0.10000000000000001,0.10000000000000001,0.1065484725220525,0,0,1,1,0.00099206349206349201,0,nan,nan,nan,nan,nan,nan,0,0,0,0,0,nan,0.22619047619047619,-3.9668967533117508e-05,7.3707680693578873e-05,0.00097657294640956138,0,0.036829080582726492
2042,8,50,0.77929983415123361,0.60730823150814017,-1,1,1,0,1,1958,0,0.048584658520651205,0.048584658520651205,0,0.050493589240192524,0.050493589240192524,0.084602623544861366,1,0,1,0,0.0010214504596527069,0,nan,nan,nan,nan,nan,nan,0,0,0,0,0,nan,0.22880490296220635,-2.8349961908910593e-05,3.5892450354050968e-05,0.0010016985415156538,0,0.022081657544206948
2043,50,8,0.77929983415123361,0.60730823150814017,1,1,1,0,1,2016,0.043787771040882301,0.062292642457397074,0.018504871416514773,0,0.10000000000000001,0.10000000000000001,0.1065484725220525,0,0,1,1,0.00099206349206349201,0,nan,nan,nan,nan,nan,nan,0,0,0,0,0,nan,0.22619047619047619,-3.9668967533117508e-05,7.3707680693578873e-05,0.00097657294640956138,0,0.036829080582726492
2043,50,8,0.77929983415123361,0.60730823150814017,-1,1,1,0,1,1958,0,0.048584658520651205,0.048584658520651205,0,0.050493589240192524,0.050493589240192524,0.084602623544861366,1,0,1,0,0.0010214504596527069,0,nan,nan,nan,nan,nan,nan,0,0,0,0,0,nan,0.22880490296220635,-2.8349961908910593e-05,3.5892450354050968e-05,0.0010016985415156538,0,0.022081657544206948
2044,26,43,0.78071588156214844,0.60951728772336256,1,1,1,0,1,2013,0.043928786539429804,0.0622963814937499,0.018367594954320096,0,0.10000000000000001,0.10000000000000001,0.10649316754022181,0,0,1,1,0.00099354197714853452,0,nan,nan,nan,nan,nan,nan,0,0,0,0,0,nan,0.22851465474416294,-6.4294083601379622e-05,8.0184414068862168e-05,0.0009932115183696568,0,0.037010186093451962
2044,26,43,0.78071588156214844,0.60951728772336256,-1,1,1,0,1,1966,0,0.048761383017868996,0.048761383017868996,0,0.050685804753686697,0.050685804753686697,0.084933951519430895,1,0,1,0,0.001017293997965412,0,nan,nan,nan,nan,nan,nan,0,0,0,0,0,nan,0.22939979654120041,-3.4944570409129946e-05,5.5303315212907461e-05,0.0010121786676531254,0,0.022246367494858258
2045,43,26,0.78071588156214844,0.60951728772336256,1,1,1,0,1,2013,0.043928786539429804,0.0622963814937499,0.018367594954320096,0,0.10000000000000001,0.10000000000000001,0.10649316754022181,0,0,1,1,0.00099354197714853452,0,nan,nan,nan,nan,nan,nan,0,0,0,0,0,nan,0.22851465474416294,-6.4294083601379622e-05,8.0184414068862168e-05,0.0009932115183696568,0,0.037010186093451962
2045,43,26,0.78071588156214844,0.60951728772336256,-1,1,1,0,1,1966,0,0.048761383017868996,0.048761383017868996,0,0.050685804753686697,0.050685804753686697,0.084933951519430895,1,0,1,0,0.001017293997965412,0,nan,nan,nan,nan,nan,nan,0,0,0,0,0,nan,0.22939979654120041,-3.4944570409129946e-05,5.5303315212907461e-05,0.0010121786676531254,0,0.022246367494858258
2046,29,41,0.78133797472670841,0.61048903075003436,1,1,1,0,1,2013,0.043990897042319198,0.062298034311265807,0.018307137268946609,0,0.10000000000000001,0.10000000000000001,0.10647530990169944,0,0,1,1,0.00099354197714853452,0,nan,nan,nan,nan,nan,nan,0,0,0,0,0,nan,0.23149528067560854,-6.7154936585597097e-05,8.3031179376868297e-05,0.0010026651699765541,0,0.03708748181854099
2046,29,41,0.78133797472670841,0.61048903075003436,-1,1,1,0,1,1970,0,0.048839122460002764,0.048839122460002764,0,0.050770381849333773,0.050770381849333773,0.085088605188351069,1,0,1,0,0.0010152284263959391,0,nan,nan,nan,nan,nan,nan,0,0,0,0,0,nan,0.22893401015228426,-3.8262012571663173e-05,5.7421793672888903e-05,0.0010185653411982889,0,0.022319025780091373
2047,41,29,0.78133797472670841,0.61048903075003436,1,1,1,0,1,2013,0.043990897042319198,0.062298034311265807,0.018307137268946609,0,0.10000000000000001,0.10000000000000001,0.10647530990169944,0,0,1,1,0.00099354197714853452,0,nan,nan,nan,nan,nan,nan,0,0,0,0,0,nan,0.23149528067560854,-6.7154936585597097e-05,8.3031179376868297e-05,0.0010026651699765541,0,0.03708748181854099
2047,41,29,0.78133797472670841,0.61048903075003436,-1,1,1,0,1,1970,0,0.048839122460002764,0.048839122460002764,0,0.050770381849333773,0.050770381849333773,0.085088605188351069,1,0,1,0,0.0010152284263959391,0,nan,nan,nan,nan,nan,nan,0,0,0,0,0,nan,0.22893401015228426,-3.8262012571663173e-05,5.7421793672888903e-05,0.0010185653411982889,0,0.022319025780091373
2048,16,48,0.7814882511424639,0.6107238866737067,1,1,1,0,1,2013,0.044005856469682442,0.062298434509915457,0.018292578040233015,0,0.10000000000000001,0.10000000000000001,0.10647104208713221,0,0,1,1,0.00099354197714853452,0,nan,nan,nan,nan,nan,nan,0,0,0,0,0,nan,0.23149528067560854,-6.5462154244893406e-05,8.3718946329284886e-05,0.00100620485001316,0,0.037106150634254861
2048,16,48,0.7814882511424639,0.6107238866737067,-1,1,1,0,1,1974,0,0.048857910933896534,0.048857910933896534,0,0.050790826463409364,0.050790826463409364,0.085228152904281457,1,0,1,0,0.0010131712259371835,0,nan,nan,nan,nan,nan,nan,0,0,0,0,0,nan,0.23049645390070922,-3.8789587958921144e-05,5.9439538561850171e-05,0.0010221479734189643,0,0.022336605749693737
2049,48,16,0.7814882511424639,0.6107238866737067,1,1,1,0,1,2013,0.044005856469682442,0.062298434509915457,0.018292578040233015,0,0.10000000000000001,0.10000000000000001,0.10647104208713221,0,0,1,1,0.00099354197714853452,0,nan,nan,nan,nan,nan,nan,0,0,0,0,0,nan,0.23149528067560854,-6.5462154244893406e-05,8.3718946329284886e-05,0.00100620485001316,0,0.037106150634254861
2049,48,16,0.7814882511424639,0.6107238866737067,-1,1,1,0,1,1974,0,0.048857910933896534,0.048857910933896534,0,0.050790826463409364,0.050790826463409364,0.085228152904281457,1,0,1,0,0.0010131712259371835,0,nan,nan,nan,nan,nan,nan,0,0,0,0,0,nan,0.23049645390070922,-3.8789587958921144e-05,5.9439538561850171e-05,0.0010221479734189643,0,0.022336605749693737
2050,13,49,0.78173717615949945,0.61111301258982831,1,1,1,0,1,2012,0.04403064538379186,0.062299098218530587,0.018268452834738727,0,0.10000000000000002,0.10000000000000002,0.10646397433120677,0,0,1,1,0.00099403578528827028,0,nan,nan,nan,nan,nan,nan,0,0,0,0,0,nan,0.23210735586481113,-6.4382707447318589e-05,8.4858251447950291e-05,0.0010072805643480175,0,0.037137098413768735
2050,13,49,0.78173717615949945,0.61111301258982831,-1,1,1,0,1,1971,0,0.048889041007186267,0.048889041007186267,0,0.050824699850921196,0.050824699850921196,0.085237396452145259,1,0,1,0,0.0010147133434804667,0,nan,nan,nan,nan,nan,nan,0,0,0,0,0,nan,0.22932521562658548,-3.9483616142099026e-05,6.2786076126107593e-05,0.0010224691364999735,0,0.022365748052830318
2051,49,13,0.78173717615949945,0.61111301258982831,1,1,1,0,1,2012,0.04403064538379186,0.062299098218530587,0.018268452834738727,0,0.10000000000000002,0.10000000000000002,0.10646397433120677,0,0,1,1,0.00099403578528827028,0,nan,nan,nan,nan,nan,nan,0,0,0,0,0,nan,0.23210735586481113,-6.4382707447318589e-05,8.4858251447950291e-05,0.0010072805643480175,0,0.037137098413768735
2051,49,13,0.78173717615949945,0.61111301258982831,-1,1,1,0,1,1971,0,0.048889041007186267,0.048889041007186267,0,0.050824699850921196,0.050824699850921196,0.085237396452145259,1,0,1,0,0.0010147133434804667,0,nan,nan,nan,nan,nan,nan,0,0,0,0,0,nan,0.22932521562658548,-3.9483616142099026e-05,6.2786076126107593e-05,0.0010224691364999735,0,0.022365748052830318
2052,9,50,0.78200532497774045,0.61153232829354143,1,1,1,0,1,2012,0.044057371434235396,0.062299814300881565,0.018242442866646169,0,0.10000000000000001,0.10000000000000001,0.10645671359199402,0,0,1,1,0.00099403578528827028,0,nan,nan,nan,nan,nan,nan,0,0,0,0,0,nan,0.23310139165009941,-6.4469580866120119e-05,8.6085601994635198e-05,0.0010137546736274916,0,0.037170469655442476
2052,9,50,0.78200532497774045,0.61153232829354143,-1,1,1,0,1,1976,0,0.048922586263483323,0.048922586263483323,0,0.050861205457656981,0.050861205457656981,0.085382541539218038,1,0,1,0,0.0010121457489878543,0,nan,nan,nan,nan,nan,nan,0,0,0,0,0,nan,0.229251012145749,-4.0013573103360109e-05,6.0846679257747956e-05,0.0010275165140743569,0,0.022397174648562453
2053,50,9,0.78200532497774045,0.61153232829354143,1,1,1,0,1,2012,0.044057371434235396,0.062299814300881565,0.018242442866646169,0,0.10000000000000001,0.10000000000000001,0.10645671359199402,0,0,1,1,0.00099403578528827028,0,nan,nan,nan,nan,nan,nan,0,0,0,0,0,nan,0.23310139165009941,-6.4469580866120119e-05,8.6085601994635198e-05,0.0010137546736274916,0,0.037170469655442476
2053,50,9,0.78200532497774045,0.61153232829354143,-1,1,1,0,1,1976,0,0.048922586263483323,0.048922586263483323,0,0.050861205457656981,0.050861205457656981,0.085382541539218038,1,0,1,0,0.0010121457489878543,0,nan,nan,nan,nan,nan,nan,0,0,0,0,0,nan,0.229251012145749,-4.0013573103360109e-05,6.0846679257747956e-05,0.0010275165140743569,0,0.022397174648562453
2054,35,36,0.78231030584309025,0.61200941462830949,1,1,1,0,1,2011,0.044087786163325461,0.062300630151140929,0.018212843987815468,0,0.10000000000000001,0.10000000000000001,0.10644824625578986,0,0,1,1,0.0009945300845350571,0,nan,nan,nan,nan,nan,nan,0,0,0,0,0,nan,0.23371456986573844,-6.5851277609589413e-05,8.7481586434674623e-05,0.0010162466187806822,0,0.037208467070829712
2054,35,36,0.78231030584309025,0.61200941462830949,-1,1,1,0,1,1980,0,0.048960753170264763,0.048960753170264763,0,0.050902741731893859,0.050902741731893859,0.08552946350826969,1,0,1,0,0.0010101010101010101,0,nan,nan,nan,nan,nan,nan,0,0,0,0,0,nan,0.2292929292929293,-4.038225154074683e-05,4.644715251436813e-05,0.0010283092826981145,0,0.022432958035533333
2055,36,35,0.78231030584309025,0.61200941462830949,1,1,1,0,1,2011,0.044087786163325461,0.062300630151140929,0.018212843987815468,0,0.10000000000000001,0.10000000000000001,0.10644824625578986,0,0,1,1,0.0009945300845350571,0,nan,nan,nan,nan,nan,nan,0,0,0,0,0,nan,0.23371456986573844,-6.5851277609589413e-05,8.7481586434674623e-05,0.0010162466187806822,0,0.037208467070829712
2055,36,35,0.78231030584309025,0.61200941462830949,-1,1,1,0,1,1980,0,0.048960753170264763,0.048960753170264763,0,0.050902741731893859,0.050902741731893859,0.08552946350826969,1,0,1,0,0.0010101010101010101,0,nan,nan,nan,nan,nan,nan,0,0,0,0,0,nan,0.2292929292929293,-4.038225154074683e-05,4.644715251436813e-05,0.0010283092826981145,0,0.022432958035533333
2056,34,37,0.78284977671986411,0.61285377291034104,1,1,1,0,1,2010,0.044141647051140147,0.062302076957316224,0.018160429906176077,0,0.10000000000000001,0.10000000000000001,0.10643286161940238,0,0,1,1,0.00099502487562189048,0,nan,nan,nan,nan,nan,nan,0,0,0,0,0,nan,0.23532338308457712,-6.4546789143007412e-05,8.9950931179685542e-05,0.0010250045875129694,0,0.037275790874453055
2056,34,37,0.78284977671986411,0.61285377291034104,-1,1,1,0,1,1982,0,0.049028301832827283,0.049028301832827283,0,0.050976265283989887,0.050976265283989887,0.085685539474491507,1,0,1,0,0.0010090817356205853,0,nan,nan,nan,nan,nan,nan,0,0,0,0,0,nan,0.23057517658930374,-4.0528815348981652e-05,3.9041085125982727e-05,0.00103460736404978,0,0.022496363867013515
2057,37,34,0.78284977671986411,0.61285377291034104,1,1,1,0,1,2010,0.044141647051140147,0.062302076957316224,0.018160429906176077,0,0.10000000000000001,0.10000000000000001,0.10643286161940238,0,0,1,1,0.00099502487562189048,0,nan,nan,nan,nan,nan,nan,0,0,0,0,0,nan,0.23532338308457712,-6.4546789143007412e-05,8.9950931179685542e-05,0.0010250045875129694,0,0.037275790874453055
2057,37,34,0.78284977671986411,0.61285377291034104,-1,1,1,0,1,1982,0,0.049028301832827283,0.049028301832827283,0,0.050976265283989887,0.050976265283989887,0.085685539474491507,1,0,1,0,0.0010090817356205853,0,nan,nan,nan,nan,nan,nan,0,0,0,0,0,nan,0.23057517658930374,-4.0528815348981652e-05,3.9041085125982727e-05,0.00103460736404978,0,0.022496363867013515
2058,21,46,0.78325980156602426,0.61349591674924775,1,1,1,0,1,2011,0.044182633719103949,0.062303179744894355,0.018120546025790406,0,0.10000000000000001,0.10000000000000001,0.10642187348709195,0,0,1,1,0.0009945300845350571,0,nan,nan,nan,nan,nan,nan,0,0,0,0,0,nan,0.23719542516161113,-6.2135255216129101e-05,9.1827691452057124e-05,0.0010349215939821404,0,0.037327056380931117
2058,21,46,0.78325980156602426,0.61349591674924775,-1,1,1,0,1,1987,0,0.049079673339939817,0.049079673339939817,0,0.051032187329979661,0.051032187329979661,0.085837104017473603,1,0,1,0,0.0010065425264217413,0,nan,nan,nan,nan,nan,nan,0,0,0,0,0,nan,0.23251132360342225,-4.0282092587803735e-05,4.4954063395621913e-05,0.0010420648721353031,0,0.022544647374542415
2059,46,21,0.78325980156602426,0.61349591674924775,1,1,1,0,1,2011,0.044182633719103949,0.062303179744894355,0.018120546025790406,0,0.10000000000000001,0.10000000000000001,0.10642187348709195,0,0,1,1,0.0009945300845350571,0,nan,nan,nan,nan,nan,nan,0,0,0,0,0,nan,0.23719542516161113,-6.2135255216129101e-05,9.1827691452057124e-05,0.0010349215939821404,0,0.037327056380931117
2059,46,21,0.78325980156602426,0.61349591674924775,-1,1,1,0,1,1987,0,0.049079673339939817,0.049079673339939817,0,0.051032187329979661,0.051032187329979661,0.085837104017473603,1,0,1,0,0.0010065425264217413,0,nan,nan,nan,nan,nan,nan,0,0,0,0,0,nan,0.23251132360342225,-4.0282092587803735e-05,4.4954063395621913e-05,0.0010420648721353031,0,0.022544647374542415
2060,0,51,0.78356080311698628,0.61396753218133648,1,1,1,0,1,2010,0.044212663123153952,0.062303991036149878,0.018091327912995926,0,0.10000000000000001,0.10000000000000001,0.10641455566235891,0,0,1,1,0.00099502487562189048,0,nan,nan,nan,nan,nan,nan,0,0,0,0,0,nan,0.2373134328358209,-6.1252279045372234e-05,9.3205344060878596e-05,0.0010377130533376063,0,0.037364743957203031
2060,0,51,0.78356080311698628,0.61396753218133648,-1,1,1,0,1,1989,0,0.049117402574506919,0.049117402574506919,0,0.051073264591510278,0.051073264591510278,0.085984591917179803,1,0,1,0,0.0010055304172951231,0,nan,nan,nan,nan,nan,nan,0,0,0,0,0,nan,0.23278029160382102,-3.993454388053104e-05,4.1909055721454924e-05,0.0010433605504453435,0,0.022580144500146202
2061,51,0,0.78356080311698628,0.61396753218133648,1,1,1,0,1,2010,0.044212663123153952,0.062303991036149878,0.018091327912995926,0,0.10000000000000001,0.10000000000000001,0.10641455566235891,0,0,1,1,0.00099502487562189048,0,nan,nan,nan,nan,nan,nan,0,0,0,0,0,nan,0.2373134328358209,-6.1252279045372234e-05,9.3205344060878596e-05,0.0010377130533376063,0,0.037364743957203031
2061,51,0,0.78356080311698628,0.61396753218133648,-1,1,1,0,1,1989,0,0.049117402574506919,0.049117402574506919,0,0.051073264591510278,0.051073264591510278,0.085984591917179803,1,0,1,0,0.0010055304172951231,0,nan,nan,nan,nan,nan,nan,0,0,0,0,0,nan,0.23278029160382102,-3.993454388053104e-05,4.1909055721454924e-05,0.0010433605504453435,0,0.022580144500146202
2062,23,45,0.78371543490626261,0.61420988291031231,1,1,1,0,1,2010,0.044228081604938831,0.062304408385461411,0.018076326780522581,0,0.10000000000000001,0.10000000000000001,0.10641074246963005,0,0,1,1,0.00099502487562189048,0,nan,nan,nan,nan,nan,nan,0,0,0,0,0,nan,0.2373134328358209,-5.9473081909286636e-05,9.391303673750729e-05,0.0010416496763267526,0,0.037384122628830757
2062,23,45,0.78371543490626261,0.61420988291031231,-1,1,1,0,1,1993,0,0.049136790632824986,0.049136790632824986,0,0.051094372794220161,0.051094372794220161,0.086126733785057294,1,0,1,0,0.0010035122930255895,0,nan,nan,nan,nan,nan,nan,0,0,0,0,0,nan,0.23432012042147515,-3.9706675667508518e-05,4.4035837813507367e-05,0.001046272537550796,0,0.022598396022351933
2063,45,23,0.78371543490626261,0.61420988291031231,1,1,1,0,1,2010,0.044228081604938831,0.062304408385461411,0.018076326780522581,0,0.10000000000000001,0.10000000000000001,0.10641074246963005,0,0,1,1,0.00099502487562189048,0,nan,nan,nan,nan,nan,nan,0,0,0,0,0,nan,0.2373134328358209,-5.9473081909286636e-05,9.391303673750729e-05,0.0010416496763267526,0,0.037384122628830757
2063,45,23,0.78371543490626261,0.61420988291031231,-1,1,1,0,1,1993,0,0.049136790632824986,0.049136790632824986,0,0.051094372794220161,0.051094372794220161,0.086126733785057294,1,0,1,0,0.0010035122930255895,0,nan,nan,nan,nan,nan,nan,0,0,0,0,0,nan,0.23432012042147515,-3.9706675667508518e-05,4.4035837813507367e-05,0.001046272537550796,0,0.022598396022351933
2064,1,51,0.78371981801280355,0.61421675314602187,1,1,1,0,1,2010,0.044228518710896059,0.062304420221045979,0.018075901510149921,0,0.10000000000000001,0.10000000000000001,0.10641064484754797,0,0,1,1,0.00099502487562189048,0,nan,nan,nan,nan,nan,nan,0,0,0,0,0,nan,0.2373134328358209,-5.9422623886809349e-05,9.3933096132402423e-05,0.0010417586641303378,0,0.037384672101060189
2064,1,51,0.78371981801280355,0.61421675314602187,-1,1,1,0,1,1993,0,0.049137340251681753,0.049137340251681753,0,0.051094971171359048,0.051094971171359048,0.086126897460267388,1,0,1,0,0.0010035122930255895,0,nan,nan,nan,nan,nan,nan,0,0,0,0,0,nan,0.23432012042147515,-3.9699753755054711e-05,4.4096152948827627e-05,0.0010463587882073269,0,0.022598913525048715
2065,51,1,0.78371981801280355,0.61421675314602187,1,1,1,0,1,2010,0.044228518710896059,0.062304420221045979,0.018075901510149921,0,0.10000000000000001,0.10000000000000001,0.10641064484754797,0,0,1,1,0.00099502487562189048,0,nan,nan,nan,nan,nan,nan,0,0,0,0,0,nan,0.2373134328358209,-5.9422623886809349e-05,9.3933096132402423e-05,0.0010417586641303378,0,0.037384672101060189
2065,51,1,0.78371981801280355,0.61421675314602187,-1,1,1,0,1,1993,0,0.049137340251681753,0.049137340251681753,0,0.051094971171359048,0.051094971171359048,0.086126897460267388,1,0,1,0,0.0010035122930255895,0,nan,nan,nan,nan,nan,nan,0,0,0,0,0,nan,0.23432012042147515,-3.9699753755054711e-05,4.4096152948827627e-05,0.0010463587882073269,0,0.022598913525048715
2066,33,38,0.78392747052429423,0.61454227904261827,1,1,1,0,1,2009,0.044249233442019614,0.062304981295481399,0.018055747853461784,0,0.10000000000000001,0.10000000000000001,0.10640545396480089,0,0,1,1,0.00099552015928322545,0,nan,nan,nan,nan,nan,nan,0,0,0,0,0,nan,0.23743155798904927,-5.9521716775980463e-05,9.4883390188572024e-05,0.0010421826498406854,0,0.03741071480175448
2066,33,38,0.78392747052429423,0.61454227904261827,-1,1,1,0,1,1993,0,0.049163382323409471,0.049163382323409471,0,0.051123327487489344,0.051123327487489344,0.086134703956860043,1,0,1,0,0.0010035122930255895,0,nan,nan,nan,nan,nan,nan,0,0,0,0,0,nan,0.23381836427496236,-3.9343725488471225e-05,4.6955552551643763e-05,0.0010449282279730804,0,0.022623442853234588
2067,38,33,0.78392747052429423,0.61454227904261827,1,1,1,0,1,2009,0.044249233442019614,0.062304981295481399,0.018055747853461784,0,0.10000000000000001,0.10000000000000001,0.10640545396480089,0,0,1,1,0.00099552015928322545,0,nan,nan,nan,nan,nan,nan,0,0,0,0,0,nan,0.23743155798904927,-5.9521716775980463e-05,9.4883390188572024e-05,0.0010421826498406854,0,0.03741071480175448
2067,38,33,0.78392747052429423,0.61454227904261827,-1,1,1,0,1,1993,0,0.049163382323409471,0.049163382323409471,0,0.051123327487489344,0.051123327487489344,0.086134703956860043,1,0,1,0,0.0010035122930255895,0,nan,nan,nan,nan,nan,nan,0,0,0,0,0,nan,0.23381836427496236,-3.9343725488471225e-05,4.6955552551643763e-05,0.0010449282279730804,0,0.022623442853234588
2068,2,51,0.78419662963378578,0.61496435392898896,1,1,1,0,1,2009,0.044276102922333069,0.062305709597746242,0.018029606675413173,0,0.10000000000000001,0.10000000000000001,0.10639471281775523,0,0,1,1,0.00099552015928322545,0,nan,nan,nan,nan,nan,nan,0,0,0,0,0,nan,0.23792931806869089,-5.8798394229419605e-05,9.611505310606807e-05,0.0010491042266289883,0,0.037444503805478715
2068,2,51,0.78419662963378578,0.61496435392898896,-1,1,1,0,1,1995,0,0.049197148314319122,0.049197148314319122,0,0.051160094624340624,0.051160094624340624,0.086281176662227038,1,0,1,0,0.0010025062656641604,0,nan,nan,nan,nan,nan,nan,0,0,0,0,0,nan,0.23558897243107768,-3.8804345048683991e-05,5.066753667699788e-05,0.0010508565039494965,0,0.02265526718900655
2069,51,2,0.78419662963378578,0.61496435392898896,1,1,1,0,1,2009,0.044276102922333069,0.062305709597746242,0.018029606675413173,0,0.10000000000000001,0.10000000000000001,0.10639471281775523,0,0,1,1,0.00099552015928322545,0,nan,nan,nan,nan,nan,nan,0,0,0,0,0,nan,0.23792931806869089,-5.8798394229419605e-05,9.611505310606807e-05,0.0010491042266289883,0,0.037444503805478715
2069,51,2,0.78419662963378578,0.61496435392898896,-1,1,1,0,1,1995,0,0.049197148314319122,0.049197148314319122,0,0.051160094624340624,0.051160094624340624,0.086281176662227038,1,0,1,0,0.0010025062656641604,0,nan,nan,nan,nan,nan,nan,0,0,0,0,0,nan,0.23558897243107768,-3.8804345048683991e-05,5.066753667699788e-05,0.0010508565039494965,0,0.02265526718900655
2070,19,47,0.78424468244678103,0.61503972194605239,1,1,1,0,1,2009,0.044280901275627366,0.062305839744402292,0.018024938468774926,0,0.10000000000000001,0.10000000000000001,0.10639279654101662,0,0,1,1,0.00099552015928322545,0,nan,nan,nan,nan,nan,nan,0,0,0,0,0,nan,0.23792931806869089,-5.8243129410417635e-05,9.6334926711701303e-05,0.0010502830802237122,0,0.037450540006930363
2070,19,47,0.78424468244678103,0.61503972194605239,-1,1,1,0,1,1995,0,0.049203177755684183,0.049203177755684183,0,0.051166659859068715,0.051166659859068715,0.086282970457370614,1,0,1,0,0.0010025062656641604,0,nan,nan,nan,nan,nan,nan,0,0,0,0,0,nan,0.23558897243107768,-3.8699280700629952e-05,5.1330904185999983e-05,0.0010517775455731733,0,0.02266095216726734
2071,47,19,0.78424468244678103,0.61503972194605239,1,1,1,0,1,2009,0.044280901275627366,0.062305839744402292,0.018024938468774926,0,0.10000000000000001,0.10000000000000001,0.10639279654101662,0,0,1,1,0.00099552015928322545,0,nan,nan,nan,nan,nan,nan,0,0,0,0,0,nan,0.23792931806869089,-5.8243129410417635e-05,9.6334926711701303e-05,0.0010502830802237122,0,0.037450540006930363
2071,47,19,0.78424468244678103,0.61503972194605239,-1,1,1,0,1,1995,0,0.049203177755684183,0.049203177755684183,0,0.051166659859068715,0.051166659859068715,0.086282970457370614,1,0,1,0,0.0010025062656641604,0,nan,nan,nan,nan,nan,nan,0,0,0,0,0,nan,0.23558897243107768,-3.8699280700629952e-05,5.1330904185999983e-05,0.0010517775455731733,0,0.02266095216726734
2072,28,42,0.78485344474492069,0.61599492972796832,1,1,1,0,1,2009,0.044341744003909667,0.062307491757222874,0.017965747753313208,0,0.10000000000000001,0.10000000000000001,0.10636864835897185,0,0,1,1,0.00099552015928322545,0,nan,nan,nan,nan,nan,nan,0,0,0,0,0,nan,0.23892483822797411,-5.6087682073906707e-05,9.9119965317019838e-05,0.0010593298496338387,0,0.037527112541342889
2072,28,42,0.78485344474492069,0.61599492972796832,-1,1,1,0,1,2003,0,0.049279594378237465,0.049279594378237465,0,0.05124988289026805,0.05124988289026805,0.086442283432645373,1,0,1,0,0.00099850224663005499,0,nan,nan,nan,nan,nan,nan,0,0,0,0,0,nan,0.23664503245132301,-3.715755838237713e-05,5.9752420108903116e-05,0.0010562581952981481,0,0.022733073023409777
2073,42,28,0.78485344474492069,0.61599492972796832,1,1,1,0,1,2009,0.044341744003909667,0.062307491757222874,0.017965747753313208,0,0.10000000000000001,0.10000000000000001,0.10636864835897185,0,0,1,1,0.00099552015928322545,0,nan,nan,nan,nan,nan,nan,0,0,0,0,0,nan,0.23892483822797411,-5.6087682073906707e-05,9.9119965317019838e-05,0.0010593298496338387,0,0.037527112541342889
2073,42,28,0.78485344474492069,0.61599492972796832,-1,1,1,0,1,2003,0,0.049279594378237465,0.049279594378237465,0,0.05124988289026805,0.05124988289026805,0.086442283432645373,1,0,1,0,0.00099850224663005499,0,nan,nan,nan,nan,nan,nan,0,0,0,0,0,nan,0.23664503245132301,-3.715755838237713e-05,5.9752420108903116e-05,0.0010562581952981481,0,0.022733073023409777
2074,3,51,0.78499054020570802,0.61621014821244924,1,1,1,0,1,2007,0.044355458934560658,0.062307864624283386,0.017952405689722728,0,0.10000000000000001,0.10000000000000001,0.1063643502891761,0,0,1,1,0.00099651220727453907,0,nan,nan,nan,nan,nan,nan,0,0,0,0,0,nan,0.23866467364225211,-5.7235392267877133e-05,9.9747033136101358e-05,0.0010581630826700303,0,0.037544383262013224
2074,3,51,0.78499054020570802,0.61621014821244924,-1,1,1,0,1,1999,0,0.049296811856995942,0.049296811856995942,0,0.051268636123860588,0.051268636123860588,0.086450369664591978,1,0,1,0,0.0010005002501250625,0,nan,nan,nan,nan,nan,nan,0,0,0,0,0,nan,0.2351175587793897,-3.6760190079030038e-05,5.5500030341512283e-05,0.0010552844114472076,0,0.022749339440821425
2075,51,3,0.78499054020570802,0.61621014821244924,1,1,1,0,1,2007,0.044355458934560658,0.062307864624283386,0.017952405689722728,0,0.10000000000000001,0.10000000000000001,0.1063643502891761,0,0,1,1,0.00099651220727453907,0,nan,nan,nan,nan,nan,nan,0,0,0,0,0,nan,0.23866467364225211,-5.7235392267877133e-05,9.9747033136101358e-05,0.0010581630826700303,0,0.037544383262013224
2075,51,3,0.78499054020570802,0.61621014821244924,-1,1,1,0,1,1999,0,0.049296811856995942,0.049296811856995942,0,0.051268636123860588,0.051268636123860588,0.086450369664591978,1,0,1,0,0.0010005002501250625,0,nan,nan,nan,nan,nan,nan,0,0,0,0,0,nan,0.2351175587793897,-3.6760190079030038e-05,5.5500030341512283e-05,0.0010552844114472076,0,0.022749339440821425
2076,10,50,0.78501582427592398,0.6162498443636083,1,1,1,0,1,2007,0.044357989287754418,0.062307933424195029,0.017949944136440611,0,0.10000000000000001,0.10000000000000001,0.10636358251679093,0,0,1,1,0.00099651220727453907,0,nan,nan,nan,nan,nan,nan,0,0,0,0,0,nan,0.23866467364225211,-5.6952375438672209e-05,9.9862675220604297e-05,0.0010587477906941281,0,0.037547569507572716
2076,10,50,0.78501582427592398,0.6162498443636083,-1,1,1,0,1,1999,0,0.049299987549088667,0.049299987549088667,0,0.051272095050384894,0.051272095050384894,0.086451954874403103,1,0,1,0,0.0010005002501250625,0,nan,nan,nan,nan,nan,nan,0,0,0,0,0,nan,0.23461730865432717,-3.668502197158325e-05,5.5843545435104933e-05,0.0010557075620215017,0,0.022752340320881331
2077,50,10,0.78501582427592398,0.6162498443636083,1,1,1,0,1,2007,0.044357989287754418,0.062307933424195029,0.017949944136440611,0,0.10000000000000001,0.10000000000000001,0.10636358251679093,0,0,1,1,0.00099651220727453907,0,nan,nan,nan,nan,nan,nan,0,0,0,0,0,nan,0.23866467364225211,-5.6952375438672209e-05,9.9862675220604297e-05,0.0010587477906941281,0,0.037547569507572716
2077,50,10,0.78501582427592398,0.6162498443636083,-1,1,1,0,1,1999,0,0.049299987549088667,0.049299987549088667,0,0.051272095050384894,0.051272095050384894,0.086451954874403103,1,0,1,0,0.0010005002501250625,0,nan,nan,nan,nan,nan,nan,0,0,0,0,0,nan,0.23461730865432717,-3.668502197158325e-05,5.5843545435104933e-05,0.0010557075620215017,0,0.022752340320881331
2078,32,39,0.78554090422715372,0.61707451221401433,1,1,1,0,1,2006,0.044410481333468477,0.0623093662320931,0.017898884898624623,0,0.10000000000000001,0.10000000000000001,0.10634821204859898,0,0,1,1,0.00099700897308075765,0,nan,nan,nan,nan,nan,nan,0,0,0,0,0,nan,0.23928215353938184,-5.5863308725326299e-05,0.00010226377637571893,0.0010660081666078159,0,0.037613814185858505
2078,32,39,0.78554090422715372,0.61707451221401433,-1,1,1,0,1,2003,0,0.049365960977121141,0.049365960977121141,0,0.051343958672931539,0.051343958672931539,0.086593151880440547,1,0,1,0,0.00099850224663005499,0,nan,nan,nan,nan,nan,nan,0,0,0,0,0,nan,0.23414877683474788,-3.4998591226592483e-05,6.2989850571608212e-05,0.0010603600735664049,0,0.022814729674418631
2079,39,32,0.78554090422715372,0.61707451221401433,1,1,1,0,1,2006,0.044410481333468477,0.0623093662320931,0.017898884898624623,0,0.10000000000000001,0.10000000000000001,0.10634821204859898,0,0,1,1,0.00099700897308075765,0,nan,nan,nan,nan,nan,nan,0,0,0,0,0,nan,0.23928215353938184,-5.5863308725326299e-05,0.00010226377637571893,0.0010660081666078159,0,0.037613814185858505
2079,39,32,0.78554090422715372,0.61707451221401433,-1,1,1,0,1,2003,0,0.049365960977121141,0.049365960977121141,0,0.051343958672931539,0.051343958672931539,0.086593151880440547,1,0,1,0,0.00099850224663005499,0,nan,nan,nan,nan,nan,nan,0,0,0,0,0,nan,0.23414877683474788,-3.4998591226592483e-05,6.2989850571608212e-05,0.0010603600735664049,0,0.022814729674418631
2080,25,44,0.78559873632048116,0.61716537450833697,1,1,1,0,1,2007,0.044416254479620443,0.062309524459893913,0.01789326998027347,0,0.10000000000000001,0.10000000000000001,0.10634671281949745,0,0,1,1,0.00099651220727453907,0,nan,nan,nan,nan,nan,nan,0,0,0,0,0,nan,0.23966118584952667,-5.5213332006609842e-05,0.0001025281742075149,0.0010667940192615045,0,0.037621119162624783
2080,25,44,0.78559873632048116,0.61716537450833697,-1,1,1,0,1,2004,0,0.04937322996066696,0.04937322996066696,0,0.051351877004036713,0.051351877004036713,0.086595969094014694,1,0,1,0,0.00099800399201596798,0,nan,nan,nan,nan,nan,nan,0,0,0,0,0,nan,0.2345309381237525,-3.4798899374563486e-05,6.3778395021667732e-05,0.001060816557310221,0,0.022821609107190489
2081,44,25,0.78559873632048116,0.61716537450833697,1,1,1,0,1,2007,0.044416254479620443,0.062309524459893913,0.01789326998027347,0,0.10000000000000001,0.10000000000000001,0.10634671281949745,0,0,1,1,0.00099651220727453907,0,nan,nan,nan,nan,nan,nan,0,0,0,0,0,nan,0.23966118584952667,-5.5213332006609842e-05,0.0001025281742075149,0.0010667940192615045,0,0.037621119162624783
2081,44,25,0.78559873632048116,0.61716537450833697,-1,1,1,0,1,2004,0,0.04937322996066696,0.04937322996066696,0,0.051351877004036713,0.051351877004036713,0.086595969094014694,1,0,1,0,0.00099800399201596798,0,nan,nan,nan,nan,nan,nan,0,0,0,0,0,nan,0.2345309381237525,-3.4798899374563486e-05,6.3778395021667732e-05,0.001060816557310221,0,0.022821609107190489
2082,14,49,0.78599696159317956,0.6177912236337102,1,1,1,0,1,2008,0.044456023937971344,0.062310615474165207,0.017854591536193863,0,0.10000000000000001,0.10000000000000001,0.10633530310715182,0,0,1,1,0.00099601593625498006,0,nan,nan,nan,nan,nan,nan,0,0,0,0,0,nan,0.24103585657370519,-5.5547709836843359e-05,0.00010434843453040275,0.0010755900116145212,0,0.037671468268238251
2082,14,49,0.78599696159317956,0.6177912236337102,-1,1,1,0,1,2004,0,0.049423297890696813,0.049423297890696813,0,0.051406423662894218,0.051406423662894218,0.086617694474065171,1,0,1,0,0.00099800399201596798,0,nan,nan,nan,nan,nan,nan,0,0,0,0,0,nan,0.23303393213572854,-3.3354016626789551e-05,6.3513510750625238e-05,0.0010671169068326429,0,0.022869025094456409
2083,49,14,0.78599696159317956,0.6177912236337102,1,1,1,0,1,2008,0.044456023937971344,0.062310615474165207,0.017854591536193863,0,0.10000000000000001,0.10000000000000001,0.10633530310715182,0,0,1,1,0.00099601593625498006,0,nan,nan,nan,nan,nan,nan,0,0,0,0,0,nan,0.24103585657370519,-5.5547709836843359e-05,0.00010434843453040275,0.0010755900116145212,0,0.037671468268238251
2083,49,14,0.78599696159317956,0.6177912236337102,-1,1,1,0,1,2004,0,0.049423297890696813,0.049423297890696813,0,0.051406423662894218,0.051406423662894218,0.086617694474065171,1,0,1,0,0.00099800399201596798,0,nan,nan,nan,nan,nan,nan,0,0,0,0,0,nan,0.23303393213572854,-3.3354016626789551e-05,6.3513510750625238e-05,0.0010671169068326429,0,0.022869025094456409
2084,4,51,0.78610039150120625,0.61795382551834976,1,1,1,0,1,2006,0.044466361889204969,0.0623108992618331,0.01784453737262813,0,0.10000000000000001,0.10000000000000001,0.10633209021044193,0,0,1,1,0.00099700897308075765,0,nan,nan,nan,nan,nan,nan,0,0,0,0,0,nan,0.24027916251246262,-5.4381580638509543e-05,0.0001048210982710282,0.0010736224681488563,0,0.037684559031800513
2084,4,51,0.78610039150120625,0.61795382551834976,-1,1,1,0,1,2002,0,0.049436306041467981,0.049436306041467981,0,0.051420595838908706,0.051420595838908706,0.086622979721398194,1,0,1,0,0.000999000999000999,0,nan,nan,nan,nan,nan,nan,0,0,0,0,0,nan,0.23026973026973027,-3.295956928298354e-05,6.4910701511748485e-05,0.001064212256070989,0,0.022881352392005689
2085,51,4,0.78610039150120625,0.61795382551834976,1,1,1,0,1,2006,0.044466361889204969,0.0623108992618331,0.01784453737262813,0,0.10000000000000001,0.10000000000000001,0.10633209021044193,0,0,1,1,0.00099700897308075765,0,nan,nan,nan,nan,nan,nan,0,0,0,0,0,nan,0.24027916251246262,-5.4381580638509543e-05,0.0001048210982710282,0.0010736224681488563,0,0.037684559031800513
2085,51,4,0.78610039150120625,0.61795382551834976,-1,1,1,0,1,2002,0,0.049436306041467981,0.049436306041467981,0,0.051420595838908706,0.051420595838908706,0.086622979721398194,1,0,1,0,0.000999000999000999,0,nan,nan,nan,nan,nan,nan,0,0,0,0,0,nan,0.23026973026973027,-3.295956928298354e-05,6.4910701511748485e-05,0.001064212256070989,0,0.022881352392005689
2086,17,48,0.78667373951816755,0.61885557244749778,1,1,1,0,1,2005,0.044523709759375273,0.062312475550890305,0.017788765791515032,0,0.10000000000000001,0.10000000000000001,0.10631569566418597,0,0,1,1,0.00099750623441396502,0,nan,nan,nan,nan,nan,nan,0,0,0,0,0,nan,0.24139650872817955,-5.4661461083285387e-05,0.00010744034426137233,0.0010822569173727608,0,0.037757229310736634
2086,17,48,0.78667373951816755,0.61885557244749778,-1,1,1,0,1,2008,0,0.049508445795799827,0.049508445795799827,0,0.051499200555994766,0.051499200555994766,0.086905082955178903,1,0,1,0,0.00099601593625498006,0,nan,nan,nan,nan,nan,nan,0,0,0,0,0,nan,0.23057768924302788,-3.394765597071036e-05,3.3123555893135696e-05,0.0010727416459270125,0,0.022949781149416822
2087,48,17,0.78667373951816755,0.61885557244749778,1,1,1,0,1,2005,0.044523709759375273,0.062312475550890305,0.017788765791515032,0,0.10000000000000001,0.10000000000000001,0.10631569566418597,0,0,1,1,0.00099750623441396502,0,nan,nan,nan,nan,nan,nan,0,0,0,0,0,nan,0.24139650872817955,-5.4661461083285387e-05,0.00010744034426137233,0.0010822569173727608,0,0.037757229310736634
2087,48,17,0.78667373951816755,0.61885557244749778,-1,1,1,0,1,2008,0,0.049508445795799827,0.049508445795799827,0,0.051499200555994766,0.051499200555994766,0.086905082955178903,1,0,1,0,0.00099601593625498006,0,nan,nan,nan,nan,nan,nan,0,0,0,0,0,nan,0.23057768924302788,-3.394765597071036e-05,3.3123555893135696e-05,0.0010727416459270125,0,0.022949781149416822
2088,5,51,0.78752457186157065,0.62019495128575008,1,1,1,0,1,2005,0.04460887337603222,0.062314824580244094,0.017705951204211874,0,0.10000000000000001,0.10000000000000001,0.10629167632197503,0,0,1,1,0.00099750623441396502,0,nan,nan,nan,nan,nan,nan,0,0,0,0,0,nan,0.24339152119700749,-5.4719018098266757e-05,0.00011132402521424247,0.0010971623906810791,0,0.037865397654690408
2088,5,51,0.78752457186157065,0.62019495128575008,-1,1,1,0,1,2016,0,0.049615596102860003,0.049615596102860003,0,0.05161597967786466,0.05161597967786466,0.087203835766207702,1,0,1,0,0.00099206349206349201,0,nan,nan,nan,nan,nan,nan,0,0,0,0,0,nan,0.23363095238095238,-3.5810382544494181e-05,3.3606464141975115e-05,0.0010855902407619258,0,0.02305162011773481
2089,51,5,0.78752457186157065,0.62019495128575008,1,1,1,0,1,2005,0.04460887337603222,0.062314824580244094,0.017705951204211874,0,0.10000000000000001,0.10000000000000001,0.10629167632197503,0,0,1,1,0.00099750623441396502,0,nan,nan,nan,nan,nan,nan,0,0,0,0,0,nan,0.24339152119700749,-5.4719018098266757e-05,0.00011132402521424247,0.0010971623906810791,0,0.037865397654690408
2089,51,5,0.78752457186157065,0.62019495128575008,-1,1,1,0,1,2016,0,0.049615596102860003,0.049615596102860003,0,0.05161597967786466,0.05161597967786466,0.087203835766207702,1,0,1,0,0.00099206349206349201,0,nan,nan,nan,nan,nan,nan,0,0,0,0,0,nan,0.23363095238095238,-3.5810382544494181e-05,3.3606464141975115e-05,0.0010855902407619258,0,0.02305162011773481
2090,31,40,0.78768638514254863,0.62044984133893544,1,1,1,0,1,2004,0.044625045493794535,0.062315272658657675,0.01769022716486314,0,0.10000000000000001,0.10000000000000001,0.10628704068628592,0,0,1,1,0.00099800399201596798,0,nan,nan,nan,nan,nan,nan,0,0,0,0,0,nan,0.24301397205588823,-5.2813289756922094e-05,0.00011206213977145527,0.001096091507958699,0,0.037886014270406256
2090,31,40,0.78768638514254863,0.62044984133893544,-1,1,1,0,1,2016,0,0.04963598730711484,0.04963598730711484,0,0.051638205388519445,0.051638205388519445,0.087210058490954007,1,0,1,0,0.00099206349206349201,0,nan,nan,nan,nan,nan,nan,0,0,0,0,0,nan,0.23313492063492064,-3.5944019871214476e-05,3.599028508118312e-05,0.0010831985547933049,0,0.023071026861513706
2091,40,31,0.78768638514254863,0.62044984133893544,1,1,1,0,1,2004,0.044625045493794535,0.062315272658657675,0.01769022716486314,0,0.10000000000000001,0.10000000000000001,0.10628704068628592,0,0,1,1,0.00099800399201596798,0,nan,nan,nan,nan,nan,nan,0,0,0,0,0,nan,0.24301397205588823,-5.2813289756922094e-05,0.00011206213977145527,0.001096091507958699,0,0.037886014270406256
2091,40,31,0.78768638514254863,0.62044984133893544,-1,1,1,0,1,2016,0,0.04963598730711484,0.04963598730711484,0,0.051638205388519445,0.051638205388519445,0.087210058490954007,1,0,1,0,0.00099206349206349201,0,nan,nan,nan,nan,nan,nan,0,0,0,0,0,nan,0.23313492063492064,-3.5944019871214476e-05,3.599028508118312e-05,0.0010831985547933049,0,0.023071026861513706
2092,11,50,0.7883270920210943,0.6214596040144349,1,1,1,0,1,2003,0.044689145770697325,0.062317051036307192,0.017627905265609867,0,0.10000000000000001,0.10000000000000001,0.10626905395013042,0,0,1,1,0.00099850224663005499,0,nan,nan,nan,nan,nan,nan,0,0,0,0,0,nan,0.24463305042436345,-5.540660341145625e-05,0.00011498299157615931,0.0011068461402549612,0,0.037967789612095827
2092,11,50,0.7883270920210943,0.6214596040144349,-1,1,1,0,1,2022,0,0.049716768321154792,0.049716768321154792,0,0.051726268951674065,0.051726268951674065,0.087501991536312815,1,0,1,0,0.00098911968348170125,0,nan,nan,nan,nan,nan,nan,0,0,0,0,0,nan,0.23590504451038577,-3.5947839127148558e-05,4.5453365915865303e-05,0.0010922999677429994,0,0.023147995537960223
2093,50,11,0.7883270920210943,0.6214596040144349,1,1,1,0,1,2003,0.044689145770697325,0.062317051036307192,0.017627905265609867,0,0.10000000000000001,0.10000000000000001,0.10626905395013042,0,0,1,1,0.00099850224663005499,0,nan,nan,nan,nan,nan,nan,0,0,0,0,0,nan,0.24463305042436345,-5.540660341145625e-05,0.00011498299157615931,0.0011068461402549612,0,0.037967789612095827
2093,50,11,0.7883270920210943,0.6214596040144349,-1,1,1,0,1,2022,0,0.049716768321154792,0.049716768321154792,0,0.051726268951674065,0.051726268951674065,0.087501991536312815,1,0,1,0,0.00098911968348170125,0,nan,nan,nan,nan,nan,nan,0,0,0,0,0,nan,0.23590504451038577,-3.5947839127148558e-05,4.5453365915865303e-05,0.0010922999677429994,0,0.023147995537960223
2094,27,43,0.7888879475020617,0.62234419371401573,1,1,1,0,1,2002,0.044745342426563396,0.062318613271565466,0.01757327084500207,0,0.10000000000000001,0.10000000000000001,0.10625323728746079,0,0,1,1,0.000999000999000999,0,nan,nan,nan,nan,nan,nan,0,0,0,0,0,nan,0.24575424575424576,-5.6931568290811627e-05,0.00011753730943079872,0.0011158646481598789,0,0.038039562880085739
2094,27,43,0.7888879475020617,0.62234419371401573,-1,1,1,0,1,2026,0,0.049787535497121262,0.049787535497121262,0,0.051803428378373026,0.051803428378373026,0.087657245734990924,1,0,1,0,0.0009871668311944718,0,nan,nan,nan,nan,nan,nan,0,0,0,0,0,nan,0.23593287265547877,-3.5378984526345837e-05,4.6127393588347651e-05,0.0010982846160465451,0,0.023215533750160063
2095,43,27,0.7888879475020617,0.62234419371401573,1,1,1,0,1,2002,0.044745342426563396,0.062318613271565466,0.01757327084500207,0,0.10000000000000001,0.10000000000000001,0.10625323728746079,0,0,1,1,0.000999000999000999,0,nan,nan,nan,nan,nan,nan,0,0,0,0,0,nan,0.24575424575424576,-5.6931568290811627e-05,0.00011753730943079872,0.0011158646481598789,0,0.038039562880085739
2095,43,27,0.7888879475020617,0.62234419371401573,-1,1,1,0,1,2026,0,0.049787535497121262,0.049787535497121262,0,0.051803428378373026,0.051803428378373026,0.087657245734990924,1,0,1,0,0.0009871668311944718,0,nan,nan,nan,nan,nan,nan,0,0,0,0,0,nan,0.23593287265547877,-3.5378984526345837e-05,4.6127393588347651e-05,0.0010982846160465451,0,0.023215533750160063
2096,6,51,0.78926102588378488,0.62293296697912459,1,1,1,0,1,2001,0.044782756590673677,0.062319655307483859,0.017536898716810183,0,0.10000000000000001,0.10000000000000001,0.10624290183810357,0,0,1,1,0.00099950024987506244,0,nan,nan,nan,nan,nan,nan,0,0,0,0,0,nan,0.24687656171914044,-5.9741102549965355e-05,0.0001192349990911416,0.0011203218046797242,0,0.038087405536166914
2096,6,51,0.78926102588378488,0.62293296697912459,-1,1,1,0,1,2028,0,0.049834637358329964,0.049834637358329964,0,0.05185479149067198,0.05185479149067198,0.08780510906625219,1,0,1,0,0.00098619329388560163,0,nan,nan,nan,nan,nan,nan,0,0,0,0,0,nan,0.23717948717948717,-3.4756786327875579e-05,5.144584420745113e-05,0.0011016314844999142,0,0.023260543918696017
2097,51,6,0.78926102588378488,0.62293296697912459,1,1,1,0,1,2001,0.044782756590673677,0.062319655307483859,0.017536898716810183,0,0.10000000000000001,0.10000000000000001,0.10624290183810357,0,0,1,1,0.00099950024987506244,0,nan,nan,nan,nan,nan,nan,0,0,0,0,0,nan,0.24687656171914044,-5.9741102549965355e-05,0.0001192349990911416,0.0011203218046797242,0,0.038087405536166914
2097,51,6,0.78926102588378488,0.62293296697912459,-1,1,1,0,1,2028,0,0.049834637358329964,0.049834637358329964,0,0.05185479149067198,0.05185479149067198,0.08780510906625219,1,0,1,0,0.00098619329388560163,0,nan,nan,nan,nan,nan,nan,0,0,0,0,0,nan,0.23717948717948717,-3.4756786327875579e-05,5.144584420745113e-05,0.0011016314844999142,0,0.023260543918696017
2098,22,46,0.78994173457998196,0.62400794403123072,1,1,1,0,1,2001,0.044850871968384318,0.062321562438895334,0.017470690470511016,0,0.10000000000000001,0.10000000000000001,0.10622385447639397,0,0,1,1,0.00099950024987506244,0,nan,nan,nan,nan,nan,nan,0,0,0,0,0,nan,0.24937531234382809,-6.4645299116388236e-05,0.00012232932360830423,0.0011323698851302012,0,0.038174905685900026
2098,22,46,0.78994173457998196,0.62400794403123072,-1,1,1,0,1,2035,0,0.049920635522498459,0.049920635522498459,0,0.051948584531900807,0.051948584531900807,0.08809837662265349,1,0,1,0,0.00098280098280098278,0,nan,nan,nan,nan,nan,nan,0,0,0,0,0,nan,0.23931203931203932,-3.3198066035390605e-05,5.459923933780024e-05,0.0011105550851656617,0,0.023342842211130307
2099,46,22,0.78994173457998196,0.62400794403123072,1,1,1,0,1,2001,0.044850871968384318,0.062321562438895334,0.017470690470511016,0,0.10000000000000001,0.10000000000000001,0.10622385447639397,0,0,1,1,0.00099950024987506244,0,nan,nan,nan,nan,nan,nan,0,0,0,0,0,nan,0.24937531234382809,-6.4645299116388236e-05,0.00012232932360830423,0.0011323698851302012,0,0.038174905685900026
2099,46,22,0.78994173457998196,0.62400794403123072,-1,1,1,0,1,2035,0,0.049920635522498459,0.049920635522498459,0,0.051948584531900807,0.051948584531900807,0.08809837662265349,1,0,1,0,0.00098280098280098278,0,nan,nan,nan,nan,nan,nan,0,0,0,0,0,nan,0.23931203931203932,-3.3198066035390605e-05,5.459923933780024e-05,0.0011105550851656617,0,0.023342842211130307
2100,20,47,0.79032059710023772,0.62460664620087636,1,1,1,0,1,2000,0.044888831862647936,0.062322627174736606,0.017433795312088669,0,0.10000000000000001,0.10000000000000001,0.10621324282845808,0,0,1,1,0.001,0,nan,nan,nan,nan,nan,nan,0,0,0,0,0,nan,0.251,-7.0082209296848039e-05,0.00012404957740027624,0.0011373089121573025,0,0.038223723531975451
2100,20,47,0.79032059710023772,0.62460664620087636,-1,1,1,0,1,2039,0,0.049968531696070115,0.049968531696070115,0,0.052000830343825757,0.052000830343825757,0.088246223822508421,1,0,1,0,0.00098087297694948511,0,nan,nan,nan,nan,nan,nan,0,0,0,0,0,nan,0.24031387935262383,-3.2123442854120783e-05,5.9926814329787706e-05,0.0011127282710988371,0,0.023388744562548209
2101,47,20,0.79032059710023772,0.62460664620087636,1,1,1,0,1,2000,0.044888831862647936,0.062322627174736606,0.017433795312088669,0,0.10000000000000001,0.10000000000000001,0.10621324282845808,0,0,1,1,0.001,0,nan,nan,nan,nan,nan,nan,0,0,0,0,0,nan,0.251,-7.0082209296848039e-05,0.00012404957740027624,0.0011373089121573025,0,0.038223723531975451
2101,47,20,0.79032059710023772,0.62460664620087636,-1,1,1,0,1,2039,0,0.049968531696070115,0.049968531696070115,0,0.052000830343825757,0.052000830343825757,0.088246223822508421,1,0,1,0,0.00098087297694948511,0,nan,nan,nan,nan,nan,nan,0,0,0,0,0,nan,0.24031387935262383,-3.2123442854120783e-05,5.9926814329787706e-05,0.0011127282710988371,0,0.023388744562548209
2102,30,41,0.79035904829045944,0.62466742521460072,1,1,1,0,1,2000,0.044892687229046074,0.062322735367272716,0.017430048138226642,0,0.10000000000000001,0.10000000000000001,0.10621227389442287,0,0,1,1,0.001,0,nan,nan,nan,nan,nan,nan,0,0,0,0,0,nan,0.251,-6.9648324320012965e-05,0.00012422408514537343,0.0011383298303670472,0,0.038228682870151742
2102,30,41,0.79035904829045944,0.62466742521460072,-1,1,1,0,1,2039,0,0.049973394017168063,0.049973394017168063,0,0.052006134491639572,0.052006134491639572,0.088247626774658861,1,0,1,0,0.00098087297694948511,0,nan,nan,nan,nan,nan,nan,0,0,0,0,0,nan,0.24031387935262383,-3.2006864579104712e-05,6.0468227419375152e-05,0.0011134629951277777,0,0.023393407104383809
2103,41,30,0.79035904829045944,0.62466742521460072,1,1,1,0,1,2000,0.044892687229046074,0.062322735367272716,0.017430048138226642,0,0.10000000000000001,0.10000000000000001,0.10621227389442287,0,0,1,1,0.001,0,nan,nan,nan,nan,nan,nan,0,0,0,0,0,nan,0.251,-6.9648324320012965e-05,0.00012422408514537343,0.0011383298303670472,0,0.038228682870151742
2103,41,30,0.79035904829045944,0.62466742521460072,-1,1,1,0,1,2039,0,0.049973394017168063,0.049973394017168063,0,0.052006134491639572,0.052006134491639572,0.088247626774658861,1,0,1,0,0.00098087297694948511,0,nan,nan,nan,nan,nan,nan,0,0,0,0,0,nan,0.24031387935262383,-3.2006864579104712e-05,6.0468227419375152e-05,0.0011134629951277777,0,0.023393407104383809
2104,15,49,0.79054142969027463,0.62495575205674347,1,1,1,0,1,2000,0.044910977571629006,0.062323248874915749,0.017412271303286743,0,0.10000000000000001,0.10000000000000001,0.10620717665712831,0,0,1,1,0.001,0,nan,nan,nan,nan,nan,nan,0,0,0,0,0,nan,0.251,-6.7588895189666688e-05,0.000125051594865133,0.0011431376826116829,0,0.038252217980884726
2104,15,49,0.79054142969027463,0.62495575205674347,-1,1,1,0,1,2037,0,0.049996460164539479,0.049996460164539479,0,0.052031296309154131,0.052031296309154131,0.088254286048111544,1,0,1,0,0.00098183603338242512,0,nan,nan,nan,nan,nan,nan,0,0,0,0,0,nan,0.24005891016200295,-3.1435955107170233e-05,6.1903672152771247e-05,0.0011178811781062266,0,0.023415531572072504
2105,49,15,0.79054142969027463,0.62495575205674347,1,1,1,0,1,2000,0.044910977571629006,0.062323248874915749,0.017412271303286743,0,0.10000000000000001,0.10000000000000001,0.10620717665712831,0,0,1,1,0.001,0,nan,nan,nan,nan,nan,nan,0,0,0,0,0,nan,0.251,-6.7588895189666688e-05,0.000125051594865133,0.0011431376826116829,0,0.038252217980884726
2105,49,15,0.79054142969027463,0.62495575205674347,-1,1,1,0,1,2037,0,0.049996460164539479,0.049996460164539479,0,0.052031296309154131,0.052031296309154131,0.088254286048111544,1,0,1,0,0.00098183603338242512,0,nan,nan,nan,nan,nan,nan,0,0,0,0,0,nan,0.24005891016200295,-3.1435955107170233e-05,6.1903672152771247e-05,0.0011178811781062266,0,0.023415531572072504
2106,24,45,0.79098453499550037,0.62565653460204795,1,1,1,0,1,1999,0.044955447328556816,0.062324498738006467,0.017369051409449651,0,0.10000000000000001,0.10000000000000001,0.10619492617594042,0,0,1,1,0.0010005002501250625,0,nan,nan,nan,nan,nan,nan,0,0,0,0,0,nan,0.2526263131565783,-7.2077053157639133e-05,0.00012706055130269189,0.001149889186144579,0,0.038309481000258036
2106,24,45,0.79098453499550037,0.62565653460204795,-1,1,1,0,1,2041,0,0.05005252276816384,0.05005252276816384,0,0.052092461513770179,0.052092461513770179,0.088404251498030967,1,0,1,0,0.00097991180793728563,0,nan,nan,nan,nan,nan,nan,0,0,0,0,0,nan,0.24056834884860362,-2.9931487322156121e-05,6.3099681164402281e-05,0.0011212728205818366,0,0.023469353573907867
2107,45,24,0.79098453499550037,0.62565653460204795,1,1,1,0,1,1999,0.044955447328556816,0.062324498738006467,0.017369051409449651,0,0.10000000000000001,0.10000000000000001,0.10619492617594042,0,0,1,1,0.0010005002501250625,0,nan,nan,nan,nan,nan,nan,0,0,0,0,0,nan,0.2526263131565783,-7.2077053157639133e-05,0.00012706055130269189,0.001149889186144579,0,0.038309481000258036
2107,45,24,0.79098453499550037,0.62565653460204795,-1,1,1,0,1,2041,0,0.05005252276816384,0.05005252276816384,0,0.052092461513770179,0.052092461513770179,0.088404251498030967,1,0,1,0,0.00097991180793728563,0,nan,nan,nan,nan,nan,nan,0,0,0,0,0,nan,0.24056834884860362,-2.9931487322156121e-05,6.3099681164402281e-05,0.0011212728205818366,0,0.023469353573907867
2108,7,51,0.7913072666338663,0.62616719022756084,1,1,1,0,1,2000,0.04498780930904972,0.062325411088590077,0.017337601779540357,0,0.10000000000000001,0.10000000000000001,0.10618630917158975,0,0,1,1,0.001,0,nan,nan,nan,nan,nan,nan,0,0,0,0,0,nan,0.253,-6.8461916879229354e-05,0.0001285223354452452,0.001157811178082582,0,0.038351262896801047
2108,7,51,0.7913072666338663,0.62616719022756084,-1,1,1,0,1,2047,0,0.050093375218204873,0.050093375218204873,0,0.052137037697033053,0.052137037697033053,0.088549685219827493,1,0,1,0,0.00097703957010258913,0,nan,nan,nan,nan,nan,nan,0,0,0,0,0,nan,0.24132877381533951,-2.8738108247601361e-05,6.1694655053420519e-05,0.0011265687267109283,0,0.023508614784124107
2109,51,7,0.7913072666338663,0.62616719022756084,1,1,1,0,1,2000,0.04498780930904972,0.062325411088590077,0.017337601779540357,0,0.10000000000000001,0.10000000000000001,0.10618630917158975,0,0,1,1,0.001,0,nan,nan,nan,nan,nan,nan,0,0,0,0,0,nan,0.253,-6.8461916879229354e-05,0.0001285223354452452,0.001157811178082582,0,0.038351262896801047
2109,51,7,0.7913072666338663,0.62616719022756084,-1,1,1,0,1,2047,0,0.050093375218204873,0.050093375218204873,0,0.052137037697033053,0.052137037697033053,0.088549685219827493,1,0,1,0,0.00097703957010258913,0,nan,nan,nan,nan,nan,nan,0,0,0,0,0,nan,0.24132877381533951,-2.8738108247601361e-05,6.1694655053420519e-05,0.0011265687267109283,0,0.023508614784124107
2110,12,50,0.7919345357191433,0.62716030886469509,1,1,1,0,1,1998,0.045050658123431099,0.062327191267623233,0.017276533144192134,0,0.10000000000000001,0.10000000000000001,0.10616874795037322,0,0,1,1,0.001001001001001001,0,nan,nan,nan,nan,nan,nan,0,0,0,0,0,nan,0.25425425425425424,-7.0390429679292182e-05,0.00013135984251029954,0.0011643909786771946,0,0.03843265435639328
2110,12,50,0.7919345357191433,0.62716030886469509,-1,1,1,0,1,2052,0,0.050172824709175612,0.050172824709175612,0,0.052223738722107095,0.052223738722107095,0.088839495373206095,1,0,1,0,0.00097465886939571145,0,nan,nan,nan,nan,nan,nan,0,0,0,0,0,nan,0.24269005847953215,-2.6264562442556739e-05,6.4615458185542096e-05,0.0011296299437001951,0,0.0235850676281554
2111,50,12,0.7919345357191433,0.62716030886469509,1,1,1,0,1,1998,0.045050658123431099,0.062327191267623233,0.017276533144192134,0,0.10000000000000001,0.10000000000000001,0.10616874795037322,0,0,1,1,0.001001001001001001,0,nan,nan,nan,nan,nan,nan,0,0,0,0,0,nan,0.25425425425425424,-7.0390429679292182e-05,0.00013135984251029954,0.0011643909786771946,0,0.03843265435639328
2111,50,12,0.7919345357191433,0.62716030886469509,-1,1,1,0,1,2052,0,0.050172824709175612,0.050172824709175612,0,0.052223738722107095,0.052223738722107095,0.088839495373206095,1,0,1,0,0.00097465886939571145,0,nan,nan,nan,nan,nan,nan,0,0,0,0,0,nan,0.24269005847953215,-2.6264562442556739e-05,6.4615458185542096e-05,0.0011296299437001951,0,0.0235850676281554
2112,18,48,0.79212868724532826,0.62746785715700715,1,1,1,0,1,1998,0.045070132559052567,0.062327744055431074,0.017257611496378507,0,0.10000000000000001,0.10000000000000001,0.10616383274206526,0,0,1,1,0.001001001001001001,0,nan,nan,nan,nan,nan,nan,0,0,0,0,0,nan,0.25425425425425424,-6.8247362866837719e-05,0.00013223707584368843,0.0011695219083538149,0,0.038457896127364277
2112,18,48,0.79212868724532826,0.62746785715700715,-1,1,1,0,1,2051,0,0.050197428572560564,0.050197428572560564,0,0.052250591940257822,0.052250591940257822,0.088846389251317104,1,0,1,0,0.00097513408093612868,0,nan,nan,nan,nan,nan,nan,0,0,0,0,0,nan,0.24280838615309605,-2.5696380036192151e-05,6.7301350395323513e-05,0.0011338977575073613,0,0.02360877040472336
2113,48,18,0.79212868724532826,0.62746785715700715,1,1,1,0,1,1998,0.045070132559052567,0.062327744055431074,0.017257611496378507,0,0.10000000000000001,0.10000000000000001,0.10616383274206526,0,0,1,1,0.001001001001001001,0,nan,nan,nan,nan,nan,nan,0,0,0,0,0,nan,0.25425425425425424,-6.8247362866837719e-05,0.00013223707584368843,0.0011695219083538149,0,0.038457896127364277
2113,48,18,0.79212868724532826,0.62746785715700715,-1,1,1,0,1,2051,0,0.050197428572560564,0.050197428572560564,0,0.052250591940257822,0.052250591940257822,0.088846389251317104,1,0,1,0,0.00097513408093612868,0,nan,nan,nan,nan,nan,nan,0,0,0,0,0,nan,0.24280838615309605,-2.5696380036192151e-05,6.7301350395323513e-05,0.0011338977575073613,0,0.02360877040472336
2114,36,36,0.79296433488183915,0.62879243639459748,1,1,1,0,1,1996,0.04515405427068122,0.062330130386275773,0.017176076115594553,0,0.10000000000000001,0.10000000000000001,0.1061411333771015,0,0,1,1,0.001002004008016032,0,nan,nan,nan,nan,nan,nan,0,0,0,0,0,nan,0.25450901803607212,-6.3098760025465453e-05,0.00013600682201534049,0.0011814115922252665,0,0.038566811498509976
2114,36,36,0.79296433488183915,0.62879243639459748,-1,1,1,0,1,2056,0,0.050303394911567809,0.050303394911567809,0,0.052366261304622005,0.052366261304622005,0.089142877715175484,1,0,1,0,0.0009727626459143969,0,nan,nan,nan,nan,nan,nan,0,0,0,0,0,nan,0.24221789883268482,-2.2899688379682953e-05,6.1857688708795953e-05,0.0011407230687936214,0,0.023710998520549541
2115,35,37,0.79322917507815849,0.62921252419517582,1,1,1,0,1,1997,0.045180628964225145,0.062330889079869264,0.01715026011564412,0,0.10000000000000001,0.10000000000000001,0.1061335211344259,0,0,1,1,0.00100150225338007,0,nan,nan,nan,nan,nan,nan,0,0,0,0,0,nan,0.25488232348522782,-6.0204188766611183e-05,0.00013719943417807735,0.0011878171998031713,0,0.038601423328429529
2115,35,37,0.79322917507815849,0.62921252419517582,-1,1,1,0,1,2062,0,0.050337001935614072,0.050337001935614072,0,0.052402953253571811,0.052402953253571811,0.089285486490439686,1,0,1,0,0.00096993210475266732,0,nan,nan,nan,nan,nan,nan,0,0,0,0,0,nan,0.24345295829291949,-2.1904540245380223e-05,6.286023514928251e-05,0.0011449311210011963,0,0.023743469804471194
2116,37,35,0.79322917507815849,0.62921252419517582,1,1,1,0,1,1997,0.045180628964225145,0.062330889079869264,0.01715026011564412,0,0.10000000000000001,0.10000000000000001,0.1061335211344259,0,0,1,1,0.00100150225338007,0,nan,nan,nan,nan,nan,nan,0,0,0,0,0,nan,0.25488232348522782,-6.0204188766611183e-05,0.00013719943417807735,0.0011878171998031713,0,0.038601423328429529
2116,37,35,0.79322917507815849,0.62921252419517582,-1,1,1,0,1,2062,0,0.050337001935614072,0.050337001935614072,0,0.052402953253571811,0.052402953253571811,0.089285486490439686,1,0,1,0,0.00096993210475266732,0,nan,nan,nan,nan,nan,nan,0,0,0,0,0,nan,0.24345295829291949,-2.1904540245380223e-05,6.286023514928251e-05,0.0011449311210011963,0,0.023743469804471194
2117,26,44,0.79343256823657105,0.62953524033848096,1,1,1,0,1,1997,0.045201016151004525,0.06233147252898185,0.017130456377977325,0,0.10000000000000001,0.10000000000000001,0.10612830519635139,0,0,1,1,0.00100150225338007,0,nan,nan,nan,nan,nan,nan,0,0,0,0,0,nan,0.25488232348522782,-5.7977969167705146e-05,0.00013811461032018323,0.0011930865711635842,0,0.038628035659857597
2117,26,44,0.79343256823657105,0.62953524033848096,-1,1,1,0,1,2062,0,0.050362819227078484,0.050362819227078484,0,0.052431140013629723,0.052431140013629723,0.089292605361417407,1,0,1,0,0.00096993210475266732,0,nan,nan,nan,nan,nan,nan,0,0,0,0,0,nan,0.24296799224054316,-2.1107637341167065e-05,6.2686621657819137e-05,0.0011488585410329435,0,0.023768429181675568
2118,44,26,0.79343256823657105,0.62953524033848096,1,1,1,0,1,1997,0.045201016151004525,0.06233147252898185,0.017130456377977325,0,0.10000000000000001,0.10000000000000001,0.10612830519635139,0,0,1,1,0.00100150225338007,0,nan,nan,nan,nan,nan,nan,0,0,0,0,0,nan,0.25488232348522782,-5.7977969167705146e-05,0.00013811461032018323,0.0011930865711635842,0,0.038628035659857597
2118,44,26,0.79343256823657105,0.62953524033848096,-1,1,1,0,1,2062,0,0.050362819227078484,0.050362819227078484,0,0.052431140013629723,0.052431140013629723,0.089292605361417407,1,0,1,0,0.00096993210475266732,0,nan,nan,nan,nan,nan,nan,0,0,0,0,0,nan,0.24296799224054316,-2.1107637341167065e-05,6.2686621657819137e-05,0.0011488585410329435,0,0.023768429181675568
2119,29,42,0.79355290480892848,0.6297262127306883,1,1,1,0,1,1995,0.045213085542374298,0.062331818044693454,0.017118732502319156,0,0.10000000000000001,0.10000000000000001,0.10612477809132601,0,0,1,1,0.0010025062656641604,0,nan,nan,nan,nan,nan,nan,0,0,0,0,0,nan,0.25513784461152883,-6.0142872865077968e-05,0.00013865576372691646,0.001191810913056681,0,0.03864379347263696
2119,29,42,0.79355290480892848,0.6297262127306883,-1,1,1,0,1,2065,0,0.050378097018455061,0.050378097018455061,0,0.052447822160741855,0.052447822160741855,0.089429981408213094,1,0,1,0,0.00096852300242130751,0,nan,nan,nan,nan,nan,nan,0,0,0,0,0,nan,0.24309927360774819,-2.0623272700912194e-05,6.1536875440660124e-05,0.0011463548487222852,0,0.023783206653545618
2120,42,29,0.79355290480892848,0.6297262127306883,1,1,1,0,1,1995,0.045213085542374298,0.062331818044693454,0.017118732502319156,0,0.10000000000000001,0.10000000000000001,0.10612477809132601,0,0,1,1,0.0010025062656641604,0,nan,nan,nan,nan,nan,nan,0,0,0,0,0,nan,0.25513784461152883,-6.0142872865077968e-05,0.00013865576372691646,0.001191810913056681,0,0.03864379347263696
2120,42,29,0.79355290480892848,0.6297262127306883,-1,1,1,0,1,2065,0,0.050378097018455061,0.050378097018455061,0,0.052447822160741855,0.052447822160741855,0.089429981408213094,1,0,1,0,0.00096852300242130751,0,nan,nan,nan,nan,nan,nan,0,0,0,0,0,nan,0.24309927360774819,-2.0623272700912194e-05,6.1536875440660124e-05,0.0011463548487222852,0,0.023783206653545618
2121,8,51,0.79366039021411472,0.62989681499482086,1,1,1,0,1,1996,0.045223869085007709,0.062332126863310792,0.017108257778303083,0,0.10000000000000001,0.10000000000000001,0.10612190274473826,0,0,1,1,0.001002004008016032,0,nan,nan,nan,nan,nan,nan,0,0,0,0,0,nan,0.25551102204408815,-5.8995345661205442e-05,0.00013913892984202935,0.0011941056742575042,0,0.038657876509985326
2121,8,51,0.79366039021411472,0.62989681499482086,-1,1,1,0,1,2064,0,0.050391745199585683,0.050391745199585683,0,0.052462725376754532,0.052462725376754532,0.089433725535186095,1,0,1,0,0.00096899224806201549,0,nan,nan,nan,nan,nan,nan,0,0,0,0,0,nan,0.24321705426356588,-2.0182743505280445e-05,6.0217373762461515e-05,0.001149017004285107,0,0.023796411977935684
2122,51,8,0.79366039021411472,0.62989681499482086,1,1,1,0,1,1996,0.045223869085007709,0.062332126863310792,0.017108257778303083,0,0.10000000000000001,0.10000000000000001,0.10612190274473826,0,0,1,1,0.001002004008016032,0,nan,nan,nan,nan,nan,nan,0,0,0,0,0,nan,0.25551102204408815,-5.8995345661205442e-05,0.00013913892984202935,0.0011941056742575042,0,0.038657876509985326
2122,51,8,0.79366039021411472,0.62989681499482086,-1,1,1,0,1,2064,0,0.050391745199585683,0.050391745199585683,0,0.052462725376754532,0.052462725376754532,0.089433725535186095,1,0,1,0,0.00096899224806201549,0,nan,nan,nan,nan,nan,nan,0,0,0,0,0,nan,0.24321705426356588,-2.0182743505280445e-05,6.0217373762461515e-05,0.001149017004285107,0,0.023796411977935684
2123,34,38,0.79402309972835394,0.63047268290222358,1,1,1,0,1,1995,0.045260274794618957,0.062333170377281276,0.017072895582662319,0,0.10000000000000001,0.10000000000000001,0.10611209798328983,0,0,1,1,0.0010025062656641604,0,nan,nan,nan,nan,nan,nan,0,0,0,0,0,nan,0.25513784461152883,-5.5117385785961696e-05,0.00014076798086202786,0.0011985217226109014,0,0.038705456207634728
2123,34,38,0.79402309972835394,0.63047268290222358,-1,1,1,0,1,2068,0,0.050437814632177884,0.050437814632177884,0,0.0525130321109544,0.0525130321109544,0.089579386923271345,1,0,1,0,0.00096711798839458415,0,nan,nan,nan,nan,nan,nan,0,0,0,0,0,nan,0.2432301740812379,-1.8643051366766354e-05,5.9592656074511363e-05,0.0011507329455236529,0,0.023841013674067723
2124,38,34,0.79402309972835394,0.63047268290222358,1,1,1,0,1,1995,0.045260274794618957,0.062333170377281276,0.017072895582662319,0,0.10000000000000001,0.10000000000000001,0.10611209798328983,0,0,1,1,0.0010025062656641604,0,nan,nan,nan,nan,nan,nan,0,0,0,0,0,nan,0.25513784461152883,-5.5117385785961696e-05,0.00014076798086202786,0.0011985217226109014,0,0.038705456207634728
2124,38,34,0.79402309972835394,0.63047268290222358,-1,1,1,0,1,2068,0,0.050437814632177884,0.050437814632177884,0,0.0525130321109544,0.0525130321109544,0.089579386923271345,1,0,1,0,0.00096711798839458415,0,nan,nan,nan,nan,nan,nan,0,0,0,0,0,nan,0.2432301740812379,-1.8643051366766354e-05,5.9592656074511363e-05,0.0011507329455236529,0,0.023841013674067723
2125,33,39,0.79534432697905899,0.63257259845777236,1,1,1,0,1,1996,0.045393033422248014,0.062336705445475267,0.016943672023227253,0,0.099999999999999992,0.099999999999999992,0.10607721970679376,0,0,1,1,0.001002004008016032,0,nan,nan,nan,nan,nan,nan,0,0,0,0,0,nan,0.25551102204408815,-4.3458301259756416e-05,0.00014668264035094369,0.0012209566026696709,0,0.038879525094737917
2125,33,39,0.79534432697905899,0.63257259845777236,-1,1,1,0,1,2077,0,0.050605807876621792,0.050605807876621792,0,0.052696524140169357,0.052696524140169357,0.09002323271308138,1,0,1,0,0.00096292729898892631,0,nan,nan,nan,nan,nan,nan,0,0,0,0,0,nan,0.24362060664419835,-1.2984299401540625e-05,5.5194936605849898e-05,0.0011682516651759401,0,0.024004030421567634
2126,39,33,0.79534432697905899,0.63257259845777236,1,1,1,0,1,1996,0.045393033422248014,0.062336705445475267,0.016943672023227253,0,0.099999999999999992,0.099999999999999992,0.10607721970679376,0,0,1,1,0.001002004008016032,0,nan,nan,nan,nan,nan,nan,0,0,0,0,0,nan,0.25551102204408815,-4.3458301259756416e-05,0.00014668264035094369,0.0012209566026696709,0,0.038879525094737917
2126,39,33,0.79534432697905899,0.63257259845777236,-1,1,1,0,1,2077,0,0.050605807876621792,0.050605807876621792,0,0.052696524140169357,0.052696524140169357,0.09002323271308138,1,0,1,0,0.00096292729898892631,0,nan,nan,nan,nan,nan,nan,0,0,0,0,0,nan,0.24362060664419835,-1.2984299401540625e-05,5.5194936605849898e-05,0.0011682516651759401,0,0.024004030421567634
2127,16,49,0.79536457823330486,0.63260481230824295,1,1,1,0,1,1996,0.045395066225617051,0.062336756252813152,0.016941690027196102,0,0.10000000000000002,0.10000000000000002,0.10607670680311941,0,0,1,1,0.001002004008016032,0,nan,nan,nan,nan,nan,nan,0,0,0,0,0,nan,0.25551102204408815,-4.325148356673289e-05,0.00014677304606370255,0.0012214828631755572,0,0.038882202524897991
2127,16,49,0.79536457823330486,0.63260481230824295,-1,1,1,0,1,2077,0,0.050608384984659437,0.050608384984659437,0,0.05269933933123077,0.05269933933123077,0.090023928224453764,1,0,1,0,0.00096292729898892631,0,nan,nan,nan,nan,nan,nan,0,0,0,0,0,nan,0.24362060664419835,-1.2916919329657509e-05,5.5472611492952614e-05,0.0011686595867309245,0,0.024006535627074953
2128,49,16,0.79536457823330486,0.63260481230824295,1,1,1,0,1,1996,0.045395066225617051,0.062336756252813152,0.016941690027196102,0,0.10000000000000002,0.10000000000000002,0.10607670680311941,0,0,1,1,0.001002004008016032,0,nan,nan,nan,nan,nan,nan,0,0,0,0,0,nan,0.25551102204408815,-4.325148356673289e-05,0.00014677304606370255,0.0012214828631755572,0,0.038882202524897991
2128,49,16,0.79536457823330486,0.63260481230824295,-1,1,1,0,1,2077,0,0.050608384984659437,0.050608384984659437,0,0.05269933933123077,0.05269933933123077,0.090023928224453764,1,0,1,0,0.00096292729898892631,0,nan,nan,nan,nan,nan,nan,0,0,0,0,0,nan,0.24362060664419835,-1.2916919329657509e-05,5.5472611492952614e-05,0.0011686595867309245,0,0.024006535627074953
2129,13,50,0.79583323515622717,0.63335053817922671,1,1,1,0,1,1995,0.045442140360490012,0.062337933670244032,0.01689579330975402,0,0.10000000000000001,0.10000000000000001,0.10606462511380216,0,0,1,1,0.0010025062656641604,0,nan,nan,nan,nan,nan,nan,0,0,0,0,0,nan,0.25513784461152883,-4.5971225791118994e-05,0.00014886296580933229,0.0012284409758077527,0,0.038944244697049699
2129,13,50,0.79583323515622717,0.63335053817922671,-1,1,1,0,1,2081,0,0.050668043054338141,0.050668043054338141,0,0.052764519219067656,0.052764519219067656,0.090172470643506891,1,0,1,0,0.00096107640557424319,0,nan,nan,nan,nan,nan,nan,0,0,0,0,0,nan,0.24315233061028352,-1.1900588261517207e-05,5.2661736885808302e-05,0.001172830705408547,0,0.02406457129510756
2130,50,13,0.79583323515622717,0.63335053817922671,1,1,1,0,1,1995,0.045442140360490012,0.062337933670244032,0.01689579330975402,0,0.10000000000000001,0.10000000000000001,0.10606462511380216,0,0,1,1,0.0010025062656641604,0,nan,nan,nan,nan,nan,nan,0,0,0,0,0,nan,0.25513784461152883,-4.5971225791118994e-05,0.00014886296580933229,0.0012284409758077527,0,0.038944244697049699
2130,50,13,0.79583323515622717,0.63335053817922671,-1,1,1,0,1,2081,0,0.050668043054338141,0.050668043054338141,0,0.052764519219067656,0.052764519219067656,0.090172470643506891,1,0,1,0,0.00096107640557424319,0,nan,nan,nan,nan,nan,nan,0,0,0,0,0,nan,0.24315233061028352,-1.1900588261517207e-05,5.2661736885808302e-05,0.001172830705408547,0,0.02406457129510756
2131,9,51,0.79631709248277616,0.63412091178022223,1,1,1,0,1,1994,0.045490800037188403,0.062339152552280466,0.016848352515092063,0,0.10000000000000001,0.10000000000000001,0.1060523365277469,0,0,1,1,0.0010030090270812437,0,nan,nan,nan,nan,nan,nan,0,0,0,0,0,nan,0.25626880641925776,-7.4956205698487911e-05,0.00015101597363872434,0.0012359345092589635,0,0.039008463567303045
2131,9,51,0.79631709248277616,0.63412091178022223,-1,1,1,0,1,2083,0,0.050729672942417786,0.050729672942417786,0,0.052831862712679825,0.052831862712679825,0.090321276215546781,1,0,1,0,0.00096015362457993274,0,nan,nan,nan,nan,nan,nan,0,0,0,0,0,nan,0.24339894383101296,-1.095430911535536e-05,5.3625353133901314e-05,0.0011785529392838497,0,0.024124602946912654
2132,51,9,0.79631709248277616,0.63412091178022223,1,1,1,0,1,1994,0.045490800037188403,0.062339152552280466,0.016848352515092063,0,0.10000000000000001,0.10000000000000001,0.1060523365277469,0,0,1,1,0.0010030090270812437,0,nan,nan,nan,nan,nan,nan,0,0,0,0,0,nan,0.25626880641925776,-7.4956205698487911e-05,0.00015101597363872434,0.0012359345092589635,0,0.039008463567303045
2132,51,9,0.79631709248277616,0.63412091178022223,-1,1,1,0,1,2083,0,0.050729672942417786,0.050729672942417786,0,0.052831862712679825,0.052831862712679825,0.090321276215546781,1,0,1,0,0.00096015362457993274,0,nan,nan,nan,nan,nan,nan,0,0,0,0,0,nan,0.24339894383101296,-1.095430911535536e-05,5.3625353133901314e-05,0.0011785529392838497,0,0.024124602946912654
2133,21,47,0.79664758403519176,0.63464737314910791,1,1,1,0,1,1993,0.045524068341510883,0.06233998700602604,0.016815918664515157,0,0.10000000000000001,0.10000000000000001,0.10604385495561529,0,0,1,1,0.0010035122930255895,0,nan,nan,nan,nan,nan,nan,0,0,0,0,0,nan,0.25840441545408932,-7.5506521062011604e-05,0.00015248369345351783,0.0012398230378252086,0,0.039052424887527207
2133,21,47,0.79664758403519176,0.63464737314910791,-1,1,1,0,1,2087,0,0.05077178985192865,0.05077178985192865,0,0.05287789096509854,0.05287789096509854,0.090464685507657711,1,0,1,0,0.00095831336847149022,0,nan,nan,nan,nan,nan,nan,0,0,0,0,0,nan,0.24389075227599424,-1.0370791462686185e-05,5.6010992260414026e-05,0.0011800704533871777,0,0.024165673923411849
2134,47,21,0.79664758403519176,0.63464737314910791,1,1,1,0,1,1993,0.045524068341510883,0.06233998700602604,0.016815918664515157,0,0.10000000000000001,0.10000000000000001,0.10604385495561529,0,0,1,1,0.0010035122930255895,0,nan,nan,nan,nan,nan,nan,0,0,0,0,0,nan,0.25840441545408932,-7.5506521062011604e-05,0.00015248369345351783,0.0012398230378252086,0,0.039052424887527207
2134,47,21,0.79664758403519176,0.63464737314910791,-1,1,1,0,1,2087,0,0.05077178985192865,0.05077178985192865,0,0.05287789096509854,0.05287789096509854,0.090464685507657711,1,0,1,0,0.00095831336847149022,0,nan,nan,nan,nan,nan,nan,0,0,0,0,0,nan,0.24389075227599424,-1.0370791462686185e-05,5.6010992260414026e-05,0.0011800704533871777,0,0.024165673923411849
2135,23,46,0.79686175201811837,0.63498865182938524,1,1,1,0,1,1993,0.04554563248721076,0.062340528586154971,0.016794896098944211,0,0.10000000000000001,0.10000000000000001,0.10603904367216682,0,0,1,1,0.0010035122930255895,0,nan,nan,nan,nan,nan,nan,0,0,0,0,0,nan,0.25890617160060209,-7.3082305774934374e-05,0.00015343353660911448,0.0012457042571043437,0,0.03908095593180539
2135,23,46,0.79686175201811837,0.63498865182938524,-1,1,1,0,1,2086,0,0.050799092146350824,0.050799092146350824,0,0.052907729459823249,0.052907729459823249,0.090472021598242025,1,0,1,0,0.00095877277085330771,0,nan,nan,nan,nan,nan,nan,0,0,0,0,0,nan,0.24352828379674019,-9.9856921443623389e-06,5.5454865481509297e-05,0.0011850048344683012,0,0.024192316911468701
2136,46,23,0.79686175201811837,0.63498865182938524,1,1,1,0,1,1993,0.04554563248721076,0.062340528586154971,0.016794896098944211,0,0.10000000000000001,0.10000000000000001,0.10603904367216682,0,0,1,1,0.0010035122930255895,0,nan,nan,nan,nan,nan,nan,0,0,0,0,0,nan,0.25890617160060209,-7.3082305774934374e-05,0.00015343353660911448,0.0012457042571043437,0,0.03908095593180539
2136,46,23,0.79686175201811837,0.63498865182938524,-1,1,1,0,1,2086,0,0.050799092146350824,0.050799092146350824,0,0.052907729459823249,0.052907729459823249,0.090472021598242025,1,0,1,0,0.00095877277085330771,0,nan,nan,nan,nan,nan,nan,0,0,0,0,0,nan,0.24352828379674019,-9.9856921443623389e-06,5.5454865481509297e-05,0.0011850048344683012,0,0.024192316911468701
2137,32,40,0.79718990680943891,0.63551174751884187,1,1,1,0,1,1992,0.045578586825440526,0.062341359679150735,0.016762772853710209,0,0.10000000000000001,0.10000000000000001,0.10603057036173602,0,0,1,1,0.001004016064257028,0,nan,nan,nan,nan,nan,nan,0,0,0,0,0,nan,0.25953815261044177,-6.9361580572315472e-05,0.00015488690603517388,0.0012495699867866091,0,0.039124738200287182
2137,32,40,0.79718990680943891,0.63551174751884187,-1,1,1,0,1,2089,0,0.050840939801507341,0.050840939801507341,0,0.052953470267174854,0.052953470267174854,0.090615166011066006,1,0,1,0,0.00095739588319770225,0,nan,nan,nan,nan,nan,nan,0,0,0,0,0,nan,0.24365725227381521,-9.5945598549210254e-06,5.4167237187783233e-05,0.0011871158059882617,0,0.024233185457045468
2138,40,32,0.79718990680943891,0.63551174751884187,1,1,1,0,1,1992,0.045578586825440526,0.062341359679150735,0.016762772853710209,0,0.10000000000000001,0.10000000000000001,0.10603057036173602,0,0,1,1,0.001004016064257028,0,nan,nan,nan,nan,nan,nan,0,0,0,0,0,nan,0.25953815261044177,-6.9361580572315472e-05,0.00015488690603517388,0.0012495699867866091,0,0.039124738200287182
2138,40,32,0.79718990680943891,0.63551174751884187,-1,1,1,0,1,2089,0,0.050840939801507341,0.050840939801507341,0,0.052953470267174854,0.052953470267174854,0.090615166011066006,1,0,1,0,0.00095739588319770225,0,nan,nan,nan,nan,nan,nan,0,0,0,0,0,nan,0.24365725227381521,-9.5945598549210254e-06,5.4167237187783233e-05,0.0011871158059882617,0,0.024233185457045468
2139,28,43,0.79726090029004493,0.63562494313129303,1,1,1,0,1,1992,0.045585721526059088,0.062341539680846034,0.016755818154786946,0,0.10000000000000001,0.10000000000000001,0.10602907897991656,0,0,1,1,0.001004016064257028,0,nan,nan,nan,nan,nan,nan,0,0,0,0,0,nan,0.25953815261044177,-6.8555634952402814e-05,0.00015520100389924962,0.0012514591528710829,0,0.039134220733080274
2139,28,43,0.79726090029004493,0.63562494313129303,-1,1,1,0,1,2089,0,0.050849995450503435,0.050849995450503435,0,0.052963368166496438,0.052963368166496438,0.090617621437342838,1,0,1,0,0.00095739588319770225,0,nan,nan,nan,nan,nan,nan,0,0,0,0,0,nan,0.24365725227381521,-9.4955027777265597e-06,5.5188560379561616e-05,0.0011885701333110806,0,0.024242033559607933
2140,43,28,0.79726090029004493,0.63562494313129303,1,1,1,0,1,1992,0.045585721526059088,0.062341539680846034,0.016755818154786946,0,0.10000000000000001,0.10000000000000001,0.10602907897991656,0,0,1,1,0.001004016064257028,0,nan,nan,nan,nan,nan,nan,0,0,0,0,0,nan,0.25953815261044177,-6.8555634952402814e-05,0.00015520100389924962,0.0012514591528710829,0,0.039134220733080274
2140,43,28,0.79726090029004493,0.63562494313129303,-1,1,1,0,1,2089,0,0.050849995450503435,0.050849995450503435,0,0.052963368166496438,0.052963368166496438,0.090617621437342838,1,0,1,0,0.00095739588319770225,0,nan,nan,nan,nan,nan,nan,0,0,0,0,0,nan,0.24365725227381521,-9.4955027777265597e-06,5.5188560379561616e-05,0.0011885701333110806,0,0.024242033559607933
2141,19,48,0.79784622230122237,0.63655859444033158,1,1,1,0,1,1992,0.045644585311877969,0.062343027628814711,0.016698442316936742,0,0.10000000000000001,0.10000000000000001,0.10601456856597981,0,0,1,1,0.001004016064257028,0,nan,nan,nan,nan,nan,nan,0,0,0,0,0,nan,0.26255020080321284,-6.5503896177008213e-05,0.00015778609705874476,0.0012619902049303276,0,0.039212547441016009
2141,19,48,0.79784622230122237,0.63655859444033158,-1,1,1,0,1,2097,0,0.050924687555226521,0.050924687555226521,0,0.053045020997156772,0.053045020997156772,0.090900844699077013,1,0,1,0,0.00095374344301382924,0,nan,nan,nan,nan,nan,nan,0,0,0,0,0,nan,0.24558893657606104,-8.7669694293279407e-06,5.7599029259111818e-05,0.0011960009637607836,0,0.024315082525975265
2142,48,19,0.79784622230122237,0.63655859444033158,1,1,1,0,1,1992,0.045644585311877969,0.062343027628814711,0.016698442316936742,0,0.10000000000000001,0.10000000000000001,0.10601456856597981,0,0,1,1,0.001004016064257028,0,nan,nan,nan,nan,nan,nan,0,0,0,0,0,nan,0.26255020080321284,-6.5503896177008213e-05,0.00015778609705874476,0.0012619902049303276,0,0.039212547441016009
2142,48,19,0.79784622230122237,0.63655859444033158,-1,1,1,0,1,2097,0,0.050924687555226521,0.050924687555226521,0,0.053045020997156772,0.053045020997156772,0.090900844699077013,1,0,1,0,0.00095374344301382924,0,nan,nan,nan,nan,nan,nan,0,0,0,0,0,nan,0.24558893657606104,-8.7669694293279407e-06,5.7599029259111818e-05,0.0011960009637607836,0,0.024315082525975265
2143,0,52,0.79806111546468195,0.63690154401673238,1,1,1,0,1,1992,0.045666218423114135,0.062343575957694006,0.01667735753457987,0,0.10000000000000001,0.10000000000000001,0.10600854619427097,0,0,1,1,0.001004016064257028,0,nan,nan,nan,nan,nan,nan,0,0,0,0,0,nan,0.26355421686746988,-6.3125021076826729e-05,0.00015873308395082577,0.0012682796881523281,0,0.039241370085190533
2143,0,52,0.79806111546468195,0.63690154401673238,-1,1,1,0,1,2097,0,0.050952123521338585,0.050952123521338585,0,0.0530750179811472,0.0530750179811472,0.090908440021089401,1,0,1,0,0.00095374344301382924,0,nan,nan,nan,nan,nan,nan,0,0,0,0,0,nan,0.24511206485455411,-8.5257651616828245e-06,5.8214713789251672e-05,0.0012003826521998003,0,0.024341944547225838
2144,52,0,0.79806111546468195,0.63690154401673238,1,1,1,0,1,1992,0.045666218423114135,0.062343575957694006,0.01667735753457987,0,0.10000000000000001,0.10000000000000001,0.10600854619427097,0,0,1,1,0.001004016064257028,0,nan,nan,nan,nan,nan,nan,0,0,0,0,0,nan,0.26355421686746988,-6.3125021076826729e-05,0.00015873308395082577,0.0012682796881523281,0,0.039241370085190533
2144,52,0,0.79806111546468195,0.63690154401673238,-1,1,1,0,1,2097,0,0.050952123521338585,0.050952123521338585,0,0.0530750179811472,0.0530750179811472,0.090908440021089401,1,0,1,0,0.00095374344301382924,0,nan,nan,nan,nan,nan,nan,0,0,0,0,0,nan,0.24511206485455411,-8.5257651616828245e-06,5.8214713789251672e-05,0.0012003826521998003,0,0.024341944547225838
2145,1,52,0.79821724172146125,0.63715076498141776,1,1,1,0,1,1993,0.045681940697769832,0.062343974748955852,0.01666203405118602,0,0.10000000000000001,0.10000000000000001,0.10600470403361525,0,0,1,1,0.0010035122930255895,0,nan,nan,nan,nan,nan,nan,0,0,0,0,0,nan,0.26392373306573008,-6.1394718586050244e-05,0.00015942037153806547,0.0012720127737243341,0,0.039262333130582597
2145,1,52,0.79821724172146125,0.63715076498141776,-1,1,1,0,1,2098,0,0.050972061198513413,0.050972061198513413,0,0.05309681631397236,0.05309681631397236,0.090913951742253266,1,0,1,0,0.00095328884652049568,0,nan,nan,nan,nan,nan,nan,0,0,0,0,0,nan,0.24499523355576741,-8.3214781248595188e-06,5.6913958258963081e-05,0.0012029551260916182,0,0.024361474009941618
2146,52,1,0.79821724172146125,0.63715076498141776,1,1,1,0,1,1993,0.045681940697769832,0.062343974748955852,0.01666203405118602,0,0.10000000000000001,0.10000000000000001,0.10600470403361525,0,0,1,1,0.0010035122930255895,0,nan,nan,nan,nan,nan,nan,0,0,0,0,0,nan,0.26392373306573008,-6.1394718586050244e-05,0.00015942037153806547,0.0012720127737243341,0,0.039262333130582597
2146,52,1,0.79821724172146125,0.63715076498141776,-1,1,1,0,1,2098,0,0.050972061198513413,0.050972061198513413,0,0.05309681631397236,0.05309681631397236,0.090913951742253266,1,0,1,0,0.00095328884652049568,0,nan,nan,nan,nan,nan,nan,0,0,0,0,0,nan,0.24499523355576741,-8.3214781248595188e-06,5.6913958258963081e-05,0.0012029551260916182,0,0.024361474009941618
2147,25,45,0.79847747459886897,0.63756627744178751,1,1,1,0,1,1991,0.045708166323586166,0.062344640233169463,0.016636473909583296,0,0.10000000000000001,0.10000000000000001,0.10599756749077624,0,0,1,1,0.0010045203415369162,0,nan,nan,nan,nan,nan,nan,0,0,0,0,0,nan,0.26318432948267201,-5.8506928102360425e-05,0.00016056456501997544,0.0012746090482977429,0,0.039297317087488591
2147,25,45,0.79847747459886897,0.63756627744178751,-1,1,1,0,1,2099,0,0.051005302195343008,0.051005302195343008,0,0.053133164678182826,0.053133164678182826,0.09105427827975246,1,0,1,0,0.0009528346831824678,0,nan,nan,nan,nan,nan,nan,0,0,0,0,0,nan,0.24583134826107669,-8.0882976947662527e-06,6.0684444141770322e-05,0.0012050350223020579,0,0.0243940546368153
2148,45,25,0.79847747459886897,0.63756627744178751,1,1,1,0,1,1991,0.045708166323586166,0.062344640233169463,0.016636473909583296,0,0.10000000000000001,0.10000000000000001,0.10599756749077624,0,0,1,1,0.0010045203415369162,0,nan,nan,nan,nan,nan,nan,0,0,0,0,0,nan,0.26318432948267201,-5.8506928102360425e-05,0.00016056456501997544,0.0012746090482977429,0,0.039297317087488591
2148,45,25,0.79847747459886897,0.63756627744178751,-1,1,1,0,1,2099,0,0.051005302195343008,0.051005302195343008,0,0.053133164678182826,0.053133164678182826,0.09105427827975246,1,0,1,0,0.0009528346831824678,0,nan,nan,nan,nan,nan,nan,0,0,0,0,0,nan,0.24583134826107669,-8.0882976947662527e-06,6.0684444141770322e-05,0.0012050350223020579,0,0.0243940546368153
2149,2,52,0.79868539849203757,0.63789836576438486,1,1,1,0,1,1992,0.045729126776193021,0.062345172645762267,0.016616045869569246,0,0.10000000000000001,0.10000000000000001,0.10599275910912484,0,0,1,1,0.001004016064257028,0,nan,nan,nan,nan,nan,nan,0,0,0,0,0,nan,0.26455823293172692,-5.6196277921018341e-05,0.00016147749894158785,0.0012797753446276271,0,0.039325097921621435
2149,2,52,0.79868539849203757,0.63789836576438486,-1,1,1,0,1,2100,0,0.051031869261150789,0.051031869261150789,0,0.053162215315655424,0.053162215315655424,0.091061749845879586,1,0,1,0,0.00095238095238095238,0,nan,nan,nan,nan,nan,nan,0,0,0,0,0,nan,0.24571428571428572,-7.9152024633341242e-06,6.1055586760016406e-05,0.0012086353152333108,0,0.024420109330278408
2150,52,2,0.79868539849203757,0.63789836576438486,1,1,1,0,1,1992,0.045729126776193021,0.062345172645762267,0.016616045869569246,0,0.10000000000000001,0.10000000000000001,0.10599275910912484,0,0,1,1,0.001004016064257028,0,nan,nan,nan,nan,nan,nan,0,0,0,0,0,nan,0.26455823293172692,-5.6196277921018341e-05,0.00016147749894158785,0.0012797753446276271,0,0.039325097921621435
2150,52,2,0.79868539849203757,0.63789836576438486,-1,1,1,0,1,2100,0,0.051031869261150789,0.051031869261150789,0,0.053162215315655424,0.053162215315655424,0.091061749845879586,1,0,1,0,0.00095238095238095238,0,nan,nan,nan,nan,nan,nan,0,0,0,0,0,nan,0.24571428571428572,-7.9152024633341242e-06,6.1055586760016406e-05,0.0012086353152333108,0,0.024420109330278408
2151,10,51,0.79927368770045781,0.63883842785028899,1,1,1,0,1,1991,0.045788280204694387,0.062346682378950753,0.016558402174256366,0,0.10000000000000001,0.10000000000000001,0.1059792773092927,0,0,1,1,0.0010045203415369162,0,nan,nan,nan,nan,nan,nan,0,0,0,0,0,nan,0.26418884982420893,-5.570734100471264e-05,0.00016405421887371371,0.001290487930303897,0,0.039403778988113564
2151,10,51,0.79927368770045781,0.63883842785028899,-1,1,1,0,1,2107,0,0.05110707422802313,0.05110707422802313,0,0.053244463534399766,0.053244463534399766,0.091345145110679732,1,0,1,0,0.00094921689606074992,0,nan,nan,nan,nan,nan,nan,0,0,0,0,0,nan,0.24679639297579498,-7.4123668870607062e-06,6.0107400832083019e-05,0.0012170080160177539,0,0.024493945660777592
2152,51,10,0.79927368770045781,0.63883842785028899,1,1,1,0,1,1991,0.045788280204694387,0.062346682378950753,0.016558402174256366,0,0.10000000000000001,0.10000000000000001,0.1059792773092927,0,0,1,1,0.0010045203415369162,0,nan,nan,nan,nan,nan,nan,0,0,0,0,0,nan,0.26418884982420893,-5.570734100471264e-05,0.00016405421887371371,0.001290487930303897,0,0.039403778988113564
2152,51,10,0.79927368770045781,0.63883842785028899,-1,1,1,0,1,2107,0,0.05110707422802313,0.05110707422802313,0,0.053244463534399766,0.053244463534399766,0.091345145110679732,1,0,1,0,0.00094921689606074992,0,nan,nan,nan,nan,nan,nan,0,0,0,0,0,nan,0.24679639297579498,-7.4123668870607062e-06,6.0107400832083019e-05,0.0012170080160177539,0,0.024493945660777592
2153,3,52,0.79946492108650091,0.63914416004784513,1,1,1,0,1,1990,0.045807530357703248,0.062347174210751873,0.016539643853048624,0,0.10000000000000001,0.10000000000000001,0.10597560712803011,0,0,1,1,0.0010050251256281408,0,nan,nan,nan,nan,nan,nan,0,0,0,0,0,nan,0.26432160804020099,-7.8097690998524087e-05,0.00016488976629411723,0.0012903060827575235,0,0.03942941595777967
2153,3,52,0.79946492108650091,0.63914416004784513,-1,1,1,0,1,2106,0,0.051131532803827616,0.051131532803827616,0,0.053271216660867267,0.053271216660867267,0.091352676213078243,1,0,1,0,0.00094966761633428305,0,nan,nan,nan,nan,nan,nan,0,0,0,0,0,nan,0.24643874643874644,-7.2628133716322665e-06,6.2900901534318834e-05,0.0012158487539320241,0,0.024517985052529136
2154,52,3,0.79946492108650091,0.63914416004784513,1,1,1,0,1,1990,0.045807530357703248,0.062347174210751873,0.016539643853048624,0,0.10000000000000001,0.10000000000000001,0.10597560712803011,0,0,1,1,0.0010050251256281408,0,nan,nan,nan,nan,nan,nan,0,0,0,0,0,nan,0.26432160804020099,-7.8097690998524087e-05,0.00016488976629411723,0.0012903060827575235,0,0.03942941595777967
2154,52,3,0.79946492108650091,0.63914416004784513,-1,1,1,0,1,2106,0,0.051131532803827616,0.051131532803827616,0,0.053271216660867267,0.053271216660867267,0.091352676213078243,1,0,1,0,0.00094966761633428305,0,nan,nan,nan,nan,nan,nan,0,0,0,0,0,nan,0.24643874643874644,-7.2628133716322665e-06,6.2900901534318834e-05,0.0012158487539320241,0,0.024517985052529136
2155,31,41,0.79955575014370783,0.6392893975878674,1,1,1,0,1,1990,0.045816676221385737,0.062347407996896219,0.016530731775510482,0,0.10000000000000001,0.10000000000000001,0.10597262206930161,0,0,1,1,0.0010050251256281408,0,nan,nan,nan,nan,nan,nan,0,0,0,0,0,nan,0.26582914572864319,-7.7038996104936142e-05,0.00016528625885703797,0.0012931356524149289,0,0.039441603117178189
2155,31,41,0.79955575014370783,0.6392893975878674,-1,1,1,0,1,2106,0,0.051143151807029386,0.051143151807029386,0,0.053283925494032311,0.053283925494032311,0.091356259907242415,1,0,1,0,0.00094966761633428305,0,nan,nan,nan,nan,nan,nan,0,0,0,0,0,nan,0.24643874643874644,-7.1785128264072531e-06,6.4228900400591267e-05,0.0012176560252485269,0,0.024529408860612143
2156,41,31,0.79955575014370783,0.6392893975878674,1,1,1,0,1,1990,0.045816676221385737,0.062347407996896219,0.016530731775510482,0,0.10000000000000001,0.10000000000000001,0.10597262206930161,0,0,1,1,0.0010050251256281408,0,nan,nan,nan,nan,nan,nan,0,0,0,0,0,nan,0.26582914572864319,-7.7038996104936142e-05,0.00016528625885703797,0.0012931356524149289,0,0.039441603117178189
2156,41,31,0.79955575014370783,0.6392893975878674,-1,1,1,0,1,2106,0,0.051143151807029386,0.051143151807029386,0,0.053283925494032311,0.053283925494032311,0.091356259907242415,1,0,1,0,0.00094966761633428305,0,nan,nan,nan,nan,nan,nan,0,0,0,0,0,nan,0.24643874643874644,-7.1785128264072531e-06,6.4228900400591267e-05,0.0012176560252485269,0,0.024529408860612143
2157,14,50,0.80001796806266079,0.6400287492231086,1,1,1,0,1,1989,0.045863249115209934,0.062348599537832811,0.016485350422622877,0,0.10000000000000001,0.10000000000000001,0.10595883667815875,0,0,1,1,0.0010055304172951231,0,nan,nan,nan,nan,nan,nan,0,0,0,0,0,nan,0.26646556058320764,-7.5888366779518733e-05,0.00016730026448427606,0.0013016759236327195,0,0.039503728165571503
2157,14,50,0.80001796806266079,0.6400287492231086,-1,1,1,0,1,2108,0,0.051202299937848694,0.051202299937848694,0,0.053348628619029254,0.053348628619029254,0.09150827332545175,1,0,1,0,0.00094876660341555979,0,nan,nan,nan,nan,nan,nan,0,0,0,0,0,nan,0.24667931688804554,-6.8837803707394452e-06,6.4903006085459229e-05,0.0012232474415446171,0,0.024587608078173173
2158,50,14,0.80001796806266079,0.6400287492231086,1,1,1,0,1,1989,0.045863249115209934,0.062348599537832811,0.016485350422622877,0,0.10000000000000001,0.10000000000000001,0.10595883667815875,0,0,1,1,0.0010055304172951231,0,nan,nan,nan,nan,nan,nan,0,0,0,0,0,nan,0.26646556058320764,-7.5888366779518733e-05,0.00016730026448427606,0.0013016759236327195,0,0.039503728165571503
2158,50,14,0.80001796806266079,0.6400287492231086,-1,1,1,0,1,2108,0,0.051202299937848694,0.051202299937848694,0,0.053348628619029254,0.053348628619029254,0.09150827332545175,1,0,1,0,0.00094876660341555979,0,nan,nan,nan,nan,nan,nan,0,0,0,0,0,nan,0.24667931688804554,-6.8837803707394452e-06,6.4903006085459229e-05,0.0012232474415446171,0,0.024587608078173173
2159,17,49,0.80046017894835597,0.64073649808203403,1,1,1,0,1,1988,0.045907856735359916,0.062349742370799197,0.016441885635439281,0,0.10000000000000001,0.10000000000000001,0.10594806814832392,0,0,1,1,0.001006036217303823,0,nan,nan,nan,nan,nan,nan,0,0,0,0,0,nan,0.26760563380281688,-7.0823080120345494e-05,0.00016922114771946231,0.0013096484626874542,0,0.039563332751551744
2159,17,49,0.80046017894835597,0.64073649808203403,-1,1,1,0,1,2122,0,0.051258919846562723,0.051258919846562723,0,0.053410574525516966,0.053410574525516966,0.092065379130642708,1,0,1,0,0.000942507068803016,0,nan,nan,nan,nan,nan,nan,0,0,0,0,0,nan,0.24835061262959474,-1.1184297137038952e-05,6.5305518105716193e-05,0.0012253107719810748,0,0.024643388144071184
2160,49,17,0.80046017894835597,0.64073649808203403,1,1,1,0,1,1988,0.045907856735359916,0.062349742370799197,0.016441885635439281,0,0.10000000000000001,0.10000000000000001,0.10594806814832392,0,0,1,1,0.001006036217303823,0,nan,nan,nan,nan,nan,nan,0,0,0,0,0,nan,0.26760563380281688,-7.0823080120345494e-05,0.00016922114771946231,0.0013096484626874542,0,0.039563332751551744
2160,49,17,0.80046017894835597,0.64073649808203403,-1,1,1,0,1,2122,0,0.051258919846562723,0.051258919846562723,0,0.053410574525516966,0.053410574525516966,0.092065379130642708,1,0,1,0,0.000942507068803016,0,nan,nan,nan,nan,nan,nan,0,0,0,0,0,nan,0.24835061262959474,-1.1184297137038952e-05,6.5305518105716193e-05,0.0012253107719810748,0,0.024643388144071184
2161,4,52,0.80055470603435075,0.64088783735374566,1,1,1,0,1,1988,0.045917383652690491,0.062349987026975459,0.016432603374284968,0,0.10000000000000001,0.10000000000000001,0.10594552914335287,0,0,1,1,0.001006036217303823,0,nan,nan,nan,nan,nan,nan,0,0,0,0,0,nan,0.26760563380281688,-6.9738524302588936e-05,0.00016963098067329131,0.0013124516492364763,0,0.03957609557272028
2161,4,52,0.80055470603435075,0.64088783735374566,-1,1,1,0,1,2120,0,0.051271026988299655,0.051271026988299655,0,0.053423820993346957,0.053423820993346957,0.092067737826218327,1,0,1,0,0.00094339622641509435,0,nan,nan,nan,nan,nan,nan,0,0,0,0,0,nan,0.24858490566037736,-1.4183665450535898e-05,6.6702004528827914e-05,0.0012285093120661169,0,0.024655324026377084
2162,52,4,0.80055470603435075,0.64088783735374566,1,1,1,0,1,1988,0.045917383652690491,0.062349987026975459,0.016432603374284968,0,0.10000000000000001,0.10000000000000001,0.10594552914335287,0,0,1,1,0.001006036217303823,0,nan,nan,nan,nan,nan,nan,0,0,0,0,0,nan,0.26760563380281688,-6.9738524302588936e-05,0.00016963098067329131,0.0013124516492364763,0,0.03957609557272028
2162,52,4,0.80055470603435075,0.64088783735374566,-1,1,1,0,1,2120,0,0.051271026988299655,0.051271026988299655,0,0.053423820993346957,0.053423820993346957,0.092067737826218327,1,0,1,0,0.00094339622641509435,0,nan,nan,nan,nan,nan,nan,0,0,0,0,0,nan,0.24858490566037736,-1.4183665450535898e-05,6.6702004528827914e-05,0.0012285093120661169,0,0.024655324026377084
2163,27,44,0.80147498172378029,0.64236214632913402,1,1,1,0,1,1986,0.046010053528788904,0.062352375600662799,0.016342322071873895,0,0.10000000000000001,0.10000000000000001,0.10592383454252946,0,0,1,1,0.0010070493454179255,0,nan,nan,nan,nan,nan,nan,0,0,0,0,0,nan,0.26888217522658608,-6.1895544364400958e-05,0.00017360608806702479,0.0013285710674264765,0,0.039700758735281373
2163,27,44,0.80147498172378029,0.64236214632913402,-1,1,1,0,1,2126,0,0.051388971706330729,0.051388971706330729,0,0.053552890213490002,0.053552890213490002,0.092354206466482833,1,0,1,0,0.00094073377234242712,0,nan,nan,nan,nan,nan,nan,0,0,0,0,0,nan,0.24882408278457196,-2.9737914217173485e-05,6.8187189223338322e-05,0.0012370181249833868,0,0.024771764213464661
2164,44,27,0.80147498172378029,0.64236214632913402,1,1,1,0,1,1986,0.046010053528788904,0.062352375600662799,0.016342322071873895,0,0.10000000000000001,0.10000000000000001,0.10592383454252946,0,0,1,1,0.0010070493454179255,0,nan,nan,nan,nan,nan,nan,0,0,0,0,0,nan,0.26888217522658608,-6.1895544364400958e-05,0.00017360608806702479,0.0013285710674264765,0,0.039700758735281373
2164,44,27,0.80147498172378029,0.64236214632913402,-1,1,1,0,1,2126,0,0.051388971706330729,0.051388971706330729,0,0.053552890213490002,0.053552890213490002,0.092354206466482833,1,0,1,0,0.00094073377234242712,0,nan,nan,nan,nan,nan,nan,0,0,0,0,0,nan,0.24882408278457196,-2.9737914217173485e-05,6.8187189223338322e-05,0.0012370181249833868,0,0.024771764213464661
2165,5,52,0.80195321753899462,0.64312896312114598,1,1,1,0,1,1986,0.046058296464391316,0.06235362166610723,0.016295325201715914,0,0.10000000000000001,0.10000000000000001,0.10591303921871997,0,0,1,1,0.0010070493454179255,0,nan,nan,nan,nan,nan,nan,0,0,0,0,0,nan,0.26988922457200404,-7.1745261677719219e-05,0.0001756607427446065,0.001336390952003117,0,0.039765842850869093
2165,5,52,0.80195321753899462,0.64312896312114598,-1,1,1,0,1,2131,0,0.051450317049691684,0.051450317049691684,0,0.053620035570195922,0.053620035570195922,0.092498400369100814,1,0,1,0,0.00093852651337400278,0,nan,nan,nan,nan,nan,nan,0,0,0,0,0,nan,0.24824026278742375,-3.3733460983188454e-05,6.9329845443906642e-05,0.0012404412741249566,0,0.024832441899073712
2166,52,5,0.80195321753899462,0.64312896312114598,1,1,1,0,1,1986,0.046058296464391316,0.06235362166610723,0.016295325201715914,0,0.10000000000000001,0.10000000000000001,0.10591303921871997,0,0,1,1,0.0010070493454179255,0,nan,nan,nan,nan,nan,nan,0,0,0,0,0,nan,0.26988922457200404,-7.1745261677719219e-05,0.0001756607427446065,0.001336390952003117,0,0.039765842850869093
2166,52,5,0.80195321753899462,0.64312896312114598,-1,1,1,0,1,2131,0,0.051450317049691684,0.051450317049691684,0,0.053620035570195922,0.053620035570195922,0.092498400369100814,1,0,1,0,0.00093852651337400278,0,nan,nan,nan,nan,nan,nan,0,0,0,0,0,nan,0.24824026278742375,-3.3733460983188454e-05,6.9329845443906642e-05,0.0012404412741249566,0,0.024832441899073712
2167,30,42,0.80243666865071339,0.64390460719525477,1,1,1,0,1,1987,0.046107086540302121,0.062354884663936523,0.016247798123634402,0,0.10000000000000001,0.10000000000000001,0.10590248265408912,0,0,1,1,0.0010065425264217413,0,nan,nan,nan,nan,nan,nan,0,0,0,0,0,nan,0.2712632108706593,-7.7681801908147975e-05,0.00017772971516979378,0.0013497645297191668,0,0.039831852848396423
2167,30,42,0.80243666865071339,0.64390460719525477,-1,1,1,0,1,2135,0,0.051512368575620381,0.051512368575620381,0,0.053687963658029379,0.053687963658029379,0.092643063435709078,1,0,1,0,0.00093676814988290398,0,nan,nan,nan,nan,nan,nan,0,0,0,0,0,nan,0.24824355971896955,-3.6286953553002141e-05,7.0714878445950029e-05,0.001250244844996394,0,0.024893898121517974
2168,42,30,0.80243666865071339,0.64390460719525477,1,1,1,0,1,1987,0.046107086540302121,0.062354884663936523,0.016247798123634402,0,0.10000000000000001,0.10000000000000001,0.10590248265408912,0,0,1,1,0.0010065425264217413,0,nan,nan,nan,nan,nan,nan,0,0,0,0,0,nan,0.2712632108706593,-7.7681801908147975e-05,0.00017772971516979378,0.0013497645297191668,0,0.039831852848396423
2168,42,30,0.80243666865071339,0.64390460719525477,-1,1,1,0,1,2135,0,0.051512368575620381,0.051512368575620381,0,0.053687963658029379,0.053687963658029379,0.092643063435709078,1,0,1,0,0.00093676814988290398,0,nan,nan,nan,nan,nan,nan,0,0,0,0,0,nan,0.24824355971896955,-3.6286953553002141e-05,7.0714878445950029e-05,0.001250244844996394,0,0.024893898121517974
2169,11,51,0.80252612885881514,0.64404818750111548,1,1,1,0,1,1985,0.046116095685694289,0.062355118744163898,0.016239023058469609,0,0.10000000000000001,0.10000000000000001,0.10590055078950925,0,0,1,1,0.0010075566750629723,0,nan,nan,nan,nan,nan,nan,0,0,0,0,0,nan,0.27153652392947103,-7.6641931471799554e-05,0.00017811165173465052,0.0013476997240806992,0,0.039844091943083811
2169,11,51,0.80252612885881514,0.64404818750111548,-1,1,1,0,1,2133,0,0.051523855000089241,0.051523855000089241,0,0.053700538075281891,0.053700538075281891,0.092645748066317479,1,0,1,0,0.00093764650726676048,0,nan,nan,nan,nan,nan,nan,0,0,0,0,0,nan,0.24753867791842477,-3.6638527395119191e-05,7.2083954104693385e-05,0.0012476058624778363,0,0.02490528262961185
2170,51,11,0.80252612885881514,0.64404818750111548,1,1,1,0,1,1985,0.046116095685694289,0.062355118744163898,0.016239023058469609,0,0.10000000000000001,0.10000000000000001,0.10590055078950925,0,0,1,1,0.0010075566750629723,0,nan,nan,nan,nan,nan,nan,0,0,0,0,0,nan,0.27153652392947103,-7.6641931471799554e-05,0.00017811165173465052,0.0013476997240806992,0,0.039844091943083811
2170,51,11,0.80252612885881514,0.64404818750111548,-1,1,1,0,1,2133,0,0.051523855000089241,0.051523855000089241,0,0.053700538075281891,0.053700538075281891,0.092645748066317479,1,0,1,0,0.00093764650726676048,0,nan,nan,nan,nan,nan,nan,0,0,0,0,0,nan,0.24753867791842477,-3.6638527395119191e-05,7.2083954104693385e-05,0.0012476058624778363,0,0.02490528262961185
2171,22,47,0.80321815245367234,0.64515940043109088,1,1,1,0,1,1985,0.046185855122247155,0.062356933376669935,0.01617107825442278,0,0.10000000000000001,0.10000000000000001,0.10588691487737441,0,0,1,1,0.0010075566750629723,0,nan,nan,nan,nan,nan,nan,0,0,0,0,0,nan,0.27304785894206551,-6.8578518323211303e-05,0.00018105614875061574,0.0013616923679695724,0,0.039939030179975757
2171,22,47,0.80321815245367234,0.64515940043109088,-1,1,1,0,1,2137,0,0.051612752034487279,0.051612752034487279,0,0.053797875422629302,0.053797875422629302,0.092797325956175264,1,0,1,0,0.00093589143659335522,0,nan,nan,nan,nan,nan,nan,0,0,0,0,0,nan,0.24473561066916238,-3.8393541709979238e-05,3.4067789758410183e-05,0.0012565929487508983,0,0.024993489450073878
2172,47,22,0.80321815245367234,0.64515940043109088,1,1,1,0,1,1985,0.046185855122247155,0.062356933376669935,0.01617107825442278,0,0.10000000000000001,0.10000000000000001,0.10588691487737441,0,0,1,1,0.0010075566750629723,0,nan,nan,nan,nan,nan,nan,0,0,0,0,0,nan,0.27304785894206551,-6.8578518323211303e-05,0.00018105614875061574,0.0013616923679695724,0,0.039939030179975757
2172,47,22,0.80321815245367234,0.64515940043109088,-1,1,1,0,1,2137,0,0.051612752034487279,0.051612752034487279,0,0.053797875422629302,0.053797875422629302,0.092797325956175264,1,0,1,0,0.00093589143659335522,0,nan,nan,nan,nan,nan,nan,0,0,0,0,0,nan,0.24473561066916238,-3.8393541709979238e-05,3.4067789758410183e-05,0.0012565929487508983,0,0.024993489450073878
2173,6,52,0.80365849638669318,0.64586697881452049,1,1,1,0,1,1984,0.046230306240750037,0.062358091809165031,0.016127785568414994,0,0.10000000000000001,0.10000000000000001,0.10587770935139432,0,0,1,1,0.0010080645161290322,0,nan,nan,nan,nan,nan,nan,0,0,0,0,0,nan,0.27419354838709675,-6.605477180382513e-05,0.00018292026753404401,0.0013691264118125429,0,0.039999687987044175
2173,6,52,0.80365849638669318,0.64586697881452049,-1,1,1,0,1,2139,0,0.051669358305161631,0.051669358305161631,0,0.053859865765931256,0.053859865765931256,0.092941572392667759,1,0,1,0,0.00093501636278634881,0,nan,nan,nan,nan,nan,nan,0,0,0,0,0,nan,0.24590930341280973,-3.8799536401679102e-05,4.0456006316278575e-05,0.0012624895482814024,0,0.025049741794811394
2174,52,6,0.80365849638669318,0.64586697881452049,1,1,1,0,1,1984,0.046230306240750037,0.062358091809165031,0.016127785568414994,0,0.10000000000000001,0.10000000000000001,0.10587770935139432,0,0,1,1,0.0010080645161290322,0,nan,nan,nan,nan,nan,nan,0,0,0,0,0,nan,0.27419354838709675,-6.605477180382513e-05,0.00018292026753404401,0.0013691264118125429,0,0.039999687987044175
2174,52,6,0.80365849638669318,0.64586697881452049,-1,1,1,0,1,2139,0,0.051669358305161631,0.051669358305161631,0,0.053859865765931256,0.053859865765931256,0.092941572392667759,1,0,1,0,0.00093501636278634881,0,nan,nan,nan,nan,nan,nan,0,0,0,0,0,nan,0.24590930341280973,-3.8799536401679102e-05,4.0456006316278575e-05,0.0012624895482814024,0,0.025049741794811394
2175,36,37,0.8037384810754451,0.64599554596146369,1,1,1,0,1,1984,0.046238386458332482,0.062358302951637044,0.016119916493304562,0,0.10000000000000001,0.10000000000000001,0.1058744954483643,0,0,1,1,0.0010080645161290322,0,nan,nan,nan,nan,nan,nan,0,0,0,0,0,nan,0.27469758064516131,-6.5164670624661206e-05,0.00018325805076578605,0.0013717357383124171,0,0.040010727082971598
2175,36,37,0.8037384810754451,0.64599554596146369,-1,1,1,0,1,2143,0,0.051679643676917089,0.051679643676917089,0,0.053871130450977585,0.053871130450977585,0.093074226108839392,1,0,1,0,0.00093327111525898275,0,nan,nan,nan,nan,nan,nan,0,0,0,0,0,nan,0.24731684554363043,-3.8824972438721364e-05,4.1618272214966924e-05,0.0012649194926858565,0,0.025059970144500114
2176,37,36,0.8037384810754451,0.64599554596146369,1,1,1,0,1,1984,0.046238386458332482,0.062358302951637044,0.016119916493304562,0,0.10000000000000001,0.10000000000000001,0.1058744954483643,0,0,1,1,0.0010080645161290322,0,nan,nan,nan,nan,nan,nan,0,0,0,0,0,nan,0.27469758064516131,-6.5164670624661206e-05,0.00018325805076578605,0.0013717357383124171,0,0.040010727082971598
2176,37,36,0.8037384810754451,0.64599554596146369,-1,1,1,0,1,2143,0,0.051679643676917089,0.051679643676917089,0,0.053871130450977585,0.053871130450977585,0.093074226108839392,1,0,1,0,0.00093327111525898275,0,nan,nan,nan,nan,nan,nan,0,0,0,0,0,nan,0.24731684554363043,-3.8824972438721364e-05,4.1618272214966924e-05,0.0012649194926858565,0,0.025059970144500114
2177,20,48,0.80381933212330459,0.64612551869515544,1,1,1,0,1,1984,0.046246555359859748,0.06235851647507698,0.016111961115217233,0,0.10000000000000001,0.10000000000000001,0.10587145249760807,0,0,1,1,0.0010080645161290322,0,nan,nan,nan,nan,nan,nan,0,0,0,0,0,nan,0.27469758064516131,-6.4264485889879187e-05,0.0001835992332755278,0.0013742963266187645,0,0.040021892428540956
2177,20,48,0.80381933212330459,0.64612551869515544,-1,1,1,0,1,2143,0,0.051690041495612432,0.051690041495612432,0,0.053882518190288969,0.053882518190288969,0.093077036670020208,1,0,1,0,0.00093327111525898275,0,nan,nan,nan,nan,nan,nan,0,0,0,0,0,nan,0.24731684554363043,-3.8836883258174491e-05,4.2793721709107578e-05,0.0012667274137692752,0,0.025070312338892297
2178,48,20,0.80381933212330459,0.64612551869515544,1,1,1,0,1,1984,0.046246555359859748,0.06235851647507698,0.016111961115217233,0,0.10000000000000001,0.10000000000000001,0.10587145249760807,0,0,1,1,0.0010080645161290322,0,nan,nan,nan,nan,nan,nan,0,0,0,0,0,nan,0.27469758064516131,-6.4264485889879187e-05,0.0001835992332755278,0.0013742963266187645,0,0.040021892428540956
2178,48,20,0.80381933212330459,0.64612551869515544,-1,1,1,0,1,2143,0,0.051690041495612432,0.051690041495612432,0,0.053882518190288969,0.053882518190288969,0.093077036670020208,1,0,1,0,0.00093327111525898275,0,nan,nan,nan,nan,nan,nan,0,0,0,0,0,nan,0.24731684554363043,-3.8836883258174491e-05,4.2793721709107578e-05,0.0012667274137692752,0,0.025070312338892297
2179,24,46,0.80401200458769317,0.64643530352112077,1,1,1,0,1,1985,0.046266027010234266,0.062359025693983765,0.016092998683749499,0,0.10000000000000001,0.10000000000000001,0.1058653284414193,0,0,1,1,0.0010075566750629723,0,nan,nan,nan,nan,nan,nan,0,0,0,0,0,nan,0.27455919395465994,-6.2117503111682078e-05,0.00018441122904378979,0.0013794162410109253,0,0.040048527315107538
2179,24,46,0.80401200458769317,0.64643530352112077,-1,1,1,0,1,2145,0,0.051714824281689657,0.051714824281689657,0,0.053909661384164233,0.053909661384164233,0.093083716034694258,1,0,1,0,0.0009324009324009324,0,nan,nan,nan,nan,nan,nan,0,0,0,0,0,nan,0.24708624708624707,-3.8811993222485734e-05,4.5597292070004118e-05,0.0012697877455154637,0,0.025094971580216723
2180,46,24,0.80401200458769317,0.64643530352112077,1,1,1,0,1,1985,0.046266027010234266,0.062359025693983765,0.016092998683749499,0,0.10000000000000001,0.10000000000000001,0.1058653284414193,0,0,1,1,0.0010075566750629723,0,nan,nan,nan,nan,nan,nan,0,0,0,0,0,nan,0.27455919395465994,-6.2117503111682078e-05,0.00018441122904378979,0.0013794162410109253,0,0.040048527315107538
2180,46,24,0.80401200458769317,0.64643530352112077,-1,1,1,0,1,2145,0,0.051714824281689657,0.051714824281689657,0,0.053909661384164233,0.053909661384164233,0.093083716034694258,1,0,1,0,0.0009324009324009324,0,nan,nan,nan,nan,nan,nan,0,0,0,0,0,nan,0.24708624708624707,-3.8811993222485734e-05,4.5597292070004118e-05,0.0012697877455154637,0,0.025094971580216723
2181,35,38,0.80425831309788665,0.64683143418705835,1,1,1,0,1,1983,0.046290889350048825,0.062359677450608664,0.016068788100559839,0,0.10000000000000001,0.10000000000000001,0.10585872349647102,0,0,1,1,0.0010085728693898135,0,nan,nan,nan,nan,nan,nan,0,0,0,0,0,nan,0.27534039334341909,-8.1480892363611918e-05,0.00018544706286326065,0.0013822825771174806,0,0.040082633314303895
2181,35,38,0.80425831309788665,0.64683143418705835,-1,1,1,0,1,2145,0,0.05174651473496468,0.05174651473496468,0,0.053944374329942077,0.053944374329942077,0.093225001552683054,1,0,1,0,0.0009324009324009324,0,nan,nan,nan,nan,nan,nan,0,0,0,0,0,nan,0.24801864801864801,-3.8678099443710534e-05,4.7423849493081344e-05,0.0012725564290389918,0,0.025126523929521357
2182,38,35,0.80425831309788665,0.64683143418705835,1,1,1,0,1,1983,0.046290889350048825,0.062359677450608664,0.016068788100559839,0,0.10000000000000001,0.10000000000000001,0.10585872349647102,0,0,1,1,0.0010085728693898135,0,nan,nan,nan,nan,nan,nan,0,0,0,0,0,nan,0.27534039334341909,-8.1480892363611918e-05,0.00018544706286326065,0.0013822825771174806,0,0.040082633314303895
2182,38,35,0.80425831309788665,0.64683143418705835,-1,1,1,0,1,2145,0,0.05174651473496468,0.05174651473496468,0,0.053944374329942077,0.053944374329942077,0.093225001552683054,1,0,1,0,0.0009324009324009324,0,nan,nan,nan,nan,nan,nan,0,0,0,0,0,nan,0.24801864801864801,-3.8678099443710534e-05,4.7423849493081344e-05,0.0012725564290389918,0,0.025126523929521357
2183,15,50,0.80448323639846087,0.64719327764614187,1,1,1,0,1,1984,0.046313564405955042,0.062360273386357523,0.016046708980402481,0,0.10000000000000001,0.10000000000000001,0.10585397443007366,0,0,1,1,0.0010080645161290322,0,nan,nan,nan,nan,nan,nan,0,0,0,0,0,nan,0.27570564516129031,-7.8826989928912003e-05,0.00018639076533738096,0.0013884363528597087,0,0.040113834274572463
2183,15,50,0.80448323639846087,0.64719327764614187,-1,1,1,0,1,2147,0,0.051775462211691353,0.051775462211691353,0,0.053976083194301715,0.053976083194301715,0.093234828822884322,1,0,1,0,0.00093153237074988359,0,nan,nan,nan,nan,nan,nan,0,0,0,0,0,nan,0.24778761061946902,-3.8463769636071753e-05,4.6024196996641634e-05,0.00127625879424227,0,0.025155362560261751
2184,50,15,0.80448323639846087,0.64719327764614187,1,1,1,0,1,1984,0.046313564405955042,0.062360273386357523,0.016046708980402481,0,0.10000000000000001,0.10000000000000001,0.10585397443007366,0,0,1,1,0.0010080645161290322,0,nan,nan,nan,nan,nan,nan,0,0,0,0,0,nan,0.27570564516129031,-7.8826989928912003e-05,0.00018639076533738096,0.0013884363528597087,0,0.040113834274572463
2184,50,15,0.80448323639846087,0.64719327764614187,-1,1,1,0,1,2147,0,0.051775462211691353,0.051775462211691353,0,0.053976083194301715,0.053976083194301715,0.093234828822884322,1,0,1,0,0.00093153237074988359,0,nan,nan,nan,nan,nan,nan,0,0,0,0,0,nan,0.24778761061946902,-3.8463769636071753e-05,4.6024196996641634e-05,0.00127625879424227,0,0.025155362560261751
2185,34,39,0.80529684111970645,0.64850300231737767,1,1,1,0,1,1982,0.046395697893575526,0.062362435151869108,0.015966737258293583,0,0.10000000000000001,0.10000000000000001,0.10583667433364188,0,0,1,1,0.0010090817356205853,0,nan,nan,nan,nan,nan,nan,0,0,0,0,0,nan,0.27749747729566093,-6.9196320284588449e-05,0.00018978629456253317,0.0014023451142592303,0,0.040227155716062474
2185,34,39,0.80529684111970645,0.64850300231737767,-1,1,1,0,1,2158,0,0.051880240185390211,0.051880240185390211,0,0.054090878048684302,0.054090878048684302,0.093797402939497759,1,0,1,0,0.00092678405931417981,0,nan,nan,nan,nan,nan,nan,0,0,0,0,0,nan,0.25115848007414271,-3.7053388381947695e-05,5.7985160813216023e-05,0.0012840516796526838,0,0.025259895562481954
2186,39,34,0.80529684111970645,0.64850300231737767,1,1,1,0,1,1982,0.046395697893575526,0.062362435151869108,0.015966737258293583,0,0.10000000000000001,0.10000000000000001,0.10583667433364188,0,0,1,1,0.0010090817356205853,0,nan,nan,nan,nan,nan,nan,0,0,0,0,0,nan,0.27749747729566093,-6.9196320284588449e-05,0.00018978629456253317,0.0014023451142592303,0,0.040227155716062474
2186,39,34,0.80529684111970645,0.64850300231737767,-1,1,1,0,1,2158,0,0.051880240185390211,0.051880240185390211,0,0.054090878048684302,0.054090878048684302,0.093797402939497759,1,0,1,0,0.00092678405931417981,0,nan,nan,nan,nan,nan,nan,0,0,0,0,0,nan,0.25115848007414271,-3.7053388381947695e-05,5.7985160813216023e-05,0.0012840516796526838,0,0.025259895562481954
2187,7,52,0.80566817118647349,0.64910120206295674,1,1,1,0,1,1981,0.046433237845674644,0.06236342497035835,0.015930187124683706,0,0.10000000000000001,0.10000000000000001,0.10582936762327039,0,0,1,1,0.0010095911155981827,0,nan,nan,nan,nan,nan,nan,0,0,0,0,0,nan,0.27763755678950025,-6.7930050239148679e-05,0.0001913262708781371,0.0014081918759247377,0,0.040279122379248064
2187,7,52,0.80566817118647349,0.64910120206295674,-1,1,1,0,1,2162,0,0.05192809616503654,0.05192809616503654,0,0.05414331897776227,0.05414331897776227,0.09393578428537927,1,0,1,0,0.00092506938020351531,0,nan,nan,nan,nan,nan,nan,0,0,0,0,0,nan,0.25069380203515262,-3.706692391087802e-05,5.707663410571117e-05,0.0012865807714336412,0,0.025307716437252943
2188,52,7,0.80566817118647349,0.64910120206295674,1,1,1,0,1,1981,0.046433237845674644,0.06236342497035835,0.015930187124683706,0,0.10000000000000001,0.10000000000000001,0.10582936762327039,0,0,1,1,0.0010095911155981827,0,nan,nan,nan,nan,nan,nan,0,0,0,0,0,nan,0.27763755678950025,-6.7930050239148679e-05,0.0001913262708781371,0.0014081918759247377,0,0.040279122379248064
2188,52,7,0.80566817118647349,0.64910120206295674,-1,1,1,0,1,2162,0,0.05192809616503654,0.05192809616503654,0,0.05414331897776227,0.05414331897776227,0.09393578428537927,1,0,1,0,0.00092506938020351531,0,nan,nan,nan,nan,nan,nan,0,0,0,0,0,nan,0.25069380203515262,-3.706692391087802e-05,5.707663410571117e-05,0.0012865807714336412,0,0.025307716437252943
2189,18,49,0.80582180585508068,0.6493487827915434,1,1,1,0,1,1981,0.046448782806200947,0.062363835083841926,0.015915052277640979,0,0.10000000000000001,0.10000000000000001,0.10582613331117102,0,0,1,1,0.0010095911155981827,0,nan,nan,nan,nan,nan,nan,0,0,0,0,0,nan,0.27814235234729934,-6.6183457485130548e-05,0.00019196157765143194,0.0014127976622339139,0,0.040300669687289625
2189,18,49,0.80582180585508068,0.6493487827915434,-1,1,1,0,1,2160,0,0.051947902623323473,0.051947902623323473,0,0.05416502337509041,0.05416502337509041,0.093939524740872304,1,0,1,0,0.00092592592592592596,0,nan,nan,nan,nan,nan,nan,0,0,0,0,0,nan,0.25138888888888888,-3.8229104849575937e-05,5.9360282613258805e-05,0.0012911752363259253,0,0.025327521551414208
2190,49,18,0.80582180585508068,0.6493487827915434,1,1,1,0,1,1981,0.046448782806200947,0.062363835083841926,0.015915052277640979,0,0.10000000000000001,0.10000000000000001,0.10582613331117102,0,0,1,1,0.0010095911155981827,0,nan,nan,nan,nan,nan,nan,0,0,0,0,0,nan,0.27814235234729934,-6.6183457485130548e-05,0.00019196157765143194,0.0014127976622339139,0,0.040300669687289625
2190,49,18,0.80582180585508068,0.6493487827915434,-1,1,1,0,1,2160,0,0.051947902623323473,0.051947902623323473,0,0.05416502337509041,0.05416502337509041,0.093939524740872304,1,0,1,0,0.00092592592592592596,0,nan,nan,nan,nan,nan,nan,0,0,0,0,0,nan,0.25138888888888888,-3.8229104849575937e-05,5.9360282613258805e-05,0.0012911752363259253,0,0.025327521551414208
2191,29,43,0.8058264243210278,0.64935622613401311,1,1,1,0,1,1981,0.046449250174079151,0.062363847417705967,0.015914597243626816,0,0.10000000000000001,0.10000000000000001,0.10582604456328276,0,0,1,1,0.0010095911155981827,0,nan,nan,nan,nan,nan,nan,0,0,0,0,0,nan,0.27814235234729934,-6.6130927151781746e-05,0.00019198065889476645,0.0014129343378933143,0,0.040301317855273744
2191,29,43,0.8058264243210278,0.64935622613401311,-1,1,1,0,1,2160,0,0.051948498090721051,0.051948498090721051,0,0.054165675897087484,0.054165675897087484,0.093939638557307054,1,0,1,0,0.00092592592592592596,0,nan,nan,nan,nan,nan,nan,0,0,0,0,0,nan,0.25138888888888888,-3.8261547455013985e-05,5.9428966278320637e-05,0.0012912763124302336,0,0.025328117092598242
2192,43,29,0.8058264243210278,0.64935622613401311,1,1,1,0,1,1981,0.046449250174079151,0.062363847417705967,0.015914597243626816,0,0.10000000000000001,0.10000000000000001,0.10582604456328276,0,0,1,1,0.0010095911155981827,0,nan,nan,nan,nan,nan,nan,0,0,0,0,0,nan,0.27814235234729934,-6.6130927151781746e-05,0.00019198065889476645,0.0014129343378933143,0,0.040301317855273744
2192,43,29,0.8058264243210278,0.64935622613401311,-1,1,1,0,1,2160,0,0.051948498090721051,0.051948498090721051,0,0.054165675897087484,0.054165675897087484,0.093939638557307054,1,0,1,0,0.00092592592592592596,0,nan,nan,nan,nan,nan,nan,0,0,0,0,0,nan,0.25138888888888888,-3.8261547455013985e-05,5.9428966278320637e-05,0.0012912763124302336,0,0.025328117092598242
2193,12,51,0.80607002943378048,0.64974889235137567,1,1,1,0,1,1981,0.046473849618081264,0.062364498416795026,0.015890648798713762,0,0.10000000000000001,0.10000000000000001,0.10582174887392377,0,0,1,1,0.0010095911155981827,0,nan,nan,nan,nan,nan,nan,0,0,0,0,0,nan,0.27864714790509842,-8.0371459741344908e-05,0.00019298570119892326,0.0014201573452634411,0,0.040335541683457446
2193,12,51,0.80607002943378048,0.64974889235137567,-1,1,1,0,1,2165,0,0.051979911388110055,0.051979911388110055,0,0.054200104568411844,0.054200104568411844,0.094075199289124972,1,0,1,0,0.00092378752886836026,0,nan,nan,nan,nan,nan,nan,0,0,0,0,0,nan,0.25219399538106235,-3.9789678723075282e-05,6.3054570126203947e-05,0.0012961489243107007,0,0.025359547408041271
2194,51,12,0.80607002943378048,0.64974889235137567,1,1,1,0,1,1981,0.046473849618081264,0.062364498416795026,0.015890648798713762,0,0.10000000000000001,0.10000000000000001,0.10582174887392377,0,0,1,1,0.0010095911155981827,0,nan,nan,nan,nan,nan,nan,0,0,0,0,0,nan,0.27864714790509842,-8.0371459741344908e-05,0.00019298570119892326,0.0014201573452634411,0,0.040335541683457446
2194,51,12,0.80607002943378048,0.64974889235137567,-1,1,1,0,1,2165,0,0.051979911388110055,0.051979911388110055,0,0.054200104568411844,0.054200104568411844,0.094075199289124972,1,0,1,0,0.00092378752886836026,0,nan,nan,nan,nan,nan,nan,0,0,0,0,0,nan,0.25219399538106235,-3.9789678723075282e-05,6.3054570126203947e-05,0.0012961489243107007,0,0.025359547408041271
2195,26,45,0.80618617159557604,0.6499361432719315,1,1,1,0,1,1980,0.046485566664273247,0.062364809092746012,0.015879242428472766,0,0.10000000000000001,0.10000000000000001,0.10581914171693058,0,0,1,1,0.0010101010101010101,0,nan,nan,nan,nan,nan,nan,0,0,0,0,0,nan,0.2782828282828283,-7.897052628562818e-05,0.00019346388298883271,0.0014181406701100031,0,0.040351883198074125
2195,26,45,0.80618617159557604,0.6499361432719315,-1,1,1,0,1,2164,0,0.051994891461754511,0.051994891461754511,0,0.054216522613875467,0.054216522613875467,0.094078226929800529,1,0,1,0,0.00092421441774491681,0,nan,nan,nan,nan,nan,nan,0,0,0,0,0,nan,0.25184842883548986,-4.0403813958044682e-05,6.4785078782609272e-05,0.0012935854039039755,0,0.025374542346102872
2196,45,26,0.80618617159557604,0.6499361432719315,1,1,1,0,1,1980,0.046485566664273247,0.062364809092746012,0.015879242428472766,0,0.10000000000000001,0.10000000000000001,0.10581914171693058,0,0,1,1,0.0010101010101010101,0,nan,nan,nan,nan,nan,nan,0,0,0,0,0,nan,0.2782828282828283,-7.897052628562818e-05,0.00019346388298883271,0.0014181406701100031,0,0.040351883198074125
2196,45,26,0.80618617159557604,0.6499361432719315,-1,1,1,0,1,2164,0,0.051994891461754511,0.051994891461754511,0,0.054216522613875467,0.054216522613875467,0.094078226929800529,1,0,1,0,0.00092421441774491681,0,nan,nan,nan,nan,nan,nan,0,0,0,0,0,nan,0.25184842883548986,-4.0403813958044682e-05,6.4785078782609272e-05,0.0012935854039039755,0,0.025374542346102872
2197,33,40,0.8068518040895738,0.65100983376260002,1,1,1,0,1,1979,0.046552796435555446,0.06236659341036814,0.015813796974812694,0,0.10000000000000001,0.10000000000000001,0.10580103093531382,0,0,1,1,0.0010106114199090451,0,nan,nan,nan,nan,nan,nan,0,0,0,0,0,nan,0.2809499747347145,-7.5362088110320948e-05,0.00019619184359547133,0.0014336892077246057,0,0.040445856095156857
2197,33,40,0.8068518040895738,0.65100983376260002,-1,1,1,0,1,2167,0,0.052080786701007992,0.052080786701007992,0,0.054310675191574662,0.054310675191574662,0.094225971074155201,1,0,1,0,0.00092293493308721734,0,nan,nan,nan,nan,nan,nan,0,0,0,0,0,nan,0.25057683433317951,-4.2807688423276459e-05,6.8474680778487194e-05,0.0013029566356260345,0,0.025460614156925427
2198,40,33,0.8068518040895738,0.65100983376260002,1,1,1,0,1,1979,0.046552796435555446,0.06236659341036814,0.015813796974812694,0,0.10000000000000001,0.10000000000000001,0.10580103093531382,0,0,1,1,0.0010106114199090451,0,nan,nan,nan,nan,nan,nan,0,0,0,0,0,nan,0.2809499747347145,-7.5362088110320948e-05,0.00019619184359547133,0.0014336892077246057,0,0.040445856095156857
2198,40,33,0.8068518040895738,0.65100983376260002,-1,1,1,0,1,2167,0,0.052080786701007992,0.052080786701007992,0,0.054310675191574662,0.054310675191574662,0.094225971074155201,1,0,1,0,0.00092293493308721734,0,nan,nan,nan,nan,nan,nan,0,0,0,0,0,nan,0.25057683433317951,-4.2807688423276459e-05,6.8474680778487194e-05,0.0013029566356260345,0,0.025460614156925427
2199,8,52,0.80797947178762952,0.65283082683021676,1,1,1,0,1,1978,0.04666683949057103,0.062369630962232941,0.015702791471661912,0,0.10000000000000001,0.10000000000000001,0.10577740950540344,0,0,1,1,0.0010111223458038423,0,nan,nan,nan,nan,nan,nan,0,0,0,0,0,nan,0.28260869565217389,-8.2238817385553442e-05,0.00020076216223903834,0.0014572727797827845,0,0.040606346963294786
2199,8,52,0.80797947178762952,0.65283082683021676,-1,1,1,0,1,2178,0,0.05222646614641735,0.05222646614641735,0,0.054470405031638941,0.054470405031638941,0.094804307690624534,1,0,1,0,0.00091827364554637281,0,nan,nan,nan,nan,nan,nan,0,0,0,0,0,nan,0.25114784205693297,-4.3845905635647026e-05,7.3965709269367685e-05,0.0013175096243288177,0,0.025606948117021688
